asset,tenor,moneyness_label,hedgeLabel,hedgeRatio,hedgeRatioPct,strategy_label,source_batch_name,sequence,year,entry_date,exit_date,S_entry,S_exit,capital_before,capital_after,btc_position,hedge_btc,pnl_underlying_unhedged,pnl_call_hedged_path,pnl_hedge,pnl_total_hedged,returnPct,source_cycle_returnPct
BTC,weekly,otm10,h00,0,0,weekly_otm10_h00,batch_years_otm10_2020_2026,1,2020,2020-01-03T08:00:00.000Z,2020-01-10T08:00:00.000Z,7194,7747,7172.418,7745.276254,0.997,0,551.341,21.517254,0,572.858254,7.986961,8.010994
BTC,weekly,otm10,h00,0,0,weekly_otm10_h00,batch_years_otm10_2020_2026,2,2020,2020-01-10T08:00:00.000Z,2020-01-17T08:00:00.000Z,7747,8938.5,7745.276254,8952.001692,0.999777,0,1191.234885,15.490553,0,1206.725438,15.580147,15.580147
BTC,weekly,otm10,h00,0,0,weekly_otm10_h00,batch_years_otm10_2020_2026,3,2020,2020-01-17T08:00:00.000Z,2020-01-24T08:00:00.000Z,8938.5,8325.5,8952.001692,8387.311759,1.001511,0,-613.925943,49.236009,0,-564.689933,-6.307974,-6.307974
BTC,weekly,otm10,h00,0,0,weekly_otm10_h00,batch_years_otm10_2020_2026,4,2020,2020-01-24T08:00:00.000Z,2020-01-31T08:00:00.000Z,8325.5,9362.5,8387.311759,9150.735443,1.007424,0,1044.699092,-281.275408,0,763.423684,9.102126,9.102126
BTC,weekly,otm10,h00,0,0,weekly_otm10_h00,batch_years_otm10_2020_2026,5,2020,2020-01-31T08:00:00.000Z,2020-02-07T08:00:00.000Z,9362.5,9791.5,9150.735443,9633.382842,0.977382,0,419.296716,63.350683,0,482.6474,5.274411,5.274411
BTC,weekly,otm10,h00,0,0,weekly_otm10_h00,batch_years_otm10_2020_2026,6,2020,2020-02-07T08:00:00.000Z,2020-02-14T08:00:00.000Z,9791.5,10136,9633.382842,10015.669938,0.983852,0,338.936873,43.350223,0,382.287096,3.968358,3.968358
BTC,weekly,otm10,h00,0,0,weekly_otm10_h00,batch_years_otm10_2020_2026,7,2020,2020-02-14T08:00:00.000Z,2020-02-21T08:00:00.000Z,10136,9695.5,10015.669938,9670.540386,0.988128,0,-435.270581,90.141029,0,-345.129551,-3.445896,-3.445896
BTC,weekly,otm10,h00,0,0,weekly_otm10_h00,batch_years_otm10_2020_2026,8,2020,2020-02-21T08:00:00.000Z,2020-02-28T08:00:00.000Z,9695.5,8731.5,9670.540386,8738.033681,0.997426,0,-961.518326,29.011621,0,-932.506705,-9.642757,-9.642757
BTC,weekly,otm10,h00,0,0,weekly_otm10_h00,batch_years_otm10_2020_2026,9,2020,2020-02-28T08:00:00.000Z,2020-03-06T08:00:00.000Z,8731.5,9109,8738.033681,9139.783322,1.000748,0,377.782479,23.967162,0,401.749641,4.597712,4.597712
BTC,weekly,otm10,h00,0,0,weekly_otm10_h00,batch_years_otm10_2020_2026,10,2020,2020-03-06T08:00:00.000Z,2020-03-13T08:00:00.000Z,9109,5251.5,9139.783322,5314.946048,1.003379,0,-3870.536191,45.698917,0,-3824.837275,-41.848227,-41.848227
BTC,weekly,otm10,h00,0,0,weekly_otm10_h00,batch_years_otm10_2020_2026,11,2020,2020-03-13T08:00:00.000Z,2020-03-20T08:00:00.000Z,5251.5,6321.5,5314.946048,6226.870959,1.012082,0,1082.927215,-171.002304,0,911.924911,17.157745,17.157745
BTC,weekly,otm10,h00,0,0,weekly_otm10_h00,batch_years_otm10_2020_2026,12,2020,2020-03-20T08:00:00.000Z,2020-03-27T08:00:00.000Z,6321.5,6721,6226.870959,6872.578959,0.985031,0,393.519726,252.188274,0,645.708,10.369703,10.369703
BTC,weekly,otm10,h00,0,0,weekly_otm10_h00,batch_years_otm10_2020_2026,13,2020,2020-03-27T08:00:00.000Z,2020-04-03T08:00:00.000Z,6721,6942,6872.578959,7731.061501,1.022553,0,225.984221,632.498321,0,858.482542,12.491418,12.491418
BTC,weekly,otm10,h00,0,0,weekly_otm10_h00,batch_years_otm10_2020_2026,14,2020,2020-04-03T08:00:00.000Z,2020-04-10T08:00:00.000Z,6942,6929.5,7731.061501,7782.854713,1.113665,0,-13.920811,65.714023,0,51.793212,0.669937,0.669937
BTC,weekly,otm10,h00,0,0,weekly_otm10_h00,batch_years_otm10_2020_2026,15,2020,2020-04-10T08:00:00.000Z,2020-04-17T08:00:00.000Z,6929.5,7056.5,7782.854713,7964.408795,1.123148,0,142.639808,38.914274,0,181.554081,2.332744,2.332744
BTC,weekly,otm10,h00,0,0,weekly_otm10_h00,batch_years_otm10_2020_2026,16,2020,2020-04-17T08:00:00.000Z,2020-04-24T08:00:00.000Z,7056.5,7584,7964.408795,8607.564855,1.128663,0,595.369608,47.786453,0,643.156061,8.075377,8.075377
BTC,weekly,otm10,h00,0,0,weekly_otm10_h00,batch_years_otm10_2020_2026,17,2020,2020-04-24T08:00:00.000Z,2020-05-01T08:00:00.000Z,7584,8778.5,8607.564855,9247.094541,1.134964,0,1355.714164,-716.184479,0,639.529685,7.429856,7.429856
BTC,weekly,otm10,h00,0,0,weekly_otm10_h00,batch_years_otm10_2020_2026,18,2020,2020-05-01T08:00:00.000Z,2020-05-08T08:00:00.000Z,8778.5,9834,9247.094541,10397.435047,1.05338,0,1111.842375,38.498131,0,1150.340506,12.440021,12.440021
BTC,weekly,otm10,h00,0,0,weekly_otm10_h00,batch_years_otm10_2020_2026,19,2020,2020-05-08T08:00:00.000Z,2020-05-15T08:00:00.000Z,9834,9676.5,10397.435047,10392.071391,1.057295,0,-166.523899,161.160243,0,-5.363655,-0.051586,-0.051586
BTC,weekly,otm10,h00,0,0,weekly_otm10_h00,batch_years_otm10_2020_2026,20,2020,2020-05-15T08:00:00.000Z,2020-05-22T08:00:00.000Z,9676.5,9070.5,10392.071391,9839.982732,1.073949,0,-650.813338,98.724678,0,-552.08866,-5.312595,-5.312595
BTC,weekly,otm10,h00,0,0,weekly_otm10_h00,batch_years_otm10_2020_2026,21,2020,2020-05-22T08:00:00.000Z,2020-05-29T08:00:00.000Z,9070.5,9526,9839.982732,10417.764268,1.084834,0,494.141683,83.639853,0,577.781536,5.871774,5.871774
BTC,weekly,otm10,h00,0,0,weekly_otm10_h00,batch_years_otm10_2020_2026,22,2020,2020-05-29T08:00:00.000Z,2020-06-05T08:00:00.000Z,9526,9782,10417.764268,10861.629054,1.093614,0,279.965112,163.899675,0,443.864786,4.260653,4.260653
BTC,weekly,otm10,h00,0,0,weekly_otm10_h00,batch_years_otm10_2020_2026,23,2020,2020-06-05T08:00:00.000Z,2020-06-12T08:00:00.000Z,9782,9426.5,10861.629054,10537.493482,1.110369,0,-394.736161,70.600589,0,-324.135572,-2.984226,-2.984226
BTC,weekly,otm10,h00,0,0,weekly_otm10_h00,batch_years_otm10_2020_2026,24,2020,2020-06-12T08:00:00.000Z,2020-06-19T08:00:00.000Z,9426.5,9288,10537.493482,10498.582503,1.117859,0,-154.823407,115.912428,0,-38.910979,-0.369262,-0.369262
BTC,weekly,otm10,h00,0,0,weekly_otm10_h00,batch_years_otm10_2020_2026,25,2020,2020-06-19T08:00:00.000Z,2020-06-26T08:00:00.000Z,9288,9115,10498.582503,10366.025465,1.130338,0,-195.548533,62.991495,0,-132.557038,-1.262618,-1.262618
BTC,weekly,otm10,h00,0,0,weekly_otm10_h00,batch_years_otm10_2020_2026,26,2020,2020-06-26T08:00:00.000Z,2020-07-03T08:00:00.000Z,9115,9101,10366.025465,10361.682651,1.137249,0,-15.921487,11.578673,0,-4.342814,-0.041895,-0.041895
BTC,weekly,otm10,h00,0,0,weekly_otm10_h00,batch_years_otm10_2020_2026,27,2020,2020-07-03T08:00:00.000Z,2020-07-10T08:00:00.000Z,9101,9147,10361.682651,10434.777998,1.138521,0,52.371981,20.723365,0,73.095347,0.705439,0.705439
BTC,weekly,otm10,h00,0,0,weekly_otm10_h00,batch_years_otm10_2020_2026,28,2020,2020-07-10T08:00:00.000Z,2020-07-17T08:00:00.000Z,9147,9100,10434.777998,10407.247957,1.140787,0,-53.616985,26.086945,0,-27.53004,-0.26383,-0.26383
BTC,weekly,otm10,h00,0,0,weekly_otm10_h00,batch_years_otm10_2020_2026,29,2020,2020-07-17T08:00:00.000Z,2020-07-24T08:00:00.000Z,9100,9524.5,10407.247957,10913.543416,1.143654,0,485.480962,20.814496,0,506.295458,4.864835,4.864835
BTC,weekly,otm10,h00,0,0,weekly_otm10_h00,batch_years_otm10_2020_2026,30,2020,2020-07-24T08:00:00.000Z,2020-07-31T08:00:00.000Z,9524.5,11168,10913.543416,11555.418639,1.145839,0,1883.186372,-1241.311149,0,641.875223,5.881456,5.881456
BTC,weekly,otm10,h00,0,0,weekly_otm10_h00,batch_years_otm10_2020_2026,31,2020,2020-07-31T08:00:00.000Z,2020-08-07T08:00:00.000Z,11168,11800,11555.418639,12272.584027,1.03469,0,653.924121,63.241267,0,717.165388,6.206312,6.206312
BTC,weekly,otm10,h00,0,0,weekly_otm10_h00,batch_years_otm10_2020_2026,32,2020,2020-08-07T08:00:00.000Z,2020-08-14T08:00:00.000Z,11800,11730,12272.584027,12273.416066,1.040049,0,-72.803465,73.635504,0,0.83204,0.00678,0.00678
BTC,weekly,otm10,h00,0,0,weekly_otm10_h00,batch_years_otm10_2020_2026,33,2020,2020-08-14T08:00:00.000Z,2020-08-21T08:00:00.000Z,11730,11846,12273.416066,12443.883666,1.046327,0,121.373936,49.093664,0,170.4676,1.388917,1.388917
BTC,weekly,otm10,h00,0,0,weekly_otm10_h00,batch_years_otm10_2020_2026,34,2020,2020-08-21T08:00:00.000Z,2020-08-28T08:00:00.000Z,11846,11381.5,12443.883666,11999.493315,1.050471,0,-487.943944,43.553593,0,-444.390351,-3.571155,-3.571155
BTC,weekly,otm10,h00,0,0,weekly_otm10_h00,batch_years_otm10_2020_2026,35,2020,2020-08-28T08:00:00.000Z,2020-09-04T08:00:00.000Z,11381.5,10302.5,11999.493315,10865.482692,1.054298,0,-1137.587602,3.576978,0,-1134.010623,-9.450488,-9.450488
BTC,weekly,otm10,h00,0,0,weekly_otm10_h00,batch_years_otm10_2020_2026,36,2020,2020-09-04T08:00:00.000Z,2020-09-11T08:00:00.000Z,10302.5,10257.5,10865.482692,10899.514775,1.054645,0,-47.459036,81.49112,0,34.032084,0.313213,0.313213
BTC,weekly,otm10,h00,0,0,weekly_otm10_h00,batch_years_otm10_2020_2026,37,2020,2020-09-11T08:00:00.000Z,2020-09-18T08:00:00.000Z,10257.5,10967,10899.514775,11724.269078,1.06259,0,753.907456,70.846846,0,824.754302,7.56689,7.56689
BTC,weekly,otm10,h00,0,0,weekly_otm10_h00,batch_years_otm10_2020_2026,38,2020,2020-09-18T08:00:00.000Z,2020-09-25T08:00:00.000Z,10967,10687,11724.269078,11483.556481,1.06905,0,-299.333942,58.621345,0,-240.712597,-2.053114,-2.053114
BTC,weekly,otm10,h00,0,0,weekly_otm10_h00,batch_years_otm10_2020_2026,39,2020,2020-09-25T08:00:00.000Z,2020-10-02T08:00:00.000Z,10687,10488,11483.556481,11272.723849,1.074535,0,-213.832482,2.99985,0,-210.832632,-1.835952,-1.835952
BTC,weekly,otm10,h00,0,0,weekly_otm10_h00,batch_years_otm10_2020_2026,40,2020,2020-10-02T08:00:00.000Z,2020-10-09T08:00:00.000Z,10488,10905,11272.723849,11721.790345,1.074821,0,448.200405,0.866091,0,449.066496,3.983656,3.983656
BTC,weekly,otm10,h00,0,0,weekly_otm10_h00,batch_years_otm10_2020_2026,41,2020,2020-10-09T08:00:00.000Z,2020-10-16T08:00:00.000Z,10905,11322,11721.790345,12187.606554,1.074901,0,448.233523,17.582686,0,465.816209,3.973934,3.973934
BTC,weekly,otm10,h00,0,0,weekly_otm10_h00,batch_years_otm10_2020_2026,42,2020,2020-10-16T08:00:00.000Z,2020-10-23T08:00:00.000Z,11322,12901.5,12187.606554,12962.554042,1.076454,0,1700.258307,-925.310819,0,774.947488,6.358488,6.358488
BTC,weekly,otm10,h00,0,0,weekly_otm10_h00,batch_years_otm10_2020_2026,43,2020,2020-10-23T08:00:00.000Z,2020-10-30T08:00:00.000Z,12901.5,13229,12962.554042,13362.897924,1.004732,0,329.049835,71.294047,0,400.343882,3.088465,3.088465
BTC,weekly,otm10,h00,0,0,weekly_otm10_h00,batch_years_otm10_2020_2026,44,2020,2020-10-30T08:00:00.000Z,2020-11-06T08:00:00.000Z,13229,15786.5,13362.897924,15186.134166,1.010122,0,2583.385852,-760.14961,0,1823.236242,13.644018,13.644018
BTC,weekly,otm10,h00,0,0,weekly_otm10_h00,batch_years_otm10_2020_2026,45,2020,2020-11-06T08:00:00.000Z,2020-11-13T08:00:00.000Z,15786.5,16294,15186.134166,15871.753517,0.96197,0,488.199607,197.419744,0,685.619351,4.514772,4.514772
BTC,weekly,otm10,h00,0,0,weekly_otm10_h00,batch_years_otm10_2020_2026,46,2020,2020-11-13T08:00:00.000Z,2020-11-20T08:00:00.000Z,16294,18254,15871.753517,17681.387654,0.974086,0,1909.208107,-99.57397,0,1809.634137,11.401602,11.401602
BTC,weekly,otm10,h00,0,0,weekly_otm10_h00,batch_years_otm10_2020_2026,47,2020,2020-11-20T08:00:00.000Z,2020-11-27T08:00:00.000Z,18254,17105,17681.387654,16718.722595,0.968631,0,-1112.956854,150.291795,0,-962.665059,-5.444511,-5.444511
BTC,weekly,otm10,h00,0,0,weekly_otm10_h00,batch_years_otm10_2020_2026,48,2020,2020-11-27T08:00:00.000Z,2020-12-04T08:00:00.000Z,17105,19331,16718.722595,18772.052624,0.977417,0,2175.730868,-122.400839,0,2053.330029,12.28162,12.28162
BTC,weekly,otm10,h00,0,0,weekly_otm10_h00,batch_years_otm10_2020_2026,49,2020,2020-12-04T08:00:00.000Z,2020-12-11T08:00:00.000Z,19331,17789,18772.052624,17556.219666,0.971085,0,-1497.413747,281.580789,0,-1215.832958,-6.476825,-6.476825
BTC,weekly,otm10,h00,0,0,weekly_otm10_h00,batch_years_otm10_2020_2026,50,2020,2020-12-11T08:00:00.000Z,2020-12-18T08:00:00.000Z,17789,23113.5,17556.219666,19927.528654,0.986914,0,5254.825545,-2883.516557,0,2371.308988,13.506945,13.506945
BTC,weekly,otm10,h00,0,0,weekly_otm10_h00,batch_years_otm10_2020_2026,51,2020,2020-12-18T08:00:00.000Z,2020-12-25T08:00:00.000Z,23113.5,23678,19927.528654,20802.804624,0.86216,0,486.689161,388.586809,0,875.27597,4.392296,4.392296
BTC,weekly,otm10,h00,0,0,weekly_otm10_h00,batch_years_otm10_2020_2026,52,2021,2021-01-01T08:00:00.000Z,2021-01-08T08:00:00.000Z,29186.5,38963.5,20802.804624,23144.225189,0.712754,0,6968.599209,-4627.178643,0,2341.420565,11.255312,11.43701
BTC,weekly,otm10,h00,0,0,weekly_otm10_h00,batch_years_otm10_2020_2026,53,2021,2021-01-08T08:00:00.000Z,2021-01-15T08:00:00.000Z,38963.5,38500,23144.225189,23806.248425,0.593998,0,-275.317884,937.34112,0,662.023236,2.860425,2.860425
BTC,weekly,otm10,h00,0,0,weekly_otm10_h00,batch_years_otm10_2020_2026,54,2021,2021-01-15T08:00:00.000Z,2021-01-22T08:00:00.000Z,38500,30768,23806.248425,20405.974137,0.618344,0,-4781.036697,1380.762409,0,-3400.274288,-14.283117,-14.283117
BTC,weekly,otm10,h00,0,0,weekly_otm10_h00,batch_years_otm10_2020_2026,55,2021,2021-01-22T08:00:00.000Z,2021-01-29T08:00:00.000Z,30768,32305.5,20405.974137,22027.652182,0.663221,0,1019.701808,601.976237,0,1621.678045,7.947075,7.947075
BTC,weekly,otm10,h00,0,0,weekly_otm10_h00,batch_years_otm10_2020_2026,56,2021,2021-01-29T08:00:00.000Z,2021-02-05T08:00:00.000Z,32305.5,37760.5,22027.652182,25272.306332,0.681855,0,3719.516573,-474.862424,0,3244.654149,14.729914,14.729914
BTC,weekly,otm10,h00,0,0,weekly_otm10_h00,batch_years_otm10_2020_2026,57,2021,2021-02-05T08:00:00.000Z,2021-02-12T08:00:00.000Z,37760.5,47474,25272.306332,28694.295439,0.669279,0,6501.040705,-3079.051598,0,3421.989108,13.54047,13.54047
BTC,weekly,otm10,h00,0,0,weekly_otm10_h00,batch_years_otm10_2020_2026,58,2021,2021-02-12T08:00:00.000Z,2021-02-19T08:00:00.000Z,47474,51744,28694.295439,32092.961688,0.604421,0,2580.878829,817.78742,0,3398.666249,11.844397,11.844397
BTC,weekly,otm10,h00,0,0,weekly_otm10_h00,batch_years_otm10_2020_2026,59,2021,2021-02-19T08:00:00.000Z,2021-02-26T08:00:00.000Z,51744,44988.5,32092.961688,28689.304133,0.620226,0,-4189.935117,786.277561,0,-3403.657555,-10.60562,-10.60562
BTC,weekly,otm10,h00,0,0,weekly_otm10_h00,batch_years_otm10_2020_2026,60,2021,2021-02-26T08:00:00.000Z,2021-03-05T08:00:00.000Z,44988.5,47388,28689.304133,31276.132014,0.637703,0,1530.168493,1056.659388,0,2586.827881,9.016698,9.016698
BTC,weekly,otm10,h00,0,0,weekly_otm10_h00,batch_years_otm10_2020_2026,61,2021,2021-03-05T08:00:00.000Z,2021-03-12T08:00:00.000Z,47388,56772,31276.132014,34862.909299,0.660001,0,6193.4503,-2606.673015,0,3586.777285,11.468097,11.468097
BTC,weekly,otm10,h00,0,0,weekly_otm10_h00,batch_years_otm10_2020_2026,62,2021,2021-03-12T08:00:00.000Z,2021-03-19T08:00:00.000Z,56772,57851,34862.909299,36257.629548,0.614086,0,662.599153,732.121095,0,1394.720249,4.000585,4.000585
BTC,weekly,otm10,h00,0,0,weekly_otm10_h00,batch_years_otm10_2020_2026,63,2021,2021-03-19T08:00:00.000Z,2021-03-26T08:00:00.000Z,57851,53607.5,36257.629548,34123.787105,0.626742,0,-2659.578071,525.735628,0,-2133.842443,-5.885223,-5.885223
BTC,weekly,otm10,h00,0,0,weekly_otm10_h00,batch_years_otm10_2020_2026,64,2021,2021-03-26T08:00:00.000Z,2021-04-02T08:00:00.000Z,53607.5,59507.5,34123.787105,38029.795486,0.636549,0,3755.637624,150.370757,0,3906.00838,11.446585,11.446585
BTC,weekly,otm10,h00,0,0,weekly_otm10_h00,batch_years_otm10_2020_2026,65,2021,2021-04-02T08:00:00.000Z,2021-04-09T08:00:00.000Z,59507.5,58130.5,38029.795486,37558.733694,0.639076,0,-880.007199,408.945407,0,-471.061791,-1.238665,-1.238665
BTC,weekly,otm10,h00,0,0,weekly_otm10_h00,batch_years_otm10_2020_2026,66,2021,2021-04-09T08:00:00.000Z,2021-04-16T08:00:00.000Z,58130.5,61460,37558.733694,39916.532056,0.646111,0,2151.225326,206.573035,0,2357.798362,6.27763,6.27763
BTC,weekly,otm10,h00,0,0,weekly_otm10_h00,batch_years_otm10_2020_2026,67,2021,2021-04-16T08:00:00.000Z,2021-04-23T08:00:00.000Z,61460,47696,39916.532056,31216.702462,0.649472,0,-8939.328786,239.499192,0,-8699.829594,-21.795054,-21.795054
BTC,weekly,otm10,h00,0,0,weekly_otm10_h00,batch_years_otm10_2020_2026,68,2021,2021-04-23T08:00:00.000Z,2021-04-30T08:00:00.000Z,47696,54452.5,31216.702462,34706.531616,0.654493,0,4422.082568,-932.253414,0,3489.829155,11.179365,11.179365
BTC,weekly,otm10,h00,0,0,weekly_otm10_h00,batch_years_otm10_2020_2026,69,2021,2021-04-30T08:00:00.000Z,2021-05-07T08:00:00.000Z,54452.5,55838.5,34706.531616,36420.993699,0.637373,0,883.398427,831.063656,0,1714.462083,4.939883,4.939883
BTC,weekly,otm10,h00,0,0,weekly_otm10_h00,batch_years_otm10_2020_2026,70,2021,2021-05-07T08:00:00.000Z,2021-05-14T08:00:00.000Z,55838.5,50139.5,36420.993699,32995.155007,0.652256,0,-3717.206642,291.36795,0,-3425.838693,-9.40622,-9.40622
BTC,weekly,otm10,h00,0,0,weekly_otm10_h00,batch_years_otm10_2020_2026,71,2021,2021-05-14T08:00:00.000Z,2021-05-21T08:00:00.000Z,50139.5,39921.5,32995.155007,26617.474578,0.658067,0,-6724.129556,346.449128,0,-6377.680428,-19.329142,-19.329142
BTC,weekly,otm10,h00,0,0,weekly_otm10_h00,batch_years_otm10_2020_2026,72,2021,2021-05-21T08:00:00.000Z,2021-05-28T08:00:00.000Z,39921.5,37035.5,26617.474578,25159.053297,0.666745,0,-1924.227086,465.805805,0,-1458.421281,-5.479187,-5.479187
BTC,weekly,otm10,h00,0,0,weekly_otm10_h00,batch_years_otm10_2020_2026,73,2021,2021-05-28T08:00:00.000Z,2021-06-04T08:00:00.000Z,37035.5,36640.5,25159.053297,26820.323009,0.679323,0,-268.332439,1929.602151,0,1661.269712,6.603069,6.603069
BTC,weekly,otm10,h00,0,0,weekly_otm10_h00,batch_years_otm10_2020_2026,74,2021,2021-06-04T08:00:00.000Z,2021-06-11T08:00:00.000Z,36640.5,37160,26820.323009,27669.945246,0.731986,0,380.266585,469.355653,0,849.622238,3.16783,3.16783
BTC,weekly,otm10,h00,0,0,weekly_otm10_h00,batch_years_otm10_2020_2026,75,2021,2021-06-11T08:00:00.000Z,2021-06-18T08:00:00.000Z,37160,37686.5,27669.945246,28573.879765,0.744616,0,392.040532,511.893987,0,903.934519,3.266846,3.266846
BTC,weekly,otm10,h00,0,0,weekly_otm10_h00,batch_years_otm10_2020_2026,76,2021,2021-06-18T08:00:00.000Z,2021-06-25T08:00:00.000Z,37686.5,34290.5,28573.879765,26284.773574,0.758199,0,-2574.844989,285.738798,0,-2289.106191,-8.011184,-8.011184
BTC,weekly,otm10,h00,0,0,weekly_otm10_h00,batch_years_otm10_2020_2026,77,2021,2021-06-25T08:00:00.000Z,2021-07-02T08:00:00.000Z,34290.5,33382,26284.773574,26135.618824,0.766532,0,-696.394535,547.239785,0,-149.15475,-0.567457,-0.567457
BTC,weekly,otm10,h00,0,0,weekly_otm10_h00,batch_years_otm10_2020_2026,78,2021,2021-07-02T08:00:00.000Z,2021-07-09T08:00:00.000Z,33382,32897,26135.618824,26390.523394,0.782925,0,-379.718864,634.623435,0,254.904571,0.975315,0.975315
BTC,weekly,otm10,h00,0,0,weekly_otm10_h00,batch_years_otm10_2020_2026,79,2021,2021-07-09T08:00:00.000Z,2021-07-16T08:00:00.000Z,32897,31795,26390.523394,25796.776328,0.802217,0,-884.042824,290.295757,0,-593.747067,-2.24985,-2.24985
BTC,weekly,otm10,h00,0,0,weekly_otm10_h00,batch_years_otm10_2020_2026,80,2021,2021-07-16T08:00:00.000Z,2021-07-23T08:00:00.000Z,31795,32501.5,25796.776328,26550.570383,0.811347,0,573.216621,180.577434,0,753.794056,2.922047,2.922047
BTC,weekly,otm10,h00,0,0,weekly_otm10_h00,batch_years_otm10_2020_2026,81,2021,2021-07-23T08:00:00.000Z,2021-07-30T08:00:00.000Z,32501.5,39787.5,26550.570383,29575.014994,0.816903,0,5951.954704,-2927.510093,0,3024.444611,11.39126,11.39126
BTC,weekly,otm10,h00,0,0,weekly_otm10_h00,batch_years_otm10_2020_2026,82,2021,2021-07-30T08:00:00.000Z,2021-08-06T08:00:00.000Z,39787.5,40752.5,29575.014994,30616.110792,0.743324,0,717.307935,323.787862,0,1041.095798,3.520187,3.520187
BTC,weekly,otm10,h00,0,0,weekly_otm10_h00,batch_years_otm10_2020_2026,83,2021,2021-08-06T08:00:00.000Z,2021-08-13T08:00:00.000Z,40752.5,46141.5,30616.110792,34229.447627,0.75127,0,4048.591401,-435.254565,0,3613.336835,11.802077,11.802077
BTC,weekly,otm10,h00,0,0,weekly_otm10_h00,batch_years_otm10_2020_2026,84,2021,2021-08-13T08:00:00.000Z,2021-08-20T08:00:00.000Z,46141.5,46812,34229.447627,35342.97904,0.741836,0,497.401355,616.130057,0,1113.531413,3.253139,3.253139
BTC,weekly,otm10,h00,0,0,weekly_otm10_h00,batch_years_otm10_2020_2026,85,2021,2021-08-20T08:00:00.000Z,2021-08-27T08:00:00.000Z,46812,47533.5,35342.97904,36364.840509,0.754998,0,544.731252,477.130217,0,1021.861469,2.891271,2.891271
BTC,weekly,otm10,h00,0,0,weekly_otm10_h00,batch_years_otm10_2020_2026,86,2021,2021-08-27T08:00:00.000Z,2021-09-03T08:00:00.000Z,47533.5,49323.5,36364.840509,37955.847461,0.765036,0,1369.414508,221.592444,0,1591.006952,4.375124,4.375124
BTC,weekly,otm10,h00,0,0,weekly_otm10_h00,batch_years_otm10_2020_2026,87,2021,2021-09-03T08:00:00.000Z,2021-09-10T08:00:00.000Z,49323.5,46189.5,37955.847461,36037.57062,0.769529,0,-2411.702859,493.426017,0,-1918.276842,-5.053969,-5.053969
BTC,weekly,otm10,h00,0,0,weekly_otm10_h00,batch_years_otm10_2020_2026,88,2021,2021-09-10T08:00:00.000Z,2021-09-17T08:00:00.000Z,46189.5,47724,36037.57062,37595.180592,0.780211,0,1197.234266,360.375706,0,1557.609972,4.322184,4.322184
BTC,weekly,otm10,h00,0,0,weekly_otm10_h00,batch_years_otm10_2020_2026,89,2021,2021-09-17T08:00:00.000Z,2021-09-24T08:00:00.000Z,47724,44800.5,37595.180592,35611.715772,0.787763,0,-2303.023855,319.559035,0,-1983.46482,-5.275849,-5.275849
BTC,weekly,otm10,h00,0,0,weekly_otm10_h00,batch_years_otm10_2020_2026,90,2021,2021-09-24T08:00:00.000Z,2021-10-01T08:00:00.000Z,44800.5,44823.5,35611.715772,36104.81687,0.794895,0,18.282596,474.818502,0,493.101098,1.38466,1.38466
BTC,weekly,otm10,h00,0,0,weekly_otm10_h00,batch_years_otm10_2020_2026,91,2021,2021-10-01T08:00:00.000Z,2021-10-08T08:00:00.000Z,44823.5,54886,36104.81687,40267.824539,0.805489,0,8105.228725,-3942.221057,0,4163.007668,11.530339,11.530339
BTC,weekly,otm10,h00,0,0,weekly_otm10_h00,batch_years_otm10_2020_2026,92,2021,2021-10-08T08:00:00.000Z,2021-10-15T08:00:00.000Z,54886,59325.5,40267.824539,43988.001176,0.733663,0,3257.096656,463.079982,0,3720.176638,9.238584,9.238584
BTC,weekly,otm10,h00,0,0,weekly_otm10_h00,batch_years_otm10_2020_2026,93,2021,2021-10-15T08:00:00.000Z,2021-10-22T08:00:00.000Z,59325.5,63426.5,43988.001176,47908.524326,0.741469,0,3040.763126,879.760024,0,3920.523149,8.91271,8.91271
BTC,weekly,otm10,h00,0,0,weekly_otm10_h00,batch_years_otm10_2020_2026,94,2021,2021-10-22T08:00:00.000Z,2021-10-29T08:00:00.000Z,63426.5,60639,47908.524326,46377.918485,0.755339,0,-2105.508132,574.902292,0,-1530.60584,-3.194851,-3.194851
BTC,weekly,otm10,h00,0,0,weekly_otm10_h00,batch_years_otm10_2020_2026,95,2021,2021-10-29T08:00:00.000Z,2021-11-05T08:00:00.000Z,60639,62143,46377.918485,47937.014908,0.76482,0,1150.289243,408.80718,0,1559.096423,3.361721,3.361721
BTC,weekly,otm10,h00,0,0,weekly_otm10_h00,batch_years_otm10_2020_2026,96,2021,2021-11-05T08:00:00.000Z,2021-11-12T08:00:00.000Z,62143,64592,47937.014908,50353.476917,0.771398,0,1889.154845,527.307164,0,2416.462009,5.04091,5.04091
BTC,weekly,otm10,h00,0,0,weekly_otm10_h00,batch_years_otm10_2020_2026,97,2021,2021-11-12T08:00:00.000Z,2021-11-19T08:00:00.000Z,64592,55994.5,50353.476917,44154.726298,0.779562,0,-6702.285388,503.534769,0,-6198.750619,-12.310472,-12.310472
BTC,weekly,otm10,h00,0,0,weekly_otm10_h00,batch_years_otm10_2020_2026,98,2021,2021-11-19T08:00:00.000Z,2021-11-26T08:00:00.000Z,55994.5,57049,44154.726298,45471.959221,0.788555,0,831.530934,485.701989,0,1317.232923,2.983221,2.983221
BTC,weekly,otm10,h00,0,0,weekly_otm10_h00,batch_years_otm10_2020_2026,99,2021,2021-11-26T08:00:00.000Z,2021-12-03T08:00:00.000Z,57049,56770,45471.959221,45571.648052,0.797068,0,-222.382104,322.070934,0,99.688831,0.219231,0.219231
BTC,weekly,otm10,h00,0,0,weekly_otm10_h00,batch_years_otm10_2020_2026,100,2021,2021-12-03T08:00:00.000Z,2021-12-10T08:00:00.000Z,56770,47738.5,45571.648052,38777.402592,0.802742,0,-7249.961941,455.716481,0,-6794.24546,-14.908931,-14.908931
BTC,weekly,otm10,h00,0,0,weekly_otm10_h00,batch_years_otm10_2020_2026,101,2021,2021-12-10T08:00:00.000Z,2021-12-17T08:00:00.000Z,47738.5,46990.5,38777.402592,38576.974022,0.812288,0,-607.591297,407.162727,0,-200.42857,-0.51687,-0.51687
BTC,weekly,otm10,h00,0,0,weekly_otm10_h00,batch_years_otm10_2020_2026,102,2021,2021-12-17T08:00:00.000Z,2021-12-24T08:00:00.000Z,46990.5,51060.5,38576.974022,42226.866971,0.820953,0,3341.277157,308.615792,0,3649.89295,9.461325,9.461325
BTC,weekly,otm10,h00,0,0,weekly_otm10_h00,batch_years_otm10_2020_2026,103,2021,2021-12-24T08:00:00.000Z,2021-12-31T08:00:00.000Z,51060.5,47184,42226.866971,39422.16935,0.826997,0,-3205.852857,401.155236,0,-2804.697621,-6.641974,-6.641974
BTC,weekly,otm10,h00,0,0,weekly_otm10_h00,batch_years_otm10_2020_2026,104,2022,2022-01-07T08:00:00.000Z,2022-01-14T08:00:00.000Z,41708,42625,39422.16935,40584.578914,0.945194,0,866.743294,295.66627,0,1162.409564,2.948619,2.970901
BTC,weekly,otm10,h00,0,0,weekly_otm10_h00,batch_years_otm10_2020_2026,105,2022,2022-01-14T08:00:00.000Z,2022-01-21T08:00:00.000Z,42625,39123,40584.578914,37412.554875,0.952131,0,-3334.362354,162.338316,0,-3172.024039,-7.815836,-7.815836
BTC,weekly,otm10,h00,0,0,weekly_otm10_h00,batch_years_otm10_2020_2026,106,2022,2022-01-21T08:00:00.000Z,2022-01-28T08:00:00.000Z,39123,36827,37412.554875,35441.410595,0.95628,0,-2195.61961,224.475329,0,-1971.144281,-5.268671,-5.268671
BTC,weekly,otm10,h00,0,0,weekly_otm10_h00,batch_years_otm10_2020_2026,107,2022,2022-01-28T08:00:00.000Z,2022-02-04T08:00:00.000Z,36827,37886,35441.410595,36897.618551,0.962376,0,1019.155886,437.05207,0,1456.207957,4.108775,4.108775
BTC,weekly,otm10,h00,0,0,weekly_otm10_h00,batch_years_otm10_2020_2026,108,2022,2022-02-04T08:00:00.000Z,2022-02-11T08:00:00.000Z,37886,43395,36897.618551,41099.951107,0.973912,0,5365.279539,-1162.946983,0,4202.332555,11.38917,11.38917
BTC,weekly,otm10,h00,0,0,weekly_otm10_h00,batch_years_otm10_2020_2026,109,2022,2022-02-11T08:00:00.000Z,2022-02-18T08:00:00.000Z,43395,40656,41099.951107,38690.759486,0.947113,0,-2594.141401,184.94978,0,-2409.191621,-5.861787,-5.861787
BTC,weekly,otm10,h00,0,0,weekly_otm10_h00,batch_years_otm10_2020_2026,110,2022,2022-02-18T08:00:00.000Z,2022-02-25T08:00:00.000Z,40656,38512.5,38690.759486,36786.290216,0.951662,0,-2039.886928,135.417658,0,-1904.46927,-4.922285,-4.922285
BTC,weekly,otm10,h00,0,0,weekly_otm10_h00,batch_years_otm10_2020_2026,111,2022,2022-02-25T08:00:00.000Z,2022-03-04T08:00:00.000Z,38512.5,41462.5,36786.290216,40011.276698,0.955178,0,2817.774908,407.211575,0,3224.986483,8.766816,8.766816
BTC,weekly,otm10,h00,0,0,weekly_otm10_h00,batch_years_otm10_2020_2026,112,2022,2022-03-04T08:00:00.000Z,2022-03-11T08:00:00.000Z,41462.5,39149.5,40011.276698,37979.290079,0.964999,0,-2232.043003,200.056383,0,-2031.986619,-5.078535,-5.078535
BTC,weekly,otm10,h00,0,0,weekly_otm10_h00,batch_years_otm10_2020_2026,113,2022,2022-03-11T08:00:00.000Z,2022-03-18T08:00:00.000Z,39149.5,40598,37979.290079,39707.317219,0.970109,0,1405.203174,322.823966,0,1728.02714,4.54992,4.54992
BTC,weekly,otm10,h00,0,0,weekly_otm10_h00,batch_years_otm10_2020_2026,114,2022,2022-03-18T08:00:00.000Z,2022-03-25T08:00:00.000Z,40598,43967.5,39707.317219,43300.698367,0.978061,0,3295.576269,297.804879,0,3593.381148,9.04967,9.04967
BTC,weekly,otm10,h00,0,0,weekly_otm10_h00,batch_years_otm10_2020_2026,115,2022,2022-03-25T08:00:00.000Z,2022-04-01T08:00:00.000Z,43967.5,45017.5,43300.698367,44604.716195,0.984834,0,1034.075926,269.941901,0,1304.017828,3.01154,3.01154
BTC,weekly,otm10,h00,0,0,weekly_otm10_h00,batch_years_otm10_2020_2026,116,2022,2022-04-01T08:00:00.000Z,2022-04-08T08:00:00.000Z,45017.5,43759.5,44604.716195,43432.763687,0.990831,0,-1246.464885,74.512377,0,-1171.952508,-2.627418,-2.627418
BTC,weekly,otm10,h00,0,0,weekly_otm10_h00,batch_years_otm10_2020_2026,117,2022,2022-04-08T08:00:00.000Z,2022-04-15T08:00:00.000Z,43759.5,40233,43432.763687,40062.893074,0.992533,0,-3500.168904,130.298291,0,-3369.870613,-7.758822,-7.758822
BTC,weekly,otm10,h00,0,0,weekly_otm10_h00,batch_years_otm10_2020_2026,118,2022,2022-04-15T08:00:00.000Z,2022-04-22T08:00:00.000Z,40233,40734.5,40062.893074,40662.429942,0.995772,0,499.379636,100.157233,0,599.536868,1.496489,1.496489
BTC,weekly,otm10,h00,0,0,weekly_otm10_h00,batch_years_otm10_2020_2026,119,2022,2022-04-22T08:00:00.000Z,2022-04-29T08:00:00.000Z,40734.5,39629,40662.429942,39660.541938,0.998231,0,-1103.544079,101.656075,0,-1001.888005,-2.463916,-2.463916
BTC,weekly,otm10,h00,0,0,weekly_otm10_h00,batch_years_otm10_2020_2026,120,2022,2022-04-29T08:00:00.000Z,2022-05-06T08:00:00.000Z,39629,36356.5,39660.541938,36497.805715,1.000796,0,-3275.104683,112.368461,0,-3162.736222,-7.974516,-7.974516
BTC,weekly,otm10,h00,0,0,weekly_otm10_h00,batch_years_otm10_2020_2026,121,2022,2022-05-06T08:00:00.000Z,2022-05-13T08:00:00.000Z,36356.5,30117.5,36497.805715,30380.548004,1.003887,0,-6263.248934,145.991223,0,-6117.257711,-16.760618,-16.760618
BTC,weekly,otm10,h00,0,0,weekly_otm10_h00,batch_years_otm10_2020_2026,122,2022,2022-05-13T08:00:00.000Z,2022-05-20T08:00:00.000Z,30117.5,30260,30380.548004,30873.66891,1.008734,0,143.744603,349.376302,0,493.120905,1.623147,1.623147
BTC,weekly,otm10,h00,0,0,weekly_otm10_h00,batch_years_otm10_2020_2026,123,2022,2022-05-20T08:00:00.000Z,2022-05-27T08:00:00.000Z,30260,28958,30873.66891,29807.690703,1.02028,0,-1328.404393,262.426186,0,-1065.978207,-3.45271,-3.45271
BTC,weekly,otm10,h00,0,0,weekly_otm10_h00,batch_years_otm10_2020_2026,124,2022,2022-05-27T08:00:00.000Z,2022-06-03T08:00:00.000Z,28958,30460,29807.690703,31585.679588,1.029342,0,1546.071947,231.916938,0,1777.988885,5.964866,5.964866
BTC,weekly,otm10,h00,0,0,weekly_otm10_h00,batch_years_otm10_2020_2026,125,2022,2022-06-03T08:00:00.000Z,2022-06-10T08:00:00.000Z,30460,30054,31585.679588,31259.432493,1.036956,0,-421.004134,94.757039,0,-326.247095,-1.032896,-1.032896
BTC,weekly,otm10,h00,0,0,weekly_otm10_h00,batch_years_otm10_2020_2026,126,2022,2022-06-10T08:00:00.000Z,2022-06-17T08:00:00.000Z,30054,21064,31259.432493,22096.410193,1.040109,0,-9350.578895,187.556595,0,-9163.0223,-29.312824,-29.312824
BTC,weekly,otm10,h00,0,0,weekly_otm10_h00,batch_years_otm10_2020_2026,127,2022,2022-06-17T08:00:00.000Z,2022-06-24T08:00:00.000Z,21064,20924,22096.410193,22369.380164,1.049013,0,-146.861822,419.831794,0,272.969971,1.235359,1.235359
BTC,weekly,otm10,h00,0,0,weekly_otm10_h00,batch_years_otm10_2020_2026,128,2022,2022-06-24T08:00:00.000Z,2022-07-01T08:00:00.000Z,20924,19550.5,22369.380164,21708.886254,1.069078,0,-1468.378114,807.884204,0,-660.49391,-2.95267,-2.95267
BTC,weekly,otm10,h00,0,0,weekly_otm10_h00,batch_years_otm10_2020_2026,129,2022,2022-07-01T08:00:00.000Z,2022-07-08T08:00:00.000Z,19550.5,21796.5,21708.886254,24524.972233,1.110401,0,2493.95967,322.126308,0,2816.085978,12.972043,12.972043
BTC,weekly,otm10,h00,0,0,weekly_otm10_h00,batch_years_otm10_2020_2026,130,2022,2022-07-08T08:00:00.000Z,2022-07-15T08:00:00.000Z,21796.5,20817.5,24524.972233,23619.621403,1.125179,0,-1101.550607,196.199778,0,-905.35083,-3.691547,-3.691547
BTC,weekly,otm10,h00,0,0,weekly_otm10_h00,batch_years_otm10_2020_2026,131,2022,2022-07-15T08:00:00.000Z,2022-07-22T08:00:00.000Z,20817.5,23142,23619.621403,26217.656369,1.134604,0,2637.387292,-39.352326,0,2598.034966,10.999478,10.999478
BTC,weekly,otm10,h00,0,0,weekly_otm10_h00,batch_years_otm10_2020_2026,132,2022,2022-07-22T08:00:00.000Z,2022-07-29T08:00:00.000Z,23142,23977,26217.656369,27517.569282,1.132904,0,945.974551,353.938361,0,1299.912912,4.958158,4.958158
BTC,weekly,otm10,h00,0,0,weekly_otm10_h00,batch_years_otm10_2020_2026,133,2022,2022-07-29T08:00:00.000Z,2022-08-05T08:00:00.000Z,23977,23191.5,27517.569282,26994.69922,1.147665,0,-901.49104,378.620979,0,-522.870062,-1.900132,-1.900132
BTC,weekly,otm10,h00,0,0,weekly_otm10_h00,batch_years_otm10_2020_2026,134,2022,2022-08-05T08:00:00.000Z,2022-08-12T08:00:00.000Z,23191.5,23998.5,26994.69922,28055.516171,1.163991,0,939.340805,121.476146,0,1060.816951,3.929723,3.929723
BTC,weekly,otm10,h00,0,0,weekly_otm10_h00,batch_years_otm10_2020_2026,135,2022,2022-08-12T08:00:00.000Z,2022-08-19T08:00:00.000Z,23998.5,21895.5,28055.516171,25821.442039,1.169053,0,-2458.518262,224.444129,0,-2234.074133,-7.963048,-7.963048
BTC,weekly,otm10,h00,0,0,weekly_otm10_h00,batch_years_otm10_2020_2026,136,2022,2022-08-19T08:00:00.000Z,2022-08-26T08:00:00.000Z,21895.5,21449,25821.442039,25566.008121,1.179304,0,-526.559059,271.125141,0,-255.433917,-0.989232,-0.989232
BTC,weekly,otm10,h00,0,0,weekly_otm10_h00,batch_years_otm10_2020_2026,137,2022,2022-08-26T08:00:00.000Z,2022-09-02T08:00:00.000Z,21449,20120,25566.008121,24033.559583,1.191944,0,-1584.093654,51.645116,0,-1532.448538,-5.994086,-5.994086
BTC,weekly,otm10,h00,0,0,weekly_otm10_h00,batch_years_otm10_2020_2026,138,2022,2022-09-02T08:00:00.000Z,2022-09-09T08:00:00.000Z,20120,20643.5,24033.559583,24756.45732,1.194511,0,625.326463,97.571273,0,722.897737,3.007868,3.007868
BTC,weekly,otm10,h00,0,0,weekly_otm10_h00,batch_years_otm10_2020_2026,139,2022,2022-09-09T08:00:00.000Z,2022-09-16T08:00:00.000Z,20643.5,19734.5,24756.45732,23864.402179,1.199237,0,-1090.106799,198.051659,0,-892.05514,-3.603323,-3.603323
BTC,weekly,otm10,h00,0,0,weekly_otm10_h00,batch_years_otm10_2020_2026,140,2022,2022-09-16T08:00:00.000Z,2022-09-23T08:00:00.000Z,19734.5,19210,23864.402179,23349.460391,1.209273,0,-634.263799,119.322011,0,-514.941788,-2.157782,-2.157782
BTC,weekly,otm10,h00,0,0,weekly_otm10_h00,batch_years_otm10_2020_2026,141,2022,2022-09-23T08:00:00.000Z,2022-09-30T08:00:00.000Z,19210,19564,23349.460391,23919.838725,1.215485,0,430.281571,140.096762,0,570.378333,2.44279,2.44279
BTC,weekly,otm10,h00,0,0,weekly_otm10_h00,batch_years_otm10_2020_2026,142,2022,2022-09-30T08:00:00.000Z,2022-10-07T08:00:00.000Z,19564,19940,23919.838725,24500.58309,1.222646,0,459.71475,121.029615,0,580.744365,2.427877,2.427877
BTC,weekly,otm10,h00,0,0,weekly_otm10_h00,batch_years_otm10_2020_2026,143,2022,2022-10-07T08:00:00.000Z,2022-10-14T08:00:00.000Z,19940,19643.5,24500.58309,24246.521627,1.228715,0,-364.314087,110.252624,0,-254.061463,-1.036961,-1.036961
BTC,weekly,otm10,h00,0,0,weekly_otm10_h00,batch_years_otm10_2020_2026,144,2022,2022-10-14T08:00:00.000Z,2022-10-21T08:00:00.000Z,19643.5,19031.5,24246.521627,23539.605948,1.234328,0,-755.408722,48.493043,0,-706.915679,-2.915534,-2.915534
BTC,weekly,otm10,h00,0,0,weekly_otm10_h00,batch_years_otm10_2020_2026,145,2022,2022-10-21T08:00:00.000Z,2022-10-28T08:00:00.000Z,19031.5,20092,23539.605948,24898.392177,1.236876,0,1311.707018,47.079212,0,1358.78623,5.772341,5.772341
BTC,weekly,otm10,h00,0,0,weekly_otm10_h00,batch_years_otm10_2020_2026,146,2022,2022-10-28T08:00:00.000Z,2022-11-04T08:00:00.000Z,20092,20629,24898.392177,25583.248819,1.239219,0,665.460711,19.395931,0,684.856642,2.750606,2.750606
BTC,weekly,otm10,h00,0,0,weekly_otm10_h00,batch_years_otm10_2020_2026,147,2022,2022-11-04T08:00:00.000Z,2022-11-11T08:00:00.000Z,20629,17276,25583.248819,21450.577509,1.240159,0,-4158.254559,25.583249,0,-4132.67131,-16.153817,-16.153817
BTC,weekly,otm10,h00,0,0,weekly_otm10_h00,batch_years_otm10_2020_2026,148,2022,2022-11-11T08:00:00.000Z,2022-11-18T08:00:00.000Z,17276,16731,21450.577509,20945.488176,1.24164,0,-676.693954,171.60462,0,-505.089334,-2.354665,-2.354665
BTC,weekly,otm10,h00,0,0,weekly_otm10_h00,batch_years_otm10_2020_2026,149,2022,2022-11-18T08:00:00.000Z,2022-11-25T08:00:00.000Z,16731,16456,20945.488176,20789.725903,1.251897,0,-344.271666,188.509394,0,-155.762273,-0.743655,-0.743655
BTC,weekly,otm10,h00,0,0,weekly_otm10_h00,batch_years_otm10_2020_2026,150,2022,2022-11-25T08:00:00.000Z,2022-12-02T08:00:00.000Z,16456,16959.5,20789.725903,21571.269205,1.263352,0,636.097897,145.445405,0,781.543302,3.759277,3.759277
BTC,weekly,otm10,h00,0,0,weekly_otm10_h00,batch_years_otm10_2020_2026,151,2022,2022-12-02T08:00:00.000Z,2022-12-09T08:00:00.000Z,16959.5,17203.5,21571.269205,21894.057838,1.271928,0,310.350522,12.438111,0,322.788634,1.496382,1.496382
BTC,weekly,otm10,h00,0,0,weekly_otm10_h00,batch_years_otm10_2020_2026,152,2022,2022-12-09T08:00:00.000Z,2022-12-16T08:00:00.000Z,17203.5,17512.5,21894.057838,22331.095227,1.272651,0,393.249273,43.788116,0,437.037389,1.996146,1.996146
BTC,weekly,otm10,h00,0,0,weekly_otm10_h00,batch_years_otm10_2020_2026,153,2022,2022-12-16T08:00:00.000Z,2022-12-23T08:00:00.000Z,17512.5,16846,22331.095227,21514.703221,1.275152,0,-849.888649,33.496643,0,-816.392006,-3.655853,-3.655853
BTC,weekly,otm10,h00,0,0,weekly_otm10_h00,batch_years_otm10_2020_2026,154,2022,2022-12-23T08:00:00.000Z,2022-12-30T08:00:00.000Z,16846,16467.5,21514.703221,21063.577723,1.27714,0,-483.397552,32.272055,0,-451.125498,-2.096824,-2.096824
BTC,weekly,otm10,h00,0,0,weekly_otm10_h00,batch_years_otm10_2020_2026,155,2023,2023-01-06T08:00:00.000Z,2023-01-13T08:00:00.000Z,16783,18843,21063.577723,22657.828753,1.255054,0,2585.412031,-991.161001,0,1594.251029,7.568757,7.580127
BTC,weekly,otm10,h00,0,0,weekly_otm10_h00,batch_years_otm10_2020_2026,156,2023,2023-01-13T08:00:00.000Z,2023-01-20T08:00:00.000Z,18843,20950,22657.828753,25236.71365,1.202453,0,2533.56924,45.315658,0,2578.884897,11.381871,11.381871
BTC,weekly,otm10,h00,0,0,weekly_otm10_h00,batch_years_otm10_2020_2026,157,2023,2023-01-20T08:00:00.000Z,2023-01-27T08:00:00.000Z,20950,23089,25236.71365,27862.181124,1.204616,0,2576.674487,48.792987,0,2625.467474,10.403365,10.403365
BTC,weekly,otm10,h00,0,0,weekly_otm10_h00,batch_years_otm10_2020_2026,158,2023,2023-01-27T08:00:00.000Z,2023-02-03T08:00:00.000Z,23089,23449.5,27862.181124,28564.138996,1.20673,0,435.026042,266.93183,0,701.957872,2.519393,2.519393
BTC,weekly,otm10,h00,0,0,weekly_otm10_h00,batch_years_otm10_2020_2026,159,2023,2023-02-03T08:00:00.000Z,2023-02-10T08:00:00.000Z,23449.5,21912.5,28564.138996,26820.438058,1.218113,0,-1872.239563,128.538625,0,-1743.700938,-6.104511,-6.104511
BTC,weekly,otm10,h00,0,0,weekly_otm10_h00,batch_years_otm10_2020_2026,160,2023,2023-02-10T08:00:00.000Z,2023-02-17T08:00:00.000Z,21912.5,23646.5,26820.438058,28996.458379,1.223979,0,2122.379445,53.640876,0,2176.020321,8.113292,8.113292
BTC,weekly,otm10,h00,0,0,weekly_otm10_h00,batch_years_otm10_2020_2026,161,2023,2023-02-17T08:00:00.000Z,2023-02-24T08:00:00.000Z,23646.5,23854,28996.458379,29395.887,1.226247,0,254.446329,144.982292,0,399.428621,1.377508,1.377508
BTC,weekly,otm10,h00,0,0,weekly_otm10_h00,batch_years_otm10_2020_2026,162,2023,2023-02-24T08:00:00.000Z,2023-03-03T08:00:00.000Z,23854,22350.5,29395.887,27678.762648,1.232325,0,-1852.801044,135.676692,0,-1717.124352,-5.841376,-5.841376
BTC,weekly,otm10,h00,0,0,weekly_otm10_h00,batch_years_otm10_2020_2026,163,2023,2023-03-03T08:00:00.000Z,2023-03-10T08:00:00.000Z,22350.5,19940.5,27678.762648,24749.586584,1.238396,0,-2984.533589,55.357525,0,-2929.176064,-10.582757,-10.582757
BTC,weekly,otm10,h00,0,0,weekly_otm10_h00,batch_years_otm10_2020_2026,164,2023,2023-03-10T08:00:00.000Z,2023-03-17T08:00:00.000Z,19940.5,26178,24749.586584,27470.274301,1.241172,0,7741.809198,-5021.121482,0,2720.687716,10.992861,10.992861
BTC,weekly,otm10,h00,0,0,weekly_otm10_h00,batch_years_otm10_2020_2026,165,2023,2023-03-17T08:00:00.000Z,2023-03-24T08:00:00.000Z,26178,28349.5,27470.274301,29996.202645,1.049365,0,2278.695876,247.232469,0,2525.928345,9.195133,9.195133
BTC,weekly,otm10,h00,0,0,weekly_otm10_h00,batch_years_otm10_2020_2026,166,2023,2023-03-24T08:00:00.000Z,2023-03-31T08:00:00.000Z,28349.5,27737,29996.202645,29603.092831,1.058086,0,-648.077536,254.967722,0,-393.109814,-1.310532,-1.310532
BTC,weekly,otm10,h00,0,0,weekly_otm10_h00,batch_years_otm10_2020_2026,167,2023,2023-03-31T08:00:00.000Z,2023-04-07T08:00:00.000Z,27737,27844.5,29603.092831,29871.094602,1.067278,0,114.732396,153.269375,0,268.001771,0.905317,0.905317
BTC,weekly,otm10,h00,0,0,weekly_otm10_h00,batch_years_otm10_2020_2026,168,2023,2023-04-07T08:00:00.000Z,2023-04-14T08:00:00.000Z,27844.5,30773,29871.094602,33087.41613,1.072783,0,3141.643791,74.677737,0,3216.321528,10.767337,10.767337
BTC,weekly,otm10,h00,0,0,weekly_otm10_h00,batch_years_otm10_2020_2026,169,2023,2023-04-14T08:00:00.000Z,2023-04-21T08:00:00.000Z,30773,28165,33087.41613,30432.163619,1.075209,0,-2804.145883,148.893373,0,-2655.252511,-8.024962,-8.024962
BTC,weekly,otm10,h00,0,0,weekly_otm10_h00,batch_years_otm10_2020_2026,170,2023,2023-04-21T08:00:00.000Z,2023-04-28T08:00:00.000Z,28165,29505,30432.163619,31971.324454,1.080496,0,1447.864344,91.296491,0,1539.160835,5.057678,5.057678
BTC,weekly,otm10,h00,0,0,weekly_otm10_h00,batch_years_otm10_2020_2026,171,2023,2023-04-28T08:00:00.000Z,2023-05-05T08:00:00.000Z,29505,29069,31971.324454,31660.232916,1.08359,0,-472.445262,161.353724,0,-311.091538,-0.973033,-0.973033
BTC,weekly,otm10,h00,0,0,weekly_otm10_h00,batch_years_otm10_2020_2026,172,2023,2023-05-05T08:00:00.000Z,2023-05-12T08:00:00.000Z,29069,26298,31660.232916,28753.03467,1.089141,0,-3018.009062,110.810815,0,-2907.198246,-9.182492,-9.182492
BTC,weekly,otm10,h00,0,0,weekly_otm10_h00,batch_years_otm10_2020_2026,173,2023,2023-05-12T08:00:00.000Z,2023-05-19T08:00:00.000Z,26298,26869.5,28753.03467,29449.76931,1.093354,0,624.852054,71.882587,0,696.734641,2.423169,2.423169
BTC,weekly,otm10,h00,0,0,weekly_otm10_h00,batch_years_otm10_2020_2026,174,2023,2023-05-19T08:00:00.000Z,2023-05-26T08:00:00.000Z,26869.5,26517,29449.76931,29107.593504,1.09603,0,-386.35046,44.174654,0,-342.175806,-1.161896,-1.161896
BTC,weekly,otm10,h00,0,0,weekly_otm10_h00,batch_years_otm10_2020_2026,175,2023,2023-05-26T08:00:00.000Z,2023-06-02T08:00:00.000Z,26517,27059,29107.593504,29723.998151,1.097696,0,594.951,21.453646,0,616.404647,2.117676,2.117676
BTC,weekly,otm10,h00,0,0,weekly_otm10_h00,batch_years_otm10_2020_2026,176,2023,2023-06-02T08:00:00.000Z,2023-06-09T08:00:00.000Z,27059,26509.5,29723.998151,29127.112376,1.098488,0,-603.619387,6.733611,0,-596.885775,-2.008094,-2.008094
BTC,weekly,otm10,h00,0,0,weekly_otm10_h00,batch_years_otm10_2020_2026,177,2023,2023-06-09T08:00:00.000Z,2023-06-16T08:00:00.000Z,26509.5,25513,29127.112376,28075.906215,1.098742,0,-1094.896829,43.690669,0,-1051.20616,-3.60903,-3.60903
BTC,weekly,otm10,h00,0,0,weekly_otm10_h00,batch_years_otm10_2020_2026,178,2023,2023-06-16T08:00:00.000Z,2023-06-23T08:00:00.000Z,25513,29937,28075.906215,30815.840319,1.100455,0,4868.412539,-2128.478435,0,2739.934103,9.759023,9.759023
BTC,weekly,otm10,h00,0,0,weekly_otm10_h00,batch_years_otm10_2020_2026,179,2023,2023-06-23T08:00:00.000Z,2023-06-30T08:00:00.000Z,29937,30765,30815.840319,31776.002797,1.029356,0,852.307038,107.855441,0,960.162479,3.115808,3.115808
BTC,weekly,otm10,h00,0,0,weekly_otm10_h00,batch_years_otm10_2020_2026,180,2023,2023-06-30T08:00:00.000Z,2023-07-07T08:00:00.000Z,30765,30018,31776.002797,31058.443098,1.032862,0,-771.547996,53.988297,0,-717.559699,-2.258181,-2.258181
BTC,weekly,otm10,h00,0,0,weekly_otm10_h00,batch_years_otm10_2020_2026,181,2023,2023-07-07T08:00:00.000Z,2023-07-14T08:00:00.000Z,30018,31118,31058.443098,32295.95682,1.034661,0,1138.126704,99.387018,0,1237.513722,3.984468,3.984468
BTC,weekly,otm10,h00,0,0,weekly_otm10_h00,batch_years_otm10_2020_2026,182,2023,2023-07-14T08:00:00.000Z,2023-07-21T08:00:00.000Z,31118,29772.5,32295.95682,31002.870631,1.037855,0,-1396.433251,103.347062,0,-1293.086189,-4.003864,-4.003864
BTC,weekly,otm10,h00,0,0,weekly_otm10_h00,batch_years_otm10_2020_2026,183,2023,2023-07-21T08:00:00.000Z,2023-07-28T08:00:00.000Z,29772.5,29135,31002.870631,30388.630064,1.041326,0,-663.84516,49.604593,0,-614.240567,-1.981238,-1.981238
BTC,weekly,otm10,h00,0,0,weekly_otm10_h00,batch_years_otm10_2020_2026,184,2023,2023-07-28T08:00:00.000Z,2023-08-04T08:00:00.000Z,29135,29199,30388.630064,30457.479778,1.043028,0,66.753812,2.095901,0,68.849714,0.226564,0.226564
BTC,weekly,otm10,h00,0,0,weekly_otm10_h00,batch_years_otm10_2020_2026,185,2023,2023-08-04T08:00:00.000Z,2023-08-11T08:00:00.000Z,29199,29385.5,30457.479778,30688.566922,1.0431,0,194.538168,36.548976,0,231.087144,0.758721,0.758721
BTC,weekly,otm10,h00,0,0,weekly_otm10_h00,batch_years_otm10_2020_2026,186,2023,2023-08-11T08:00:00.000Z,2023-08-18T08:00:00.000Z,29385.5,26404.5,30688.566922,27624.479539,1.044344,0,-3113.18909,49.101707,0,-3064.087383,-9.984459,-9.984459
BTC,weekly,otm10,h00,0,0,weekly_otm10_h00,batch_years_otm10_2020_2026,187,2023,2023-08-18T08:00:00.000Z,2023-08-25T08:00:00.000Z,26404.5,25962,27624.479539,27249.932838,1.046203,0,-462.945036,88.398335,0,-374.546701,-1.355851,-1.355851
BTC,weekly,otm10,h00,0,0,weekly_otm10_h00,batch_years_otm10_2020_2026,188,2023,2023-08-25T08:00:00.000Z,2023-09-01T08:00:00.000Z,25962,25975,27249.932838,27344.425886,1.049608,0,13.644909,80.848139,0,94.493048,0.346764,0.346764
BTC,weekly,otm10,h00,0,0,weekly_otm10_h00,batch_years_otm10_2020_2026,189,2023,2023-09-01T08:00:00.000Z,2023-09-08T08:00:00.000Z,25975,26254.5,27344.425886,27646.459285,1.052721,0,294.235497,7.797902,0,302.033399,1.104552,1.104552
BTC,weekly,otm10,h00,0,0,weekly_otm10_h00,batch_years_otm10_2020_2026,190,2023,2023-09-08T08:00:00.000Z,2023-09-15T08:00:00.000Z,26254.5,26578,27646.459285,28017.521691,1.053018,0,340.651301,30.411105,0,371.062406,1.34217,1.34217
BTC,weekly,otm10,h00,0,0,weekly_otm10_h00,batch_years_otm10_2020_2026,191,2023,2023-09-15T08:00:00.000Z,2023-09-22T08:00:00.000Z,26578,26676.5,28017.521691,28166.184698,1.054162,0,103.834972,44.828035,0,148.663007,0.530607,0.530607
BTC,weekly,otm10,h00,0,0,weekly_otm10_h00,batch_years_otm10_2020_2026,192,2023,2023-09-22T08:00:00.000Z,2023-09-29T08:00:00.000Z,26676.5,27172.5,28166.184698,28734.948515,1.055843,0,523.697922,45.065896,0,568.763817,2.019314,2.019314
BTC,weekly,otm10,h00,0,0,weekly_otm10_h00,batch_years_otm10_2020_2026,193,2023,2023-09-29T08:00:00.000Z,2023-10-06T08:00:00.000Z,27172.5,27646,28734.948515,29237.60494,1.057501,0,500.726769,1.929656,0,502.656425,1.749286,1.749286
BTC,weekly,otm10,h00,0,0,weekly_otm10_h00,batch_years_otm10_2020_2026,194,2023,2023-10-06T08:00:00.000Z,2023-10-13T08:00:00.000Z,27646,26873,29237.60494,28446.416483,1.057571,0,-817.502301,26.313844,0,-791.188457,-2.706065,-2.706065
BTC,weekly,otm10,h00,0,0,weekly_otm10_h00,batch_years_otm10_2020_2026,195,2023,2023-10-13T08:00:00.000Z,2023-10-20T08:00:00.000Z,26873,29273.5,28446.416483,31010.2231,1.05855,0,2541.049483,22.757133,0,2563.806617,9.012758,9.012758
BTC,weekly,otm10,h00,0,0,weekly_otm10_h00,batch_years_otm10_2020_2026,196,2023,2023-10-20T08:00:00.000Z,2023-10-27T08:00:00.000Z,29273.5,33970,31010.2231,33911.313449,1.059327,0,4975.131528,-2074.041179,0,2901.090349,9.355271,9.355271
BTC,weekly,otm10,h00,0,0,weekly_otm10_h00,batch_years_otm10_2020_2026,197,2023,2023-10-27T08:00:00.000Z,2023-11-03T08:00:00.000Z,33970,34492,33911.313449,34843.969333,0.998272,0,521.098193,411.55769,0,932.655884,2.750279,2.750279
BTC,weekly,otm10,h00,0,0,weekly_otm10_h00,batch_years_otm10_2020_2026,198,2023,2023-11-03T08:00:00.000Z,2023-11-10T08:00:00.000Z,34492,36465.5,34843.969333,37011.827515,1.010204,0,1993.638336,174.219847,0,2167.858182,6.221617,6.221617
BTC,weekly,otm10,h00,0,0,weekly_otm10_h00,batch_years_otm10_2020_2026,199,2023,2023-11-10T08:00:00.000Z,2023-11-17T08:00:00.000Z,36465.5,36250.5,37011.827515,37089.700997,1.014982,0,-218.221138,296.09462,0,77.873482,0.210402,0.210402
BTC,weekly,otm10,h00,0,0,weekly_otm10_h00,batch_years_otm10_2020_2026,200,2023,2023-11-17T08:00:00.000Z,2023-11-24T08:00:00.000Z,36250.5,37562,37089.700997,38617.010796,1.02315,0,1341.861295,185.448505,0,1527.3098,4.117881,4.117881
BTC,weekly,otm10,h00,0,0,weekly_otm10_h00,batch_years_otm10_2020_2026,201,2023,2023-11-24T08:00:00.000Z,2023-12-01T08:00:00.000Z,37562,38282,38617.010796,39450.133697,1.028087,0,740.222772,92.900128,0,833.122901,2.157399,2.157399
BTC,weekly,otm10,h00,0,0,weekly_otm10_h00,batch_years_otm10_2020_2026,202,2023,2023-12-01T08:00:00.000Z,2023-12-08T08:00:00.000Z,38282,43194.5,39450.133697,43294.981903,1.030514,0,5062.399608,-1217.551402,0,3844.848206,9.746097,9.746097
BTC,weekly,otm10,h00,0,0,weekly_otm10_h00,batch_years_otm10_2020_2026,203,2023,2023-12-08T08:00:00.000Z,2023-12-15T08:00:00.000Z,43194.5,42749,43294.981903,42982.659995,1.002326,0,-446.536352,134.214444,0,-312.321908,-0.721381,-0.721381
BTC,weekly,otm10,h00,0,0,weekly_otm10_h00,batch_years_otm10_2020_2026,204,2023,2023-12-15T08:00:00.000Z,2023-12-22T08:00:00.000Z,42749,43615.5,42982.659995,43974.24761,1.005466,0,871.236167,120.351448,0,991.587615,2.306948,2.306948
BTC,weekly,otm10,h00,0,0,weekly_otm10_h00,batch_years_otm10_2020_2026,205,2023,2023-12-22T08:00:00.000Z,2023-12-29T08:00:00.000Z,43615.5,42343.5,43974.24761,42889.669229,1.008225,0,-1282.462495,197.884114,0,-1084.578381,-2.466394,-2.466394
BTC,weekly,otm10,h00,0,0,weekly_otm10_h00,batch_years_otm10_2020_2026,206,2024,2024-01-05T08:00:00.000Z,2024-01-12T08:00:00.000Z,43847.5,46046.5,42889.669229,45705.422843,0.978155,0,2150.963741,664.789873,0,2815.753614,6.565109,6.66847
BTC,weekly,otm10,h00,0,0,weekly_otm10_h00,batch_years_otm10_2020_2026,207,2024,2024-01-12T08:00:00.000Z,2024-01-19T08:00:00.000Z,46046.5,41231,45705.422843,41071.849727,0.992593,0,-4779.830469,146.257353,0,-4633.573116,-10.137907,-10.137907
BTC,weekly,otm10,h00,0,0,weekly_otm10_h00,batch_years_otm10_2020_2026,208,2024,2024-01-19T08:00:00.000Z,2024-01-26T08:00:00.000Z,41231,39984,41071.849727,39940.557099,0.99614,0,-1242.186622,110.893994,0,-1131.292628,-2.754423,-2.754423
BTC,weekly,otm10,h00,0,0,weekly_otm10_h00,batch_years_otm10_2020_2026,209,2024,2024-01-26T08:00:00.000Z,2024-02-02T08:00:00.000Z,39984,43082,39940.557099,43145.151848,0.998913,0,3094.634001,109.960748,0,3204.594749,8.02341,8.02341
BTC,weekly,otm10,h00,0,0,weekly_otm10_h00,batch_years_otm10_2020_2026,210,2024,2024-02-02T08:00:00.000Z,2024-02-09T08:00:00.000Z,43082,46235.5,43145.151848,46390.374686,1.001466,0,3158.122565,87.100273,0,3245.222838,7.52164,7.52164
BTC,weekly,otm10,h00,0,0,weekly_otm10_h00,batch_years_otm10_2020_2026,211,2024,2024-02-09T08:00:00.000Z,2024-02-16T08:00:00.000Z,46235.5,51810,46390.374686,50284.536731,1.00335,0,5593.172858,-1699.010813,0,3894.162045,8.394332,8.394332
BTC,weekly,otm10,h00,0,0,weekly_otm10_h00,batch_years_otm10_2020_2026,212,2024,2024-02-16T08:00:00.000Z,2024-02-23T08:00:00.000Z,51810,50885.5,50284.536731,49663.822119,0.970557,0,-897.279564,276.564952,0,-620.714612,-1.234405,-1.234405
BTC,weekly,otm10,h00,0,0,weekly_otm10_h00,batch_years_otm10_2020_2026,213,2024,2024-02-23T08:00:00.000Z,2024-03-01T08:00:00.000Z,50885.5,61473.5,49663.822119,54698.079262,0.975992,0,10333.799385,-5299.542243,0,5034.257142,10.136669,10.136669
BTC,weekly,otm10,h00,0,0,weekly_otm10_h00,batch_years_otm10_2020_2026,214,2024,2024-03-01T08:00:00.000Z,2024-03-08T08:00:00.000Z,61473.5,67418.5,54698.079262,60262.515068,0.889783,0,5289.760323,274.675483,0,5564.435806,10.173,10.173
BTC,weekly,otm10,h00,0,0,weekly_otm10_h00,batch_years_otm10_2020_2026,215,2024,2024-03-08T08:00:00.000Z,2024-03-15T08:00:00.000Z,67418.5,68388.5,60262.515068,61762.31301,0.893857,0,867.041533,632.756408,0,1499.797942,2.488774,2.488774
BTC,weekly,otm10,h00,0,0,weekly_otm10_h00,batch_years_otm10_2020_2026,216,2024,2024-03-15T08:00:00.000Z,2024-03-22T08:00:00.000Z,68388.5,66196,61762.31301,60461.630586,0.90311,0,-1980.067866,679.385443,0,-1300.682423,-2.105948,-2.105948
BTC,weekly,otm10,h00,0,0,weekly_otm10_h00,batch_years_otm10_2020_2026,217,2024,2024-03-22T08:00:00.000Z,2024-03-29T08:00:00.000Z,66196,69789,60461.630586,64196.841542,0.913373,0,3281.748726,453.462229,0,3735.210956,6.17782,6.17782
BTC,weekly,otm10,h00,0,0,weekly_otm10_h00,batch_years_otm10_2020_2026,218,2024,2024-03-29T08:00:00.000Z,2024-04-05T08:00:00.000Z,69789,66899.5,64196.841542,62112.508206,0.91987,0,-2657.965777,573.632441,0,-2084.333336,-3.246785,-3.246785
BTC,weekly,otm10,h00,0,0,weekly_otm10_h00,batch_years_otm10_2020_2026,219,2024,2024-04-05T08:00:00.000Z,2024-04-12T08:00:00.000Z,66899.5,70778.5,62112.508206,66086.621522,0.928445,0,3601.438267,372.675049,0,3974.113316,6.39825,6.39825
BTC,weekly,otm10,h00,0,0,weekly_otm10_h00,batch_years_otm10_2020_2026,220,2024,2024-04-12T08:00:00.000Z,2024-04-19T08:00:00.000Z,70778.5,64547.5,66086.621522,60665.191751,0.93371,0,-5817.9495,396.519729,0,-5421.429771,-8.203521,-8.203521
BTC,weekly,otm10,h00,0,0,weekly_otm10_h00,batch_years_otm10_2020_2026,221,2024,2024-04-19T08:00:00.000Z,2024-04-26T08:00:00.000Z,64547.5,64301.5,60665.191751,61131.637503,0.939853,0,-231.203953,697.649705,0,466.445752,0.768885,0.768885
BTC,weekly,otm10,h00,0,0,weekly_otm10_h00,batch_years_otm10_2020_2026,222,2024,2024-04-26T08:00:00.000Z,2024-05-03T08:00:00.000Z,64301.5,59144.5,61131.637503,56832.214602,0.950703,0,-4902.776057,603.353156,0,-4299.422901,-7.033057,-7.033057
BTC,weekly,otm10,h00,0,0,weekly_otm10_h00,batch_years_otm10_2020_2026,223,2024,2024-05-03T08:00:00.000Z,2024-05-10T08:00:00.000Z,59144.5,63064,56832.214602,60831.491764,0.960904,0,3766.265082,233.01208,0,3999.277162,7.03699,7.03699
BTC,weekly,otm10,h00,0,0,weekly_otm10_h00,batch_years_otm10_2020_2026,224,2024,2024-05-10T08:00:00.000Z,2024-05-17T08:00:00.000Z,63064,66431,60831.491764,64280.04161,0.964599,0,3247.805924,200.743923,0,3448.549846,5.669021,5.669021
BTC,weekly,otm10,h00,0,0,weekly_otm10_h00,batch_years_otm10_2020_2026,225,2024,2024-05-17T08:00:00.000Z,2024-05-24T08:00:00.000Z,66431,67139.5,64280.04161,65139.157318,0.967621,0,685.559595,173.556112,0,859.115708,1.33652,1.33652
BTC,weekly,otm10,h00,0,0,weekly_otm10_h00,batch_years_otm10_2020_2026,226,2024,2024-05-24T08:00:00.000Z,2024-05-31T08:00:00.000Z,67139.5,68113,65139.157318,66233.473089,0.970206,0,944.495709,149.820062,0,1094.315771,1.679966,1.679966
BTC,weekly,otm10,h00,0,0,weekly_otm10_h00,batch_years_otm10_2020_2026,227,2024,2024-05-31T08:00:00.000Z,2024-06-07T08:00:00.000Z,68113,71090.5,66233.473089,69197.151418,0.972406,0,2895.338131,68.340198,0,2963.678329,4.474593,4.474593
BTC,weekly,otm10,h00,0,0,weekly_otm10_h00,batch_years_otm10_2020_2026,228,2024,2024-06-07T08:00:00.000Z,2024-06-14T08:00:00.000Z,71090.5,66887,69197.151418,65354.7127,0.973367,0,-4091.548463,249.109745,0,-3842.438718,-5.552886,-5.552886
BTC,weekly,otm10,h00,0,0,weekly_otm10_h00,batch_years_otm10_2020_2026,229,2024,2024-06-14T08:00:00.000Z,2024-06-21T08:00:00.000Z,66887,64147,65354.7127,62782.049795,0.977091,0,-2677.230445,104.56754,0,-2572.662905,-3.936461,-3.936461
BTC,weekly,otm10,h00,0,0,weekly_otm10_h00,batch_years_otm10_2020_2026,230,2024,2024-06-21T08:00:00.000Z,2024-06-28T08:00:00.000Z,64147,61265.5,62782.049795,60118.818839,0.978722,0,-2820.18608,156.955124,0,-2663.230956,-4.242026,-4.242026
BTC,weekly,otm10,h00,0,0,weekly_otm10_h00,batch_years_otm10_2020_2026,231,2024,2024-06-28T08:00:00.000Z,2024-07-05T08:00:00.000Z,61265.5,54349.5,60118.818839,53410.421335,0.981283,0,-6786.556073,78.158569,0,-6708.397504,-11.158565,-11.158565
BTC,weekly,otm10,h00,0,0,weekly_otm10_h00,batch_years_otm10_2020_2026,232,2024,2024-07-05T08:00:00.000Z,2024-07-12T08:00:00.000Z,54349.5,57151,53410.421335,56430.567681,0.982721,0,2753.09424,267.052107,0,3020.146346,5.654601,5.654601
BTC,weekly,otm10,h00,0,0,weekly_otm10_h00,batch_years_otm10_2020_2026,233,2024,2024-07-12T08:00:00.000Z,2024-07-19T08:00:00.000Z,57151,63746.5,56430.567681,62271.317264,0.987394,0,6512.358649,-671.609066,0,5840.749583,10.350329,10.350329
BTC,weekly,otm10,h00,0,0,weekly_otm10_h00,batch_years_otm10_2020_2026,234,2024,2024-07-19T08:00:00.000Z,2024-07-26T08:00:00.000Z,63746.5,66960,62271.317264,65640.856275,0.976859,0,3139.135137,230.403874,0,3369.539011,5.411061,5.411061
BTC,weekly,otm10,h00,0,0,weekly_otm10_h00,batch_years_otm10_2020_2026,235,2024,2024-07-26T08:00:00.000Z,2024-08-02T08:00:00.000Z,66960,64096,65640.856275,62959.887894,0.9803,0,-2807.577843,126.609462,0,-2680.968381,-4.084298,-4.084298
BTC,weekly,otm10,h00,0,0,weekly_otm10_h00,batch_years_otm10_2020_2026,236,2024,2024-08-02T08:00:00.000Z,2024-08-09T08:00:00.000Z,64096,60862.5,62959.887894,59906.666779,0.982275,0,-3176.185682,122.964567,0,-3053.221115,-4.84947,-4.84947
BTC,weekly,otm10,h00,0,0,weekly_otm10_h00,batch_years_otm10_2020_2026,237,2024,2024-08-09T08:00:00.000Z,2024-08-16T08:00:00.000Z,60862.5,58485,59906.666779,57824.103601,0.984295,0,-2340.161845,257.598667,0,-2082.563177,-3.476346,-3.476346
BTC,weekly,otm10,h00,0,0,weekly_otm10_h00,batch_years_otm10_2020_2026,238,2024,2024-08-16T08:00:00.000Z,2024-08-23T08:00:00.000Z,58485,61060.5,57824.103601,60613.360986,0.9887,0,2546.39615,242.861235,0,2789.257385,4.823693,4.823693
BTC,weekly,otm10,h00,0,0,weekly_otm10_h00,batch_years_otm10_2020_2026,239,2024,2024-08-23T08:00:00.000Z,2024-08-30T08:00:00.000Z,61060.5,59300.5,60613.360986,59072.334691,0.992677,0,-1747.111723,206.085427,0,-1541.026295,-2.542387,-2.542387
BTC,weekly,otm10,h00,0,0,weekly_otm10_h00,batch_years_otm10_2020_2026,240,2024,2024-08-30T08:00:00.000Z,2024-09-06T08:00:00.000Z,59300.5,55758,59072.334691,55722.333553,0.996152,0,-3528.869835,178.868697,0,-3350.001138,-5.671015,-5.671015
BTC,weekly,otm10,h00,0,0,weekly_otm10_h00,batch_years_otm10_2020_2026,241,2024,2024-09-06T08:00:00.000Z,2024-09-13T08:00:00.000Z,55758,58100,55722.333553,58397.169458,0.99936,0,2340.501904,334.334001,0,2674.835906,4.800294,4.800294
BTC,weekly,otm10,h00,0,0,weekly_otm10_h00,batch_years_otm10_2020_2026,242,2024,2024-09-13T08:00:00.000Z,2024-09-20T08:00:00.000Z,58100,63532,58397.169458,64020.465087,1.005115,0,5459.783554,163.512074,0,5623.295629,9.629398,9.629398
BTC,weekly,otm10,h00,0,0,weekly_otm10_h00,batch_years_otm10_2020_2026,243,2024,2024-09-20T08:00:00.000Z,2024-09-27T08:00:00.000Z,63532,65483.5,64020.465087,66223.844894,1.007688,0,1966.504086,236.875721,0,2203.379807,3.44168,3.44168
BTC,weekly,otm10,h00,0,0,weekly_otm10_h00,batch_years_otm10_2020_2026,244,2024,2024-09-27T08:00:00.000Z,2024-10-04T08:00:00.000Z,65483.5,61423,66223.844894,62196.606164,1.011306,0,-4106.407296,79.168567,0,-4027.23873,-6.081252,-6.081252
BTC,weekly,otm10,h00,0,0,weekly_otm10_h00,batch_years_otm10_2020_2026,245,2024,2024-10-04T08:00:00.000Z,2024-10-11T08:00:00.000Z,61423,60617.5,62196.606164,61530.232963,1.012595,0,-815.645056,149.271855,0,-666.373201,-1.071398,-1.071398
BTC,weekly,otm10,h00,0,0,weekly_otm10_h00,batch_years_otm10_2020_2026,246,2024,2024-10-11T08:00:00.000Z,2024-10-18T08:00:00.000Z,60617.5,67978.5,61530.232963,68123.84998,1.015057,0,7471.836431,-878.219414,0,6593.617017,10.716061,10.716061
BTC,weekly,otm10,h00,0,0,weekly_otm10_h00,batch_years_otm10_2020_2026,247,2024,2024-10-18T08:00:00.000Z,2024-10-25T08:00:00.000Z,67978.5,67480,68123.84998,67801.40611,1.002138,0,-499.565881,177.12201,0,-322.443871,-0.47332,-0.47332
BTC,weekly,otm10,h00,0,0,weekly_otm10_h00,batch_years_otm10_2020_2026,248,2024,2024-10-25T08:00:00.000Z,2024-11-01T08:00:00.000Z,67480,69171,67801.40611,69558.363737,1.004763,0,1699.054205,57.903422,0,1756.957627,2.591329,2.591329
BTC,weekly,otm10,h00,0,0,weekly_otm10_h00,batch_years_otm10_2020_2026,249,2024,2024-11-01T08:00:00.000Z,2024-11-08T08:00:00.000Z,69171,76395,69558.363737,76665.931203,1.0056,0,7264.455041,-156.887574,0,7107.567467,10.218135,10.218135
BTC,weekly,otm10,h00,0,0,weekly_otm10_h00,batch_years_otm10_2020_2026,250,2024,2024-11-08T08:00:00.000Z,2024-11-15T08:00:00.000Z,76395,87724.5,76665.931203,84372.225123,1.003546,0,11369.679528,-3663.385609,0,7706.29392,10.051784,10.051784
BTC,weekly,otm10,h00,0,0,weekly_otm10_h00,batch_years_otm10_2020_2026,251,2024,2024-11-15T08:00:00.000Z,2024-11-22T08:00:00.000Z,87724.5,99466,84372.225123,92948.75421,0.961786,0,11292.814223,-2716.285135,0,8576.529087,10.16511,10.16511
BTC,weekly,otm10,h00,0,0,weekly_otm10_h00,batch_years_otm10_2020_2026,252,2024,2024-11-22T08:00:00.000Z,2024-11-29T08:00:00.000Z,99466,95709.5,92948.75421,90274.927696,0.934478,0,-3510.365303,836.538788,0,-2673.826515,-2.876667,-2.876667
BTC,weekly,otm10,h00,0,0,weekly_otm10_h00,batch_years_otm10_2020_2026,253,2024,2024-11-29T08:00:00.000Z,2024-12-06T08:00:00.000Z,95709.5,98239.5,90274.927696,92958.172738,0.943218,0,2386.34166,296.903382,0,2683.245042,2.972304,2.972304
BTC,weekly,otm10,h00,0,0,weekly_otm10_h00,batch_years_otm10_2020_2026,254,2024,2024-12-06T08:00:00.000Z,2024-12-13T08:00:00.000Z,98239.5,100112,92958.172738,95185.502723,0.94624,0,1771.834939,455.495046,0,2227.329985,2.396056,2.396056
BTC,weekly,otm10,h00,0,0,weekly_otm10_h00,batch_years_otm10_2020_2026,255,2024,2024-12-13T08:00:00.000Z,2024-12-20T08:00:00.000Z,100112,97672,95185.502723,93284.390987,0.95079,0,-2319.927947,418.816212,0,-1901.111735,-1.99727,-1.99727
BTC,weekly,otm10,h00,0,0,weekly_otm10_h00,batch_years_otm10_2020_2026,256,2024,2024-12-20T08:00:00.000Z,2024-12-27T08:00:00.000Z,97672,95077,93284.390987,91179.100807,0.955078,0,-2478.427744,373.137564,0,-2105.29018,-2.256852,-2.256852
BTC,weekly,otm10,h00,0,0,weekly_otm10_h00,batch_years_otm10_2020_2026,257,2025,2025-01-03T08:00:00.000Z,2025-01-10T08:00:00.000Z,96289,94500,91179.100807,89795.049044,0.946932,0,-1694.060706,310.008943,0,-1384.051764,-1.517948,-1.523127
BTC,weekly,otm10,h00,0,0,weekly_otm10_h00,batch_years_otm10_2020_2026,258,2025,2025-01-10T08:00:00.000Z,2025-01-17T08:00:00.000Z,94500,101523.5,89795.049044,96819.064835,0.950212,0,6673.8151,350.200691,0,7024.015791,7.822275,7.822275
BTC,weekly,otm10,h00,0,0,weekly_otm10_h00,batch_years_otm10_2020_2026,259,2025,2025-01-17T08:00:00.000Z,2025-01-24T08:00:00.000Z,101523.5,105062,96819.064835,100822.920377,0.953662,0,3374.53162,629.323921,0,4003.855541,4.1354,4.1354
BTC,weekly,otm10,h00,0,0,weekly_otm10_h00,batch_years_otm10_2020_2026,260,2025,2025-01-24T08:00:00.000Z,2025-01-31T08:00:00.000Z,105062,104204.5,100822.920377,100604.956619,0.959652,0,-822.901279,604.937522,0,-217.963757,-0.216185,-0.216185
BTC,weekly,otm10,h00,0,0,weekly_otm10_h00,batch_years_otm10_2020_2026,261,2025,2025-01-31T08:00:00.000Z,2025-02-07T08:00:00.000Z,104204.5,96757.5,100604.956619,94140.579913,0.965457,0,-7189.757755,725.381048,0,-6464.376706,-6.425505,-6.425505
BTC,weekly,otm10,h00,0,0,weekly_otm10_h00,batch_years_otm10_2020_2026,262,2025,2025-02-07T08:00:00.000Z,2025-02-14T08:00:00.000Z,96757.5,96964,94140.579913,94586.260386,0.972954,0,200.914965,244.765508,0,445.680473,0.47342,0.47342
BTC,weekly,otm10,h00,0,0,weekly_otm10_h00,batch_years_otm10_2020_2026,263,2025,2025-02-14T08:00:00.000Z,2025-02-21T08:00:00.000Z,96964,98256,94586.260386,96045.209264,0.975478,0,1260.31773,198.631147,0,1458.948877,1.542453,1.542453
BTC,weekly,otm10,h00,0,0,weekly_otm10_h00,batch_years_otm10_2020_2026,264,2025,2025-02-21T08:00:00.000Z,2025-02-28T08:00:00.000Z,98256,79124,96045.209264,77487.753062,0.9775,0,-18701.524015,144.067814,0,-18557.456201,-19.321584,-19.321584
BTC,weekly,otm10,h00,0,0,weekly_otm10_h00,batch_years_otm10_2020_2026,265,2025,2025-02-28T08:00:00.000Z,2025-03-07T08:00:00.000Z,79124,88346.5,77487.753062,85557.803711,0.97932,0,9031.783057,-961.732409,0,8070.050649,10.414614,10.414614
BTC,weekly,otm10,h00,0,0,weekly_otm10_h00,batch_years_otm10_2020_2026,266,2025,2025-03-07T08:00:00.000Z,2025-03-14T08:00:00.000Z,88346.5,82179,85557.803711,80098.330395,0.968435,0,-5972.820139,513.346822,0,-5459.473316,-6.381035,-6.381035
BTC,weekly,otm10,h00,0,0,weekly_otm10_h00,batch_years_otm10_2020_2026,267,2025,2025-03-14T08:00:00.000Z,2025-03-21T08:00:00.000Z,82179,83866.5,80098.330395,82023.449159,0.974681,0,1644.774608,280.344156,0,1925.118765,2.403444,2.403444
BTC,weekly,otm10,h00,0,0,weekly_otm10_h00,batch_years_otm10_2020_2026,268,2025,2025-03-21T08:00:00.000Z,2025-03-28T08:00:00.000Z,83866.5,85150,82023.449159,83467.396887,0.978024,0,1255.293794,188.653933,0,1443.947727,1.760408,1.760408
BTC,weekly,otm10,h00,0,0,weekly_otm10_h00,batch_years_otm10_2020_2026,269,2025,2025-03-28T08:00:00.000Z,2025-04-04T08:00:00.000Z,85150,84004.5,83467.396887,82399.818114,0.98024,0,-1122.864394,55.285621,0,-1067.578773,-1.279037,-1.279037
BTC,weekly,otm10,h00,0,0,weekly_otm10_h00,batch_years_otm10_2020_2026,270,2025,2025-04-04T08:00:00.000Z,2025-04-11T08:00:00.000Z,84004.5,81217,82399.818114,79879.805392,0.980898,0,-2734.252248,214.239527,0,-2520.012721,-3.058275,-3.058275
BTC,weekly,otm10,h00,0,0,weekly_otm10_h00,batch_years_otm10_2020_2026,271,2025,2025-04-11T08:00:00.000Z,2025-04-18T08:00:00.000Z,81217,84656.5,79879.805392,83534.267197,0.983536,0,3382.870466,271.591338,0,3654.461804,4.574951,4.574951
BTC,weekly,otm10,h00,0,0,weekly_otm10_h00,batch_years_otm10_2020_2026,272,2025,2025-04-18T08:00:00.000Z,2025-04-25T08:00:00.000Z,84656.5,93805.5,83534.267197,92687.286618,0.986744,0,9027.71802,125.301401,0,9153.019421,10.957203,10.957203
BTC,weekly,otm10,h00,0,0,weekly_otm10_h00,batch_years_otm10_2020_2026,273,2025,2025-04-25T08:00:00.000Z,2025-05-02T08:00:00.000Z,93805.5,96401.5,92687.286618,95386.292779,0.988079,0,2565.054246,133.951915,0,2699.006161,2.911949,2.911949
BTC,weekly,otm10,h00,0,0,weekly_otm10_h00,batch_years_otm10_2020_2026,274,2025,2025-05-02T08:00:00.000Z,2025-05-09T08:00:00.000Z,96401.5,103643,95386.292779,102599.286501,0.989469,0,7165.239536,47.754186,0,7212.993722,7.561877,7.561877
BTC,weekly,otm10,h00,0,0,weekly_otm10_h00,batch_years_otm10_2020_2026,275,2025,2025-05-09T08:00:00.000Z,2025-05-16T08:00:00.000Z,103643,103721,102599.286501,102871.439664,0.98993,0,77.214519,194.938644,0,272.153163,0.265258,0.265258
BTC,weekly,otm10,h00,0,0,weekly_otm10_h00,batch_years_otm10_2020_2026,276,2025,2025-05-16T08:00:00.000Z,2025-05-23T08:00:00.000Z,103721,110744.5,102871.439664,109960.857147,0.991809,0,6965.971756,123.445728,0,7089.417483,6.891531,6.891531
BTC,weekly,otm10,h00,0,0,weekly_otm10_h00,batch_years_otm10_2020_2026,277,2025,2025-05-23T08:00:00.000Z,2025-05-30T08:00:00.000Z,110744.5,105075,109960.857147,104815.303057,0.992924,0,-5629.381862,483.827771,0,-5145.55409,-4.679442,-4.679442
BTC,weekly,otm10,h00,0,0,weekly_otm10_h00,batch_years_otm10_2020_2026,278,2025,2025-05-30T08:00:00.000Z,2025-06-06T08:00:00.000Z,105075,103189,104815.303057,103016.628323,0.997528,0,-1881.338678,82.663944,0,-1798.674734,-1.716042,-1.716042
BTC,weekly,otm10,h00,0,0,weekly_otm10_h00,batch_years_otm10_2020_2026,279,2025,2025-06-06T08:00:00.000Z,2025-06-13T08:00:00.000Z,103189,104946.5,103016.628323,104874.209142,0.99833,0,1754.564191,103.016628,0,1857.580819,1.803185,1.803185
BTC,weekly,otm10,h00,0,0,weekly_otm10_h00,batch_years_otm10_2020_2026,280,2025,2025-06-13T08:00:00.000Z,2025-06-20T08:00:00.000Z,104946.5,105827.5,104874.209142,105922.401012,0.999311,0,880.393136,167.798735,0,1048.191871,0.999475,0.999475
BTC,weekly,otm10,h00,0,0,weekly_otm10_h00,batch_years_otm10_2020_2026,281,2025,2025-06-20T08:00:00.000Z,2025-06-27T08:00:00.000Z,105827.5,106900,105922.401012,107197.115341,1.000897,0,1073.461766,201.252562,0,1274.714328,1.203442,1.203442
BTC,weekly,otm10,h00,0,0,weekly_otm10_h00,batch_years_otm10_2020_2026,282,2025,2025-06-27T08:00:00.000Z,2025-07-04T08:00:00.000Z,106900,108773,107197.115341,109118.57564,1.002779,0,1878.205772,43.254527,0,1921.460299,1.792455,1.792455
BTC,weekly,otm10,h00,0,0,weekly_otm10_h00,batch_years_otm10_2020_2026,283,2025,2025-07-04T08:00:00.000Z,2025-07-11T08:00:00.000Z,108773,117660.5,109118.57564,118121.6064,1.003177,0,8915.7359,87.294861,0,9003.03076,8.250686,8.250686
BTC,weekly,otm10,h00,0,0,weekly_otm10_h00,batch_years_otm10_2020_2026,284,2025,2025-07-11T08:00:00.000Z,2025-07-18T08:00:00.000Z,117660.5,119520,118121.6064,120141.951788,1.003919,0,1866.7873,153.558088,0,2020.345388,1.710394,1.710394
BTC,weekly,otm10,h00,0,0,weekly_otm10_h00,batch_years_otm10_2020_2026,285,2025,2025-07-18T08:00:00.000Z,2025-07-25T08:00:00.000Z,119520,115272.5,120141.951788,116124.646974,1.005204,0,-4269.602913,252.298099,0,-4017.304815,-3.343799,-3.343799
BTC,weekly,otm10,h00,0,0,weekly_otm10_h00,batch_years_otm10_2020_2026,286,2025,2025-07-25T08:00:00.000Z,2025-08-01T08:00:00.000Z,115272.5,115063.5,116124.646974,115967.782978,1.007392,0,-210.545023,53.681028,0,-156.863995,-0.135082,-0.135082
BTC,weekly,otm10,h00,0,0,weekly_otm10_h00,batch_years_otm10_2020_2026,287,2025,2025-08-01T08:00:00.000Z,2025-08-08T08:00:00.000Z,115063.5,116904,115967.782978,117838.259814,1.007859,0,1854.964472,15.512363,0,1870.476835,1.612928,1.612928
BTC,weekly,otm10,h00,0,0,weekly_otm10_h00,batch_years_otm10_2020_2026,288,2025,2025-08-08T08:00:00.000Z,2025-08-15T08:00:00.000Z,116904,119082,117838.259814,120080.801005,1.007992,0,2195.405888,47.135304,0,2242.541191,1.903067,1.903067
BTC,weekly,otm10,h00,0,0,weekly_otm10_h00,batch_years_otm10_2020_2026,289,2025,2025-08-15T08:00:00.000Z,2025-08-22T08:00:00.000Z,119082,113083,120080.801005,114151.565157,1.008388,0,-6049.316649,120.080801,0,-5929.235848,-4.937705,-4.937705
BTC,weekly,otm10,h00,0,0,weekly_otm10_h00,batch_years_otm10_2020_2026,290,2025,2025-08-22T08:00:00.000Z,2025-08-29T08:00:00.000Z,113083,109990,114151.565157,111166.320077,1.009449,0,-3122.226957,136.981878,0,-2985.245079,-2.615159,-2.615159
BTC,weekly,otm10,h00,0,0,weekly_otm10_h00,batch_years_otm10_2020_2026,291,2025,2025-08-29T08:00:00.000Z,2025-09-05T08:00:00.000Z,109990,113000.5,111166.320077,114250.522204,1.010695,0,3042.696669,41.505458,0,3084.202126,2.774403,2.774403
BTC,weekly,otm10,h00,0,0,weekly_otm10_h00,batch_years_otm10_2020_2026,292,2025,2025-09-05T08:00:00.000Z,2025-09-12T08:00:00.000Z,113000.5,115201,114250.522204,116589.614865,1.011062,0,2224.842139,114.250522,0,2339.092661,2.047337,2.047337
BTC,weekly,otm10,h00,0,0,weekly_otm10_h00,batch_years_otm10_2020_2026,293,2025,2025-09-12T08:00:00.000Z,2025-09-19T08:00:00.000Z,115201,116964.5,116589.614865,118502.620395,1.012054,0,1784.756954,128.248576,0,1913.00553,1.640803,1.640803
BTC,weekly,otm10,h00,0,0,weekly_otm10_h00,batch_years_otm10_2020_2026,294,2025,2025-09-19T08:00:00.000Z,2025-09-26T08:00:00.000Z,116964.5,109350,118502.620395,110859.088869,1.01315,0,-7714.633098,71.101572,0,-7643.531526,-6.450095,-6.450095
BTC,weekly,otm10,h00,0,0,weekly_otm10_h00,batch_years_otm10_2020_2026,295,2025,2025-09-26T08:00:00.000Z,2025-10-03T08:00:00.000Z,109350,119788,110859.088869,121444.354915,1.013801,0,10582.050019,3.216027,0,10585.266046,9.548397,9.548397
BTC,weekly,otm10,h00,0,0,weekly_otm10_h00,batch_years_otm10_2020_2026,296,2025,2025-10-03T08:00:00.000Z,2025-10-10T08:00:00.000Z,119788,120949,121444.354915,122803.575043,1.013827,0,1177.053595,182.166532,0,1359.220128,1.119212,1.119212
BTC,weekly,otm10,h00,0,0,weekly_otm10_h00,batch_years_otm10_2020_2026,297,2025,2025-10-10T08:00:00.000Z,2025-10-17T08:00:00.000Z,120949,105597,122803.575043,107363.53899,1.015334,0,-15587.400343,147.36429,0,-15440.036053,-12.572953,-12.572953
BTC,weekly,otm10,h00,0,0,weekly_otm10_h00,batch_years_otm10_2020_2026,298,2025,2025-10-17T08:00:00.000Z,2025-10-24T08:00:00.000Z,105597,111138,107363.53899,113265.643582,1.016729,0,5633.695745,268.408847,0,5902.104592,5.497308,5.497308
BTC,weekly,otm10,h00,0,0,weekly_otm10_h00,batch_years_otm10_2020_2026,299,2025,2025-10-24T08:00:00.000Z,2025-10-31T08:00:00.000Z,111138,109420.5,113265.643582,111764.447904,1.019144,0,-1750.380094,249.184416,0,-1501.195678,-1.325376,-1.325376
BTC,weekly,otm10,h00,0,0,weekly_otm10_h00,batch_years_otm10_2020_2026,300,2025,2025-10-31T08:00:00.000Z,2025-11-07T08:00:00.000Z,109420.5,101931,111764.447904,104297.659133,1.021421,0,-7649.936096,183.147325,0,-7466.788771,-6.680826,-6.680826
BTC,weekly,otm10,h00,0,0,weekly_otm10_h00,batch_years_otm10_2020_2026,301,2025,2025-11-07T08:00:00.000Z,2025-11-14T08:00:00.000Z,101931,97013,104297.659133,99463.637347,1.023218,0,-5032.187339,198.165552,0,-4834.021786,-4.634832,-4.634832
BTC,weekly,otm10,h00,0,0,weekly_otm10_h00,batch_years_otm10_2020_2026,302,2025,2025-11-14T08:00:00.000Z,2025-11-21T08:00:00.000Z,97013,83841.5,99463.637347,86257.80409,1.025261,0,-13504.224169,298.390912,0,-13205.833257,-13.277046,-13.277046
BTC,weekly,otm10,h00,0,0,weekly_otm10_h00,batch_years_otm10_2020_2026,303,2025,2025-11-21T08:00:00.000Z,2025-11-28T08:00:00.000Z,83841.5,90947,86257.80409,94042.501849,1.02882,0,7310.279837,474.417922,0,7784.69776,9.02492,9.02492
BTC,weekly,otm10,h00,0,0,weekly_otm10_h00,batch_years_otm10_2020_2026,304,2025,2025-11-28T08:00:00.000Z,2025-12-05T08:00:00.000Z,90947,92219.5,94042.501849,95893.832579,1.034036,0,1315.811226,535.519503,0,1851.33073,1.968611,1.968611
BTC,weekly,otm10,h00,0,0,weekly_otm10_h00,batch_years_otm10_2020_2026,305,2025,2025-12-05T08:00:00.000Z,2025-12-12T08:00:00.000Z,92219.5,92466.5,95893.832579,96428.765998,1.039843,0,256.841304,278.092114,0,534.933419,0.557839,0.557839
BTC,weekly,otm10,h00,0,0,weekly_otm10_h00,batch_years_otm10_2020_2026,306,2025,2025-12-12T08:00:00.000Z,2025-12-19T08:00:00.000Z,92466.5,87926,96428.765998,91896.202226,1.042851,0,-4735.06418,202.500409,0,-4532.563772,-4.700427,-4.700427
BTC,weekly,otm10,h00,0,0,weekly_otm10_h00,batch_years_otm10_2020_2026,307,2025,2025-12-19T08:00:00.000Z,2025-12-26T08:00:00.000Z,87926,88458,91896.202226,92663.585368,1.045154,0,556.021877,211.361265,0,767.383142,0.835054,0.835054
BTC,weekly,otm10,h00,0,0,weekly_otm10_h00,batch_years_otm10_2020_2026,308,2026,2026-01-02T08:00:00.000Z,2026-01-09T08:00:00.000Z,88798,90678,92663.585368,94645.824522,1.043532,0,1961.840813,20.398341,0,1982.239154,2.139178,2.139649
BTC,weekly,otm10,h00,0,0,weekly_otm10_h00,batch_years_otm10_2020_2026,309,2026,2026-01-09T08:00:00.000Z,2026-01-16T08:00:00.000Z,90678,95656.5,94645.824522,99917.886904,1.043757,0,5196.345722,75.71666,0,5272.062382,5.570306,5.570306
BTC,weekly,otm10,h00,0,0,weekly_otm10_h00,batch_years_otm10_2020_2026,310,2026,2026-01-16T08:00:00.000Z,2026-01-23T08:00:00.000Z,95656.5,89460.5,99917.886904,93545.780127,1.044549,0,-6472.024664,99.917887,0,-6372.106777,-6.377343,-6.377343
BTC,weekly,otm10,h00,0,0,weekly_otm10_h00,batch_years_otm10_2020_2026,311,2026,2026-01-23T08:00:00.000Z,2026-01-30T08:00:00.000Z,89460.5,82627.5,93545.780127,86484.937313,1.045666,0,-7145.034016,84.191202,0,-7060.842814,-7.548008,-7.548008
BTC,weekly,otm10,h00,0,0,weekly_otm10_h00,batch_years_otm10_2020_2026,312,2026,2026-01-30T08:00:00.000Z,2026-02-06T08:00:00.000Z,82627.5,64724,86484.937313,67827.31366,1.046685,0,-18739.318934,81.695281,0,-18657.623653,-21.573264,-21.573264
BTC,weekly,otm10,h00,0,0,weekly_otm10_h00,batch_years_otm10_2020_2026,313,2026,2026-02-06T08:00:00.000Z,2026-02-13T08:00:00.000Z,64724,66140.5,67827.31366,69990.003548,1.047947,0,1484.416751,678.273137,0,2162.689888,3.188524,3.188524
BTC,weekly,otm10,h00,0,0,weekly_otm10_h00,batch_years_otm10_2020_2026,314,2026,2026-02-13T08:00:00.000Z,2026-02-20T08:00:00.000Z,66140.5,67786,69990.003548,71906.249803,1.058202,0,1741.271246,174.975009,0,1916.246255,2.737886,2.737886
BTC,weekly,otm10,h00,0,0,weekly_otm10_h00,batch_years_otm10_2020_2026,315,2026,2026-02-20T08:00:00.000Z,2026-02-27T08:00:00.000Z,67786,67649,71906.249803,71919.116254,1.060783,0,-145.327298,158.19375,0,12.866452,0.017893,0.017893
BTC,weekly,otm10,h00,0,0,weekly_otm10_h00,batch_years_otm10_2020_2026,316,2026,2026-02-27T08:00:00.000Z,2026-03-06T08:00:00.000Z,67649,71054,71919.116254,75788.68802,1.063122,0,3619.929206,249.64256,0,3869.571766,5.38045,5.38045
BTC,weekly,otm10,h00,0,0,weekly_otm10_h00,batch_years_otm10_2020_2026,317,2026,2026-03-06T08:00:00.000Z,2026-03-13T08:00:00.000Z,71054,71660.5,75788.68802,76700.862596,1.066635,0,646.914168,265.260408,0,912.174576,1.203576,1.203576
BTC,weekly,otm10,h00,0,0,weekly_otm10_h00,batch_years_otm10_2020_2026,318,2026,2026-03-13T08:00:00.000Z,2026-03-20T08:00:00.000Z,71660.5,70856,76700.862596,76131.240005,1.070337,0,-861.08587,291.463278,0,-569.622592,-0.742655,-0.742655
BTC,weekly,otm10,h00,0,0,weekly_otm10_h00,batch_years_otm10_2020_2026,319,2026,2026-03-20T08:00:00.000Z,2026-03-27T08:00:00.000Z,70856,68521,76131.240005,73805.113875,1.07445,0,-2508.841106,182.714976,0,-2326.12613,-3.055416,-3.055416
BTC,weekly,otm10,h00,0,0,weekly_otm10_h00,batch_years_otm10_2020_2026,320,2026,2026-03-27T08:00:00.000Z,2026-04-03T08:00:00.000Z,68521,67040.5,73805.113875,72437.822635,1.077117,0,-1594.671285,227.380045,0,-1367.29124,-1.85257,-1.85257
BTC,weekly,otm10,h00,0,0,weekly_otm10_h00,batch_years_otm10_2020_2026,321,2026,2026-04-03T08:00:00.000Z,2026-04-10T08:00:00.000Z,67040.5,71480.5,72437.822635,77307.717704,1.080508,0,4797.457246,72.437823,0,4869.895069,6.722862,6.722862
BTC,weekly,otm10,h00,0,0,weekly_otm10_h00,batch_years_otm10_2020_2026,322,2026,2026-04-10T08:00:00.000Z,2026-04-17T08:00:00.000Z,71480.5,75069,77307.717704,81235.143247,1.081522,0,3881.040913,46.384631,0,3927.425544,5.08025,5.08025
BTC,weekly,otm10,h00,0,0,weekly_otm10_h00,batch_years_otm10_2020_2026,323,2026,2026-04-17T08:00:00.000Z,2026-04-24T08:00:00.000Z,75069,77693,81235.143247,84147.789383,1.08214,0,2839.534507,73.111629,0,2912.646136,3.585451,3.585451
BTC,weekly,otm10,h00,0,0,weekly_otm10_h00,batch_years_otm10_2020_2026,324,2026,2026-04-24T08:00:00.000Z,2026-05-01T08:00:00.000Z,77693,77173,84147.789383,83684.485955,1.083081,0,-563.201968,99.89854,0,-463.303428,-0.550583,-0.550583
BTC,weekly,otm10,h00,0,0,weekly_otm10_h00,batch_years_otm10_2020_2026,325,2026,2026-05-01T08:00:00.000Z,2026-05-08T08:00:00.000Z,77173,79684,83684.485955,86447.840272,1.084375,0,2722.866083,40.488235,0,2763.354318,3.302111,3.302111
BTC,weekly,otm10,h10,0.1,10,weekly_otm10_h10,batch_years_otm10_2020_2026,1,2020,2020-01-03T08:00:00.000Z,2020-01-10T08:00:00.000Z,7194,7747,7172.418,7690.142154,0.997,0.0997,551.341,21.517254,-55.1341,517.724154,7.218265,8.010994
BTC,weekly,otm10,h10,0.1,10,weekly_otm10_h10,batch_years_otm10_2020_2026,2,2020,2020-01-10T08:00:00.000Z,2020-01-17T08:00:00.000Z,7747,8938.5,7690.142154,8770.0021,0.992661,0.099266,1182.75518,15.380284,-118.275518,1079.859946,14.042132,15.580147
BTC,weekly,otm10,h10,0.1,10,weekly_otm10_h10,batch_years_otm10_2020_2026,3,2020,2020-01-17T08:00:00.000Z,2020-01-24T08:00:00.000Z,8938.5,8325.5,8770.0021,8276.937099,0.981149,0.098115,-601.444458,48.235012,60.144446,-493.065001,-5.622177,-6.307974
BTC,weekly,otm10,h10,0.1,10,weekly_otm10_h10,batch_years_otm10_2020_2026,4,2020,2020-01-24T08:00:00.000Z,2020-01-31T08:00:00.000Z,8325.5,9362.5,8276.937099,8927.219228,0.994167,0.099417,1030.951147,-277.573903,-103.095115,650.282129,7.856555,9.102126
BTC,weekly,otm10,h10,0.1,10,weekly_otm10_h10,batch_years_otm10_2020_2026,5,2020,2020-01-31T08:00:00.000Z,2020-02-07T08:00:00.000Z,9362.5,9791.5,8927.219228,9357.171968,0.953508,0.095351,409.054958,61.803277,-40.905496,429.95274,4.8162,5.274411
BTC,weekly,otm10,h10,0.1,10,weekly_otm10_h10,batch_years_otm10_2020_2026,6,2020,2020-02-07T08:00:00.000Z,2020-02-14T08:00:00.000Z,9791.5,10136,9357.171968,9695.576149,0.955642,0.095564,329.218786,42.107274,-32.921879,338.404181,3.616522,3.968358
BTC,weekly,otm10,h10,0.1,10,weekly_otm10_h10,batch_years_otm10_2020_2026,7,2020,2020-02-14T08:00:00.000Z,2020-02-21T08:00:00.000Z,10136,9695.5,9695.576149,9403.61266,0.956549,0.095655,-421.359638,87.260185,42.135964,-291.963489,-3.011306,-3.445896
BTC,weekly,otm10,h10,0.1,10,weekly_otm10_h10,batch_years_otm10_2020_2026,8,2020,2020-02-21T08:00:00.000Z,2020-02-28T08:00:00.000Z,9695.5,8731.5,9403.61266,8590.342982,0.969895,0.096989,-934.978351,28.210838,93.497835,-813.269678,-8.648481,-9.642757
BTC,weekly,otm10,h10,0.1,10,weekly_otm10_h10,batch_years_otm10_2020_2026,9,2020,2020-02-28T08:00:00.000Z,2020-03-06T08:00:00.000Z,8731.5,9109,8590.342982,8948.162512,0.983834,0.098383,371.39718,23.562068,-37.139718,357.81953,4.16537,4.597712
BTC,weekly,otm10,h10,0.1,10,weekly_otm10_h10,batch_years_otm10_2020_2026,10,2020,2020-03-06T08:00:00.000Z,2020-03-13T08:00:00.000Z,9109,5251.5,8948.162512,5582.453967,0.982343,0.098234,-3789.388175,44.740813,378.938818,-3365.708545,-37.613404,-41.848227
BTC,weekly,otm10,h10,0.1,10,weekly_otm10_h10,batch_years_otm10_2020_2026,11,2020,2020-03-13T08:00:00.000Z,2020-03-20T08:00:00.000Z,5251.5,6321.5,5582.453967,6426.533975,1.063021,0.106302,1137.432304,-179.609065,-113.74323,844.080009,15.120232,17.157745
BTC,weekly,otm10,h10,0.1,10,weekly_otm10_h10,batch_years_otm10_2020_2026,12,2020,2020-03-20T08:00:00.000Z,2020-03-27T08:00:00.000Z,6321.5,6721,6426.533975,7052.332653,1.016615,0.101662,406.137835,260.274626,-40.613783,625.798677,9.737732,10.369703
BTC,weekly,otm10,h10,0.1,10,weekly_otm10_h10,batch_years_otm10_2020_2026,13,2020,2020-03-27T08:00:00.000Z,2020-04-03T08:00:00.000Z,6721,6942,7052.332653,7910.079491,1.049298,0.10493,231.894884,649.041443,-23.189488,857.746839,12.162598,12.491418
BTC,weekly,otm10,h10,0.1,10,weekly_otm10_h10,batch_years_otm10_2020_2026,14,2020,2020-04-03T08:00:00.000Z,2020-04-10T08:00:00.000Z,6942,6929.5,7910.079491,7964.496326,1.139453,0.113945,-14.243157,67.235676,1.424316,54.416835,0.687943,0.669937
BTC,weekly,otm10,h10,0.1,10,weekly_otm10_h10,batch_years_otm10_2020_2026,15,2020,2020-04-10T08:00:00.000Z,2020-04-17T08:00:00.000Z,6929.5,7056.5,7964.496326,8135.690758,1.149361,0.114936,145.968834,39.822482,-14.596883,171.194432,2.14947,2.332744
BTC,weekly,otm10,h10,0.1,10,weekly_otm10_h10,batch_years_otm10_2020_2026,16,2020,2020-04-17T08:00:00.000Z,2020-04-24T08:00:00.000Z,7056.5,7584,8135.690758,8731.861125,1.152936,0.115294,608.173581,48.814145,-60.817358,596.170367,7.32784,8.075377
BTC,weekly,otm10,h10,0.1,10,weekly_otm10_h10,batch_years_otm10_2020_2026,17,2020,2020-04-24T08:00:00.000Z,2020-05-01T08:00:00.000Z,7584,8778.5,8731.861125,9243.096729,1.151353,0.115135,1375.291154,-726.526435,-137.529115,511.235604,5.85483,7.429856
BTC,weekly,otm10,h10,0.1,10,weekly_otm10_h10,batch_years_otm10_2020_2026,18,2020,2020-05-01T08:00:00.000Z,2020-05-08T08:00:00.000Z,8778.5,9834,9243.096729,10281.803738,1.052924,0.105292,1111.36169,38.481487,-111.136169,1038.707009,11.237652,12.440021
BTC,weekly,otm10,h10,0.1,10,weekly_otm10_h10,batch_years_otm10_2020_2026,19,2020,2020-05-08T08:00:00.000Z,2020-05-15T08:00:00.000Z,9834,9676.5,10281.803738,10292.966929,1.045536,0.104554,-164.671963,159.367958,16.467196,11.163191,0.108572,-0.051586
BTC,weekly,otm10,h10,0.1,10,weekly_otm10_h10,batch_years_otm10_2020_2026,20,2020,2020-05-15T08:00:00.000Z,2020-05-22T08:00:00.000Z,9676.5,9070.5,10292.966929,9810.60397,1.063708,0.106371,-644.606827,97.783186,64.460683,-482.362958,-4.686335,-5.312595
BTC,weekly,otm10,h10,0.1,10,weekly_otm10_h10,batch_years_otm10_2020_2026,21,2020,2020-05-22T08:00:00.000Z,2020-05-29T08:00:00.000Z,9070.5,9526,9810.60397,10337.393817,1.081595,0.108159,492.666348,83.390134,-49.266635,526.789847,5.369596,5.871774
BTC,weekly,otm10,h10,0.1,10,weekly_otm10_h10,batch_years_otm10_2020_2026,22,2020,2020-05-29T08:00:00.000Z,2020-06-05T08:00:00.000Z,9526,9782,10337.393817,10750.053772,1.085177,0.108518,277.805251,162.63523,-27.780525,412.659955,3.991915,4.260653
BTC,weekly,otm10,h10,0.1,10,weekly_otm10_h10,batch_years_otm10_2020_2026,23,2020,2020-06-05T08:00:00.000Z,2020-06-12T08:00:00.000Z,9782,9426.5,10750.053772,10468.315985,1.098963,0.109896,-390.681263,69.87535,39.068126,-281.737787,-2.620804,-2.984226
BTC,weekly,otm10,h10,0.1,10,weekly_otm10_h10,batch_years_otm10_2020_2026,24,2020,2020-06-12T08:00:00.000Z,2020-06-19T08:00:00.000Z,9426.5,9288,10468.315985,10445.041153,1.11052,0.111052,-153.807008,115.151476,15.380701,-23.274832,-0.222336,-0.369262
BTC,weekly,otm10,h10,0.1,10,weekly_otm10_h10,batch_years_otm10_2020_2026,25,2020,2020-06-19T08:00:00.000Z,2020-06-26T08:00:00.000Z,9288,9115,10445.041153,10332.615265,1.124574,0.112457,-194.551262,62.670247,19.455126,-112.425889,-1.076357,-1.262618
BTC,weekly,otm10,h10,0.1,10,weekly_otm10_h10,batch_years_otm10_2020_2026,26,2020,2020-06-26T08:00:00.000Z,2020-07-03T08:00:00.000Z,9115,9101,10332.615265,10329.873465,1.133584,0.113358,-15.870172,11.541354,1.587017,-2.7418,-0.026535,-0.041895
BTC,weekly,otm10,h10,0.1,10,weekly_otm10_h10,batch_years_otm10_2020_2026,27,2020,2020-07-03T08:00:00.000Z,2020-07-10T08:00:00.000Z,9101,9147,10329.873465,10397.523296,1.135026,0.113503,52.211205,20.659747,-5.221121,67.649832,0.654895,0.705439
BTC,weekly,otm10,h10,0.1,10,weekly_otm10_h10,batch_years_otm10_2020_2026,28,2020,2020-07-10T08:00:00.000Z,2020-07-17T08:00:00.000Z,9147,9100,10397.523296,10375.434101,1.136714,0.113671,-53.42556,25.993808,5.342556,-22.089196,-0.212447,-0.26383
BTC,weekly,otm10,h10,0.1,10,weekly_otm10_h10,batch_years_otm10_2020_2026,29,2020,2020-07-17T08:00:00.000Z,2020-07-24T08:00:00.000Z,9100,9524.5,10375.434101,10831.782178,1.140158,0.114016,483.996898,20.750868,-48.39969,456.348077,4.398352,4.864835
BTC,weekly,otm10,h10,0.1,10,weekly_otm10_h10,batch_years_otm10_2020_2026,30,2020,2020-07-24T08:00:00.000Z,2020-07-31T08:00:00.000Z,9524.5,11168,10831.782178,11281.940844,1.137255,0.113725,1869.078063,-1232.01159,-186.907806,450.158666,4.155906,5.881456
BTC,weekly,otm10,h10,0.1,10,weekly_otm10_h10,batch_years_otm10_2020_2026,31,2020,2020-07-31T08:00:00.000Z,2020-08-07T08:00:00.000Z,11168,11800,11281.940844,11918.288551,1.010202,0.10102,638.447942,61.744559,-63.844794,636.347707,5.64041,6.206312
BTC,weekly,otm10,h10,0.1,10,weekly_otm10_h10,batch_years_otm10_2020_2026,32,2020,2020-08-07T08:00:00.000Z,2020-08-14T08:00:00.000Z,11800,11730,11918.288551,11926.166742,1.010024,0.101002,-70.701712,71.509731,7.070171,7.878191,0.066102,0.00678
BTC,weekly,otm10,h10,0.1,10,weekly_otm10_h10,batch_years_otm10_2020_2026,33,2020,2020-08-14T08:00:00.000Z,2020-08-21T08:00:00.000Z,11730,11846,11926.166742,12080.017343,1.016724,0.101672,117.939927,47.704667,-11.793993,153.850601,1.290026,1.388917
BTC,weekly,otm10,h10,0.1,10,weekly_otm10_h10,batch_years_otm10_2020_2026,34,2020,2020-08-21T08:00:00.000Z,2020-08-28T08:00:00.000Z,11846,11381.5,12080.017343,11695.988839,1.019755,0.101975,-473.676182,42.280061,47.367618,-384.028503,-3.179039,-3.571155
BTC,weekly,otm10,h10,0.1,10,weekly_otm10_h10,batch_years_otm10_2020_2026,35,2020,2020-08-28T08:00:00.000Z,2020-09-04T08:00:00.000Z,11381.5,10302.5,11695.988839,10701.542317,1.027632,0.102763,-1108.814476,3.486505,110.881448,-994.446523,-8.502458,-9.450488
BTC,weekly,otm10,h10,0.1,10,weekly_otm10_h10,batch_years_otm10_2020_2026,36,2020,2020-09-04T08:00:00.000Z,2020-09-11T08:00:00.000Z,10302.5,10257.5,10701.542317,10739.735215,1.038733,0.103873,-46.742966,80.261567,4.674297,38.192898,0.356892,0.313213
BTC,weekly,otm10,h10,0.1,10,weekly_otm10_h10,batch_years_otm10_2020_2026,37,2020,2020-09-11T08:00:00.000Z,2020-09-18T08:00:00.000Z,10257.5,10967,10739.735215,11478.113605,1.047013,0.104701,742.85568,69.808279,-74.285568,738.378391,6.875201,7.56689
BTC,weekly,otm10,h10,0.1,10,weekly_otm10_h10,batch_years_otm10_2020_2026,38,2020,2020-09-18T08:00:00.000Z,2020-09-25T08:00:00.000Z,10967,10687,11478.113605,11271.759792,1.046605,0.10466,-293.049312,57.390568,29.304931,-206.353813,-1.797802,-2.053114
BTC,weekly,otm10,h10,0.1,10,weekly_otm10_h10,batch_years_otm10_2020_2026,39,2020,2020-09-25T08:00:00.000Z,2020-10-02T08:00:00.000Z,10687,10488,11271.759792,11085.804513,1.054717,0.105472,-209.888668,2.944522,20.988867,-185.955279,-1.649745,-1.835952
BTC,weekly,otm10,h10,0.1,10,weekly_otm10_h10,batch_years_otm10_2020_2026,40,2020,2020-10-02T08:00:00.000Z,2020-10-09T08:00:00.000Z,10488,10905,11085.804513,11483.347932,1.056999,0.1057,440.768543,0.85173,-44.076854,397.543419,3.586058,3.983656
BTC,weekly,otm10,h10,0.1,10,weekly_otm10_h10,batch_years_otm10_2020_2026,41,2020,2020-10-09T08:00:00.000Z,2020-10-16T08:00:00.000Z,10905,11322,11483.347932,11895.777033,1.053035,0.105304,439.115643,17.225022,-43.911564,412.429101,3.591541,3.973934
BTC,weekly,otm10,h10,0.1,10,weekly_otm10_h10,batch_years_otm10_2020_2026,42,2020,2020-10-16T08:00:00.000Z,2020-10-23T08:00:00.000Z,11322,12901.5,11895.777033,12486.213976,1.050678,0.105068,1659.546001,-903.154458,-165.9546,590.436943,4.963416,6.358488
BTC,weekly,otm10,h10,0.1,10,weekly_otm10_h10,batch_years_otm10_2020_2026,43,2020,2020-10-23T08:00:00.000Z,2020-10-30T08:00:00.000Z,12901.5,13229,12486.213976,12840.150453,0.967811,0.096781,316.958112,68.674177,-31.695811,353.936477,2.834618,3.088465
BTC,weekly,otm10,h10,0.1,10,weekly_otm10_h10,batch_years_otm10_2020_2026,44,2020,2020-10-30T08:00:00.000Z,2020-11-06T08:00:00.000Z,13229,15786.5,12840.150453,14343.830379,0.970606,0.097061,2482.325556,-730.413075,-248.232556,1503.679925,11.710766,13.644018
BTC,weekly,otm10,h10,0.1,10,weekly_otm10_h10,batch_years_otm10_2020_2026,45,2020,2020-11-06T08:00:00.000Z,2020-11-13T08:00:00.000Z,15786.5,16294,14343.830379,14945.309487,0.908614,0.090861,461.121459,186.469795,-46.112146,601.479108,4.193295,4.514772
BTC,weekly,otm10,h10,0.1,10,weekly_otm10_h10,batch_years_otm10_2020_2026,46,2020,2020-11-13T08:00:00.000Z,2020-11-20T08:00:00.000Z,16294,18254,14945.309487,16469.537519,0.917228,0.091723,1797.766454,-93.761776,-179.776645,1524.228033,10.198705,11.401602
BTC,weekly,otm10,h10,0.1,10,weekly_otm10_h10,batch_years_otm10_2020_2026,47,2020,2020-11-20T08:00:00.000Z,2020-11-27T08:00:00.000Z,18254,17105,16469.537519,15676.519453,0.902243,0.090224,-1036.676817,139.991069,103.667682,-793.018066,-4.81506,-5.444511
BTC,weekly,otm10,h10,0.1,10,weekly_otm10_h10,batch_years_otm10_2020_2026,48,2020,2020-11-27T08:00:00.000Z,2020-12-04T08:00:00.000Z,17105,19331,15676.519453,17397.839923,0.916488,0.091649,2040.101275,-114.770678,-204.010127,1721.320469,10.980246,12.28162
BTC,weekly,otm10,h10,0.1,10,weekly_otm10_h10,batch_years_otm10_2020_2026,49,2020,2020-12-04T08:00:00.000Z,2020-12-11T08:00:00.000Z,19331,17789,17397.839923,16409.791834,0.899997,0.09,-1387.795208,260.967599,138.779521,-988.048088,-5.679142,-6.476825
BTC,weekly,otm10,h10,0.1,10,weekly_otm10_h10,batch_years_otm10_2020_2026,50,2020,2020-12-11T08:00:00.000Z,2020-12-18T08:00:00.000Z,17789,23113.5,16409.791834,18135.085098,0.922468,0.092247,4911.683435,-2695.221827,-491.168343,1725.293264,10.513803,13.506945
BTC,weekly,otm10,h10,0.1,10,weekly_otm10_h10,batch_years_otm10_2020_2026,51,2020,2020-12-18T08:00:00.000Z,2020-12-25T08:00:00.000Z,23113.5,23678,18135.085098,18887.340409,0.78461,0.078461,442.912391,353.634159,-44.291239,752.255311,4.148066,4.392296
BTC,weekly,otm10,h10,0.1,10,weekly_otm10_h10,batch_years_otm10_2020_2026,52,2021,2021-01-01T08:00:00.000Z,2021-01-08T08:00:00.000Z,29186.5,38963.5,18887.340409,20380.474498,0.647126,0.064713,6326.950034,-4201.120943,-632.695003,1493.134088,7.905476,11.43701
BTC,weekly,otm10,h10,0.1,10,weekly_otm10_h10,batch_years_otm10_2020_2026,53,2021,2021-01-08T08:00:00.000Z,2021-01-15T08:00:00.000Z,38963.5,38500,20380.474498,20987.686814,0.523066,0.052307,-242.441001,825.409217,24.2441,607.212317,2.979383,2.860425
BTC,weekly,otm10,h10,0.1,10,weekly_otm10_h10,batch_years_otm10_2020_2026,54,2021,2021-01-15T08:00:00.000Z,2021-01-22T08:00:00.000Z,38500,30768,20987.686814,18411.489143,0.545135,0.054513,-4214.981674,1217.285835,421.498167,-2576.197671,-12.274805,-14.283117
BTC,weekly,otm10,h10,0.1,10,weekly_otm10_h10,batch_years_otm10_2020_2026,55,2021,2021-01-22T08:00:00.000Z,2021-01-29T08:00:00.000Z,30768,32305.5,18411.489143,19782.660382,0.598397,0.05984,920.0359,543.13893,-92.00359,1371.171239,7.447367,7.947075
BTC,weekly,otm10,h10,0.1,10,weekly_otm10_h10,batch_years_otm10_2020_2026,56,2021,2021-01-29T08:00:00.000Z,2021-02-05T08:00:00.000Z,32305.5,37760.5,19782.660382,22362.58571,0.612362,0.061236,3340.434675,-426.46588,-334.043467,2579.925328,13.041347,14.729914
BTC,weekly,otm10,h10,0.1,10,weekly_otm10_h10,batch_years_otm10_2020_2026,57,2021,2021-02-05T08:00:00.000Z,2021-02-12T08:00:00.000Z,37760.5,47474,22362.58571,24815.330462,0.592222,0.059222,5752.545022,-2724.545768,-575.254502,2452.744752,10.968073,13.54047
BTC,weekly,otm10,h10,0.1,10,weekly_otm10_h10,batch_years_otm10_2020_2026,58,2021,2021-02-12T08:00:00.000Z,2021-02-19T08:00:00.000Z,47474,51744,24815.330462,27531.35777,0.522714,0.052271,2231.989322,707.236918,-223.198932,2716.027308,10.944957,11.844397
BTC,weekly,otm10,h10,0.1,10,weekly_otm10_h10,batch_years_otm10_2020_2026,59,2021,2021-02-19T08:00:00.000Z,2021-02-26T08:00:00.000Z,51744,44988.5,27531.35777,24970.925535,0.532069,0.053207,-3594.389444,674.518265,359.438944,-2560.432235,-9.300058,-10.60562
BTC,weekly,otm10,h10,0.1,10,weekly_otm10_h10,batch_years_otm10_2020_2026,60,2021,2021-02-26T08:00:00.000Z,2021-03-05T08:00:00.000Z,44988.5,47388,24970.925535,27089.293891,0.555051,0.055505,1331.845601,919.707315,-133.18456,2118.368356,8.483339,9.016698
BTC,weekly,otm10,h10,0.1,10,weekly_otm10_h10,batch_years_otm10_2020_2026,61,2021,2021-03-05T08:00:00.000Z,2021-03-12T08:00:00.000Z,47388,56772,27089.293891,29659.485257,0.571649,0.057165,5364.352449,-2257.725839,-536.435245,2570.191366,9.487849,11.468097
BTC,weekly,otm10,h10,0.1,10,weekly_otm10_h10,batch_years_otm10_2020_2026,62,2021,2021-03-12T08:00:00.000Z,2021-03-19T08:00:00.000Z,56772,57851,29659.485257,30789.667748,0.522432,0.052243,563.703667,622.84919,-56.370367,1130.182491,3.810526,4.000585
BTC,weekly,otm10,h10,0.1,10,weekly_otm10_h10,batch_years_otm10_2020_2026,63,2021,2021-03-19T08:00:00.000Z,2021-03-26T08:00:00.000Z,57851,53607.5,30789.667748,29203.476151,0.532224,0.053222,-2258.490866,446.450182,225.849087,-1586.191597,-5.151701,-5.885223
BTC,weekly,otm10,h10,0.1,10,weekly_otm10_h10,batch_years_otm10_2020_2026,64,2021,2021-03-26T08:00:00.000Z,2021-04-02T08:00:00.000Z,53607.5,59507.5,29203.476151,32224.865743,0.544765,0.054476,3214.112005,128.688788,-321.4112,3021.389592,10.345993,11.446585
BTC,weekly,otm10,h10,0.1,10,weekly_otm10_h10,batch_years_otm10_2020_2026,65,2021,2021-04-02T08:00:00.000Z,2021-04-09T08:00:00.000Z,59507.5,58130.5,32224.865743,31900.275736,0.541526,0.054153,-745.681471,346.523316,74.568147,-324.590008,-1.007266,-1.238665
BTC,weekly,otm10,h10,0.1,10,weekly_otm10_h10,batch_years_otm10_2020_2026,66,2021,2021-04-09T08:00:00.000Z,2021-04-16T08:00:00.000Z,58130.5,61460,31900.275736,33720.14406,0.54877,0.054877,1827.129787,175.451517,-182.712979,1819.868325,5.704867,6.27763
BTC,weekly,otm10,h10,0.1,10,weekly_otm10_h10,batch_years_otm10_2020_2026,67,2021,2021-04-16T08:00:00.000Z,2021-04-23T08:00:00.000Z,61460,47696,33720.14406,27125.984994,0.548652,0.054865,-7551.644368,202.320864,755.164437,-6594.159067,-19.555548,-21.795054
BTC,weekly,otm10,h10,0.1,10,weekly_otm10_h10,batch_years_otm10_2020_2026,68,2021,2021-04-23T08:00:00.000Z,2021-04-30T08:00:00.000Z,47696,54452.5,27125.984994,29774.237763,0.568727,0.056873,3842.601426,-810.088514,-384.260143,2648.252769,9.762789,11.179365
BTC,weekly,otm10,h10,0.1,10,weekly_otm10_h10,batch_years_otm10_2020_2026,69,2021,2021-04-30T08:00:00.000Z,2021-05-07T08:00:00.000Z,54452.5,55838.5,29774.237763,31169.264807,0.546793,0.054679,757.854893,712.957641,-75.785489,1395.027044,4.685349,4.939883
BTC,weekly,otm10,h10,0.1,10,weekly_otm10_h10,batch_years_otm10_2020_2026,70,2021,2021-05-07T08:00:00.000Z,2021-05-14T08:00:00.000Z,55838.5,50139.5,31169.264807,28555.535638,0.558204,0.05582,-3181.203652,249.354118,318.120365,-2613.729169,-8.385598,-9.40622
BTC,weekly,otm10,h10,0.1,10,weekly_otm10_h10,batch_years_otm10_2020_2026,71,2021,2021-05-14T08:00:00.000Z,2021-05-21T08:00:00.000Z,50139.5,39921.5,28555.535638,23617.932872,0.569522,0.056952,-5819.373212,299.833124,581.937321,-4937.602766,-17.291228,-19.329142
BTC,weekly,otm10,h10,0.1,10,weekly_otm10_h10,batch_years_otm10_2020_2026,72,2021,2021-05-21T08:00:00.000Z,2021-05-28T08:00:00.000Z,39921.5,37035.5,23617.932872,22494.600558,0.591609,0.059161,-1707.384599,413.313825,170.73846,-1123.332314,-4.756269,-5.479187
BTC,weekly,otm10,h10,0.1,10,weekly_otm10_h10,batch_years_otm10_2020_2026,73,2021,2021-05-28T08:00:00.000Z,2021-06-04T08:00:00.000Z,37035.5,36640.5,22494.600558,24003.926097,0.607379,0.060738,-239.914871,1725.248924,23.991487,1509.325539,6.709724,6.603069
BTC,weekly,otm10,h10,0.1,10,weekly_otm10_h10,batch_years_otm10_2020_2026,74,2021,2021-06-04T08:00:00.000Z,2021-06-11T08:00:00.000Z,36640.5,37160,24003.926097,24730.296182,0.65512,0.065512,340.334865,420.068707,-34.033486,726.370085,3.026047,3.16783
BTC,weekly,otm10,h10,0.1,10,weekly_otm10_h10,batch_years_otm10_2020_2026,75,2021,2021-06-11T08:00:00.000Z,2021-06-18T08:00:00.000Z,37160,37686.5,24730.296182,25503.157869,0.665509,0.066551,350.39023,457.510479,-35.039023,772.861686,3.125161,3.266846
BTC,weekly,otm10,h10,0.1,10,weekly_otm10_h10,batch_years_otm10_2020_2026,76,2021,2021-06-18T08:00:00.000Z,2021-06-25T08:00:00.000Z,37686.5,34290.5,25503.157869,23689.866528,0.676719,0.067672,-2298.136577,255.031579,229.813658,-1813.291341,-7.110066,-8.011184
BTC,weekly,otm10,h10,0.1,10,weekly_otm10_h10,batch_years_otm10_2020_2026,77,2021,2021-06-25T08:00:00.000Z,2021-07-02T08:00:00.000Z,34290.5,33382,23689.866528,23618.201206,0.690858,0.069086,-627.6445,493.214728,62.76445,-71.665322,-0.302515,-0.567457
BTC,weekly,otm10,h10,0.1,10,weekly_otm10_h10,batch_years_otm10_2020_2026,78,2021,2021-07-02T08:00:00.000Z,2021-07-09T08:00:00.000Z,33382,32897,23618.201206,23882.867412,0.707513,0.070751,-343.143838,573.49566,34.314384,264.666207,1.120603,0.975315
BTC,weekly,otm10,h10,0.1,10,weekly_otm10_h10,batch_years_otm10_2020_2026,79,2021,2021-07-09T08:00:00.000Z,2021-07-16T08:00:00.000Z,32897,31795,23882.867412,23425.542844,0.725989,0.072599,-800.040122,262.711542,80.004012,-457.324568,-1.914865,-2.24985
BTC,weekly,otm10,h10,0.1,10,weekly_otm10_h10,batch_years_otm10_2020_2026,80,2021,2021-07-16T08:00:00.000Z,2021-07-23T08:00:00.000Z,31795,32501.5,23425.542844,24057.995662,0.736768,0.073677,520.526687,163.9788,-52.052669,632.452818,2.699843,2.922047
BTC,weekly,otm10,h10,0.1,10,weekly_otm10_h10,batch_years_otm10_2020_2026,81,2021,2021-07-23T08:00:00.000Z,2021-07-30T08:00:00.000Z,32501.5,39787.5,24057.995662,26259.186237,0.740212,0.074021,5393.183588,-2652.674655,-539.318359,2201.190575,9.149518,11.39126
BTC,weekly,otm10,h10,0.1,10,weekly_otm10_h10,batch_years_otm10_2020_2026,82,2021,2021-07-30T08:00:00.000Z,2021-08-06T08:00:00.000Z,39787.5,40752.5,26259.186237,27119.870033,0.659986,0.065999,636.886327,287.486102,-63.688633,860.683796,3.277648,3.520187
BTC,weekly,otm10,h10,0.1,10,weekly_otm10_h10,batch_years_otm10_2020_2026,83,2021,2021-08-06T08:00:00.000Z,2021-08-13T08:00:00.000Z,40752.5,46141.5,27119.870033,29961.952056,0.665477,0.066548,3586.258011,-385.550187,-358.625801,2842.082023,10.479704,11.802077
BTC,weekly,otm10,h10,0.1,10,weekly_otm10_h10,batch_years_otm10_2020_2026,84,2021,2021-08-13T08:00:00.000Z,2021-08-20T08:00:00.000Z,46141.5,46812,29961.952056,30893.117046,0.649349,0.064935,435.388725,539.315137,-43.538872,931.164989,3.107825,3.253139
BTC,weekly,otm10,h10,0.1,10,weekly_otm10_h10,batch_years_otm10_2020_2026,85,2021,2021-08-20T08:00:00.000Z,2021-08-27T08:00:00.000Z,46812,47533.5,30893.117046,31738.706245,0.65994,0.065994,476.146799,417.05708,-47.61468,845.589199,2.737144,2.891271
BTC,weekly,otm10,h10,0.1,10,weekly_otm10_h10,batch_years_otm10_2020_2026,86,2021,2021-08-27T08:00:00.000Z,2021-09-03T08:00:00.000Z,47533.5,49323.5,31738.706245,33007.79356,0.667712,0.066771,1195.205154,193.402677,-119.520515,1269.087315,3.998548,4.375124
BTC,weekly,otm10,h10,0.1,10,weekly_otm10_h10,batch_years_otm10_2020_2026,87,2021,2021-09-03T08:00:00.000Z,2021-09-10T08:00:00.000Z,49323.5,46189.5,33007.79356,31549.320343,0.66921,0.066921,-2097.305038,429.101316,209.730504,-1458.473217,-4.418572,-5.053969
BTC,weekly,otm10,h10,0.1,10,weekly_otm10_h10,batch_years_otm10_2020_2026,88,2021,2021-09-10T08:00:00.000Z,2021-09-17T08:00:00.000Z,46189.5,47724,31549.320343,32808.127262,0.683041,0.068304,1048.12635,315.493203,-104.812635,1258.806919,3.989965,4.322184
BTC,weekly,otm10,h10,0.1,10,weekly_otm10_h10,batch_years_otm10_2020_2026,89,2021,2021-09-17T08:00:00.000Z,2021-09-24T08:00:00.000Z,47724,44800.5,32808.127262,31278.197751,0.687456,0.068746,-2009.776214,278.869082,200.977621,-1529.929511,-4.663264,-5.275849
BTC,weekly,otm10,h10,0.1,10,weekly_otm10_h10,batch_years_otm10_2020_2026,90,2021,2021-09-24T08:00:00.000Z,2021-10-01T08:00:00.000Z,44800.5,44823.5,31278.197751,31709.688586,0.698166,0.069817,16.057824,417.038794,-1.605782,431.490836,1.379526,1.38466
BTC,weekly,otm10,h10,0.1,10,weekly_otm10_h10,batch_years_otm10_2020_2026,91,2021,2021-10-01T08:00:00.000Z,2021-10-08T08:00:00.000Z,44823.5,54886,31709.688586,34654.067151,0.707434,0.070743,7118.559269,-3462.324778,-711.855927,2944.378565,9.285423,11.530339
BTC,weekly,otm10,h10,0.1,10,weekly_otm10_h10,batch_years_otm10_2020_2026,92,2021,2021-10-08T08:00:00.000Z,2021-10-15T08:00:00.000Z,54886,59325.5,34654.067151,37575.309799,0.631383,0.063138,2803.023196,398.521772,-280.30232,2921.242648,8.429725,9.238584
BTC,weekly,otm10,h10,0.1,10,weekly_otm10_h10,batch_years_otm10_2020_2026,93,2021,2021-10-15T08:00:00.000Z,2021-10-22T08:00:00.000Z,59325.5,63426.5,37575.309799,40664.541104,0.633375,0.063338,2597.472343,751.506196,-259.747234,3089.231305,8.221439,8.91271
BTC,weekly,otm10,h10,0.1,10,weekly_otm10_h10,batch_years_otm10_2020_2026,94,2021,2021-10-22T08:00:00.000Z,2021-10-29T08:00:00.000Z,63426.5,60639,40664.541104,39544.084303,0.641129,0.064113,-1787.145883,487.974493,178.714588,-1120.456801,-2.755366,-3.194851
BTC,weekly,otm10,h10,0.1,10,weekly_otm10_h10,batch_years_otm10_2020_2026,95,2021,2021-10-29T08:00:00.000Z,2021-11-05T08:00:00.000Z,60639,62143,39544.084303,40775.366964,0.652123,0.065212,980.792935,348.56902,-98.079294,1231.282662,3.113696,3.361721
BTC,weekly,otm10,h10,0.1,10,weekly_otm10_h10,batch_years_otm10_2020_2026,96,2021,2021-11-05T08:00:00.000Z,2021-11-12T08:00:00.000Z,62143,64592,40775.366964,42670.12464,0.656154,0.065615,1606.92071,448.529037,-160.692071,1894.757676,4.646819,5.04091
BTC,weekly,otm10,h10,0.1,10,weekly_otm10_h10,batch_years_otm10_2020_2026,97,2021,2021-11-12T08:00:00.000Z,2021-11-19T08:00:00.000Z,64592,55994.5,42670.12464,37985.190437,0.66061,0.066061,-5679.594944,426.701246,567.959494,-4684.934203,-10.979425,-12.310472
BTC,weekly,otm10,h10,0.1,10,weekly_otm10_h10,batch_years_otm10_2020_2026,98,2021,2021-11-19T08:00:00.000Z,2021-11-26T08:00:00.000Z,55994.5,57049,37985.190437,39046.837995,0.678374,0.067837,715.344959,417.837095,-71.534496,1061.647558,2.794899,2.983221
BTC,weekly,otm10,h10,0.1,10,weekly_otm10_h10,batch_years_otm10_2020_2026,99,2021,2021-11-26T08:00:00.000Z,2021-12-03T08:00:00.000Z,57049,56770,39046.837995,39151.536924,0.684444,0.068444,-190.959838,276.562783,19.095984,104.698929,0.268137,0.219231
BTC,weekly,otm10,h10,0.1,10,weekly_otm10_h10,batch_years_otm10_2020_2026,100,2021,2021-12-03T08:00:00.000Z,2021-12-10T08:00:00.000Z,56770,47738.5,39151.536924,33937.320478,0.689652,0.068965,-6228.590906,391.515369,622.859091,-5214.216446,-13.318038,-14.908931
BTC,weekly,otm10,h10,0.1,10,weekly_otm10_h10,batch_years_otm10_2020_2026,101,2021,2021-12-10T08:00:00.000Z,2021-12-17T08:00:00.000Z,47738.5,46990.5,33937.320478,33815.084169,0.7109,0.07109,-531.753526,356.341865,53.175353,-122.236309,-0.360183,-0.51687
BTC,weekly,otm10,h10,0.1,10,weekly_otm10_h10,batch_years_otm10_2020_2026,102,2021,2021-12-17T08:00:00.000Z,2021-12-24T08:00:00.000Z,46990.5,51060.5,33815.084169,36721.555797,0.719615,0.071962,2928.834394,270.520673,-292.883439,2906.471628,8.595193,9.461325
BTC,weekly,otm10,h10,0.1,10,weekly_otm10_h10,batch_years_otm10_2020_2026,103,2021,2021-12-24T08:00:00.000Z,2021-12-31T08:00:00.000Z,51060.5,47184,36721.555797,34561.30863,0.719177,0.071918,-2787.891052,348.85478,278.789105,-2160.247166,-5.882777,-6.641974
BTC,weekly,otm10,h10,0.1,10,weekly_otm10_h10,batch_years_otm10_2020_2026,104,2022,2022-01-07T08:00:00.000Z,2022-01-14T08:00:00.000Z,41708,42625,34561.30863,35504.402784,0.828649,0.082865,759.871488,259.209815,-75.987149,943.094154,2.728757,2.970901
BTC,weekly,otm10,h10,0.1,10,weekly_otm10_h10,batch_years_otm10_2020_2026,105,2022,2022-01-14T08:00:00.000Z,2022-01-21T08:00:00.000Z,42625,39123,35504.402784,33021.135312,0.832948,0.083295,-2916.983426,142.017611,291.698343,-2483.267473,-6.994252,-7.815836
BTC,weekly,otm10,h10,0.1,10,weekly_otm10_h10,batch_years_otm10_2020_2026,106,2022,2022-01-21T08:00:00.000Z,2022-01-28T08:00:00.000Z,39123,36827,33021.135312,31475.150629,0.844034,0.084403,-1937.901661,198.126812,193.790166,-1545.984683,-4.681804,-5.268671
BTC,weekly,otm10,h10,0.1,10,weekly_otm10_h10,batch_years_otm10_2020_2026,107,2022,2022-01-28T08:00:00.000Z,2022-02-04T08:00:00.000Z,36827,37886,31475.150629,32677.88369,0.854676,0.085468,905.101814,388.141429,-90.510181,1202.733062,3.821215,4.108775
BTC,weekly,otm10,h10,0.1,10,weekly_otm10_h10,batch_years_otm10_2020_2026,108,2022,2022-02-04T08:00:00.000Z,2022-02-11T08:00:00.000Z,37886,43395,32677.88369,35924.454637,0.862532,0.086253,4751.688256,-1029.948483,-475.168826,3246.570947,9.935071,11.38917
BTC,weekly,otm10,h10,0.1,10,weekly_otm10_h10,batch_years_otm10_2020_2026,109,2022,2022-02-11T08:00:00.000Z,2022-02-18T08:00:00.000Z,43395,40656,35924.454637,34045.387108,0.827848,0.082785,-2267.475084,161.660046,226.747508,-1879.067529,-5.230608,-5.861787
BTC,weekly,otm10,h10,0.1,10,weekly_otm10_h10,batch_years_otm10_2020_2026,110,2022,2022-02-18T08:00:00.000Z,2022-02-25T08:00:00.000Z,40656,38512.5,34045.387108,32549.073252,0.837401,0.08374,-1794.969679,119.158855,179.496968,-1496.313856,-4.395056,-4.922285
BTC,weekly,otm10,h10,0.1,10,weekly_otm10_h10,batch_years_otm10_2020_2026,111,2022,2022-02-25T08:00:00.000Z,2022-03-04T08:00:00.000Z,38512.5,41462.5,32549.073252,35153.269666,0.845156,0.084516,2493.210415,360.307041,-249.321041,2604.196414,8.000831,8.766816
BTC,weekly,otm10,h10,0.1,10,weekly_otm10_h10,batch_years_otm10_2020_2026,112,2022,2022-03-04T08:00:00.000Z,2022-03-11T08:00:00.000Z,41462.5,39149.5,35153.269666,33564.102364,0.847833,0.084783,-1961.037389,175.766348,196.103739,-1589.167302,-4.520681,-5.078535
BTC,weekly,otm10,h10,0.1,10,weekly_otm10_h10,batch_years_otm10_2020_2026,113,2022,2022-03-11T08:00:00.000Z,2022-03-18T08:00:00.000Z,39149.5,40598,33564.102364,34967.057538,0.857332,0.085733,1241.844782,285.29487,-124.184478,1402.955173,4.179928,4.54992
BTC,weekly,otm10,h10,0.1,10,weekly_otm10_h10,batch_years_otm10_2020_2026,114,2022,2022-03-18T08:00:00.000Z,2022-03-25T08:00:00.000Z,40598,43967.5,34967.057538,37841.245794,0.8613,0.08613,2902.150361,262.252932,-290.215036,2874.188257,8.219703,9.04967
BTC,weekly,otm10,h10,0.1,10,weekly_otm10_h10,batch_years_otm10_2020_2026,115,2022,2022-03-25T08:00:00.000Z,2022-04-01T08:00:00.000Z,43967.5,45017.5,37841.245794,38890.480304,0.860664,0.086066,903.697233,235.907,-90.369723,1049.234509,2.772727,3.01154
BTC,weekly,otm10,h10,0.1,10,weekly_otm10_h10,batch_years_otm10_2020_2026,116,2022,2022-04-01T08:00:00.000Z,2022-04-08T08:00:00.000Z,45017.5,43759.5,38890.480304,37977.342914,0.863897,0.08639,-1086.782345,64.96672,108.678235,-913.13739,-2.347971,-2.627418
BTC,weekly,otm10,h10,0.1,10,weekly_otm10_h10,batch_years_otm10_2020_2026,117,2022,2022-04-08T08:00:00.000Z,2022-04-15T08:00:00.000Z,43759.5,40233,37977.342914,35336.80129,0.867865,0.086787,-3060.526281,113.932029,306.052628,-2640.541624,-6.952939,-7.758822
BTC,weekly,otm10,h10,0.1,10,weekly_otm10_h10,batch_years_otm10_2020_2026,118,2022,2022-04-15T08:00:00.000Z,2022-04-22T08:00:00.000Z,40233,40734.5,35336.80129,35821.565764,0.878304,0.08783,440.469412,88.342003,-44.046941,484.764474,1.37184,1.496489
BTC,weekly,otm10,h10,0.1,10,weekly_otm10_h10,batch_years_otm10_2020_2026,119,2022,2022-04-22T08:00:00.000Z,2022-04-29T08:00:00.000Z,40734.5,39629,35821.565764,35036.169283,0.879391,0.087939,-972.167105,89.553914,97.216711,-785.39648,-2.192524,-2.463916
BTC,weekly,otm10,h10,0.1,10,weekly_otm10_h10,batch_years_otm10_2020_2026,120,2022,2022-04-29T08:00:00.000Z,2022-05-06T08:00:00.000Z,39629,36356.5,35036.169283,32531.527525,0.884104,0.08841,-2893.23132,99.26643,289.323132,-2504.641758,-7.148732,-7.974516
BTC,weekly,otm10,h10,0.1,10,weekly_otm10_h10,batch_years_otm10_2020_2026,121,2022,2022-05-06T08:00:00.000Z,2022-05-13T08:00:00.000Z,36356.5,30117.5,32531.527525,27637.303651,0.894793,0.089479,-5582.611094,130.12611,558.261109,-4894.223874,-15.044556,-16.760618
BTC,weekly,otm10,h10,0.1,10,weekly_otm10_h10,batch_years_otm10_2020_2026,122,2022,2022-05-13T08:00:00.000Z,2022-05-20T08:00:00.000Z,30117.5,30260,27637.303651,28072.821169,0.917649,0.091765,130.765029,317.828992,-13.076503,435.517518,1.575832,1.623147
BTC,weekly,otm10,h10,0.1,10,weekly_otm10_h10,batch_years_otm10_2020_2026,123,2022,2022-05-20T08:00:00.000Z,2022-05-27T08:00:00.000Z,30260,28958,28072.821169,27224.337312,0.92772,0.092772,-1207.892041,238.61898,120.789204,-848.483857,-3.022439,-3.45271
BTC,weekly,otm10,h10,0.1,10,weekly_otm10_h10,batch_years_otm10_2020_2026,124,2022,2022-05-27T08:00:00.000Z,2022-06-03T08:00:00.000Z,28958,30460,27224.337312,28707.024823,0.940132,0.094013,1412.077997,211.817313,-141.2078,1482.68751,5.446184,5.964866
BTC,weekly,otm10,h10,0.1,10,weekly_otm10_h10,batch_years_otm10_2020_2026,125,2022,2022-06-03T08:00:00.000Z,2022-06-10T08:00:00.000Z,30460,30054,28707.024823,28448.774693,0.94245,0.094245,-382.634671,86.121074,38.263467,-258.250129,-0.899606,-1.032896
BTC,weekly,otm10,h10,0.1,10,weekly_otm10_h10,batch_years_otm10_2020_2026,126,2022,2022-06-10T08:00:00.000Z,2022-06-17T08:00:00.000Z,30054,21064,28448.774693,20960.618734,0.946589,0.094659,-8509.831786,170.692648,850.983179,-7488.155959,-26.321541,-29.312824
BTC,weekly,otm10,h10,0.1,10,weekly_otm10_h10,batch_years_otm10_2020_2026,127,2022,2022-06-17T08:00:00.000Z,2022-06-24T08:00:00.000Z,21064,20924,20960.618734,21233.488893,0.995092,0.099509,-139.312886,398.251756,13.931289,272.870159,1.301823,1.235359
BTC,weekly,otm10,h10,0.1,10,weekly_otm10_h10,batch_years_otm10_2020_2026,128,2022,2022-06-24T08:00:00.000Z,2022-07-01T08:00:00.000Z,20924,19550.5,21233.488893,20745.915658,1.014791,0.101479,-1393.81557,766.860778,139.381557,-487.573235,-2.296246,-2.95267
BTC,weekly,otm10,h10,0.1,10,weekly_otm10_h10,batch_years_otm10_2020_2026,129,2022,2022-07-01T08:00:00.000Z,2022-07-08T08:00:00.000Z,19550.5,21796.5,20745.915658,23198.751509,1.061145,0.106115,2383.331709,307.837314,-238.333171,2452.835851,11.823223,12.972043
BTC,weekly,otm10,h10,0.1,10,weekly_otm10_h10,batch_years_otm10_2020_2026,130,2022,2022-07-08T08:00:00.000Z,2022-07-15T08:00:00.000Z,21796.5,20817.5,23198.751509,22446.557016,1.064334,0.106433,-1041.982783,185.590012,104.198278,-752.194493,-3.242392,-3.691547
BTC,weekly,otm10,h10,0.1,10,weekly_otm10_h10,batch_years_otm10_2020_2026,131,2022,2022-07-15T08:00:00.000Z,2022-07-22T08:00:00.000Z,20817.5,23142,22446.557016,24664.920837,1.078254,0.107825,2506.401911,-37.397899,-250.640191,2218.363821,9.882869,10.999478
BTC,weekly,otm10,h10,0.1,10,weekly_otm10_h10,batch_years_otm10_2020_2026,132,2022,2022-07-22T08:00:00.000Z,2022-07-29T08:00:00.000Z,23142,23977,24664.920837,25798.851724,1.065808,0.106581,889.949395,332.976431,-88.994939,1133.930887,4.597342,4.958158
BTC,weekly,otm10,h10,0.1,10,weekly_otm10_h10,batch_years_otm10_2020_2026,133,2022,2022-07-29T08:00:00.000Z,2022-08-05T08:00:00.000Z,23977,23191.5,25798.851724,25393.158048,1.075983,0.107598,-845.184887,354.972723,84.518489,-405.693675,-1.572526,-1.900132
BTC,weekly,otm10,h10,0.1,10,weekly_otm10_h10,batch_years_otm10_2020_2026,134,2022,2022-08-05T08:00:00.000Z,2022-08-12T08:00:00.000Z,23191.5,23998.5,25393.158048,26302.677704,1.094934,0.109493,883.611605,114.269211,-88.361161,909.519656,3.581751,3.929723
BTC,weekly,otm10,h10,0.1,10,weekly_otm10_h10,batch_years_otm10_2020_2026,135,2022,2022-08-12T08:00:00.000Z,2022-08-19T08:00:00.000Z,23998.5,21895.5,26302.677704,24438.674554,1.096013,0.109601,-2304.916191,210.421422,230.491619,-1864.00315,-7.086743,-7.963048
BTC,weekly,otm10,h10,0.1,10,weekly_otm10_h10,batch_years_otm10_2020_2026,136,2022,2022-08-19T08:00:00.000Z,2022-08-26T08:00:00.000Z,21895.5,21449,24438.674554,24246.755535,1.116151,0.111615,-498.361224,256.606083,49.836122,-191.919019,-0.785309,-0.989232
BTC,weekly,otm10,h10,0.1,10,weekly_otm10_h10,batch_years_otm10_2020_2026,137,2022,2022-08-26T08:00:00.000Z,2022-09-02T08:00:00.000Z,21449,20120,24246.755535,22943.619286,1.130438,0.113044,-1502.351536,48.980134,150.235154,-1303.136249,-5.374477,-5.994086
BTC,weekly,otm10,h10,0.1,10,weekly_otm10_h10,batch_years_otm10_2020_2026,138,2022,2022-09-02T08:00:00.000Z,2022-09-09T08:00:00.000Z,20120,20643.5,22943.619286,23574.036315,1.140339,0.114034,596.96743,93.146342,-59.696743,630.417029,2.747679,3.007868
BTC,weekly,otm10,h10,0.1,10,weekly_otm10_h10,batch_years_otm10_2020_2026,139,2022,2022-09-09T08:00:00.000Z,2022-09-16T08:00:00.000Z,20643.5,19734.5,23574.036315,22828.391722,1.141959,0.114196,-1038.040982,188.592291,103.804098,-745.644593,-3.162991,-3.603323
BTC,weekly,otm10,h10,0.1,10,weekly_otm10_h10,batch_years_otm10_2020_2026,140,2022,2022-09-16T08:00:00.000Z,2022-09-23T08:00:00.000Z,19734.5,19210,22828.391722,22396.477671,1.156776,0.115678,-606.728899,114.141959,60.67289,-431.914051,-1.892004,-2.157782
BTC,weekly,otm10,h10,0.1,10,weekly_otm10_h10,batch_years_otm10_2020_2026,141,2022,2022-09-23T08:00:00.000Z,2022-09-30T08:00:00.000Z,19210,19564,22396.477671,22902.304626,1.165876,0.116588,412.720099,134.378866,-41.27201,505.826955,2.258511,2.44279
BTC,weekly,otm10,h10,0.1,10,weekly_otm10_h10,batch_years_otm10_2020_2026,142,2022,2022-09-30T08:00:00.000Z,2022-10-07T08:00:00.000Z,19564,19940,22902.304626,23414.328631,1.170635,0.117064,440.158789,115.881096,-44.015879,512.024005,2.235688,2.427877
BTC,weekly,otm10,h10,0.1,10,weekly_otm10_h10,batch_years_otm10_2020_2026,143,2022,2022-10-07T08:00:00.000Z,2022-10-14T08:00:00.000Z,19940,19643.5,23414.328631,23206.347393,1.174239,0.117424,-348.161908,105.364479,34.816191,-207.981238,-0.888265,-1.036961
BTC,weekly,otm10,h10,0.1,10,weekly_otm10_h10,batch_years_otm10_2020_2026,144,2022,2022-10-14T08:00:00.000Z,2022-10-21T08:00:00.000Z,19643.5,19031.5,23206.347393,22602.058526,1.181375,0.118138,-723.001736,46.412695,72.300174,-604.288868,-2.603981,-2.915534
BTC,weekly,otm10,h10,0.1,10,weekly_otm10_h10,batch_years_otm10_2020_2026,145,2022,2022-10-21T08:00:00.000Z,2022-10-28T08:00:00.000Z,19031.5,20092,22602.058526,23780.779957,1.187613,0.118761,1259.463682,45.204117,-125.946368,1178.721431,5.215107,5.772341
BTC,weekly,otm10,h10,0.1,10,weekly_otm10_h10,batch_years_otm10_2020_2026,146,2022,2022-10-28T08:00:00.000Z,2022-11-04T08:00:00.000Z,20092,20629,23780.779957,24371.336468,1.183594,0.118359,635.590227,18.525307,-63.559023,590.556511,2.483335,2.750606
BTC,weekly,otm10,h10,0.1,10,weekly_otm10_h10,batch_years_otm10_2020_2026,147,2022,2022-11-04T08:00:00.000Z,2022-11-11T08:00:00.000Z,20629,17276,24371.336468,20830.562521,1.181411,0.118141,-3961.272538,24.371336,396.127254,-3540.773947,-14.528436,-16.153817
BTC,weekly,otm10,h10,0.1,10,weekly_otm10_h10,batch_years_otm10_2020_2026,148,2022,2022-11-11T08:00:00.000Z,2022-11-18T08:00:00.000Z,17276,16731,20830.562521,20405.785921,1.205751,0.120575,-657.134555,166.6445,65.713456,-424.776599,-2.039199,-2.354665
BTC,weekly,otm10,h10,0.1,10,weekly_otm10_h10,batch_years_otm10_2020_2026,149,2022,2022-11-18T08:00:00.000Z,2022-11-25T08:00:00.000Z,16731,16456,20405.785921,20287.577256,1.219639,0.121964,-335.400821,183.652073,33.540082,-118.208665,-0.57929,-0.743655
BTC,weekly,otm10,h10,0.1,10,weekly_otm10_h10,batch_years_otm10_2020_2026,150,2022,2022-11-25T08:00:00.000Z,2022-12-02T08:00:00.000Z,16456,16959.5,20287.577256,20988.170023,1.232838,0.123284,620.733784,141.932361,-62.073378,700.592767,3.453309,3.759277
BTC,weekly,otm10,h10,0.1,10,weekly_otm10_h10,batch_years_otm10_2020_2026,151,2022,2022-12-02T08:00:00.000Z,2022-12-09T08:00:00.000Z,16959.5,17203.5,20988.170023,21272.037129,1.237547,0.123755,301.961348,12.101893,-30.196135,283.867106,1.35251,1.496382
BTC,weekly,otm10,h10,0.1,10,weekly_otm10_h10,batch_years_otm10_2020_2026,152,2022,2022-12-09T08:00:00.000Z,2022-12-16T08:00:00.000Z,17203.5,17512.5,21272.037129,21658.450388,1.236495,0.123649,382.076872,42.544074,-38.207687,386.413259,1.816532,1.996146
BTC,weekly,otm10,h10,0.1,10,weekly_otm10_h10,batch_years_otm10_2020_2026,153,2022,2022-12-16T08:00:00.000Z,2022-12-23T08:00:00.000Z,17512.5,16846,21658.450388,20949.078166,1.236742,0.123674,-824.288776,32.487676,82.428878,-709.372223,-3.275268,-3.655853
BTC,weekly,otm10,h10,0.1,10,weekly_otm10_h10,batch_years_otm10_2020_2026,154,2022,2022-12-23T08:00:00.000Z,2022-12-30T08:00:00.000Z,16846,16467.5,20949.078166,20556.881726,1.243564,0.124356,-470.688952,31.423617,47.068895,-392.19644,-1.872142,-2.096824
BTC,weekly,otm10,h10,0.1,10,weekly_otm10_h10,batch_years_otm10_2020_2026,155,2023,2023-01-06T08:00:00.000Z,2023-01-13T08:00:00.000Z,16783,18843,20556.881726,21860.460315,1.224863,0.122486,2523.218516,-967.318076,-252.321852,1303.578589,6.341325,7.580127
BTC,weekly,otm10,h10,0.1,10,weekly_otm10_h10,batch_years_otm10_2020_2026,156,2023,2023-01-13T08:00:00.000Z,2023-01-20T08:00:00.000Z,18843,20950,21860.460315,24104.14891,1.160137,0.116014,2444.408527,43.720921,-244.440853,2243.688595,10.263684,11.381871
BTC,weekly,otm10,h10,0.1,10,weekly_otm10_h10,batch_years_otm10_2020_2026,157,2023,2023-01-20T08:00:00.000Z,2023-01-27T08:00:00.000Z,20950,23089,24104.14891,26365.687603,1.150556,0.115056,2461.039357,46.603272,-246.103936,2261.538693,9.382363,10.403365
BTC,weekly,otm10,h10,0.1,10,weekly_otm10_h10,batch_years_otm10_2020_2026,158,2023,2023-01-27T08:00:00.000Z,2023-02-03T08:00:00.000Z,23089,23449.5,26365.687603,26988.776866,1.141916,0.114192,411.660547,252.59477,-41.166055,623.089263,2.363258,2.519393
BTC,weekly,otm10,h10,0.1,10,weekly_otm10_h10,batch_years_otm10_2020_2026,159,2023,2023-02-03T08:00:00.000Z,2023-02-10T08:00:00.000Z,23449.5,21912.5,26988.776866,25518.142307,1.150932,0.115093,-1768.982283,121.449496,176.898228,-1470.634559,-5.44906,-6.104511
BTC,weekly,otm10,h10,0.1,10,weekly_otm10_h10,batch_years_otm10_2020_2026,160,2023,2023-02-10T08:00:00.000Z,2023-02-17T08:00:00.000Z,21912.5,23646.5,25518.142307,27386.571079,1.164547,0.116455,2019.324986,51.036285,-201.932499,1868.428772,7.321962,8.113292
BTC,weekly,otm10,h10,0.1,10,weekly_otm10_h10,batch_years_otm10_2020_2026,161,2023,2023-02-17T08:00:00.000Z,2023-02-24T08:00:00.000Z,23646.5,23854,27386.571079,27739.791426,1.158166,0.115817,240.319434,136.932855,-24.031943,353.220346,1.289757,1.377508
BTC,weekly,otm10,h10,0.1,10,weekly_otm10_h10,batch_years_otm10_2020_2026,162,2023,2023-02-24T08:00:00.000Z,2023-03-03T08:00:00.000Z,23854,22350.5,27739.791426,26294.247703,1.162899,0.11629,-1748.418563,128.032984,174.841856,-1445.543723,-5.211084,-5.841376
BTC,weekly,otm10,h10,0.1,10,weekly_otm10_h10,batch_years_otm10_2020_2026,163,2023,2023-03-03T08:00:00.000Z,2023-03-10T08:00:00.000Z,22350.5,19940.5,26294.247703,23795.115956,1.17645,0.117645,-2835.244713,52.588495,283.524471,-2499.131747,-9.504481,-10.582757
BTC,weekly,otm10,h10,0.1,10,weekly_otm10_h10,batch_years_otm10_2020_2026,164,2023,2023-03-10T08:00:00.000Z,2023-03-17T08:00:00.000Z,19940.5,26178,23795.115956,25666.555496,1.193306,0.119331,7443.245444,-4827.48136,-744.324544,1871.43954,7.864805,10.992861
BTC,weekly,otm10,h10,0.1,10,weekly_otm10_h10,batch_years_otm10_2020_2026,165,2023,2023-03-17T08:00:00.000Z,2023-03-24T08:00:00.000Z,26178,28349.5,25666.555496,27813.721993,0.980463,0.098046,2129.074997,230.998999,-212.9075,2147.166496,8.36562,9.195133
BTC,weekly,otm10,h10,0.1,10,weekly_otm10_h10,batch_years_otm10_2020_2026,166,2023,2023-03-24T08:00:00.000Z,2023-03-31T08:00:00.000Z,28349.5,27737,27813.721993,27509.306719,0.981101,0.09811,-600.924345,236.416637,60.092435,-304.415274,-1.094479,-1.310532
BTC,weekly,otm10,h10,0.1,10,weekly_otm10_h10,batch_years_otm10_2020_2026,167,2023,2023-03-31T08:00:00.000Z,2023-04-07T08:00:00.000Z,27737,27844.5,27509.306719,27747.691339,0.991791,0.099179,106.617532,142.428842,-10.661753,238.38462,0.86656,0.905317
BTC,weekly,otm10,h10,0.1,10,weekly_otm10_h10,batch_years_otm10_2020_2026,168,2023,2023-04-07T08:00:00.000Z,2023-04-14T08:00:00.000Z,27844.5,30773,27747.691339,30443.547044,0.996523,0.099652,2918.318307,69.369228,-291.831831,2695.855704,9.715604,10.767337
BTC,weekly,otm10,h10,0.1,10,weekly_otm10_h10,batch_years_otm10_2020_2026,169,2023,2023-04-14T08:00:00.000Z,2023-04-21T08:00:00.000Z,30773,28165,30443.547044,28258.471916,0.989294,0.098929,-2580.078988,136.995962,258.007899,-2185.075127,-7.177466,-8.024962
BTC,weekly,otm10,h10,0.1,10,weekly_otm10_h10,batch_years_otm10_2020_2026,170,2023,2023-04-21T08:00:00.000Z,2023-04-28T08:00:00.000Z,28165,29505,28258.471916,29553.249716,1.003319,0.100332,1344.447093,84.775416,-134.444709,1294.777799,4.58191,5.057678
BTC,weekly,otm10,h10,0.1,10,weekly_otm10_h10,batch_years_otm10_2020_2026,171,2023,2023-04-28T08:00:00.000Z,2023-05-05T08:00:00.000Z,29505,29069,29553.249716,29309.358142,1.001635,0.100164,-436.712994,149.150121,43.671299,-243.891574,-0.825261,-0.973033
BTC,weekly,otm10,h10,0.1,10,weekly_otm10_h10,batch_years_otm10_2020_2026,172,2023,2023-05-05T08:00:00.000Z,2023-05-12T08:00:00.000Z,29069,26298,29309.358142,26897.419988,1.008269,0.100827,-2793.91212,102.582753,279.391212,-2411.938154,-8.229242,-9.182492
BTC,weekly,otm10,h10,0.1,10,weekly_otm10_h10,batch_years_otm10_2020_2026,173,2023,2023-05-12T08:00:00.000Z,2023-05-19T08:00:00.000Z,26298,26869.5,26897.419988,27490.737306,1.022793,0.102279,584.52641,67.24355,-58.452641,593.317319,2.205852,2.423169
BTC,weekly,otm10,h10,0.1,10,weekly_otm10_h10,batch_years_otm10_2020_2026,174,2023,2023-05-19T08:00:00.000Z,2023-05-26T08:00:00.000Z,26869.5,26517,27490.737306,27207.388422,1.023121,0.102312,-360.64999,41.236106,36.064999,-283.348885,-1.030707,-1.161896
BTC,weekly,otm10,h10,0.1,10,weekly_otm10_h10,batch_years_otm10_2020_2026,175,2023,2023-05-26T08:00:00.000Z,2023-06-02T08:00:00.000Z,26517,27059,27207.388422,27727.941739,1.026036,0.102604,556.111345,20.053107,-55.611134,520.553317,1.913279,2.117676
BTC,weekly,otm10,h10,0.1,10,weekly_otm10_h10,batch_years_otm10_2020_2026,176,2023,2023-06-02T08:00:00.000Z,2023-06-09T08:00:00.000Z,27059,26509.5,27727.941739,27227.447101,1.024722,0.102472,-563.084518,6.281429,56.308452,-500.494638,-1.805019,-2.008094
BTC,weekly,otm10,h10,0.1,10,weekly_otm10_h10,batch_years_otm10_2020_2026,177,2023,2023-06-09T08:00:00.000Z,2023-06-16T08:00:00.000Z,26509.5,25513,27227.447101,26347.149211,1.027083,0.102708,-1023.487845,40.841171,102.348785,-880.29789,-3.233127,-3.60903
BTC,weekly,otm10,h10,0.1,10,weekly_otm10_h10,batch_years_otm10_2020_2026,178,2023,2023-06-16T08:00:00.000Z,2023-06-23T08:00:00.000Z,25513,29937,26347.149211,28461.509226,1.032695,0.10327,4568.642971,-1997.418659,-456.864297,2114.360015,8.025005,9.759023
BTC,weekly,otm10,h10,0.1,10,weekly_otm10_h10,batch_years_otm10_2020_2026,179,2023,2023-06-23T08:00:00.000Z,2023-06-30T08:00:00.000Z,29937,30765,28461.509226,29269.596188,0.950713,0.095071,787.190755,99.615282,-78.719076,808.086962,2.839227,3.115808
BTC,weekly,otm10,h10,0.1,10,weekly_otm10_h10,batch_years_otm10_2020_2026,180,2023,2023-06-30T08:00:00.000Z,2023-07-07T08:00:00.000Z,30765,30018,29269.596188,28679.704724,0.951393,0.095139,-710.690341,49.729843,71.069034,-589.891464,-2.015373,-2.258181
BTC,weekly,otm10,h10,0.1,10,weekly_otm10_h10,batch_years_otm10_2020_2026,181,2023,2023-07-07T08:00:00.000Z,2023-07-14T08:00:00.000Z,30018,31118,28679.704724,29717.342517,0.955417,0.095542,1050.958598,91.775055,-105.09586,1037.637793,3.618021,3.984468
BTC,weekly,otm10,h10,0.1,10,weekly_otm10_h10,batch_years_otm10_2020_2026,182,2023,2023-07-14T08:00:00.000Z,2023-07-21T08:00:00.000Z,31118,29772.5,29717.342517,28655.994286,0.954989,0.095499,-1284.937475,95.095496,128.493748,-1061.348232,-3.571478,-4.003864
BTC,weekly,otm10,h10,0.1,10,weekly_otm10_h10,batch_years_otm10_2020_2026,183,2023,2023-07-21T08:00:00.000Z,2023-07-28T08:00:00.000Z,29772.5,29135,28655.994286,28149.610214,0.962499,0.09625,-613.592959,45.849591,61.359296,-506.384072,-1.767114,-1.981238
BTC,weekly,otm10,h10,0.1,10,weekly_otm10_h10,batch_years_otm10_2020_2026,184,2023,2023-07-28T08:00:00.000Z,2023-08-04T08:00:00.000Z,29135,29199,28149.610214,28207.203571,0.966178,0.096618,61.835423,1.941476,-6.183542,57.593357,0.204597,0.226564
BTC,weekly,otm10,h10,0.1,10,weekly_otm10_h10,batch_years_otm10_2020_2026,185,2023,2023-08-04T08:00:00.000Z,2023-08-11T08:00:00.000Z,29199,29385.5,28207.203571,28403.200889,0.966033,0.096603,180.165193,33.848644,-18.016519,195.997318,0.694848,0.758721
BTC,weekly,otm10,h10,0.1,10,weekly_otm10_h10,batch_years_otm10_2020_2026,186,2023,2023-08-11T08:00:00.000Z,2023-08-18T08:00:00.000Z,29385.5,26404.5,28403.200889,25855.430048,0.966572,0.096657,-2881.351069,45.445121,288.135107,-2547.770841,-8.970013,-9.984459
BTC,weekly,otm10,h10,0.1,10,weekly_otm10_h10,batch_years_otm10_2020_2026,187,2023,2023-08-18T08:00:00.000Z,2023-08-25T08:00:00.000Z,26404.5,25962,25855.430048,25548.198857,0.979205,0.097921,-433.298407,82.737376,43.329841,-307.23119,-1.188266,-1.355851
BTC,weekly,otm10,h10,0.1,10,weekly_otm10_h10,batch_years_otm10_2020_2026,188,2023,2023-08-25T08:00:00.000Z,2023-09-01T08:00:00.000Z,25962,25975,25548.198857,25635.511619,0.984061,0.098406,12.792797,75.799245,-1.27928,87.312762,0.341757,0.346764
BTC,weekly,otm10,h10,0.1,10,weekly_otm10_h10,batch_years_otm10_2020_2026,189,2023,2023-09-01T08:00:00.000Z,2023-09-08T08:00:00.000Z,25975,26254.5,25635.511619,25891.084473,0.98693,0.098693,275.846987,7.310565,-27.584699,255.572854,0.996949,1.104552
BTC,weekly,otm10,h10,0.1,10,weekly_otm10_h10,batch_years_otm10_2020_2026,190,2023,2023-09-08T08:00:00.000Z,2023-09-15T08:00:00.000Z,26254.5,26578,25891.084473,26206.68456,0.986158,0.098616,319.022104,28.480193,-31.90221,315.600086,1.218953,1.34217
BTC,weekly,otm10,h10,0.1,10,weekly_otm10_h10,batch_years_otm10_2020_2026,191,2023,2023-09-15T08:00:00.000Z,2023-09-22T08:00:00.000Z,26578,26676.5,26206.68456,26336.026745,0.986029,0.098603,97.123878,41.930695,-9.712388,129.342185,0.493547,0.530607
BTC,weekly,otm10,h10,0.1,10,weekly_otm10_h10,batch_years_otm10_2020_2026,192,2023,2023-09-22T08:00:00.000Z,2023-09-29T08:00:00.000Z,26676.5,27172.5,26336.026745,26818.866966,0.987237,0.098724,489.669532,42.137643,-48.966953,482.840221,1.833383,2.019314
BTC,weekly,otm10,h10,0.1,10,weekly_otm10_h10,batch_years_otm10_2020_2026,193,2023,2023-09-29T08:00:00.000Z,2023-10-06T08:00:00.000Z,27172.5,27646,26818.866966,27241.271876,0.986986,0.098699,467.337695,1.800984,-46.733769,422.404909,1.575029,1.749286
BTC,weekly,otm10,h10,0.1,10,weekly_otm10_h10,batch_years_otm10_2020_2026,194,2023,2023-10-06T08:00:00.000Z,2023-10-13T08:00:00.000Z,27646,26873,27241.271876,26580.273834,0.98536,0.098536,-761.68354,24.517145,76.168354,-660.998042,-2.426458,-2.706065
BTC,weekly,otm10,h10,0.1,10,weekly_otm10_h10,batch_years_otm10_2020_2026,195,2023,2023-10-13T08:00:00.000Z,2023-10-20T08:00:00.000Z,26873,29273.5,26580.273834,28738.454386,0.989107,0.098911,2374.351481,21.264219,-237.435148,2158.180552,8.119482,9.012758
BTC,weekly,otm10,h10,0.1,10,weekly_otm10_h10,batch_years_otm10_2020_2026,196,2023,2023-10-20T08:00:00.000Z,2023-10-27T08:00:00.000Z,29273.5,33970,28738.454386,30965.948635,0.981723,0.098172,4610.659847,-1922.099613,-461.065985,2227.494249,7.750919,9.355271
BTC,weekly,otm10,h10,0.1,10,weekly_otm10_h10,batch_years_otm10_2020_2026,197,2023,2023-10-27T08:00:00.000Z,2023-11-03T08:00:00.000Z,33970,34492,30965.948635,31770.014931,0.911568,0.091157,475.838245,375.811875,-47.583825,804.066296,2.596614,2.750279
BTC,weekly,otm10,h10,0.1,10,weekly_otm10_h10,batch_years_otm10_2020_2026,198,2023,2023-11-03T08:00:00.000Z,2023-11-10T08:00:00.000Z,34492,36465.5,31770.014931,33564.847611,0.921084,0.092108,1817.75845,158.850075,-181.775845,1794.83268,5.649455,6.221617
BTC,weekly,otm10,h10,0.1,10,weekly_otm10_h10,batch_years_otm10_2020_2026,199,2023,2023-11-10T08:00:00.000Z,2023-11-17T08:00:00.000Z,36465.5,36250.5,33564.847611,33655.258371,0.920455,0.092045,-197.8978,268.518781,19.78978,90.410761,0.269361,0.210402
BTC,weekly,otm10,h10,0.1,10,weekly_otm10_h10,batch_years_otm10_2020_2026,200,2023,2023-11-17T08:00:00.000Z,2023-11-24T08:00:00.000Z,36250.5,37562,33655.258371,34919.381182,0.928408,0.092841,1217.607243,168.276292,-121.760724,1264.12281,3.756093,4.117881
BTC,weekly,otm10,h10,0.1,10,weekly_otm10_h10,batch_years_otm10_2020_2026,201,2023,2023-11-24T08:00:00.000Z,2023-12-01T08:00:00.000Z,37562,38282,34919.381182,35605.796921,0.929646,0.092965,669.345468,84.004819,-66.934547,686.415739,1.965716,2.157399
BTC,weekly,otm10,h10,0.1,10,weekly_otm10_h10,batch_years_otm10_2020_2026,202,2023,2023-12-01T08:00:00.000Z,2023-12-08T08:00:00.000Z,38282,43194.5,35605.796921,38619.064457,0.930092,0.093009,4569.078872,-1098.903448,-456.907887,3013.267536,8.462857,9.746097
BTC,weekly,otm10,h10,0.1,10,weekly_otm10_h10,batch_years_otm10_2020_2026,203,2023,2023-12-08T08:00:00.000Z,2023-12-15T08:00:00.000Z,43194.5,42749,38619.064457,38380.304726,0.894074,0.089407,-398.309813,119.7191,39.830981,-238.759732,-0.618243,-0.721381
BTC,weekly,otm10,h10,0.1,10,weekly_otm10_h10,batch_years_otm10_2020_2026,204,2023,2023-12-15T08:00:00.000Z,2023-12-22T08:00:00.000Z,42749,43615.5,38380.304726,39187.923516,0.897806,0.089781,777.948819,107.464853,-77.794882,807.61879,2.104253,2.306948
BTC,weekly,otm10,h10,0.1,10,weekly_otm10_h10,batch_years_otm10_2020_2026,205,2023,2023-12-22T08:00:00.000Z,2023-12-29T08:00:00.000Z,43615.5,42343.5,39187.923516,38335.682205,0.898486,0.089849,-1142.874407,176.345656,114.287441,-852.241311,-2.174755,-2.466394
BTC,weekly,otm10,h10,0.1,10,weekly_otm10_h10,batch_years_otm10_2020_2026,206,2024,2024-01-05T08:00:00.000Z,2024-01-12T08:00:00.000Z,43847.5,46046.5,38335.682205,40660.203966,0.874296,0.08743,1922.576319,594.203074,-192.257632,2324.521762,6.063598,6.66847
BTC,weekly,otm10,h10,0.1,10,weekly_otm10_h10,batch_years_otm10_2020_2026,207,2024,2024-01-12T08:00:00.000Z,2024-01-19T08:00:00.000Z,46046.5,41231,40660.203966,36963.331051,0.883025,0.088302,-4252.206187,130.112653,425.220619,-3696.872916,-9.092116,-10.137907
BTC,weekly,otm10,h10,0.1,10,weekly_otm10_h10,batch_years_otm10_2020_2026,208,2024,2024-01-19T08:00:00.000Z,2024-01-26T08:00:00.000Z,41231,39984,36963.331051,36056.997184,0.896494,0.089649,-1117.927623,99.800994,111.792762,-906.333867,-2.451981,-2.754423
BTC,weekly,otm10,h10,0.1,10,weekly_otm10_h10,batch_years_otm10_2020_2026,209,2024,2024-01-26T08:00:00.000Z,2024-02-02T08:00:00.000Z,39984,43082,36056.997184,38670.624796,0.901786,0.090179,2793.731925,99.26888,-279.373192,2613.627612,7.2486,8.02341
BTC,weekly,otm10,h10,0.1,10,weekly_otm10_h10,batch_years_otm10_2020_2026,210,2024,2024-02-02T08:00:00.000Z,2024-02-09T08:00:00.000Z,43082,46235.5,38670.624796,41296.230052,0.897605,0.089761,2830.59782,78.067218,-283.059782,2625.605256,6.789663,7.52164
BTC,weekly,otm10,h10,0.1,10,weekly_otm10_h10,batch_years_otm10_2020_2026,211,2024,2024-02-09T08:00:00.000Z,2024-02-16T08:00:00.000Z,46235.5,51810,41296.230052,44264.874244,0.893171,0.089317,4978.984426,-1512.441791,-497.898443,2968.644192,7.188657,8.394332
BTC,weekly,otm10,h10,0.1,10,weekly_otm10_h10,batch_years_otm10_2020_2026,212,2024,2024-02-16T08:00:00.000Z,2024-02-23T08:00:00.000Z,51810,50885.5,44264.874244,43797.453064,0.854369,0.085437,-789.864432,243.456808,78.986443,-467.421181,-1.055964,-1.234405
BTC,weekly,otm10,h10,0.1,10,weekly_otm10_h10,batch_years_otm10_2020_2026,213,2024,2024-02-23T08:00:00.000Z,2024-03-01T08:00:00.000Z,50885.5,61473.5,43797.453064,47325.740337,0.860706,0.086071,9113.154691,-4673.551948,-911.315469,3528.287274,8.055919,10.136669
BTC,weekly,otm10,h10,0.1,10,weekly_otm10_h10,batch_years_otm10_2020_2026,214,2024,2024-03-01T08:00:00.000Z,2024-03-08T08:00:00.000Z,61473.5,67418.5,47325.740337,51682.508709,0.769856,0.076986,4576.79368,237.65406,-457.679368,4356.768372,9.205917,10.173
BTC,weekly,otm10,h10,0.1,10,weekly_otm10_h10,batch_years_otm10_2020_2026,215,2024,2024-03-08T08:00:00.000Z,2024-03-15T08:00:00.000Z,67418.5,68388.5,51682.508709,52894.410203,0.766592,0.076659,743.594613,542.666341,-74.359461,1211.901494,2.344897,2.488774
BTC,weekly,otm10,h10,0.1,10,weekly_otm10_h10,batch_years_otm10_2020_2026,216,2024,2024-03-15T08:00:00.000Z,2024-03-22T08:00:00.000Z,68388.5,66196,52894.410203,51950.057982,0.77344,0.077344,-1695.767481,581.838512,169.576748,-944.352221,-1.785354,-2.105948
BTC,weekly,otm10,h10,0.1,10,weekly_otm10_h10,batch_years_otm10_2020_2026,217,2024,2024-03-22T08:00:00.000Z,2024-03-29T08:00:00.000Z,66196,69789,51950.057982,54877.463683,0.784791,0.078479,2819.755851,389.625435,-281.975585,2927.405701,5.635038,6.17782
BTC,weekly,otm10,h10,0.1,10,weekly_otm10_h10,batch_years_otm10_2020_2026,218,2024,2024-03-29T08:00:00.000Z,2024-04-05T08:00:00.000Z,69789,66899.5,54877.463683,53322.921707,0.786334,0.078633,-2272.1121,490.358914,227.21121,-1554.541976,-2.832751,-3.246785
BTC,weekly,otm10,h10,0.1,10,weekly_otm10_h10,batch_years_otm10_2020_2026,219,2024,2024-04-05T08:00:00.000Z,2024-04-12T08:00:00.000Z,66899.5,70778.5,53322.921707,56425.475729,0.79706,0.079706,3091.796102,319.93753,-309.17961,3102.554022,5.818425,6.39825
BTC,weekly,otm10,h10,0.1,10,weekly_otm10_h10,batch_years_otm10_2020_2026,220,2024,2024-04-12T08:00:00.000Z,2024-04-19T08:00:00.000Z,70778.5,64547.5,56425.475729,52293.342919,0.797212,0.079721,-4967.428517,338.552854,496.742852,-4132.132811,-7.323169,-8.203521
BTC,weekly,otm10,h10,0.1,10,weekly_otm10_h10,batch_years_otm10_2020_2026,221,2024,2024-04-19T08:00:00.000Z,2024-04-26T08:00:00.000Z,64547.5,64301.5,52293.342919,52715.348515,0.810153,0.081015,-199.297608,601.373444,19.929761,422.005596,0.806997,0.768885
BTC,weekly,otm10,h10,0.1,10,weekly_otm10_h10,batch_years_otm10_2020_2026,222,2024,2024-04-26T08:00:00.000Z,2024-05-03T08:00:00.000Z,64301.5,59144.5,52715.348515,49430.626724,0.819815,0.081982,-4227.787101,520.286601,422.77871,-3284.72179,-6.231054,-7.033057
BTC,weekly,otm10,h10,0.1,10,weekly_otm10_h10,batch_years_otm10_2020_2026,223,2024,2024-05-03T08:00:00.000Z,2024-05-10T08:00:00.000Z,59144.5,63064,49430.626724,52581.478639,0.83576,0.083576,3275.762606,202.66557,-327.576261,3150.851915,6.374291,7.03699
BTC,weekly,otm10,h10,0.1,10,weekly_otm10_h10,batch_years_otm10_2020_2026,224,2024,2024-05-10T08:00:00.000Z,2024-05-17T08:00:00.000Z,63064,66431,52581.478639,55281.599934,0.83378,0.083378,2807.336017,173.51888,-280.733602,2700.121295,5.135119,5.669021
BTC,weekly,otm10,h10,0.1,10,weekly_otm10_h10,batch_years_otm10_2020_2026,225,2024,2024-05-17T08:00:00.000Z,2024-05-24T08:00:00.000Z,66431,67139.5,55281.599934,55961.490716,0.832166,0.083217,589.589402,149.26032,-58.95894,679.890781,1.229868,1.33652
BTC,weekly,otm10,h10,0.1,10,weekly_otm10_h10,batch_years_otm10_2020_2026,226,2024,2024-05-24T08:00:00.000Z,2024-05-31T08:00:00.000Z,67139.5,68113,55961.490716,56820.482532,0.833511,0.083351,811.422653,128.711429,-81.142265,858.991816,1.53497,1.679966
BTC,weekly,otm10,h10,0.1,10,weekly_otm10_h10,batch_years_otm10_2020_2026,227,2024,2024-05-31T08:00:00.000Z,2024-06-07T08:00:00.000Z,68113,71090.5,56820.482532,59114.582096,0.834209,0.083421,2483.857512,58.627803,-248.385751,2294.099564,4.037452,4.474593
BTC,weekly,otm10,h10,0.1,10,weekly_otm10_h10,batch_years_otm10_2020_2026,228,2024,2024-06-07T08:00:00.000Z,2024-06-14T08:00:00.000Z,71090.5,66887,59114.582096,56181.554694,0.83154,0.083154,-3495.377664,212.812496,349.537766,-2933.027402,-4.961597,-5.552886
BTC,weekly,otm10,h10,0.1,10,weekly_otm10_h10,batch_years_otm10_2020_2026,229,2024,2024-06-14T08:00:00.000Z,2024-06-21T08:00:00.000Z,66887,64147,56181.554694,54200.135153,0.839947,0.083995,-2301.455587,89.890488,230.145559,-1981.419541,-3.526815,-3.936461
BTC,weekly,otm10,h10,0.1,10,weekly_otm10_h10,batch_years_otm10_2020_2026,230,2024,2024-06-21T08:00:00.000Z,2024-06-28T08:00:00.000Z,64147,61265.5,54200.135153,52144.419682,0.844936,0.084494,-2434.684232,135.500338,243.468423,-2055.715471,-3.792824,-4.242026
BTC,weekly,otm10,h10,0.1,10,weekly_otm10_h10,batch_years_otm10_2020_2026,231,2024,2024-06-28T08:00:00.000Z,2024-07-05T08:00:00.000Z,61265.5,54349.5,52144.419682,46914.486724,0.851122,0.085112,-5886.360293,67.791305,588.636029,-5229.932958,-10.029708,-11.158565
BTC,weekly,otm10,h10,0.1,10,weekly_otm10_h10,batch_years_otm10_2020_2026,232,2024,2024-07-05T08:00:00.000Z,2024-07-12T08:00:00.000Z,54349.5,57151,46914.486724,49325.488399,0.8632,0.08632,2418.254714,234.572434,-241.825471,2411.001676,5.139141,5.654601
BTC,weekly,otm10,h10,0.1,10,weekly_otm10_h10,batch_years_otm10_2020_2026,233,2024,2024-07-12T08:00:00.000Z,2024-07-19T08:00:00.000Z,57151,63746.5,49325.488399,53861.599043,0.863073,0.086307,5692.398361,-587.047881,-569.239836,4536.110644,9.196281,10.350329
BTC,weekly,otm10,h10,0.1,10,weekly_otm10_h10,batch_years_otm10_2020_2026,234,2024,2024-07-19T08:00:00.000Z,2024-07-26T08:00:00.000Z,63746.5,66960,53861.599043,56504.563454,0.844934,0.084493,2715.196105,199.287916,-271.519611,2642.964411,4.906955,5.411061
BTC,weekly,otm10,h10,0.1,10,weekly_otm10_h10,batch_years_otm10_2020_2026,235,2024,2024-07-26T08:00:00.000Z,2024-08-02T08:00:00.000Z,66960,64096,56504.563454,54438.428738,0.843855,0.084386,-2416.802117,108.987188,241.680212,-2066.134717,-3.65658,-4.084298
BTC,weekly,otm10,h10,0.1,10,weekly_otm10_h10,batch_years_otm10_2020_2026,236,2024,2024-08-02T08:00:00.000Z,2024-08-09T08:00:00.000Z,64096,60862.5,54438.428738,52073.082971,0.849326,0.084933,-2746.297106,106.321629,274.629711,-2365.345767,-4.344993,-4.84947
BTC,weekly,otm10,h10,0.1,10,weekly_otm10_h10,batch_years_otm10_2020_2026,237,2024,2024-08-09T08:00:00.000Z,2024-08-16T08:00:00.000Z,60862.5,58485,52073.082971,50466.257786,0.855586,0.085559,-2034.154936,223.914257,203.415494,-1606.825185,-3.085712,-3.476346
BTC,weekly,otm10,h10,0.1,10,weekly_otm10_h10,batch_years_otm10_2020_2026,238,2024,2024-08-16T08:00:00.000Z,2024-08-23T08:00:00.000Z,58485,61060.5,50466.257786,52678.357339,0.862892,0.086289,2222.37919,211.958283,-222.237919,2212.099554,4.383324,4.823693
BTC,weekly,otm10,h10,0.1,10,weekly_otm10_h10,batch_years_otm10_2020_2026,239,2024,2024-08-23T08:00:00.000Z,2024-08-30T08:00:00.000Z,61060.5,59300.5,52678.357339,51490.908976,0.862724,0.086272,-1518.394198,179.106415,151.83942,-1187.448363,-2.254148,-2.542387
BTC,weekly,otm10,h10,0.1,10,weekly_otm10_h10,batch_years_otm10_2020_2026,240,2024,2024-08-30T08:00:00.000Z,2024-09-06T08:00:00.000Z,59300.5,55758,51490.908976,48878.448627,0.868305,0.08683,-3075.969765,155.912439,307.596976,-2612.46035,-5.073634,-5.671015
BTC,weekly,otm10,h10,0.1,10,weekly_otm10_h10,batch_years_otm10_2020_2026,241,2024,2024-09-06T08:00:00.000Z,2024-09-13T08:00:00.000Z,55758,58100,48878.448627,51019.454065,0.876618,0.087662,2053.038608,293.270692,-205.303861,2141.005439,4.380265,4.800294
BTC,weekly,otm10,h10,0.1,10,weekly_otm10_h10,batch_years_otm10_2020_2026,242,2024,2024-09-13T08:00:00.000Z,2024-09-20T08:00:00.000Z,58100,63532,51019.454065,55455.318985,0.878132,0.087813,4770.011609,142.854471,-477.001161,4435.864919,8.694458,9.629398
BTC,weekly,otm10,h10,0.1,10,weekly_otm10_h10,batch_years_otm10_2020_2026,243,2024,2024-09-20T08:00:00.000Z,2024-09-27T08:00:00.000Z,63532,65483.5,55455.318985,57193.572819,0.872872,0.087287,1703.410171,205.18468,-170.341017,1738.253834,3.134512,3.44168
BTC,weekly,otm10,h10,0.1,10,weekly_otm10_h10,batch_years_otm10_2020_2026,244,2024,2024-09-27T08:00:00.000Z,2024-10-04T08:00:00.000Z,65483.5,61423,57193.572819,54070.133499,0.873404,0.08734,-3546.458305,68.373154,354.645831,-3123.43932,-5.461172,-6.081252
BTC,weekly,otm10,h10,0.1,10,weekly_otm10_h10,batch_years_otm10_2020_2026,245,2024,2024-10-04T08:00:00.000Z,2024-10-11T08:00:00.000Z,61423,60617.5,54070.133499,53561.73463,0.880291,0.088029,-709.074655,129.76832,70.907465,-508.398869,-0.940258,-1.071398
BTC,weekly,otm10,h10,0.1,10,weekly_otm10_h10,batch_years_otm10_2020_2026,246,2024,2024-10-11T08:00:00.000Z,2024-10-18T08:00:00.000Z,60617.5,67978.5,53561.73463,58651.023225,0.883602,0.08836,6504.193156,-764.485244,-650.419316,5089.288596,9.501725,10.716061
BTC,weekly,otm10,h10,0.1,10,weekly_otm10_h10,batch_years_otm10_2020_2026,247,2024,2024-10-18T08:00:00.000Z,2024-10-25T08:00:00.000Z,67978.5,67480,58651.023225,58416.426121,0.862788,0.086279,-430.099739,152.49266,43.009974,-234.597104,-0.399988,-0.47332
BTC,weekly,otm10,h10,0.1,10,weekly_otm10_h10,batch_years_otm10_2020_2026,248,2024,2024-10-25T08:00:00.000Z,2024-11-01T08:00:00.000Z,67480,69171,58416.426121,59783.800683,0.865685,0.086569,1463.873393,49.888508,-146.387339,1367.374562,2.340736,2.591329
BTC,weekly,otm10,h10,0.1,10,weekly_otm10_h10,batch_years_otm10_2020_2026,249,2024,2024-11-01T08:00:00.000Z,2024-11-08T08:00:00.000Z,69171,76395,59783.800683,65268.227042,0.86429,0.086429,6243.630656,-134.841232,-624.363066,5484.426359,9.173767,10.218135
BTC,weekly,otm10,h10,0.1,10,weekly_otm10_h10,batch_years_otm10_2020_2026,250,2024,2024-11-08T08:00:00.000Z,2024-11-15T08:00:00.000Z,76395,87724.5,65268.227042,70860.910154,0.854352,0.085435,9679.381874,-3118.760574,-967.938187,5592.683112,8.568768,10.051784
BTC,weekly,otm10,h10,0.1,10,weekly_otm10_h10,batch_years_otm10_2020_2026,251,2024,2024-11-15T08:00:00.000Z,2024-11-22T08:00:00.000Z,87724.5,99466,70860.910154,77115.56027,0.807766,0.080777,9484.390069,-2281.300945,-948.439007,6254.650116,8.826658,10.16511
BTC,weekly,otm10,h10,0.1,10,weekly_otm10_h10,batch_years_otm10_2020_2026,252,2024,2024-11-22T08:00:00.000Z,2024-11-29T08:00:00.000Z,99466,95709.5,77115.56027,75188.441908,0.775296,0.07753,-2912.398228,694.040042,291.239823,-1927.118363,-2.499001,-2.876667
BTC,weekly,otm10,h10,0.1,10,weekly_otm10_h10,batch_years_otm10_2020_2026,253,2024,2024-11-29T08:00:00.000Z,2024-12-06T08:00:00.000Z,95709.5,98239.5,75188.441908,77224.516458,0.78559,0.078559,1987.543118,247.285745,-198.754312,2036.074551,2.707962,2.972304
BTC,weekly,otm10,h10,0.1,10,weekly_otm10_h10,batch_years_otm10_2020_2026,254,2024,2024-12-06T08:00:00.000Z,2024-12-13T08:00:00.000Z,98239.5,100112,77224.516458,78927.664947,0.786084,0.078608,1471.942621,378.400131,-147.194262,1703.148489,2.205451,2.396056
BTC,weekly,otm10,h10,0.1,10,weekly_otm10_h10,batch_years_otm10_2020_2026,255,2024,2024-12-13T08:00:00.000Z,2024-12-20T08:00:00.000Z,100112,97672,78927.664947,77543.634221,0.788394,0.078839,-1923.680503,347.281726,192.36805,-1384.030727,-1.753543,-1.99727
BTC,weekly,otm10,h10,0.1,10,weekly_otm10_h10,batch_years_otm10_2020_2026,256,2024,2024-12-20T08:00:00.000Z,2024-12-27T08:00:00.000Z,97672,95077,77543.634221,75999.611467,0.793919,0.079392,-2060.219211,310.174537,206.021921,-1544.022753,-1.991166,-2.256852
BTC,weekly,otm10,h10,0.1,10,weekly_otm10_h10,batch_years_otm10_2020_2026,257,2025,2025-01-03T08:00:00.000Z,2025-01-10T08:00:00.000Z,96289,94500,75999.611467,74987.179891,0.789287,0.078929,-1412.033617,258.398679,141.203362,-1012.431576,-1.332154,-1.523127
BTC,weekly,otm10,h10,0.1,10,weekly_otm10_h10,batch_years_otm10_2020_2026,258,2025,2025-01-10T08:00:00.000Z,2025-01-17T08:00:00.000Z,94500,101523.5,74987.179891,80295.558064,0.793515,0.079352,5573.253523,292.450002,-557.325352,5308.378173,7.079048,7.822275
BTC,weekly,otm10,h10,0.1,10,weekly_otm10_h10,batch_years_otm10_2020_2026,259,2025,2025-01-17T08:00:00.000Z,2025-01-24T08:00:00.000Z,101523.5,105062,80295.558064,83336.238385,0.790906,0.079091,2798.621326,521.921127,-279.862133,3040.680321,3.78686,4.1354
BTC,weekly,otm10,h10,0.1,10,weekly_otm10_h10,batch_years_otm10_2020_2026,260,2025,2025-01-24T08:00:00.000Z,2025-01-31T08:00:00.000Z,105062,104204.5,83336.238385,83224.095929,0.79321,0.079321,-680.177651,500.01743,68.017765,-112.142456,-0.134566,-0.216185
BTC,weekly,otm10,h10,0.1,10,weekly_otm10_h10,batch_years_otm10_2020_2026,261,2025,2025-01-31T08:00:00.000Z,2025-02-07T08:00:00.000Z,104204.5,96757.5,83224.095929,78471.290359,0.798661,0.079866,-5947.630308,600.061707,594.763031,-4752.80557,-5.710853,-6.425505
BTC,weekly,otm10,h10,0.1,10,weekly_otm10_h10,batch_years_otm10_2020_2026,262,2025,2025-02-07T08:00:00.000Z,2025-02-14T08:00:00.000Z,96757.5,96964,78471.290359,78826.041904,0.81101,0.081101,167.473544,204.025355,-16.747354,354.751545,0.452078,0.47342
BTC,weekly,otm10,h10,0.1,10,weekly_otm10_h10,batch_years_otm10_2020_2026,263,2025,2025-02-14T08:00:00.000Z,2025-02-21T08:00:00.000Z,96964,98256,78826.041904,79936.864756,0.812941,0.081294,1050.320182,165.534688,-105.032018,1110.822852,1.409208,1.542453
BTC,weekly,otm10,h10,0.1,10,weekly_otm10_h10,batch_years_otm10_2020_2026,264,2025,2025-02-21T08:00:00.000Z,2025-02-28T08:00:00.000Z,98256,79124,79936.864756,66048.293351,0.813557,0.081356,-15564.974114,119.905297,1556.497411,-13888.571405,-17.374426,-19.321584
BTC,weekly,otm10,h10,0.1,10,weekly_otm10_h10,batch_years_otm10_2020_2026,265,2025,2025-02-28T08:00:00.000Z,2025-03-07T08:00:00.000Z,79124,88346.5,66048.293351,72157.125627,0.834744,0.083474,7698.4276,-819.752564,-769.84276,6108.832276,9.249039,10.414614
BTC,weekly,otm10,h10,0.1,10,weekly_otm10_h10,batch_years_otm10_2020_2026,266,2025,2025-03-07T08:00:00.000Z,2025-03-14T08:00:00.000Z,88346.5,82179,72157.125627,68056.485668,0.816751,0.081675,-5037.314125,432.942754,503.731412,-4100.639958,-5.682931,-6.381035
BTC,weekly,otm10,h10,0.1,10,weekly_otm10_h10,batch_years_otm10_2020_2026,267,2025,2025-03-14T08:00:00.000Z,2025-03-21T08:00:00.000Z,82179,83866.5,68056.485668,69552.435198,0.828149,0.082815,1397.502033,238.1977,-139.750203,1495.949529,2.1981,2.403444
BTC,weekly,otm10,h10,0.1,10,weekly_otm10_h10,batch_years_otm10_2020_2026,268,2025,2025-03-21T08:00:00.000Z,2025-03-28T08:00:00.000Z,83866.5,85150,69552.435198,70670.398508,0.829323,0.082932,1064.436343,159.970601,-106.443634,1117.96331,1.607368,1.760408
BTC,weekly,otm10,h10,0.1,10,weekly_otm10_h10,batch_years_otm10_2020_2026,269,2025,2025-03-28T08:00:00.000Z,2025-04-04T08:00:00.000Z,85150,84004.5,70670.398508,69861.569043,0.829952,0.082995,-950.709824,46.809377,95.070982,-808.829464,-1.14451,-1.279037
BTC,weekly,otm10,h10,0.1,10,weekly_otm10_h10,batch_years_otm10_2020_2026,270,2025,2025-04-04T08:00:00.000Z,2025-04-11T08:00:00.000Z,84004.5,81217,69861.569043,67956.830282,0.831641,0.083164,-2318.198712,181.64008,231.819871,-1904.738761,-2.726447,-3.058275
BTC,weekly,otm10,h10,0.1,10,weekly_otm10_h10,batch_years_otm10_2020_2026,271,2025,2025-04-11T08:00:00.000Z,2025-04-18T08:00:00.000Z,81217,84656.5,67956.830282,70778.028006,0.836732,0.083673,2877.938335,231.053223,-287.793834,2821.197724,4.151456,4.574951
BTC,weekly,otm10,h10,0.1,10,weekly_otm10_h10,batch_years_otm10_2020_2026,272,2025,2025-04-18T08:00:00.000Z,2025-04-25T08:00:00.000Z,84656.5,93805.5,70778.028006,77768.407843,0.836061,0.083606,7649.125327,106.167042,-764.912533,6990.379836,9.876483,10.957203
BTC,weekly,otm10,h10,0.1,10,weekly_otm10_h10,batch_years_otm10_2020_2026,273,2025,2025-04-25T08:00:00.000Z,2025-05-02T08:00:00.000Z,93805.5,96401.5,77768.407843,79817.765423,0.829039,0.082904,2152.184965,112.391111,-215.218497,2049.35758,2.635206,2.911949
BTC,weekly,otm10,h10,0.1,10,weekly_otm10_h10,batch_years_otm10_2020_2026,274,2025,2025-05-02T08:00:00.000Z,2025-05-09T08:00:00.000Z,96401.5,103643,79817.765423,85253.910229,0.827972,0.082797,5995.760941,39.95996,-599.576094,5436.144806,6.810695,7.561877
BTC,weekly,otm10,h10,0.1,10,weekly_otm10_h10,batch_years_otm10_2020_2026,275,2025,2025-05-09T08:00:00.000Z,2025-05-16T08:00:00.000Z,103643,103721,85253.910229,85473.637267,0.822573,0.082257,64.160677,161.982429,-6.416068,219.727038,0.257733,0.265258
BTC,weekly,otm10,h10,0.1,10,weekly_otm10_h10,batch_years_otm10_2020_2026,276,2025,2025-05-16T08:00:00.000Z,2025-05-23T08:00:00.000Z,103721,110744.5,85473.637267,90785.292338,0.824073,0.082407,5787.874118,102.568365,-578.787412,5311.655071,6.214378,6.891531
BTC,weekly,otm10,h10,0.1,10,weekly_otm10_h10,batch_years_otm10_2020_2026,277,2025,2025-05-23T08:00:00.000Z,2025-05-30T08:00:00.000Z,110744.5,105075,90785.292338,87001.817606,0.819772,0.081977,-4647.70002,399.455286,464.770002,-3783.474732,-4.167497,-4.679442
BTC,weekly,otm10,h10,0.1,10,weekly_otm10_h10,batch_years_otm10_2020_2026,278,2025,2025-05-30T08:00:00.000Z,2025-06-06T08:00:00.000Z,105075,103189,87001.817606,85664.990076,0.827997,0.0828,-1561.602931,68.615108,156.160293,-1336.82753,-1.536551,-1.716042
BTC,weekly,otm10,h10,0.1,10,weekly_otm10_h10,batch_years_otm10_2020_2026,279,2025,2025-06-06T08:00:00.000Z,2025-06-13T08:00:00.000Z,103189,104946.5,85664.990076,87063.785322,0.830176,0.083018,1459.033618,85.66499,-145.903362,1398.795247,1.632867,1.803185
BTC,weekly,otm10,h10,0.1,10,weekly_otm10_h10,batch_years_otm10_2020_2026,280,2025,2025-06-13T08:00:00.000Z,2025-06-20T08:00:00.000Z,104946.5,105827.5,87063.785322,87860.878495,0.829602,0.08296,730.879018,139.302057,-73.087902,797.093173,0.915528,0.999475
BTC,weekly,otm10,h10,0.1,10,weekly_otm10_h10,batch_years_otm10_2020_2026,281,2025,2025-06-20T08:00:00.000Z,2025-06-27T08:00:00.000Z,105827.5,106900,87860.878495,88829.191056,0.830227,0.083023,890.418768,166.935669,-89.041877,968.31256,1.102098,1.203442
BTC,weekly,otm10,h10,0.1,10,weekly_otm10_h10,batch_years_otm10_2020_2026,282,2025,2025-06-27T08:00:00.000Z,2025-07-04T08:00:00.000Z,106900,108773,88829.191056,90265.776486,0.830956,0.083096,1556.380494,35.842986,-155.638049,1436.58543,1.617245,1.792455
BTC,weekly,otm10,h10,0.1,10,weekly_otm10_h10,batch_years_otm10_2020_2026,283,2025,2025-07-04T08:00:00.000Z,2025-07-11T08:00:00.000Z,108773,117660.5,90265.776486,96975.788742,0.829855,0.082985,7375.332927,72.212621,-737.533293,6710.012256,7.433617,8.250686
BTC,weekly,otm10,h10,0.1,10,weekly_otm10_h10,batch_years_otm10_2020_2026,284,2025,2025-07-11T08:00:00.000Z,2025-07-18T08:00:00.000Z,117660.5,119520,96975.788742,98481.197243,0.8242,0.08242,1532.599973,126.068525,-153.259997,1505.408501,1.552355,1.710394
BTC,weekly,otm10,h10,0.1,10,weekly_otm10_h10,batch_years_otm10_2020_2026,285,2025,2025-07-18T08:00:00.000Z,2025-07-25T08:00:00.000Z,119520,115272.5,98481.197243,95538.166754,0.823973,0.082397,-3499.823337,206.810514,349.982334,-2943.030489,-2.988419,-3.343799
BTC,weekly,otm10,h10,0.1,10,weekly_otm10_h10,batch_years_otm10_2020_2026,286,2025,2025-07-25T08:00:00.000Z,2025-08-01T08:00:00.000Z,115272.5,115063.5,95538.166754,95426.433454,0.828803,0.08288,-173.219778,44.164501,17.321978,-111.7333,-0.116951,-0.135082
BTC,weekly,otm10,h10,0.1,10,weekly_otm10_h10,batch_years_otm10_2020_2026,287,2025,2025-08-01T08:00:00.000Z,2025-08-08T08:00:00.000Z,115063.5,116904,95426.433454,96812.953613,0.829337,0.082934,1526.394997,12.764661,-152.6395,1386.520159,1.452973,1.612928
BTC,weekly,otm10,h10,0.1,10,weekly_otm10_h10,batch_years_otm10_2020_2026,288,2025,2025-08-08T08:00:00.000Z,2025-08-15T08:00:00.000Z,116904,119082,96812.953613,98475.000081,0.828141,0.082814,1803.690318,38.725181,-180.369032,1662.046468,1.71676,1.903067
BTC,weekly,otm10,h10,0.1,10,weekly_otm10_h10,batch_years_otm10_2020_2026,289,2025,2025-08-15T08:00:00.000Z,2025-08-22T08:00:00.000Z,119082,113083,98475.000081,94108.68298,0.826951,0.082695,-4960.880112,98.475,496.088011,-4366.317101,-4.433935,-4.937705
BTC,weekly,otm10,h10,0.1,10,weekly_otm10_h10,batch_years_otm10_2020_2026,290,2025,2025-08-22T08:00:00.000Z,2025-08-29T08:00:00.000Z,113083,109990,94108.68298,91904.993388,0.832209,0.083221,-2574.022236,112.93042,257.402224,-2203.689592,-2.341643,-2.615159
BTC,weekly,otm10,h10,0.1,10,weekly_otm10_h10,batch_years_otm10_2020_2026,291,2025,2025-08-29T08:00:00.000Z,2025-09-05T08:00:00.000Z,109990,113000.5,91904.993388,94203.258493,0.835576,0.083558,2515.501251,34.313979,-251.550125,2298.265105,2.500697,2.774403
BTC,weekly,otm10,h10,0.1,10,weekly_otm10_h10,batch_years_otm10_2020_2026,292,2025,2025-09-05T08:00:00.000Z,2025-09-12T08:00:00.000Z,113000.5,115201,94203.258493,95948.470758,0.833653,0.083365,1834.454452,94.203258,-183.445445,1745.212265,1.852603,2.047337
BTC,weekly,otm10,h10,0.1,10,weekly_otm10_h10,batch_years_otm10_2020_2026,293,2025,2025-09-12T08:00:00.000Z,2025-09-19T08:00:00.000Z,115201,116964.5,95948.470758,97375.917665,0.832879,0.083288,1468.781766,105.543318,-146.878177,1427.446907,1.487722,1.640803
BTC,weekly,otm10,h10,0.1,10,weekly_otm10_h10,batch_years_otm10_2020_2026,294,2025,2025-09-19T08:00:00.000Z,2025-09-26T08:00:00.000Z,116964.5,109350,97375.917665,91729.004993,0.832525,0.083253,-6339.264692,58.425551,633.926469,-5646.912672,-5.799085,-6.450095
BTC,weekly,otm10,h10,0.1,10,weekly_otm10_h10,batch_years_otm10_2020_2026,295,2025,2025-09-26T08:00:00.000Z,2025-10-03T08:00:00.000Z,109350,119788,91729.004993,99612.055801,0.838857,0.083886,8755.988606,2.661062,-875.598861,7883.050808,8.593848,9.548397
BTC,weekly,otm10,h10,0.1,10,weekly_otm10_h10,batch_years_otm10_2020_2026,296,2025,2025-10-03T08:00:00.000Z,2025-10-10T08:00:00.000Z,119788,120949,99612.055801,100630.38093,0.83157,0.083157,965.452272,149.418084,-96.545227,1018.325129,1.022291,1.119212
BTC,weekly,otm10,h10,0.1,10,weekly_otm10_h10,batch_years_otm10_2020_2026,297,2025,2025-10-10T08:00:00.000Z,2025-10-17T08:00:00.000Z,120949,105597,100630.38093,89255.466921,0.832007,0.083201,-12772.967185,120.756457,1277.296718,-11374.914009,-11.303658,-12.572953
BTC,weekly,otm10,h10,0.1,10,weekly_otm10_h10,batch_years_otm10_2020_2026,298,2025,2025-10-17T08:00:00.000Z,2025-10-24T08:00:00.000Z,105597,111138,89255.466921,93693.764049,0.845246,0.084525,4683.509401,223.138667,-468.35094,4438.297128,4.972577,5.497308
BTC,weekly,otm10,h10,0.1,10,weekly_otm10_h10,batch_years_otm10_2020_2026,299,2025,2025-10-24T08:00:00.000Z,2025-10-31T08:00:00.000Z,111138,109420.5,93693.764049,92596.761465,0.84304,0.084304,-1447.920961,206.126281,144.792096,-1097.002584,-1.170838,-1.325376
BTC,weekly,otm10,h10,0.1,10,weekly_otm10_h10,batch_years_otm10_2020_2026,300,2025,2025-10-31T08:00:00.000Z,2025-11-07T08:00:00.000Z,109420.5,101931,92596.761465,87044.329188,0.846247,0.084625,-6337.966332,151.737421,633.796633,-5552.432277,-5.996357,-6.680826
BTC,weekly,otm10,h10,0.1,10,weekly_otm10_h10,batch_years_otm10_2020_2026,301,2025,2025-11-07T08:00:00.000Z,2025-11-14T08:00:00.000Z,101931,97013,87044.329188,83429.94465,0.853953,0.085395,-4199.743071,165.384225,419.974307,-3614.384538,-4.152349,-4.634832
BTC,weekly,otm10,h10,0.1,10,weekly_otm10_h10,batch_years_otm10_2020_2026,302,2025,2025-11-14T08:00:00.000Z,2025-11-21T08:00:00.000Z,97013,83841.5,83429.94465,73485.644435,0.859987,0.085999,-11327.322276,250.289834,1132.732228,-9944.300214,-11.919342,-13.277046
BTC,weekly,otm10,h10,0.1,10,weekly_otm10_h10,batch_years_otm10_2020_2026,303,2025,2025-11-21T08:00:00.000Z,2025-11-28T08:00:00.000Z,83841.5,90947,73485.644435,79494.880059,0.876483,0.087648,6227.849532,404.171044,-622.784953,6009.235623,8.177428,9.02492
BTC,weekly,otm10,h10,0.1,10,weekly_otm10_h10,batch_years_otm10_2020_2026,304,2025,2025-11-28T08:00:00.000Z,2025-12-05T08:00:00.000Z,90947,92219.5,79494.880059,80948.598176,0.874079,0.087408,1112.265769,452.678925,-111.226577,1453.718117,1.828694,1.968611
BTC,weekly,otm10,h10,0.1,10,weekly_otm10_h10,batch_years_otm10_2020_2026,305,2025,2025-12-05T08:00:00.000Z,2025-12-12T08:00:00.000Z,92219.5,92466.5,80948.598176,81378.480003,0.877782,0.087778,216.812103,234.750935,-21.68121,429.881828,0.531055,0.557839
BTC,weekly,otm10,h10,0.1,10,weekly_otm10_h10,batch_years_otm10_2020_2026,306,2025,2025-12-12T08:00:00.000Z,2025-12-19T08:00:00.000Z,92466.5,87926,81378.480003,77952.947028,0.880086,0.088009,-3996.03087,170.894808,399.603087,-3425.532975,-4.209384,-4.700427
BTC,weekly,otm10,h10,0.1,10,weekly_otm10_h10,batch_years_otm10_2020_2026,307,2025,2025-12-19T08:00:00.000Z,2025-12-26T08:00:00.000Z,87926,88458,77952.947028,78556.730664,0.886574,0.088657,471.657619,179.291778,-47.165762,603.783635,0.774549,0.835054
BTC,weekly,otm10,h10,0.1,10,weekly_otm10_h10,batch_years_otm10_2020_2026,308,2026,2026-01-02T08:00:00.000Z,2026-01-09T08:00:00.000Z,88798,90678,78556.730664,80070.881522,0.884668,0.088467,1663.17545,17.292953,-166.317545,1514.150858,1.927462,2.139649
BTC,weekly,otm10,h10,0.1,10,weekly_otm10_h10,batch_years_otm10_2020_2026,309,2026,2026-01-09T08:00:00.000Z,2026-01-16T08:00:00.000Z,90678,95656.5,80070.881522,84091.461257,0.883024,0.088302,4396.1367,64.056705,-439.61367,4020.579735,5.021276,5.570306
BTC,weekly,otm10,h10,0.1,10,weekly_otm10_h10,batch_years_otm10_2020_2026,310,2026,2026-01-16T08:00:00.000Z,2026-01-23T08:00:00.000Z,95656.5,89460.5,84091.461257,79273.349265,0.879098,0.08791,-5446.892725,84.091461,544.689272,-4818.111991,-5.729609,-6.377343
BTC,weekly,otm10,h10,0.1,10,weekly_otm10_h10,batch_years_otm10_2020_2026,311,2026,2026-01-23T08:00:00.000Z,2026-01-30T08:00:00.000Z,89460.5,82627.5,79273.349265,73895.281114,0.886127,0.088613,-6054.904629,71.346014,605.490463,-5378.068151,-6.784207,-7.548008
BTC,weekly,otm10,h10,0.1,10,weekly_otm10_h10,batch_years_otm10_2020_2026,312,2026,2026-01-30T08:00:00.000Z,2026-02-06T08:00:00.000Z,82627.5,64724,73895.281114,59554.799879,0.894318,0.089432,-16011.42677,69.802857,1601.142677,-14340.481235,-19.406491,-21.573264
BTC,weekly,otm10,h10,0.1,10,weekly_otm10_h10,batch_years_otm10_2020_2026,313,2026,2026-02-06T08:00:00.000Z,2026-02-13T08:00:00.000Z,64724,66140.5,59554.799879,61323.38163,0.920135,0.092013,1303.370837,595.547999,-130.337084,1768.581752,2.969671,3.188524
BTC,weekly,otm10,h10,0.1,10,weekly_otm10_h10,batch_years_otm10_2020_2026,314,2026,2026-02-13T08:00:00.000Z,2026-02-20T08:00:00.000Z,66140.5,67786,61323.38163,62849.780128,0.927168,0.092717,1525.655604,153.308454,-152.56556,1526.398498,2.489097,2.737886
BTC,weekly,otm10,h10,0.1,10,weekly_otm10_h10,batch_years_otm10_2020_2026,315,2026,2026-02-20T08:00:00.000Z,2026-02-27T08:00:00.000Z,67786,67649,62849.780128,62873.728429,0.927179,0.092718,-127.023572,138.269516,12.702357,23.948301,0.038104,0.017893
BTC,weekly,otm10,h10,0.1,10,weekly_otm10_h10,batch_years_otm10_2020_2026,316,2026,2026-02-27T08:00:00.000Z,2026-03-06T08:00:00.000Z,67649,71054,62873.728429,65940.153203,0.929411,0.092941,3164.644641,218.244597,-316.464464,3066.424773,4.877116,5.38045
BTC,weekly,otm10,h10,0.1,10,weekly_otm10_h10,batch_years_otm10_2020_2026,317,2026,2026-03-06T08:00:00.000Z,2026-03-13T08:00:00.000Z,71054,71660.5,65940.153203,66677.50822,0.928029,0.092803,562.849423,230.790536,-56.284942,737.355017,1.118219,1.203576
BTC,weekly,otm10,h10,0.1,10,weekly_otm10_h10,batch_years_otm10_2020_2026,318,2026,2026-03-13T08:00:00.000Z,2026-03-20T08:00:00.000Z,71660.5,70856,66677.50822,66257.180365,0.930464,0.093046,-748.558207,253.374531,74.855821,-420.327855,-0.630389,-0.742655
BTC,weekly,otm10,h10,0.1,10,weekly_otm10_h10,batch_years_otm10_2020_2026,319,2026,2026-03-20T08:00:00.000Z,2026-03-27T08:00:00.000Z,70856,68521,66257.180365,64451.092814,0.935096,0.09351,-2183.449759,159.017233,218.344976,-1806.087551,-2.725874,-3.055416
BTC,weekly,otm10,h10,0.1,10,weekly_otm10_h10,batch_years_otm10_2020_2026,320,2026,2026-03-27T08:00:00.000Z,2026-04-03T08:00:00.000Z,68521,67040.5,64451.092814,63396.347692,0.940604,0.09406,-1392.56349,198.562018,139.256349,-1054.745123,-1.636505,-1.85257
BTC,weekly,otm10,h10,0.1,10,weekly_otm10_h10,batch_years_otm10_2020_2026,321,2026,2026-04-03T08:00:00.000Z,2026-04-10T08:00:00.000Z,67040.5,71480.5,63396.347692,67238.531569,0.945643,0.094564,4198.652811,63.396348,-419.865281,3842.183877,6.060576,6.722862
BTC,weekly,otm10,h10,0.1,10,weekly_otm10_h10,batch_years_otm10_2020_2026,322,2026,2026-04-10T08:00:00.000Z,2026-04-17T08:00:00.000Z,71480.5,75069,67238.531569,70316.862999,0.940656,0.094066,3375.542568,40.343119,-337.554257,3078.33143,4.578225,5.08025
BTC,weekly,otm10,h10,0.1,10,weekly_otm10_h10,batch_years_otm10_2020_2026,323,2026,2026-04-17T08:00:00.000Z,2026-04-24T08:00:00.000Z,75069,77693,70316.862999,72592.250424,0.936696,0.09367,2457.891387,63.285177,-245.789139,2275.387425,3.235906,3.585451
BTC,weekly,otm10,h10,0.1,10,weekly_otm10_h10,batch_years_otm10_2020_2026,324,2026,2026-04-24T08:00:00.000Z,2026-05-01T08:00:00.000Z,77693,77173,72592.250424,72241.155893,0.934347,0.093435,-485.860634,86.180039,48.586063,-351.094531,-0.483653,-0.550583
BTC,weekly,otm10,h10,0.1,10,weekly_otm10_h10,batch_years_otm10_2020_2026,325,2026,2026-05-01T08:00:00.000Z,2026-05-08T08:00:00.000Z,77173,79684,72241.155893,74391.585673,0.936094,0.093609,2350.531176,34.951722,-235.053118,2150.42978,2.976738,3.302111
BTC,weekly,otm10,h20,0.2,20,weekly_otm10_h20,batch_years_otm10_2020_2026,1,2020,2020-01-03T08:00:00.000Z,2020-01-10T08:00:00.000Z,7194,7747,7172.418,7635.008054,0.997,0.1994,551.341,21.517254,-110.2682,462.590054,6.449569,8.010994
BTC,weekly,otm10,h20,0.2,20,weekly_otm10_h20,batch_years_otm10_2020_2026,2,2020,2020-01-10T08:00:00.000Z,2020-01-17T08:00:00.000Z,7747,8938.5,7635.008054,8589.698449,0.985544,0.197109,1174.275474,15.270016,-234.855095,954.690395,12.504118,15.580147
BTC,weekly,otm10,h20,0.2,20,weekly_otm10_h20,batch_years_otm10_2020_2026,3,2020,2020-01-17T08:00:00.000Z,2020-01-24T08:00:00.000Z,8938.5,8325.5,8589.698449,8165.678366,0.960978,0.192196,-589.079281,47.243341,117.815856,-424.020083,-4.936379,-6.307974
BTC,weekly,otm10,h20,0.2,20,weekly_otm10_h20,batch_years_otm10_2020_2026,4,2020,2020-01-24T08:00:00.000Z,2020-01-31T08:00:00.000Z,8325.5,9362.5,8165.678366,8705.510083,0.980803,0.196161,1017.093083,-273.84275,-203.418617,539.831717,6.610984,9.102126
BTC,weekly,otm10,h20,0.2,20,weekly_otm10_h20,batch_years_otm10_2020_2026,5,2020,2020-01-31T08:00:00.000Z,2020-02-07T08:00:00.000Z,9362.5,9791.5,8705.510083,9084.895267,0.929828,0.185966,398.896003,60.268381,-79.779201,379.385184,4.357989,5.274411
BTC,weekly,otm10,h20,0.2,20,weekly_otm10_h20,batch_years_otm10_2020_2026,6,2020,2020-02-07T08:00:00.000Z,2020-02-14T08:00:00.000Z,9791.5,10136,9084.895267,9381.488589,0.927835,0.185567,319.639118,40.882029,-63.927824,296.593323,3.264686,3.968358
BTC,weekly,otm10,h20,0.2,20,weekly_otm10_h20,batch_years_otm10_2020_2026,7,2020,2020-02-14T08:00:00.000Z,2020-02-21T08:00:00.000Z,10136,9695.5,9381.488589,9139.754211,0.925561,0.185112,-407.70972,84.433397,81.541944,-241.734379,-2.576717,-3.445896
BTC,weekly,otm10,h20,0.2,20,weekly_otm10_h20,batch_years_otm10_2020_2026,8,2020,2020-02-21T08:00:00.000Z,2020-02-28T08:00:00.000Z,9695.5,8731.5,9139.754211,8440.178636,0.94268,0.188536,-908.743547,27.419263,181.748709,-699.575575,-7.654206,-9.642757
BTC,weekly,otm10,h20,0.2,20,weekly_otm10_h20,batch_years_otm10_2020_2026,9,2020,2020-02-28T08:00:00.000Z,2020-03-06T08:00:00.000Z,8731.5,9109,8440.178636,8755.252772,0.966636,0.193327,364.904934,23.150189,-72.980987,315.074136,3.733027,4.597712
BTC,weekly,otm10,h20,0.2,20,weekly_otm10_h20,batch_years_otm10_2020_2026,10,2020,2020-03-06T08:00:00.000Z,2020-03-13T08:00:00.000Z,9109,5251.5,8755.252772,5832.873579,0.961165,0.192233,-3707.694321,43.776264,741.538864,-2922.379193,-33.378582,-41.848227
BTC,weekly,otm10,h20,0.2,20,weekly_otm10_h20,batch_years_otm10_2020_2026,11,2020,2020-03-13T08:00:00.000Z,2020-03-20T08:00:00.000Z,5251.5,6321.5,5832.873579,6595.972052,1.110706,0.222141,1188.455628,-187.666029,-237.691126,763.098473,13.082719,17.157745
BTC,weekly,otm10,h20,0.2,20,weekly_otm10_h20,batch_years_otm10_2020_2026,12,2020,2020-03-20T08:00:00.000Z,2020-03-27T08:00:00.000Z,6321.5,6721,6595.972052,7196.585574,1.043419,0.208684,416.845817,267.136868,-83.369163,600.613522,9.105762,10.369703
BTC,weekly,otm10,h20,0.2,20,weekly_otm10_h20,batch_years_otm10_2020_2026,13,2020,2020-03-27T08:00:00.000Z,2020-04-03T08:00:00.000Z,6721,6942,7196.585574,8048.213494,1.070761,0.214152,236.63821,662.317352,-47.327642,851.62792,11.833777,12.491418
BTC,weekly,otm10,h20,0.2,20,weekly_otm10_h20,batch_years_otm10_2020_2026,14,2020,2020-04-03T08:00:00.000Z,2020-04-10T08:00:00.000Z,6942,6929.5,8048.213494,8105.029801,1.159351,0.23187,-14.491885,68.409815,2.898377,56.816306,0.705949,0.669937
BTC,weekly,otm10,h20,0.2,20,weekly_otm10_h20,batch_years_otm10_2020_2026,15,2020,2020-04-10T08:00:00.000Z,2020-04-17T08:00:00.000Z,6929.5,7056.5,8105.029801,8264.390512,1.169641,0.233928,148.544453,40.525149,-29.708891,159.360711,1.966195,2.332744
BTC,weekly,otm10,h20,0.2,20,weekly_otm10_h20,batch_years_otm10_2020_2026,16,2020,2020-04-17T08:00:00.000Z,2020-04-24T08:00:00.000Z,7056.5,7584,8264.390512,8808.212353,1.171174,0.234235,617.794373,49.586343,-123.558875,543.821842,6.580302,8.075377
BTC,weekly,otm10,h20,0.2,20,weekly_otm10_h20,batch_years_otm10_2020_2026,17,2020,2020-04-24T08:00:00.000Z,2020-05-01T08:00:00.000Z,7584,8778.5,8808.212353,9185.186524,1.16142,0.232284,1387.316674,-732.879168,-277.463335,376.974171,4.279803,7.429856
BTC,weekly,otm10,h20,0.2,20,weekly_otm10_h20,batch_years_otm10_2020_2026,18,2020,2020-05-01T08:00:00.000Z,2020-05-08T08:00:00.000Z,8778.5,9834,9185.186524,10106.945911,1.046328,0.209266,1104.398744,38.240392,-220.879749,921.759387,10.035282,12.440021
BTC,weekly,otm10,h20,0.2,20,weekly_otm10_h20,batch_years_otm10_2020_2026,19,2020,2020-05-08T08:00:00.000Z,2020-05-15T08:00:00.000Z,9834,9676.5,10106.945911,10134.106401,1.027755,0.205551,-161.871464,156.657662,32.374293,27.16049,0.268731,-0.051586
BTC,weekly,otm10,h20,0.2,20,weekly_otm10_h20,batch_years_otm10_2020_2026,20,2020,2020-05-15T08:00:00.000Z,2020-05-22T08:00:00.000Z,9676.5,9070.5,10134.106401,9722.653984,1.04729,0.209458,-634.658035,96.274011,126.931607,-411.452417,-4.060076,-5.312595
BTC,weekly,otm10,h20,0.2,20,weekly_otm10_h20,batch_years_otm10_2020_2026,21,2020,2020-05-22T08:00:00.000Z,2020-05-29T08:00:00.000Z,9070.5,9526,9722.653984,10195.896301,1.071898,0.21438,488.249698,82.642559,-97.64994,473.242318,4.867419,5.871774
BTC,weekly,otm10,h20,0.2,20,weekly_otm10_h20,batch_years_otm10_2020_2026,22,2020,2020-05-29T08:00:00.000Z,2020-06-05T08:00:00.000Z,9526,9782,10195.896301,10575.507529,1.070323,0.214065,274.002672,160.40909,-54.800534,379.611228,3.723177,4.260653
BTC,weekly,otm10,h20,0.2,20,weekly_otm10_h20,batch_years_otm10_2020_2026,23,2020,2020-06-05T08:00:00.000Z,2020-06-12T08:00:00.000Z,9782,9426.5,10575.507529,10336.778042,1.081119,0.216224,-384.337858,68.740799,76.867572,-238.729487,-2.257381,-2.984226
BTC,weekly,otm10,h20,0.2,20,weekly_otm10_h20,batch_years_otm10_2020_2026,24,2020,2020-06-12T08:00:00.000Z,2020-06-19T08:00:00.000Z,9426.5,9288,10336.778042,10328.983103,1.096566,0.219313,-151.874371,113.704558,30.374874,-7.794938,-0.07541,-0.369262
BTC,weekly,otm10,h20,0.2,20,weekly_otm10_h20,batch_years_otm10_2020_2026,25,2020,2020-06-19T08:00:00.000Z,2020-06-26T08:00:00.000Z,9288,9115,10328.983103,10237.045368,1.112078,0.222416,-192.389543,61.973899,38.477909,-91.937736,-0.890095,-1.262618
BTC,weekly,otm10,h20,0.2,20,weekly_otm10_h20,batch_years_otm10_2020_2026,26,2020,2020-06-26T08:00:00.000Z,2020-07-03T08:00:00.000Z,9115,9101,10237.045368,10235.901266,1.123099,0.22462,-15.723383,11.434604,3.144677,-1.144102,-0.011176,-0.041895
BTC,weekly,otm10,h20,0.2,20,weekly_otm10_h20,batch_years_otm10_2020_2026,27,2020,2020-07-03T08:00:00.000Z,2020-07-10T08:00:00.000Z,9101,9147,10235.901266,10297.762055,1.124701,0.22494,51.736233,20.471803,-10.347247,61.860789,0.604351,0.705439
BTC,weekly,otm10,h20,0.2,20,weekly_otm10_h20,batch_years_otm10_2020_2026,28,2020,2020-07-10T08:00:00.000Z,2020-07-17T08:00:00.000Z,9147,9100,10297.762055,10281.176094,1.125808,0.225162,-52.912957,25.744405,10.582591,-16.58596,-0.161064,-0.26383
BTC,weekly,otm10,h20,0.2,20,weekly_otm10_h20,batch_years_otm10_2020_2026,29,2020,2020-07-17T08:00:00.000Z,2020-07-24T08:00:00.000Z,9100,9524.5,10281.176094,10685.418381,1.1298,0.22596,479.599918,20.562352,-95.919984,404.242286,3.931868,4.864835
BTC,weekly,otm10,h20,0.2,20,weekly_otm10_h20,batch_years_otm10_2020_2026,30,2020,2020-07-24T08:00:00.000Z,2020-07-31T08:00:00.000Z,9524.5,11168,10685.418381,10945.112079,1.121888,0.224378,1843.822259,-1215.364109,-368.764452,259.693699,2.430356,5.881456
BTC,weekly,otm10,h20,0.2,20,weekly_otm10_h20,batch_years_otm10_2020_2026,31,2020,2020-07-31T08:00:00.000Z,2020-08-07T08:00:00.000Z,11168,11800,10945.112079,11500.522592,0.980042,0.196008,619.386715,59.901141,-123.877343,555.410513,5.074507,6.206312
BTC,weekly,otm10,h20,0.2,20,weekly_otm10_h20,batch_years_otm10_2020_2026,32,2020,2020-08-07T08:00:00.000Z,2020-08-14T08:00:00.000Z,11800,11730,11500.522592,11514.946976,0.974621,0.194924,-68.223439,69.003136,13.644688,14.424384,0.125424,0.00678
BTC,weekly,otm10,h20,0.2,20,weekly_otm10_h20,batch_years_otm10_2020_2026,33,2020,2020-08-14T08:00:00.000Z,2020-08-21T08:00:00.000Z,11730,11846,11514.946976,11652.105407,0.981666,0.196333,113.873303,46.059788,-22.774661,137.158431,1.191134,1.388917
BTC,weekly,otm10,h20,0.2,20,weekly_otm10_h20,batch_years_otm10_2020_2026,34,2020,2020-08-21T08:00:00.000Z,2020-08-28T08:00:00.000Z,11846,11381.5,11652.105407,11327.370102,0.983632,0.196726,-456.897093,40.782369,91.379419,-324.735305,-2.786924,-3.571155
BTC,weekly,otm10,h20,0.2,20,weekly_otm10_h20,batch_years_otm10_2020_2026,35,2020,2020-08-28T08:00:00.000Z,2020-09-04T08:00:00.000Z,11381.5,10302.5,11327.370102,10471.652064,0.995244,0.199049,-1073.868325,3.376622,214.773665,-855.718038,-7.554428,-9.450488
BTC,weekly,otm10,h20,0.2,20,weekly_otm10_h20,batch_years_otm10_2020_2026,36,2020,2020-09-04T08:00:00.000Z,2020-09-11T08:00:00.000Z,10302.5,10257.5,10471.652064,10513.598387,1.016419,0.203284,-45.738835,78.53739,9.147767,41.946323,0.40057,0.313213
BTC,weekly,otm10,h20,0.2,20,weekly_otm10_h20,batch_years_otm10_2020_2026,37,2020,2020-09-11T08:00:00.000Z,2020-09-18T08:00:00.000Z,10257.5,10967,10513.598387,11163.708012,1.024967,0.204993,727.214044,68.33839,-145.442809,650.109625,6.183512,7.56689
BTC,weekly,otm10,h20,0.2,20,weekly_otm10_h20,batch_years_otm10_2020_2026,38,2020,2020-09-18T08:00:00.000Z,2020-09-25T08:00:00.000Z,10967,10687,11163.708012,10991.508808,1.017936,0.203587,-285.02218,55.81854,57.004436,-172.199204,-1.542491,-2.053114
BTC,weekly,otm10,h20,0.2,20,weekly_otm10_h20,batch_years_otm10_2020_2026,39,2020,2020-09-25T08:00:00.000Z,2020-10-02T08:00:00.000Z,10687,10488,10991.508808,10830.643974,1.028493,0.205699,-204.670184,2.871312,40.934037,-160.864835,-1.463537,-1.835952
BTC,weekly,otm10,h20,0.2,20,weekly_otm10_h20,batch_years_otm10_2020_2026,40,2020,2020-10-02T08:00:00.000Z,2020-10-09T08:00:00.000Z,10488,10905,10830.643974,11175.974844,1.03267,0.206534,430.62343,0.832126,-86.124686,345.33087,3.188461,3.983656
BTC,weekly,otm10,h20,0.2,20,weekly_otm10_h20,batch_years_otm10_2020_2026,41,2020,2020-10-09T08:00:00.000Z,2020-10-16T08:00:00.000Z,10905,11322,11175.974844,11534.628325,1.024849,0.20497,427.361899,16.763962,-85.47238,358.653482,3.209147,3.973934
BTC,weekly,otm10,h20,0.2,20,weekly_otm10_h20,batch_years_otm10_2020_2026,42,2020,2020-10-16T08:00:00.000Z,2020-10-23T08:00:00.000Z,11322,12901.5,11534.628325,11946.223637,1.01878,0.203756,1609.163173,-875.735226,-321.832635,411.595312,3.568345,6.358488
BTC,weekly,otm10,h20,0.2,20,weekly_otm10_h20,batch_years_otm10_2020_2026,43,2020,2020-10-23T08:00:00.000Z,2020-10-30T08:00:00.000Z,12901.5,13229,11946.223637,12254.528386,0.925956,0.185191,303.250648,65.70423,-60.65013,308.304749,2.580772,3.088465
BTC,weekly,otm10,h20,0.2,20,weekly_otm10_h20,batch_years_otm10_2020_2026,44,2020,2020-10-30T08:00:00.000Z,2020-11-06T08:00:00.000Z,13229,15786.5,12254.528386,13452.716482,0.926338,0.185268,2369.110012,-697.099913,-473.822002,1198.188097,9.777513,13.644018
BTC,weekly,otm10,h20,0.2,20,weekly_otm10_h20,batch_years_otm10_2020_2026,45,2020,2020-11-06T08:00:00.000Z,2020-11-13T08:00:00.000Z,15786.5,16294,13452.716482,13973.581139,0.852166,0.170433,432.474178,174.885314,-86.494836,520.864657,3.871818,4.514772
BTC,weekly,otm10,h20,0.2,20,weekly_otm10_h20,batch_years_otm10_2020_2026,46,2020,2020-11-13T08:00:00.000Z,2020-11-20T08:00:00.000Z,16294,18254,13973.581139,15230.617707,0.857591,0.171518,1680.877564,-87.665483,-336.175513,1257.036568,8.995808,11.401602
BTC,weekly,otm10,h20,0.2,20,weekly_otm10_h20,batch_years_otm10_2020_2026,47,2020,2020-11-20T08:00:00.000Z,2020-11-27T08:00:00.000Z,18254,17105,15230.617707,14593.123657,0.834372,0.166874,-958.692875,129.460251,191.738575,-637.49405,-4.185609,-5.444511
BTC,weekly,otm10,h20,0.2,20,weekly_otm10_h20,batch_years_otm10_2020_2026,48,2020,2020-11-27T08:00:00.000Z,2020-12-04T08:00:00.000Z,17105,19331,14593.123657,16005.573501,0.85315,0.17063,1899.110977,-106.838939,-379.822195,1412.449843,9.678873,12.28162
BTC,weekly,otm10,h20,0.2,20,weekly_otm10_h20,batch_years_otm10_2020_2026,49,2020,2020-12-04T08:00:00.000Z,2020-12-11T08:00:00.000Z,19331,17789,16005.573501,15224.267859,0.827974,0.165595,-1276.736555,240.083603,255.347311,-781.305641,-4.88146,-6.476825
BTC,weekly,otm10,h20,0.2,20,weekly_otm10_h20,batch_years_otm10_2020_2026,50,2020,2020-12-11T08:00:00.000Z,2020-12-18T08:00:00.000Z,17789,23113.5,15224.267859,16369.233533,0.855825,0.171165,4556.839295,-2500.505762,-911.367859,1144.965674,7.520662,13.506945
BTC,weekly,otm10,h20,0.2,20,weekly_otm10_h20,batch_years_otm10_2020_2026,51,2020,2020-12-18T08:00:00.000Z,2020-12-25T08:00:00.000Z,23113.5,23678,16369.233533,17008.261647,0.708211,0.141642,399.785075,319.200054,-79.957015,639.028114,3.903837,4.392296
BTC,weekly,otm10,h20,0.2,20,weekly_otm10_h20,batch_years_otm10_2020_2026,52,2021,2021-01-01T08:00:00.000Z,2021-01-08T08:00:00.000Z,29186.5,38963.5,17008.261647,17783.096683,0.582744,0.116549,5697.489391,-3783.156477,-1139.497878,774.835036,4.555639,11.43701
BTC,weekly,otm10,h20,0.2,20,weekly_otm10_h20,batch_years_otm10_2020_2026,53,2021,2021-01-08T08:00:00.000Z,2021-01-15T08:00:00.000Z,38963.5,38500,17783.096683,18334.077501,0.456404,0.091281,-211.543247,720.215416,42.308649,550.980818,3.09834,2.860425
BTC,weekly,otm10,h20,0.2,20,weekly_otm10_h20,batch_years_otm10_2020_2026,54,2021,2021-01-15T08:00:00.000Z,2021-01-22T08:00:00.000Z,38500,30768,18334.077501,16451.810625,0.47621,0.095242,-3682.054214,1063.376495,736.410843,-1882.266876,-10.266494,-14.283117
BTC,weekly,otm10,h20,0.2,20,weekly_otm10_h20,batch_years_otm10_2020_2026,55,2021,2021-01-22T08:00:00.000Z,2021-01-29T08:00:00.000Z,30768,32305.5,16451.810625,17594.826475,0.534705,0.106941,822.109297,485.328413,-164.421859,1143.015851,6.94766,7.947075
BTC,weekly,otm10,h20,0.2,20,weekly_otm10_h20,batch_years_otm10_2020_2026,56,2021,2021-01-29T08:00:00.000Z,2021-02-05T08:00:00.000Z,32305.5,37760.5,17594.826475,19592.328371,0.544639,0.108928,2971.004269,-379.30152,-594.200854,1997.501896,11.35278,14.729914
BTC,weekly,otm10,h20,0.2,20,weekly_otm10_h20,batch_years_otm10_2020_2026,57,2021,2021-02-05T08:00:00.000Z,2021-02-12T08:00:00.000Z,37760.5,47474,19592.328371,21237.236789,0.518858,0.103772,5039.924832,-2387.031448,-1007.984966,1644.908418,8.395676,13.54047
BTC,weekly,otm10,h20,0.2,20,weekly_otm10_h20,batch_years_otm10_2020_2026,58,2021,2021-02-12T08:00:00.000Z,2021-02-19T08:00:00.000Z,47474,51744,21237.236789,23370.627137,0.447345,0.089469,1910.161374,605.261248,-382.032275,2133.390348,10.045518,11.844397
BTC,weekly,otm10,h20,0.2,20,weekly_otm10_h20,batch_years_otm10_2020_2026,59,2021,2021-02-19T08:00:00.000Z,2021-02-26T08:00:00.000Z,51744,44988.5,23370.627137,21502.26329,0.451659,0.090332,-3051.180265,572.580365,610.236053,-1868.363847,-7.994496,-10.60562
BTC,weekly,otm10,h20,0.2,20,weekly_otm10_h20,batch_years_otm10_2020_2026,60,2021,2021-02-26T08:00:00.000Z,2021-03-05T08:00:00.000Z,44988.5,47388,21502.26329,23211.689102,0.47795,0.09559,1146.841543,791.952578,-229.368309,1709.425812,7.949981,9.016698
BTC,weekly,otm10,h20,0.2,20,weekly_otm10_h20,batch_years_otm10_2020_2026,61,2021,2021-03-05T08:00:00.000Z,2021-03-12T08:00:00.000Z,47388,56772,23211.689102,24954.330124,0.489822,0.097964,4596.490473,-1934.551357,-919.298095,1742.641022,7.507601,11.468097
BTC,weekly,otm10,h20,0.2,20,weekly_otm10_h20,batch_years_otm10_2020_2026,62,2021,2021-03-12T08:00:00.000Z,2021-03-19T08:00:00.000Z,56772,57851,24954.330124,25857.79362,0.439553,0.087911,474.278204,524.040933,-94.855641,903.463496,3.620468,4.000585
BTC,weekly,otm10,h20,0.2,20,weekly_otm10_h20,batch_years_otm10_2020_2026,63,2021,2021-03-19T08:00:00.000Z,2021-03-26T08:00:00.000Z,57851,53607.5,25857.79362,24715.350117,0.446972,0.089394,-1896.726889,374.938007,379.345378,-1142.443503,-4.418179,-5.885223
BTC,weekly,otm10,h20,0.2,20,weekly_otm10_h20,batch_years_otm10_2020_2026,64,2021,2021-03-26T08:00:00.000Z,2021-04-02T08:00:00.000Z,53607.5,59507.5,24715.350117,27000.383272,0.461043,0.092209,2720.152324,108.911297,-544.030465,2285.033155,9.245401,11.446585
BTC,weekly,otm10,h20,0.2,20,weekly_otm10_h20,batch_years_otm10_2020_2026,65,2021,2021-04-02T08:00:00.000Z,2021-04-09T08:00:00.000Z,59507.5,58130.5,27000.383272,26790.896409,0.453731,0.090746,-624.787258,290.342943,124.957452,-209.486864,-0.775866,-1.238665
BTC,weekly,otm10,h20,0.2,20,weekly_otm10_h20,batch_years_otm10_2020_2026,66,2021,2021-04-09T08:00:00.000Z,2021-04-16T08:00:00.000Z,58130.5,61460,26790.896409,28165.833091,0.460875,0.092175,1534.48344,147.34993,-306.896688,1374.936682,5.132104,6.27763
BTC,weekly,otm10,h20,0.2,20,weekly_otm10_h20,batch_years_otm10_2020_2026,67,2021,2021-04-16T08:00:00.000Z,2021-04-23T08:00:00.000Z,61460,47696,28165.833091,23288.625334,0.458279,0.091656,-6307.753444,168.994999,1261.550689,-4877.207757,-17.316043,-21.795054
BTC,weekly,otm10,h20,0.2,20,weekly_otm10_h20,batch_years_otm10_2020_2026,68,2021,2021-04-23T08:00:00.000Z,2021-04-30T08:00:00.000Z,47696,54452.5,23288.625334,25232.34373,0.488272,0.097654,3299.010338,-695.489874,-659.802068,1943.718396,8.346214,11.179365
BTC,weekly,otm10,h20,0.2,20,weekly_otm10_h20,batch_years_otm10_2020_2026,69,2021,2021-04-30T08:00:00.000Z,2021-05-07T08:00:00.000Z,54452.5,55838.5,25232.34373,26350.342338,0.463383,0.092677,642.248352,604.199926,-128.44967,1117.998608,4.430816,4.939883
BTC,weekly,otm10,h20,0.2,20,weekly_otm10_h20,batch_years_otm10_2020_2026,70,2021,2021-05-07T08:00:00.000Z,2021-05-14T08:00:00.000Z,55838.5,50139.5,26350.342338,24409.646007,0.471903,0.094381,-2689.373837,210.802739,537.874767,-1940.696331,-7.364976,-9.40622
BTC,weekly,otm10,h20,0.2,20,weekly_otm10_h20,batch_years_otm10_2020_2026,71,2021,2021-05-14T08:00:00.000Z,2021-05-21T08:00:00.000Z,50139.5,39921.5,24409.646007,20686.366115,0.486835,0.097367,-4974.476469,256.301283,994.895294,-3723.279892,-15.253314,-19.329142
BTC,weekly,otm10,h20,0.2,20,weekly_otm10_h20,batch_years_otm10_2020_2026,72,2021,2021-05-21T08:00:00.000Z,2021-05-28T08:00:00.000Z,39921.5,37035.5,20686.366115,19852.012604,0.518176,0.103635,-1495.456148,362.011407,299.09123,-834.353511,-4.03335,-5.479187
BTC,weekly,otm10,h20,0.2,20,weekly_otm10_h20,batch_years_otm10_2020_2026,73,2021,2021-05-28T08:00:00.000Z,2021-06-04T08:00:00.000Z,37035.5,36640.5,19852.012604,21205.200844,0.536027,0.107205,-211.730501,1522.572641,42.3461,1353.18824,6.816378,6.603069
BTC,weekly,otm10,h20,0.2,20,weekly_otm10_h20,batch_years_otm10_2020_2026,74,2021,2021-06-04T08:00:00.000Z,2021-06-11T08:00:00.000Z,36640.5,37160,21205.200844,21816.814818,0.578737,0.115747,300.653698,371.091015,-60.13074,611.613974,2.884264,3.16783
BTC,weekly,otm10,h20,0.2,20,weekly_otm10_h20,batch_years_otm10_2020_2026,75,2021,2021-06-11T08:00:00.000Z,2021-06-18T08:00:00.000Z,37160,37686.5,21816.814818,22467.714439,0.587105,0.117421,309.110684,403.611074,-61.822137,650.899621,2.983477,3.266846
BTC,weekly,otm10,h20,0.2,20,weekly_otm10_h20,batch_years_otm10_2020_2026,76,2021,2021-06-18T08:00:00.000Z,2021-06-25T08:00:00.000Z,37686.5,34290.5,22467.714439,21072.705844,0.596174,0.119235,-2024.607173,224.677144,404.921435,-1395.008594,-6.208948,-8.011184
BTC,weekly,otm10,h20,0.2,20,weekly_otm10_h20,batch_years_otm10_2020_2026,77,2021,2021-06-25T08:00:00.000Z,2021-07-02T08:00:00.000Z,34290.5,33382,21072.705844,21064.788305,0.614535,0.122907,-558.304873,438.726359,111.660975,-7.91754,-0.037572,-0.567457
BTC,weekly,otm10,h20,0.2,20,weekly_otm10_h20,batch_years_otm10_2020_2026,78,2021,2021-07-02T08:00:00.000Z,2021-07-09T08:00:00.000Z,33382,32897,21064.788305,21331.445481,0.631022,0.126204,-306.045843,511.493851,61.209169,266.657176,1.265891,0.975315
BTC,weekly,otm10,h20,0.2,20,weekly_otm10_h20,batch_years_otm10_2020_2026,79,2021,2021-07-09T08:00:00.000Z,2021-07-16T08:00:00.000Z,32897,31795,21331.445481,20994.43432,0.648431,0.129686,-714.571326,234.6459,142.914265,-337.011161,-1.57988,-2.24985
BTC,weekly,otm10,h20,0.2,20,weekly_otm10_h20,batch_years_otm10_2020_2026,80,2021,2021-07-16T08:00:00.000Z,2021-07-23T08:00:00.000Z,31795,32501.5,20994.43432,21514.600401,0.660306,0.132061,466.506301,146.96104,-93.30126,520.166081,2.477638,2.922047
BTC,weekly,otm10,h20,0.2,20,weekly_otm10_h20,batch_years_otm10_2020_2026,81,2021,2021-07-23T08:00:00.000Z,2021-07-30T08:00:00.000Z,32501.5,39787.5,21514.600401,23000.780595,0.661957,0.132391,4823.019815,-2372.235659,-964.603963,1486.180193,6.907775,11.39126
BTC,weekly,otm10,h20,0.2,20,weekly_otm10_h20,batch_years_otm10_2020_2026,82,2021,2021-07-30T08:00:00.000Z,2021-08-06T08:00:00.000Z,39787.5,40752.5,23000.780595,23698.879566,0.578091,0.115618,557.85745,251.813011,-111.57149,698.098971,3.03511,3.520187
BTC,weekly,otm10,h20,0.2,20,weekly_otm10_h20,batch_years_otm10_2020_2026,83,2021,2021-08-06T08:00:00.000Z,2021-08-13T08:00:00.000Z,40752.5,46141.5,23698.879566,25869.064373,0.581532,0.116306,3133.875516,-336.915606,-626.775103,2170.184807,9.157331,11.802077
BTC,weekly,otm10,h20,0.2,20,weekly_otm10_h20,batch_years_otm10_2020_2026,84,2021,2021-08-13T08:00:00.000Z,2021-08-20T08:00:00.000Z,46141.5,46812,25869.064373,26635.438243,0.560646,0.112129,375.91339,465.643159,-75.182678,766.37387,2.962511,3.253139
BTC,weekly,otm10,h20,0.2,20,weekly_otm10_h20,batch_years_otm10_2020_2026,85,2021,2021-08-20T08:00:00.000Z,2021-08-27T08:00:00.000Z,46812,47533.5,26635.438243,27323.436187,0.568987,0.113797,410.52441,359.578416,-82.104882,687.997944,2.583017,2.891271
BTC,weekly,otm10,h20,0.2,20,weekly_otm10_h20,batch_years_otm10_2020_2026,86,2021,2021-08-27T08:00:00.000Z,2021-09-03T08:00:00.000Z,47533.5,49323.5,27323.436187,28313.083177,0.574825,0.114965,1028.936451,166.49783,-205.78729,989.64699,3.621971,4.375124
BTC,weekly,otm10,h20,0.2,20,weekly_otm10_h20,batch_years_otm10_2020_2026,87,2021,2021-09-03T08:00:00.000Z,2021-09-10T08:00:00.000Z,49323.5,46189.5,28313.083177,27241.94959,0.574028,0.114806,-1799.004586,368.070081,359.800917,-1071.133587,-3.783175,-5.053969
BTC,weekly,otm10,h20,0.2,20,weekly_otm10_h20,batch_years_otm10_2020_2026,88,2021,2021-09-10T08:00:00.000Z,2021-09-17T08:00:00.000Z,46189.5,47724,27241.94959,28238.391154,0.589787,0.117957,905.027585,272.419496,-181.005517,996.441564,3.657747,4.322184
BTC,weekly,otm10,h20,0.2,20,weekly_otm10_h20,batch_years_otm10_2020_2026,89,2021,2021-09-17T08:00:00.000Z,2021-09-24T08:00:00.000Z,47724,44800.5,28238.391154,27094.544601,0.591702,0.11834,-1729.841098,240.026325,345.96822,-1143.846553,-4.050679,-5.275849
BTC,weekly,otm10,h20,0.2,20,weekly_otm10_h20,batch_years_otm10_2020_2026,90,2021,2021-09-24T08:00:00.000Z,2021-10-01T08:00:00.000Z,44800.5,44823.5,27094.544601,27466.929859,0.604782,0.120956,13.90999,361.257266,-2.781998,372.385258,1.374392,1.38466
BTC,weekly,otm10,h20,0.2,20,weekly_otm10_h20,batch_years_otm10_2020_2026,91,2021,2021-10-01T08:00:00.000Z,2021-10-08T08:00:00.000Z,44823.5,54886,27466.929859,29400.7408,0.61278,0.122556,6166.095501,-2999.065461,-1233.2191,1933.81094,7.040506,11.530339
BTC,weekly,otm10,h20,0.2,20,weekly_otm10_h20,batch_years_otm10_2020_2026,92,2021,2021-10-08T08:00:00.000Z,2021-10-15T08:00:00.000Z,54886,59325.5,29400.7408,31641.33212,0.535669,0.107134,2378.103501,338.108519,-475.6207,2240.59132,7.620867,9.238584
BTC,weekly,otm10,h20,0.2,20,weekly_otm10_h20,batch_years_otm10_2020_2026,93,2021,2021-10-15T08:00:00.000Z,2021-10-22T08:00:00.000Z,59325.5,63426.5,31641.33212,34023.977684,0.533351,0.10667,2187.273652,632.826642,-437.45473,2382.645564,7.530168,8.91271
BTC,weekly,otm10,h20,0.2,20,weekly_otm10_h20,batch_years_otm10_2020_2026,94,2021,2021-10-22T08:00:00.000Z,2021-10-29T08:00:00.000Z,63426.5,60639,34023.977684,33236.02299,0.536432,0.107286,-1495.303033,408.287732,299.060607,-787.954694,-2.315881,-3.194851
BTC,weekly,otm10,h20,0.2,20,weekly_otm10_h20,batch_years_otm10_2020_2026,95,2021,2021-10-29T08:00:00.000Z,2021-11-05T08:00:00.000Z,60639,62143,33236.02299,34188.458072,0.548096,0.109619,824.337119,292.965387,-164.867424,952.435082,2.865671,3.361721
BTC,weekly,otm10,h20,0.2,20,weekly_otm10_h20,batch_years_otm10_2020_2026,96,2021,2021-11-05T08:00:00.000Z,2021-11-12T08:00:00.000Z,62143,64592,34188.458072,35642.400333,0.550158,0.110032,1347.336527,376.073039,-269.467305,1453.942261,4.252728,5.04091
BTC,weekly,otm10,h20,0.2,20,weekly_otm10_h20,batch_years_otm10_2020_2026,97,2021,2021-11-12T08:00:00.000Z,2021-11-19T08:00:00.000Z,64592,55994.5,35642.400333,32203.486996,0.551808,0.110362,-4744.171675,356.424003,948.834335,-3438.913337,-9.648378,-12.310472
BTC,weekly,otm10,h20,0.2,20,weekly_otm10_h20,batch_years_otm10_2020_2026,98,2021,2021-11-19T08:00:00.000Z,2021-11-26T08:00:00.000Z,55994.5,57049,32203.486996,33042.895533,0.575119,0.115024,606.462725,354.238357,-121.292545,839.408537,2.606577,2.983221
BTC,weekly,otm10,h20,0.2,20,weekly_otm10_h20,batch_years_otm10_2020_2026,99,2021,2021-11-26T08:00:00.000Z,2021-12-03T08:00:00.000Z,57049,56770,33042.895533,33147.65542,0.579202,0.11584,-161.597361,234.037777,32.319472,104.759888,0.317042,0.219231
BTC,weekly,otm10,h20,0.2,20,weekly_otm10_h20,batch_years_otm10_2020_2026,100,2021,2021-12-03T08:00:00.000Z,2021-12-10T08:00:00.000Z,56770,47738.5,33147.65542,29260.381931,0.583894,0.116779,-5273.437554,331.476554,1054.687511,-3887.273489,-11.727145,-14.908931
BTC,weekly,otm10,h20,0.2,20,weekly_otm10_h20,batch_years_otm10_2020_2026,101,2021,2021-12-10T08:00:00.000Z,2021-12-17T08:00:00.000Z,47738.5,46990.5,29260.381931,29200.83834,0.61293,0.122586,-458.472002,307.23401,91.6944,-59.543592,-0.203496,-0.51687
BTC,weekly,otm10,h20,0.2,20,weekly_otm10_h20,batch_years_otm10_2020_2026,102,2021,2021-12-17T08:00:00.000Z,2021-12-24T08:00:00.000Z,46990.5,51060.5,29200.83834,31457.788693,0.62142,0.124284,2529.179558,233.606707,-505.835912,2256.950354,7.72906,9.461325
BTC,weekly,otm10,h20,0.2,20,weekly_otm10_h20,batch_years_otm10_2020_2026,103,2021,2021-12-24T08:00:00.000Z,2021-12-31T08:00:00.000Z,51060.5,47184,31457.788693,29846.023918,0.616089,0.123218,-2388.26721,298.848993,477.653442,-1611.764775,-5.123579,-6.641974
BTC,weekly,otm10,h20,0.2,20,weekly_otm10_h20,batch_years_otm10_2020_2026,104,2022,2022-01-07T08:00:00.000Z,2022-01-14T08:00:00.000Z,41708,42625,29846.023918,30594.829372,0.715595,0.143119,656.200344,223.845179,-131.240069,748.805454,2.508895,2.970901
BTC,weekly,otm10,h20,0.2,20,weekly_otm10_h20,batch_years_otm10_2020_2026,105,2022,2022-01-14T08:00:00.000Z,2022-01-21T08:00:00.000Z,42625,39123,30594.829372,28706.31194,0.717767,0.143553,-2513.620938,122.379317,502.724188,-1888.517433,-6.172669,-7.815836
BTC,weekly,otm10,h20,0.2,20,weekly_otm10_h20,batch_years_otm10_2020_2026,106,2022,2022-01-21T08:00:00.000Z,2022-01-28T08:00:00.000Z,39123,36827,28706.31194,27530.806699,0.733745,0.146749,-1684.67889,172.237872,336.935778,-1175.50524,-4.094936,-5.268671
BTC,weekly,otm10,h20,0.2,20,weekly_otm10_h20,batch_years_otm10_2020_2026,107,2022,2022-01-28T08:00:00.000Z,2022-02-04T08:00:00.000Z,36827,37886,27530.806699,28503.650118,0.747571,0.149514,791.677962,339.501049,-158.335592,972.843418,3.533654,4.108775
BTC,weekly,otm10,h20,0.2,20,weekly_otm10_h20,batch_years_otm10_2020_2026,108,2022,2022-02-04T08:00:00.000Z,2022-02-11T08:00:00.000Z,37886,43395,28503.650118,30921.036664,0.752353,0.150471,4144.713311,-898.384102,-828.942662,2417.386546,8.480972,11.38917
BTC,weekly,otm10,h20,0.2,20,weekly_otm10_h20,batch_years_otm10_2020_2026,109,2022,2022-02-11T08:00:00.000Z,2022-02-18T08:00:00.000Z,43395,40656,30921.036664,29498.845333,0.712548,0.14251,-1951.669995,139.144665,390.333999,-1422.191331,-4.59943,-5.861787
BTC,weekly,otm10,h20,0.2,20,weekly_otm10_h20,batch_years_otm10_2020_2026,110,2022,2022-02-18T08:00:00.000Z,2022-02-25T08:00:00.000Z,40656,38512.5,29498.845333,28357.880844,0.725572,0.145114,-1555.26306,103.245959,311.052612,-1140.964489,-3.867828,-4.922285
BTC,weekly,otm10,h20,0.2,20,weekly_otm10_h20,batch_years_otm10_2020_2026,111,2022,2022-02-25T08:00:00.000Z,2022-03-04T08:00:00.000Z,38512.5,41462.5,28357.880844,30409.529894,0.736329,0.147266,2172.171334,313.911983,-434.434267,2051.64905,7.234846,8.766816
BTC,weekly,otm10,h20,0.2,20,weekly_otm10_h20,batch_years_otm10_2020_2026,112,2022,2022-03-04T08:00:00.000Z,2022-03-11T08:00:00.000Z,41462.5,39149.5,30409.529894,29204.452572,0.733422,0.146684,-1696.406214,152.047649,339.281243,-1205.077322,-3.962828,-5.078535
BTC,weekly,otm10,h20,0.2,20,weekly_otm10_h20,batch_years_otm10_2020_2026,113,2022,2022-03-11T08:00:00.000Z,2022-03-18T08:00:00.000Z,39149.5,40598,29204.452572,30317.123417,0.745973,0.149195,1080.541247,248.237847,-216.108249,1112.670844,3.809936,4.54992
BTC,weekly,otm10,h20,0.2,20,weekly_otm10_h20,batch_years_otm10_2020_2026,114,2022,2022-03-18T08:00:00.000Z,2022-03-25T08:00:00.000Z,40598,43967.5,30317.123417,32557.478784,0.746764,0.149353,2516.221177,227.378426,-503.244235,2240.355367,7.389736,9.04967
BTC,weekly,otm10,h20,0.2,20,weekly_otm10_h20,batch_years_otm10_2020_2026,115,2022,2022-03-25T08:00:00.000Z,2022-04-01T08:00:00.000Z,43967.5,45017.5,32557.478784,33382.457436,0.74049,0.148098,777.514135,202.967344,-155.502827,824.978652,2.533914,3.01154
BTC,weekly,otm10,h20,0.2,20,weekly_otm10_h20,batch_years_otm10_2020_2026,116,2022,2022-04-01T08:00:00.000Z,2022-04-08T08:00:00.000Z,45017.5,43759.5,33382.457436,32691.933089,0.741544,0.148309,-932.862364,55.765544,186.572473,-690.524347,-2.068525,-2.627418
BTC,weekly,otm10,h20,0.2,20,weekly_otm10_h20,batch_years_otm10_2020_2026,117,2022,2022-04-08T08:00:00.000Z,2022-04-15T08:00:00.000Z,43759.5,40233,32691.933089,30682.341258,0.747082,0.149416,-2634.584537,98.075799,526.916907,-2009.59183,-6.147057,-7.758822
BTC,weekly,otm10,h20,0.2,20,weekly_otm10_h20,batch_years_otm10_2020_2026,118,2022,2022-04-15T08:00:00.000Z,2022-04-22T08:00:00.000Z,40233,40734.5,30682.341258,31065.008768,0.762616,0.152523,382.45207,76.705853,-76.490414,382.667509,1.247191,1.496489
BTC,weekly,otm10,h20,0.2,20,weekly_otm10_h20,batch_years_otm10_2020_2026,119,2022,2022-04-22T08:00:00.000Z,2022-04-29T08:00:00.000Z,40734.5,39629,31065.008768,30468.208764,0.762622,0.152524,-843.078157,77.662522,168.615631,-596.800004,-1.921133,-2.463916
BTC,weekly,otm10,h20,0.2,20,weekly_otm10_h20,batch_years_otm10_2020_2026,120,2022,2022-04-29T08:00:00.000Z,2022-05-06T08:00:00.000Z,39629,36356.5,30468.208764,28541.719888,0.768836,0.153767,-2516.016381,86.324229,503.203276,-1926.488876,-6.322948,-7.974516
BTC,weekly,otm10,h20,0.2,20,weekly_otm10_h20,batch_years_otm10_2020_2026,121,2022,2022-05-06T08:00:00.000Z,2022-05-13T08:00:00.000Z,36356.5,30117.5,28541.719888,24737.538403,0.785051,0.15701,-4897.935455,114.16688,979.587091,-3804.181485,-13.328494,-16.760618
BTC,weekly,otm10,h20,0.2,20,weekly_otm10_h20,batch_years_otm10_2020_2026,122,2022,2022-05-13T08:00:00.000Z,2022-05-20T08:00:00.000Z,30117.5,30260,24737.538403,25115.656,0.821368,0.164274,117.044882,284.481692,-23.408976,378.117597,1.528517,1.623147
BTC,weekly,otm10,h20,0.2,20,weekly_otm10_h20,batch_years_otm10_2020_2026,123,2022,2022-05-20T08:00:00.000Z,2022-05-27T08:00:00.000Z,30260,28958,25115.656,24464.616033,0.829995,0.165999,-1080.653804,213.483076,216.130761,-651.039967,-2.592168,-3.45271
BTC,weekly,otm10,h20,0.2,20,weekly_otm10_h20,batch_years_otm10_2020_2026,124,2022,2022-05-27T08:00:00.000Z,2022-06-03T08:00:00.000Z,28958,30460,24464.616033,25670.110428,0.844831,0.168966,1268.936159,190.345468,-253.787232,1205.494395,4.927502,5.964866
BTC,weekly,otm10,h20,0.2,20,weekly_otm10_h20,batch_years_otm10_2020_2026,125,2022,2022-06-03T08:00:00.000Z,2022-06-10T08:00:00.000Z,30460,30054,25670.110428,25473.396141,0.842748,0.16855,-342.155773,77.010331,68.431155,-196.714287,-0.766316,-1.032896
BTC,weekly,otm10,h20,0.2,20,weekly_otm10_h20,batch_years_otm10_2020_2026,126,2022,2022-06-10T08:00:00.000Z,2022-06-17T08:00:00.000Z,30054,21064,25473.396141,19530.386879,0.847588,0.169518,-7619.812049,152.840377,1523.96241,-5943.009262,-23.330259,-29.312824
BTC,weekly,otm10,h20,0.2,20,weekly_otm10_h20,batch_years_otm10_2020_2026,127,2022,2022-06-17T08:00:00.000Z,2022-06-24T08:00:00.000Z,21064,20924,19530.386879,19797.618648,0.927193,0.185439,-129.806977,371.077351,25.961395,267.231769,1.368287,1.235359
BTC,weekly,otm10,h20,0.2,20,weekly_otm10_h20,batch_years_otm10_2020_2026,128,2022,2022-06-24T08:00:00.000Z,2022-07-01T08:00:00.000Z,20924,19550.5,19797.618648,19472.972703,0.946168,0.189234,-1299.56171,715.003423,259.912342,-324.645945,-1.639823,-2.95267
BTC,weekly,otm10,h20,0.2,20,weekly_otm10_h20,batch_years_otm10_2020_2026,129,2022,2022-07-01T08:00:00.000Z,2022-07-08T08:00:00.000Z,19550.5,21796.5,19472.972703,21551.596321,0.996035,0.199207,2237.093511,288.948808,-447.418702,2078.623617,10.674403,12.972043
BTC,weekly,otm10,h20,0.2,20,weekly_otm10_h20,batch_years_otm10_2020_2026,130,2022,2022-07-08T08:00:00.000Z,2022-07-15T08:00:00.000Z,21796.5,20817.5,21551.596321,20949.609062,0.988764,0.197753,-968.000037,172.412771,193.600007,-601.987259,-2.793237,-3.691547
BTC,weekly,otm10,h20,0.2,20,weekly_otm10_h20,batch_years_otm10_2020_2026,131,2022,2022-07-15T08:00:00.000Z,2022-07-22T08:00:00.000Z,20817.5,23142,20949.609062,22786.106336,1.006346,0.201269,2339.251412,-34.903855,-467.850282,1836.497274,8.76626,10.999478
BTC,weekly,otm10,h20,0.2,20,weekly_otm10_h20,batch_years_otm10_2020_2026,132,2022,2022-07-22T08:00:00.000Z,2022-07-29T08:00:00.000Z,23142,23977,22786.106336,23751.445806,0.984621,0.196924,822.158793,307.612436,-164.431759,965.33947,4.236527,4.958158
BTC,weekly,otm10,h20,0.2,20,weekly_otm10_h20,batch_years_otm10_2020_2026,133,2022,2022-07-29T08:00:00.000Z,2022-08-05T08:00:00.000Z,23977,23191.5,23751.445806,23455.759195,0.990593,0.198119,-778.110718,326.801963,155.622144,-295.686611,-1.24492,-1.900132
BTC,weekly,otm10,h20,0.2,20,weekly_otm10_h20,batch_years_otm10_2020_2026,134,2022,2022-08-05T08:00:00.000Z,2022-08-12T08:00:00.000Z,23191.5,23998.5,23455.759195,24214.266502,1.011395,0.202279,816.195488,105.550916,-163.239098,758.507307,3.233779,3.929723
BTC,weekly,otm10,h20,0.2,20,weekly_otm10_h20,batch_years_otm10_2020_2026,135,2022,2022-08-12T08:00:00.000Z,2022-08-19T08:00:00.000Z,23998.5,21895.5,24214.266502,22710.454457,1.008991,0.201798,-2121.907721,193.714132,424.381544,-1503.812045,-6.210438,-7.963048
BTC,weekly,otm10,h20,0.2,20,weekly_otm10_h20,batch_years_otm10_2020_2026,136,2022,2022-08-19T08:00:00.000Z,2022-08-26T08:00:00.000Z,21895.5,21449,22710.454457,22578.41918,1.03722,0.207444,-463.11881,238.459772,92.623762,-132.035277,-0.581385,-0.989232
BTC,weekly,otm10,h20,0.2,20,weekly_otm10_h20,batch_years_otm10_2020_2026,137,2022,2022-08-26T08:00:00.000Z,2022-09-02T08:00:00.000Z,21449,20120,22578.41918,21504.845268,1.052656,0.210531,-1398.979863,45.609979,279.795973,-1073.573912,-4.754867,-5.994086
BTC,weekly,otm10,h20,0.2,20,weekly_otm10_h20,batch_years_otm10_2020_2026,138,2022,2022-09-02T08:00:00.000Z,2022-09-09T08:00:00.000Z,20120,20643.5,21504.845268,22039.776191,1.068829,0.213766,559.532132,87.305217,-111.906426,534.930923,2.48749,3.007868
BTC,weekly,otm10,h20,0.2,20,weekly_otm10_h20,batch_years_otm10_2020_2026,139,2022,2022-09-09T08:00:00.000Z,2022-09-16T08:00:00.000Z,20643.5,19734.5,22039.776191,21439.708359,1.067638,0.213528,-970.482552,176.31821,194.09651,-600.067832,-2.722658,-3.603323
BTC,weekly,otm10,h20,0.2,20,weekly_otm10_h20,batch_years_otm10_2020_2026,140,2022,2022-09-16T08:00:00.000Z,2022-09-23T08:00:00.000Z,19734.5,19210,21439.708359,21091.050323,1.086407,0.217281,-569.820722,107.198542,113.964144,-348.658036,-1.626226,-2.157782
BTC,weekly,otm10,h20,0.2,20,weekly_otm10_h20,batch_years_otm10_2020_2026,141,2022,2022-09-23T08:00:00.000Z,2022-09-30T08:00:00.000Z,19210,19564,21091.050323,21528.527674,1.09792,0.219584,388.663811,126.546302,-77.732762,437.477351,2.074232,2.44279
BTC,weekly,otm10,h20,0.2,20,weekly_otm10_h20,batch_years_otm10_2020_2026,142,2022,2022-09-30T08:00:00.000Z,2022-10-07T08:00:00.000Z,19564,19940,21528.527674,21968.462697,1.100415,0.220083,413.756206,108.930058,-82.751241,439.935023,2.043498,2.427877
BTC,weekly,otm10,h20,0.2,20,weekly_otm10_h20,batch_years_otm10_2020_2026,143,2022,2022-10-07T08:00:00.000Z,2022-10-14T08:00:00.000Z,19940,19643.5,21968.462697,21805.990822,1.101728,0.220346,-326.662447,98.858082,65.332489,-162.471875,-0.739569,-1.036961
BTC,weekly,otm10,h20,0.2,20,weekly_otm10_h20,batch_years_otm10_2020_2026,144,2022,2022-10-14T08:00:00.000Z,2022-10-21T08:00:00.000Z,19643.5,19031.5,21805.990822,21306.104287,1.110087,0.222017,-679.373145,43.611982,135.874629,-499.886535,-2.292428,-2.915534
BTC,weekly,otm10,h20,0.2,20,weekly_otm10_h20,batch_years_otm10_2020_2026,145,2022,2022-10-21T08:00:00.000Z,2022-10-28T08:00:00.000Z,19031.5,20092,21306.104287,22298.515454,1.119518,0.223904,1187.248698,42.612209,-237.44974,992.411167,4.657872,5.772341
BTC,weekly,otm10,h20,0.2,20,weekly_otm10_h20,batch_years_otm10_2020_2026,146,2022,2022-10-28T08:00:00.000Z,2022-11-04T08:00:00.000Z,20092,20629,22298.515454,22792.665001,1.109821,0.221964,595.973661,17.370618,-119.194732,494.149547,2.216065,2.750606
BTC,weekly,otm10,h20,0.2,20,weekly_otm10_h20,batch_years_otm10_2020_2026,147,2022,2022-11-04T08:00:00.000Z,2022-11-11T08:00:00.000Z,20629,17276,22792.665001,19851.715139,1.104885,0.220977,-3704.678159,22.792665,740.935632,-2940.949862,-12.903054,-16.153817
BTC,weekly,otm10,h20,0.2,20,weekly_otm10_h20,batch_years_otm10_2020_2026,148,2022,2022-11-11T08:00:00.000Z,2022-11-18T08:00:00.000Z,17276,16731,19851.715139,19509.524704,1.149092,0.229818,-626.255195,158.813721,125.251039,-342.190435,-1.723732,-2.354665
BTC,weekly,otm10,h20,0.2,20,weekly_otm10_h20,batch_years_otm10_2020_2026,149,2022,2022-11-18T08:00:00.000Z,2022-11-25T08:00:00.000Z,16731,16456,19509.524704,19428.574927,1.16607,0.233214,-320.669374,175.585722,64.133875,-80.949777,-0.414924,-0.743655
BTC,weekly,otm10,h20,0.2,20,weekly_otm10_h20,batch_years_otm10_2020_2026,150,2022,2022-11-25T08:00:00.000Z,2022-12-02T08:00:00.000Z,16456,16959.5,19428.574927,20040.058576,1.180638,0.236128,594.451111,135.922761,-118.890222,611.48365,3.147342,3.759277
BTC,weekly,otm10,h20,0.2,20,weekly_otm10_h20,batch_years_otm10_2020_2026,151,2022,2022-12-02T08:00:00.000Z,2022-12-09T08:00:00.000Z,16959.5,17203.5,20040.058576,20282.270314,1.181642,0.236328,288.320664,11.555207,-57.664133,242.211737,1.208638,1.496382
BTC,weekly,otm10,h20,0.2,20,weekly_otm10_h20,batch_years_otm10_2020_2026,152,2022,2022-12-09T08:00:00.000Z,2022-12-16T08:00:00.000Z,17203.5,17512.5,20282.270314,20614.274226,1.178962,0.235792,364.299214,40.564541,-72.859843,332.003912,1.636917,1.996146
BTC,weekly,otm10,h20,0.2,20,weekly_otm10_h20,batch_years_otm10_2020_2026,153,2022,2022-12-16T08:00:00.000Z,2022-12-23T08:00:00.000Z,17512.5,16846,20614.274226,20017.556464,1.177118,0.235424,-784.548966,30.921411,156.909793,-596.717762,-2.894682,-3.655853
BTC,weekly,otm10,h20,0.2,20,weekly_otm10_h20,batch_years_otm10_2020_2026,154,2022,2022-12-23T08:00:00.000Z,2022-12-30T08:00:00.000Z,16846,16467.5,20017.556464,19687.775361,1.188268,0.237654,-449.759297,30.026335,89.951859,-329.781103,-1.647459,-2.096824
BTC,weekly,otm10,h20,0.2,20,weekly_otm10_h20,batch_years_otm10_2020_2026,155,2023,2023-01-06T08:00:00.000Z,2023-01-13T08:00:00.000Z,16783,18843,19687.775361,20694.586937,1.173078,0.234616,2416.541574,-926.421684,-483.308315,1006.811576,5.113892,7.580127
BTC,weekly,otm10,h20,0.2,20,weekly_otm10_h20,batch_years_otm10_2020_2026,156,2023,2023-01-13T08:00:00.000Z,2023-01-20T08:00:00.000Z,18843,20950,20694.586937,22587.209765,1.098264,0.219653,2314.042067,41.389174,-462.808413,1892.622828,9.145497,11.381871
BTC,weekly,otm10,h20,0.2,20,weekly_otm10_h20,batch_years_otm10_2020_2026,157,2023,2023-01-20T08:00:00.000Z,2023-01-27T08:00:00.000Z,20950,23089,22587.209765,24475.807773,1.078148,0.21563,2306.159508,43.670402,-461.231902,1888.598009,8.36136,10.403365
BTC,weekly,otm10,h20,0.2,20,weekly_otm10_h20,batch_years_otm10_2020_2026,158,2023,2023-01-27T08:00:00.000Z,2023-02-03T08:00:00.000Z,23089,23449.5,24475.807773,25016.019005,1.060064,0.212013,382.152917,234.488898,-76.430583,540.211232,2.207123,2.519393
BTC,weekly,otm10,h20,0.2,20,weekly_otm10_h20,batch_years_otm10_2020_2026,159,2023,2023-02-03T08:00:00.000Z,2023-02-10T08:00:00.000Z,23449.5,21912.5,25016.019005,23816.848965,1.066804,0.213361,-1639.677657,112.572086,327.935531,-1199.17004,-4.793609,-6.104511
BTC,weekly,otm10,h20,0.2,20,weekly_otm10_h20,batch_years_otm10_2020_2026,160,2023,2023-02-10T08:00:00.000Z,2023-02-17T08:00:00.000Z,21912.5,23646.5,23816.848965,25372.240011,1.086907,0.217381,1884.696685,47.633698,-376.939337,1555.391046,6.530633,8.113292
BTC,weekly,otm10,h20,0.2,20,weekly_otm10_h20,batch_years_otm10_2020_2026,161,2023,2023-02-17T08:00:00.000Z,2023-02-24T08:00:00.000Z,23646.5,23854,25372.240011,25677.21602,1.072981,0.214596,222.643512,126.8612,-44.528702,304.97601,1.202007,1.377508
BTC,weekly,otm10,h20,0.2,20,weekly_otm10_h20,batch_years_otm10_2020_2026,162,2023,2023-02-24T08:00:00.000Z,2023-03-03T08:00:00.000Z,23854,22350.5,25677.21602,24500.996422,1.076432,0.215286,-1618.415959,118.513169,323.683192,-1176.219598,-4.580791,-5.841376
BTC,weekly,otm10,h20,0.2,20,weekly_otm10_h20,batch_years_otm10_2020_2026,163,2023,2023-03-03T08:00:00.000Z,2023-03-10T08:00:00.000Z,22350.5,19940.5,24500.996422,22436.49218,1.096217,0.219243,-2641.882794,49.001993,528.376559,-2064.504242,-8.426205,-10.582757
BTC,weekly,otm10,h20,0.2,20,weekly_otm10_h20,batch_years_otm10_2020_2026,164,2023,2023-03-10T08:00:00.000Z,2023-03-17T08:00:00.000Z,19940.5,26178,22436.49218,23499.252573,1.125172,0.225034,7018.260323,-4551.847866,-1403.652065,1062.760393,4.736749,10.992861
BTC,weekly,otm10,h20,0.2,20,weekly_otm10_h20,batch_years_otm10_2020_2026,165,2023,2023-03-17T08:00:00.000Z,2023-03-24T08:00:00.000Z,26178,28349.5,23499.252573,25270.18131,0.897672,0.179534,1949.29433,211.493273,-389.858866,1770.928737,7.536107,9.195133
BTC,weekly,otm10,h20,0.2,20,weekly_otm10_h20,batch_years_otm10_2020_2026,166,2023,2023-03-24T08:00:00.000Z,2023-03-31T08:00:00.000Z,28349.5,27737,25270.18131,25048.201582,0.89138,0.178276,-545.970336,214.796541,109.194067,-221.979728,-0.878426,-1.310532
BTC,weekly,otm10,h20,0.2,20,weekly_otm10_h20,batch_years_otm10_2020_2026,167,2023,2023-03-31T08:00:00.000Z,2023-04-07T08:00:00.000Z,27737,27844.5,25048.201582,25255.551347,0.903061,0.180612,97.079052,129.686523,-19.41581,207.349765,0.827803,0.905317
BTC,weekly,otm10,h20,0.2,20,weekly_otm10_h20,batch_years_otm10_2020_2026,168,2023,2023-04-07T08:00:00.000Z,2023-04-14T08:00:00.000Z,27844.5,30773,25255.551347,27443.659454,0.907021,0.181404,2656.211536,63.138878,-531.242307,2188.108107,8.66387,10.767337
BTC,weekly,otm10,h20,0.2,20,weekly_otm10_h20,batch_years_otm10_2020_2026,169,2023,2023-04-14T08:00:00.000Z,2023-04-21T08:00:00.000Z,30773,28165,27443.659454,25706.484194,0.89181,0.178362,-2325.83966,123.496468,465.167932,-1737.17526,-6.329969,-8.024962
BTC,weekly,otm10,h20,0.2,20,weekly_otm10_h20,batch_years_otm10_2020_2026,170,2023,2023-04-21T08:00:00.000Z,2023-04-28T08:00:00.000Z,28165,29505,25706.484194,26762.029035,0.91271,0.182542,1223.031735,77.119453,-244.606347,1055.544841,4.106142,5.057678
BTC,weekly,otm10,h20,0.2,20,weekly_otm10_h20,batch_years_otm10_2020_2026,171,2023,2023-04-28T08:00:00.000Z,2023-05-05T08:00:00.000Z,29505,29069,26762.029035,26580.718998,0.907034,0.181407,-395.466689,135.063314,79.093338,-181.310037,-0.67749,-0.973033
BTC,weekly,otm10,h20,0.2,20,weekly_otm10_h20,batch_years_otm10_2020_2026,172,2023,2023-05-05T08:00:00.000Z,2023-05-12T08:00:00.000Z,29069,26298,26580.718998,24646.707657,0.914401,0.18288,-2533.804821,93.032516,506.760964,-1934.01134,-7.275993,-9.182492
BTC,weekly,otm10,h20,0.2,20,weekly_otm10_h20,batch_years_otm10_2020_2026,173,2023,2023-05-12T08:00:00.000Z,2023-05-19T08:00:00.000Z,26298,26869.5,24646.707657,25136.816127,0.937208,0.187442,535.614626,61.616769,-107.122925,490.10847,1.988535,2.423169
BTC,weekly,otm10,h20,0.2,20,weekly_otm10_h20,batch_years_otm10_2020_2026,174,2023,2023-05-19T08:00:00.000Z,2023-05-26T08:00:00.000Z,26869.5,26517,25136.816127,24910.706165,0.935515,0.187103,-329.768983,37.705224,65.953797,-226.109962,-0.899517,-1.161896
BTC,weekly,otm10,h20,0.2,20,weekly_otm10_h20,batch_years_otm10_2020_2026,175,2023,2023-05-26T08:00:00.000Z,2023-06-02T08:00:00.000Z,26517,27059,24910.706165,25336.400756,0.939424,0.187885,509.167807,18.360346,-101.833561,425.694591,1.708882,2.117676
BTC,weekly,otm10,h20,0.2,20,weekly_otm10_h20,batch_years_otm10_2020_2026,176,2023,2023-06-02T08:00:00.000Z,2023-06-09T08:00:00.000Z,27059,26509.5,25336.400756,24930.525725,0.936339,0.187268,-514.518357,5.739654,102.903671,-405.875031,-1.601944,-2.008094
BTC,weekly,otm10,h20,0.2,20,weekly_otm10_h20,batch_years_otm10_2020_2026,177,2023,2023-06-09T08:00:00.000Z,2023-06-16T08:00:00.000Z,26509.5,25513,24930.525725,24218.204805,0.940437,0.188087,-937.145887,37.395789,187.429177,-712.320921,-2.857224,-3.60903
BTC,weekly,otm10,h20,0.2,20,weekly_otm10_h20,batch_years_otm10_2020_2026,178,2023,2023-06-16T08:00:00.000Z,2023-06-23T08:00:00.000Z,25513,29937,24218.204805,25741.768908,0.94925,0.18985,4199.480189,-1836.020048,-839.896038,1523.564103,6.290987,9.759023
BTC,weekly,otm10,h20,0.2,20,weekly_otm10_h20,batch_years_otm10_2020_2026,179,2023,2023-06-23T08:00:00.000Z,2023-06-30T08:00:00.000Z,29937,30765,25741.768908,26401.439463,0.859865,0.171973,711.967955,90.096191,-142.393591,659.670555,2.562647,3.115808
BTC,weekly,otm10,h20,0.2,20,weekly_otm10_h20,batch_years_otm10_2020_2026,180,2023,2023-06-30T08:00:00.000Z,2023-07-07T08:00:00.000Z,30765,30018,26401.439463,25933.456957,0.858165,0.171633,-641.049091,44.856767,128.209818,-467.982506,-1.772564,-2.258181
BTC,weekly,otm10,h20,0.2,20,weekly_otm10_h20,batch_years_otm10_2020_2026,181,2023,2023-07-07T08:00:00.000Z,2023-07-14T08:00:00.000Z,30018,31118,25933.456957,26776.702601,0.86393,0.172786,950.323228,82.987062,-190.064646,843.245645,3.251574,3.984468
BTC,weekly,otm10,h20,0.2,20,weekly_otm10_h20,batch_years_otm10_2020_2026,182,2023,2023-07-14T08:00:00.000Z,2023-07-21T08:00:00.000Z,31118,29772.5,26776.702601,25936.157486,0.860489,0.172098,-1157.788205,85.685448,231.557641,-840.545115,-3.139091,-4.003864
BTC,weekly,otm10,h20,0.2,20,weekly_otm10_h20,batch_years_otm10_2020_2026,183,2023,2023-07-21T08:00:00.000Z,2023-07-28T08:00:00.000Z,29772.5,29135,25936.157486,25533.371508,0.871145,0.174229,-555.354787,41.497852,111.070957,-402.785978,-1.55299,-1.981238
BTC,weekly,otm10,h20,0.2,20,weekly_otm10_h20,batch_years_otm10_2020_2026,184,2023,2023-07-28T08:00:00.000Z,2023-08-04T08:00:00.000Z,29135,29199,25533.371508,25580.003269,0.876381,0.175276,56.088408,1.761034,-11.217682,46.631761,0.182631,0.226564
BTC,weekly,otm10,h20,0.2,20,weekly_otm10_h20,batch_years_otm10_2020_2026,185,2023,2023-08-04T08:00:00.000Z,2023-08-11T08:00:00.000Z,29199,29385.5,25580.003269,25741.407054,0.876058,0.175212,163.384726,30.696004,-32.676945,161.403785,0.630976,0.758721
BTC,weekly,otm10,h20,0.2,20,weekly_otm10_h20,batch_years_otm10_2020_2026,186,2023,2023-08-11T08:00:00.000Z,2023-08-18T08:00:00.000Z,29385.5,26404.5,25741.407054,23693.532117,0.87599,0.175198,-2611.326485,41.186251,522.265297,-2047.874937,-7.955567,-9.984459
BTC,weekly,otm10,h20,0.2,20,weekly_otm10_h20,batch_years_otm10_2020_2026,187,2023,2023-08-18T08:00:00.000Z,2023-08-25T08:00:00.000Z,26404.5,25962,23693.532117,23451.696839,0.897329,0.179466,-397.068226,75.819303,79.413645,-241.835278,-1.020681,-1.355851
BTC,weekly,otm10,h20,0.2,20,weekly_otm10_h20,batch_years_otm10_2020_2026,188,2023,2023-08-25T08:00:00.000Z,2023-09-01T08:00:00.000Z,25962,25975,23451.696839,23530.670358,0.903309,0.180662,11.743011,69.579109,-2.348602,78.973518,0.33675,0.346764
BTC,weekly,otm10,h20,0.2,20,weekly_otm10_h20,batch_years_otm10_2020_2026,189,2023,2023-09-01T08:00:00.000Z,2023-09-08T08:00:00.000Z,25975,26254.5,23530.670358,23739.939211,0.905897,0.181179,253.198166,6.710321,-50.639633,209.268854,0.889345,1.104552
BTC,weekly,otm10,h20,0.2,20,weekly_otm10_h20,batch_years_otm10_2020_2026,190,2023,2023-09-08T08:00:00.000Z,2023-09-15T08:00:00.000Z,26254.5,26578,23739.939211,24000.066219,0.904224,0.180845,292.516343,26.113933,-58.503269,260.127008,1.095736,1.34217
BTC,weekly,otm10,h20,0.2,20,weekly_otm10_h20,batch_years_otm10_2020_2026,191,2023,2023-09-15T08:00:00.000Z,2023-09-22T08:00:00.000Z,26578,26676.5,24000.066219,24109.623117,0.903005,0.180601,88.94599,38.400106,-17.789198,109.556898,0.456486,0.530607
BTC,weekly,otm10,h20,0.2,20,weekly_otm10_h20,batch_years_otm10_2020_2026,192,2023,2023-09-22T08:00:00.000Z,2023-09-29T08:00:00.000Z,26676.5,27172.5,24109.623117,24506.817465,0.903778,0.180756,448.273689,38.575397,-89.654738,397.194348,1.647452,2.019314
BTC,weekly,otm10,h20,0.2,20,weekly_otm10_h20,batch_years_otm10_2020_2026,193,2023,2023-09-29T08:00:00.000Z,2023-10-06T08:00:00.000Z,27172.5,27646,24506.817465,24850.102066,0.901898,0.18038,427.048599,1.645722,-85.40972,343.284601,1.400772,1.749286
BTC,weekly,otm10,h20,0.2,20,weekly_otm10_h20,batch_years_otm10_2020_2026,194,2023,2023-10-06T08:00:00.000Z,2023-10-13T08:00:00.000Z,27646,26873,24850.102066,24316.607246,0.898868,0.179774,-694.82489,22.365092,138.964978,-533.49482,-2.146852,-2.706065
BTC,weekly,otm10,h20,0.2,20,weekly_otm10_h20,batch_years_otm10_2020_2026,195,2023,2023-10-13T08:00:00.000Z,2023-10-20T08:00:00.000Z,26873,29273.5,24316.607246,26073.775434,0.904871,0.180974,2172.143627,19.453286,-434.428725,1757.168188,7.226206,9.012758
BTC,weekly,otm10,h20,0.2,20,weekly_otm10_h20,batch_years_otm10_2020_2026,196,2023,2023-10-20T08:00:00.000Z,2023-10-27T08:00:00.000Z,29273.5,33970,26073.775434,27676.41743,0.890696,0.178139,4183.15153,-1743.879229,-836.630306,1602.641996,6.146567,9.355271
BTC,weekly,otm10,h20,0.2,20,weekly_otm10_h20,batch_years_otm10_2020_2026,197,2023,2023-10-27T08:00:00.000Z,2023-11-03T08:00:00.000Z,33970,34492,27676.41743,28352.538317,0.814731,0.162946,425.289664,335.889156,-85.057933,676.120887,2.442949,2.750279
BTC,weekly,otm10,h20,0.2,20,weekly_otm10_h20,batch_years_otm10_2020_2026,198,2023,2023-11-03T08:00:00.000Z,2023-11-10T08:00:00.000Z,34492,36465.5,28352.538317,29792.079841,0.822003,0.164401,1622.223541,141.762692,-324.444708,1439.541524,5.077293,6.221617
BTC,weekly,otm10,h20,0.2,20,weekly_otm10_h20,batch_years_otm10_2020_2026,199,2023,2023-11-10T08:00:00.000Z,2023-11-17T08:00:00.000Z,36465.5,36250.5,29792.079841,29889.893582,0.816994,0.163399,-175.653622,238.336639,35.130724,97.813741,0.328321,0.210402
BTC,weekly,otm10,h20,0.2,20,weekly_otm10_h20,batch_years_otm10_2020_2026,200,2023,2023-11-17T08:00:00.000Z,2023-11-24T08:00:00.000Z,36250.5,37562,29889.893582,30904.447706,0.824537,0.164907,1081.38082,149.449468,-216.276164,1014.554124,3.394305,4.117881
BTC,weekly,otm10,h20,0.2,20,weekly_otm10_h20,batch_years_otm10_2020_2026,201,2023,2023-11-24T08:00:00.000Z,2023-12-01T08:00:00.000Z,37562,38282,30904.447706,31452.702671,0.822758,0.164552,592.385984,74.346178,-118.477197,548.254966,1.774033,2.157399
BTC,weekly,otm10,h20,0.2,20,weekly_otm10_h20,batch_years_otm10_2020_2026,202,2023,2023-12-01T08:00:00.000Z,2023-12-08T08:00:00.000Z,38282,43194.5,31452.702671,33710.886083,0.821606,0.164321,4036.137137,-970.726298,-807.227427,2258.183412,7.179616,9.746097
BTC,weekly,otm10,h20,0.2,20,weekly_otm10_h20,batch_years_otm10_2020_2026,203,2023,2023-12-08T08:00:00.000Z,2023-12-15T08:00:00.000Z,43194.5,42749,33710.886083,33537.239607,0.780444,0.156089,-347.687779,104.503747,69.537556,-173.646476,-0.515105,-0.721381
BTC,weekly,otm10,h20,0.2,20,weekly_otm10_h20,batch_years_otm10_2020_2026,204,2023,2023-12-15T08:00:00.000Z,2023-12-22T08:00:00.000Z,42749,43615.5,33537.239607,34174.969804,0.784515,0.156903,679.782407,93.904271,-135.956481,637.730197,1.901558,2.306948
BTC,weekly,otm10,h20,0.2,20,weekly_otm10_h20,batch_years_otm10_2020_2026,205,2023,2023-12-22T08:00:00.000Z,2023-12-29T08:00:00.000Z,43615.5,42343.5,34174.969804,33531.415643,0.783551,0.15671,-996.676906,153.787364,199.335381,-643.554161,-1.883116,-2.466394
BTC,weekly,otm10,h20,0.2,20,weekly_otm10_h20,batch_years_otm10_2020_2026,206,2024,2024-01-05T08:00:00.000Z,2024-01-12T08:00:00.000Z,43847.5,46046.5,33531.415643,35396.46227,0.764728,0.152946,1681.637106,519.736942,-336.327421,1865.046627,5.562087,6.66847
BTC,weekly,otm10,h20,0.2,20,weekly_otm10_h20,batch_years_otm10_2020_2026,207,2024,2024-01-12T08:00:00.000Z,2024-01-19T08:00:00.000Z,46046.5,41231,35396.46227,32548.347755,0.768711,0.153742,-3701.728993,113.268679,740.345799,-2848.114515,-8.046325,-10.137907
BTC,weekly,otm10,h20,0.2,20,weekly_otm10_h20,batch_years_otm10_2020_2026,208,2024,2024-01-19T08:00:00.000Z,2024-01-26T08:00:00.000Z,41231,39984,32548.347755,31848.708425,0.789414,0.157883,-984.399836,87.880539,196.879967,-699.63933,-2.149539,-2.754423
BTC,weekly,otm10,h20,0.2,20,weekly_otm10_h20,batch_years_otm10_2020_2026,209,2024,2024-01-26T08:00:00.000Z,2024-02-02T08:00:00.000Z,39984,43082,31848.708425,33910.527052,0.796536,0.159307,2467.669535,87.682998,-493.533907,2061.818627,6.47379,8.02341
BTC,weekly,otm10,h20,0.2,20,weekly_otm10_h20,batch_years_otm10_2020_2026,210,2024,2024-02-02T08:00:00.000Z,2024-02-09T08:00:00.000Z,43082,46235.5,33910.527052,35964.720696,0.787116,0.157423,2482.16998,68.45766,-496.433996,2054.193644,6.057687,7.52164
BTC,weekly,otm10,h20,0.2,20,weekly_otm10_h20,batch_years_otm10_2020_2026,211,2024,2024-02-09T08:00:00.000Z,2024-02-16T08:00:00.000Z,46235.5,51810,35964.720696,38116.483234,0.777859,0.155572,4336.177516,-1317.179474,-867.235503,2151.762538,5.982981,8.394332
BTC,weekly,otm10,h20,0.2,20,weekly_otm10_h20,batch_years_otm10_2020_2026,212,2024,2024-02-16T08:00:00.000Z,2024-02-23T08:00:00.000Z,51810,50885.5,38116.483234,37782.002081,0.735697,0.147139,-680.152263,209.640658,136.030453,-334.481153,-0.877524,-1.234405
BTC,weekly,otm10,h20,0.2,20,weekly_otm10_h20,batch_years_otm10_2020_2026,213,2024,2024-02-23T08:00:00.000Z,2024-03-01T08:00:00.000Z,50885.5,61473.5,37782.002081,40039.540528,0.742491,0.148498,7861.489777,-4031.653375,-1572.297955,2257.538447,5.975169,10.136669
BTC,weekly,otm10,h20,0.2,20,weekly_otm10_h20,batch_years_otm10_2020_2026,214,2024,2024-03-01T08:00:00.000Z,2024-03-08T08:00:00.000Z,61473.5,67418.5,40039.540528,43338.331653,0.65133,0.130266,3872.157408,201.065198,-774.431482,3298.791125,8.238834,10.173
BTC,weekly,otm10,h20,0.2,20,weekly_otm10_h20,batch_years_otm10_2020_2026,215,2024,2024-03-08T08:00:00.000Z,2024-03-15T08:00:00.000Z,67418.5,68388.5,43338.331653,44292.216731,0.642826,0.128565,623.540745,455.052482,-124.708149,953.885078,2.201019,2.488774
BTC,weekly,otm10,h20,0.2,20,weekly_otm10_h20,batch_years_otm10_2020_2026,216,2024,2024-03-15T08:00:00.000Z,2024-03-22T08:00:00.000Z,68388.5,66196,44292.216731,43643.442635,0.647656,0.129531,-1419.9856,487.214384,283.99712,-648.774096,-1.464759,-2.105948
BTC,weekly,otm10,h20,0.2,20,weekly_otm10_h20,batch_years_otm10_2020_2026,217,2024,2024-03-22T08:00:00.000Z,2024-03-29T08:00:00.000Z,66196,69789,43643.442635,45865.878605,0.659306,0.131861,2368.887688,327.32582,-473.777538,2222.43597,5.092256,6.17782
BTC,weekly,otm10,h20,0.2,20,weekly_otm10_h20,batch_years_otm10_2020_2026,218,2024,2024-03-29T08:00:00.000Z,2024-04-05T08:00:00.000Z,69789,66899.5,45865.878605,44756.512616,0.657208,0.131442,-1899.002081,409.835676,379.800416,-1109.365989,-2.418717,-3.246785
BTC,weekly,otm10,h20,0.2,20,weekly_otm10_h20,batch_years_otm10_2020_2026,219,2024,2024-04-05T08:00:00.000Z,2024-04-12T08:00:00.000Z,66899.5,70778.5,44756.512616,47101.127148,0.669011,0.133802,2595.09432,268.539076,-519.018864,2344.614531,5.2386,6.39825
BTC,weekly,otm10,h20,0.2,20,weekly_otm10_h20,batch_years_otm10_2020_2026,220,2024,2024-04-12T08:00:00.000Z,2024-04-19T08:00:00.000Z,70778.5,64547.5,47101.127148,44066.487874,0.665472,0.133094,-4146.557546,282.606763,829.311509,-3034.639274,-6.442817,-8.203521
BTC,weekly,otm10,h20,0.2,20,weekly_otm10_h20,batch_years_otm10_2020_2026,221,2024,2024-04-19T08:00:00.000Z,2024-04-26T08:00:00.000Z,64547.5,64301.5,44066.487874,44438.8974,0.682699,0.13654,-167.943856,506.764611,33.588771,372.409526,0.845108,0.768885
BTC,weekly,otm10,h20,0.2,20,weekly_otm10_h20,batch_years_otm10_2020_2026,222,2024,2024-04-26T08:00:00.000Z,2024-05-03T08:00:00.000Z,64301.5,59144.5,44438.8974,42026.28706,0.691102,0.13822,-3564.013186,438.600209,712.802637,-2412.61034,-5.429051,-7.033057
BTC,weekly,otm10,h20,0.2,20,weekly_otm10_h20,batch_years_otm10_2020_2026,223,2024,2024-05-03T08:00:00.000Z,2024-05-10T08:00:00.000Z,59144.5,63064,42026.28706,44426.657052,0.71057,0.142114,2785.077769,172.307777,-557.015554,2400.369992,5.711592,7.03699
BTC,weekly,otm10,h20,0.2,20,weekly_otm10_h20,batch_years_otm10_2020_2026,224,2024,2024-05-10T08:00:00.000Z,2024-05-17T08:00:00.000Z,63064,66431,44426.657052,46470.823746,0.704469,0.140894,2371.948406,146.607968,-474.389681,2044.166693,4.601217,5.669021
BTC,weekly,otm10,h20,0.2,20,weekly_otm10_h20,batch_years_otm10_2020_2026,225,2024,2024-05-17T08:00:00.000Z,2024-05-24T08:00:00.000Z,66431,67139.5,46470.823746,46992.791529,0.699535,0.139907,495.620699,125.471224,-99.12414,521.967783,1.123216,1.33652
BTC,weekly,otm10,h20,0.2,20,weekly_otm10_h20,batch_years_otm10_2020_2026,226,2024,2024-05-24T08:00:00.000Z,2024-05-31T08:00:00.000Z,67139.5,68113,46992.791529,47645.978592,0.699928,0.139986,681.379554,108.083421,-136.275911,653.187064,1.389973,1.679966
BTC,weekly,otm10,h20,0.2,20,weekly_otm10_h20,batch_years_otm10_2020_2026,227,2024,2024-05-31T08:00:00.000Z,2024-06-07T08:00:00.000Z,68113,71090.5,47645.978592,49361.381774,0.699514,0.139903,2082.802127,49.16148,-416.560425,1715.403182,3.600311,4.474593
BTC,weekly,otm10,h20,0.2,20,weekly_otm10_h20,batch_years_otm10_2020_2026,228,2024,2024-06-07T08:00:00.000Z,2024-06-14T08:00:00.000Z,71090.5,66887,49361.381774,47204.137086,0.694346,0.138869,-2918.682078,177.700974,583.736416,-2157.244688,-4.370309,-5.552886
BTC,weekly,otm10,h20,0.2,20,weekly_otm10_h20,batch_years_otm10_2020_2026,229,2024,2024-06-14T08:00:00.000Z,2024-06-21T08:00:00.000Z,66887,64147,47204.137086,45732.704378,0.70573,0.141146,-1933.699159,75.526619,386.739832,-1471.432707,-3.117169,-3.936461
BTC,weekly,otm10,h20,0.2,20,weekly_otm10_h20,batch_years_otm10_2020_2026,230,2024,2024-06-21T08:00:00.000Z,2024-06-28T08:00:00.000Z,64147,61265.5,45732.704378,44203.576116,0.712936,0.142587,-2054.325029,114.331761,410.865006,-1529.128263,-3.343621,-4.242026
BTC,weekly,otm10,h20,0.2,20,weekly_otm10_h20,batch_years_otm10_2020_2026,231,2024,2024-06-28T08:00:00.000Z,2024-07-05T08:00:00.000Z,61265.5,54349.5,44203.576116,40269.081815,0.721508,0.144302,-4989.95246,57.467667,997.990492,-3934.494301,-8.900851,-11.158565
BTC,weekly,otm10,h20,0.2,20,weekly_otm10_h20,batch_years_otm10_2020_2026,232,2024,2024-07-05T08:00:00.000Z,2024-07-12T08:00:00.000Z,54349.5,57151,40269.081815,42130.995696,0.740928,0.148186,2075.71059,201.345409,-415.142118,1861.913881,4.623681,5.654601
BTC,weekly,otm10,h20,0.2,20,weekly_otm10_h20,batch_years_otm10_2020_2026,233,2024,2024-07-12T08:00:00.000Z,2024-07-19T08:00:00.000Z,57151,63746.5,42130.995696,45519.268622,0.737187,0.147437,4862.119335,-501.422542,-972.423867,3388.272926,8.042233,10.350329
BTC,weekly,otm10,h20,0.2,20,weekly_otm10_h20,batch_years_otm10_2020_2026,234,2024,2024-07-19T08:00:00.000Z,2024-07-26T08:00:00.000Z,63746.5,66960,45519.268622,47523.413222,0.714067,0.142813,2294.654133,168.421294,-458.930827,2004.144601,4.402849,5.411061
BTC,weekly,otm10,h20,0.2,20,weekly_otm10_h20,batch_years_otm10_2020_2026,235,2024,2024-07-26T08:00:00.000Z,2024-08-02T08:00:00.000Z,66960,64096,47523.413222,45988.947685,0.709728,0.141946,-2032.662119,91.664157,406.532424,-1534.465538,-3.228862,-4.084298
BTC,weekly,otm10,h20,0.2,20,weekly_otm10_h20,batch_years_otm10_2020_2026,236,2024,2024-08-02T08:00:00.000Z,2024-08-09T08:00:00.000Z,64096,60862.5,45988.947685,44222.735221,0.717501,0.1435,-2320.039665,89.819268,464.007933,-1766.212463,-3.840515,-4.84947
BTC,weekly,otm10,h20,0.2,20,weekly_otm10_h20,batch_years_otm10_2020_2026,237,2024,2024-08-09T08:00:00.000Z,2024-08-16T08:00:00.000Z,60862.5,58485,44222.735221,43030.898448,0.726601,0.14532,-1727.493169,190.157761,345.498634,-1191.836774,-2.695077,-3.476346
BTC,weekly,otm10,h20,0.2,20,weekly_otm10_h20,batch_years_otm10_2020_2026,238,2024,2024-08-16T08:00:00.000Z,2024-08-23T08:00:00.000Z,58485,61060.5,43030.898448,44727.587239,0.73576,0.147152,1894.948772,180.729773,-378.989754,1696.688791,3.942955,4.823693
BTC,weekly,otm10,h20,0.2,20,weekly_otm10_h20,batch_years_otm10_2020_2026,239,2024,2024-08-23T08:00:00.000Z,2024-08-30T08:00:00.000Z,61060.5,59300.5,44727.587239,43848.283257,0.732513,0.146503,-1289.222223,152.073797,257.844445,-879.303982,-1.96591,-2.542387
BTC,weekly,otm10,h20,0.2,20,weekly_otm10_h20,batch_years_otm10_2020_2026,240,2024,2024-08-30T08:00:00.000Z,2024-09-06T08:00:00.000Z,59300.5,55758,43848.283257,41885.52315,0.739425,0.147885,-2619.413722,132.77087,523.882744,-1962.760108,-4.476253,-5.671015
BTC,weekly,otm10,h20,0.2,20,weekly_otm10_h20,batch_years_otm10_2020_2026,241,2024,2024-09-06T08:00:00.000Z,2024-09-13T08:00:00.000Z,55758,58100,41885.52315,43544.288424,0.751202,0.15024,1759.315169,251.313139,-351.863034,1658.765274,3.960235,4.800294
BTC,weekly,otm10,h20,0.2,20,weekly_otm10_h20,batch_years_otm10_2020_2026,242,2024,2024-09-13T08:00:00.000Z,2024-09-20T08:00:00.000Z,58100,63532,43544.288424,46923.115354,0.749471,0.149894,4071.128653,121.924008,-814.225731,3378.82693,7.759518,9.629398
BTC,weekly,otm10,h20,0.2,20,weekly_otm10_h20,batch_years_otm10_2020_2026,243,2024,2024-09-20T08:00:00.000Z,2024-09-27T08:00:00.000Z,63532,65483.5,46923.115354,48249.793395,0.738575,0.147715,1441.328144,173.615527,-288.265629,1326.678042,2.827344,3.44168
BTC,weekly,otm10,h20,0.2,20,weekly_otm10_h20,batch_years_otm10_2020_2026,244,2024,2024-09-27T08:00:00.000Z,2024-10-04T08:00:00.000Z,65483.5,61423,48249.793395,45913.976498,0.736824,0.147365,-2991.872549,57.681142,598.37451,-2335.816898,-4.841092,-6.081252
BTC,weekly,otm10,h20,0.2,20,weekly_otm10_h20,batch_years_otm10_2020_2026,245,2024,2024-10-04T08:00:00.000Z,2024-10-11T08:00:00.000Z,61423,60617.5,45913.976498,45542.478062,0.747505,0.149501,-602.114974,110.193544,120.422995,-371.498436,-0.809118,-1.071398
BTC,weekly,otm10,h20,0.2,20,weekly_otm10_h20,batch_years_otm10_2020_2026,246,2024,2024-10-11T08:00:00.000Z,2024-10-18T08:00:00.000Z,60617.5,67978.5,45542.478062,49316.760359,0.751309,0.150262,5530.386126,-650.026604,-1106.077225,3774.282297,8.287389,10.716061
BTC,weekly,otm10,h20,0.2,20,weekly_otm10_h20,batch_years_otm10_2020_2026,247,2024,2024-10-18T08:00:00.000Z,2024-10-25T08:00:00.000Z,67978.5,67480,49316.760359,49155.664165,0.725476,0.145095,-361.649713,128.223577,72.329943,-161.096194,-0.326656,-0.47332
BTC,weekly,otm10,h20,0.2,20,weekly_otm10_h20,batch_years_otm10_2020_2026,248,2024,2024-10-25T08:00:00.000Z,2024-11-01T08:00:00.000Z,67480,69171,49155.664165,50183.088159,0.728448,0.14569,1231.805396,41.979678,-246.361079,1027.423994,2.090144,2.591329
BTC,weekly,otm10,h20,0.2,20,weekly_otm10_h20,batch_years_otm10_2020_2026,249,2024,2024-11-01T08:00:00.000Z,2024-11-08T08:00:00.000Z,69171,76395,50183.088159,54262.671289,0.725493,0.145099,5240.96267,-113.187007,-1048.192534,4079.58313,8.129398,10.218135
BTC,weekly,otm10,h20,0.2,20,weekly_otm10_h20,batch_years_otm10_2020_2026,250,2024,2024-11-08T08:00:00.000Z,2024-11-15T08:00:00.000Z,76395,87724.5,54262.671289,58107.589789,0.710291,0.142058,8047.240452,-2592.873861,-1609.44809,3844.9185,7.085752,10.051784
BTC,weekly,otm10,h20,0.2,20,weekly_otm10_h20,batch_years_otm10_2020_2026,251,2024,2024-11-15T08:00:00.000Z,2024-11-22T08:00:00.000Z,87724.5,99466,58107.589789,62458.805965,0.662387,0.132477,7777.419826,-1870.719685,-1555.483965,4351.216176,7.488206,10.16511
BTC,weekly,otm10,h20,0.2,20,weekly_otm10_h20,batch_years_otm10_2020_2026,252,2024,2024-11-22T08:00:00.000Z,2024-11-29T08:00:00.000Z,99466,95709.5,62458.805965,61133.846126,0.627941,0.125588,-2358.861366,562.129254,471.772273,-1324.959839,-2.121334,-2.876667
BTC,weekly,otm10,h20,0.2,20,weekly_otm10_h20,batch_years_otm10_2020_2026,253,2024,2024-11-29T08:00:00.000Z,2024-12-06T08:00:00.000Z,95709.5,98239.5,61133.846126,62627.72537,0.638744,0.127749,1616.021719,201.061869,-323.204344,1493.879244,2.443621,2.972304
BTC,weekly,otm10,h20,0.2,20,weekly_otm10_h20,batch_years_otm10_2020_2026,254,2024,2024-12-06T08:00:00.000Z,2024-12-13T08:00:00.000Z,98239.5,100112,62627.72537,63889.576898,0.6375,0.1275,1193.719591,306.875854,-238.743918,1261.851527,2.014845,2.396056
BTC,weekly,otm10,h20,0.2,20,weekly_otm10_h20,batch_years_otm10_2020_2026,255,2024,2024-12-13T08:00:00.000Z,2024-12-20T08:00:00.000Z,100112,97672,63889.576898,62924.961712,0.638181,0.127636,-1557.161655,281.114138,311.432331,-964.615186,-1.509816,-1.99727
BTC,weekly,otm10,h20,0.2,20,weekly_otm10_h20,batch_years_otm10_2020_2026,256,2024,2024-12-20T08:00:00.000Z,2024-12-27T08:00:00.000Z,97672,95077,62924.961712,61839.203326,0.644248,0.12885,-1671.822791,251.699847,334.364558,-1085.758386,-1.725481,-2.256852
BTC,weekly,otm10,h20,0.2,20,weekly_otm10_h20,batch_years_otm10_2020_2026,257,2025,2025-01-03T08:00:00.000Z,2025-01-10T08:00:00.000Z,96289,94500,61839.203326,61130.304193,0.642225,0.128445,-1148.940531,210.253291,229.788106,-708.899133,-1.146359,-1.523127
BTC,weekly,otm10,h20,0.2,20,weekly_otm10_h20,batch_years_otm10_2020_2026,258,2025,2025-01-10T08:00:00.000Z,2025-01-17T08:00:00.000Z,94500,101523.5,61130.304193,65003.410296,0.646882,0.129376,4543.372397,238.408186,-908.674479,3873.106104,6.33582,7.822275
BTC,weekly,otm10,h20,0.2,20,weekly_otm10_h20,batch_years_otm10_2020_2026,259,2025,2025-01-17T08:00:00.000Z,2025-01-24T08:00:00.000Z,101523.5,105062,65003.410296,67238.435518,0.640279,0.128056,2265.628818,422.522167,-453.125764,2235.025222,3.43832,4.1354
BTC,weekly,otm10,h20,0.2,20,weekly_otm10_h20,batch_years_otm10_2020_2026,260,2025,2025-01-24T08:00:00.000Z,2025-01-31T08:00:00.000Z,105062,104204.5,67238.435518,67202.834257,0.639988,0.127998,-548.789843,403.430613,109.757969,-35.601261,-0.052948,-0.216185
BTC,weekly,otm10,h20,0.2,20,weekly_otm10_h20,batch_years_otm10_2020_2026,261,2025,2025-01-31T08:00:00.000Z,2025-02-07T08:00:00.000Z,104204.5,96757.5,67202.834257,63845.246043,0.644913,0.128983,-4802.666936,484.545335,960.533387,-3357.588214,-4.9962,-6.425505
BTC,weekly,otm10,h20,0.2,20,weekly_otm10_h20,batch_years_otm10_2020_2026,262,2025,2025-02-07T08:00:00.000Z,2025-02-14T08:00:00.000Z,96757.5,96964,63845.246043,64120.250578,0.659848,0.13197,136.258619,165.99764,-27.251724,275.004535,0.430736,0.47342
BTC,weekly,otm10,h20,0.2,20,weekly_otm10_h20,batch_years_otm10_2020_2026,263,2025,2025-02-14T08:00:00.000Z,2025-02-21T08:00:00.000Z,96964,98256,64120.250578,64938.40101,0.661279,0.132256,854.372383,134.652526,-170.874477,818.150433,1.275963,1.542453
BTC,weekly,otm10,h20,0.2,20,weekly_otm10_h20,batch_years_otm10_2020_2026,264,2025,2025-02-21T08:00:00.000Z,2025-02-28T08:00:00.000Z,98256,79124,64938.40101,54920.180146,0.66091,0.132182,-12644.535582,97.407602,2528.907116,-10018.220864,-15.427268,-19.321584
BTC,weekly,otm10,h20,0.2,20,weekly_otm10_h20,batch_years_otm10_2020_2026,265,2025,2025-02-28T08:00:00.000Z,2025-03-07T08:00:00.000Z,79124,88346.5,54920.180146,59359.632722,0.694103,0.138821,6401.361931,-681.636969,-1280.272386,4439.452576,8.083463,10.414614
BTC,weekly,otm10,h20,0.2,20,weekly_otm10_h20,batch_years_otm10_2020_2026,266,2025,2025-03-07T08:00:00.000Z,2025-03-14T08:00:00.000Z,88346.5,82179,59359.632722,56400.657176,0.671896,0.134379,-4143.916678,356.157796,828.783336,-2958.975546,-4.984828,-6.381035
BTC,weekly,otm10,h20,0.2,20,weekly_otm10_h20,batch_years_otm10_2020_2026,267,2025,2025-03-14T08:00:00.000Z,2025-03-21T08:00:00.000Z,82179,83866.5,56400.657176,57524.584344,0.686315,0.137263,1158.156086,197.4023,-231.631217,1123.927169,1.992755,2.403444
BTC,weekly,otm10,h20,0.2,20,weekly_otm10_h20,batch_years_otm10_2020_2026,268,2025,2025-03-21T08:00:00.000Z,2025-03-28T08:00:00.000Z,83866.5,85150,57524.584344,58361.179767,0.685907,0.137181,880.361098,132.306544,-176.07222,836.595422,1.454327,1.760408
BTC,weekly,otm10,h20,0.2,20,weekly_otm10_h20,batch_years_otm10_2020_2026,269,2025,2025-03-28T08:00:00.000Z,2025-04-04T08:00:00.000Z,85150,84004.5,58361.179767,57771.742209,0.685393,0.137079,-785.117222,38.65622,157.023444,-589.437557,-1.009982,-1.279037
BTC,weekly,otm10,h20,0.2,20,weekly_otm10_h20,batch_years_otm10_2020_2026,270,2025,2025-04-04T08:00:00.000Z,2025-04-11T08:00:00.000Z,84004.5,81217,57771.742209,56388.328693,0.687722,0.137544,-1917.025057,150.20653,383.405011,-1383.413516,-2.39462,-3.058275
BTC,weekly,otm10,h20,0.2,20,weekly_otm10_h20,batch_years_otm10_2020_2026,271,2025,2025-04-11T08:00:00.000Z,2025-04-18T08:00:00.000Z,81217,84656.5,56388.328693,58490.463397,0.694292,0.138858,2388.017983,191.720318,-477.603597,2102.134704,3.727961,4.574951
BTC,weekly,otm10,h20,0.2,20,weekly_otm10_h20,batch_years_otm10_2020_2026,272,2025,2025-04-18T08:00:00.000Z,2025-04-25T08:00:00.000Z,84656.5,93805.5,58490.463397,63635.145691,0.690915,0.138183,6321.183248,87.735695,-1264.23665,5144.682293,8.795763,10.957203
BTC,weekly,otm10,h20,0.2,20,weekly_otm10_h20,batch_years_otm10_2020_2026,273,2025,2025-04-25T08:00:00.000Z,2025-05-02T08:00:00.000Z,93805.5,96401.5,63635.145691,65135.957023,0.678373,0.135675,1761.057062,91.965683,-352.211412,1500.811332,2.358463,2.911949
BTC,weekly,otm10,h20,0.2,20,weekly_otm10_h20,batch_years_otm10_2020_2026,274,2025,2025-05-02T08:00:00.000Z,2025-05-09T08:00:00.000Z,96401.5,103643,65135.957023,69082.879492,0.675674,0.135135,4892.891011,32.60966,-978.578202,3946.922469,6.059514,7.561877
BTC,weekly,otm10,h20,0.2,20,weekly_otm10_h20,batch_years_otm10_2020_2026,275,2025,2025-05-09T08:00:00.000Z,2025-05-16T08:00:00.000Z,103643,103721,69082.879492,69255.729465,0.666547,0.133309,51.990627,131.257471,-10.398125,172.849973,0.250207,0.265258
BTC,weekly,otm10,h20,0.2,20,weekly_otm10_h20,batch_years_otm10_2020_2026,276,2025,2025-05-16T08:00:00.000Z,2025-05-23T08:00:00.000Z,103721,110744.5,69255.729465,73090.57507,0.667712,0.133542,4689.673411,83.106875,-937.934682,3834.845604,5.537225,6.891531
BTC,weekly,otm10,h20,0.2,20,weekly_otm10_h20,batch_years_otm10_2020_2026,277,2025,2025-05-23T08:00:00.000Z,2025-05-30T08:00:00.000Z,110744.5,105075,73090.57507,70418.710157,0.659993,0.131999,-3741.829304,321.59853,748.365861,-2671.864913,-3.655553,-4.679442
BTC,weekly,otm10,h20,0.2,20,weekly_otm10_h20,batch_years_otm10_2020_2026,278,2025,2025-05-30T08:00:00.000Z,2025-06-06T08:00:00.000Z,105075,103189,70418.710157,69463.085709,0.670176,0.134035,-1263.951343,55.536626,252.790269,-955.624448,-1.35706,-1.716042
BTC,weekly,otm10,h20,0.2,20,weekly_otm10_h20,batch_years_otm10_2020_2026,279,2025,2025-06-06T08:00:00.000Z,2025-06-13T08:00:00.000Z,103189,104946.5,69463.085709,70479.016911,0.673164,0.134633,1183.085146,69.463086,-236.617029,1015.931203,1.462548,1.803185
BTC,weekly,otm10,h20,0.2,20,weekly_otm10_h20,batch_years_otm10_2020_2026,280,2025,2025-06-13T08:00:00.000Z,2025-06-20T08:00:00.000Z,104946.5,105827.5,70479.016911,71065.106518,0.671571,0.134314,591.653975,112.766427,-118.330795,586.089607,0.83158,0.999475
BTC,weekly,otm10,h20,0.2,20,weekly_otm10_h20,batch_years_otm10_2020_2026,281,2025,2025-06-20T08:00:00.000Z,2025-06-27T08:00:00.000Z,105827.5,106900,71065.106518,71776.292951,0.671518,0.134304,720.203413,135.023702,-144.040683,711.186433,1.000753,1.203442
BTC,weekly,otm10,h20,0.2,20,weekly_otm10_h20,batch_years_otm10_2020_2026,282,2025,2025-06-27T08:00:00.000Z,2025-07-04T08:00:00.000Z,106900,108773,71776.292951,72811.331697,0.671434,0.134287,1257.595853,28.962063,-251.519171,1035.038746,1.442034,1.792455
BTC,weekly,otm10,h20,0.2,20,weekly_otm10_h20,batch_years_otm10_2020_2026,283,2025,2025-07-04T08:00:00.000Z,2025-07-11T08:00:00.000Z,108773,117660.5,72811.331697,77628.928839,0.669388,0.133878,5949.185096,58.249065,-1189.837019,4817.597142,6.616549,8.250686
BTC,weekly,otm10,h20,0.2,20,weekly_otm10_h20,batch_years_otm10_2020_2026,284,2025,2025-07-11T08:00:00.000Z,2025-07-18T08:00:00.000Z,117660.5,119520,77628.928839,78711.321067,0.659771,0.131954,1226.843275,100.917607,-245.368655,1082.392228,1.394316,1.710394
BTC,weekly,otm10,h20,0.2,20,weekly_otm10_h20,batch_years_otm10_2020_2026,285,2025,2025-07-18T08:00:00.000Z,2025-07-25T08:00:00.000Z,119520,115272.5,78711.321067,76638.821426,0.658562,0.131712,-2797.241769,165.293774,559.448354,-2072.499641,-2.633039,-3.343799
BTC,weekly,otm10,h20,0.2,20,weekly_otm10_h20,batch_years_otm10_2020_2026,286,2025,2025-07-25T08:00:00.000Z,2025-08-01T08:00:00.000Z,115272.5,115063.5,76638.821426,76563.086537,0.664849,0.13297,-138.953468,35.427886,27.790694,-75.734889,-0.098821,-0.135082
BTC,weekly,otm10,h20,0.2,20,weekly_otm10_h20,batch_years_otm10_2020_2026,287,2025,2025-08-01T08:00:00.000Z,2025-08-08T08:00:00.000Z,115063.5,116904,76563.086537,77553.060785,0.665399,0.13308,1224.666039,10.241416,-244.933208,989.974248,1.293018,1.612928
BTC,weekly,otm10,h20,0.2,20,weekly_otm10_h20,batch_years_otm10_2020_2026,288,2025,2025-08-08T08:00:00.000Z,2025-08-15T08:00:00.000Z,116904,119082,77553.060785,78739.974477,0.663391,0.132678,1444.865585,31.021224,-288.973117,1186.913693,1.530454,1.903067
BTC,weekly,otm10,h20,0.2,20,weekly_otm10_h20,batch_years_otm10_2020_2026,289,2025,2025-08-15T08:00:00.000Z,2025-08-22T08:00:00.000Z,119082,113083,78739.974477,75645.364277,0.661225,0.132245,-3966.687718,78.739974,793.337544,-3094.6102,-3.930164,-4.937705
BTC,weekly,otm10,h20,0.2,20,weekly_otm10_h20,batch_years_otm10_2020_2026,290,2025,2025-08-22T08:00:00.000Z,2025-08-29T08:00:00.000Z,113083,109990,75645.364277,74080.921844,0.668937,0.133787,-2069.021088,90.774437,413.804218,-1564.442433,-2.068127,-2.615159
BTC,weekly,otm10,h20,0.2,20,weekly_otm10_h20,batch_years_otm10_2020_2026,291,2025,2025-08-29T08:00:00.000Z,2025-09-05T08:00:00.000Z,109990,113000.5,74080.921844,75730.696539,0.673524,0.134705,2027.64447,27.65912,-405.528894,1649.774696,2.22699,2.774403
BTC,weekly,otm10,h20,0.2,20,weekly_otm10_h20,batch_years_otm10_2020_2026,292,2025,2025-09-05T08:00:00.000Z,2025-09-12T08:00:00.000Z,113000.5,115201,75730.696539,76986.212442,0.67018,0.134036,1474.731508,75.730697,-294.946302,1255.515903,1.657869,2.047337
BTC,weekly,otm10,h20,0.2,20,weekly_otm10_h20,batch_years_otm10_2020_2026,293,2025,2025-09-12T08:00:00.000Z,2025-09-19T08:00:00.000Z,115201,116964.5,76986.212442,78013.702881,0.668277,0.133655,1178.507006,84.684834,-235.701401,1027.490439,1.334642,1.640803
BTC,weekly,otm10,h20,0.2,20,weekly_otm10_h20,batch_years_otm10_2020_2026,294,2025,2025-09-19T08:00:00.000Z,2025-09-26T08:00:00.000Z,116964.5,109350,78013.702881,73997.498201,0.666986,0.133397,-5078.766126,46.808222,1015.753225,-4016.204679,-5.148076,-6.450095
BTC,weekly,otm10,h20,0.2,20,weekly_otm10_h20,batch_years_otm10_2020_2026,295,2025,2025-09-26T08:00:00.000Z,2025-10-03T08:00:00.000Z,109350,119788,73997.498201,79650.387524,0.676703,0.135341,7063.428315,2.146671,-1412.685663,5652.889322,7.639298,9.548397
BTC,weekly,otm10,h20,0.2,20,weekly_otm10_h20,batch_years_otm10_2020_2026,296,2025,2025-10-03T08:00:00.000Z,2025-10-10T08:00:00.000Z,119788,120949,79650.387524,80387.448171,0.664928,0.132986,771.981333,119.475581,-154.396267,737.060648,0.92537,1.119212
BTC,weekly,otm10,h20,0.2,20,weekly_otm10_h20,batch_years_otm10_2020_2026,297,2025,2025-10-10T08:00:00.000Z,2025-10-17T08:00:00.000Z,120949,105597,80387.448171,72321.080151,0.664639,0.132928,-10203.541198,96.464938,2040.70824,-8066.36802,-10.034363,-12.572953
BTC,weekly,otm10,h20,0.2,20,weekly_otm10_h20,batch_years_otm10_2020_2026,298,2025,2025-10-17T08:00:00.000Z,2025-10-24T08:00:00.000Z,105597,111138,72321.080151,75537.810805,0.684878,0.136976,3794.909942,180.8027,-758.981988,3216.730654,4.447847,5.497308
BTC,weekly,otm10,h20,0.2,20,weekly_otm10_h20,batch_years_otm10_2020_2026,299,2025,2025-10-24T08:00:00.000Z,2025-10-31T08:00:00.000Z,111138,109420.5,75537.810805,74770.119418,0.679676,0.135935,-1167.343213,166.183184,233.468643,-767.691387,-1.016301,-1.325376
BTC,weekly,otm10,h20,0.2,20,weekly_otm10_h20,batch_years_otm10_2020_2026,300,2025,2025-10-31T08:00:00.000Z,2025-11-07T08:00:00.000Z,109420.5,101931,74770.119418,70798.414915,0.683328,0.136666,-5117.786972,122.525075,1023.557394,-3971.704503,-5.311887,-6.680826
BTC,weekly,otm10,h20,0.2,20,weekly_otm10_h20,batch_years_otm10_2020_2026,301,2025,2025-11-07T08:00:00.000Z,2025-11-14T08:00:00.000Z,101931,97013,70798.414915,68200.207966,0.694572,0.138914,-3415.904921,134.516988,683.180984,-2598.206949,-3.669866,-4.634832
BTC,weekly,otm10,h20,0.2,20,weekly_otm10_h20,batch_years_otm10_2020_2026,302,2025,2025-11-14T08:00:00.000Z,2025-11-21T08:00:00.000Z,97013,83841.5,68200.207966,60997.149499,0.703001,0.1406,-9259.573864,204.600624,1851.914773,-7203.058467,-10.561637,-13.277046
BTC,weekly,otm10,h20,0.2,20,weekly_otm10_h20,batch_years_otm10_2020_2026,303,2025,2025-11-21T08:00:00.000Z,2025-11-28T08:00:00.000Z,83841.5,90947,60997.149499,65468.201489,0.727529,0.145506,5169.459585,335.484322,-1033.891917,4471.05199,7.329936,9.02492
BTC,weekly,otm10,h20,0.2,20,weekly_otm10_h20,batch_years_otm10_2020_2026,304,2025,2025-11-28T08:00:00.000Z,2025-12-05T08:00:00.000Z,90947,92219.5,65468.201489,66573.813657,0.71985,0.14397,916.009175,372.804828,-183.201835,1105.612168,1.688777,1.968611
BTC,weekly,otm10,h20,0.2,20,weekly_otm10_h20,batch_years_otm10_2020_2026,305,2025,2025-12-05T08:00:00.000Z,2025-12-12T08:00:00.000Z,92219.5,92466.5,66573.813657,66909.526349,0.721906,0.144381,178.310791,193.06406,-35.662158,335.712692,0.504271,0.557839
BTC,weekly,otm10,h20,0.2,20,weekly_otm10_h20,batch_years_otm10_2020_2026,306,2025,2025-12-12T08:00:00.000Z,2025-12-19T08:00:00.000Z,92466.5,87926,66909.526349,64421.601586,0.723608,0.144722,-3285.54346,140.510005,657.108692,-2487.924763,-3.718342,-4.700427
BTC,weekly,otm10,h20,0.2,20,weekly_otm10_h20,batch_years_otm10_2020_2026,307,2025,2025-12-19T08:00:00.000Z,2025-12-26T08:00:00.000Z,87926,88458,64421.601586,64881.59978,0.73268,0.146536,389.785638,148.169684,-77.957128,459.998194,0.714043,0.835054
BTC,weekly,otm10,h20,0.2,20,weekly_otm10_h20,batch_years_otm10_2020_2026,308,2026,2026-01-02T08:00:00.000Z,2026-01-09T08:00:00.000Z,88798,90678,64881.59978,65994.802696,0.730665,0.146133,1373.650393,14.282601,-274.730079,1113.202915,1.715745,2.139649
BTC,weekly,otm10,h20,0.2,20,weekly_otm10_h20,batch_years_otm10_2020_2026,309,2026,2026-01-09T08:00:00.000Z,2026-01-16T08:00:00.000Z,90678,95656.5,65994.802696,68946.252017,0.727793,0.145559,3623.316849,52.795842,-724.66337,2951.449321,4.472245,5.570306
BTC,weekly,otm10,h20,0.2,20,weekly_otm10_h20,batch_years_otm10_2020_2026,310,2026,2026-01-16T08:00:00.000Z,2026-01-23T08:00:00.000Z,95656.5,89460.5,68946.252017,65442.489859,0.720769,0.144154,-4465.885512,68.946252,893.177102,-3503.762158,-5.081875,-6.377343
BTC,weekly,otm10,h20,0.2,20,weekly_otm10_h20,batch_years_otm10_2020_2026,311,2026,2026-01-23T08:00:00.000Z,2026-01-30T08:00:00.000Z,89460.5,82627.5,65442.489859,61502.586097,0.731524,0.146305,-4998.502503,58.898241,999.700501,-3939.903762,-6.020406,-7.548008
BTC,weekly,otm10,h20,0.2,20,weekly_otm10_h20,batch_years_otm10_2020_2026,312,2026,2026-01-30T08:00:00.000Z,2026-02-06T08:00:00.000Z,82627.5,64724,61502.586097,50899.713293,0.744336,0.148867,-13326.211615,58.096487,2665.242323,-10602.872805,-17.239719,-21.573264
BTC,weekly,otm10,h20,0.2,20,weekly_otm10_h20,batch_years_otm10_2020_2026,313,2026,2026-02-06T08:00:00.000Z,2026-02-13T08:00:00.000Z,64724,66140.5,50899.713293,52299.872206,0.786412,0.157282,1113.952226,508.997133,-222.790445,1400.158914,2.750819,3.188524
BTC,weekly,otm10,h20,0.2,20,weekly_otm10_h20,batch_years_otm10_2020_2026,314,2026,2026-02-13T08:00:00.000Z,2026-02-20T08:00:00.000Z,66140.5,67786,52299.872206,53471.550694,0.790739,0.158148,1301.161009,130.749681,-260.232202,1171.678488,2.240309,2.737886
BTC,weekly,otm10,h20,0.2,20,weekly_otm10_h20,batch_years_otm10_2020_2026,315,2026,2026-02-20T08:00:00.000Z,2026-02-27T08:00:00.000Z,67786,67649,53471.550694,53502.732466,0.788829,0.157766,-108.069549,117.637412,21.61391,31.181772,0.058315,0.017893
BTC,weekly,otm10,h20,0.2,20,weekly_otm10_h20,batch_years_otm10_2020_2026,316,2026,2026-02-27T08:00:00.000Z,2026-03-06T08:00:00.000Z,67649,71054,53502.732466,55842.825768,0.790887,0.158177,2692.971131,185.716396,-538.594226,2340.093301,4.373783,5.38045
BTC,weekly,otm10,h20,0.2,20,weekly_otm10_h20,batch_years_otm10_2020_2026,317,2026,2026-03-06T08:00:00.000Z,2026-03-13T08:00:00.000Z,71054,71660.5,55842.825768,56419.604493,0.785921,0.157184,476.661044,195.44989,-95.332209,576.778725,1.032861,1.203576
BTC,weekly,otm10,h20,0.2,20,weekly_otm10_h20,batch_years_otm10_2020_2026,318,2026,2026-03-13T08:00:00.000Z,2026-03-20T08:00:00.000Z,71660.5,70856,56419.604493,56127.281099,0.787318,0.157464,-633.397364,214.394497,126.679473,-292.323394,-0.518124,-0.742655
BTC,weekly,otm10,h20,0.2,20,weekly_otm10_h20,batch_years_otm10_2020_2026,319,2026,2026-03-20T08:00:00.000Z,2026-03-27T08:00:00.000Z,70856,68521,56127.281099,54782.284628,0.792132,0.158426,-1849.627433,134.705475,369.925487,-1344.996471,-2.396333,-3.055416
BTC,weekly,otm10,h20,0.2,20,weekly_otm10_h20,batch_years_otm10_2020_2026,320,2026,2026-03-27T08:00:00.000Z,2026-04-03T08:00:00.000Z,68521,67040.5,54782.284628,54004.135424,0.799496,0.159899,-1183.654243,168.77419,236.730849,-778.149204,-1.420439,-1.85257
BTC,weekly,otm10,h20,0.2,20,weekly_otm10_h20,batch_years_otm10_2020_2026,321,2026,2026-04-03T08:00:00.000Z,2026-04-10T08:00:00.000Z,67040.5,71480.5,54004.135424,56919.435179,0.805545,0.161109,3576.619525,54.004135,-715.323905,2915.299756,5.39829,6.722862
BTC,weekly,otm10,h20,0.2,20,weekly_otm10_h20,batch_years_otm10_2020_2026,322,2026,2026-04-10T08:00:00.000Z,2026-04-17T08:00:00.000Z,71480.5,75069,56919.435179,59239.585323,0.796293,0.159259,2857.498103,34.151661,-571.499621,2320.150143,4.0762,5.08025
BTC,weekly,otm10,h20,0.2,20,weekly_otm10_h20,batch_years_otm10_2020_2026,323,2026,2026-04-17T08:00:00.000Z,2026-04-24T08:00:00.000Z,75069,77693,59239.585323,60949.453421,0.789135,0.157827,2070.69059,53.315627,-414.138118,1709.868099,2.886361,3.585451
BTC,weekly,otm10,h20,0.2,20,weekly_otm10_h20,batch_years_otm10_2020_2026,324,2026,2026-04-24T08:00:00.000Z,2026-05-01T08:00:00.000Z,77693,77173,60949.453421,60695.463145,0.784491,0.156898,-407.935281,72.357948,81.587056,-253.990276,-0.416723,-0.550583
BTC,weekly,otm10,h20,0.2,20,weekly_otm10_h20,batch_years_otm10_2020_2026,325,2026,2026-05-01T08:00:00.000Z,2026-05-08T08:00:00.000Z,77173,79684,60695.463145,62304.72136,0.786486,0.157297,1974.865665,29.365684,-394.973133,1609.258216,2.651365,3.302111
BTC,weekly,otm10,h30,0.3,30,weekly_otm10_h30,batch_years_otm10_2020_2026,1,2020,2020-01-03T08:00:00.000Z,2020-01-10T08:00:00.000Z,7194,7747,7172.418,7579.873954,0.997,0.2991,551.341,21.517254,-165.4023,407.455954,5.680873,8.010994
BTC,weekly,otm10,h30,0.3,30,weekly_otm10_h30,batch_years_otm10_2020_2026,2,2020,2020-01-10T08:00:00.000Z,2020-01-17T08:00:00.000Z,7747,8938.5,7579.873954,8411.09074,0.978427,0.293528,1165.795768,15.159748,-349.73873,831.216786,10.966103,15.580147
BTC,weekly,otm10,h30,0.3,30,weekly_otm10_h30,batch_years_otm10_2020_2026,3,2020,2020-01-17T08:00:00.000Z,2020-01-24T08:00:00.000Z,8938.5,8325.5,8411.09074,8053.570451,0.940996,0.282299,-576.83041,46.260999,173.049123,-357.520288,-4.250582,-6.307974
BTC,weekly,otm10,h30,0.3,30,weekly_otm10_h30,batch_years_otm10_2020_2026,4,2020,2020-01-24T08:00:00.000Z,2020-01-31T08:00:00.000Z,8325.5,9362.5,8053.570451,8485.677807,0.967338,0.290201,1003.129248,-270.083119,-300.938775,432.107355,5.365413,9.102126
BTC,weekly,otm10,h30,0.3,30,weekly_otm10_h30,batch_years_otm10_2020_2026,5,2020,2020-01-31T08:00:00.000Z,2020-02-07T08:00:00.000Z,9362.5,9791.5,8485.677807,8816.600419,0.906347,0.271904,388.823047,58.746479,-116.646914,330.922612,3.899778,5.274411
BTC,weekly,otm10,h30,0.3,30,weekly_otm10_h30,batch_years_otm10_2020_2026,6,2020,2020-02-07T08:00:00.000Z,2020-02-14T08:00:00.000Z,9791.5,10136,8816.600419,9073.414802,0.900434,0.27013,310.199545,39.674702,-93.059863,256.814383,2.91285,3.968358
BTC,weekly,otm10,h30,0.3,30,weekly_otm10_h30,batch_years_otm10_2020_2026,7,2020,2020-02-14T08:00:00.000Z,2020-02-21T08:00:00.000Z,10136,9695.5,9073.414802,8879.050727,0.895167,0.26855,-394.321154,81.660733,118.296346,-194.364075,-2.142127,-3.445896
BTC,weekly,otm10,h30,0.3,30,weekly_otm10_h30,batch_years_otm10_2020_2026,8,2020,2020-02-21T08:00:00.000Z,2020-02-28T08:00:00.000Z,9695.5,8731.5,8879.050727,8287.712176,0.915791,0.274737,-882.822433,26.637152,264.84673,-591.338551,-6.65993,-9.642757
BTC,weekly,otm10,h30,0.3,30,weekly_otm10_h30,batch_years_otm10_2020_2026,9,2020,2020-02-28T08:00:00.000Z,2020-03-06T08:00:00.000Z,8731.5,9109,8287.712176,8561.263383,0.949174,0.284752,358.313159,22.731995,-107.493948,273.551207,3.300684,4.597712
BTC,weekly,otm10,h30,0.3,30,weekly_otm10_h30,batch_years_otm10_2020_2026,10,2020,2020-03-06T08:00:00.000Z,2020-03-13T08:00:00.000Z,9109,5251.5,8561.263383,6066.189422,0.939869,0.281961,-3625.543254,42.806317,1087.662976,-2495.073961,-29.143759,-41.848227
BTC,weekly,otm10,h30,0.3,30,weekly_otm10_h30,batch_years_otm10_2020_2026,11,2020,2020-03-13T08:00:00.000Z,2020-03-20T08:00:00.000Z,5251.5,6321.5,6066.189422,6736.212548,1.155135,0.34654,1235.994036,-195.172699,-370.798211,670.023126,11.045206,17.157745
BTC,weekly,otm10,h30,0.3,30,weekly_otm10_h30,batch_years_otm10_2020_2026,12,2020,2020-03-20T08:00:00.000Z,2020-03-27T08:00:00.000Z,6321.5,6721,6736.212548,7307.025176,1.065604,0.319681,425.7086,272.816608,-127.71258,570.812628,8.473792,10.369703
BTC,weekly,otm10,h30,0.3,30,weekly_otm10_h30,batch_years_otm10_2020_2026,13,2020,2020-03-27T08:00:00.000Z,2020-04-03T08:00:00.000Z,6721,6942,7307.025176,8147.695304,1.087193,0.326158,240.269687,672.481347,-72.080906,840.670128,11.504957,12.491418
BTC,weekly,otm10,h30,0.3,30,weekly_otm10_h30,batch_years_otm10_2020_2026,14,2020,2020-04-03T08:00:00.000Z,2020-04-10T08:00:00.000Z,6942,6929.5,8147.695304,8206.681003,1.173681,0.352104,-14.671016,69.25541,4.401305,58.985699,0.723956,0.669937
BTC,weekly,otm10,h30,0.3,30,weekly_otm10_h30,batch_years_otm10_2020_2026,15,2020,2020-04-10T08:00:00.000Z,2020-04-17T08:00:00.000Z,6929.5,7056.5,8206.681003,8352.999629,1.184311,0.355293,150.407459,41.033405,-45.122238,146.318626,1.782921,2.332744
BTC,weekly,otm10,h30,0.3,30,weekly_otm10_h30,batch_years_otm10_2020_2026,16,2020,2020-04-17T08:00:00.000Z,2020-04-24T08:00:00.000Z,7056.5,7584,8352.999629,8840.210395,1.183731,0.355119,624.418239,50.117998,-187.325472,487.210765,5.832764,8.075377
BTC,weekly,otm10,h30,0.3,30,weekly_otm10_h30,batch_years_otm10_2020_2026,17,2020,2020-04-24T08:00:00.000Z,2020-05-01T08:00:00.000Z,7584,8778.5,8840.210395,9079.318374,1.16564,0.349692,1392.35645,-735.541536,-417.706935,239.107979,2.704777,7.429856
BTC,weekly,otm10,h30,0.3,30,weekly_otm10_h30,batch_years_otm10_2020_2026,18,2020,2020-05-01T08:00:00.000Z,2020-05-08T08:00:00.000Z,8778.5,9834,9079.318374,9881.286645,1.034268,0.31028,1091.669481,37.799634,-327.500844,801.968271,8.832913,12.440021
BTC,weekly,otm10,h30,0.3,30,weekly_otm10_h30,batch_years_otm10_2020_2026,19,2020,2020-05-08T08:00:00.000Z,2020-05-15T08:00:00.000Z,9834,9676.5,9881.286645,9923.666452,1.004808,0.301443,-158.257336,153.159943,47.477201,42.379807,0.42889,-0.051586
BTC,weekly,otm10,h30,0.3,30,weekly_otm10_h30,batch_years_otm10_2020_2026,20,2020,2020-05-15T08:00:00.000Z,2020-05-22T08:00:00.000Z,9676.5,9070.5,9923.666452,9582.90596,1.025543,0.307663,-621.479034,94.274831,186.44371,-340.760492,-3.433816,-5.312595
BTC,weekly,otm10,h30,0.3,30,weekly_otm10_h30,batch_years_otm10_2020_2026,21,2020,2020-05-22T08:00:00.000Z,2020-05-29T08:00:00.000Z,9070.5,9526,9582.90596,10001.222969,1.056491,0.316947,481.231869,81.454701,-144.369561,418.317009,4.365242,5.871774
BTC,weekly,otm10,h30,0.3,30,weekly_otm10_h30,batch_years_otm10_2020_2026,22,2020,2020-05-29T08:00:00.000Z,2020-06-05T08:00:00.000Z,9526,9782,10001.222969,10346.709059,1.049887,0.314966,268.771056,157.346351,-80.631317,345.48609,3.454438,4.260653
BTC,weekly,otm10,h30,0.3,30,weekly_otm10_h30,batch_years_otm10_2020_2026,23,2020,2020-06-05T08:00:00.000Z,2020-06-12T08:00:00.000Z,9782,9426.5,10346.709059,10150.746705,1.057729,0.317319,-376.022804,67.253609,112.806841,-195.962354,-1.893958,-2.984226
BTC,weekly,otm10,h30,0.3,30,weekly_otm10_h30,batch_years_otm10_2020_2026,24,2020,2020-06-12T08:00:00.000Z,2020-06-19T08:00:00.000Z,9426.5,9288,10150.746705,10158.006161,1.076831,0.323049,-149.141083,111.658214,44.742325,7.259456,0.071516,-0.369262
BTC,weekly,otm10,h30,0.3,30,weekly_otm10_h30,batch_years_otm10_2020_2026,25,2020,2020-06-19T08:00:00.000Z,2020-06-26T08:00:00.000Z,9288,9115,10158.006161,10086.510771,1.09367,0.328101,-189.204895,60.948037,56.761469,-71.49539,-0.703833,-1.262618
BTC,weekly,otm10,h30,0.3,30,weekly_otm10_h30,batch_years_otm10_2020_2026,26,2020,2020-06-26T08:00:00.000Z,2020-07-03T08:00:00.000Z,9115,9101,10086.510771,10086.93271,1.106584,0.331975,-15.492172,11.26646,4.647652,0.421939,0.004183,-0.041895
BTC,weekly,otm10,h30,0.3,30,weekly_otm10_h30,batch_years_otm10_2020_2026,27,2020,2020-07-03T08:00:00.000Z,2020-07-10T08:00:00.000Z,9101,9147,10086.93271,10142.794877,1.108332,0.3325,50.983288,20.173865,-15.294986,55.862167,0.553807,0.705439
BTC,weekly,otm10,h30,0.3,30,weekly_otm10_h30,batch_years_otm10_2020_2026,28,2020,2020-07-10T08:00:00.000Z,2020-07-17T08:00:00.000Z,9147,9100,10142.794877,10131.670182,1.108866,0.33266,-52.11669,25.356987,15.635007,-11.124695,-0.109681,-0.26383
BTC,weekly,otm10,h30,0.3,30,weekly_otm10_h30,batch_years_otm10_2020_2026,29,2020,2020-07-17T08:00:00.000Z,2020-07-24T08:00:00.000Z,9100,9524.5,10131.670182,10482.771522,1.11337,0.334011,472.625713,20.26334,-141.787714,351.10134,3.465385,4.864835
BTC,weekly,otm10,h30,0.3,30,weekly_otm10_h30,batch_years_otm10_2020_2026,30,2020,2020-07-24T08:00:00.000Z,2020-07-31T08:00:00.000Z,9524.5,11168,10482.771522,10556.654727,1.100611,0.330183,1808.854533,-1192.314967,-542.65636,73.883205,0.704806,5.881456
BTC,weekly,otm10,h30,0.3,30,weekly_otm10_h30,batch_years_otm10_2020_2026,31,2020,2020-07-31T08:00:00.000Z,2020-08-07T08:00:00.000Z,11168,11800,10556.654727,11032.612562,0.945259,0.283578,597.403813,57.775165,-179.221144,475.957835,4.508605,6.206312
BTC,weekly,otm10,h30,0.3,30,weekly_otm10_h30,batch_years_otm10_2020_2026,32,2020,2020-08-07T08:00:00.000Z,2020-08-14T08:00:00.000Z,11800,11730,11032.612562,11052.994846,0.934967,0.28049,-65.447702,66.195675,19.63431,20.382284,0.184746,0.00678
BTC,weekly,otm10,h30,0.3,30,weekly_otm10_h30,batch_years_otm10_2020_2026,33,2020,2020-08-14T08:00:00.000Z,2020-08-21T08:00:00.000Z,11730,11846,11052.994846,11173.72031,0.942284,0.282685,109.304979,44.211979,-32.791494,120.725465,1.092242,1.388917
BTC,weekly,otm10,h30,0.3,30,weekly_otm10_h30,batch_years_otm10_2020_2026,34,2020,2020-08-21T08:00:00.000Z,2020-08-28T08:00:00.000Z,11846,11381.5,11173.72031,10906.131121,0.943248,0.282975,-438.138873,39.108021,131.441662,-267.58919,-2.394808,-3.571155
BTC,weekly,otm10,h30,0.3,30,weekly_otm10_h30,batch_years_otm10_2020_2026,35,2020,2020-08-28T08:00:00.000Z,2020-09-04T08:00:00.000Z,11381.5,10302.5,10906.131121,10185.628641,0.958233,0.28747,-1033.933619,3.251053,310.180086,-720.502479,-6.606398,-9.450488
BTC,weekly,otm10,h30,0.3,30,weekly_otm10_h30,batch_years_otm10_2020_2026,36,2020,2020-09-04T08:00:00.000Z,2020-09-11T08:00:00.000Z,10302.5,10257.5,10185.628641,10230.878191,0.988656,0.296597,-44.489521,76.392215,13.346856,45.24955,0.444249,0.313213
BTC,weekly,otm10,h30,0.3,30,weekly_otm10_h30,batch_years_otm10_2020_2026,37,2020,2020-09-11T08:00:00.000Z,2020-09-18T08:00:00.000Z,10257.5,10967,10230.878191,10792.739919,0.997405,0.299221,707.658599,66.500708,-212.29758,561.861727,5.491823,7.56689
BTC,weekly,otm10,h30,0.3,30,weekly_otm10_h30,batch_years_otm10_2020_2026,38,2020,2020-09-18T08:00:00.000Z,2020-09-25T08:00:00.000Z,10967,10687,10792.739919,10653.817959,0.984111,0.295233,-275.550942,53.9637,82.665283,-138.92196,-1.28718,-2.053114
BTC,weekly,otm10,h30,0.3,30,weekly_otm10_h30,batch_years_otm10_2020_2026,39,2020,2020-09-25T08:00:00.000Z,2020-10-02T08:00:00.000Z,10687,10488,10653.817959,10517.733569,0.996895,0.299069,-198.382125,2.783097,59.514638,-136.08439,-1.27733,-1.835952
BTC,weekly,otm10,h30,0.3,30,weekly_otm10_h30,batch_years_otm10_2020_2026,40,2020,2020-10-02T08:00:00.000Z,2020-10-09T08:00:00.000Z,10488,10905,10517.733569,10811.269193,1.002835,0.300851,418.182199,0.808085,-125.45466,293.535624,2.790864,3.983656
BTC,weekly,otm10,h30,0.3,30,weekly_otm10_h30,batch_years_otm10_2020_2026,41,2020,2020-10-09T08:00:00.000Z,2020-10-16T08:00:00.000Z,10905,11322,10811.269193,11116.877153,0.991405,0.297421,413.415796,16.216904,-124.024739,305.607961,2.826754,3.973934
BTC,weekly,otm10,h30,0.3,30,weekly_otm10_h30,batch_years_otm10_2020_2026,42,2020,2020-10-16T08:00:00.000Z,2020-10-23T08:00:00.000Z,11322,12901.5,11116.877153,11358.477273,0.981883,0.294565,1550.883895,-844.018607,-465.265169,241.60012,2.173273,6.358488
BTC,weekly,otm10,h30,0.3,30,weekly_otm10_h30,batch_years_otm10_2020_2026,43,2020,2020-10-23T08:00:00.000Z,2020-10-30T08:00:00.000Z,12901.5,13229,11358.477273,11622.780539,0.8804,0.26412,288.330916,62.471625,-86.499275,264.303266,2.326925,3.088465
BTC,weekly,otm10,h30,0.3,30,weekly_otm10_h30,batch_years_otm10_2020_2026,44,2020,2020-10-30T08:00:00.000Z,2020-11-06T08:00:00.000Z,13229,15786.5,11622.780539,12534.50169,0.878583,0.263575,2246.977189,-661.162882,-674.093157,911.72115,7.84426,13.644018
BTC,weekly,otm10,h30,0.3,30,weekly_otm10_h30,batch_years_otm10_2020_2026,45,2020,2020-11-06T08:00:00.000Z,2020-11-13T08:00:00.000Z,15786.5,16294,12534.50169,12979.519177,0.794001,0.2382,402.955665,162.948522,-120.8867,445.017488,3.55034,4.514772
BTC,weekly,otm10,h30,0.3,30,weekly_otm10_h30,batch_years_otm10_2020_2026,46,2020,2020-11-13T08:00:00.000Z,2020-11-20T08:00:00.000Z,16294,18254,12979.519177,13991.00162,0.796583,0.238975,1561.302172,-81.429078,-468.390652,1011.482443,7.792912,11.401602
BTC,weekly,otm10,h30,0.3,30,weekly_otm10_h30,batch_years_otm10_2020_2026,47,2020,2020-11-20T08:00:00.000Z,2020-11-27T08:00:00.000Z,18254,17105,13991.00162,13493.459559,0.766462,0.229939,-880.665107,118.923514,264.199532,-497.542061,-3.556158,-5.444511
BTC,weekly,otm10,h30,0.3,30,weekly_otm10_h30,batch_years_otm10_2020_2026,48,2020,2020-11-27T08:00:00.000Z,2020-12-04T08:00:00.000Z,17105,19331,13493.459559,14623.873959,0.788861,0.236658,1756.003565,-98.788096,-526.801069,1130.4144,8.377499,12.28162
BTC,weekly,otm10,h30,0.3,30,weekly_otm10_h30,batch_years_otm10_2020_2026,49,2020,2020-12-04T08:00:00.000Z,2020-12-11T08:00:00.000Z,19331,17789,14623.873959,14026.667506,0.756499,0.22695,-1166.520803,219.358109,349.956241,-597.206453,-4.083777,-6.476825
BTC,weekly,otm10,h30,0.3,30,weekly_otm10_h30,batch_years_otm10_2020_2026,50,2020,2020-12-11T08:00:00.000Z,2020-12-18T08:00:00.000Z,17789,23113.5,14026.667506,14661.727657,0.788502,0.236551,4198.380524,-2303.806216,-1259.514157,635.060151,4.52752,13.506945
BTC,weekly,otm10,h30,0.3,30,weekly_otm10_h30,batch_years_otm10_2020_2026,51,2020,2020-12-18T08:00:00.000Z,2020-12-25T08:00:00.000Z,23113.5,23678,14661.727657,15198.289259,0.634336,0.190301,358.082734,285.903689,-107.42482,536.561603,3.659607,4.392296
BTC,weekly,otm10,h30,0.3,30,weekly_otm10_h30,batch_years_otm10_2020_2026,52,2021,2021-01-01T08:00:00.000Z,2021-01-08T08:00:00.000Z,29186.5,38963.5,15198.289259,15381.550658,0.52073,0.156219,5091.178253,-3380.563378,-1527.353476,183.261399,1.205803,11.43701
BTC,weekly,otm10,h30,0.3,30,weekly_otm10_h30,batch_years_otm10_2020_2026,53,2021,2021-01-08T08:00:00.000Z,2021-01-15T08:00:00.000Z,38963.5,38500,15381.550658,15876.420918,0.394768,0.11843,-182.975059,622.952802,54.892518,494.87026,3.217298,2.860425
BTC,weekly,otm10,h30,0.3,30,weekly_otm10_h30,batch_years_otm10_2020_2026,54,2021,2021-01-15T08:00:00.000Z,2021-01-22T08:00:00.000Z,38500,30768,15876.420918,14565.317213,0.412375,0.123712,-3188.48017,920.832413,956.544051,-1311.103706,-8.258182,-14.283117
BTC,weekly,otm10,h30,0.3,30,weekly_otm10_h30,batch_years_otm10_2020_2026,55,2021,2021-01-22T08:00:00.000Z,2021-01-29T08:00:00.000Z,30768,32305.5,14565.317213,15504.481936,0.473392,0.142018,727.839808,429.676858,-218.351942,939.164723,6.447952,7.947075
BTC,weekly,otm10,h30,0.3,30,weekly_otm10_h30,batch_years_otm10_2020_2026,56,2021,2021-01-29T08:00:00.000Z,2021-02-05T08:00:00.000Z,32305.5,37760.5,15504.481936,17002.868061,0.479933,0.14398,2618.035596,-334.238793,-785.410679,1498.386125,9.664213,14.729914
BTC,weekly,otm10,h30,0.3,30,weekly_otm10_h30,batch_years_otm10_2020_2026,57,2021,2021-02-05T08:00:00.000Z,2021-02-12T08:00:00.000Z,37760.5,47474,17002.868061,17992.992498,0.450282,0.135085,4373.812818,-2071.544535,-1312.143845,990.124438,5.823279,13.54047
BTC,weekly,otm10,h30,0.3,30,weekly_otm10_h30,batch_years_otm10_2020_2026,58,2021,2021-02-12T08:00:00.000Z,2021-02-19T08:00:00.000Z,47474,51744,17992.992498,19638.6456,0.379007,0.113702,1618.361165,512.800286,-485.50835,1645.653102,9.146078,11.844397
BTC,weekly,otm10,h30,0.3,30,weekly_otm10_h30,batch_years_otm10_2020_2026,59,2021,2021-02-19T08:00:00.000Z,2021-02-26T08:00:00.000Z,51744,44988.5,19638.6456,18325.029561,0.379535,0.11386,-2563.946938,481.146817,769.184081,-1313.616039,-6.688934,-10.60562
BTC,weekly,otm10,h30,0.3,30,weekly_otm10_h30,batch_years_otm10_2020_2026,60,2021,2021-02-26T08:00:00.000Z,2021-03-05T08:00:00.000Z,44988.5,47388,18325.029561,19684.127793,0.407327,0.122198,977.381074,674.931481,-293.214322,1359.098232,7.416622,9.016698
BTC,weekly,otm10,h30,0.3,30,weekly_otm10_h30,batch_years_otm10_2020_2026,61,2021,2021-03-05T08:00:00.000Z,2021-03-12T08:00:00.000Z,47388,56772,19684.127793,20772.139005,0.415382,0.124615,3897.945792,-1640.550843,-1169.383738,1088.011212,5.527353,11.468097
BTC,weekly,otm10,h30,0.3,30,weekly_otm10_h30,batch_years_otm10_2020_2026,62,2021,2021-03-12T08:00:00.000Z,2021-03-19T08:00:00.000Z,56772,57851,20772.139005,21484.708405,0.365887,0.109766,394.792116,436.214919,-118.437635,712.5694,3.430409,4.000585
BTC,weekly,otm10,h30,0.3,30,weekly_otm10_h30,batch_years_otm10_2020_2026,63,2021,2021-03-19T08:00:00.000Z,2021-03-26T08:00:00.000Z,57851,53607.5,21484.708405,20693.070749,0.37138,0.111414,-1575.951325,311.528272,472.785398,-791.637656,-3.684656,-5.885223
BTC,weekly,otm10,h30,0.3,30,weekly_otm10_h30,batch_years_otm10_2020_2026,64,2021,2021-03-26T08:00:00.000Z,2021-04-02T08:00:00.000Z,53607.5,59507.5,20693.070749,22378.481723,0.386011,0.115803,2277.463367,91.186617,-683.23901,1685.410974,8.144808,11.446585
BTC,weekly,otm10,h30,0.3,30,weekly_otm10_h30,batch_years_otm10_2020_2026,65,2021,2021-04-02T08:00:00.000Z,2021-04-09T08:00:00.000Z,59507.5,58130.5,22378.481723,22256.638307,0.376062,0.112818,-517.836732,240.642297,155.35102,-121.843416,-0.544467,-1.238665
BTC,weekly,otm10,h30,0.3,30,weekly_otm10_h30,batch_years_otm10_2020_2026,66,2021,2021-04-09T08:00:00.000Z,2021-04-16T08:00:00.000Z,58130.5,61460,22256.638307,23271.394354,0.382874,0.114862,1274.777909,122.411511,-382.433373,1014.756047,4.559341,6.27763
BTC,weekly,otm10,h30,0.3,30,weekly_otm10_h30,batch_years_otm10_2020_2026,67,2021,2021-04-16T08:00:00.000Z,2021-04-23T08:00:00.000Z,61460,47696,23271.394354,19762.873838,0.378643,0.113593,-5211.641261,139.628366,1563.492378,-3508.520516,-15.076538,-21.795054
BTC,weekly,otm10,h30,0.3,30,weekly_otm10_h30,batch_years_otm10_2020_2026,68,2021,2021-04-23T08:00:00.000Z,2021-04-30T08:00:00.000Z,47696,54452.5,19762.873838,21132.369395,0.414351,0.124305,2799.560908,-590.197079,-839.868272,1369.495557,6.929638,11.179365
BTC,weekly,otm10,h30,0.3,30,weekly_otm10_h30,batch_years_otm10_2020_2026,69,2021,2021-04-30T08:00:00.000Z,2021-05-07T08:00:00.000Z,54452.5,55838.5,21132.369395,22014.916686,0.388088,0.116426,537.890161,506.024179,-161.367048,882.547292,4.176282,4.939883
BTC,weekly,otm10,h30,0.3,30,weekly_otm10_h30,batch_years_otm10_2020_2026,70,2021,2021-05-07T08:00:00.000Z,2021-05-14T08:00:00.000Z,55838.5,50139.5,22014.916686,20618.212482,0.394261,0.118278,-2246.890769,176.119333,674.067231,-1396.704205,-6.344354,-9.40622
BTC,weekly,otm10,h30,0.3,30,weekly_otm10_h30,batch_years_otm10_2020_2026,71,2021,2021-05-14T08:00:00.000Z,2021-05-21T08:00:00.000Z,50139.5,39921.5,20618.212482,17893.433325,0.411217,0.123365,-4201.814839,216.491231,1260.544452,-2724.779156,-13.2154,-19.329142
BTC,weekly,otm10,h30,0.3,30,weekly_otm10_h30,batch_years_otm10_2020_2026,72,2021,2021-05-21T08:00:00.000Z,2021-05-28T08:00:00.000Z,39921.5,37035.5,17893.433325,17301.083544,0.448215,0.134465,-1293.549806,313.135083,388.064942,-592.349781,-3.310431,-5.479187
BTC,weekly,otm10,h30,0.3,30,weekly_otm10_h30,batch_years_otm10_2020_2026,73,2021,2021-05-28T08:00:00.000Z,2021-06-04T08:00:00.000Z,37035.5,36640.5,17301.083544,18498.843186,0.467149,0.140145,-184.523714,1326.926241,55.357114,1197.759641,6.923033,6.603069
BTC,weekly,otm10,h30,0.3,30,weekly_otm10_h30,batch_years_otm10_2020_2026,74,2021,2021-06-04T08:00:00.000Z,2021-06-11T08:00:00.000Z,36640.5,37160,18498.843186,19006.170445,0.504874,0.151462,262.282148,323.729756,-78.684644,507.327259,2.742481,3.16783
BTC,weekly,otm10,h30,0.3,30,weekly_otm10_h30,batch_years_otm10_2020_2026,75,2021,2021-06-11T08:00:00.000Z,2021-06-18T08:00:00.000Z,37160,37686.5,19006.170445,19546.286324,0.511469,0.153441,269.288179,351.614153,-80.786454,540.115879,2.841792,3.266846
BTC,weekly,otm10,h30,0.3,30,weekly_otm10_h30,batch_years_otm10_2020_2026,76,2021,2021-06-18T08:00:00.000Z,2021-06-25T08:00:00.000Z,37686.5,34290.5,19546.286324,18508.802857,0.518655,0.155596,-1761.351899,195.462863,528.40557,-1037.483466,-5.307829,-8.011184
BTC,weekly,otm10,h30,0.3,30,weekly_otm10_h30,batch_years_otm10_2020_2026,77,2021,2021-06-25T08:00:00.000Z,2021-07-02T08:00:00.000Z,34290.5,33382,18508.802857,18550.886266,0.539765,0.161929,-490.376267,385.346796,147.11288,42.083409,0.22737,-0.567457
BTC,weekly,otm10,h30,0.3,30,weekly_otm10_h30,batch_years_otm10_2020_2026,78,2021,2021-07-02T08:00:00.000Z,2021-07-09T08:00:00.000Z,33382,32897,18550.886266,18812.672382,0.555715,0.166715,-269.521893,450.451441,80.856568,261.786116,1.411178,0.975315
BTC,weekly,otm10,h30,0.3,30,weekly_otm10_h30,batch_years_otm10_2020_2026,79,2021,2021-07-09T08:00:00.000Z,2021-07-16T08:00:00.000Z,32897,31795,18812.672382,18578.474426,0.571866,0.17156,-630.196217,206.939396,189.058865,-234.197956,-1.244895,-2.24985
BTC,weekly,otm10,h30,0.3,30,weekly_otm10_h30,batch_years_otm10_2020_2026,80,2021,2021-07-16T08:00:00.000Z,2021-07-23T08:00:00.000Z,31795,32501.5,18578.474426,18997.499515,0.584321,0.175296,412.822525,130.049321,-123.846757,419.025088,2.255433,2.922047
BTC,weekly,otm10,h30,0.3,30,weekly_otm10_h30,batch_years_otm10_2020_2026,81,2021,2021-07-23T08:00:00.000Z,2021-07-30T08:00:00.000Z,32501.5,39787.5,18997.499515,19883.928985,0.584511,0.175353,4258.750564,-2094.695924,-1277.625169,886.429471,4.666032,11.39126
BTC,weekly,otm10,h30,0.3,30,weekly_otm10_h30,batch_years_otm10_2020_2026,82,2021,2021-07-30T08:00:00.000Z,2021-08-06T08:00:00.000Z,39787.5,40752.5,19883.928985,20439.201904,0.499753,0.149926,482.261803,217.689657,-144.678541,555.272919,2.792571,3.520187
BTC,weekly,otm10,h30,0.3,30,weekly_otm10_h30,batch_years_otm10_2020_2026,83,2021,2021-08-06T08:00:00.000Z,2021-08-13T08:00:00.000Z,40752.5,46141.5,20439.201904,22040.604784,0.501545,0.150463,2702.824589,-290.574332,-810.847377,1601.40288,7.834958,11.802077
BTC,weekly,otm10,h30,0.3,30,weekly_otm10_h30,batch_years_otm10_2020_2026,84,2021,2021-08-13T08:00:00.000Z,2021-08-20T08:00:00.000Z,46141.5,46812,22040.604784,22661.532063,0.477674,0.143302,320.280561,396.730886,-96.084168,620.927279,2.817197,3.253139
BTC,weekly,otm10,h30,0.3,30,weekly_otm10_h30,batch_years_otm10_2020_2026,85,2021,2021-08-20T08:00:00.000Z,2021-08-27T08:00:00.000Z,46812,47533.5,22661.532063,23211.955755,0.484097,0.145229,349.275728,305.930683,-104.782718,550.423693,2.42889,2.891271
BTC,weekly,otm10,h30,0.3,30,weekly_otm10_h30,batch_years_otm10_2020_2026,86,2021,2021-08-27T08:00:00.000Z,2021-09-03T08:00:00.000Z,47533.5,49323.5,23211.955755,23965.275333,0.488328,0.146499,874.107751,141.444152,-262.232325,753.319578,3.245395,4.375124
BTC,weekly,otm10,h30,0.3,30,weekly_otm10_h30,batch_years_otm10_2020_2026,87,2021,2021-09-03T08:00:00.000Z,2021-09-10T08:00:00.000Z,49323.5,46189.5,23965.275333,23210.901563,0.485879,0.145764,-1522.746214,311.548579,456.823864,-754.373771,-3.147778,-5.053969
BTC,weekly,otm10,h30,0.3,30,weekly_otm10_h30,batch_years_otm10_2020_2026,88,2021,2021-09-10T08:00:00.000Z,2021-09-17T08:00:00.000Z,46189.5,47724,23210.901563,23982.786716,0.502515,0.150754,771.108768,232.109016,-231.33263,771.885153,3.325529,4.322184
BTC,weekly,otm10,h30,0.3,30,weekly_otm10_h30,batch_years_otm10_2020_2026,89,2021,2021-09-17T08:00:00.000Z,2021-09-24T08:00:00.000Z,47724,44800.5,23982.786716,23158.235955,0.502531,0.150759,-1469.149211,203.853687,440.744763,-824.550761,-3.438094,-5.275849
BTC,weekly,otm10,h30,0.3,30,weekly_otm10_h30,batch_years_otm10_2020_2026,90,2021,2021-09-24T08:00:00.000Z,2021-10-01T08:00:00.000Z,44800.5,44823.5,23158.235955,23475.331988,0.516919,0.155076,11.88914,308.773634,-3.566742,317.096033,1.369258,1.38466
BTC,weekly,otm10,h30,0.3,30,weekly_otm10_h30,batch_years_otm10_2020_2026,91,2021,2021-10-01T08:00:00.000Z,2021-10-08T08:00:00.000Z,44823.5,54886,23475.331988,24601.112702,0.523728,0.157118,5270.01524,-2563.229954,-1581.004572,1125.780715,4.79559,11.530339
BTC,weekly,otm10,h30,0.3,30,weekly_otm10_h30,batch_years_otm10_2020_2026,92,2021,2021-10-08T08:00:00.000Z,2021-10-15T08:00:00.000Z,54886,59325.5,24601.112702,26276.942597,0.448222,0.134467,1989.88157,282.912796,-596.964471,1675.829895,6.812009,9.238584
BTC,weekly,otm10,h30,0.3,30,weekly_otm10_h30,batch_years_otm10_2020_2026,93,2021,2021-10-15T08:00:00.000Z,2021-10-22T08:00:00.000Z,59325.5,63426.5,26276.942597,28073.995707,0.442928,0.132878,1816.44894,525.538852,-544.934682,1797.05311,6.838897,8.91271
BTC,weekly,otm10,h30,0.3,30,weekly_otm10_h30,batch_years_otm10_2020_2026,94,2021,2021-10-22T08:00:00.000Z,2021-10-29T08:00:00.000Z,63426.5,60639,28073.995707,27547.216511,0.442622,0.132787,-1233.810206,336.887948,370.143062,-526.779196,-1.876396,-3.194851
BTC,weekly,otm10,h30,0.3,30,weekly_otm10_h30,batch_years_otm10_2020_2026,95,2021,2021-10-29T08:00:00.000Z,2021-11-05T08:00:00.000Z,60639,62143,27547.216511,28268.305076,0.454282,0.136285,683.240384,242.820296,-204.972115,721.088565,2.617646,3.361721
BTC,weekly,otm10,h30,0.3,30,weekly_otm10_h30,batch_years_otm10_2020_2026,96,2021,2021-11-05T08:00:00.000Z,2021-11-12T08:00:00.000Z,62143,64592,28268.305076,29359.07645,0.454891,0.136467,1114.028597,310.951356,-334.208579,1090.771374,3.858637,5.04091
BTC,weekly,otm10,h30,0.3,30,weekly_otm10_h30,batch_years_otm10_2020_2026,97,2021,2021-11-12T08:00:00.000Z,2021-11-19T08:00:00.000Z,64592,55994.5,29359.07645,26917.185083,0.454531,0.136359,-3907.831617,293.590765,1172.349485,-2441.891367,-8.31733,-12.310472
BTC,weekly,otm10,h30,0.3,30,weekly_otm10_h30,batch_years_otm10_2020_2026,98,2021,2021-11-19T08:00:00.000Z,2021-11-26T08:00:00.000Z,55994.5,57049,26917.185083,27568.111115,0.480711,0.144213,506.909994,296.089036,-152.072998,650.926032,2.418254,2.983221
BTC,weekly,otm10,h30,0.3,30,weekly_otm10_h30,batch_years_otm10_2020_2026,99,2021,2021-11-26T08:00:00.000Z,2021-12-03T08:00:00.000Z,57049,56770,27568.111115,27668.995906,0.483236,0.144971,-134.822749,195.260716,40.446825,100.884791,0.365947,0.219231
BTC,weekly,otm10,h30,0.3,30,weekly_otm10_h30,batch_years_otm10_2020_2026,100,2021,2021-12-03T08:00:00.000Z,2021-12-10T08:00:00.000Z,56770,47738.5,27668.995906,24864.396882,0.487388,0.146216,-4401.841404,276.689959,1320.552421,-2804.599024,-10.136252,-14.908931
BTC,weekly,otm10,h30,0.3,30,weekly_otm10_h30,batch_years_otm10_2020_2026,101,2021,2021-12-10T08:00:00.000Z,2021-12-17T08:00:00.000Z,47738.5,46990.5,24864.396882,24852.758192,0.520846,0.156254,-389.592653,261.076167,116.877796,-11.63869,-0.046809,-0.51687
BTC,weekly,otm10,h30,0.3,30,weekly_otm10_h30,batch_years_otm10_2020_2026,102,2021,2021-12-17T08:00:00.000Z,2021-12-24T08:00:00.000Z,46990.5,51060.5,24852.758192,26558.384997,0.528889,0.158667,2152.578199,198.822066,-645.77346,1705.626805,6.862928,9.461325
BTC,weekly,otm10,h30,0.3,30,weekly_otm10_h30,batch_years_otm10_2020_2026,103,2021,2021-12-24T08:00:00.000Z,2021-12-31T08:00:00.000Z,51060.5,47184,26558.384997,25399.275634,0.520136,0.156041,-2016.305744,252.304657,604.891723,-1159.109363,-4.364382,-6.641974
BTC,weekly,otm10,h30,0.3,30,weekly_otm10_h30,batch_years_otm10_2020_2026,104,2022,2022-01-07T08:00:00.000Z,2022-01-14T08:00:00.000Z,41708,42625,25399.275634,25980.673506,0.608979,0.182694,558.433292,190.494567,-167.529988,581.397872,2.289033,2.970901
BTC,weekly,otm10,h30,0.3,30,weekly_otm10_h30,batch_years_otm10_2020_2026,105,2022,2022-01-14T08:00:00.000Z,2022-01-21T08:00:00.000Z,42625,39123,25980.673506,24590.425571,0.609517,0.182855,-2134.529469,103.922694,640.358841,-1390.247934,-5.351085,-7.815836
BTC,weekly,otm10,h30,0.3,30,weekly_otm10_h30,batch_years_otm10_2020_2026,106,2022,2022-01-21T08:00:00.000Z,2022-01-28T08:00:00.000Z,39123,36827,24590.425571,23727.776371,0.628541,0.188562,-1443.131077,147.542553,432.939323,-862.6492,-3.508069,-5.268671
BTC,weekly,otm10,h30,0.3,30,weekly_otm10_h30,batch_years_otm10_2020_2026,107,2022,2022-01-28T08:00:00.000Z,2022-02-04T08:00:00.000Z,36827,37886,23727.776371,24498.002087,0.644304,0.193291,682.317734,292.603303,-204.69532,770.225716,3.246093,4.108775
BTC,weekly,otm10,h30,0.3,30,weekly_otm10_h30,batch_years_otm10_2020_2026,108,2022,2022-02-04T08:00:00.000Z,2022-02-11T08:00:00.000Z,37886,43395,24498.002087,26219.445514,0.646624,0.193987,3562.252376,-772.133236,-1068.675713,1721.443426,7.026873,11.38917
BTC,weekly,otm10,h30,0.3,30,weekly_otm10_h30,batch_years_otm10_2020_2026,109,2022,2022-02-11T08:00:00.000Z,2022-02-18T08:00:00.000Z,43395,40656,26219.445514,25178.992118,0.604204,0.181261,-1654.915572,117.987505,496.474672,-1040.453396,-3.968251,-5.861787
BTC,weekly,otm10,h30,0.3,30,weekly_otm10_h30,batch_years_otm10_2020_2026,110,2022,2022-02-18T08:00:00.000Z,2022-02-25T08:00:00.000Z,40656,38512.5,25178.992118,24337.862915,0.619318,0.185795,-1327.508107,88.126472,398.252432,-841.129203,-3.340599,-4.922285
BTC,weekly,otm10,h30,0.3,30,weekly_otm10_h30,batch_years_otm10_2020_2026,111,2022,2022-02-25T08:00:00.000Z,2022-03-04T08:00:00.000Z,38512.5,41462.5,24337.862915,25912.245457,0.631947,0.189584,1864.243962,269.411768,-559.273189,1574.382542,6.468861,8.766816
BTC,weekly,otm10,h30,0.3,30,weekly_otm10_h30,batch_years_otm10_2020_2026,112,2022,2022-03-04T08:00:00.000Z,2022-03-11T08:00:00.000Z,41462.5,39149.5,25912.245457,25029.940139,0.624956,0.187487,-1445.523636,129.561227,433.657091,-882.305318,-3.404974,-5.078535
BTC,weekly,otm10,h30,0.3,30,weekly_otm10_h30,batch_years_otm10_2020_2026,113,2022,2022-03-11T08:00:00.000Z,2022-03-18T08:00:00.000Z,39149.5,40598,25029.940139,25890.955983,0.639343,0.191803,926.087646,212.754491,-277.826294,861.015843,3.439944,4.54992
BTC,weekly,otm10,h30,0.3,30,weekly_otm10_h30,batch_years_otm10_2020_2026,114,2022,2022-03-18T08:00:00.000Z,2022-03-25T08:00:00.000Z,40598,43967.5,25890.955983,27589.342875,0.63774,0.191322,2148.863889,194.18217,-644.659167,1698.386892,6.559769,9.04967
BTC,weekly,otm10,h30,0.3,30,weekly_otm10_h30,batch_years_otm10_2020_2026,115,2022,2022-03-25T08:00:00.000Z,2022-04-01T08:00:00.000Z,43967.5,45017.5,27589.342875,28222.546343,0.627494,0.188248,658.86871,171.995371,-197.660613,633.203468,2.295102,3.01154
BTC,weekly,otm10,h30,0.3,30,weekly_otm10_h30,batch_years_otm10_2020_2026,116,2022,2022-04-01T08:00:00.000Z,2022-04-08T08:00:00.000Z,45017.5,43759.5,28222.546343,27717.623052,0.626924,0.188077,-788.670257,47.145889,236.601077,-504.923291,-1.789078,-2.627418
BTC,weekly,otm10,h30,0.3,30,weekly_otm10_h30,batch_years_otm10_2020_2026,117,2022,2022-04-08T08:00:00.000Z,2022-04-15T08:00:00.000Z,43759.5,40233,27717.623052,26237.176283,0.633408,0.190022,-2233.713769,83.152869,670.114131,-1480.446769,-5.341175,-7.758822
BTC,weekly,otm10,h30,0.3,30,weekly_otm10_h30,batch_years_otm10_2020_2026,118,2022,2022-04-15T08:00:00.000Z,2022-04-22T08:00:00.000Z,40233,40734.5,26237.176283,26531.699722,0.652131,0.195639,327.043569,65.592941,-98.113071,294.523439,1.122542,1.496489
BTC,weekly,otm10,h30,0.3,30,weekly_otm10_h30,batch_years_otm10_2020_2026,119,2022,2022-04-22T08:00:00.000Z,2022-04-29T08:00:00.000Z,40734.5,39629,26531.699722,26093.995392,0.651332,0.1954,-720.04797,66.329249,216.014391,-437.70433,-1.649741,-2.463916
BTC,weekly,otm10,h30,0.3,30,weekly_otm10_h30,batch_years_otm10_2020_2026,120,2022,2022-04-29T08:00:00.000Z,2022-05-06T08:00:00.000Z,39629,36356.5,26093.995392,24659.565813,0.658457,0.197537,-2154.800775,73.930964,646.440233,-1434.429579,-5.497163,-7.974516
BTC,weekly,otm10,h30,0.3,30,weekly_otm10_h30,batch_years_otm10_2020_2026,121,2022,2022-05-06T08:00:00.000Z,2022-05-13T08:00:00.000Z,36356.5,30117.5,24659.565813,21795.990393,0.678271,0.203481,-4231.733833,98.638263,1269.52015,-2863.57542,-11.612432,-16.760618
BTC,weekly,otm10,h30,0.3,30,weekly_otm10_h30,batch_years_otm10_2020_2026,122,2022,2022-05-13T08:00:00.000Z,2022-05-20T08:00:00.000Z,30117.5,30260,21795.990393,22118.833211,0.723699,0.21711,103.12704,250.65389,-30.938112,322.842818,1.481203,1.623147
BTC,weekly,otm10,h30,0.3,30,weekly_otm10_h30,batch_years_otm10_2020_2026,123,2022,2022-05-20T08:00:00.000Z,2022-05-27T08:00:00.000Z,30260,28958,22118.833211,21640.646843,0.730959,0.219288,-951.709215,188.010082,285.512764,-478.186368,-2.161897,-3.45271
BTC,weekly,otm10,h30,0.3,30,weekly_otm10_h30,batch_years_otm10_2020_2026,124,2022,2022-05-27T08:00:00.000Z,2022-06-03T08:00:00.000Z,28958,30460,21640.646843,22594.743916,0.747312,0.224193,1122.461895,168.373746,-336.738569,954.097073,4.40882,5.964866
BTC,weekly,otm10,h30,0.3,30,weekly_otm10_h30,batch_years_otm10_2020_2026,125,2022,2022-06-03T08:00:00.000Z,2022-06-10T08:00:00.000Z,30460,30054,22594.743916,22451.713104,0.741784,0.222535,-301.164348,67.784232,90.349304,-143.030812,-0.633027,-1.032896
BTC,weekly,otm10,h30,0.3,30,weekly_otm10_h30,batch_years_otm10_2020_2026,126,2022,2022-06-10T08:00:00.000Z,2022-06-17T08:00:00.000Z,30054,21064,22451.713104,17885.26445,0.747046,0.224114,-6715.941332,134.710279,2014.7824,-4566.448654,-20.338977,-29.312824
BTC,weekly,otm10,h30,0.3,30,weekly_otm10_h30,batch_years_otm10_2020_2026,127,2022,2022-06-17T08:00:00.000Z,2022-06-24T08:00:00.000Z,21064,20924,17885.26445,18141.873502,0.849092,0.254727,-118.872817,339.820025,35.661845,256.609052,1.434751,1.235359
BTC,weekly,otm10,h30,0.3,30,weekly_otm10_h30,batch_years_otm10_2020_2026,128,2022,2022-06-24T08:00:00.000Z,2022-07-01T08:00:00.000Z,20924,19550.5,18141.873502,17963.466326,0.867037,0.260111,-1190.874749,655.205148,357.262425,-178.407177,-0.9834,-2.95267
BTC,weekly,otm10,h30,0.3,30,weekly_otm10_h30,batch_years_otm10_2020_2026,129,2022,2022-07-01T08:00:00.000Z,2022-07-08T08:00:00.000Z,19550.5,21796.5,17963.466326,19674.591302,0.918824,0.275647,2063.678441,266.550067,-619.103532,1711.124976,9.525583,12.972043
BTC,weekly,otm10,h30,0.3,30,weekly_otm10_h30,batch_years_otm10_2020_2026,130,2022,2022-07-08T08:00:00.000Z,2022-07-15T08:00:00.000Z,21796.5,20817.5,19674.591302,19213.402598,0.902649,0.270795,-883.693478,157.39673,265.108043,-461.188704,-2.344083,-3.691547
BTC,weekly,otm10,h30,0.3,30,weekly_otm10_h30,batch_years_otm10_2020_2026,131,2022,2022-07-15T08:00:00.000Z,2022-07-22T08:00:00.000Z,20817.5,23142,19213.402598,20683.160983,0.922945,0.276883,2145.385101,-32.011185,-643.61553,1469.758385,7.649652,10.999478
BTC,weekly,otm10,h30,0.3,30,weekly_otm10_h30,batch_years_otm10_2020_2026,132,2022,2022-07-22T08:00:00.000Z,2022-07-29T08:00:00.000Z,23142,23977,20683.160983,21484.780493,0.89375,0.268125,746.281195,279.222673,-223.884359,801.61951,3.875711,4.958158
BTC,weekly,otm10,h30,0.3,30,weekly_otm10_h30,batch_years_otm10_2020_2026,133,2022,2022-07-29T08:00:00.000Z,2022-08-05T08:00:00.000Z,23977,23191.5,21484.780493,21287.697411,0.896058,0.268817,-703.853488,295.614359,211.156046,-197.083082,-0.917315,-1.900132
BTC,weekly,otm10,h30,0.3,30,weekly_otm10_h30,batch_years_otm10_2020_2026,134,2022,2022-08-05T08:00:00.000Z,2022-08-12T08:00:00.000Z,23191.5,23998.5,21287.697411,21902.019108,0.917909,0.275373,740.75294,95.794638,-222.225882,614.321696,2.885806,3.929723
BTC,weekly,otm10,h30,0.3,30,weekly_otm10_h30,batch_years_otm10_2020_2026,135,2022,2022-08-12T08:00:00.000Z,2022-08-19T08:00:00.000Z,23998.5,21895.5,21902.019108,20733.736195,0.912641,0.273792,-1919.28438,175.216153,575.785314,-1168.282913,-5.334133,-7.963048
BTC,weekly,otm10,h30,0.3,30,weekly_otm10_h30,batch_years_otm10_2020_2026,136,2022,2022-08-19T08:00:00.000Z,2022-08-26T08:00:00.000Z,21895.5,21449,20733.736195,20655.474165,0.946941,0.284082,-422.808943,217.70423,126.842683,-78.26203,-0.377462,-0.989232
BTC,weekly,otm10,h30,0.3,30,weekly_otm10_h30,batch_years_otm10_2020_2026,137,2022,2022-08-26T08:00:00.000Z,2022-09-02T08:00:00.000Z,21449,20120,20655.474165,19801.31698,0.963004,0.288901,-1279.832401,41.725496,383.94972,-854.157185,-4.135258,-5.994086
BTC,weekly,otm10,h30,0.3,30,weekly_otm10_h30,batch_years_otm10_2020_2026,138,2022,2022-09-02T08:00:00.000Z,2022-09-09T08:00:00.000Z,20120,20643.5,19801.31698,20242.351981,0.984161,0.295248,515.208223,80.389245,-154.562467,441.035001,2.227301,3.007868
BTC,weekly,otm10,h30,0.3,30,weekly_otm10_h30,batch_years_otm10_2020_2026,139,2022,2022-09-09T08:00:00.000Z,2022-09-16T08:00:00.000Z,20643.5,19734.5,20242.351981,19780.355487,0.980568,0.29417,-891.336157,161.938816,267.400847,-461.996494,-2.282326,-3.603323
BTC,weekly,otm10,h30,0.3,30,weekly_otm10_h30,batch_years_otm10_2020_2026,140,2022,2022-09-16T08:00:00.000Z,2022-09-23T08:00:00.000Z,19734.5,19210,19780.355487,19511.254147,1.002324,0.300697,-525.718739,98.901777,157.715622,-269.10134,-1.360447,-2.157782
BTC,weekly,otm10,h30,0.3,30,weekly_otm10_h30,batch_years_otm10_2020_2026,141,2022,2022-09-23T08:00:00.000Z,2022-09-30T08:00:00.000Z,19210,19564,19511.254147,19880.00771,1.015682,0.304705,359.551482,117.067525,-107.865445,368.753562,1.889953,2.44279
BTC,weekly,otm10,h30,0.3,30,weekly_otm10_h30,batch_years_otm10_2020_2026,142,2022,2022-09-30T08:00:00.000Z,2022-10-07T08:00:00.000Z,19564,19940,19880.00771,20248.047926,1.016153,0.304846,382.073344,100.588876,-114.622003,368.040217,1.851308,2.427877
BTC,weekly,otm10,h30,0.3,30,weekly_otm10_h30,batch_years_otm10_2020_2026,143,2022,2022-10-07T08:00:00.000Z,2022-10-14T08:00:00.000Z,19940,19643.5,20248.047926,20128.407755,1.015449,0.304635,-301.080552,91.116216,90.324166,-119.640171,-0.590873,-1.036961
BTC,weekly,otm10,h30,0.3,30,weekly_otm10_h30,batch_years_otm10_2020_2026,144,2022,2022-10-14T08:00:00.000Z,2022-10-21T08:00:00.000Z,19643.5,19031.5,20128.407755,19729.689343,1.024685,0.307406,-627.107468,40.256816,188.13224,-398.718412,-1.980874,-2.915534
BTC,weekly,otm10,h30,0.3,30,weekly_otm10_h30,batch_years_otm10_2020_2026,145,2022,2022-10-21T08:00:00.000Z,2022-10-28T08:00:00.000Z,19031.5,20092,19729.689343,20538.732564,1.036686,0.311006,1099.405488,39.459379,-329.821646,809.04322,4.100638,5.772341
BTC,weekly,otm10,h30,0.3,30,weekly_otm10_h30,batch_years_otm10_2020_2026,146,2022,2022-10-28T08:00:00.000Z,2022-11-04T08:00:00.000Z,20092,20629,20538.732564,20938.990197,1.022234,0.30667,548.939846,15.999741,-164.681954,400.257634,1.948794,2.750606
BTC,weekly,otm10,h30,0.3,30,weekly_otm10_h30,batch_years_otm10_2020_2026,147,2022,2022-11-04T08:00:00.000Z,2022-11-11T08:00:00.000Z,20629,17276,20938.990197,18577.559519,1.015027,0.304508,-3403.385241,20.93899,1021.015572,-2361.430678,-11.277672,-16.153817
BTC,weekly,otm10,h30,0.3,30,weekly_otm10_h30,batch_years_otm10_2020_2026,148,2022,2022-11-11T08:00:00.000Z,2022-11-18T08:00:00.000Z,17276,16731,18577.559519,18315.938101,1.075339,0.322602,-586.059848,148.620476,175.817954,-261.621418,-1.408266,-2.354665
BTC,weekly,otm10,h30,0.3,30,weekly_otm10_h30,batch_years_otm10_2020_2026,149,2022,2022-11-18T08:00:00.000Z,2022-11-25T08:00:00.000Z,16731,16456,18315.938101,18270.045899,1.094731,0.328419,-301.050922,164.843443,90.315277,-45.892203,-0.250559,-0.743655
BTC,weekly,otm10,h30,0.3,30,weekly_otm10_h30,batch_years_otm10_2020_2026,150,2022,2022-11-25T08:00:00.000Z,2022-12-02T08:00:00.000Z,16456,16959.5,18270.045899,18789.166291,1.110236,0.333071,559.003896,127.817665,-167.701169,519.120392,2.841374,3.759277
BTC,weekly,otm10,h30,0.3,30,weekly_otm10_h30,batch_years_otm10_2020_2026,151,2022,2022-12-02T08:00:00.000Z,2022-12-09T08:00:00.000Z,16959.5,17203.5,18789.166291,18989.22689,1.107884,0.332365,270.323805,10.833935,-81.097142,200.060599,1.064766,1.496382
BTC,weekly,otm10,h30,0.3,30,weekly_otm10_h30,batch_years_otm10_2020_2026,152,2022,2022-12-09T08:00:00.000Z,2022-12-16T08:00:00.000Z,17203.5,17512.5,18989.22689,19265.957329,1.1038,0.33114,341.074264,37.978454,-102.322279,276.730439,1.457302,1.996146
BTC,weekly,otm10,h30,0.3,30,weekly_otm10_h30,batch_years_otm10_2020_2026,153,2022,2022-12-16T08:00:00.000Z,2022-12-23T08:00:00.000Z,17512.5,16846,19265.957329,18781.59246,1.100126,0.330038,-733.234008,28.898936,219.970202,-484.364869,-2.514097,-3.655853
BTC,weekly,otm10,h30,0.3,30,weekly_otm10_h30,batch_years_otm10_2020_2026,154,2022,2022-12-23T08:00:00.000Z,2022-12-30T08:00:00.000Z,16846,16467.5,18781.59246,18514.372297,1.114899,0.33447,-421.989359,28.172389,126.596808,-267.220163,-1.422777,-2.096824
BTC,weekly,otm10,h30,0.3,30,weekly_otm10_h30,batch_years_otm10_2020_2026,155,2023,2023-01-06T08:00:00.000Z,2023-01-13T08:00:00.000Z,16783,18843,18514.372297,19233.92588,1.103162,0.330949,2272.514266,-871.206403,-681.75428,719.553583,3.88646,7.580127
BTC,weekly,otm10,h30,0.3,30,weekly_otm10_h30,batch_years_otm10_2020_2026,156,2023,2023-01-13T08:00:00.000Z,2023-01-20T08:00:00.000Z,18843,20950,19233.92588,20777.892712,1.020746,0.306224,2150.712829,38.467852,-645.213849,1543.966832,8.02731,11.381871
BTC,weekly,otm10,h30,0.3,30,weekly_otm10_h30,batch_years_otm10_2020_2026,157,2023,2023-01-20T08:00:00.000Z,2023-01-27T08:00:00.000Z,20950,23089,20777.892712,22303.064421,0.991785,0.297535,2121.427805,40.172246,-636.428341,1525.171709,7.340358,10.403365
BTC,weekly,otm10,h30,0.3,30,weekly_otm10_h30,batch_years_otm10_2020_2026,158,2023,2023-01-27T08:00:00.000Z,2023-02-03T08:00:00.000Z,23089,23449.5,22303.064421,22760.49765,0.965961,0.289788,348.228798,213.67307,-104.468639,457.433229,2.050988,2.519393
BTC,weekly,otm10,h30,0.3,30,weekly_otm10_h30,batch_years_otm10_2020_2026,159,2023,2023-02-03T08:00:00.000Z,2023-02-10T08:00:00.000Z,23449.5,21912.5,22760.49765,21818.632403,0.970618,0.291185,-1491.839267,102.422239,447.55178,-941.865247,-4.138158,-6.104511
BTC,weekly,otm10,h30,0.3,30,weekly_otm10_h30,batch_years_otm10_2020_2026,160,2023,2023-02-10T08:00:00.000Z,2023-02-17T08:00:00.000Z,21912.5,23646.5,21818.632403,23070.870056,0.995716,0.298715,1726.571983,43.637265,-517.971595,1252.237653,5.739304,8.113292
BTC,weekly,otm10,h30,0.3,30,weekly_otm10_h30,batch_years_otm10_2020_2026,161,2023,2023-02-17T08:00:00.000Z,2023-02-24T08:00:00.000Z,23646.5,23854,23070.870056,23327.938566,0.975657,0.292697,202.448799,115.35435,-60.73464,257.06851,1.114256,1.377508
BTC,weekly,otm10,h30,0.3,30,weekly_otm10_h30,batch_years_otm10_2020_2026,162,2023,2023-02-24T08:00:00.000Z,2023-03-03T08:00:00.000Z,23854,22350.5,23327.938566,22406.368731,0.977947,0.293384,-1470.342736,107.670081,441.102821,-921.569834,-3.950498,-5.841376
BTC,weekly,otm10,h30,0.3,30,weekly_otm10_h30,batch_years_otm10_2020_2026,163,2023,2023-03-03T08:00:00.000Z,2023-03-10T08:00:00.000Z,22350.5,19940.5,22406.368731,20759.964536,1.0025,0.30075,-2416.024189,44.812737,724.807257,-1646.404195,-7.34793,-10.582757
BTC,weekly,otm10,h30,0.3,30,weekly_otm10_h30,batch_years_otm10_2020_2026,164,2023,2023-03-10T08:00:00.000Z,2023-03-17T08:00:00.000Z,19940.5,26178,20759.964536,21093.928708,1.041095,0.312329,6493.833093,-4211.718994,-1948.149928,333.964172,1.608693,10.992861
BTC,weekly,otm10,h30,0.3,30,weekly_otm10_h30,batch_years_otm10_2020_2026,165,2023,2023-03-17T08:00:00.000Z,2023-03-24T08:00:00.000Z,26178,28349.5,21093.928708,22508.612722,0.805788,0.241737,1749.769508,189.845358,-524.930853,1414.684014,6.706593,9.195133
BTC,weekly,otm10,h30,0.3,30,weekly_otm10_h30,batch_years_otm10_2020_2026,166,2023,2023-03-24T08:00:00.000Z,2023-03-31T08:00:00.000Z,28349.5,27737,22508.612722,22359.521895,0.793969,0.238191,-486.305765,191.323208,145.89173,-149.090828,-0.662372,-1.310532
BTC,weekly,otm10,h30,0.3,30,weekly_otm10_h30,batch_years_otm10_2020_2026,167,2023,2023-03-31T08:00:00.000Z,2023-04-07T08:00:00.000Z,27737,27844.5,22359.521895,22535.948832,0.806126,0.241838,86.658565,115.765942,-25.997569,176.426937,0.789046,0.905317
BTC,weekly,otm10,h30,0.3,30,weekly_otm10_h30,batch_years_otm10_2020_2026,168,2023,2023-04-07T08:00:00.000Z,2023-04-14T08:00:00.000Z,27844.5,30773,22535.948832,24251.41594,0.80935,0.242805,2370.181765,56.339872,-711.054529,1715.467108,7.612136,10.767337
BTC,weekly,otm10,h30,0.3,30,weekly_otm10_h30,batch_years_otm10_2020_2026,169,2023,2023-04-14T08:00:00.000Z,2023-04-21T08:00:00.000Z,30773,28165,24251.41594,22921.838543,0.788074,0.236422,-2055.298241,109.131372,616.589472,-1329.577397,-5.482473,-8.024962
BTC,weekly,otm10,h30,0.3,30,weekly_otm10_h30,batch_years_otm10_2020_2026,170,2023,2023-04-21T08:00:00.000Z,2023-04-28T08:00:00.000Z,28165,29505,22921.838543,23753.987142,0.813841,0.244152,1090.547262,68.765516,-327.164179,832.148599,3.630375,5.057678
BTC,weekly,otm10,h30,0.3,30,weekly_otm10_h30,batch_years_otm10_2020_2026,171,2023,2023-04-28T08:00:00.000Z,2023-05-05T08:00:00.000Z,29505,29069,23753.987142,23628.157923,0.805083,0.241525,-351.016383,119.882249,105.304915,-125.829219,-0.529718,-0.973033
BTC,weekly,otm10,h30,0.3,30,weekly_otm10_h30,batch_years_otm10_2020_2026,172,2023,2023-05-05T08:00:00.000Z,2023-05-12T08:00:00.000Z,29069,26298,23628.157923,22134.209947,0.81283,0.243849,-2252.352183,82.698553,675.705655,-1493.947975,-6.322744,-9.182492
BTC,weekly,otm10,h30,0.3,30,weekly_otm10_h30,batch_years_otm10_2020_2026,173,2023,2023-05-12T08:00:00.000Z,2023-05-19T08:00:00.000Z,26298,26869.5,22134.209947,22526.255134,0.841669,0.252501,481.013803,55.335525,-144.304141,392.045187,1.771218,2.423169
BTC,weekly,otm10,h30,0.3,30,weekly_otm10_h30,batch_years_otm10_2020_2026,174,2023,2023-05-19T08:00:00.000Z,2023-05-26T08:00:00.000Z,26869.5,26517,22526.255134,22353.179728,0.838358,0.251507,-295.521127,33.789383,88.656338,-173.075407,-0.768327,-1.161896
BTC,weekly,otm10,h30,0.3,30,weekly_otm10_h30,batch_years_otm10_2020_2026,175,2023,2023-05-26T08:00:00.000Z,2023-06-02T08:00:00.000Z,26517,27059,22353.179728,22689.47994,0.842975,0.252893,456.892688,16.47533,-137.067806,336.300212,1.504485,2.117676
BTC,weekly,otm10,h30,0.3,30,weekly_otm10_h30,batch_years_otm10_2020_2026,176,2023,2023-06-02T08:00:00.000Z,2023-06-09T08:00:00.000Z,27059,26509.5,22689.47994,22372.083713,0.838519,0.251556,-460.766075,5.140027,138.229823,-317.396226,-1.39887,-2.008094
BTC,weekly,otm10,h30,0.3,30,weekly_otm10_h30,batch_years_otm10_2020_2026,177,2023,2023-06-09T08:00:00.000Z,2023-06-16T08:00:00.000Z,26509.5,25513,22372.083713,21816.960536,0.843927,0.253178,-840.97329,33.558126,252.291987,-555.123177,-2.481321,-3.60903
BTC,weekly,otm10,h30,0.3,30,weekly_otm10_h30,batch_years_otm10_2020_2026,178,2023,2023-06-16T08:00:00.000Z,2023-06-23T08:00:00.000Z,25513,29937,21816.960536,22811.152664,0.855131,0.256539,3783.100122,-1653.977958,-1134.930037,994.192128,4.556969,9.759023
BTC,weekly,otm10,h30,0.3,30,weekly_otm10_h30,batch_years_otm10_2020_2026,179,2023,2023-06-23T08:00:00.000Z,2023-06-30T08:00:00.000Z,29937,30765,22811.152664,23332.630609,0.761972,0.228592,630.91273,79.839034,-189.273819,521.477946,2.286066,3.115808
BTC,weekly,otm10,h30,0.3,30,weekly_otm10_h30,batch_years_otm10_2020_2026,180,2023,2023-06-30T08:00:00.000Z,2023-07-07T08:00:00.000Z,30765,30018,23332.630609,22975.698299,0.758415,0.227524,-566.535838,39.642777,169.960751,-356.93231,-1.529756,-2.258181
BTC,weekly,otm10,h30,0.3,30,weekly_otm10_h30,batch_years_otm10_2020_2026,181,2023,2023-07-07T08:00:00.000Z,2023-07-14T08:00:00.000Z,30018,31118,22975.698299,23638.57651,0.765397,0.229619,841.937109,73.522235,-252.581133,662.878211,2.885128,3.984468
BTC,weekly,otm10,h30,0.3,30,weekly_otm10_h30,batch_years_otm10_2020_2026,182,2023,2023-07-14T08:00:00.000Z,2023-07-21T08:00:00.000Z,31118,29772.5,23638.57651,22998.750025,0.759643,0.227893,-1022.0999,75.643445,306.62997,-639.826485,-2.706705,-4.003864
BTC,weekly,otm10,h30,0.3,30,weekly_otm10_h30,batch_years_otm10_2020_2026,183,2023,2023-07-21T08:00:00.000Z,2023-07-28T08:00:00.000Z,29772.5,29135,22998.750025,22690.827487,0.772483,0.231745,-492.457911,36.798,147.737373,-307.922537,-1.338866,-1.981238
BTC,weekly,otm10,h30,0.3,30,weekly_otm10_h30,batch_years_otm10_2020_2026,184,2023,2023-07-28T08:00:00.000Z,2023-08-04T08:00:00.000Z,29135,29199,22690.827487,22727.283464,0.778817,0.233645,49.844275,1.564984,-14.953283,36.455977,0.160664,0.226564
BTC,weekly,otm10,h30,0.3,30,weekly_otm10_h30,batch_years_otm10_2020_2026,185,2023,2023-08-04T08:00:00.000Z,2023-08-11T08:00:00.000Z,29199,29385.5,22727.283464,22856.170878,0.778358,0.233507,145.16382,27.27274,-43.549146,128.887414,0.567104,0.758721
BTC,weekly,otm10,h30,0.3,30,weekly_otm10_h30,batch_years_otm10_2020_2026,186,2023,2023-08-11T08:00:00.000Z,2023-08-18T08:00:00.000Z,29385.5,26404.5,22856.170878,21269.696333,0.777804,0.233341,-2318.634884,36.569873,695.590465,-1586.474545,-6.941121,-9.984459
BTC,weekly,otm10,h30,0.3,30,weekly_otm10_h30,batch_years_otm10_2020_2026,187,2023,2023-08-18T08:00:00.000Z,2023-08-25T08:00:00.000Z,26404.5,25962,21269.696333,21088.245511,0.805533,0.24166,-356.448356,68.063028,106.934507,-181.450821,-0.853095,-1.355851
BTC,weekly,otm10,h30,0.3,30,weekly_otm10_h30,batch_years_otm10_2020_2026,188,2023,2023-08-25T08:00:00.000Z,2023-09-01T08:00:00.000Z,25962,25975,21088.245511,21158.204159,0.812274,0.243682,10.559556,62.566958,-3.167867,69.958647,0.331742,0.346764
BTC,weekly,otm10,h30,0.3,30,weekly_otm10_h30,batch_years_otm10_2020_2026,189,2023,2023-09-01T08:00:00.000Z,2023-09-08T08:00:00.000Z,25975,26254.5,21158.204159,21323.606641,0.81456,0.244368,227.669608,6.033756,-68.300882,165.402482,0.781742,1.104552
BTC,weekly,otm10,h30,0.3,30,weekly_otm10_h30,batch_years_otm10_2020_2026,190,2023,2023-09-08T08:00:00.000Z,2023-09-15T08:00:00.000Z,26254.5,26578,21323.606641,21530.982725,0.812189,0.243657,262.743025,23.455967,-78.822907,207.376085,0.972519,1.34217
BTC,weekly,otm10,h30,0.3,30,weekly_otm10_h30,batch_years_otm10_2020_2026,191,2023,2023-09-15T08:00:00.000Z,2023-09-22T08:00:00.000Z,26578,26676.5,21530.982725,21621.289069,0.810105,0.243032,79.795387,34.449572,-23.938616,90.306343,0.419425,0.530607
BTC,weekly,otm10,h30,0.3,30,weekly_otm10_h30,batch_years_otm10_2020_2026,192,2023,2023-09-22T08:00:00.000Z,2023-09-29T08:00:00.000Z,26676.5,27172.5,21621.289069,21937.288547,0.810499,0.24315,402.007736,34.594063,-120.602321,315.999478,1.46152,2.019314
BTC,weekly,otm10,h30,0.3,30,weekly_otm10_h30,batch_years_otm10_2020_2026,193,2023,2023-09-29T08:00:00.000Z,2023-10-06T08:00:00.000Z,27172.5,27646,21937.288547,22206.352636,0.807334,0.2422,382.272744,1.473168,-114.681823,269.064089,1.226515,1.749286
BTC,weekly,otm10,h30,0.3,30,weekly_otm10_h30,batch_years_otm10_2020_2026,194,2023,2023-10-06T08:00:00.000Z,2023-10-13T08:00:00.000Z,27646,26873,22206.352636,21791.705588,0.803239,0.240972,-620.903949,19.985717,186.271185,-414.647047,-1.867245,-2.706065
BTC,weekly,otm10,h30,0.3,30,weekly_otm10_h30,batch_years_otm10_2020_2026,195,2023,2023-10-13T08:00:00.000Z,2023-10-20T08:00:00.000Z,26873,29273.5,21791.705588,23171.759147,0.810915,0.243274,1946.600278,17.433364,-583.980083,1380.053559,6.33293,9.012758
BTC,weekly,otm10,h30,0.3,30,weekly_otm10_h30,batch_years_otm10_2020_2026,196,2023,2023-10-20T08:00:00.000Z,2023-10-27T08:00:00.000Z,29273.5,33970,23171.759147,24224.270181,0.791561,0.237468,3717.56595,-1549.785131,-1115.269785,1052.511034,4.542215,9.355271
BTC,weekly,otm10,h30,0.3,30,weekly_otm10_h30,batch_years_otm10_2020_2026,197,2023,2023-10-27T08:00:00.000Z,2023-11-03T08:00:00.000Z,33970,34492,24224.270181,24778.832632,0.713108,0.213932,372.242244,293.99288,-111.672673,554.56245,2.289284,2.750279
BTC,weekly,otm10,h30,0.3,30,weekly_otm10_h30,batch_years_otm10_2020_2026,198,2023,2023-11-03T08:00:00.000Z,2023-11-10T08:00:00.000Z,34492,36465.5,24778.832632,25895.151657,0.718394,0.215518,1417.749803,123.894163,-425.324941,1116.319025,4.505132,6.221617
BTC,weekly,otm10,h30,0.3,30,weekly_otm10_h30,batch_years_otm10_2020_2026,199,2023,2023-11-10T08:00:00.000Z,2023-11-17T08:00:00.000Z,36465.5,36250.5,25895.151657,25995.438693,0.710127,0.213038,-152.677397,207.161213,45.803219,100.287036,0.387281,0.210402
BTC,weekly,otm10,h30,0.3,30,weekly_otm10_h30,batch_years_otm10_2020_2026,200,2023,2023-11-17T08:00:00.000Z,2023-11-24T08:00:00.000Z,36250.5,37562,25995.438693,26783.754736,0.717106,0.215132,940.484072,129.977193,-282.145222,788.316044,3.032517,4.117881
BTC,weekly,otm10,h30,0.3,30,weekly_otm10_h30,batch_years_otm10_2020_2026,201,2023,2023-11-24T08:00:00.000Z,2023-12-01T08:00:00.000Z,37562,38282,26783.754736,27207.56734,0.713055,0.213916,513.399271,64.433114,-154.019781,423.812603,1.582349,2.157399
BTC,weekly,otm10,h30,0.3,30,weekly_otm10_h30,batch_years_otm10_2020_2026,202,2023,2023-12-01T08:00:00.000Z,2023-12-08T08:00:00.000Z,38282,43194.5,27207.56734,28811.827885,0.710714,0.213214,3491.38432,-839.708479,-1047.415296,1604.260545,5.896376,9.746097
BTC,weekly,otm10,h30,0.3,30,weekly_otm10_h30,batch_years_otm10_2020_2026,203,2023,2023-12-08T08:00:00.000Z,2023-12-15T08:00:00.000Z,43194.5,42749,28811.827885,28693.132686,0.667025,0.200108,-297.159808,89.316666,89.147942,-118.695199,-0.411967,-0.721381
BTC,weekly,otm10,h30,0.3,30,weekly_otm10_h30,batch_years_otm10_2020_2026,204,2023,2023-12-15T08:00:00.000Z,2023-12-22T08:00:00.000Z,42749,43615.5,28693.132686,29180.589873,0.6712,0.20136,581.594879,80.340772,-174.478464,487.457187,1.698864,2.306948
BTC,weekly,otm10,h30,0.3,30,weekly_otm10_h30,batch_years_otm10_2020_2026,205,2023,2023-12-22T08:00:00.000Z,2023-12-29T08:00:00.000Z,43615.5,42343.5,29180.589873,28716.187765,0.669042,0.200713,-851.021089,131.312654,255.306327,-464.402108,-1.591476,-2.466394
BTC,weekly,otm10,h30,0.3,30,weekly_otm10_h30,batch_years_otm10_2020_2026,206,2024,2024-01-05T08:00:00.000Z,2024-01-12T08:00:00.000Z,43847.5,46046.5,28716.187765,30169.392394,0.65491,0.196473,1440.14817,445.10091,-432.044451,1453.20463,5.060576,6.66847
BTC,weekly,otm10,h30,0.3,30,weekly_otm10_h30,batch_years_otm10_2020_2026,207,2024,2024-01-12T08:00:00.000Z,2024-01-19T08:00:00.000Z,46046.5,41231,30169.392394,28057.373618,0.655194,0.196558,-3155.086903,96.542056,946.526071,-2112.018776,-7.000535,-10.137907
BTC,weekly,otm10,h30,0.3,30,weekly_otm10_h30,batch_years_otm10_2020_2026,208,2024,2024-01-19T08:00:00.000Z,2024-01-26T08:00:00.000Z,41231,39984,28057.373618,27539.126891,0.680492,0.204148,-848.573765,75.754909,254.572129,-518.246727,-1.847096,-2.754423
BTC,weekly,otm10,h30,0.3,30,weekly_otm10_h30,batch_years_otm10_2020_2026,209,2024,2024-01-26T08:00:00.000Z,2024-02-02T08:00:00.000Z,39984,43082,27539.126891,29108.576354,0.688754,0.206626,2133.758881,75.818246,-640.127664,1569.449463,5.69898,8.02341
BTC,weekly,otm10,h30,0.3,30,weekly_otm10_h30,batch_years_otm10_2020_2026,210,2024,2024-02-02T08:00:00.000Z,2024-02-09T08:00:00.000Z,43082,46235.5,29108.576354,30658.814987,0.675655,0.202697,2130.678602,58.763611,-639.203581,1550.238633,5.325711,7.52164
BTC,weekly,otm10,h30,0.3,30,weekly_otm10_h30,batch_years_otm10_2020_2026,211,2024,2024-02-09T08:00:00.000Z,2024-02-16T08:00:00.000Z,46235.5,51810,30658.814987,32123.480418,0.663101,0.19893,3696.457574,-1122.854871,-1108.937272,1464.665431,4.777306,8.394332
BTC,weekly,otm10,h30,0.3,30,weekly_otm10_h30,batch_years_otm10_2020_2026,212,2024,2024-02-16T08:00:00.000Z,2024-02-23T08:00:00.000Z,51810,50885.5,32123.480418,31898.910567,0.620025,0.186007,-573.212848,176.679142,171.963854,-224.569851,-0.699083,-1.234405
BTC,weekly,otm10,h30,0.3,30,weekly_otm10_h30,batch_years_otm10_2020_2026,213,2024,2024-02-23T08:00:00.000Z,2024-03-01T08:00:00.000Z,50885.5,61473.5,31898.910567,33141.187802,0.626876,0.188063,6637.365558,-3403.878655,-1991.209667,1242.277235,3.894419,10.136669
BTC,weekly,otm10,h30,0.3,30,weekly_otm10_h30,batch_years_otm10_2020_2026,214,2024,2024-03-01T08:00:00.000Z,2024-03-08T08:00:00.000Z,61473.5,67418.5,33141.187802,35551.132205,0.539113,0.161734,3205.029183,166.423975,-961.508755,2409.944403,7.27175,10.173
BTC,weekly,otm10,h30,0.3,30,weekly_otm10_h30,batch_years_otm10_2020_2026,215,2024,2024-03-08T08:00:00.000Z,2024-03-15T08:00:00.000Z,67418.5,68388.5,35551.132205,36282.469462,0.52732,0.158196,511.500526,373.286888,-153.450158,731.337257,2.057142,2.488774
BTC,weekly,otm10,h30,0.3,30,weekly_otm10_h30,batch_years_otm10_2020_2026,216,2024,2024-03-15T08:00:00.000Z,2024-03-22T08:00:00.000Z,68388.5,66196,36282.469462,35867.338559,0.530535,0.15916,-1163.197238,399.107164,348.959171,-415.130902,-1.144164,-2.105948
BTC,weekly,otm10,h30,0.3,30,weekly_otm10_h30,batch_years_otm10_2020_2026,217,2024,2024-03-22T08:00:00.000Z,2024-03-29T08:00:00.000Z,66196,69789,35867.338559,37499.113905,0.541835,0.162551,1946.814724,269.005039,-584.044417,1631.775346,4.549474,6.17782
BTC,weekly,otm10,h30,0.3,30,weekly_otm10_h30,batch_years_otm10_2020_2026,218,2024,2024-03-29T08:00:00.000Z,2024-04-05T08:00:00.000Z,69789,66899.5,37499.113905,36747.37529,0.537321,0.161196,-1552.589801,335.074246,465.77694,-751.738615,-2.004684,-3.246785
BTC,weekly,otm10,h30,0.3,30,weekly_otm10_h30,batch_years_otm10_2020_2026,219,2024,2024-04-05T08:00:00.000Z,2024-04-12T08:00:00.000Z,66899.5,70778.5,36747.37529,38459.352724,0.549292,0.164788,2130.704546,220.484252,-639.211364,1711.977434,4.658775,6.39825
BTC,weekly,otm10,h30,0.3,30,weekly_otm10_h30,batch_years_otm10_2020_2026,220,2024,2024-04-12T08:00:00.000Z,2024-04-19T08:00:00.000Z,70778.5,64547.5,38459.352724,36320.064847,0.543376,0.163013,-3385.777133,230.756116,1015.73314,-2139.287877,-5.562465,-8.203521
BTC,weekly,otm10,h30,0.3,30,weekly_otm10_h30,batch_years_otm10_2020_2026,221,2024,2024-04-19T08:00:00.000Z,2024-04-26T08:00:00.000Z,64547.5,64301.5,36320.064847,36640.850823,0.562687,0.168806,-138.4211,417.680746,41.52633,320.785976,0.88322,0.768885
BTC,weekly,otm10,h30,0.3,30,weekly_otm10_h30,batch_years_otm10_2020_2026,222,2024,2024-04-26T08:00:00.000Z,2024-05-03T08:00:00.000Z,64301.5,59144.5,36640.850823,34945.461143,0.569829,0.170949,-2938.607462,361.635544,881.582238,-1695.389679,-4.627048,-7.033057
BTC,weekly,otm10,h30,0.3,30,weekly_otm10_h30,batch_years_otm10_2020_2026,223,2024,2024-05-03T08:00:00.000Z,2024-05-10T08:00:00.000Z,59144.5,63064,34945.461143,36709.820043,0.590849,0.177255,2315.832156,143.276391,-694.749647,1764.3589,5.048893,7.03699
BTC,weekly,otm10,h30,0.3,30,weekly_otm10_h30,batch_years_otm10_2020_2026,224,2024,2024-05-10T08:00:00.000Z,2024-05-17T08:00:00.000Z,63064,66431,36709.820043,38202.923867,0.582104,0.174631,1959.944883,121.142406,-587.983465,1493.103824,4.067314,5.669021
BTC,weekly,otm10,h30,0.3,30,weekly_otm10_h30,batch_years_otm10_2020_2026,225,2024,2024-05-17T08:00:00.000Z,2024-05-24T08:00:00.000Z,66431,67139.5,38202.923867,38591.281078,0.575077,0.172523,407.44188,103.147894,-122.232564,388.357211,1.016564,1.33652
BTC,weekly,otm10,h30,0.3,30,weekly_otm10_h30,batch_years_otm10_2020_2026,226,2024,2024-05-24T08:00:00.000Z,2024-05-31T08:00:00.000Z,67139.5,68113,38591.281078,39071.733374,0.574793,0.172438,559.560499,88.759946,-167.86815,480.452296,1.244976,1.679966
BTC,weekly,otm10,h30,0.3,30,weekly_otm10_h30,batch_years_otm10_2020_2026,227,2024,2024-05-31T08:00:00.000Z,2024-06-07T08:00:00.000Z,68113,71090.5,39071.733374,40307.63845,0.573631,0.172089,1707.986524,40.314509,-512.395957,1235.905076,3.163169,4.474593
BTC,weekly,otm10,h30,0.3,30,weekly_otm10_h30,batch_years_otm10_2020_2026,228,2024,2024-06-07T08:00:00.000Z,2024-06-14T08:00:00.000Z,71090.5,66887,40307.63845,38784.404739,0.566991,0.170097,-2383.344585,145.107498,715.003376,-1523.233711,-3.77902,-5.552886
BTC,weekly,otm10,h30,0.3,30,weekly_otm10_h30,batch_years_otm10_2020_2026,229,2024,2024-06-14T08:00:00.000Z,2024-06-21T08:00:00.000Z,66887,64147,38784.404739,37734.308124,0.57985,0.173955,-1588.78809,62.055048,476.636427,-1050.096616,-2.707523,-3.936461
BTC,weekly,otm10,h30,0.3,30,weekly_otm10_h30,batch_years_otm10_2020_2026,230,2024,2024-06-21T08:00:00.000Z,2024-06-28T08:00:00.000Z,64147,61265.5,37734.308124,36642.119408,0.588247,0.176474,-1695.03498,94.33577,508.510494,-1092.188716,-2.894418,-4.242026
BTC,weekly,otm10,h30,0.3,30,weekly_otm10_h30,batch_years_otm10_2020_2026,231,2024,2024-06-28T08:00:00.000Z,2024-07-05T08:00:00.000Z,61265.5,54349.5,36642.119408,33794.296275,0.598087,0.179426,-4136.371985,47.637257,1240.911595,-2847.823133,-7.771993,-11.158565
BTC,weekly,otm10,h30,0.3,30,weekly_otm10_h30,batch_years_otm10_2020_2026,232,2024,2024-07-05T08:00:00.000Z,2024-07-12T08:00:00.000Z,54349.5,57151,33794.296275,35182.640607,0.621796,0.186539,1741.961214,168.971481,-522.588364,1388.344331,4.108221,5.654601
BTC,weekly,otm10,h30,0.3,30,weekly_otm10_h30,batch_years_otm10_2020_2026,233,2024,2024-07-12T08:00:00.000Z,2024-07-19T08:00:00.000Z,57151,63746.5,35182.640607,37606.086036,0.615608,0.184683,4060.245772,-418.726612,-1218.073732,2423.445429,6.888185,10.350329
BTC,weekly,otm10,h30,0.3,30,weekly_otm10_h30,batch_years_otm10_2020_2026,234,2024,2024-07-19T08:00:00.000Z,2024-07-26T08:00:00.000Z,63746.5,66960,37606.086036,39072.25059,0.589932,0.17698,1895.745766,139.142518,-568.72373,1466.164555,3.898743,5.411061
BTC,weekly,otm10,h30,0.3,30,weekly_otm10_h30,batch_years_otm10_2020_2026,235,2024,2024-07-26T08:00:00.000Z,2024-08-02T08:00:00.000Z,66960,64096,39072.25059,37977.780515,0.583516,0.175055,-1671.190647,75.363377,501.357194,-1094.470075,-2.801144,-4.084298
BTC,weekly,otm10,h30,0.3,30,weekly_otm10_h30,batch_years_otm10_2020_2026,236,2024,2024-08-02T08:00:00.000Z,2024-08-09T08:00:00.000Z,64096,60862.5,37977.780515,36710.827551,0.592514,0.177754,-1915.894179,74.172962,574.768254,-1266.952964,-3.336037,-4.84947
BTC,weekly,otm10,h30,0.3,30,weekly_otm10_h30,batch_years_otm10_2020_2026,237,2024,2024-08-09T08:00:00.000Z,2024-08-16T08:00:00.000Z,60862.5,58485,36710.827551,35864.847679,0.603176,0.180953,-1434.052044,157.856558,430.215613,-845.979872,-2.304442,-3.476346
BTC,weekly,otm10,h30,0.3,30,weekly_otm10_h30,batch_years_otm10_2020_2026,238,2024,2024-08-16T08:00:00.000Z,2024-08-23T08:00:00.000Z,58485,61060.5,35864.847679,37121.044554,0.613232,0.183969,1579.377878,150.63236,-473.813363,1256.196875,3.502585,4.823693
BTC,weekly,otm10,h30,0.3,30,weekly_otm10_h30,batch_years_otm10_2020_2026,239,2024,2024-08-23T08:00:00.000Z,2024-08-30T08:00:00.000Z,61060.5,59300.5,37121.044554,36498.275555,0.607939,0.182382,-1069.972215,126.211551,320.991664,-622.768999,-1.677671,-2.542387
BTC,weekly,otm10,h30,0.3,30,weekly_otm10_h30,batch_years_otm10_2020_2026,240,2024,2024-08-30T08:00:00.000Z,2024-09-06T08:00:00.000Z,59300.5,55758,36498.275555,35082.554203,0.61548,0.184644,-2180.338128,110.515337,654.101438,-1415.721352,-3.878872,-5.671015
BTC,weekly,otm10,h30,0.3,30,weekly_otm10_h30,batch_years_otm10_2020_2026,241,2024,2024-09-06T08:00:00.000Z,2024-09-13T08:00:00.000Z,55758,58100,35082.554203,36324.548853,0.629193,0.188758,1473.570464,210.495325,-442.071139,1241.99465,3.540206,4.800294
BTC,weekly,otm10,h30,0.3,30,weekly_otm10_h30,batch_years_otm10_2020_2026,242,2024,2024-09-13T08:00:00.000Z,2024-09-20T08:00:00.000Z,58100,63532,36324.548853,38803.546136,0.625207,0.187562,3396.126495,101.708737,-1018.837949,2478.997283,6.824578,9.629398
BTC,weekly,otm10,h30,0.3,30,weekly_otm10_h30,batch_years_otm10_2020_2026,243,2024,2024-09-20T08:00:00.000Z,2024-09-27T08:00:00.000Z,63532,65483.5,38803.546136,39781.463905,0.610772,0.183232,1191.920926,143.573121,-357.576278,977.917769,2.520176,3.44168
BTC,weekly,otm10,h30,0.3,30,weekly_otm10_h30,batch_years_otm10_2020_2026,244,2024,2024-09-27T08:00:00.000Z,2024-10-04T08:00:00.000Z,65483.5,61423,39781.463905,38102.283479,0.607504,0.182251,-2466.768487,47.557515,740.030546,-1679.180426,-4.221012,-6.081252
BTC,weekly,otm10,h30,0.3,30,weekly_otm10_h30,batch_years_otm10_2020_2026,245,2024,2024-10-04T08:00:00.000Z,2024-10-11T08:00:00.000Z,61423,60617.5,38102.283479,37843.958149,0.620326,0.186098,-499.672588,91.44548,149.901776,-258.325331,-0.677979,-1.071398
BTC,weekly,otm10,h30,0.3,30,weekly_otm10_h30,batch_years_otm10_2020_2026,246,2024,2024-10-11T08:00:00.000Z,2024-10-18T08:00:00.000Z,60617.5,67978.5,37843.958149,40520.681427,0.624307,0.187292,4595.527297,-540.14583,-1378.658189,2676.723278,7.073053,10.716061
BTC,weekly,otm10,h30,0.3,30,weekly_otm10_h30,batch_years_otm10_2020_2026,247,2024,2024-10-18T08:00:00.000Z,2024-10-25T08:00:00.000Z,67978.5,67480,40520.681427,40418.032789,0.596081,0.178824,-297.146299,105.353772,89.14389,-102.648638,-0.253324,-0.47332
BTC,weekly,otm10,h30,0.3,30,weekly_otm10_h30,batch_years_otm10_2020_2026,248,2024,2024-10-25T08:00:00.000Z,2024-11-01T08:00:00.000Z,67480,69171,40418.032789,41161.543069,0.598963,0.179689,1012.846672,34.517609,-303.854002,743.51028,1.839551,2.591329
BTC,weekly,otm10,h30,0.3,30,weekly_otm10_h30,batch_years_otm10_2020_2026,249,2024,2024-11-01T08:00:00.000Z,2024-11-08T08:00:00.000Z,69171,76395,41161.543069,44077.850753,0.595069,0.178521,4298.781095,-92.839082,-1289.634329,2916.307684,7.08503,10.218135
BTC,weekly,otm10,h30,0.3,30,weekly_otm10_h30,batch_years_otm10_2020_2026,250,2024,2024-11-08T08:00:00.000Z,2024-11-15T08:00:00.000Z,76395,87724.5,44077.850753,46547.416557,0.576973,0.173092,6536.815369,-2106.204954,-1961.044611,2469.565804,5.602736,10.051784
BTC,weekly,otm10,h30,0.3,30,weekly_otm10_h30,batch_years_otm10_2020_2026,251,2024,2024-11-15T08:00:00.000Z,2024-11-22T08:00:00.000Z,87724.5,99466,46547.416557,49409.968462,0.530609,0.159183,6230.146555,-1498.550684,-1869.043967,2862.551905,6.149755,10.16511
BTC,weekly,otm10,h30,0.3,30,weekly_otm10_h30,batch_years_otm10_2020_2026,252,2024,2024-11-22T08:00:00.000Z,2024-11-29T08:00:00.000Z,99466,95709.5,49409.968462,48548.423057,0.496752,0.149026,-1866.050173,444.689716,559.815052,-861.545405,-1.743667,-2.876667
BTC,weekly,otm10,h30,0.3,30,weekly_otm10_h30,batch_years_otm10_2020_2026,253,2024,2024-11-29T08:00:00.000Z,2024-12-06T08:00:00.000Z,95709.5,98239.5,48548.423057,49606.428647,0.507248,0.152174,1283.336663,159.669926,-385.000999,1058.00559,2.179279,2.972304
BTC,weekly,otm10,h30,0.3,30,weekly_otm10_h30,batch_years_otm10_2020_2026,254,2024,2024-12-06T08:00:00.000Z,2024-12-13T08:00:00.000Z,98239.5,100112,49606.428647,50511.368605,0.504954,0.151486,945.526368,243.0715,-283.65791,904.939958,1.824239,2.396056
BTC,weekly,otm10,h30,0.3,30,weekly_otm10_h30,batch_years_otm10_2020_2026,255,2024,2024-12-13T08:00:00.000Z,2024-12-20T08:00:00.000Z,100112,97672,50511.368605,49871.849632,0.504549,0.151365,-1231.098564,222.250022,369.329569,-639.518973,-1.266089,-1.99727
BTC,weekly,otm10,h30,0.3,30,weekly_otm10_h30,batch_years_otm10_2020_2026,256,2024,2024-12-20T08:00:00.000Z,2024-12-27T08:00:00.000Z,97672,95077,49871.849632,49143.82234,0.510605,0.153182,-1325.020987,199.487399,397.506296,-728.027292,-1.459796,-2.256852
BTC,weekly,otm10,h30,0.3,30,weekly_otm10_h30,batch_years_otm10_2020_2026,257,2025,2025-01-03T08:00:00.000Z,2025-01-10T08:00:00.000Z,96289,94500,49143.82234,48671.76451,0.510378,0.153114,-913.066894,167.088996,273.920068,-472.05783,-0.960564,-1.523127
BTC,weekly,otm10,h30,0.3,30,weekly_otm10_h30,batch_years_otm10_2020_2026,258,2025,2025-01-10T08:00:00.000Z,2025-01-17T08:00:00.000Z,94500,101523.5,48671.76451,51393.778007,0.515045,0.154514,3617.41945,189.819882,-1085.225835,2722.013497,5.592593,7.822275
BTC,weekly,otm10,h30,0.3,30,weekly_otm10_h30,batch_years_otm10_2020_2026,259,2025,2025-01-17T08:00:00.000Z,2025-01-24T08:00:00.000Z,101523.5,105062,51393.778007,52981.732657,0.506225,0.151868,1791.278704,334.059557,-537.383611,1587.95465,3.08978,4.1354
BTC,weekly,otm10,h30,0.3,30,weekly_otm10_h30,batch_years_otm10_2020_2026,260,2025,2025-01-24T08:00:00.000Z,2025-01-31T08:00:00.000Z,105062,104204.5,52981.732657,52996.922885,0.50429,0.151287,-432.428811,317.890396,129.728643,15.190228,0.028671,-0.216185
BTC,weekly,otm10,h30,0.3,30,weekly_otm10_h30,batch_years_otm10_2020_2026,261,2025,2025-01-31T08:00:00.000Z,2025-02-07T08:00:00.000Z,104204.5,96757.5,52996.922885,50727.83426,0.508586,0.152576,-3787.438016,382.117987,1136.231405,-2269.088624,-4.281548,-6.425505
BTC,weekly,otm10,h30,0.3,30,weekly_otm10_h30,batch_years_otm10_2020_2026,262,2025,2025-02-07T08:00:00.000Z,2025-02-14T08:00:00.000Z,96757.5,96964,50727.83426,50935.511023,0.524278,0.157283,108.263419,131.892369,-32.479026,207.676762,0.409394,0.47342
BTC,weekly,otm10,h30,0.3,30,weekly_otm10_h30,batch_years_otm10_2020_2026,263,2025,2025-02-14T08:00:00.000Z,2025-02-21T08:00:00.000Z,96964,98256,50935.511023,51517.559918,0.525303,0.157591,678.691888,106.964573,-203.607566,582.048895,1.142717,1.542453
BTC,weekly,otm10,h30,0.3,30,weekly_otm10_h30,batch_years_otm10_2020_2026,264,2025,2025-02-21T08:00:00.000Z,2025-02-28T08:00:00.000Z,98256,79124,51517.559918,44572.936634,0.52432,0.157296,-10031.285177,77.27634,3009.385553,-6944.623284,-13.480109,-19.321584
BTC,weekly,otm10,h30,0.3,30,weekly_otm10_h30,batch_years_otm10_2020_2026,265,2025,2025-02-28T08:00:00.000Z,2025-03-07T08:00:00.000Z,79124,88346.5,44572.936634,47656.442331,0.56333,0.168999,5195.312523,-553.213069,-1558.593757,3083.505697,6.917888,10.414614
BTC,weekly,otm10,h30,0.3,30,weekly_otm10_h30,batch_years_otm10_2020_2026,266,2025,2025-03-07T08:00:00.000Z,2025-03-14T08:00:00.000Z,88346.5,82179,47656.442331,45613.541974,0.539426,0.161828,-3326.912872,285.938654,998.073862,-2042.900357,-4.286724,-6.381035
BTC,weekly,otm10,h30,0.3,30,weekly_otm10_h30,batch_years_otm10_2020_2026,267,2025,2025-03-14T08:00:00.000Z,2025-03-21T08:00:00.000Z,82179,83866.5,45613.541974,46428.843449,0.555051,0.166515,936.648683,159.647397,-280.994605,815.301475,1.787411,2.403444
BTC,weekly,otm10,h30,0.3,30,weekly_otm10_h30,batch_years_otm10_2020_2026,268,2025,2025-03-21T08:00:00.000Z,2025-03-28T08:00:00.000Z,83866.5,85150,46428.843449,47033.015448,0.553604,0.166081,710.550942,106.78634,-213.165283,604.171999,1.301286,1.760408
BTC,weekly,otm10,h30,0.3,30,weekly_otm10_h30,batch_years_otm10_2020_2026,269,2025,2025-03-28T08:00:00.000Z,2025-04-04T08:00:00.000Z,85150,84004.5,47033.015448,46621.262588,0.552355,0.165706,-632.72248,31.152876,189.816744,-411.75286,-0.875455,-1.279037
BTC,weekly,otm10,h30,0.3,30,weekly_otm10_h30,batch_years_otm10_2020_2026,270,2025,2025-04-04T08:00:00.000Z,2025-04-11T08:00:00.000Z,84004.5,81217,46621.262588,45659.562805,0.554985,0.166496,-1547.021522,121.215283,464.106457,-961.699783,-2.062792,-3.058275
BTC,weekly,otm10,h30,0.3,30,weekly_otm10_h30,batch_years_otm10_2020_2026,271,2025,2025-04-11T08:00:00.000Z,2025-04-18T08:00:00.000Z,81217,84656.5,45659.562805,47168.367336,0.562192,0.168658,1933.660025,155.242514,-580.098008,1508.804531,3.304466,4.574951
BTC,weekly,otm10,h30,0.3,30,weekly_otm10_h30,batch_years_otm10_2020_2026,272,2025,2025-04-18T08:00:00.000Z,2025-04-25T08:00:00.000Z,84656.5,93805.5,47168.367336,50807.426809,0.557174,0.167152,5097.581317,70.752551,-1529.274395,3639.059473,7.715042,10.957203
BTC,weekly,otm10,h30,0.3,30,weekly_otm10_h30,batch_years_otm10_2020_2026,273,2025,2025-04-25T08:00:00.000Z,2025-05-02T08:00:00.000Z,93805.5,96401.5,50807.426809,51865.095231,0.541625,0.162488,1406.059133,73.427029,-421.81774,1057.668422,2.08172,2.911949
BTC,weekly,otm10,h30,0.3,30,weekly_otm10_h30,batch_years_otm10_2020_2026,274,2025,2025-05-02T08:00:00.000Z,2025-05-09T08:00:00.000Z,96401.5,103643,51865.095231,54618.267091,0.538011,0.161403,3896.008746,25.965737,-1168.802624,2753.171859,5.308333,7.561877
BTC,weekly,otm10,h30,0.3,30,weekly_otm10_h30,batch_years_otm10_2020_2026,275,2025,2025-05-09T08:00:00.000Z,2025-05-16T08:00:00.000Z,103643,103721,54618.267091,54750.815159,0.526985,0.158095,41.1048,103.774707,-12.33144,132.548068,0.242681,0.265258
BTC,weekly,otm10,h30,0.3,30,weekly_otm10_h30,batch_years_otm10_2020_2026,276,2025,2025-05-16T08:00:00.000Z,2025-05-23T08:00:00.000Z,103721,110744.5,54750.815159,57411.744154,0.527866,0.15836,3707.468596,65.700978,-1112.240579,2660.928996,4.860072,6.891531
BTC,weekly,otm10,h30,0.3,30,weekly_otm10_h30,batch_years_otm10_2020_2026,277,2025,2025-05-23T08:00:00.000Z,2025-05-30T08:00:00.000Z,110744.5,105075,57411.744154,55606.94333,0.518416,0.155525,-2939.160712,252.611674,881.748214,-1804.800824,-3.143609,-4.679442
BTC,weekly,otm10,h30,0.3,30,weekly_otm10_h30,batch_years_otm10_2020_2026,278,2025,2025-05-30T08:00:00.000Z,2025-06-06T08:00:00.000Z,105075,103189,55606.94333,54952.132877,0.529212,0.158764,-998.093696,43.855135,299.428109,-654.810453,-1.17757,-1.716042
BTC,weekly,otm10,h30,0.3,30,weekly_otm10_h30,batch_years_otm10_2020_2026,279,2025,2025-06-06T08:00:00.000Z,2025-06-13T08:00:00.000Z,103189,104946.5,54952.132877,55662.24071,0.532539,0.159762,935.936714,54.952133,-280.781014,710.107832,1.29223,1.803185
BTC,weekly,otm10,h30,0.3,30,weekly_otm10_h30,batch_years_otm10_2020_2026,280,2025,2025-06-13T08:00:00.000Z,2025-06-20T08:00:00.000Z,104946.5,105827.5,55662.24071,56078.389848,0.530387,0.159116,467.270791,89.059585,-140.181237,416.149139,0.747633,0.999475
BTC,weekly,otm10,h30,0.3,30,weekly_otm10_h30,batch_years_otm10_2020_2026,281,2025,2025-06-20T08:00:00.000Z,2025-06-27T08:00:00.000Z,105827.5,106900,56078.389848,56582.764035,0.529904,0.158971,568.321779,106.548941,-170.496534,504.374186,0.899409,1.203442
BTC,weekly,otm10,h30,0.3,30,weekly_otm10_h30,batch_years_otm10_2020_2026,282,2025,2025-06-27T08:00:00.000Z,2025-07-04T08:00:00.000Z,106900,108773,56582.764035,57299.567955,0.529306,0.158792,991.389308,22.831405,-297.416792,716.80392,1.266824,1.792455
BTC,weekly,otm10,h30,0.3,30,weekly_otm10_h30,batch_years_otm10_2020_2026,283,2025,2025-07-04T08:00:00.000Z,2025-07-11T08:00:00.000Z,108773,117660.5,57299.567955,60622.644949,0.526781,0.158034,4681.767628,45.839654,-1404.530288,3323.076994,5.79948,8.250686
BTC,weekly,otm10,h30,0.3,30,weekly_otm10_h30,batch_years_otm10_2020_2026,284,2025,2025-07-11T08:00:00.000Z,2025-07-18T08:00:00.000Z,117660.5,119520,60622.644949,61372.108224,0.515234,0.15457,958.07691,78.809438,-287.423073,749.463276,1.236276,1.710394
BTC,weekly,otm10,h30,0.3,30,weekly_otm10_h30,batch_years_otm10_2020_2026,285,2025,2025-07-18T08:00:00.000Z,2025-07-25T08:00:00.000Z,119520,115272.5,61372.108224,59974.260897,0.513488,0.154046,-2181.041078,128.881427,654.312324,-1397.847328,-2.277659,-3.343799
BTC,weekly,otm10,h30,0.3,30,weekly_otm10_h30,batch_years_otm10_2020_2026,286,2025,2025-07-25T08:00:00.000Z,2025-08-01T08:00:00.000Z,115272.5,115063.5,59974.260897,59925.867919,0.520282,0.156085,-108.739036,27.724347,32.621711,-48.392978,-0.08069,-0.135082
BTC,weekly,otm10,h30,0.3,30,weekly_otm10_h30,batch_years_otm10_2020_2026,287,2025,2025-08-01T08:00:00.000Z,2025-08-08T08:00:00.000Z,115063.5,116904,59925.867919,60604.865472,0.520807,0.156242,958.54515,8.015949,-287.563545,678.997554,1.133063,1.612928
BTC,weekly,otm10,h30,0.3,30,weekly_otm10_h30,batch_years_otm10_2020_2026,288,2025,2025-08-08T08:00:00.000Z,2025-08-15T08:00:00.000Z,116904,119082,60604.865472,61419.483949,0.518416,0.155525,1129.109329,24.241946,-338.732799,814.618476,1.344147,1.903067
BTC,weekly,otm10,h30,0.3,30,weekly_otm10_h30,batch_years_otm10_2020_2026,289,2025,2025-08-15T08:00:00.000Z,2025-08-22T08:00:00.000Z,119082,113083,61419.483949,59315.010696,0.515775,0.154732,-3094.132482,61.419484,928.239745,-2104.473253,-3.426394,-4.937705
BTC,weekly,otm10,h30,0.3,30,weekly_otm10_h30,batch_years_otm10_2020_2026,290,2025,2025-08-22T08:00:00.000Z,2025-08-29T08:00:00.000Z,113083,109990,59315.010696,58250.536757,0.524526,0.157358,-1622.359931,71.178013,486.707979,-1064.473939,-1.794611,-2.615159
BTC,weekly,otm10,h30,0.3,30,weekly_otm10_h30,batch_years_otm10_2020_2026,291,2025,2025-08-29T08:00:00.000Z,2025-09-05T08:00:00.000Z,109990,113000.5,58250.536757,59388.334743,0.529598,0.15888,1594.356222,21.74863,-478.306867,1137.797986,1.953283,2.774403
BTC,weekly,otm10,h30,0.3,30,weekly_otm10_h30,batch_years_otm10_2020_2026,292,2025,2025-09-05T08:00:00.000Z,2025-09-12T08:00:00.000Z,113000.5,115201,59388.334743,60257.266587,0.525558,0.157667,1156.490729,59.388335,-346.947219,868.931845,1.463136,2.047337
BTC,weekly,otm10,h30,0.3,30,weekly_otm10_h30,batch_years_otm10_2020_2026,293,2025,2025-09-12T08:00:00.000Z,2025-09-19T08:00:00.000Z,115201,116964.5,60257.266587,60969.243479,0.523062,0.156919,922.419854,66.282993,-276.725956,711.976891,1.181562,1.640803
BTC,weekly,otm10,h30,0.3,30,weekly_otm10_h30,batch_years_otm10_2020_2026,294,2025,2025-09-19T08:00:00.000Z,2025-09-26T08:00:00.000Z,116964.5,109350,60969.243479,58227.416079,0.521263,0.156379,-3969.155637,36.581546,1190.746691,-2741.8274,-4.497066,-6.450095
BTC,weekly,otm10,h30,0.3,30,weekly_otm10_h30,batch_years_otm10_2020_2026,295,2025,2025-09-26T08:00:00.000Z,2025-10-03T08:00:00.000Z,109350,119788,58227.416079,62119.772276,0.532487,0.159746,5558.095739,1.68918,-1667.428722,3892.356197,6.684748,9.548397
BTC,weekly,otm10,h30,0.3,30,weekly_otm10_h30,batch_years_otm10_2020_2026,296,2025,2025-10-03T08:00:00.000Z,2025-10-10T08:00:00.000Z,119788,120949,62119.772276,62634.402655,0.518581,0.155574,602.072458,93.179658,-180.621737,514.630379,0.828449,1.119212
BTC,weekly,otm10,h30,0.3,30,weekly_otm10_h30,batch_years_otm10_2020_2026,297,2025,2025-10-10T08:00:00.000Z,2025-10-17T08:00:00.000Z,120949,105597,62634.402655,57144.455135,0.517858,0.155357,-7950.155434,75.161283,2385.04663,-5489.94752,-8.765067,-12.572953
BTC,weekly,otm10,h30,0.3,30,weekly_otm10_h30,batch_years_otm10_2020_2026,298,2025,2025-10-17T08:00:00.000Z,2025-10-24T08:00:00.000Z,105597,111138,57144.455135,59386.298233,0.541156,0.162347,2998.545659,142.861138,-899.563698,2241.843099,3.923116,5.497308
BTC,weekly,otm10,h30,0.3,30,weekly_otm10_h30,batch_years_otm10_2020_2026,299,2025,2025-10-24T08:00:00.000Z,2025-10-31T08:00:00.000Z,111138,109420.5,59386.298233,58874.528962,0.534347,0.160304,-917.741611,130.649856,275.322483,-511.769272,-0.861763,-1.325376
BTC,weekly,otm10,h30,0.3,30,weekly_otm10_h30,batch_years_otm10_2020_2026,300,2025,2025-10-31T08:00:00.000Z,2025-11-07T08:00:00.000Z,109420.5,101931,58874.528962,56150.158536,0.538058,0.161417,-4029.782213,96.477124,1208.934664,-2724.370426,-4.627418,-6.680826
BTC,weekly,otm10,h30,0.3,30,weekly_otm10_h30,batch_years_otm10_2020_2026,301,2025,2025-11-07T08:00:00.000Z,2025-11-14T08:00:00.000Z,101931,97013,56150.158536,54360.438075,0.550864,0.165259,-2709.151089,106.685301,812.745327,-1789.720461,-3.187383,-4.634832
BTC,weekly,otm10,h30,0.3,30,weekly_otm10_h30,batch_years_otm10_2020_2026,302,2025,2025-11-14T08:00:00.000Z,2025-11-21T08:00:00.000Z,97013,83841.5,54360.438075,49357.140068,0.560342,0.168103,-7380.541887,163.081314,2214.162566,-5003.298007,-9.203932,-13.277046
BTC,weekly,otm10,h30,0.3,30,weekly_otm10_h30,batch_years_otm10_2020_2026,303,2025,2025-11-21T08:00:00.000Z,2025-11-28T08:00:00.000Z,83841.5,90947,49357.140068,52556.689012,0.588696,0.176609,4182.978105,271.46427,-1254.893431,3199.548944,6.482444,9.02492
BTC,weekly,otm10,h30,0.3,30,weekly_otm10_h30,batch_years_otm10_2020_2026,304,2025,2025-11-28T08:00:00.000Z,2025-12-05T08:00:00.000Z,90947,92219.5,52556.689012,53370.718918,0.577883,0.173365,735.355611,299.280979,-220.606683,814.029906,1.548861,1.968611
BTC,weekly,otm10,h30,0.3,30,weekly_otm10_h30,batch_years_otm10_2020_2026,305,2025,2025-12-05T08:00:00.000Z,2025-12-12T08:00:00.000Z,92219.5,92466.5,53370.718918,53625.557409,0.578736,0.173621,142.947723,154.775085,-42.884317,254.838491,0.477487,0.557839
BTC,weekly,otm10,h30,0.3,30,weekly_otm10_h30,batch_years_otm10_2020_2026,306,2025,2025-12-12T08:00:00.000Z,2025-12-19T08:00:00.000Z,92466.5,87926,53625.557409,51894.900377,0.579946,0.173984,-2633.24386,112.613671,789.973158,-1730.657032,-3.227299,-4.700427
BTC,weekly,otm10,h30,0.3,30,weekly_otm10_h30,batch_years_otm10_2020_2026,307,2025,2025-12-19T08:00:00.000Z,2025-12-26T08:00:00.000Z,87926,88458,51894.900377,52234.053259,0.590211,0.177063,313.9923,119.358271,-94.19769,339.152881,0.653538,0.835054
BTC,weekly,otm10,h30,0.3,30,weekly_otm10_h30,batch_years_otm10_2020_2026,308,2026,2026-01-02T08:00:00.000Z,2026-01-09T08:00:00.000Z,88798,90678,52234.053259,53019.668406,0.588235,0.17647,1105.88099,11.498455,-331.764297,785.615148,1.504029,2.139649
BTC,weekly,otm10,h30,0.3,30,weekly_otm10_h30,batch_years_otm10_2020_2026,309,2026,2026-01-09T08:00:00.000Z,2026-01-16T08:00:00.000Z,90678,95656.5,53019.668406,55099.743699,0.584703,0.175411,2910.942226,42.415735,-873.282668,2080.075293,3.923214,5.570306
BTC,weekly,otm10,h30,0.3,30,weekly_otm10_h30,batch_years_otm10_2020_2026,310,2026,2026-01-16T08:00:00.000Z,2026-01-23T08:00:00.000Z,95656.5,89460.5,55099.743699,52656.54371,0.576017,0.172805,-3568.999618,55.099744,1070.699885,-2443.199989,-4.43414,-6.377343
BTC,weekly,otm10,h30,0.3,30,weekly_otm10_h30,batch_years_otm10_2020_2026,311,2026,2026-01-23T08:00:00.000Z,2026-01-30T08:00:00.000Z,89460.5,82627.5,52656.54371,49888.596945,0.588601,0.17658,-4021.910935,47.390889,1206.57328,-2767.946765,-5.256605,-7.548008
BTC,weekly,otm10,h30,0.3,30,weekly_otm10_h30,batch_years_otm10_2020_2026,312,2026,2026-01-30T08:00:00.000Z,2026-02-06T08:00:00.000Z,82627.5,64724,49888.596945,42368.915625,0.603777,0.181133,-10809.72431,47.125697,3242.917293,-7519.68132,-15.072946,-21.573264
BTC,weekly,otm10,h30,0.3,30,weekly_otm10_h30,batch_years_otm10_2020_2026,313,2026,2026-02-06T08:00:00.000Z,2026-02-13T08:00:00.000Z,64724,66140.5,42368.915625,43441.682377,0.654609,0.196383,927.253708,423.689156,-278.176112,1072.766752,2.531967,3.188524
BTC,weekly,otm10,h30,0.3,30,weekly_otm10_h30,batch_years_otm10_2020_2026,314,2026,2026-02-13T08:00:00.000Z,2026-02-20T08:00:00.000Z,66140.5,67786,43441.682377,44306.832146,0.656809,0.197043,1080.779376,108.604206,-324.233813,865.149769,1.99152,2.737886
BTC,weekly,otm10,h30,0.3,30,weekly_otm10_h30,batch_years_otm10_2020_2026,315,2026,2026-02-20T08:00:00.000Z,2026-02-27T08:00:00.000Z,67786,67649,44306.832146,44341.624246,0.653628,0.196088,-89.547045,97.475031,26.864114,34.792099,0.078525,0.017893
BTC,weekly,otm10,h30,0.3,30,weekly_otm10_h30,batch_years_otm10_2020_2026,316,2026,2026-02-27T08:00:00.000Z,2026-03-06T08:00:00.000Z,67649,71054,44341.624246,46057.844376,0.655466,0.19664,2231.861972,153.916749,-669.558592,1716.22013,3.870449,5.38045
BTC,weekly,otm10,h30,0.3,30,weekly_otm10_h30,batch_years_otm10_2020_2026,317,2026,2026-03-06T08:00:00.000Z,2026-03-13T08:00:00.000Z,71054,71660.5,46057.844376,46494.243974,0.648209,0.194463,393.138776,161.202455,-117.941633,436.399599,0.947503,1.203576
BTC,weekly,otm10,h30,0.3,30,weekly_otm10_h30,batch_years_otm10_2020_2026,318,2026,2026-03-13T08:00:00.000Z,2026-03-20T08:00:00.000Z,71660.5,70856,46494.243974,46305.543218,0.648813,0.194644,-521.969834,176.678127,156.59095,-188.700757,-0.405858,-0.742655
BTC,weekly,otm10,h30,0.3,30,weekly_otm10_h30,batch_years_otm10_2020_2026,319,2026,2026-03-20T08:00:00.000Z,2026-03-27T08:00:00.000Z,70856,68521,46305.543218,45348.504307,0.653516,0.196055,-1525.960306,111.133304,457.788092,-957.03891,-2.066791,-3.055416
BTC,weekly,otm10,h30,0.3,30,weekly_otm10_h30,batch_years_otm10_2020_2026,320,2026,2026-03-27T08:00:00.000Z,2026-04-03T08:00:00.000Z,68521,67040.5,45348.504307,44802.338557,0.661819,0.198546,-979.823129,139.71044,293.946939,-546.16575,-1.204374,-1.85257
BTC,weekly,otm10,h30,0.3,30,weekly_otm10_h30,batch_years_otm10_2020_2026,321,2026,2026-04-03T08:00:00.000Z,2026-04-10T08:00:00.000Z,67040.5,71480.5,44802.338557,46924.178929,0.668288,0.200486,2967.19719,44.802339,-890.159157,2121.840371,4.736004,6.722862
BTC,weekly,otm10,h30,0.3,30,weekly_otm10_h30,batch_years_otm10_2020_2026,322,2026,2026-04-10T08:00:00.000Z,2026-04-17T08:00:00.000Z,71480.5,75069,46924.178929,48601.331292,0.656461,0.196938,2355.711223,28.154507,-706.713367,1677.152364,3.574175,5.08025
BTC,weekly,otm10,h30,0.3,30,weekly_otm10_h30,batch_years_otm10_2020_2026,323,2026,2026-04-17T08:00:00.000Z,2026-04-24T08:00:00.000Z,75069,77693,48601.331292,49834.257444,0.647422,0.194227,1698.835649,43.741198,-509.650695,1232.926152,2.536816,3.585451
BTC,weekly,otm10,h30,0.3,30,weekly_otm10_h30,batch_years_otm10_2020_2026,324,2026,2026-04-24T08:00:00.000Z,2026-05-01T08:00:00.000Z,77693,77173,49834.257444,49659.940842,0.641425,0.192428,-333.541167,59.162214,100.06235,-174.316603,-0.349793,-0.550583
BTC,weekly,otm10,h30,0.3,30,weekly_otm10_h30,batch_years_otm10_2020_2026,325,2026,2026-05-01T08:00:00.000Z,2026-05-08T08:00:00.000Z,77173,79684,49659.940842,50815.027119,0.643489,0.193047,1615.799716,24.026477,-484.739915,1155.086277,2.325992,3.302111
BTC,weekly,otm10,h40,0.4,40,weekly_otm10_h40,batch_years_otm10_2020_2026,1,2020,2020-01-03T08:00:00.000Z,2020-01-10T08:00:00.000Z,7194,7747,7172.418,7524.739854,0.997,0.3988,551.341,21.517254,-220.5364,352.321854,4.912177,8.010994
BTC,weekly,otm10,h40,0.4,40,weekly_otm10_h40,batch_years_otm10_2020_2026,2,2020,2020-01-10T08:00:00.000Z,2020-01-17T08:00:00.000Z,7747,8938.5,7524.739854,8234.178971,0.97131,0.388524,1157.316062,15.04948,-462.926425,709.439117,9.428088,15.580147
BTC,weekly,otm10,h40,0.4,40,weekly_otm10_h40,batch_years_otm10_2020_2026,3,2020,2020-01-17T08:00:00.000Z,2020-01-24T08:00:00.000Z,8938.5,8325.5,8234.178971,7940.648247,0.921204,0.368481,-564.697847,45.287984,225.879139,-293.530724,-3.564784,-6.307974
BTC,weekly,otm10,h40,0.4,40,weekly_otm10_h40,batch_years_otm10_2020_2026,4,2020,2020-01-24T08:00:00.000Z,2020-01-31T08:00:00.000Z,8325.5,9362.5,7940.648247,8267.79046,0.953774,0.38151,989.063988,-266.296179,-395.625595,327.142213,4.119843,9.102126
BTC,weekly,otm10,h40,0.4,40,weekly_otm10_h40,batch_years_otm10_2020_2026,5,2020,2020-01-31T08:00:00.000Z,2020-02-07T08:00:00.000Z,9362.5,9791.5,8267.79046,8552.332028,0.883075,0.35323,378.83921,57.238042,-151.535684,284.541568,3.441567,5.274411
BTC,weekly,otm10,h40,0.4,40,weekly_otm10_h40,batch_years_otm10_2020_2026,6,2020,2020-02-07T08:00:00.000Z,2020-02-14T08:00:00.000Z,9791.5,10136,8552.332028,8771.358505,0.873445,0.349378,300.901638,38.485494,-120.360655,219.026477,2.561015,3.968358
BTC,weekly,otm10,h40,0.4,40,weekly_otm10_h40,batch_years_otm10_2020_2026,7,2020,2020-02-14T08:00:00.000Z,2020-02-21T08:00:00.000Z,10136,9695.5,8771.358505,8621.58427,0.865367,0.346147,-381.194102,78.942227,152.477641,-149.774235,-1.707537,-3.445896
BTC,weekly,otm10,h40,0.4,40,weekly_otm10_h40,batch_years_otm10_2020_2026,8,2020,2020-02-21T08:00:00.000Z,2020-02-28T08:00:00.000Z,9695.5,8731.5,8621.58427,8133.115121,0.889236,0.355694,-857.223169,25.864753,342.889268,-488.469149,-5.665654,-9.642757
BTC,weekly,otm10,h40,0.4,40,weekly_otm10_h40,batch_years_otm10_2020_2026,9,2020,2020-02-28T08:00:00.000Z,2020-03-06T08:00:00.000Z,8731.5,9109,8133.115121,8366.400641,0.931468,0.372587,351.629269,22.307958,-140.651707,233.285519,2.868342,4.597712
BTC,weekly,otm10,h40,0.4,40,weekly_otm10_h40,batch_years_otm10_2020_2026,10,2020,2020-03-06T08:00:00.000Z,2020-03-13T08:00:00.000Z,9109,5251.5,8366.400641,6282.419241,0.918476,0.367391,-3543.022337,41.832003,1417.208935,-2083.981399,-24.908936,-41.848227
BTC,weekly,otm10,h40,0.4,40,weekly_otm10_h40,batch_years_otm10_2020_2026,11,2020,2020-03-13T08:00:00.000Z,2020-03-20T08:00:00.000Z,5251.5,6321.5,6282.419241,6848.320282,1.196309,0.478524,1280.051145,-202.129646,-512.020458,565.901041,9.007693,17.157745
BTC,weekly,otm10,h40,0.4,40,weekly_otm10_h40,batch_years_otm10_2020_2026,12,2020,2020-03-20T08:00:00.000Z,2020-03-27T08:00:00.000Z,6321.5,6721,6848.320282,7385.353339,1.083338,0.433335,432.793475,277.356971,-173.11739,537.033056,7.841822,10.369703
BTC,weekly,otm10,h40,0.4,40,weekly_otm10_h40,batch_years_otm10_2020_2026,13,2020,2020-03-27T08:00:00.000Z,2020-04-03T08:00:00.000Z,6721,6942,7385.353339,8210.750561,1.098847,0.439539,242.845274,679.690058,-97.13811,825.397222,11.176137,12.491418
BTC,weekly,otm10,h40,0.4,40,weekly_otm10_h40,batch_years_otm10_2020_2026,14,2020,2020-04-03T08:00:00.000Z,2020-04-10T08:00:00.000Z,6942,6929.5,8210.750561,8271.671207,1.182764,0.473106,-14.784555,69.79138,5.913822,60.920647,0.741962,0.669937
BTC,weekly,otm10,h40,0.4,40,weekly_otm10_h40,batch_years_otm10_2020_2026,15,2020,2020-04-10T08:00:00.000Z,2020-04-17T08:00:00.000Z,6929.5,7056.5,8271.671207,8403.988701,1.193689,0.477476,151.598563,41.358356,-60.639425,132.317494,1.599646,2.332744
BTC,weekly,otm10,h40,0.4,40,weekly_otm10_h40,batch_years_otm10_2020_2026,16,2020,2020-04-17T08:00:00.000Z,2020-04-24T08:00:00.000Z,7056.5,7584,8403.988701,8831.350552,1.190957,0.476383,628.229865,50.423932,-251.291946,427.361851,5.085226,8.075377
BTC,weekly,otm10,h40,0.4,40,weekly_otm10_h40,batch_years_otm10_2020_2026,17,2020,2020-04-24T08:00:00.000Z,2020-05-01T08:00:00.000Z,7584,8778.5,8831.350552,8931.122792,1.164471,0.465789,1390.961001,-734.804361,-556.384401,99.77224,1.129751,7.429856
BTC,weekly,otm10,h40,0.4,40,weekly_otm10_h40,batch_years_otm10_2020_2026,18,2020,2020-05-01T08:00:00.000Z,2020-05-08T08:00:00.000Z,8778.5,9834,8931.122792,9612.615987,1.017386,0.406954,1073.850898,37.182656,-429.540359,681.493195,7.630543,12.440021
BTC,weekly,otm10,h40,0.4,40,weekly_otm10_h40,batch_years_otm10_2020_2026,19,2020,2020-05-08T08:00:00.000Z,2020-05-15T08:00:00.000Z,9834,9676.5,9612.615987,9669.238929,0.977488,0.390995,-153.954344,148.995548,61.581738,56.622941,0.589048,-0.051586
BTC,weekly,otm10,h40,0.4,40,weekly_otm10_h40,batch_years_otm10_2020_2026,20,2020,2020-05-15T08:00:00.000Z,2020-05-22T08:00:00.000Z,9676.5,9070.5,9669.238929,9397.769537,0.99925,0.3997,-605.545269,91.85777,242.218107,-271.469391,-2.807557,-5.312595
BTC,weekly,otm10,h40,0.4,40,weekly_otm10_h40,batch_years_otm10_2020_2026,21,2020,2020-05-22T08:00:00.000Z,2020-05-29T08:00:00.000Z,9070.5,9526,9397.769537,9760.81142,1.036081,0.414432,471.934736,79.881041,-188.773894,363.041883,3.863064,5.871774
BTC,weekly,otm10,h40,0.4,40,weekly_otm10_h40,batch_years_otm10_2020_2026,22,2020,2020-05-29T08:00:00.000Z,2020-06-05T08:00:00.000Z,9526,9782,9760.81142,10071.761614,1.02465,0.40986,262.31028,153.564026,-104.924112,310.950193,3.1857,4.260653
BTC,weekly,otm10,h40,0.4,40,weekly_otm10_h40,batch_years_otm10_2020_2026,23,2020,2020-06-05T08:00:00.000Z,2020-06-12T08:00:00.000Z,9782,9426.5,10071.761614,9917.609709,1.029622,0.411849,-366.030592,65.46645,146.412237,-154.151905,-1.530536,-2.984226
BTC,weekly,otm10,h40,0.4,40,weekly_otm10_h40,batch_years_otm10_2020_2026,24,2020,2020-06-12T08:00:00.000Z,2020-06-19T08:00:00.000Z,9426.5,9288,9917.609709,9939.274002,1.052099,0.42084,-145.715689,109.093707,58.286276,21.664293,0.218443,-0.369262
BTC,weekly,otm10,h40,0.4,40,weekly_otm10_h40,batch_years_otm10_2020_2026,25,2020,2020-06-19T08:00:00.000Z,2020-06-26T08:00:00.000Z,9288,9115,9939.274002,9887.831196,1.07012,0.428048,-185.13075,59.635644,74.0523,-51.442806,-0.517571,-1.262618
BTC,weekly,otm10,h40,0.4,40,weekly_otm10_h40,batch_years_otm10_2020_2026,26,2020,2020-06-26T08:00:00.000Z,2020-07-03T08:00:00.000Z,9115,9101,9887.831196,9889.763526,1.084787,0.433915,-15.187014,11.044538,6.074806,1.93233,0.019543,-0.041895
BTC,weekly,otm10,h40,0.4,40,weekly_otm10_h40,batch_years_otm10_2020_2026,27,2020,2020-07-03T08:00:00.000Z,2020-07-10T08:00:00.000Z,9101,9147,9889.763526,9939.535084,1.086668,0.434667,49.986718,19.779527,-19.994687,49.771558,0.503263,0.705439
BTC,weekly,otm10,h40,0.4,40,weekly_otm10_h40,batch_years_otm10_2020_2026,28,2020,2020-07-10T08:00:00.000Z,2020-07-17T08:00:00.000Z,9147,9100,9939.535084,9933.740553,1.086644,0.434658,-51.07228,24.848838,20.428912,-5.794531,-0.058298,-0.26383
BTC,weekly,otm10,h40,0.4,40,weekly_otm10_h40,batch_years_otm10_2020_2026,29,2020,2020-07-17T08:00:00.000Z,2020-07-24T08:00:00.000Z,9100,9524.5,9933.740553,10231.643608,1.09162,0.436648,463.392623,19.867481,-185.357049,297.903055,2.998901,4.864835
BTC,weekly,otm10,h40,0.4,40,weekly_otm10_h40,batch_years_otm10_2020_2026,30,2020,2020-07-24T08:00:00.000Z,2020-07-31T08:00:00.000Z,9524.5,11168,10231.643608,10127.204733,1.074245,0.429698,1765.521158,-1163.75157,-706.208463,-104.438875,-1.020744,5.881456
BTC,weekly,otm10,h40,0.4,40,weekly_otm10_h40,batch_years_otm10_2020_2026,31,2020,2020-07-31T08:00:00.000Z,2020-08-07T08:00:00.000Z,11168,11800,10127.204733,10526.490252,0.906806,0.362722,573.101127,55.424843,-229.240451,399.285519,3.942702,6.206312
BTC,weekly,otm10,h40,0.4,40,weekly_otm10_h40,batch_years_otm10_2020_2026,32,2020,2020-08-07T08:00:00.000Z,2020-08-14T08:00:00.000Z,11800,11730,10526.490252,10552.182025,0.892075,0.35683,-62.445281,63.158942,24.978112,25.691773,0.244068,0.00678
BTC,weekly,otm10,h40,0.4,40,weekly_otm10_h40,batch_years_otm10_2020_2026,33,2020,2020-08-14T08:00:00.000Z,2020-08-21T08:00:00.000Z,11730,11846,10552.182025,10657.002165,0.899589,0.359836,104.352354,42.208728,-41.740942,104.820141,0.99335,1.388917
BTC,weekly,otm10,h40,0.4,40,weekly_otm10_h40,batch_years_otm10_2020_2026,34,2020,2020-08-21T08:00:00.000Z,2020-08-28T08:00:00.000Z,11846,11381.5,10657.002165,10443.57514,0.899629,0.359851,-417.877554,37.299508,167.151022,-213.427025,-2.002693,-3.571155
BTC,weekly,otm10,h40,0.4,40,weekly_otm10_h40,batch_years_otm10_2020_2026,35,2020,2020-08-28T08:00:00.000Z,2020-09-04T08:00:00.000Z,11381.5,10302.5,10443.57514,9852.639146,0.917592,0.367037,-990.081938,3.113168,396.032775,-590.935994,-5.658369,-9.450488
BTC,weekly,otm10,h40,0.4,40,weekly_otm10_h40,batch_years_otm10_2020_2026,36,2020,2020-09-04T08:00:00.000Z,2020-09-11T08:00:00.000Z,10302.5,10257.5,9852.639146,9900.7129,0.956335,0.382534,-43.035065,73.894794,17.214026,48.073754,0.487928,0.313213
BTC,weekly,otm10,h40,0.4,40,weekly_otm10_h40,batch_years_otm10_2020_2026,37,2020,2020-09-11T08:00:00.000Z,2020-09-18T08:00:00.000Z,10257.5,10967,9900.7129,10375.960391,0.965217,0.386087,684.821428,64.354634,-273.928571,475.247491,4.800134,7.56689
BTC,weekly,otm10,h40,0.4,40,weekly_otm10_h40,batch_years_otm10_2020_2026,38,2020,2020-09-18T08:00:00.000Z,2020-09-25T08:00:00.000Z,10967,10687,10375.960391,10268.894142,0.946107,0.378443,-264.910086,51.879802,105.964034,-107.066249,-1.031868,-2.053114
BTC,weekly,otm10,h40,0.4,40,weekly_otm10_h40,batch_years_otm10_2020_2026,39,2020,2020-09-25T08:00:00.000Z,2020-10-02T08:00:00.000Z,10687,10488,10268.894142,10156.847953,0.960877,0.384351,-191.214554,2.682544,76.485821,-112.046188,-1.091122,-1.835952
BTC,weekly,otm10,h40,0.4,40,weekly_otm10_h40,batch_years_otm10_2020_2026,40,2020,2020-10-02T08:00:00.000Z,2020-10-09T08:00:00.000Z,10488,10905,10156.847953,10399.928402,0.968426,0.38737,403.833486,0.780358,-161.533394,243.080449,2.393267,3.983656
BTC,weekly,otm10,h40,0.4,40,weekly_otm10_h40,batch_years_otm10_2020_2026,41,2020,2020-10-09T08:00:00.000Z,2020-10-16T08:00:00.000Z,10905,11322,10399.928402,10654.140132,0.953684,0.381474,397.686396,15.599893,-159.074558,254.21173,2.44436,3.973934
BTC,weekly,otm10,h40,0.4,40,weekly_otm10_h40,batch_years_otm10_2020_2026,42,2020,2020-10-16T08:00:00.000Z,2020-10-23T08:00:00.000Z,11322,12901.5,10654.140132,10737.050835,0.941012,0.376405,1486.32877,-808.886559,-594.531508,82.910703,0.778202,6.358488
BTC,weekly,otm10,h40,0.4,40,weekly_otm10_h40,batch_years_otm10_2020_2026,43,2020,2020-10-23T08:00:00.000Z,2020-10-30T08:00:00.000Z,12901.5,13229,10737.050835,10959.63835,0.832233,0.332893,272.556226,59.05378,-109.02249,222.587515,2.073079,3.088465
BTC,weekly,otm10,h40,0.4,40,weekly_otm10_h40,batch_years_otm10_2020_2026,44,2020,2020-10-30T08:00:00.000Z,2020-11-06T08:00:00.000Z,13229,15786.5,10959.63835,11607.463397,0.828456,0.331382,2118.775046,-623.439981,-847.510018,647.825047,5.911008,13.644018
BTC,weekly,otm10,h40,0.4,40,weekly_otm10_h40,batch_years_otm10_2020_2026,45,2020,2020-11-06T08:00:00.000Z,2020-11-13T08:00:00.000Z,15786.5,16294,11607.463397,11982.252519,0.735278,0.294111,373.153497,150.897024,-149.261399,374.789122,3.228863,4.514772
BTC,weekly,otm10,h40,0.4,40,weekly_otm10_h40,batch_years_otm10_2020_2026,46,2020,2020-11-13T08:00:00.000Z,2020-11-20T08:00:00.000Z,16294,18254,11982.252519,12771.884725,0.735378,0.294151,1441.341287,-75.172567,-576.536515,789.632206,6.590015,11.401602
BTC,weekly,otm10,h40,0.4,40,weekly_otm10_h40,batch_years_otm10_2020_2026,47,2020,2020-11-20T08:00:00.000Z,2020-11-27T08:00:00.000Z,18254,17105,12771.884725,12398.089148,0.699676,0.27987,-803.927662,108.56102,321.571065,-373.795577,-2.926706,-5.444511
BTC,weekly,otm10,h40,0.4,40,weekly_otm10_h40,batch_years_otm10_2020_2026,48,2020,2020-11-27T08:00:00.000Z,2020-12-04T08:00:00.000Z,17105,19331,12398.089148,13275.393413,0.724823,0.289929,1613.454922,-90.768688,-645.381969,877.304266,7.076125,12.28162
BTC,weekly,otm10,h40,0.4,40,weekly_otm10_h40,batch_years_otm10_2020_2026,49,2020,2020-12-04T08:00:00.000Z,2020-12-11T08:00:00.000Z,19331,17789,13275.393413,12839.151391,0.686741,0.274696,-1058.954873,199.130901,423.581949,-436.242022,-3.286095,-6.476825
BTC,weekly,otm10,h40,0.4,40,weekly_otm10_h40,batch_years_otm10_2020_2026,50,2020,2020-12-11T08:00:00.000Z,2020-12-18T08:00:00.000Z,17789,23113.5,12839.151391,13036.152503,0.721747,0.288699,3842.940108,-2108.762952,-1537.176043,197.001113,1.534378,13.506945
BTC,weekly,otm10,h40,0.4,40,weekly_otm10_h40,batch_years_otm10_2020_2026,51,2020,2020-12-18T08:00:00.000Z,2020-12-25T08:00:00.000Z,23113.5,23678,13036.152503,13481.386307,0.564006,0.225602,318.381383,254.204974,-127.352553,445.233803,3.415377,4.392296
BTC,weekly,otm10,h40,0.4,40,weekly_otm10_h40,batch_years_otm10_2020_2026,52,2021,2021-01-01T08:00:00.000Z,2021-01-08T08:00:00.000Z,29186.5,38963.5,13481.386307,13192.340856,0.461905,0.184762,4516.043853,-2998.671762,-1806.417541,-289.04545,-2.144034,11.43701
BTC,weekly,otm10,h40,0.4,40,weekly_otm10_h40,batch_years_otm10_2020_2026,53,2021,2021-01-08T08:00:00.000Z,2021-01-15T08:00:00.000Z,38963.5,38500,13192.340856,13632.470999,0.338582,0.135433,-156.93277,534.289805,62.773108,440.130143,3.336255,2.860425
BTC,weekly,otm10,h40,0.4,40,weekly_otm10_h40,batch_years_otm10_2020_2026,54,2021,2021-01-15T08:00:00.000Z,2021-01-22T08:00:00.000Z,38500,30768,13632.470999,12780.459266,0.35409,0.141636,-2737.825085,790.683318,1095.130034,-852.011733,-6.24987,-14.283117
BTC,weekly,otm10,h40,0.4,40,weekly_otm10_h40,batch_years_otm10_2020_2026,55,2021,2021-01-22T08:00:00.000Z,2021-01-29T08:00:00.000Z,30768,32305.5,12780.459266,13540.672286,0.415382,0.166153,638.64912,377.023548,-255.459648,760.21302,5.948245,7.947075
BTC,weekly,otm10,h40,0.4,40,weekly_otm10_h40,batch_years_otm10_2020_2026,56,2021,2021-01-29T08:00:00.000Z,2021-02-05T08:00:00.000Z,32305.5,37760.5,13540.672286,14620.628349,0.419144,0.167658,2286.433187,-291.903849,-914.573275,1079.956063,7.975646,14.729914
BTC,weekly,otm10,h40,0.4,40,weekly_otm10_h40,batch_years_otm10_2020_2026,57,2021,2021-02-05T08:00:00.000Z,2021-02-12T08:00:00.000Z,37760.5,47474,14620.628349,15095.927706,0.387194,0.154877,3761.00617,-1781.304345,-1504.402468,475.299357,3.250882,13.54047
BTC,weekly,otm10,h40,0.4,40,weekly_otm10_h40,batch_years_otm10_2020_2026,58,2021,2021-02-12T08:00:00.000Z,2021-02-19T08:00:00.000Z,47474,51744,15095.927706,16340.834241,0.317983,0.127193,1357.787659,430.23394,-543.115063,1244.906535,8.246638,11.844397
BTC,weekly,otm10,h40,0.4,40,weekly_otm10_h40,batch_years_otm10_2020_2026,59,2021,2021-02-19T08:00:00.000Z,2021-02-26T08:00:00.000Z,51744,44988.5,16340.834241,15461.146348,0.315802,0.126321,-2133.397219,400.350439,853.358888,-879.687893,-5.383372,-10.60562
BTC,weekly,otm10,h40,0.4,40,weekly_otm10_h40,batch_years_otm10_2020_2026,60,2021,2021-02-26T08:00:00.000Z,2021-03-05T08:00:00.000Z,44988.5,47388,15461.146348,16525.377837,0.343669,0.137468,824.633421,569.451436,-329.853368,1064.231489,6.883264,9.016698
BTC,weekly,otm10,h40,0.4,40,weekly_otm10_h40,batch_years_otm10_2020_2026,61,2021,2021-03-05T08:00:00.000Z,2021-03-12T08:00:00.000Z,47388,56772,16525.377837,17111.550299,0.348725,0.13949,3272.434912,-1377.288485,-1308.973965,586.172463,3.547105,11.468097
BTC,weekly,otm10,h40,0.4,40,weekly_otm10_h40,batch_years_otm10_2020_2026,62,2021,2021-03-12T08:00:00.000Z,2021-03-19T08:00:00.000Z,56772,57851,17111.550299,17666.02457,0.301408,0.120563,325.219523,359.342556,-130.087809,554.47427,3.240351,4.000585
BTC,weekly,otm10,h40,0.4,40,weekly_otm10_h40,batch_years_otm10_2020_2026,63,2021,2021-03-19T08:00:00.000Z,2021-03-26T08:00:00.000Z,57851,53607.5,17666.02457,17144.676521,0.305371,0.122148,-1295.842341,256.157356,518.336936,-521.348048,-2.951134,-5.885223
BTC,weekly,otm10,h40,0.4,40,weekly_otm10_h40,batch_years_otm10_2020_2026,64,2021,2021-03-26T08:00:00.000Z,2021-04-02T08:00:00.000Z,53607.5,59507.5,17144.676521,18352.384598,0.319819,0.127927,1886.929841,75.550172,-754.771937,1207.708077,7.044216,11.446585
BTC,weekly,otm10,h40,0.4,40,weekly_otm10_h40,batch_years_otm10_2020_2026,65,2021,2021-04-02T08:00:00.000Z,2021-04-09T08:00:00.000Z,59507.5,58130.5,18352.384598,18294.929255,0.308405,0.123362,-424.673085,197.348508,169.869234,-57.455343,-0.313067,-1.238665
BTC,weekly,otm10,h40,0.4,40,weekly_otm10_h40,batch_years_otm10_2020_2026,66,2021,2021-04-09T08:00:00.000Z,2021-04-16T08:00:00.000Z,58130.5,61460,18294.929255,19024.270888,0.314722,0.125889,1047.86587,100.622111,-419.146348,729.341633,3.986578,6.27763
BTC,weekly,otm10,h40,0.4,40,weekly_otm10_h40,batch_years_otm10_2020_2026,67,2021,2021-04-16T08:00:00.000Z,2021-04-23T08:00:00.000Z,61460,47696,19024.270888,16582.119105,0.309539,0.123816,-4260.49568,114.145625,1704.198272,-2442.151783,-12.837032,-21.795054
BTC,weekly,otm10,h40,0.4,40,weekly_otm10_h40,batch_years_otm10_2020_2026,68,2021,2021-04-23T08:00:00.000Z,2021-04-30T08:00:00.000Z,47696,54452.5,16582.119105,17496.301595,0.347663,0.139065,2348.982886,-495.207242,-939.593154,914.182489,5.513062,11.179365
BTC,weekly,otm10,h40,0.4,40,weekly_otm10_h40,batch_years_otm10_2020_2026,69,2021,2021-04-30T08:00:00.000Z,2021-05-07T08:00:00.000Z,54452.5,55838.5,17496.301595,18182.462454,0.321313,0.128525,445.339957,418.956885,-178.135983,686.160859,3.921748,4.939883
BTC,weekly,otm10,h40,0.4,40,weekly_otm10_h40,batch_years_otm10_2020_2026,70,2021,2021-05-07T08:00:00.000Z,2021-05-14T08:00:00.000Z,55838.5,50139.5,18182.462454,17214.476912,0.325626,0.13025,-1855.742069,145.4597,742.296828,-967.985542,-5.323732,-9.40622
BTC,weekly,otm10,h40,0.4,40,weekly_otm10_h40,batch_years_otm10_2020_2026,71,2021,2021-05-14T08:00:00.000Z,2021-05-21T08:00:00.000Z,50139.5,39921.5,17214.476912,15290.331283,0.343332,0.137333,-3508.162728,180.752008,1403.265091,-1924.145629,-11.177485,-19.329142
BTC,weekly,otm10,h40,0.4,40,weekly_otm10_h40,batch_years_otm10_2020_2026,72,2021,2021-05-21T08:00:00.000Z,2021-05-28T08:00:00.000Z,39921.5,37035.5,15290.331283,14894.69207,0.38301,0.153204,-1105.366684,267.580797,442.146674,-395.639213,-2.587512,-5.479187
BTC,weekly,otm10,h40,0.4,40,weekly_otm10_h40,batch_years_otm10_2020_2026,73,2021,2021-05-28T08:00:00.000Z,2021-06-04T08:00:00.000Z,37035.5,36640.5,14894.69207,15941.742295,0.402173,0.160869,-158.858484,1142.365315,63.543393,1047.050225,7.029687,6.603069
BTC,weekly,otm10,h40,0.4,40,weekly_otm10_h40,batch_years_otm10_2020_2026,74,2021,2021-06-04T08:00:00.000Z,2021-06-11T08:00:00.000Z,36640.5,37160,15941.742295,16356.338868,0.435085,0.174034,226.026804,278.98049,-90.410722,414.596573,2.600698,3.16783
BTC,weekly,otm10,h40,0.4,40,weekly_otm10_h40,batch_years_otm10_2020_2026,75,2021,2021-06-11T08:00:00.000Z,2021-06-18T08:00:00.000Z,37160,37686.5,16356.338868,16797.977624,0.44016,0.176064,231.744145,302.592269,-92.697658,441.638756,2.700108,3.266846
BTC,weekly,otm10,h40,0.4,40,weekly_otm10_h40,batch_years_otm10_2020_2026,76,2021,2021-06-18T08:00:00.000Z,2021-06-25T08:00:00.000Z,37686.5,34290.5,16797.977624,16057.739359,0.445729,0.178292,-1513.696735,167.979776,605.478694,-740.238265,-4.406711,-8.011184
BTC,weekly,otm10,h40,0.4,40,weekly_otm10_h40,batch_years_otm10_2020_2026,77,2021,2021-06-25T08:00:00.000Z,2021-07-02T08:00:00.000Z,34290.5,33382,16057.739359,16136.793518,0.468285,0.187314,-425.437255,334.316512,170.174902,79.054159,0.492312,-0.567457
BTC,weekly,otm10,h40,0.4,40,weekly_otm10_h40,batch_years_otm10_2020_2026,78,2021,2021-07-02T08:00:00.000Z,2021-07-09T08:00:00.000Z,33382,32897,16136.793518,16387.957281,0.483398,0.193359,-234.448052,391.832594,93.779221,251.163764,1.556466,0.975315
BTC,weekly,otm10,h40,0.4,40,weekly_otm10_h40,batch_years_otm10_2020_2026,79,2021,2021-07-09T08:00:00.000Z,2021-07-16T08:00:00.000Z,32897,31795,16387.957281,16238.841665,0.49816,0.199264,-548.97191,180.26753,219.588764,-149.115616,-0.90991,-2.24985
BTC,weekly,otm10,h40,0.4,40,weekly_otm10_h40,batch_years_otm10_2020_2026,80,2021,2021-07-16T08:00:00.000Z,2021-07-23T08:00:00.000Z,31795,32501.5,16238.841665,16569.014421,0.510736,0.204294,360.834774,113.671892,-144.33391,330.172756,2.033228,2.922047
BTC,weekly,otm10,h40,0.4,40,weekly_otm10_h40,batch_years_otm10_2020_2026,81,2021,2021-07-23T08:00:00.000Z,2021-07-30T08:00:00.000Z,32501.5,39787.5,16569.014421,16970.695323,0.509792,0.203917,3714.346694,-1826.927115,-1485.738678,401.680901,2.42429,11.39126
BTC,weekly,otm10,h40,0.4,40,weekly_otm10_h40,batch_years_otm10_2020_2026,82,2021,2021-07-30T08:00:00.000Z,2021-08-06T08:00:00.000Z,39787.5,40752.5,16970.695323,17403.453643,0.426533,0.170613,411.604674,185.795516,-164.64187,432.75832,2.550033,3.520187
BTC,weekly,otm10,h40,0.4,40,weekly_otm10_h40,batch_years_otm10_2020_2026,83,2021,2021-08-06T08:00:00.000Z,2021-08-13T08:00:00.000Z,40752.5,46141.5,17403.453643,18536.868375,0.427052,0.170821,2301.385478,-247.416555,-920.554191,1133.414732,6.512585,11.802077
BTC,weekly,otm10,h40,0.4,40,weekly_otm10_h40,batch_years_otm10_2020_2026,84,2021,2021-08-13T08:00:00.000Z,2021-08-20T08:00:00.000Z,46141.5,46812,18536.868375,19032.151852,0.40174,0.160696,269.366411,333.663631,-107.746564,495.283477,2.671883,3.253139
BTC,weekly,otm10,h40,0.4,40,weekly_otm10_h40,batch_years_otm10_2020_2026,85,2021,2021-08-20T08:00:00.000Z,2021-08-27T08:00:00.000Z,46812,47533.5,19032.151852,19465.088178,0.406566,0.162626,293.337126,256.93405,-117.334851,432.936326,2.274763,2.891271
BTC,weekly,otm10,h40,0.4,40,weekly_otm10_h40,batch_years_otm10_2020_2026,86,2021,2021-08-27T08:00:00.000Z,2021-09-03T08:00:00.000Z,47533.5,49323.5,19465.088178,20023.506163,0.409503,0.163801,733.009516,118.612275,-293.203806,558.417985,2.868818,4.375124
BTC,weekly,otm10,h40,0.4,40,weekly_otm10_h40,batch_years_otm10_2020_2026,87,2021,2021-09-03T08:00:00.000Z,2021-09-10T08:00:00.000Z,49323.5,46189.5,20023.506163,19520.439294,0.405963,0.162385,-1272.287415,260.30558,508.914966,-503.066869,-2.512382,-5.053969
BTC,weekly,otm10,h40,0.4,40,weekly_otm10_h40,batch_years_otm10_2020_2026,88,2021,2021-09-10T08:00:00.000Z,2021-09-17T08:00:00.000Z,46189.5,47724,19520.439294,20104.746589,0.422616,0.169047,648.504835,195.204393,-259.401934,584.307294,2.99331,4.322184
BTC,weekly,otm10,h40,0.4,40,weekly_otm10_h40,batch_years_otm10_2020_2026,89,2021,2021-09-17T08:00:00.000Z,2021-09-24T08:00:00.000Z,47724,44800.5,20104.746589,19536.685129,0.421271,0.168508,-1231.586343,170.890346,492.634537,-568.06146,-2.825509,-5.275849
BTC,weekly,otm10,h40,0.4,40,weekly_otm10_h40,batch_years_otm10_2020_2026,90,2021,2021-09-24T08:00:00.000Z,2021-10-01T08:00:00.000Z,44800.5,44823.5,19536.685129,19803.189793,0.436082,0.174433,10.029883,260.486735,-4.011953,266.504665,1.364124,1.38466
BTC,weekly,otm10,h40,0.4,40,weekly_otm10_h40,batch_years_otm10_2020_2026,91,2021,2021-10-01T08:00:00.000Z,2021-10-08T08:00:00.000Z,44823.5,54886,19803.189793,20308.304607,0.441804,0.176721,4445.650101,-2162.275246,-1778.26004,505.114814,2.550674,11.530339
BTC,weekly,otm10,h40,0.4,40,weekly_otm10_h40,batch_years_otm10_2020_2026,92,2021,2021-10-08T08:00:00.000Z,2021-10-15T08:00:00.000Z,54886,59325.5,20308.304607,21527.442629,0.370009,0.148004,1642.654198,233.545503,-657.061679,1219.138022,6.00315,9.238584
BTC,weekly,otm10,h40,0.4,40,weekly_otm10_h40,batch_years_otm10_2020_2026,93,2021,2021-10-15T08:00:00.000Z,2021-10-22T08:00:00.000Z,59325.5,63426.5,21527.442629,22850.869339,0.36287,0.145148,1488.129762,430.548853,-595.251905,1323.42671,6.147626,8.91271
BTC,weekly,otm10,h40,0.4,40,weekly_otm10_h40,batch_years_otm10_2020_2026,94,2021,2021-10-22T08:00:00.000Z,2021-10-29T08:00:00.000Z,63426.5,60639,22850.869339,22522.522812,0.360273,0.144109,-1004.261599,274.210432,401.704639,-328.346527,-1.43691,-3.194851
BTC,weekly,otm10,h40,0.4,40,weekly_otm10_h40,batch_years_otm10_2020_2026,95,2021,2021-10-29T08:00:00.000Z,2021-11-05T08:00:00.000Z,60639,62143,22522.522812,23056.22116,0.37142,0.148568,558.615319,198.529157,-223.446127,533.698348,2.369621,3.361721
BTC,weekly,otm10,h40,0.4,40,weekly_otm10_h40,batch_years_otm10_2020_2026,96,2021,2021-11-05T08:00:00.000Z,2021-11-12T08:00:00.000Z,62143,64592,23056.22116,23855.014614,0.371019,0.148408,908.625036,253.618433,-363.450014,798.793454,3.464546,5.04091
BTC,weekly,otm10,h40,0.4,40,weekly_otm10_h40,batch_years_otm10_2020_2026,97,2021,2021-11-12T08:00:00.000Z,2021-11-19T08:00:00.000Z,64592,55994.5,23855.014614,22188.435752,0.369318,0.147727,-3175.215013,238.550146,1270.086005,-1666.578862,-6.986283,-12.310472
BTC,weekly,otm10,h40,0.4,40,weekly_otm10_h40,batch_years_otm10_2020_2026,98,2021,2021-11-19T08:00:00.000Z,2021-11-26T08:00:00.000Z,55994.5,57049,22188.435752,22683.222871,0.396261,0.158504,417.857209,244.072793,-167.142884,494.787119,2.229932,2.983221
BTC,weekly,otm10,h40,0.4,40,weekly_otm10_h40,batch_years_otm10_2020_2026,99,2021,2021-11-26T08:00:00.000Z,2021-12-03T08:00:00.000Z,57049,56770,22683.222871,22777.324844,0.397609,0.159044,-110.933043,160.661799,44.373217,94.101973,0.414853,0.219231
BTC,weekly,otm10,h40,0.4,40,weekly_otm10_h40,batch_years_otm10_2020_2026,100,2021,2021-12-03T08:00:00.000Z,2021-12-10T08:00:00.000Z,56770,47738.5,22777.324844,20830.920788,0.401221,0.160488,-3623.628841,227.773248,1449.451537,-1946.404056,-8.545358,-14.908931
BTC,weekly,otm10,h40,0.4,40,weekly_otm10_h40,batch_years_otm10_2020_2026,101,2021,2021-12-10T08:00:00.000Z,2021-12-17T08:00:00.000Z,47738.5,46990.5,20830.920788,20853.809448,0.436355,0.174542,-326.393346,218.724668,130.557338,22.888661,0.109878,-0.51687
BTC,weekly,otm10,h40,0.4,40,weekly_otm10_h40,batch_years_otm10_2020_2026,102,2021,2021-12-17T08:00:00.000Z,2021-12-24T08:00:00.000Z,46990.5,51060.5,20853.809448,22104.369671,0.443788,0.177515,1806.216245,166.830476,-722.486498,1250.560223,5.996795,9.461325
BTC,weekly,otm10,h40,0.4,40,weekly_otm10_h40,batch_years_otm10_2020_2026,103,2021,2021-12-24T08:00:00.000Z,2021-12-31T08:00:00.000Z,51060.5,47184,22104.369671,21307.466354,0.432905,0.173162,-1678.158048,209.991512,671.263219,-796.903317,-3.605185,-6.641974
BTC,weekly,otm10,h40,0.4,40,weekly_otm10_h40,batch_years_otm10_2020_2026,104,2022,2022-01-07T08:00:00.000Z,2022-01-14T08:00:00.000Z,41708,42625,21307.466354,21748.35435,0.510872,0.204349,468.469997,159.805998,-187.387999,440.887996,2.069171,2.970901
BTC,weekly,otm10,h40,0.4,40,weekly_otm10_h40,batch_years_otm10_2020_2026,105,2022,2022-01-14T08:00:00.000Z,2022-01-21T08:00:00.000Z,42625,39123,21748.35435,20763.262321,0.510225,0.20409,-1786.809078,86.993417,714.723631,-985.092029,-4.529501,-7.815836
BTC,weekly,otm10,h40,0.4,40,weekly_otm10_h40,batch_years_otm10_2020_2026,106,2022,2022-01-21T08:00:00.000Z,2022-01-28T08:00:00.000Z,39123,36827,20763.262321,20156.725411,0.530718,0.212287,-1218.527472,124.579574,487.410989,-606.536909,-2.921202,-5.268671
BTC,weekly,otm10,h40,0.4,40,weekly_otm10_h40,batch_years_otm10_2020_2026,107,2022,2022-01-28T08:00:00.000Z,2022-02-04T08:00:00.000Z,36827,37886,20156.725411,20753.068656,0.547336,0.218934,579.628322,248.566251,-231.851329,596.343245,2.958532,4.108775
BTC,weekly,otm10,h40,0.4,40,weekly_otm10_h40,batch_years_otm10_2020_2026,108,2022,2022-02-04T08:00:00.000Z,2022-02-11T08:00:00.000Z,37886,43395,20753.068656,21909.590184,0.547777,0.219111,3017.701928,-654.099629,-1207.080771,1156.521528,5.572774,11.38917
BTC,weekly,otm10,h40,0.4,40,weekly_otm10_h40,batch_years_otm10_2020_2026,109,2022,2022-02-11T08:00:00.000Z,2022-02-18T08:00:00.000Z,43395,40656,21909.590184,21178.451331,0.504887,0.201955,-1382.886681,98.593156,553.154672,-731.138853,-3.337072,-5.861787
BTC,weekly,otm10,h40,0.4,40,weekly_otm10_h40,batch_years_otm10_2020_2026,110,2022,2022-02-18T08:00:00.000Z,2022-02-25T08:00:00.000Z,40656,38512.5,21178.451331,20582.622982,0.520918,0.208367,-1116.588214,74.12458,446.635286,-595.828349,-2.813371,-4.922285
BTC,weekly,otm10,h40,0.4,40,weekly_otm10_h40,batch_years_otm10_2020_2026,111,2022,2022-02-25T08:00:00.000Z,2022-03-04T08:00:00.000Z,38512.5,41462.5,20582.622982,21756.424451,0.53444,0.213776,1576.59819,227.842554,-630.639276,1173.801468,5.702876,8.766816
BTC,weekly,otm10,h40,0.4,40,weekly_otm10_h40,batch_years_otm10_2020_2026,112,2022,2022-03-04T08:00:00.000Z,2022-03-11T08:00:00.000Z,41462.5,39149.5,21756.424451,21136.992745,0.524725,0.20989,-1213.689714,108.782122,485.475885,-619.431706,-2.847121,-5.078535
BTC,weekly,otm10,h40,0.4,40,weekly_otm10_h40,batch_years_otm10_2020_2026,113,2022,2022-03-11T08:00:00.000Z,2022-03-18T08:00:00.000Z,39149.5,40598,21136.992745,21785.888218,0.539905,0.215962,782.051725,179.664438,-312.82069,648.895473,3.069952,4.54992
BTC,weekly,otm10,h40,0.4,40,weekly_otm10_h40,batch_years_otm10_2020_2026,114,2022,2022-03-18T08:00:00.000Z,2022-03-25T08:00:00.000Z,40598,43967.5,21785.888218,23034.176468,0.536625,0.21465,1808.156814,163.394162,-723.262726,1248.28825,5.729802,9.04967
BTC,weekly,otm10,h40,0.4,40,weekly_otm10_h40,batch_years_otm10_2020_2026,115,2022,2022-03-25T08:00:00.000Z,2022-04-01T08:00:00.000Z,43967.5,45017.5,23034.176468,23507.825683,0.523891,0.209556,550.085524,143.597901,-220.03421,473.649215,2.056289,3.01154
BTC,weekly,otm10,h40,0.4,40,weekly_otm10_h40,batch_years_otm10_2020_2026,116,2022,2022-04-01T08:00:00.000Z,2022-04-08T08:00:00.000Z,45017.5,43759.5,23507.825683,23152.944296,0.522193,0.208877,-656.918858,39.269927,262.767543,-354.881388,-1.509631,-2.627418
BTC,weekly,otm10,h40,0.4,40,weekly_otm10_h40,batch_years_otm10_2020_2026,117,2022,2022-04-08T08:00:00.000Z,2022-04-15T08:00:00.000Z,43759.5,40233,23152.944296,22102.890455,0.529095,0.211638,-1865.854456,69.458833,746.341782,-1050.053841,-4.535293,-7.758822
BTC,weekly,otm10,h40,0.4,40,weekly_otm10_h40,batch_years_otm10_2020_2026,118,2022,2022-04-15T08:00:00.000Z,2022-04-22T08:00:00.000Z,40233,40734.5,22102.890455,22323.453767,0.549372,0.219749,275.510143,55.257226,-110.204057,220.563312,0.997894,1.496489
BTC,weekly,otm10,h40,0.4,40,weekly_otm10_h40,batch_years_otm10_2020_2026,119,2022,2022-04-22T08:00:00.000Z,2022-04-29T08:00:00.000Z,40734.5,39629,22323.453767,22015.758568,0.548023,0.219209,-605.839722,55.808634,242.335889,-307.695199,-1.378349,-2.463916
BTC,weekly,otm10,h40,0.4,40,weekly_otm10_h40,batch_years_otm10_2020_2026,120,2022,2022-04-29T08:00:00.000Z,2022-05-06T08:00:00.000Z,39629,36356.5,22015.758568,20987.318978,0.555547,0.222219,-1818.026443,62.376276,727.210577,-1028.43959,-4.671379,-7.974516
BTC,weekly,otm10,h40,0.4,40,weekly_otm10_h40,batch_years_otm10_2020_2026,121,2022,2022-05-06T08:00:00.000Z,2022-05-13T08:00:00.000Z,36356.5,30117.5,20987.318978,18910.3361,0.577265,0.230906,-3601.55359,83.949276,1440.621436,-2076.982878,-9.896371,-16.760618
BTC,weekly,otm10,h40,0.4,40,weekly_otm10_h40,batch_years_otm10_2020_2026,122,2022,2022-05-13T08:00:00.000Z,2022-05-20T08:00:00.000Z,30117.5,30260,18910.3361,19181.48916,0.627885,0.251154,89.473658,217.468865,-35.789463,271.15306,1.433888,1.623147
BTC,weekly,otm10,h40,0.4,40,weekly_otm10_h40,batch_years_otm10_2020_2026,123,2022,2022-05-20T08:00:00.000Z,2022-05-27T08:00:00.000Z,30260,28958,19181.48916,18849.337524,0.633889,0.253556,-825.323823,163.042658,330.129529,-332.151636,-1.731626,-3.45271
BTC,weekly,otm10,h40,0.4,40,weekly_otm10_h40,batch_years_otm10_2020_2026,124,2022,2022-05-27T08:00:00.000Z,2022-06-03T08:00:00.000Z,28958,30460,18849.337524,19582.602641,0.65092,0.260368,977.681641,146.656133,-391.072656,733.265117,3.890137,5.964866
BTC,weekly,otm10,h40,0.4,40,weekly_otm10_h40,batch_years_otm10_2020_2026,125,2022,2022-06-03T08:00:00.000Z,2022-06-10T08:00:00.000Z,30460,30054,19582.602641,19484.74106,0.642896,0.257158,-261.015649,58.747808,104.40626,-97.861582,-0.499737,-1.032896
BTC,weekly,otm10,h40,0.4,40,weekly_otm10_h40,batch_years_otm10_2020_2026,126,2022,2022-06-10T08:00:00.000Z,2022-06-17T08:00:00.000Z,30054,21064,19484.74106,16104.587775,0.648324,0.25933,-5828.436219,116.908446,2331.374488,-3380.153285,-17.347694,-29.312824
BTC,weekly,otm10,h40,0.4,40,weekly_otm10_h40,batch_years_otm10_2020_2026,127,2022,2022-06-17T08:00:00.000Z,2022-06-24T08:00:00.000Z,21064,20924,16104.587775,16346.352317,0.764555,0.305822,-107.037708,305.987168,42.815083,241.764543,1.501215,1.235359
BTC,weekly,otm10,h40,0.4,40,weekly_otm10_h40,batch_years_otm10_2020_2026,128,2022,2022-06-24T08:00:00.000Z,2022-07-01T08:00:00.000Z,20924,19550.5,16346.352317,16292.903552,0.781225,0.31249,-1073.012565,590.358773,429.205026,-53.448766,-0.326977,-2.95267
BTC,weekly,otm10,h40,0.4,40,weekly_otm10_h40,batch_years_otm10_2020_2026,129,2022,2022-07-01T08:00:00.000Z,2022-07-08T08:00:00.000Z,19550.5,21796.5,16292.903552,17657.721587,0.833375,0.33335,1871.760895,241.761499,-748.704358,1364.818036,8.376764,12.972043
BTC,weekly,otm10,h40,0.4,40,weekly_otm10_h40,batch_years_otm10_2020_2026,130,2022,2022-07-08T08:00:00.000Z,2022-07-15T08:00:00.000Z,21796.5,20817.5,17657.721587,17323.120462,0.810117,0.324047,-793.10483,141.261773,317.241932,-334.601125,-1.894928,-3.691547
BTC,weekly,otm10,h40,0.4,40,weekly_otm10_h40,batch_years_otm10_2020_2026,131,2022,2022-07-15T08:00:00.000Z,2022-07-22T08:00:00.000Z,20817.5,23142,17323.120462,18454.84739,0.832142,0.332857,1934.314568,-28.861812,-773.725827,1131.726928,6.533043,10.999478
BTC,weekly,otm10,h40,0.4,40,weekly_otm10_h40,batch_years_otm10_2020_2026,132,2022,2022-07-22T08:00:00.000Z,2022-07-29T08:00:00.000Z,23142,23977,18454.84739,19103.515897,0.797461,0.318984,665.880113,249.14044,-266.352045,648.668507,3.514895,4.958158
BTC,weekly,otm10,h40,0.4,40,weekly_otm10_h40,batch_years_otm10_2020_2026,133,2022,2022-07-29T08:00:00.000Z,2022-08-05T08:00:00.000Z,23977,23191.5,19103.515897,18990.860701,0.796743,0.318697,-625.841921,262.849956,250.336768,-112.655196,-0.589709,-1.900132
BTC,weekly,otm10,h40,0.4,40,weekly_otm10_h40,batch_years_otm10_2020_2026,134,2022,2022-08-05T08:00:00.000Z,2022-08-12T08:00:00.000Z,23191.5,23998.5,18990.860701,19472.817203,0.818872,0.327549,660.829381,85.458873,-264.331752,481.956502,2.537834,3.929723
BTC,weekly,otm10,h40,0.4,40,weekly_otm10_h40,batch_years_otm10_2020_2026,135,2022,2022-08-12T08:00:00.000Z,2022-08-19T08:00:00.000Z,23998.5,21895.5,19472.817203,18604.752386,0.811418,0.324567,-1706.412258,155.782538,682.564903,-868.064817,-4.457829,-7.963048
BTC,weekly,otm10,h40,0.4,40,weekly_otm10_h40,batch_years_otm10_2020_2026,136,2022,2022-08-19T08:00:00.000Z,2022-08-26T08:00:00.000Z,21895.5,21449,18604.752386,18572.465869,0.849707,0.339883,-379.394028,195.3499,151.757611,-32.286517,-0.173539,-0.989232
BTC,weekly,otm10,h40,0.4,40,weekly_otm10_h40,batch_years_otm10_2020_2026,137,2022,2022-08-26T08:00:00.000Z,2022-09-02T08:00:00.000Z,21449,20120,18572.465869,17919.523182,0.86589,0.346356,-1150.767268,37.517674,460.306907,-652.942687,-3.515649,-5.994086
BTC,weekly,otm10,h40,0.4,40,weekly_otm10_h40,batch_years_otm10_2020_2026,138,2022,2022-09-02T08:00:00.000Z,2022-09-09T08:00:00.000Z,20120,20643.5,17919.523182,18272.02036,0.890632,0.356253,466.246043,72.749552,-186.498417,352.497178,1.967112,3.007868
BTC,weekly,otm10,h40,0.4,40,weekly_otm10_h40,batch_years_otm10_2020_2026,139,2022,2022-09-09T08:00:00.000Z,2022-09-16T08:00:00.000Z,20643.5,19734.5,18272.02036,17935.450869,0.885122,0.354049,-804.57609,146.176163,321.830436,-336.569491,-1.841994,-3.603323
BTC,weekly,otm10,h40,0.4,40,weekly_otm10_h40,batch_years_otm10_2020_2026,140,2022,2022-09-16T08:00:00.000Z,2022-09-23T08:00:00.000Z,19734.5,19210,17935.450869,17739.117006,0.908837,0.363535,-476.685195,89.677254,190.674078,-196.333863,-1.094669,-2.157782
BTC,weekly,otm10,h40,0.4,40,weekly_otm10_h40,batch_years_otm10_2020_2026,141,2022,2022-09-23T08:00:00.000Z,2022-09-30T08:00:00.000Z,19210,19564,17739.117006,18041.688536,0.923431,0.369373,326.894712,106.434702,-130.757885,302.571529,1.705674,2.44279
BTC,weekly,otm10,h40,0.4,40,weekly_otm10_h40,batch_years_otm10_2020_2026,142,2022,2022-09-30T08:00:00.000Z,2022-10-07T08:00:00.000Z,19564,19940,18041.688536,18341.021524,0.922188,0.368875,346.742736,91.287347,-138.697094,299.332989,1.659118,2.427877
BTC,weekly,otm10,h40,0.4,40,weekly_otm10_h40,batch_years_otm10_2020_2026,143,2022,2022-10-07T08:00:00.000Z,2022-10-14T08:00:00.000Z,19940,19643.5,18341.021524,18259.921832,0.919811,0.367924,-272.723816,82.534597,109.089526,-81.099692,-0.442177,-1.036961
BTC,weekly,otm10,h40,0.4,40,weekly_otm10_h40,batch_years_otm10_2020_2026,144,2022,2022-10-14T08:00:00.000Z,2022-10-21T08:00:00.000Z,19643.5,19031.5,18259.921832,17955.105188,0.929566,0.371826,-568.894146,36.519844,227.557658,-304.816644,-1.669321,-2.915534
BTC,weekly,otm10,h40,0.4,40,weekly_otm10_h40,batch_years_otm10_2020_2026,145,2022,2022-10-21T08:00:00.000Z,2022-10-28T08:00:00.000Z,19031.5,20092,17955.105188,18591.327167,0.943441,0.377377,1000.519615,35.91021,-400.207846,636.221979,3.543404,5.772341
BTC,weekly,otm10,h40,0.4,40,weekly_otm10_h40,batch_years_otm10_2020_2026,146,2022,2022-10-28T08:00:00.000Z,2022-11-04T08:00:00.000Z,20092,20629,18591.327167,18903.944734,0.92531,0.370124,496.891434,14.482706,-198.756574,312.617566,1.681524,2.750606
BTC,weekly,otm10,h40,0.4,40,weekly_otm10_h40,batch_years_otm10_2020_2026,147,2022,2022-11-04T08:00:00.000Z,2022-11-11T08:00:00.000Z,20629,17276,18903.944734,17079.281079,0.916377,0.366551,-3072.612666,18.903945,1229.045066,-1824.663655,-9.65229,-16.153817
BTC,weekly,otm10,h40,0.4,40,weekly_otm10_h40,batch_years_otm10_2020_2026,148,2022,2022-11-11T08:00:00.000Z,2022-11-18T08:00:00.000Z,17276,16731,17079.281079,16892.638822,0.988613,0.395445,-538.794176,136.634249,215.51767,-186.642257,-1.092799,-2.354665
BTC,weekly,otm10,h40,0.4,40,weekly_otm10_h40,batch_years_otm10_2020_2026,149,2022,2022-11-18T08:00:00.000Z,2022-11-25T08:00:00.000Z,16731,16456,16892.638822,16878.0785,1.009661,0.403864,-277.656785,152.033749,111.062714,-14.560322,-0.086193,-0.743655
BTC,weekly,otm10,h40,0.4,40,weekly_otm10_h40,batch_years_otm10_2020_2026,150,2022,2022-11-25T08:00:00.000Z,2022-12-02T08:00:00.000Z,16456,16959.5,16878.0785,17306.006465,1.025649,0.41026,516.414227,118.079429,-206.565691,427.927965,2.535407,3.759277
BTC,weekly,otm10,h40,0.4,40,weekly_otm10_h40,batch_years_otm10_2020_2026,151,2022,2022-12-02T08:00:00.000Z,2022-12-09T08:00:00.000Z,16959.5,17203.5,17306.006465,17465.376361,1.020431,0.408173,248.985264,9.978737,-99.594105,159.369896,0.920894,1.496382
BTC,weekly,otm10,h40,0.4,40,weekly_otm10_h40,batch_years_otm10_2020_2026,152,2022,2022-12-09T08:00:00.000Z,2022-12-16T08:00:00.000Z,17203.5,17512.5,17465.376361,17688.529323,1.015222,0.406089,313.703682,34.930753,-125.481473,223.152962,1.277688,1.996146
BTC,weekly,otm10,h40,0.4,40,weekly_otm10_h40,batch_years_otm10_2020_2026,153,2022,2022-12-16T08:00:00.000Z,2022-12-23T08:00:00.000Z,17512.5,16846,17688.529323,17311.142466,1.010052,0.404021,-673.199417,26.532794,269.279767,-377.386856,-2.133512,-3.655853
BTC,weekly,otm10,h40,0.4,40,weekly_otm10_h40,batch_years_otm10_2020_2026,154,2022,2022-12-23T08:00:00.000Z,2022-12-30T08:00:00.000Z,16846,16467.5,17311.142466,17103.73862,1.027611,0.411045,-388.950933,25.966714,155.580373,-207.403846,-1.198095,-2.096824
BTC,weekly,otm10,h40,0.4,40,weekly_otm10_h40,batch_years_otm10_2020_2026,155,2023,2023-01-06T08:00:00.000Z,2023-01-13T08:00:00.000Z,16783,18843,17103.73862,17558.531646,1.019111,0.407644,2099.368501,-804.828074,-839.747401,454.793026,2.659027,7.580127
BTC,weekly,otm10,h40,0.4,40,weekly_otm10_h40,batch_years_otm10_2020_2026,156,2023,2023-01-13T08:00:00.000Z,2023-01-20T08:00:00.000Z,18843,20950,17558.531646,18771.672151,0.931833,0.372733,1963.372402,35.117063,-785.348961,1213.140505,6.909123,11.381871
BTC,weekly,otm10,h40,0.4,40,weekly_otm10_h40,batch_years_otm10_2020_2026,157,2023,2023-01-20T08:00:00.000Z,2023-01-27T08:00:00.000Z,20950,23089,18771.672151,19957.920868,0.896023,0.358409,1916.592207,36.293393,-766.636883,1186.248717,6.319356,10.403365
BTC,weekly,otm10,h40,0.4,40,weekly_otm10_h40,batch_years_otm10_2020_2026,158,2023,2023-01-27T08:00:00.000Z,2023-02-03T08:00:00.000Z,23089,23449.5,19957.920868,20336.094188,0.864391,0.345756,311.61291,191.205574,-124.645164,378.17332,1.894853,2.519393
BTC,weekly,otm10,h40,0.4,40,weekly_otm10_h40,batch_years_otm10_2020_2026,159,2023,2023-02-03T08:00:00.000Z,2023-02-10T08:00:00.000Z,23449.5,21912.5,20336.094188,19627.847723,0.867229,0.346892,-1332.931481,91.512424,533.172592,-708.246465,-3.482706,-6.104511
BTC,weekly,otm10,h40,0.4,40,weekly_otm10_h40,batch_years_otm10_2020_2026,160,2023,2023-02-10T08:00:00.000Z,2023-02-17T08:00:00.000Z,21912.5,23646.5,19627.847723,20599.028702,0.895737,0.358295,1553.208806,39.255695,-621.283522,971.180979,4.947975,8.113292
BTC,weekly,otm10,h40,0.4,40,weekly_otm10_h40,batch_years_otm10_2020_2026,161,2023,2023-02-17T08:00:00.000Z,2023-02-24T08:00:00.000Z,23646.5,23854,20599.028702,20810.478757,0.871124,0.34845,180.758186,102.995144,-72.303275,211.450055,1.026505,1.377508
BTC,weekly,otm10,h40,0.4,40,weekly_otm10_h40,batch_years_otm10_2020_2026,162,2023,2023-02-24T08:00:00.000Z,2023-03-03T08:00:00.000Z,23854,22350.5,20810.478757,20119.528042,0.87241,0.348964,-1311.669104,96.050747,524.667642,-690.950715,-3.320206,-5.841376
BTC,weekly,otm10,h40,0.4,40,weekly_otm10_h40,batch_years_otm10_2020_2026,163,2023,2023-03-03T08:00:00.000Z,2023-03-10T08:00:00.000Z,22350.5,19940.5,20119.528042,18858.103263,0.900182,0.360073,-2169.439725,40.239056,867.77589,-1261.424779,-6.269654,-10.582757
BTC,weekly,otm10,h40,0.4,40,weekly_otm10_h40,batch_years_otm10_2020_2026,164,2023,2023-03-10T08:00:00.000Z,2023-03-17T08:00:00.000Z,19940.5,26178,18858.103263,18571.580294,0.945719,0.378287,5898.920243,-3825.875114,-2359.568097,-286.522969,-1.519363,10.992861
BTC,weekly,otm10,h40,0.4,40,weekly_otm10_h40,batch_years_otm10_2020_2026,165,2023,2023-03-17T08:00:00.000Z,2023-03-24T08:00:00.000Z,26178,28349.5,18571.580294,19663.046924,0.709435,0.283774,1540.537345,167.144223,-616.214938,1091.466629,5.87708,9.195133
BTC,weekly,otm10,h40,0.4,40,weekly_otm10_h40,batch_years_otm10_2020_2026,166,2023,2023-03-24T08:00:00.000Z,2023-03-31T08:00:00.000Z,28349.5,27737,19663.046924,19575.286978,0.693594,0.277438,-424.826408,167.135899,169.930563,-87.759946,-0.446319,-1.310532
BTC,weekly,otm10,h40,0.4,40,weekly_otm10_h40,batch_years_otm10_2020_2026,167,2023,2023-03-31T08:00:00.000Z,2023-04-07T08:00:00.000Z,27737,27844.5,19575.286978,19722.158245,0.705746,0.282299,75.867734,101.350626,-30.347094,146.871267,0.750289,0.905317
BTC,weekly,otm10,h40,0.4,40,weekly_otm10_h40,batch_years_otm10_2020_2026,168,2023,2023-04-07T08:00:00.000Z,2023-04-14T08:00:00.000Z,27844.5,30773,19722.158245,21016.01119,0.708296,0.283319,2074.245916,49.305396,-829.698367,1293.852945,6.560402,10.767337
BTC,weekly,otm10,h40,0.4,40,weekly_otm10_h40,batch_years_otm10_2020_2026,169,2023,2023-04-14T08:00:00.000Z,2023-04-21T08:00:00.000Z,30773,28165,21016.01119,20041.923886,0.682937,0.273175,-1781.098924,94.57205,712.43957,-974.087304,-4.634977,-8.024962
BTC,weekly,otm10,h40,0.4,40,weekly_otm10_h40,batch_years_otm10_2020_2026,170,2023,2023-04-21T08:00:00.000Z,2023-04-28T08:00:00.000Z,28165,29505,20041.923886,20674.167776,0.71159,0.284636,953.530197,60.125772,-381.412079,632.24389,3.154607,5.057678
BTC,weekly,otm10,h40,0.4,40,weekly_otm10_h40,batch_years_otm10_2020_2026,171,2023,2023-04-28T08:00:00.000Z,2023-05-05T08:00:00.000Z,29505,29069,20674.167776,20595.203465,0.7007,0.28028,-305.505411,104.338936,122.202164,-78.964311,-0.381947,-0.973033
BTC,weekly,otm10,h40,0.4,40,weekly_otm10_h40,batch_years_otm10_2020_2026,172,2023,2023-05-05T08:00:00.000Z,2023-05-12T08:00:00.000Z,29069,26298,20595.203465,19489.345046,0.708494,0.283397,-1963.236052,72.083212,785.294421,-1105.858419,-5.369495,-9.182492
BTC,weekly,otm10,h40,0.4,40,weekly_otm10_h40,batch_years_otm10_2020_2026,173,2023,2023-05-12T08:00:00.000Z,2023-05-19T08:00:00.000Z,26298,26869.5,19489.345046,19792.190259,0.741096,0.296438,423.536417,48.723363,-169.414567,302.845213,1.553901,2.423169
BTC,weekly,otm10,h40,0.4,40,weekly_otm10_h40,batch_years_otm10_2020_2026,174,2023,2023-05-19T08:00:00.000Z,2023-05-26T08:00:00.000Z,26869.5,26517,19792.190259,19666.086727,0.736604,0.294642,-259.653029,29.688285,103.861212,-126.103532,-0.637138,-1.161896
BTC,weekly,otm10,h40,0.4,40,weekly_otm10_h40,batch_years_otm10_2020_2026,175,2023,2023-05-26T08:00:00.000Z,2023-06-02T08:00:00.000Z,26517,27059,19666.086727,19921.763104,0.741641,0.296656,401.969265,14.494818,-160.787706,255.676377,1.300088,2.117676
BTC,weekly,otm10,h40,0.4,40,weekly_otm10_h40,batch_years_otm10_2020_2026,176,2023,2023-06-02T08:00:00.000Z,2023-06-09T08:00:00.000Z,27059,26509.5,19921.763104,19683.539699,0.736234,0.294494,-404.560731,4.513034,161.824292,-238.223405,-1.195795,-2.008094
BTC,weekly,otm10,h40,0.4,40,weekly_otm10_h40,batch_years_otm10_2020_2026,177,2023,2023-06-09T08:00:00.000Z,2023-06-16T08:00:00.000Z,26509.5,25513,19683.539699,19269.118937,0.742509,0.297004,-739.910119,29.52531,295.964048,-414.420762,-2.105418,-3.60903
BTC,weekly,otm10,h40,0.4,40,weekly_otm10_h40,batch_years_otm10_2020_2026,178,2023,2023-06-16T08:00:00.000Z,2023-06-23T08:00:00.000Z,25513,29937,19269.118937,19813.076731,0.755267,0.302107,3341.299815,-1460.822095,-1336.519926,543.957794,2.822951,9.759023
BTC,weekly,otm10,h40,0.4,40,weekly_otm10_h40,batch_years_otm10_2020_2026,179,2023,2023-06-23T08:00:00.000Z,2023-06-30T08:00:00.000Z,29937,30765,19813.076731,20211.21752,0.661826,0.26473,547.9917,69.345769,-219.19668,398.140789,2.009485,3.115808
BTC,weekly,otm10,h40,0.4,40,weekly_otm10_h40,batch_years_otm10_2020_2026,180,2023,2023-06-30T08:00:00.000Z,2023-07-07T08:00:00.000Z,30765,30018,20211.21752,19951.109744,0.656955,0.262782,-490.745311,34.339411,196.298124,-260.107776,-1.286948,-2.258181
BTC,weekly,otm10,h40,0.4,40,weekly_otm10_h40,batch_years_otm10_2020_2026,181,2023,2023-07-07T08:00:00.000Z,2023-07-14T08:00:00.000Z,30018,31118,19951.109744,20453.614513,0.664638,0.265855,731.102029,63.843551,-292.440812,502.504769,2.518681,3.984468
BTC,weekly,otm10,h40,0.4,40,weekly_otm10_h40,batch_years_otm10_2020_2026,182,2023,2023-07-14T08:00:00.000Z,2023-07-21T08:00:00.000Z,31118,29772.5,20453.614513,19988.434194,0.657292,0.262917,-884.386475,65.451566,353.75459,-465.180319,-2.274318,-4.003864
BTC,weekly,otm10,h40,0.4,40,weekly_otm10_h40,batch_years_otm10_2020_2026,183,2023,2023-07-21T08:00:00.000Z,2023-07-28T08:00:00.000Z,29772.5,29135,19988.434194,19763.615753,0.671372,0.268549,-427.999892,31.981495,171.199957,-224.818441,-1.124743,-1.981238
BTC,weekly,otm10,h40,0.4,40,weekly_otm10_h40,batch_years_otm10_2020_2026,184,2023,2023-07-28T08:00:00.000Z,2023-08-04T08:00:00.000Z,29135,29199,19763.615753,19791.027341,0.678346,0.271338,43.414155,1.363095,-17.365662,27.411588,0.138697,0.226564
BTC,weekly,otm10,h40,0.4,40,weekly_otm10_h40,batch_years_otm10_2020_2026,185,2023,2023-08-04T08:00:00.000Z,2023-08-11T08:00:00.000Z,29199,29385.5,19791.027341,19890.622184,0.677798,0.271119,126.40935,23.749233,-50.56374,99.594843,0.503232,0.758721
BTC,weekly,otm10,h40,0.4,40,weekly_otm10_h40,batch_years_otm10_2020_2026,186,2023,2023-08-11T08:00:00.000Z,2023-08-18T08:00:00.000Z,29385.5,26404.5,19890.622184,18711.769572,0.676886,0.270754,-2017.796013,31.824995,807.118405,-1178.852612,-5.926675,-9.984459
BTC,weekly,otm10,h40,0.4,40,weekly_otm10_h40,batch_years_otm10_2020_2026,187,2023,2023-08-18T08:00:00.000Z,2023-08-25T08:00:00.000Z,26404.5,25962,18711.769572,18583.498441,0.708658,0.283463,-313.581323,59.877663,125.432529,-128.271131,-0.68551,-1.355851
BTC,weekly,otm10,h40,0.4,40,weekly_otm10_h40,batch_years_otm10_2020_2026,188,2023,2023-08-25T08:00:00.000Z,2023-09-01T08:00:00.000Z,25962,25975,18583.498441,18644.217246,0.715796,0.286318,9.305349,55.135595,-3.72214,60.718805,0.326735,0.346764
BTC,weekly,otm10,h40,0.4,40,weekly_otm10_h40,batch_years_otm10_2020_2026,189,2023,2023-09-01T08:00:00.000Z,2023-09-08T08:00:00.000Z,25975,26254.5,18644.217246,18769.905022,0.717775,0.28711,200.618238,5.316834,-80.247295,125.687777,0.674138,1.104552
BTC,weekly,otm10,h40,0.4,40,weekly_otm10_h40,batch_years_otm10_2020_2026,190,2023,2023-09-08T08:00:00.000Z,2023-09-15T08:00:00.000Z,26254.5,26578,18769.905022,18929.31817,0.714921,0.285969,231.277087,20.646896,-92.510835,159.413148,0.849302,1.34217
BTC,weekly,otm10,h40,0.4,40,weekly_otm10_h40,batch_years_otm10_2020_2026,191,2023,2023-09-15T08:00:00.000Z,2023-09-22T08:00:00.000Z,26578,26676.5,18929.31817,19001.697137,0.712218,0.284887,70.153429,30.286909,-28.061372,72.378967,0.382364,0.530607
BTC,weekly,otm10,h40,0.4,40,weekly_otm10_h40,batch_years_otm10_2020_2026,192,2023,2023-09-22T08:00:00.000Z,2023-09-29T08:00:00.000Z,26676.5,27172.5,19001.697137,19244.080624,0.712301,0.28492,353.301287,30.402715,-141.320515,242.383488,1.275589,2.019314
BTC,weekly,otm10,h40,0.4,40,weekly_otm10_h40,batch_years_otm10_2020_2026,193,2023,2023-09-29T08:00:00.000Z,2023-10-06T08:00:00.000Z,27172.5,27646,19244.080624,19446.57795,0.708219,0.283288,335.341694,1.29231,-134.136678,202.497326,1.052258,1.749286
BTC,weekly,otm10,h40,0.4,40,weekly_otm10_h40,batch_years_otm10_2020_2026,194,2023,2023-10-06T08:00:00.000Z,2023-10-13T08:00:00.000Z,27646,26873,19446.57795,19137.836549,0.703414,0.281366,-543.738868,17.50192,217.495547,-308.741401,-1.587639,-2.706065
BTC,weekly,otm10,h40,0.4,40,weekly_otm10_h40,batch_years_otm10_2020_2026,195,2023,2023-10-13T08:00:00.000Z,2023-10-20T08:00:00.000Z,26873,29273.5,19137.836549,20178.868769,0.712159,0.284863,1709.536585,15.310269,-683.814634,1041.03222,5.439655,9.012758
BTC,weekly,otm10,h40,0.4,40,weekly_otm10_h40,batch_years_otm10_2020_2026,196,2023,2023-10-20T08:00:00.000Z,2023-10-27T08:00:00.000Z,29273.5,33970,20178.868769,20771.696202,0.689322,0.275729,3237.400966,-1349.613147,-1294.960386,592.827433,2.937863,9.355271
BTC,weekly,otm10,h40,0.4,40,weekly_otm10_h40,batch_years_otm10_2020_2026,197,2023,2023-10-27T08:00:00.000Z,2023-11-03T08:00:00.000Z,33970,34492,20771.696202,21215.300587,0.611472,0.244589,319.188267,252.091425,-127.675307,443.604385,2.135619,2.750279
BTC,weekly,otm10,h40,0.4,40,weekly_otm10_h40,batch_years_otm10_2020_2026,198,2023,2023-11-03T08:00:00.000Z,2023-11-10T08:00:00.000Z,34492,36465.5,21215.300587,22049.691987,0.615079,0.246032,1213.858162,106.076503,-485.543265,834.3914,3.93297,6.221617
BTC,weekly,otm10,h40,0.4,40,weekly_otm10_h40,batch_years_otm10_2020_2026,199,2023,2023-11-10T08:00:00.000Z,2023-11-17T08:00:00.000Z,36465.5,36250.5,22049.691987,22148.086745,0.604673,0.241869,-130.004628,176.397536,52.001851,98.394759,0.446241,0.210402
BTC,weekly,otm10,h40,0.4,40,weekly_otm10_h40,batch_years_otm10_2020_2026,200,2023,2023-11-17T08:00:00.000Z,2023-11-24T08:00:00.000Z,36250.5,37562,22148.086745,22739.60205,0.610973,0.244389,801.291452,110.740434,-320.516581,591.515305,2.670729,4.117881
BTC,weekly,otm10,h40,0.4,40,weekly_otm10_h40,batch_years_otm10_2020_2026,201,2023,2023-11-24T08:00:00.000Z,2023-12-01T08:00:00.000Z,37562,38282,22739.60205,23055.834054,0.605388,0.242155,435.879705,54.704181,-174.351882,316.232004,1.390666,2.157399
BTC,weekly,otm10,h40,0.4,40,weekly_otm10_h40,batch_years_otm10_2020_2026,202,2023,2023-12-01T08:00:00.000Z,2023-12-08T08:00:00.000Z,38282,43194.5,23055.834054,24119.43106,0.602263,0.240905,2958.61723,-711.573332,-1183.446892,1063.597006,4.613136,9.746097
BTC,weekly,otm10,h40,0.4,40,weekly_otm10_h40,batch_years_otm10_2020_2026,203,2023,2023-12-08T08:00:00.000Z,2023-12-15T08:00:00.000Z,43194.5,42749,24119.43106,24044.943314,0.558391,0.223357,-248.763304,74.770236,99.505322,-74.487746,-0.308829,-0.721381
BTC,weekly,otm10,h40,0.4,40,weekly_otm10_h40,batch_years_otm10_2020_2026,204,2023,2023-12-15T08:00:00.000Z,2023-12-22T08:00:00.000Z,42749,43615.5,24044.943314,24404.696254,0.562468,0.224987,487.378497,67.325841,-194.951399,359.75294,1.496169,2.306948
BTC,weekly,otm10,h40,0.4,40,weekly_otm10_h40,batch_years_otm10_2020_2026,205,2023,2023-12-22T08:00:00.000Z,2023-12-29T08:00:00.000Z,43615.5,42343.5,24404.696254,24087.47507,0.559542,0.223817,-711.737195,109.821133,284.694878,-317.221184,-1.299837,-2.466394
BTC,weekly,otm10,h40,0.4,40,weekly_otm10_h40,batch_years_otm10_2020_2026,206,2024,2024-01-05T08:00:00.000Z,2024-01-12T08:00:00.000Z,43847.5,46046.5,24087.47507,25185.638838,0.549347,0.219739,1208.013175,373.355864,-483.20527,1098.163768,4.559066,6.66847
BTC,weekly,otm10,h40,0.4,40,weekly_otm10_h40,batch_years_otm10_2020_2026,207,2024,2024-01-12T08:00:00.000Z,2024-01-19T08:00:00.000Z,46046.5,41231,25185.638838,23685.898518,0.546961,0.218784,-2633.890607,80.594044,1053.556243,-1499.74032,-5.954744,-10.137907
BTC,weekly,otm10,h40,0.4,40,weekly_otm10_h40,batch_years_otm10_2020_2026,208,2024,2024-01-19T08:00:00.000Z,2024-01-26T08:00:00.000Z,41231,39984,23685.898518,23320.033334,0.574468,0.229787,-716.36185,63.951926,286.54474,-365.865184,-1.544654,-2.754423
BTC,weekly,otm10,h40,0.4,40,weekly_otm10_h40,batch_years_otm10_2020_2026,209,2024,2024-01-26T08:00:00.000Z,2024-02-02T08:00:00.000Z,39984,43082,23320.033334,24468.351547,0.583234,0.233294,1806.859325,64.202617,-722.74373,1148.318213,4.924171,8.02341
BTC,weekly,otm10,h40,0.4,40,weekly_otm10_h40,batch_years_otm10_2020_2026,210,2024,2024-02-02T08:00:00.000Z,2024-02-09T08:00:00.000Z,43082,46235.5,24468.351547,25592.362702,0.567948,0.227179,1791.025175,49.39605,-716.41007,1124.011156,4.593735,7.52164
BTC,weekly,otm10,h40,0.4,40,weekly_otm10_h40,batch_years_otm10_2020_2026,211,2024,2024-02-09T08:00:00.000Z,2024-02-16T08:00:00.000Z,46235.5,51810,25592.362702,26506.427406,0.553522,0.221409,3085.607939,-937.30006,-1234.243176,914.064704,3.571631,8.394332
BTC,weekly,otm10,h40,0.4,40,weekly_otm10_h40,batch_years_otm10_2020_2026,212,2024,2024-02-16T08:00:00.000Z,2024-02-23T08:00:00.000Z,51810,50885.5,26506.427406,26368.423618,0.511608,0.204643,-472.981898,145.785351,189.192759,-138.003788,-0.520643,-1.234405
BTC,weekly,otm10,h40,0.4,40,weekly_otm10_h40,batch_years_otm10_2020_2026,213,2024,2024-02-23T08:00:00.000Z,2024-03-01T08:00:00.000Z,50885.5,61473.5,26368.423618,26846.659566,0.518191,0.207277,5486.609531,-2813.729771,-2194.643812,478.235947,1.813669,10.136669
BTC,weekly,otm10,h40,0.4,40,weekly_otm10_h40,batch_years_otm10_2020_2026,214,2024,2024-03-01T08:00:00.000Z,2024-03-08T08:00:00.000Z,61473.5,67418.5,26846.659566,28539.252015,0.436719,0.174688,2596.29582,134.814957,-1038.518328,1692.592449,6.304667,10.173
BTC,weekly,otm10,h40,0.4,40,weekly_otm10_h40,batch_years_otm10_2020_2026,215,2024,2024-03-08T08:00:00.000Z,2024-03-15T08:00:00.000Z,67418.5,68388.5,28539.252015,29085.283402,0.423315,0.169326,410.615402,299.662146,-164.246161,546.031387,1.913265,2.488774
BTC,weekly,otm10,h40,0.4,40,weekly_otm10_h40,batch_years_otm10_2020_2026,216,2024,2024-03-15T08:00:00.000Z,2024-03-22T08:00:00.000Z,68388.5,66196,29085.283402,28845.746018,0.425295,0.170118,-932.459169,319.938117,372.983667,-239.537384,-0.823569,-2.105948
BTC,weekly,otm10,h40,0.4,40,weekly_otm10_h40,batch_years_otm10_2020_2026,217,2024,2024-03-22T08:00:00.000Z,2024-03-29T08:00:00.000Z,66196,69789,28845.746018,30001.506288,0.435763,0.174305,1565.69529,216.343095,-626.278116,1155.760269,4.006692,6.17782
BTC,weekly,otm10,h40,0.4,40,weekly_otm10_h40,batch_years_otm10_2020_2026,218,2024,2024-03-29T08:00:00.000Z,2024-04-05T08:00:00.000Z,69789,66899.5,30001.506288,29524.287344,0.429889,0.171956,-1242.163556,268.07919,496.865422,-477.218943,-1.59065,-3.246785
BTC,weekly,otm10,h40,0.4,40,weekly_otm10_h40,batch_years_otm10_2020_2026,219,2024,2024-04-05T08:00:00.000Z,2024-04-12T08:00:00.000Z,66899.5,70778.5,29524.287344,30728.568194,0.441323,0.176529,1711.891877,177.145724,-684.756751,1204.28085,4.07895,6.39825
BTC,weekly,otm10,h40,0.4,40,weekly_otm10_h40,batch_years_otm10_2020_2026,220,2024,2024-04-12T08:00:00.000Z,2024-04-19T08:00:00.000Z,70778.5,64547.5,30728.568194,29289.82206,0.434151,0.17366,-2705.195906,184.371409,1082.078362,-1438.746134,-4.682113,-8.203521
BTC,weekly,otm10,h40,0.4,40,weekly_otm10_h40,batch_years_otm10_2020_2026,221,2024,2024-04-19T08:00:00.000Z,2024-04-26T08:00:00.000Z,64547.5,64301.5,29289.82206,29559.678326,0.453772,0.181509,-111.627812,336.832954,44.651125,269.856266,0.921331,0.768885
BTC,weekly,otm10,h40,0.4,40,weekly_otm10_h40,batch_years_otm10_2020_2026,222,2024,2024-04-26T08:00:00.000Z,2024-05-03T08:00:00.000Z,64301.5,59144.5,29559.678326,28429.007408,0.459704,0.183882,-2370.695258,291.746237,948.278103,-1130.670918,-3.825045,-7.033057
BTC,weekly,otm10,h40,0.4,40,weekly_otm10_h40,batch_years_otm10_2020_2026,223,2024,2024-05-03T08:00:00.000Z,2024-05-10T08:00:00.000Z,59144.5,63064,28429.007408,29675.958796,0.48067,0.192268,1883.98743,116.55893,-753.594972,1246.951388,4.386194,7.03699
BTC,weekly,otm10,h40,0.4,40,weekly_otm10_h40,batch_years_otm10_2020_2026,224,2024,2024-05-10T08:00:00.000Z,2024-05-17T08:00:00.000Z,63064,66431,29675.958796,30724.532806,0.470569,0.188228,1584.405576,97.930664,-633.762231,1048.57401,3.533412,5.669021
BTC,weekly,otm10,h40,0.4,40,weekly_otm10_h40,batch_years_otm10_2020_2026,225,2024,2024-05-17T08:00:00.000Z,2024-05-24T08:00:00.000Z,66431,67139.5,30724.532806,31004.099045,0.462503,0.185001,327.683333,82.956239,-131.073333,279.566238,0.909912,1.33652
BTC,weekly,otm10,h40,0.4,40,weekly_otm10_h40,batch_years_otm10_2020_2026,226,2024,2024-05-24T08:00:00.000Z,2024-05-31T08:00:00.000Z,67139.5,68113,31004.099045,31345.137831,0.461786,0.184715,449.548931,71.309428,-179.819572,341.038786,1.09998,1.679966
BTC,weekly,otm10,h40,0.4,40,weekly_otm10_h40,batch_years_otm10_2020_2026,227,2024,2024-05-31T08:00:00.000Z,2024-06-07T08:00:00.000Z,68113,71090.5,31345.137831,32199.61509,0.460193,0.184077,1370.225183,32.34215,-548.090073,854.47726,2.726028,4.474593
BTC,weekly,otm10,h40,0.4,40,weekly_otm10_h40,batch_years_otm10_2020_2026,228,2024,2024-06-07T08:00:00.000Z,2024-06-14T08:00:00.000Z,71090.5,66887,32199.61509,31173.177845,0.452938,0.181175,-1903.926432,115.918614,761.570573,-1026.437245,-3.187731,-5.552886
BTC,weekly,otm10,h40,0.4,40,weekly_otm10_h40,batch_years_otm10_2020_2026,229,2024,2024-06-14T08:00:00.000Z,2024-06-21T08:00:00.000Z,66887,64147,31173.177845,30456.85665,0.466057,0.186423,-1276.997134,49.877085,510.798854,-716.321196,-2.297877,-3.936461
BTC,weekly,otm10,h40,0.4,40,weekly_otm10_h40,batch_years_otm10_2020_2026,230,2024,2024-06-21T08:00:00.000Z,2024-06-28T08:00:00.000Z,64147,61265.5,30456.85665,29712.120816,0.474798,0.189919,-1368.129958,76.142142,547.251983,-744.735833,-2.445216,-4.242026
BTC,weekly,otm10,h40,0.4,40,weekly_otm10_h40,batch_years_otm10_2020_2026,231,2024,2024-06-28T08:00:00.000Z,2024-07-05T08:00:00.000Z,61265.5,54349.5,29712.120816,27738.304134,0.484973,0.193989,-3354.074113,38.627785,1341.629645,-1973.816682,-6.643136,-11.158565
BTC,weekly,otm10,h40,0.4,40,weekly_otm10_h40,batch_years_otm10_2020_2026,232,2024,2024-07-05T08:00:00.000Z,2024-07-12T08:00:00.000Z,54349.5,57151,27738.304134,28734.875036,0.510369,0.204148,1429.798968,138.691521,-571.919587,996.570902,3.592761,5.654601
BTC,weekly,otm10,h40,0.4,40,weekly_otm10_h40,batch_years_otm10_2020_2026,233,2024,2024-07-12T08:00:00.000Z,2024-07-19T08:00:00.000Z,57151,63746.5,28734.875036,30382.572169,0.502789,0.201115,3316.142645,-341.988454,-1326.457058,1647.697133,5.734137,10.350329
BTC,weekly,otm10,h40,0.4,40,weekly_otm10_h40,batch_years_otm10_2020_2026,234,2024,2024-07-19T08:00:00.000Z,2024-07-26T08:00:00.000Z,63746.5,66960,30382.572169,31413.950098,0.476616,0.190646,1531.60402,112.415517,-612.641608,1031.377929,3.394637,5.411061
BTC,weekly,otm10,h40,0.4,40,weekly_otm10_h40,batch_years_otm10_2020_2026,235,2024,2024-07-26T08:00:00.000Z,2024-08-02T08:00:00.000Z,66960,64096,31413.950098,30668.363193,0.469145,0.187658,-1343.631318,60.591887,537.452527,-745.586904,-2.373426,-4.084298
BTC,weekly,otm10,h40,0.4,40,weekly_otm10_h40,batch_years_otm10_2020_2026,236,2024,2024-08-02T08:00:00.000Z,2024-08-09T08:00:00.000Z,64096,60862.5,30668.363193,29799.970166,0.478475,0.19139,-1547.150405,59.897216,618.860162,-868.393027,-2.83156,-4.84947
BTC,weekly,otm10,h40,0.4,40,weekly_otm10_h40,batch_years_otm10_2020_2026,237,2024,2024-08-09T08:00:00.000Z,2024-08-16T08:00:00.000Z,60862.5,58485,29799.970166,29229.656024,0.489628,0.195851,-1164.090024,128.139872,465.636009,-570.314143,-1.913808,-3.476346
BTC,weekly,otm10,h40,0.4,40,weekly_otm10_h40,batch_years_otm10_2020_2026,238,2024,2024-08-16T08:00:00.000Z,2024-08-23T08:00:00.000Z,58485,61060.5,29229.656024,30124.731213,0.49978,0.199912,1287.184391,122.764555,-514.873756,895.07519,3.062216,4.823693
BTC,weekly,otm10,h40,0.4,40,weekly_otm10_h40,batch_years_otm10_2020_2026,239,2024,2024-08-23T08:00:00.000Z,2024-08-30T08:00:00.000Z,61060.5,59300.5,30124.731213,29706.168472,0.493359,0.197343,-868.311379,102.424086,347.324551,-418.562741,-1.389432,-2.542387
BTC,weekly,otm10,h40,0.4,40,weekly_otm10_h40,batch_years_otm10_2020_2026,240,2024,2024-08-30T08:00:00.000Z,2024-09-06T08:00:00.000Z,59300.5,55758,29706.168472,28731.363299,0.500943,0.200377,-1774.590464,89.949105,709.836186,-974.805173,-3.281491,-5.671015
BTC,weekly,otm10,h40,0.4,40,weekly_otm10_h40,batch_years_otm10_2020_2026,241,2024,2024-09-06T08:00:00.000Z,2024-09-13T08:00:00.000Z,55758,58100,28731.363299,29627.832538,0.515287,0.206115,1206.801766,172.38818,-482.720706,896.469239,3.120176,4.800294
BTC,weekly,otm10,h40,0.4,40,weekly_otm10_h40,batch_years_otm10_2020_2026,242,2024,2024-09-13T08:00:00.000Z,2024-09-20T08:00:00.000Z,58100,63532,29627.832538,31372.804786,0.509945,0.203978,2770.023861,82.957931,-1108.009545,1744.972248,5.889639,9.629398
BTC,weekly,otm10,h40,0.4,40,weekly_otm10_h40,batch_years_otm10_2020_2026,243,2024,2024-09-20T08:00:00.000Z,2024-09-27T08:00:00.000Z,63532,65483.5,31372.804786,32067.087543,0.493811,0.197524,963.6723,116.079378,-385.46892,694.282757,2.213008,3.44168
BTC,weekly,otm10,h40,0.4,40,weekly_otm10_h40,batch_years_otm10_2020_2026,244,2024,2024-09-27T08:00:00.000Z,2024-10-04T08:00:00.000Z,65483.5,61423,32067.087543,30912.373435,0.489697,0.195879,-1988.415539,38.335215,795.366216,-1154.714108,-3.600932,-6.081252
BTC,weekly,otm10,h40,0.4,40,weekly_otm10_h40,batch_years_otm10_2020_2026,245,2024,2024-10-04T08:00:00.000Z,2024-10-11T08:00:00.000Z,61423,60617.5,30912.373435,30743.332581,0.50327,0.201308,-405.38425,74.189696,162.1537,-169.040854,-0.546839,-1.071398
BTC,weekly,otm10,h40,0.4,40,weekly_otm10_h40,batch_years_otm10_2020_2026,246,2024,2024-10-11T08:00:00.000Z,2024-10-18T08:00:00.000Z,60617.5,67978.5,30743.332581,32544.497546,0.507169,0.202868,3733.272918,-438.798786,-1493.309167,1801.164965,5.858717,10.716061
BTC,weekly,otm10,h40,0.4,40,weekly_otm10_h40,batch_years_otm10_2020_2026,247,2024,2024-10-18T08:00:00.000Z,2024-10-25T08:00:00.000Z,67978.5,67480,32544.497546,32485.920036,0.478747,0.191499,-238.65534,84.615694,95.462136,-58.57751,-0.179992,-0.47332
BTC,weekly,otm10,h40,0.4,40,weekly_otm10_h40,batch_years_otm10_2020_2026,248,2024,2024-10-25T08:00:00.000Z,2024-11-01T08:00:00.000Z,67480,69171,32485.920036,33002.107699,0.481416,0.192566,814.073663,27.743465,-325.629465,516.187663,1.588958,2.591329
BTC,weekly,otm10,h40,0.4,40,weekly_otm10_h40,batch_years_otm10_2020_2026,249,2024,2024-11-01T08:00:00.000Z,2024-11-08T08:00:00.000Z,69171,76395,33002.107699,34995.653385,0.477109,0.190844,3446.635527,-74.43563,-1378.654211,1993.545686,6.040662,10.218135
BTC,weekly,otm10,h40,0.4,40,weekly_otm10_h40,batch_years_otm10_2020_2026,250,2024,2024-11-08T08:00:00.000Z,2024-11-15T08:00:00.000Z,76395,87724.5,34995.653385,36437.376503,0.458088,0.183235,5189.911055,-1672.223515,-2075.964422,1441.723118,4.119721,10.051784
BTC,weekly,otm10,h40,0.4,40,weekly_otm10_h40,batch_years_otm10_2020_2026,251,2024,2024-11-15T08:00:00.000Z,2024-11-22T08:00:00.000Z,87724.5,99466,36437.376503,38190.489092,0.415361,0.166145,4876.966597,-1173.067369,-1950.786639,1753.112589,4.811303,10.16511
BTC,weekly,otm10,h40,0.4,40,weekly_otm10_h40,batch_years_otm10_2020_2026,252,2024,2024-11-22T08:00:00.000Z,2024-11-29T08:00:00.000Z,99466,95709.5,38190.489092,37668.806842,0.383955,0.153582,-1442.327753,343.714402,576.931101,-521.68225,-1.366,-2.876667
BTC,weekly,otm10,h40,0.4,40,weekly_otm10_h40,batch_years_otm10_2020_2026,253,2024,2024-11-29T08:00:00.000Z,2024-12-06T08:00:00.000Z,95709.5,98239.5,37668.806842,38390.140922,0.393574,0.15743,995.743174,123.888176,-398.29727,721.334081,1.914937,2.972304
BTC,weekly,otm10,h40,0.4,40,weekly_otm10_h40,batch_years_otm10_2020_2026,254,2024,2024-12-06T08:00:00.000Z,2024-12-13T08:00:00.000Z,98239.5,100112,38390.140922,39017.295191,0.390781,0.156312,731.73763,188.111691,-292.695052,627.154268,1.633634,2.396056
BTC,weekly,otm10,h40,0.4,40,weekly_otm10_h40,batch_years_otm10_2020_2026,255,2024,2024-12-13T08:00:00.000Z,2024-12-20T08:00:00.000Z,100112,97672,39017.295191,38618.397131,0.389736,0.155895,-950.956931,171.676099,380.382772,-398.89806,-1.022362,-1.99727
BTC,weekly,otm10,h40,0.4,40,weekly_otm10_h40,batch_years_otm10_2020_2026,256,2024,2024-12-20T08:00:00.000Z,2024-12-27T08:00:00.000Z,97672,95077,38618.397131,38157.250641,0.395389,0.158155,-1026.033465,154.473589,410.413386,-461.14649,-1.194111,-2.256852
BTC,weekly,otm10,h40,0.4,40,weekly_otm10_h40,batch_years_otm10_2020_2026,257,2025,2025-01-03T08:00:00.000Z,2025-01-10T08:00:00.000Z,96289,94500,38157.250641,37861.620061,0.396278,0.158511,-708.942054,129.734652,283.576821,-295.63058,-0.774769,-1.523127
BTC,weekly,otm10,h40,0.4,40,weekly_otm10_h40,batch_years_otm10_2020_2026,258,2025,2025-01-10T08:00:00.000Z,2025-01-17T08:00:00.000Z,94500,101523.5,37861.620061,39697.668243,0.400652,0.160261,2813.979772,147.660318,-1125.591909,1836.048182,4.849365,7.822275
BTC,weekly,otm10,h40,0.4,40,weekly_otm10_h40,batch_years_otm10_2020_2026,259,2025,2025-01-17T08:00:00.000Z,2025-01-24T08:00:00.000Z,101523.5,105062,39697.668243,40785.876587,0.39102,0.156408,1383.622502,258.034844,-553.449001,1088.208345,2.74124,4.1354
BTC,weekly,otm10,h40,0.4,40,weekly_otm10_h40,batch_years_otm10_2020_2026,260,2025,2025-01-24T08:00:00.000Z,2025-01-31T08:00:00.000Z,105062,104204.5,40785.876587,40830.858989,0.388208,0.155283,-332.888096,244.71526,133.155239,44.982402,0.110289,-0.216185
BTC,weekly,otm10,h40,0.4,40,weekly_otm10_h40,batch_years_otm10_2020_2026,261,2025,2025-01-31T08:00:00.000Z,2025-02-07T08:00:00.000Z,104204.5,96757.5,40830.858989,39374.464944,0.391834,0.156734,-2917.987293,294.398331,1167.194917,-1456.394045,-3.566895,-6.425505
BTC,weekly,otm10,h40,0.4,40,weekly_otm10_h40,batch_years_otm10_2020_2026,262,2025,2025-02-07T08:00:00.000Z,2025-02-14T08:00:00.000Z,96757.5,96964,39374.464944,39527.258378,0.40694,0.162776,84.033041,102.373609,-33.613217,152.793434,0.388052,0.47342
BTC,weekly,otm10,h40,0.4,40,weekly_otm10_h40,batch_years_otm10_2020_2026,263,2025,2025-02-14T08:00:00.000Z,2025-02-21T08:00:00.000Z,96964,98256,39527.258378,39926.274971,0.407649,0.16306,526.682251,83.007243,-210.672901,399.016593,1.009472,1.542453
BTC,weekly,otm10,h40,0.4,40,weekly_otm10_h40,batch_years_otm10_2020_2026,264,2025,2025-02-21T08:00:00.000Z,2025-02-28T08:00:00.000Z,98256,79124,39926.274971,35321.597379,0.406349,0.16254,-7774.278342,59.889412,3109.711337,-4604.677593,-11.532951,-19.321584
BTC,weekly,otm10,h40,0.4,40,weekly_otm10_h40,batch_years_otm10_2020_2026,265,2025,2025-02-28T08:00:00.000Z,2025-03-07T08:00:00.000Z,79124,88346.5,35321.597379,37353.405912,0.446408,0.178563,4116.999037,-438.390889,-1646.799615,2031.808534,5.752312,10.414614
BTC,weekly,otm10,h40,0.4,40,weekly_otm10_h40,batch_years_otm10_2020_2026,266,2025,2025-03-07T08:00:00.000Z,2025-03-14T08:00:00.000Z,88346.5,82179,37353.405912,36012.933765,0.422806,0.169122,-2607.654304,224.120435,1043.061722,-1340.472147,-3.588621,-6.381035
BTC,weekly,otm10,h40,0.4,40,weekly_otm10_h40,batch_years_otm10_2020_2026,267,2025,2025-03-14T08:00:00.000Z,2025-03-21T08:00:00.000Z,82179,83866.5,36012.933765,36582.682357,0.438226,0.17529,739.505539,126.045268,-295.802216,569.748592,1.582067,2.403444
BTC,weekly,otm10,h40,0.4,40,weekly_otm10_h40,batch_years_otm10_2020_2026,268,2025,2025-03-21T08:00:00.000Z,2025-03-28T08:00:00.000Z,83866.5,85150,36582.682357,37002.741203,0.436201,0.174481,559.864461,84.140169,-223.945784,420.058846,1.148245,1.760408
BTC,weekly,otm10,h40,0.4,40,weekly_otm10_h40,batch_years_otm10_2020_2026,269,2025,2025-03-28T08:00:00.000Z,2025-04-04T08:00:00.000Z,85150,84004.5,37002.741203,36728.577665,0.434559,0.173824,-497.787904,24.509205,199.115162,-274.163538,-0.740928,-1.279037
BTC,weekly,otm10,h40,0.4,40,weekly_otm10_h40,batch_years_otm10_2020_2026,270,2025,2025-04-04T08:00:00.000Z,2025-04-11T08:00:00.000Z,84004.5,81217,36728.577665,36092.818926,0.437222,0.174889,-1218.75507,95.494302,487.502028,-635.75874,-1.730965,-3.058275
BTC,weekly,otm10,h40,0.4,40,weekly_otm10_h40,batch_years_otm10_2020_2026,271,2025,2025-04-11T08:00:00.000Z,2025-04-18T08:00:00.000Z,81217,84656.5,36092.818926,37132.642386,0.4444,0.17776,1528.513128,122.715584,-611.405251,1039.823461,2.88097,4.574951
BTC,weekly,otm10,h40,0.4,40,weekly_otm10_h40,batch_years_otm10_2020_2026,272,2025,2025-04-18T08:00:00.000Z,2025-04-25T08:00:00.000Z,84656.5,93805.5,37132.642386,39596.141426,0.438627,0.175451,4013.000126,55.698964,-1605.200051,2463.499039,6.634322,10.957203
BTC,weekly,otm10,h40,0.4,40,weekly_otm10_h40,batch_years_otm10_2020_2026,273,2025,2025-04-25T08:00:00.000Z,2025-05-02T08:00:00.000Z,93805.5,96401.5,39596.141426,40310.842781,0.422109,0.168844,1095.794843,57.22445,-438.317937,714.701355,1.804977,2.911949
BTC,weekly,otm10,h40,0.4,40,weekly_otm10_h40,batch_years_otm10_2020_2026,274,2025,2025-05-02T08:00:00.000Z,2025-05-09T08:00:00.000Z,96401.5,103643,40310.842781,42147.868973,0.418156,0.167262,3028.074957,20.181217,-1211.229983,1837.026192,4.557152,7.561877
BTC,weekly,otm10,h40,0.4,40,weekly_otm10_h40,batch_years_otm10_2020_2026,275,2025,2025-05-09T08:00:00.000Z,2025-05-16T08:00:00.000Z,103643,103721,42147.868973,42246.981795,0.406664,0.162666,31.719786,80.080951,-12.687914,99.112823,0.235155,0.265258
BTC,weekly,otm10,h40,0.4,40,weekly_otm10_h40,batch_years_otm10_2020_2026,276,2025,2025-05-16T08:00:00.000Z,2025-05-23T08:00:00.000Z,103721,110744.5,42246.981795,44014.138736,0.407314,0.162925,2860.767604,50.696378,-1144.307042,1767.15694,4.182919,6.891531
BTC,weekly,otm10,h40,0.4,40,weekly_otm10_h40,batch_years_otm10_2020_2026,277,2025,2025-05-23T08:00:00.000Z,2025-05-30T08:00:00.000Z,110744.5,105075,44014.138736,42855.83407,0.397439,0.158975,-2253.278127,193.66221,901.311251,-1158.304666,-2.631665,-4.679442
BTC,weekly,otm10,h40,0.4,40,weekly_otm10_h40,batch_years_otm10_2020_2026,278,2025,2025-05-30T08:00:00.000Z,2025-06-06T08:00:00.000Z,105075,103189,42855.83407,42428.099098,0.407859,0.163144,-769.222965,33.798808,307.689186,-427.734972,-0.998079,-1.716042
BTC,weekly,otm10,h40,0.4,40,weekly_otm10_h40,batch_years_otm10_2020_2026,279,2025,2025-06-06T08:00:00.000Z,2025-06-13T08:00:00.000Z,103189,104946.5,42428.099098,42904.104716,0.411169,0.164468,722.629197,42.428099,-289.051679,476.005617,1.121911,1.803185
BTC,weekly,otm10,h40,0.4,40,weekly_otm10_h40,batch_years_otm10_2020_2026,280,2025,2025-06-13T08:00:00.000Z,2025-06-20T08:00:00.000Z,104946.5,105827.5,42904.104716,43188.852913,0.408819,0.163528,360.169384,68.646568,-144.067754,284.748198,0.663685,0.999475
BTC,weekly,otm10,h40,0.4,40,weekly_otm10_h40,batch_years_otm10_2020_2026,281,2025,2025-06-20T08:00:00.000Z,2025-06-27T08:00:00.000Z,105827.5,106900,43188.852913,43533.528037,0.408106,0.163242,437.693839,82.058821,-175.077536,344.675124,0.798065,1.203442
BTC,weekly,otm10,h40,0.4,40,weekly_otm10_h40,batch_years_otm10_2020_2026,282,2025,2025-06-27T08:00:00.000Z,2025-07-04T08:00:00.000Z,106900,108773,43533.528037,44008.745828,0.407236,0.162894,762.753022,17.565978,-305.101209,475.217791,1.091613,1.792455
BTC,weekly,otm10,h40,0.4,40,weekly_otm10_h40,batch_years_otm10_2020_2026,283,2025,2025-07-04T08:00:00.000Z,2025-07-11T08:00:00.000Z,108773,117660.5,44008.745828,46201.442617,0.404593,0.161837,3595.81632,35.206997,-1438.326528,2192.696789,4.982411,8.250686
BTC,weekly,otm10,h40,0.4,40,weekly_otm10_h40,batch_years_otm10_2020_2026,284,2025,2025-07-11T08:00:00.000Z,2025-07-18T08:00:00.000Z,117660.5,119520,46201.442617,46699.603511,0.392667,0.157067,730.16503,60.061875,-292.066012,498.160894,1.078237,1.710394
BTC,weekly,otm10,h40,0.4,40,weekly_otm10_h40,batch_years_otm10_2020_2026,285,2025,2025-07-18T08:00:00.000Z,2025-07-25T08:00:00.000Z,119520,115272.5,46699.603511,45801.906785,0.390726,0.156291,-1659.609822,98.069167,663.843929,-897.696726,-1.922279,-3.343799
BTC,weekly,otm10,h40,0.4,40,weekly_otm10_h40,batch_years_otm10_2020_2026,286,2025,2025-07-25T08:00:00.000Z,2025-08-01T08:00:00.000Z,115272.5,115063.5,45801.906785,45773.25374,0.397336,0.158934,-83.043211,21.172882,33.217284,-28.653044,-0.062559,-0.135082
BTC,weekly,otm10,h40,0.4,40,weekly_otm10_h40,batch_years_otm10_2020_2026,287,2025,2025-08-01T08:00:00.000Z,2025-08-08T08:00:00.000Z,115063.5,116904,45773.25374,46218.676647,0.397809,0.159123,732.166791,6.122833,-292.866716,445.422907,0.973107,1.612928
BTC,weekly,otm10,h40,0.4,40,weekly_otm10_h40,batch_years_otm10_2020_2026,288,2025,2025-08-08T08:00:00.000Z,2025-08-15T08:00:00.000Z,116904,119082,46218.676647,46753.815102,0.395356,0.158142,861.084973,18.487471,-344.433989,535.138455,1.15784,1.903067
BTC,weekly,otm10,h40,0.4,40,weekly_otm10_h40,batch_years_otm10_2020_2026,289,2025,2025-08-15T08:00:00.000Z,2025-08-22T08:00:00.000Z,119082,113083,46753.815102,45387.377317,0.392619,0.157047,-2355.319333,46.753815,942.127733,-1366.437785,-2.922623,-4.937705
BTC,weekly,otm10,h40,0.4,40,weekly_otm10_h40,batch_years_otm10_2020_2026,290,2025,2025-08-22T08:00:00.000Z,2025-08-29T08:00:00.000Z,113083,109990,45387.377317,44696.991973,0.401363,0.160545,-1241.416995,54.464853,496.566798,-690.385344,-1.521095,-2.615159
BTC,weekly,otm10,h40,0.4,40,weekly_otm10_h40,batch_years_otm10_2020_2026,291,2025,2025-08-29T08:00:00.000Z,2025-09-05T08:00:00.000Z,109990,113000.5,44696.991973,45447.712175,0.406373,0.162549,1223.38662,16.68823,-489.354648,750.720202,1.679577,2.774403
BTC,weekly,otm10,h40,0.4,40,weekly_otm10_h40,batch_years_otm10_2020_2026,292,2025,2025-09-05T08:00:00.000Z,2025-09-12T08:00:00.000Z,113000.5,115201,45447.712175,46024.171824,0.40219,0.160876,885.019895,45.447712,-354.007958,576.459649,1.268402,2.047337
BTC,weekly,otm10,h40,0.4,40,weekly_otm10_h40,batch_years_otm10_2020_2026,293,2025,2025-09-12T08:00:00.000Z,2025-09-19T08:00:00.000Z,115201,116964.5,46024.171824,46497.521968,0.399512,0.159805,704.539258,50.626589,-281.815703,473.350144,1.028482,1.640803
BTC,weekly,otm10,h40,0.4,40,weekly_otm10_h40,batch_years_otm10_2020_2026,294,2025,2025-09-19T08:00:00.000Z,2025-09-26T08:00:00.000Z,116964.5,109350,46497.521968,44709.200785,0.397535,0.159014,-3027.032826,27.898513,1210.813131,-1788.321183,-3.846057,-6.450095
BTC,weekly,otm10,h40,0.4,40,weekly_otm10_h40,batch_years_otm10_2020_2026,295,2025,2025-09-26T08:00:00.000Z,2025-10-03T08:00:00.000Z,109350,119788,44709.200785,47271.126815,0.408863,0.163545,4267.715023,1.297016,-1707.086009,2561.92603,5.730199,9.548397
BTC,weekly,otm10,h40,0.4,40,weekly_otm10_h40,batch_years_otm10_2020_2026,296,2025,2025-10-03T08:00:00.000Z,2025-10-10T08:00:00.000Z,119788,120949,47271.126815,47616.928043,0.394623,0.157849,458.157564,70.90669,-183.263025,345.801228,0.731527,1.119212
BTC,weekly,otm10,h40,0.4,40,weekly_otm10_h40,batch_years_otm10_2020_2026,297,2025,2025-10-10T08:00:00.000Z,2025-10-17T08:00:00.000Z,120949,105597,47616.928043,44047.671714,0.393694,0.157478,-6043.994405,57.140314,2417.597762,-3569.256329,-7.495772,-12.572953
BTC,weekly,otm10,h40,0.4,40,weekly_otm10_h40,batch_years_otm10_2020_2026,298,2025,2025-10-17T08:00:00.000Z,2025-10-24T08:00:00.000Z,105597,111138,44047.671714,45544.581137,0.41713,0.166852,2311.317073,110.119179,-924.526829,1496.909423,3.398385,5.497308
BTC,weekly,otm10,h40,0.4,40,weekly_otm10_h40,batch_years_otm10_2020_2026,299,2025,2025-10-24T08:00:00.000Z,2025-10-31T08:00:00.000Z,111138,109420.5,45544.581137,45222.478195,0.409802,0.163921,-703.835035,100.198079,281.534014,-322.102942,-0.707226,-1.325376
BTC,weekly,otm10,h40,0.4,40,weekly_otm10_h40,batch_years_otm10_2020_2026,300,2025,2025-10-31T08:00:00.000Z,2025-11-07T08:00:00.000Z,109420.5,101931,45222.478195,43439.379286,0.413291,0.165316,-3095.340914,74.10564,1238.136365,-1783.098909,-3.942948,-6.680826
BTC,weekly,otm10,h40,0.4,40,weekly_otm10_h40,batch_years_otm10_2020_2026,301,2025,2025-11-07T08:00:00.000Z,2025-11-14T08:00:00.000Z,101931,97013,43439.379286,42264.387737,0.426165,0.170466,-2095.877283,82.534821,838.350913,-1174.991549,-2.704899,-4.634832
BTC,weekly,otm10,h40,0.4,40,weekly_otm10_h40,batch_years_otm10_2020_2026,302,2025,2025-11-14T08:00:00.000Z,2025-11-21T08:00:00.000Z,97013,83841.5,42264.387737,38948.227586,0.435657,0.174263,-5738.255523,126.793163,2295.302209,-3316.160151,-7.846228,-13.277046
BTC,weekly,otm10,h40,0.4,40,weekly_otm10_h40,batch_years_otm10_2020_2026,303,2025,2025-11-21T08:00:00.000Z,2025-11-28T08:00:00.000Z,83841.5,90947,38948.227586,41142.941501,0.464546,0.185818,3300.831105,214.215252,-1320.332442,2194.713915,5.634952,9.02492
BTC,weekly,otm10,h40,0.4,40,weekly_otm10_h40,batch_years_otm10_2020_2026,304,2025,2025-11-28T08:00:00.000Z,2025-12-05T08:00:00.000Z,90947,92219.5,41142.941501,41722.622529,0.452384,0.180953,575.658274,234.286064,-230.26331,579.681028,1.408944,1.968611
BTC,weekly,otm10,h40,0.4,40,weekly_otm10_h40,batch_years_otm10_2020_2026,305,2025,2025-12-05T08:00:00.000Z,2025-12-12T08:00:00.000Z,92219.5,92466.5,41722.622529,41910.667866,0.452427,0.180971,111.749552,120.995605,-44.699821,188.045336,0.450704,0.557839
BTC,weekly,otm10,h40,0.4,40,weekly_otm10_h40,batch_years_otm10_2020_2026,306,2025,2025-12-12T08:00:00.000Z,2025-12-19T08:00:00.000Z,92466.5,87926,41910.667866,40763.884613,0.453252,0.181301,-2057.992759,88.012403,823.197104,-1146.783253,-2.736256,-4.700427
BTC,weekly,otm10,h40,0.4,40,weekly_otm10_h40,batch_years_otm10_2020_2026,307,2025,2025-12-19T08:00:00.000Z,2025-12-26T08:00:00.000Z,87926,88458,40763.884613,41005.627717,0.463616,0.185446,246.643616,93.756935,-98.657447,241.743104,0.593033,0.835054
BTC,weekly,otm10,h40,0.4,40,weekly_otm10_h40,batch_years_otm10_2020_2026,308,2026,2026-01-02T08:00:00.000Z,2026-01-09T08:00:00.000Z,88798,90678,41005.627717,41535.548451,0.461785,0.184714,868.156716,9.026704,-347.262687,529.920734,1.292312,2.139649
BTC,weekly,otm10,h40,0.4,40,weekly_otm10_h40,batch_years_otm10_2020_2026,309,2026,2026-01-09T08:00:00.000Z,2026-01-16T08:00:00.000Z,90678,95656.5,41535.548451,42937.034205,0.458055,0.183222,2280.428858,33.228439,-912.171543,1401.485753,3.374184,5.570306
BTC,weekly,otm10,h40,0.4,40,weekly_otm10_h40,batch_years_otm10_2020_2026,310,2026,2026-01-16T08:00:00.000Z,2026-01-23T08:00:00.000Z,95656.5,89460.5,42937.034205,41311.263745,0.448867,0.179547,-2781.179156,42.937034,1112.471662,-1625.770459,-3.786406,-6.377343
BTC,weekly,otm10,h40,0.4,40,weekly_otm10_h40,batch_years_otm10_2020_2026,311,2026,2026-01-23T08:00:00.000Z,2026-01-30T08:00:00.000Z,89460.5,82627.5,41311.263745,39455.229346,0.461782,0.184713,-3155.357562,37.180137,1262.143025,-1856.0344,-4.492805,-7.548008
BTC,weekly,otm10,h40,0.4,40,weekly_otm10_h40,batch_years_otm10_2020_2026,312,2026,2026-01-30T08:00:00.000Z,2026-02-06T08:00:00.000Z,82627.5,64724,39455.229346,34363.068983,0.477507,0.191003,-8549.050844,37.270144,3419.620337,-5092.160362,-12.906174,-21.573264
BTC,weekly,otm10,h40,0.4,40,weekly_otm10_h40,batch_years_otm10_2020_2026,313,2026,2026-02-06T08:00:00.000Z,2026-02-13T08:00:00.000Z,64724,66140.5,34363.068983,35157.925993,0.530917,0.212367,752.043866,343.63069,-300.817547,794.85701,2.313114,3.188524
BTC,weekly,otm10,h40,0.4,40,weekly_otm10_h40,batch_years_otm10_2020_2026,314,2026,2026-02-13T08:00:00.000Z,2026-02-20T08:00:00.000Z,66140.5,67786,35157.925993,35770.634203,0.531564,0.212626,874.688991,87.894815,-349.875596,612.70821,1.742731,2.737886
BTC,weekly,otm10,h40,0.4,40,weekly_otm10_h40,batch_years_otm10_2020_2026,315,2026,2026-02-20T08:00:00.000Z,2026-02-27T08:00:00.000Z,67786,67649,35770.634203,35805.952704,0.527699,0.21108,-72.294823,78.695395,28.917929,35.318501,0.098736,0.017893
BTC,weekly,otm10,h40,0.4,40,weekly_otm10_h40,batch_years_otm10_2020_2026,316,2026,2026-02-27T08:00:00.000Z,2026-03-06T08:00:00.000Z,67649,71054,35805.952704,37011.580673,0.52929,0.211716,1802.233129,124.288091,-720.893252,1205.627969,3.367116,5.38045
BTC,weekly,otm10,h40,0.4,40,weekly_otm10_h40,batch_years_otm10_2020_2026,317,2026,2026-03-06T08:00:00.000Z,2026-03-13T08:00:00.000Z,71054,71660.5,37011.580673,37330.674421,0.520894,0.208357,315.922027,129.540532,-126.368811,319.093748,0.862146,1.203576
BTC,weekly,otm10,h40,0.4,40,weekly_otm10_h40,batch_years_otm10_2020_2026,318,2026,2026-03-13T08:00:00.000Z,2026-03-20T08:00:00.000Z,71660.5,70856,37330.674421,37221.074232,0.520938,0.208375,-419.094586,141.856563,167.637834,-109.600189,-0.293593,-0.742655
BTC,weekly,otm10,h40,0.4,40,weekly_otm10_h40,batch_years_otm10_2020_2026,319,2026,2026-03-20T08:00:00.000Z,2026-03-27T08:00:00.000Z,70856,68521,37221.074232,36574.451257,0.525306,0.210122,-1226.589256,89.330578,490.635702,-646.622976,-1.73725,-3.055416
BTC,weekly,otm10,h40,0.4,40,weekly_otm10_h40,batch_years_otm10_2020_2026,320,2026,2026-03-27T08:00:00.000Z,2026-04-03T08:00:00.000Z,68521,67040.5,36574.451257,36212.982593,0.53377,0.213508,-790.246422,112.679189,316.098569,-361.468664,-0.988309,-1.85257
BTC,weekly,otm10,h40,0.4,40,weekly_otm10_h40,batch_years_otm10_2020_2026,321,2026,2026-04-03T08:00:00.000Z,2026-04-10T08:00:00.000Z,67040.5,71480.5,36212.982593,37688.197158,0.540166,0.216066,2398.335972,36.212983,-959.334389,1475.214566,4.073717,6.722862
BTC,weekly,otm10,h40,0.4,40,weekly_otm10_h40,batch_years_otm10_2020_2026,322,2026,2026-04-10T08:00:00.000Z,2026-04-17T08:00:00.000Z,71480.5,75069,37688.197158,38846.03517,0.527251,0.210901,1892.041823,22.612918,-756.816729,1157.838012,3.07215,5.08025
BTC,weekly,otm10,h40,0.4,40,weekly_otm10_h40,batch_years_otm10_2020_2026,323,2026,2026-04-17T08:00:00.000Z,2026-04-24T08:00:00.000Z,75069,77693,38846.03517,39695.703042,0.517471,0.206988,1357.844067,34.961432,-543.137627,849.667872,2.187271,3.585451
BTC,weekly,otm10,h40,0.4,40,weekly_otm10_h40,batch_years_otm10_2020_2026,324,2026,2026-04-24T08:00:00.000Z,2026-05-01T08:00:00.000Z,77693,77173,39695.703042,39583.418737,0.51093,0.204372,-265.683724,47.125929,106.27349,-112.284305,-0.282863,-0.550583
BTC,weekly,otm10,h40,0.4,40,weekly_otm10_h40,batch_years_otm10_2020_2026,325,2026,2026-05-01T08:00:00.000Z,2026-05-08T08:00:00.000Z,77173,79684,39583.418737,40375.332208,0.512918,0.205167,1287.93703,19.151253,-515.174812,791.913471,2.000619,3.302111
BTC,14d,otm10,h00,0,0,14d_otm10_h00,batch_years_btc_14d_otm10_2020_2026,1,2020,2020-01-03T08:00:00.000Z,2020-01-17T08:00:00.000Z,7194,8938.5,7136.448,8020.897344,0.992,0,1730.544,-846.094656,0,884.449344,12.393411,12.493358
BTC,14d,otm10,h00,0,0,14d_otm10_h00,batch_years_btc_14d_otm10_2020_2026,2,2020,2020-01-17T08:00:00.000Z,2020-01-31T08:00:00.000Z,8938.5,9362.5,8020.897344,8513.663194,0.897343,0,380.473287,112.292563,0,492.76585,6.143525,6.143525
BTC,14d,otm10,h00,0,0,14d_otm10_h00,batch_years_btc_14d_otm10_2020_2026,3,2020,2020-01-31T08:00:00.000Z,2020-02-14T08:00:00.000Z,9362.5,10136,8513.663194,9287.621105,0.909337,0,703.3718,70.586111,0,773.957911,9.090774,9.090774
BTC,14d,otm10,h00,0,0,14d_otm10_h00,batch_years_btc_14d_otm10_2020_2026,4,2020,2020-02-14T08:00:00.000Z,2020-02-28T08:00:00.000Z,10136,8731.5,9287.621105,8214.292444,0.9163,0,-1286.943946,213.615285,0,-1073.328661,-11.556551,-11.556551
BTC,14d,otm10,h00,0,0,14d_otm10_h00,batch_years_btc_14d_otm10_2020_2026,5,2020,2020-02-28T08:00:00.000Z,2020-03-13T08:00:00.000Z,8731.5,5251.5,8214.292444,5026.67918,0.940765,0,-3273.863334,86.250071,0,-3187.613264,-38.805695,-38.805695
BTC,14d,otm10,h00,0,0,14d_otm10_h00,batch_years_btc_14d_otm10_2020_2026,6,2020,2020-03-13T08:00:00.000Z,2020-03-27T08:00:00.000Z,5251.5,6721,5026.67918,6023.711878,0.957189,0,1406.589556,-409.556858,0,997.032698,19.834819,19.834819
BTC,14d,otm10,h00,0,0,14d_otm10_h00,batch_years_btc_14d_otm10_2020_2026,7,2020,2020-03-27T08:00:00.000Z,2020-04-10T08:00:00.000Z,6721,6929.5,6023.711878,6593.086192,0.896252,0,186.86861,382.505704,0,569.374314,9.452217,9.452217
BTC,14d,otm10,h00,0,0,14d_otm10_h00,batch_years_btc_14d_otm10_2020_2026,8,2020,2020-04-10T08:00:00.000Z,2020-04-24T08:00:00.000Z,6929.5,7584,6593.086192,7318.00432,0.951452,0,622.725292,102.192836,0,724.918128,10.995126,10.995126
BTC,14d,otm10,h00,0,0,14d_otm10_h00,batch_years_btc_14d_otm10_2020_2026,9,2020,2020-04-24T08:00:00.000Z,2020-05-08T08:00:00.000Z,7584,9834,7318.00432,7972.264398,0.964927,0,2171.085143,-1516.825065,0,654.260078,8.940417,8.940417
BTC,14d,otm10,h00,0,0,14d_otm10_h00,batch_years_btc_14d_otm10_2020_2026,10,2020,2020-05-08T08:00:00.000Z,2020-05-22T08:00:00.000Z,9834,9070.5,7972.264398,7580.51686,0.810684,0,-618.957074,227.209535,0,-391.747539,-4.91388,-4.91388
BTC,14d,otm10,h00,0,0,14d_otm10_h00,batch_years_btc_14d_otm10_2020_2026,11,2020,2020-05-22T08:00:00.000Z,2020-06-05T08:00:00.000Z,9070.5,9782,7580.51686,8505.750606,0.835733,0,594.624083,330.609663,0,925.233746,12.205418,12.205418
BTC,14d,otm10,h00,0,0,14d_otm10_h00,batch_years_btc_14d_otm10_2020_2026,12,2020,2020-06-05T08:00:00.000Z,2020-06-19T08:00:00.000Z,9782,9288,8505.750606,8203.788633,0.869531,0,-429.548231,127.586259,0,-301.961972,-3.550092,-3.550092
BTC,14d,otm10,h00,0,0,14d_otm10_h00,batch_years_btc_14d_otm10_2020_2026,13,2020,2020-06-19T08:00:00.000Z,2020-07-03T08:00:00.000Z,9288,9101,8203.788633,8127.721342,0.883268,0,-165.171024,89.103733,0,-76.067291,-0.927221,-0.927221
BTC,14d,otm10,h00,0,0,14d_otm10_h00,batch_years_btc_14d_otm10_2020_2026,14,2020,2020-07-03T08:00:00.000Z,2020-07-17T08:00:00.000Z,9101,9100,8127.721342,8175.594612,0.893058,0,-0.893058,48.766328,0,47.87327,0.589012,0.589012
BTC,14d,otm10,h00,0,0,14d_otm10_h00,batch_years_btc_14d_otm10_2020_2026,15,2020,2020-07-17T08:00:00.000Z,2020-07-31T08:00:00.000Z,9100,11168,8175.594612,9061.856021,0.898417,0,1857.926336,-971.664928,0,886.261408,10.84033,10.84033
BTC,14d,otm10,h00,0,0,14d_otm10_h00,batch_years_btc_14d_otm10_2020_2026,16,2020,2020-07-31T08:00:00.000Z,2020-08-14T08:00:00.000Z,11168,11730,9061.856021,9703.637956,0.811413,0,456.013886,185.768048,0,641.781935,7.082235,7.082235
BTC,14d,otm10,h00,0,0,14d_otm10_h00,batch_years_btc_14d_otm10_2020_2026,17,2020,2020-08-14T08:00:00.000Z,2020-08-28T08:00:00.000Z,11730,11381.5,9703.637956,9526.933302,0.82725,0,-288.29649,111.591836,0,-176.704653,-1.821014,-1.821014
BTC,14d,otm10,h00,0,0,14d_otm10_h00,batch_years_btc_14d_otm10_2020_2026,18,2020,2020-08-28T08:00:00.000Z,2020-09-11T08:00:00.000Z,11381.5,10257.5,9526.933302,8633.718957,0.837054,0,-940.849012,47.634667,0,-893.214346,-9.375675,-9.375675
BTC,14d,otm10,h00,0,0,14d_otm10_h00,batch_years_btc_14d_otm10_2020_2026,19,2020,2020-09-11T08:00:00.000Z,2020-09-25T08:00:00.000Z,10257.5,10687,8633.718957,9167.902699,0.841698,0,361.509363,172.674379,0,534.183742,6.18718,6.18718
BTC,14d,otm10,h00,0,0,14d_otm10_h00,batch_years_btc_14d_otm10_2020_2026,20,2020,2020-09-25T08:00:00.000Z,2020-10-09T08:00:00.000Z,10687,10905,9167.902699,9373.063861,0.857856,0,187.012519,18.148644,0,205.161163,2.23782,2.23782
BTC,14d,otm10,h00,0,0,14d_otm10_h00,batch_years_btc_14d_otm10_2020_2026,21,2020,2020-10-09T08:00:00.000Z,2020-10-23T08:00:00.000Z,10905,12901.5,9373.063861,10362.884761,0.85952,0,1716.031362,-726.210462,0,989.8209,10.560271,10.560271
BTC,14d,otm10,h00,0,0,14d_otm10_h00,batch_years_btc_14d_otm10_2020_2026,22,2020,2020-10-23T08:00:00.000Z,2020-11-06T08:00:00.000Z,12901.5,15786.5,10362.884761,11350.337497,0.803231,0,2317.321438,-1329.868703,0,987.452736,9.528744,9.528744
BTC,14d,otm10,h00,0,0,14d_otm10_h00,batch_years_btc_14d_otm10_2020_2026,23,2020,2020-11-06T08:00:00.000Z,2020-11-20T08:00:00.000Z,15786.5,18254,11350.337497,12534.257362,0.71899,0,1774.108116,-590.188251,0,1183.919865,10.430702,10.430702
BTC,14d,otm10,h00,0,0,14d_otm10_h00,batch_years_btc_14d_otm10_2020_2026,24,2020,2020-11-20T08:00:00.000Z,2020-12-04T08:00:00.000Z,18254,19331,12534.257362,13563.923536,0.686658,0,739.530798,290.135377,0,1029.666174,8.214816,8.214816
BTC,14d,otm10,h00,0,0,14d_otm10_h00,batch_years_btc_14d_otm10_2020_2026,25,2020,2020-12-04T08:00:00.000Z,2020-12-18T08:00:00.000Z,19331,23113.5,13563.923536,15206.735631,0.701667,0,2654.055185,-1011.24309,0,1642.812095,12.111629,12.111629
BTC,14d,otm10,h00,0,0,14d_otm10_h00,batch_years_btc_14d_otm10_2020_2026,26,2021,2021-01-01T08:00:00.000Z,2021-01-15T08:00:00.000Z,29186.5,38500,15206.735631,17252.746773,0.521019,0,4852.515111,-2806.503969,0,2046.011142,13.454637,13.920991
BTC,14d,otm10,h00,0,0,14d_otm10_h00,batch_years_btc_14d_otm10_2020_2026,27,2021,2021-01-15T08:00:00.000Z,2021-01-29T08:00:00.000Z,38500,32305.5,17252.746773,16038.220619,0.448123,0,-2775.899737,1561.373583,0,-1214.526154,-7.03961,-7.03961
BTC,14d,otm10,h00,0,0,14d_otm10_h00,batch_years_btc_14d_otm10_2020_2026,28,2021,2021-01-29T08:00:00.000Z,2021-02-12T08:00:00.000Z,32305.5,47474,16038.220619,18648.836389,0.496455,0,7530.47467,-4919.8589,0,2610.61577,16.277465,16.277465
BTC,14d,otm10,h00,0,0,14d_otm10_h00,batch_years_btc_14d_otm10_2020_2026,29,2021,2021-02-12T08:00:00.000Z,2021-02-26T08:00:00.000Z,47474,44988.5,18648.836389,18688.838642,0.392822,0,-976.35933,1016.361583,0,40.002253,0.214503,0.214503
BTC,14d,otm10,h00,0,0,14d_otm10_h00,batch_years_btc_14d_otm10_2020_2026,30,2021,2021-02-26T08:00:00.000Z,2021-03-12T08:00:00.000Z,44988.5,56772,18688.838642,21759.369737,0.415414,0,4895.027177,-1824.496081,0,3070.531096,16.429759,16.429759
BTC,14d,otm10,h00,0,0,14d_otm10_h00,batch_years_btc_14d_otm10_2020_2026,31,2021,2021-03-12T08:00:00.000Z,2021-03-26T08:00:00.000Z,56772,53607.5,21759.369737,21514.783414,0.383276,0,-1212.878277,968.291953,0,-244.586324,-1.124051,-1.124051
BTC,14d,otm10,h00,0,0,14d_otm10_h00,batch_years_btc_14d_otm10_2020_2026,32,2021,2021-03-26T08:00:00.000Z,2021-04-09T08:00:00.000Z,53607.5,58130.5,21514.783414,23998.773295,0.401339,0,1815.256548,668.733334,0,2483.989881,11.545503,11.545503
BTC,14d,otm10,h00,0,0,14d_otm10_h00,batch_years_btc_14d_otm10_2020_2026,33,2021,2021-04-09T08:00:00.000Z,2021-04-23T08:00:00.000Z,58130.5,47696,23998.773295,20074.942795,0.412843,0,-4307.810873,383.980373,0,-3923.8305,-16.350129,-16.350129
BTC,14d,otm10,h00,0,0,14d_otm10_h00,batch_years_btc_14d_otm10_2020_2026,34,2021,2021-04-23T08:00:00.000Z,2021-05-07T08:00:00.000Z,47696,55838.5,20074.942795,22745.920662,0.420894,0,3427.12642,-756.148552,0,2670.977867,13.305034,13.305034
BTC,14d,otm10,h00,0,0,14d_otm10_h00,batch_years_btc_14d_otm10_2020_2026,35,2021,2021-05-07T08:00:00.000Z,2021-05-21T08:00:00.000Z,55838.5,39921.5,22745.920662,16671.526587,0.407352,0,-6483.820647,409.426572,0,-6074.394075,-26.705422,-26.705422
BTC,14d,otm10,h00,0,0,14d_otm10_h00,batch_years_btc_14d_otm10_2020_2026,36,2021,2021-05-21T08:00:00.000Z,2021-06-04T08:00:00.000Z,39921.5,36640.5,16671.526587,17085.123709,0.417608,0,-1370.170929,1783.76805,0,413.597121,2.480859,2.480859
BTC,14d,otm10,h00,0,0,14d_otm10_h00,batch_years_btc_14d_otm10_2020_2026,37,2021,2021-06-04T08:00:00.000Z,2021-06-18T08:00:00.000Z,36640.5,37686.5,17085.123709,18145.215406,0.466291,0,487.740053,572.351644,0,1060.091697,6.204765,6.204765
BTC,14d,otm10,h00,0,0,14d_otm10_h00,batch_years_btc_14d_otm10_2020_2026,38,2021,2021-06-18T08:00:00.000Z,2021-07-02T08:00:00.000Z,37686.5,33382,18145.215406,16786.264731,0.481478,0,-2072.521452,713.570778,0,-1358.950675,-7.489306,-7.489306
BTC,14d,otm10,h00,0,0,14d_otm10_h00,batch_years_btc_14d_otm10_2020_2026,39,2021,2021-07-02T08:00:00.000Z,2021-07-16T08:00:00.000Z,33382,31795,16786.264731,16600.934452,0.502854,0,-798.028942,612.698663,0,-185.330279,-1.104059,-1.104059
BTC,14d,otm10,h00,0,0,14d_otm10_h00,batch_years_btc_14d_otm10_2020_2026,40,2021,2021-07-16T08:00:00.000Z,2021-07-30T08:00:00.000Z,31795,39787.5,16600.934452,18593.996852,0.522124,0,4173.076541,-2180.014141,0,1993.0624,12.005724,12.005724
BTC,14d,otm10,h00,0,0,14d_otm10_h00,batch_years_btc_14d_otm10_2020_2026,41,2021,2021-07-30T08:00:00.000Z,2021-08-13T08:00:00.000Z,39787.5,46141.5,18593.996852,21079.119289,0.467333,0,2969.431505,-484.309068,0,2485.122437,13.365187,13.365187
BTC,14d,otm10,h00,0,0,14d_otm10_h00,batch_years_btc_14d_otm10_2020_2026,42,2021,2021-08-13T08:00:00.000Z,2021-08-27T08:00:00.000Z,46141.5,47533.5,21079.119289,22410.646571,0.456836,0,635.916345,695.610937,0,1331.527282,6.316807,6.316807
BTC,14d,otm10,h00,0,0,14d_otm10_h00,batch_years_btc_14d_otm10_2020_2026,43,2021,2021-08-27T08:00:00.000Z,2021-09-10T08:00:00.000Z,47533.5,46189.5,22410.646571,22471.720162,0.471471,0,-633.656453,694.730044,0,61.073591,0.27252,0.27252
BTC,14d,otm10,h00,0,0,14d_otm10_h00,batch_years_btc_14d_otm10_2020_2026,44,2021,2021-09-10T08:00:00.000Z,2021-09-24T08:00:00.000Z,46189.5,44800.5,22471.720162,22492.579097,0.486511,0,-675.76439,696.623325,0,20.858935,0.092823,0.092823
BTC,14d,otm10,h00,0,0,14d_otm10_h00,batch_years_btc_14d_otm10_2020_2026,45,2021,2021-09-24T08:00:00.000Z,2021-10-08T08:00:00.000Z,44800.5,54886,22492.579097,25385.663277,0.502061,0,5063.53515,-2170.450969,0,2893.084181,12.862394,12.862394
BTC,14d,otm10,h00,0,0,14d_otm10_h00,batch_years_btc_14d_otm10_2020_2026,46,2021,2021-10-08T08:00:00.000Z,2021-10-22T08:00:00.000Z,54886,63426.5,25385.663277,28601.31676,0.462516,0,3950.11947,-734.465987,0,3215.653482,12.667203,12.667203
BTC,14d,otm10,h00,0,0,14d_otm10_h00,batch_years_btc_14d_otm10_2020_2026,47,2021,2021-10-22T08:00:00.000Z,2021-11-05T08:00:00.000Z,63426.5,62143,28601.31676,28594.294055,0.450936,0,-578.776853,571.754148,0,-7.022705,-0.024554,-0.024554
BTC,14d,otm10,h00,0,0,14d_otm10_h00,batch_years_btc_14d_otm10_2020_2026,48,2021,2021-11-05T08:00:00.000Z,2021-11-19T08:00:00.000Z,62143,55994.5,28594.294055,26522.890457,0.460137,0,-2829.15239,757.748792,0,-2071.403598,-7.244115,-7.244115
BTC,14d,otm10,h00,0,0,14d_otm10_h00,batch_years_btc_14d_otm10_2020_2026,49,2021,2021-11-19T08:00:00.000Z,2021-12-03T08:00:00.000Z,55994.5,56770,26522.890457,27305.190122,0.47367,0,367.330748,414.968917,0,782.299665,2.949526,2.949526
BTC,14d,otm10,h00,0,0,14d_otm10_h00,batch_years_btc_14d_otm10_2020_2026,50,2021,2021-12-03T08:00:00.000Z,2021-12-17T08:00:00.000Z,56770,46990.5,27305.190122,23270.431032,0.480979,0,-4703.736248,668.977158,0,-4034.75909,-14.776528,-14.776528
BTC,14d,otm10,h00,0,0,14d_otm10_h00,batch_years_btc_14d_otm10_2020_2026,51,2021,2021-12-17T08:00:00.000Z,2021-12-31T08:00:00.000Z,46990.5,47184,23270.431032,23901.475174,0.495216,0,95.824228,535.219914,0,631.044142,2.711785,2.711785
BTC,14d,otm10,h00,0,0,14d_otm10_h00,batch_years_btc_14d_otm10_2020_2026,52,2022,2022-01-07T08:00:00.000Z,2022-01-21T08:00:00.000Z,41708,39123,23901.475174,22838.372997,0.573067,0,-1481.377993,418.275816,0,-1063.102177,-4.447852,-4.527076
BTC,14d,otm10,h00,0,0,14d_otm10_h00,batch_years_btc_14d_otm10_2020_2026,53,2022,2022-01-21T08:00:00.000Z,2022-02-04T08:00:00.000Z,39123,37886,22838.372997,22490.58463,0.583758,0,-722.108923,374.320556,0,-347.788367,-1.522825,-1.522825
BTC,14d,otm10,h00,0,0,14d_otm10_h00,batch_years_btc_14d_otm10_2020_2026,54,2022,2022-02-04T08:00:00.000Z,2022-02-18T08:00:00.000Z,37886,40656,22490.58463,24382.359444,0.593638,0,1644.378383,247.396431,0,1891.774814,8.411408,8.411408
BTC,14d,otm10,h00,0,0,14d_otm10_h00,batch_years_btc_14d_otm10_2020_2026,55,2022,2022-02-18T08:00:00.000Z,2022-03-04T08:00:00.000Z,40656,41462.5,24382.359444,25240.586553,0.599724,0,483.677019,374.55009,0,858.22711,3.519869,3.519869
BTC,14d,otm10,h00,0,0,14d_otm10_h00,batch_years_btc_14d_otm10_2020_2026,56,2022,2022-03-04T08:00:00.000Z,2022-03-18T08:00:00.000Z,41462.5,40598,25240.586553,25105.54523,0.608757,0,-526.270415,391.229092,0,-135.041323,-0.535017,-0.535017
BTC,14d,otm10,h00,0,0,14d_otm10_h00,batch_years_btc_14d_otm10_2020_2026,57,2022,2022-03-18T08:00:00.000Z,2022-04-01T08:00:00.000Z,40598,45017.5,25105.54523,28357.871081,0.618394,0,2732.990717,519.335133,0,3252.325851,12.954612,12.954612
BTC,14d,otm10,h00,0,0,14d_otm10_h00,batch_years_btc_14d_otm10_2020_2026,58,2022,2022-04-01T08:00:00.000Z,2022-04-15T08:00:00.000Z,45017.5,40233,28357.871081,25670.086799,0.62993,0,-3013.899799,326.115517,0,-2687.784281,-9.478089,-9.478089
BTC,14d,otm10,h00,0,0,14d_otm10_h00,batch_years_btc_14d_otm10_2020_2026,59,2022,2022-04-15T08:00:00.000Z,2022-04-29T08:00:00.000Z,40233,39629,25670.086799,25528.579114,0.638036,0,-385.37351,243.865825,0,-141.507685,-0.551255,-0.551255
BTC,14d,otm10,h00,0,0,14d_otm10_h00,batch_years_btc_14d_otm10_2020_2026,60,2022,2022-04-29T08:00:00.000Z,2022-05-13T08:00:00.000Z,39629,30117.5,25528.579114,19592.836608,0.644189,0,-6127.20685,191.464343,0,-5935.742506,-23.251363,-23.251363
BTC,14d,otm10,h00,0,0,14d_otm10_h00,batch_years_btc_14d_otm10_2020_2026,61,2022,2022-05-13T08:00:00.000Z,2022-05-27T08:00:00.000Z,30117.5,28958,19592.836608,19279.366673,0.650547,0,-754.308759,440.838824,0,-313.469935,-1.599921,-1.599921
BTC,14d,otm10,h00,0,0,14d_otm10_h00,batch_years_btc_14d_otm10_2020_2026,62,2022,2022-05-27T08:00:00.000Z,2022-06-10T08:00:00.000Z,28958,30054,19279.366673,20298.241055,0.66577,0,729.683883,289.1905,0,1018.874383,5.284792,5.284792
BTC,14d,otm10,h00,0,0,14d_otm10_h00,batch_years_btc_14d_otm10_2020_2026,63,2022,2022-07-08T08:00:00.000Z,2022-07-22T08:00:00.000Z,21796.5,23142,20298.241055,21957.21821,0.931261,0,1253.012334,405.964821,0,1658.977155,8.173009,8.173009
BTC,14d,otm10,h00,0,0,14d_otm10_h00,batch_years_btc_14d_otm10_2020_2026,64,2022,2022-07-22T08:00:00.000Z,2022-08-05T08:00:00.000Z,23142,23191.5,21957.21821,22679.04763,0.948804,0,46.96579,674.86363,0,721.82942,3.287436,3.287436
BTC,14d,otm10,h00,0,0,14d_otm10_h00,batch_years_btc_14d_otm10_2020_2026,65,2022,2022-08-05T08:00:00.000Z,2022-08-19T08:00:00.000Z,23191.5,21895.5,22679.04763,21706.512391,0.977903,0,-1267.362858,294.827619,0,-972.535239,-4.288254,-4.288254
BTC,14d,otm10,h00,0,0,14d_otm10_h00,batch_years_btc_14d_otm10_2020_2026,66,2022,2022-08-19T08:00:00.000Z,2022-09-02T08:00:00.000Z,21895.5,20120,21706.512391,20170.700953,0.991369,0,-1760.175047,224.363609,0,-1535.811439,-7.075349,-7.075349
BTC,14d,otm10,h00,0,0,14d_otm10_h00,batch_years_btc_14d_otm10_2020_2026,67,2022,2022-09-02T08:00:00.000Z,2022-09-16T08:00:00.000Z,20120,19734.5,20170.700953,20086.790035,1.00252,0,-386.471432,302.560514,0,-83.910918,-0.416004,-0.416004
BTC,14d,otm10,h00,0,0,14d_otm10_h00,batch_years_btc_14d_otm10_2020_2026,68,2022,2022-09-16T08:00:00.000Z,2022-09-30T08:00:00.000Z,19734.5,19564,20086.790035,20214.548208,1.017851,0,-173.543677,301.301851,0,127.758173,0.636031,0.636031
BTC,14d,otm10,h00,0,0,14d_otm10_h00,batch_years_btc_14d_otm10_2020_2026,69,2022,2022-09-30T08:00:00.000Z,2022-10-14T08:00:00.000Z,19564,19643.5,20214.548208,20519.051797,1.033252,0,82.143559,222.36003,0,304.503589,1.506359,1.506359
BTC,14d,otm10,h00,0,0,14d_otm10_h00,batch_years_btc_14d_otm10_2020_2026,70,2022,2022-10-14T08:00:00.000Z,2022-10-28T08:00:00.000Z,19643.5,20092,20519.051797,21141.435266,1.044572,0,468.490581,153.892888,0,622.38347,3.033198,3.033198
BTC,14d,otm10,h00,0,0,14d_otm10_h00,batch_years_btc_14d_otm10_2020_2026,71,2022,2022-10-28T08:00:00.000Z,2022-11-11T08:00:00.000Z,20092,17276,21141.435266,18410.907155,1.052231,0,-2963.0839,232.555788,0,-2730.528112,-12.915529,-12.915529
BTC,14d,otm10,h00,0,0,14d_otm10_h00,batch_years_btc_14d_otm10_2020_2026,72,2022,2022-11-11T08:00:00.000Z,2022-11-25T08:00:00.000Z,17276,16456,18410.907155,17877.64092,1.065693,0,-873.868017,340.601782,0,-533.266235,-2.896469,-2.896469
BTC,14d,otm10,h00,0,0,14d_otm10_h00,batch_years_btc_14d_otm10_2020_2026,73,2022,2022-11-25T08:00:00.000Z,2022-12-09T08:00:00.000Z,16456,17203.5,17877.64092,18997.466066,1.08639,0,812.076847,307.748299,0,1119.825146,6.263831,6.263831
BTC,14d,otm10,h00,0,0,14d_otm10_h00,batch_years_btc_14d_otm10_2020_2026,74,2022,2022-12-09T08:00:00.000Z,2022-12-23T08:00:00.000Z,17203.5,16846,18997.466066,18707.172339,1.104279,0,-394.77979,104.486063,0,-290.293727,-1.528066,-1.528066
BTC,14d,otm10,h00,0,0,14d_otm10_h00,batch_years_btc_14d_otm10_2020_2026,75,2023,2023-01-06T08:00:00.000Z,2023-01-20T08:00:00.000Z,16783,20950,18707.172339,20128.245303,1.11465,0,4644.746895,-3223.673931,0,1421.072964,7.596407,7.63458
BTC,14d,otm10,h00,0,0,14d_otm10_h00,batch_years_btc_14d_otm10_2020_2026,76,2023,2023-01-20T08:00:00.000Z,2023-02-03T08:00:00.000Z,20950,23449.5,20128.245303,22319.913408,0.960775,0,2401.458193,-209.790087,0,2191.668106,10.88852,10.88852
BTC,14d,otm10,h00,0,0,14d_otm10_h00,batch_years_btc_14d_otm10_2020_2026,77,2023,2023-02-03T08:00:00.000Z,2023-02-17T08:00:00.000Z,23449.5,23646.5,22319.913408,22775.262676,0.951829,0,187.510307,267.838961,0,455.349268,2.040103,2.040103
BTC,14d,otm10,h00,0,0,14d_otm10_h00,batch_years_btc_14d_otm10_2020_2026,78,2023,2023-02-17T08:00:00.000Z,2023-03-03T08:00:00.000Z,23646.5,22350.5,22775.262676,21675.170687,0.963156,0,-1248.249865,148.157876,0,-1100.091989,-4.830205,-4.830205
BTC,14d,otm10,h00,0,0,14d_otm10_h00,batch_years_btc_14d_otm10_2020_2026,79,2023,2023-03-03T08:00:00.000Z,2023-03-17T08:00:00.000Z,22350.5,26178,21675.170687,24466.854216,0.969785,0,3711.850554,-920.167025,0,2791.683529,12.879638,12.879638
BTC,14d,otm10,h00,0,0,14d_otm10_h00,batch_years_btc_14d_otm10_2020_2026,80,2023,2023-03-17T08:00:00.000Z,2023-03-31T08:00:00.000Z,26178,27737,24466.854216,26352.11889,0.934634,0,1457.094725,428.169949,0,1885.264674,7.705382,7.705382
BTC,14d,otm10,h00,0,0,14d_otm10_h00,batch_years_btc_14d_otm10_2020_2026,81,2023,2023-03-31T08:00:00.000Z,2023-04-14T08:00:00.000Z,27737,30773,26352.11889,29552.759825,0.950071,0,2884.415508,316.225427,0,3200.640935,12.145668,12.145668
BTC,14d,otm10,h00,0,0,14d_otm10_h00,batch_years_btc_14d_otm10_2020_2026,82,2023,2023-04-14T08:00:00.000Z,2023-04-28T08:00:00.000Z,30773,29505,29552.759825,28674.896502,0.960347,0,-1217.720062,339.856738,0,-877.863324,-2.970495,-2.970495
BTC,14d,otm10,h00,0,0,14d_otm10_h00,batch_years_btc_14d_otm10_2020_2026,83,2023,2023-04-28T08:00:00.000Z,2023-05-12T08:00:00.000Z,29505,26298,28674.896502,25916.559514,0.971866,0,-3116.773194,358.436206,0,-2758.336987,-9.619344,-9.619344
BTC,14d,otm10,h00,0,0,14d_otm10_h00,batch_years_btc_14d_otm10_2020_2026,84,2023,2023-05-12T08:00:00.000Z,2023-05-26T08:00:00.000Z,26298,26517,25916.559514,26339.715495,0.985495,0,215.823505,207.332476,0,423.155981,1.632763,1.632763
BTC,14d,otm10,h00,0,0,14d_otm10_h00,batch_years_btc_14d_otm10_2020_2026,85,2023,2023-05-26T08:00:00.000Z,2023-06-09T08:00:00.000Z,26517,26509.5,26339.715495,26425.212276,0.993314,0,-7.449857,92.946638,0,85.496781,0.324593,0.324593
BTC,14d,otm10,h00,0,0,14d_otm10_h00,batch_years_btc_14d_otm10_2020_2026,86,2023,2023-06-09T08:00:00.000Z,2023-06-23T08:00:00.000Z,26509.5,29937,26425.212276,29004.582435,0.99682,0,3416.602164,-837.232006,0,2579.370159,9.76102,9.76102
BTC,14d,otm10,h00,0,0,14d_otm10_h00,batch_years_btc_14d_otm10_2020_2026,87,2023,2023-06-23T08:00:00.000Z,2023-07-07T08:00:00.000Z,29937,30018,29004.582435,29266.499724,0.968854,0,78.477175,183.440114,0,261.917289,0.90302,0.90302
BTC,14d,otm10,h00,0,0,14d_otm10_h00,batch_years_btc_14d_otm10_2020_2026,88,2023,2023-07-07T08:00:00.000Z,2023-07-21T08:00:00.000Z,30018,29772.5,29266.499724,29246.644561,0.974965,0,-239.35391,219.498748,0,-19.855162,-0.067843,-0.067843
BTC,14d,otm10,h00,0,0,14d_otm10_h00,batch_years_btc_14d_otm10_2020_2026,89,2023,2023-07-21T08:00:00.000Z,2023-08-04T08:00:00.000Z,29772.5,29199,29246.644561,28719.567596,0.982338,0,-563.370582,36.293617,0,-527.076965,-1.802179,-1.802179
BTC,14d,otm10,h00,0,0,14d_otm10_h00,batch_years_btc_14d_otm10_2020_2026,90,2023,2023-08-04T08:00:00.000Z,2023-08-18T08:00:00.000Z,29199,26404.5,28719.567596,26080.086191,0.983581,0,-2748.615762,109.134357,0,-2639.481406,-9.190533,-9.190533
BTC,14d,otm10,h00,0,0,14d_otm10_h00,batch_years_btc_14d_otm10_2020_2026,91,2023,2023-08-18T08:00:00.000Z,2023-09-01T08:00:00.000Z,26404.5,25975,26080.086191,25941.908778,0.987714,0,-424.223031,286.045618,0,-138.177413,-0.52982,-0.52982
BTC,14d,otm10,h00,0,0,14d_otm10_h00,batch_years_btc_14d_otm10_2020_2026,92,2023,2023-09-01T08:00:00.000Z,2023-09-15T08:00:00.000Z,25975,26578,25941.908778,26593.430204,0.998726,0,602.2318,49.289627,0,651.521426,2.511463,2.511463
BTC,14d,otm10,h00,0,0,14d_otm10_h00,batch_years_btc_14d_otm10_2020_2026,93,2023,2023-09-15T08:00:00.000Z,2023-09-29T08:00:00.000Z,26578,27172.5,26593.430204,27305.286442,1.000581,0,594.845145,117.011093,0,711.856238,2.676812,2.676812
BTC,14d,otm10,h00,0,0,14d_otm10_h00,batch_years_btc_14d_otm10_2020_2026,94,2023,2023-09-29T08:00:00.000Z,2023-10-13T08:00:00.000Z,27172.5,26873,27305.286442,27078.04712,1.004887,0,-300.963595,73.724273,0,-227.239322,-0.832217,-0.832217
BTC,14d,otm10,h00,0,0,14d_otm10_h00,batch_years_btc_14d_otm10_2020_2026,95,2023,2023-10-13T08:00:00.000Z,2023-10-27T08:00:00.000Z,26873,33970,27078.04712,30214.419639,1.00763,0,7151.151729,-4014.779209,0,3136.37252,11.582713,11.582713
BTC,14d,otm10,h00,0,0,14d_otm10_h00,batch_years_btc_14d_otm10_2020_2026,96,2023,2023-10-27T08:00:00.000Z,2023-11-10T08:00:00.000Z,33970,36465.5,30214.419639,32796.600688,0.889444,0,2219.608013,362.573036,0,2582.181049,8.546188,8.546188
BTC,14d,otm10,h00,0,0,14d_otm10_h00,batch_years_btc_14d_otm10_2020_2026,97,2023,2023-11-10T08:00:00.000Z,2023-11-24T08:00:00.000Z,36465.5,37562,32796.600688,34340.320867,0.899387,0,986.177967,557.542212,0,1543.720179,4.706952,4.706952
BTC,14d,otm10,h00,0,0,14d_otm10_h00,batch_years_btc_14d_otm10_2020_2026,98,2023,2023-11-24T08:00:00.000Z,2023-12-08T08:00:00.000Z,37562,43194.5,34340.320867,37729.440854,0.91423,0,5149.402515,-1760.282528,0,3389.119987,9.869215,9.869215
BTC,14d,otm10,h00,0,0,14d_otm10_h00,batch_years_btc_14d_otm10_2020_2026,99,2023,2023-12-08T08:00:00.000Z,2023-12-22T08:00:00.000Z,43194.5,43615.5,37729.440854,38399.010574,0.873478,0,367.734193,301.835527,0,669.56972,1.774661,1.774661
BTC,14d,otm10,h00,0,0,14d_otm10_h00,batch_years_btc_14d_otm10_2020_2026,100,2024,2024-01-05T08:00:00.000Z,2024-01-19T08:00:00.000Z,43847.5,41231,38399.010574,37086.811578,0.87574,0,-2291.373765,979.17477,0,-1312.198995,-3.417273,-3.506694
BTC,14d,otm10,h00,0,0,14d_otm10_h00,batch_years_btc_14d_otm10_2020_2026,101,2024,2024-01-19T08:00:00.000Z,2024-02-02T08:00:00.000Z,41231,43082,37086.811578,39499.458158,0.899489,0,1664.953269,747.693311,0,2412.64658,6.505403,6.505403
BTC,14d,otm10,h00,0,0,14d_otm10_h00,batch_years_btc_14d_otm10_2020_2026,102,2024,2024-02-02T08:00:00.000Z,2024-02-16T08:00:00.000Z,43082,51810,39499.458158,44136.357331,0.916844,0,8002.211383,-3365.31221,0,4636.899173,11.739146,11.739146
BTC,14d,otm10,h00,0,0,14d_otm10_h00,batch_years_btc_14d_otm10_2020_2026,103,2024,2024-02-16T08:00:00.000Z,2024-03-01T08:00:00.000Z,51810,61473.5,44136.357331,48727.154117,0.851889,0,8232.227158,-3641.430372,0,4590.796787,10.401395,10.401395
BTC,14d,otm10,h00,0,0,14d_otm10_h00,batch_years_btc_14d_otm10_2020_2026,104,2024,2024-03-01T08:00:00.000Z,2024-03-15T08:00:00.000Z,61473.5,68388.5,48727.154117,54621.154963,0.792653,0,5481.195486,412.805359,0,5894.000845,12.095927,12.095927
BTC,14d,otm10,h00,0,0,14d_otm10_h00,batch_years_btc_14d_otm10_2020_2026,105,2024,2024-03-15T08:00:00.000Z,2024-03-29T08:00:00.000Z,68388.5,69789,54621.154963,57050.626878,0.798689,0,1118.564196,1310.907719,0,2429.471915,4.447859,4.447859
BTC,14d,otm10,h00,0,0,14d_otm10_h00,batch_years_btc_14d_otm10_2020_2026,106,2024,2024-03-29T08:00:00.000Z,2024-04-12T08:00:00.000Z,69789,70778.5,57050.626878,59171.680882,0.817473,0,808.889586,1312.164418,0,2121.054004,3.717845,3.717845
BTC,14d,otm10,h00,0,0,14d_otm10_h00,batch_years_btc_14d_otm10_2020_2026,107,2024,2024-04-12T08:00:00.000Z,2024-04-26T08:00:00.000Z,70778.5,64301.5,59171.680882,54792.335066,0.836012,0,-5414.850231,1035.504415,0,-4379.345816,-7.401084,-7.401084
BTC,14d,otm10,h00,0,0,14d_otm10_h00,batch_years_btc_14d_otm10_2020_2026,108,2024,2024-04-26T08:00:00.000Z,2024-05-10T08:00:00.000Z,64301.5,63064,54792.335066,54258.368736,0.852116,0,-1054.493513,520.527183,0,-533.96633,-0.974527,-0.974527
BTC,14d,otm10,h00,0,0,14d_otm10_h00,batch_years_btc_14d_otm10_2020_2026,109,2024,2024-05-10T08:00:00.000Z,2024-05-24T08:00:00.000Z,63064,67139.5,54258.368736,58253.13167,0.86037,0,3506.437615,488.325319,0,3994.762934,7.362483,7.362483
BTC,14d,otm10,h00,0,0,14d_otm10_h00,batch_years_btc_14d_otm10_2020_2026,110,2024,2024-05-24T08:00:00.000Z,2024-06-07T08:00:00.000Z,67139.5,71090.5,58253.13167,62053.769557,0.867643,0,3428.058345,372.579543,0,3800.637887,6.524349,6.524349
BTC,14d,otm10,h00,0,0,14d_otm10_h00,batch_years_btc_14d_otm10_2020_2026,111,2024,2024-06-07T08:00:00.000Z,2024-06-21T08:00:00.000Z,71090.5,64147,62053.769557,56582.409381,0.872884,0,-6060.870987,589.510811,0,-5471.360177,-8.817128,-8.817128
BTC,14d,otm10,h00,0,0,14d_otm10_h00,batch_years_btc_14d_otm10_2020_2026,112,2024,2024-06-21T08:00:00.000Z,2024-07-05T08:00:00.000Z,64147,54349.5,56582.409381,48137.88488,0.882074,0,-8642.121314,197.596813,0,-8444.524501,-14.924293,-14.924293
BTC,14d,otm10,h00,0,0,14d_otm10_h00,batch_years_btc_14d_otm10_2020_2026,113,2024,2024-07-05T08:00:00.000Z,2024-07-19T08:00:00.000Z,54349.5,63746.5,48137.88488,53572.582732,0.88571,0,8323.015009,-2888.317157,0,5434.697852,11.289856,11.289856
BTC,14d,otm10,h00,0,0,14d_otm10_h00,batch_years_btc_14d_otm10_2020_2026,114,2024,2024-07-19T08:00:00.000Z,2024-08-02T08:00:00.000Z,63746.5,64096,53572.582732,54526.002103,0.8404,0,293.719932,659.699439,0,953.419371,1.779678,1.779678
BTC,14d,otm10,h00,0,0,14d_otm10_h00,batch_years_btc_14d_otm10_2020_2026,115,2024,2024-08-02T08:00:00.000Z,2024-08-16T08:00:00.000Z,64096,58485,54526.002103,50134.447133,0.850693,0,-4773.236985,381.682015,0,-4391.55497,-8.054056,-8.054056
BTC,14d,otm10,h00,0,0,14d_otm10_h00,batch_years_btc_14d_otm10_2020_2026,116,2024,2024-08-16T08:00:00.000Z,2024-08-30T08:00:00.000Z,58485,59300.5,50134.447133,51384.988061,0.857219,0,699.06201,551.478918,0,1250.540928,2.494375,2.494375
BTC,14d,otm10,h00,0,0,14d_otm10_h00,batch_years_btc_14d_otm10_2020_2026,117,2024,2024-08-30T08:00:00.000Z,2024-09-13T08:00:00.000Z,59300.5,58100,51384.988061,50781.504843,0.866519,0,-1040.255616,436.772399,0,-603.483218,-1.174435,-1.174435
BTC,14d,otm10,h00,0,0,14d_otm10_h00,batch_years_btc_14d_otm10_2020_2026,118,2024,2024-09-13T08:00:00.000Z,2024-09-27T08:00:00.000Z,58100,65483.5,50781.504843,56389.924367,0.874036,0,6453.446489,-845.026966,0,5608.419523,11.044217,11.044217
BTC,14d,otm10,h00,0,0,14d_otm10_h00,batch_years_btc_14d_otm10_2020_2026,119,2024,2024-09-27T08:00:00.000Z,2024-10-11T08:00:00.000Z,65483.5,60617.5,56389.924367,52707.166337,0.861132,0,-4190.267349,507.509319,0,-3682.75803,-6.53088,-6.53088
BTC,14d,otm10,h00,0,0,14d_otm10_h00,batch_years_btc_14d_otm10_2020_2026,120,2024,2024-10-11T08:00:00.000Z,2024-10-25T08:00:00.000Z,60617.5,67480,52707.166337,58684.558319,0.869504,0,5966.972062,10.41992,0,5977.391982,11.340758,11.340758
BTC,14d,otm10,h00,0,0,14d_otm10_h00,batch_years_btc_14d_otm10_2020_2026,121,2024,2024-10-25T08:00:00.000Z,2024-11-08T08:00:00.000Z,67480,76395,58684.558319,64753.781553,0.869659,0,7753.005889,-1683.782656,0,6069.223234,10.342113,10.342113
BTC,14d,otm10,h00,0,0,14d_otm10_h00,batch_years_btc_14d_otm10_2020_2026,122,2024,2024-11-08T08:00:00.000Z,2024-11-22T08:00:00.000Z,76395,99466,64753.781553,71838.573782,0.847618,0,19555.39622,-12470.60399,0,7084.79223,10.941125,10.941125
BTC,14d,otm10,h00,0,0,14d_otm10_h00,batch_years_btc_14d_otm10_2020_2026,123,2024,2024-11-22T08:00:00.000Z,2024-12-06T08:00:00.000Z,99466,98239.5,71838.573782,72251.097289,0.722243,0,-885.830442,1298.353949,0,412.523507,0.574237,0.574237
BTC,14d,otm10,h00,0,0,14d_otm10_h00,batch_years_btc_14d_otm10_2020_2026,124,2024,2024-12-06T08:00:00.000Z,2024-12-20T08:00:00.000Z,98239.5,97672,72251.097289,72917.490923,0.735459,0,-417.372826,1083.766459,0,666.393634,0.92233,0.92233
BTC,14d,otm10,h00,0,0,14d_otm10_h00,batch_years_btc_14d_otm10_2020_2026,125,2025,2025-01-03T08:00:00.000Z,2025-01-17T08:00:00.000Z,96289,101523.5,72917.490923,77792.92851,0.757277,0,3963.96895,911.468637,0,4875.437587,6.686239,6.770875
BTC,14d,otm10,h00,0,0,14d_otm10_h00,batch_years_btc_14d_otm10_2020_2026,126,2025,2025-01-17T08:00:00.000Z,2025-01-31T08:00:00.000Z,101523.5,104204.5,77792.92851,81130.842515,0.766255,0,2054.330685,1283.58332,0,3337.914006,4.290768,4.290768
BTC,14d,otm10,h00,0,0,14d_otm10_h00,batch_years_btc_14d_otm10_2020_2026,127,2025,2025-01-31T08:00:00.000Z,2025-02-14T08:00:00.000Z,104204.5,96964,81130.842515,76588.848836,0.778573,0,-5637.260053,1095.266374,0,-4541.993679,-5.598356,-5.598356
BTC,14d,otm10,h00,0,0,14d_otm10_h00,batch_years_btc_14d_otm10_2020_2026,128,2025,2025-02-14T08:00:00.000Z,2025-02-28T08:00:00.000Z,96964,79124,76588.848836,63225.181574,0.789869,0,-14091.261326,727.594064,0,-13363.667262,-17.448581,-17.448581
BTC,14d,otm10,h00,0,0,14d_otm10_h00,batch_years_btc_14d_otm10_2020_2026,129,2025,2025-02-28T08:00:00.000Z,2025-03-14T08:00:00.000Z,79124,82179,63225.181574,66425.02588,0.799065,0,2441.142128,758.702179,0,3199.844307,5.061028,5.061028
BTC,14d,otm10,h00,0,0,14d_otm10_h00,batch_years_btc_14d_otm10_2020_2026,130,2025,2025-03-14T08:00:00.000Z,2025-03-28T08:00:00.000Z,82179,85150,66425.02588,69557.151072,0.808297,0,2401.449907,730.675285,0,3132.125191,4.715279,4.715279
BTC,14d,otm10,h00,0,0,14d_otm10_h00,batch_years_btc_14d_otm10_2020_2026,131,2025,2025-03-28T08:00:00.000Z,2025-04-11T08:00:00.000Z,85150,81217,69557.151072,66935.606173,0.816878,0,-3212.780683,591.235784,0,-2621.544899,-3.768908,-3.768908
BTC,14d,otm10,h00,0,0,14d_otm10_h00,batch_years_btc_14d_otm10_2020_2026,132,2025,2025-04-11T08:00:00.000Z,2025-04-25T08:00:00.000Z,81217,93805.5,66935.606173,74157.722534,0.824158,0,10374.907695,-3152.791334,0,7222.116362,10.789648,10.789648
BTC,14d,otm10,h00,0,0,14d_otm10_h00,batch_years_btc_14d_otm10_2020_2026,133,2025,2025-04-25T08:00:00.000Z,2025-05-09T08:00:00.000Z,93805.5,103643,74157.722534,81712.759534,0.790548,0,7777.013026,-221.976027,0,7555.036999,10.187795,10.187795
BTC,14d,otm10,h00,0,0,14d_otm10_h00,batch_years_btc_14d_otm10_2020_2026,134,2025,2025-05-09T08:00:00.000Z,2025-05-23T08:00:00.000Z,103643,110744.5,81712.759534,87842.757438,0.788406,0,5598.864968,531.132937,0,6129.997905,7.501886,7.501886
BTC,14d,otm10,h00,0,0,14d_otm10_h00,batch_years_btc_14d_otm10_2020_2026,135,2025,2025-05-23T08:00:00.000Z,2025-06-06T08:00:00.000Z,110744.5,103189,87842.757438,82189.960491,0.793202,0,-5993.037612,340.240665,0,-5652.796947,-6.435131,-6.435131
BTC,14d,otm10,h00,0,0,14d_otm10_h00,batch_years_btc_14d_otm10_2020_2026,136,2025,2025-06-06T08:00:00.000Z,2025-06-20T08:00:00.000Z,103189,105827.5,82189.960491,84661.378569,0.796499,0,2101.563255,369.854822,0,2471.418078,3.006959,3.006959
BTC,14d,otm10,h00,0,0,14d_otm10_h00,batch_years_btc_14d_otm10_2020_2026,137,2025,2025-06-20T08:00:00.000Z,2025-07-04T08:00:00.000Z,105827.5,108773,84661.378569,87163.845714,0.799994,0,2356.382704,146.084442,0,2502.467146,2.955854,2.955854
BTC,14d,otm10,h00,0,0,14d_otm10_h00,batch_years_btc_14d_otm10_2020_2026,138,2025,2025-07-04T08:00:00.000Z,2025-07-18T08:00:00.000Z,108773,119520,87163.845714,96080.889515,0.801337,0,8611.970341,305.07346,0,8917.043801,10.230209,10.230209
BTC,14d,otm10,h00,0,0,14d_otm10_h00,batch_years_btc_14d_otm10_2020_2026,139,2025,2025-07-18T08:00:00.000Z,2025-08-01T08:00:00.000Z,119520,115063.5,96080.889515,92722.078166,0.80389,0,-3582.534171,223.722822,0,-3358.811349,-3.495816,-3.495816
BTC,14d,otm10,h00,0,0,14d_otm10_h00,batch_years_btc_14d_otm10_2020_2026,140,2025,2025-08-01T08:00:00.000Z,2025-08-15T08:00:00.000Z,115063.5,119082,92722.078166,96229.216042,0.805834,0,3238.243849,268.894027,0,3507.137876,3.782419,3.782419
BTC,14d,otm10,h00,0,0,14d_otm10_h00,batch_years_btc_14d_otm10_2020_2026,141,2025,2025-08-15T08:00:00.000Z,2025-08-29T08:00:00.000Z,119082,109990,96229.216042,89209.222569,0.808092,0,-7347.172807,327.179335,0,-7019.993473,-7.295075,-7.295075
BTC,14d,otm10,h00,0,0,14d_otm10_h00,batch_years_btc_14d_otm10_2020_2026,142,2025,2025-08-29T08:00:00.000Z,2025-09-12T08:00:00.000Z,109990,115201,89209.222569,93756.844165,0.811067,0,4226.468395,321.153201,0,4547.621597,5.097703,5.097703
BTC,14d,otm10,h00,0,0,14d_otm10_h00,batch_years_btc_14d_otm10_2020_2026,143,2025,2025-09-12T08:00:00.000Z,2025-09-26T08:00:00.000Z,115201,109350,93756.844165,89276.252429,0.813854,0,-4761.862269,281.270532,0,-4480.591736,-4.778949,-4.778949
BTC,14d,otm10,h00,0,0,14d_otm10_h00,batch_years_btc_14d_otm10_2020_2026,144,2025,2025-09-26T08:00:00.000Z,2025-10-10T08:00:00.000Z,109350,120949,89276.252429,98050.618064,0.816427,0,9469.732528,-695.366893,0,8774.365635,9.828331,9.828331
BTC,14d,otm10,h00,0,0,14d_otm10_h00,batch_years_btc_14d_otm10_2020_2026,145,2025,2025-10-10T08:00:00.000Z,2025-10-24T08:00:00.000Z,120949,111138,98050.618064,90450.044544,0.810677,0,-7953.555745,352.982225,0,-7600.57352,-7.751683,-7.751683
BTC,14d,otm10,h00,0,0,14d_otm10_h00,batch_years_btc_14d_otm10_2020_2026,146,2025,2025-10-24T08:00:00.000Z,2025-11-07T08:00:00.000Z,111138,101931,90450.044544,84773.247399,0.813853,0,-7493.148699,1816.351554,0,-5676.797145,-6.276168,-6.276168
BTC,14d,otm10,h00,0,0,14d_otm10_h00,batch_years_btc_14d_otm10_2020_2026,147,2025,2025-11-07T08:00:00.000Z,2025-11-21T08:00:00.000Z,101931,83841.5,84773.247399,70152.567239,0.831673,0,-15044.546397,423.866237,0,-14620.68016,-17.246809,-17.246809
BTC,14d,otm10,h00,0,0,14d_otm10_h00,batch_years_btc_14d_otm10_2020_2026,148,2025,2025-11-21T08:00:00.000Z,2025-12-05T08:00:00.000Z,83841.5,92219.5,70152.567239,77809.14028,0.836728,0,7010.110844,646.462197,0,7656.573041,10.914174,10.914174
BTC,14d,otm10,h00,0,0,14d_otm10_h00,batch_years_btc_14d_otm10_2020_2026,149,2025,2025-12-05T08:00:00.000Z,2025-12-19T08:00:00.000Z,92219.5,87926,77809.14028,74847.926831,0.843738,0,-3622.591142,661.377692,0,-2961.213449,-3.80574,-3.80574
BTC,14d,otm10,h00,0,0,14d_otm10_h00,batch_years_btc_14d_otm10_2020_2026,150,2026,2026-01-02T08:00:00.000Z,2026-01-16T08:00:00.000Z,88798,95656.5,74847.926831,81190.323087,0.842901,0,5781.036805,561.359451,0,6342.396256,8.47371,8.537743
BTC,14d,otm10,h00,0,0,14d_otm10_h00,batch_years_btc_14d_otm10_2020_2026,151,2026,2026-01-16T08:00:00.000Z,2026-01-30T08:00:00.000Z,95656.5,82627.5,81190.323087,70456.466099,0.84877,0,-11058.61828,324.761292,0,-10733.856988,-13.220611,-13.220611
BTC,14d,otm10,h00,0,0,14d_otm10_h00,batch_years_btc_14d_otm10_2020_2026,152,2026,2026-01-30T08:00:00.000Z,2026-02-13T08:00:00.000Z,82627.5,66140.5,70456.466099,56715.055925,0.8527,0,-14058.464271,317.054097,0,-13741.410174,-19.503405,-19.503405
BTC,14d,otm10,h00,0,0,14d_otm10_h00,batch_years_btc_14d_otm10_2020_2026,153,2026,2026-02-13T08:00:00.000Z,2026-02-27T08:00:00.000Z,66140.5,67649,56715.055925,58462.305479,0.857494,0,1293.529106,453.720447,0,1747.249554,3.080751,3.080751
BTC,14d,otm10,h00,0,0,14d_otm10_h00,batch_years_btc_14d_otm10_2020_2026,154,2026,2026-02-27T08:00:00.000Z,2026-03-13T08:00:00.000Z,67649,71660.5,58462.305479,62396.744576,0.864201,0,3466.740653,467.698444,0,3934.439097,6.729873,6.729873
BTC,14d,otm10,h00,0,0,14d_otm10_h00,batch_years_btc_14d_otm10_2020_2026,155,2026,2026-03-13T08:00:00.000Z,2026-03-27T08:00:00.000Z,71660.5,68521,62396.744576,60380.659179,0.870727,0,-2733.647959,717.562563,0,-2016.085397,-3.231075,-3.231075
BTC,14d,otm10,h00,0,0,14d_otm10_h00,batch_years_btc_14d_otm10_2020_2026,156,2026,2026-03-27T08:00:00.000Z,2026-04-10T08:00:00.000Z,68521,71480.5,60380.659179,63381.042876,0.881199,0,2607.909412,392.474285,0,3000.383697,4.969114,4.969114
BTC,14d,otm10,h00,0,0,14d_otm10_h00,batch_years_btc_14d_otm10_2020_2026,157,2026,2026-04-10T08:00:00.000Z,2026-04-24T08:00:00.000Z,71480.5,77693,63381.042876,69162.14284,0.88669,0,5508.56148,272.538484,0,5781.099964,9.121182,9.121182
BTC,14d,otm10,h00,0,0,14d_otm10_h00,batch_years_btc_14d_otm10_2020_2026,158,2026,2026-04-24T08:00:00.000Z,2026-05-08T08:00:00.000Z,77693,79684,69162.14284,71271.21292,0.890198,0,1772.383952,336.686127,0,2109.07008,3.049457,3.049457
BTC,14d,otm10,h10,0.1,10,14d_otm10_h10,batch_years_btc_14d_otm10_2020_2026,1,2020,2020-01-03T08:00:00.000Z,2020-01-17T08:00:00.000Z,7194,8938.5,7136.448,7847.842944,0.992,0.0992,1730.544,-846.094656,-173.0544,711.394944,9.968474,12.493358
BTC,14d,otm10,h10,0.1,10,14d_otm10_h10,batch_years_btc_14d_otm10_2020_2026,2,2020,2020-01-17T08:00:00.000Z,2020-01-31T08:00:00.000Z,8938.5,9362.5,7847.842944,8292.750712,0.877982,0.087798,372.264408,109.869801,-37.226441,444.907768,5.669173,6.143525
BTC,14d,otm10,h10,0.1,10,14d_otm10_h10,batch_years_btc_14d_otm10_2020_2026,3,2020,2020-01-31T08:00:00.000Z,2020-02-14T08:00:00.000Z,9362.5,10136,8292.750712,8978.113897,0.885741,0.088574,685.120713,68.754543,-68.512071,685.363185,8.264606,9.090774
BTC,14d,otm10,h10,0.1,10,14d_otm10_h10,batch_years_btc_14d_otm10_2020_2026,4,2020,2020-02-14T08:00:00.000Z,2020-02-28T08:00:00.000Z,10136,8731.5,8978.113897,8064.959286,0.885765,0.088576,-1244.056923,206.49662,124.405692,-913.154611,-10.170896,-11.556551
BTC,14d,otm10,h10,0.1,10,14d_otm10_h10,batch_years_btc_14d_otm10_2020_2026,5,2020,2020-02-28T08:00:00.000Z,2020-03-13T08:00:00.000Z,8731.5,5251.5,8064.959286,5256.730349,0.923663,0.092366,-3214.345567,84.682073,321.434557,-2808.228938,-34.820125,-38.805695
BTC,14d,otm10,h10,0.1,10,14d_otm10_h10,batch_years_btc_14d_otm10_2020_2026,6,2020,2020-03-13T08:00:00.000Z,2020-03-27T08:00:00.000Z,5251.5,6721,5256.730349,6152.296921,1.000996,0.1001,1470.963581,-428.300651,-147.096358,895.566572,17.036571,19.834819
BTC,14d,otm10,h10,0.1,10,14d_otm10_h10,batch_years_btc_14d_otm10_2020_2026,7,2020,2020-03-27T08:00:00.000Z,2020-04-10T08:00:00.000Z,6721,6929.5,6152.296921,6714.739612,0.915384,0.091538,190.857597,390.670854,-19.08576,562.442692,9.141995,9.452217
BTC,14d,otm10,h10,0.1,10,14d_otm10_h10,batch_years_btc_14d_otm10_2020_2026,8,2020,2020-04-10T08:00:00.000Z,2020-04-24T08:00:00.000Z,6929.5,7584,6714.739612,7389.612126,0.969008,0.096901,634.215611,104.078464,-63.421561,674.872514,10.050613,10.995126
BTC,14d,otm10,h10,0.1,10,14d_otm10_h10,batch_years_btc_14d_otm10_2020_2026,9,2020,2020-04-24T08:00:00.000Z,2020-05-08T08:00:00.000Z,7584,9834,7389.612126,7831.041285,0.974369,0.097437,2192.329547,-1531.667433,-219.232955,441.429159,5.973645,8.940417
BTC,14d,otm10,h10,0.1,10,14d_otm10_h10,batch_years_btc_14d_otm10_2020_2026,10,2020,2020-05-08T08:00:00.000Z,2020-05-22T08:00:00.000Z,9834,9070.5,7831.041285,7507.032549,0.796323,0.079632,-607.992681,223.184677,60.799268,-324.008736,-4.137492,-4.91388
BTC,14d,otm10,h10,0.1,10,14d_otm10_h10,batch_years_btc_14d_otm10_2020_2026,11,2020,2020-05-22T08:00:00.000Z,2020-06-05T08:00:00.000Z,9070.5,9782,7507.032549,8364.411239,0.827632,0.082763,588.859893,327.404786,-58.885989,857.37869,11.421007,12.205418
BTC,14d,otm10,h10,0.1,10,14d_otm10_h10,batch_years_btc_14d_otm10_2020_2026,12,2020,2020-06-05T08:00:00.000Z,2020-06-19T08:00:00.000Z,9782,9288,8364.411239,8109.707991,0.855082,0.085508,-422.410463,125.466169,42.241046,-254.703248,-3.045083,-3.550092
BTC,14d,otm10,h10,0.1,10,14d_otm10_h10,batch_years_btc_14d_otm10_2020_2026,13,2020,2020-06-19T08:00:00.000Z,2020-07-03T08:00:00.000Z,9288,9101,8109.707991,8050.840721,0.873138,0.087314,-163.276851,88.081896,16.327685,-58.86727,-0.725886,-0.927221
BTC,14d,otm10,h10,0.1,10,14d_otm10_h10,batch_years_btc_14d_otm10_2020_2026,14,2020,2020-07-03T08:00:00.000Z,2020-07-17T08:00:00.000Z,9101,9100,8050.840721,8098.349616,0.884611,0.088461,-0.884611,48.305044,0.088461,47.508895,0.590111,0.589012
BTC,14d,otm10,h10,0.1,10,14d_otm10_h10,batch_years_btc_14d_otm10_2020_2026,15,2020,2020-07-17T08:00:00.000Z,2020-07-31T08:00:00.000Z,9100,11168,8098.349616,8792.200192,0.889929,0.088993,1840.372198,-962.484402,-184.03722,693.850576,8.567802,10.84033
BTC,14d,otm10,h10,0.1,10,14d_otm10_h10,batch_years_btc_14d_otm10_2020_2026,16,2020,2020-07-31T08:00:00.000Z,2020-08-14T08:00:00.000Z,11168,11730,8792.200192,9370.640051,0.787267,0.078727,442.444172,180.240104,-44.244417,578.439858,6.579011,7.082235
BTC,14d,otm10,h10,0.1,10,14d_otm10_h10,batch_years_btc_14d_otm10_2020_2026,17,2020,2020-08-14T08:00:00.000Z,2020-08-28T08:00:00.000Z,11730,11381.5,9370.640051,9227.839645,0.798861,0.079886,-278.403074,107.762361,27.840307,-142.800406,-1.523913,-1.821014
BTC,14d,otm10,h10,0.1,10,14d_otm10_h10,batch_years_btc_14d_otm10_2020_2026,18,2020,2020-08-28T08:00:00.000Z,2020-09-11T08:00:00.000Z,11381.5,10257.5,9227.839645,8453.798499,0.810775,0.081078,-911.311493,46.139198,91.131149,-774.041146,-8.388108,-9.375675
BTC,14d,otm10,h10,0.1,10,14d_otm10_h10,batch_years_btc_14d_otm10_2020_2026,19,2020,2020-09-11T08:00:00.000Z,2020-09-25T08:00:00.000Z,10257.5,10687,8453.798499,8941.452661,0.824158,0.082416,353.975769,169.07597,-35.397577,487.654162,5.768462,6.18718
BTC,14d,otm10,h10,0.1,10,14d_otm10_h10,batch_years_btc_14d_otm10_2020_2026,20,2020,2020-09-25T08:00:00.000Z,2020-10-09T08:00:00.000Z,10687,10905,8941.452661,9123.306954,0.836666,0.083667,182.393252,17.700367,-18.239325,181.854293,2.033834,2.23782
BTC,14d,otm10,h10,0.1,10,14d_otm10_h10,batch_years_btc_14d_otm10_2020_2026,21,2020,2020-10-09T08:00:00.000Z,2020-10-23T08:00:00.000Z,10905,12901.5,9123.306954,9919.722291,0.836617,0.083662,1670.305579,-706.859684,-167.030558,796.415337,8.729459,10.560271
BTC,14d,otm10,h10,0.1,10,14d_otm10_h10,batch_years_btc_14d_otm10_2020_2026,22,2020,2020-10-23T08:00:00.000Z,2020-11-06T08:00:00.000Z,12901.5,15786.5,9919.722291,10643.124951,0.768881,0.076888,2218.222595,-1272.997676,-221.82226,723.40266,7.29257,9.528744
BTC,14d,otm10,h10,0.1,10,14d_otm10_h10,batch_years_btc_14d_otm10_2020_2026,23,2020,2020-11-06T08:00:00.000Z,2020-11-20T08:00:00.000Z,15786.5,18254,10643.124951,11586.920818,0.674192,0.067419,1663.567657,-553.415024,-166.356766,943.795867,8.867657,10.430702
BTC,14d,otm10,h10,0.1,10,14d_otm10_h10,batch_years_btc_14d_otm10_2020_2026,24,2020,2020-11-20T08:00:00.000Z,2020-12-04T08:00:00.000Z,18254,19331,11586.920818,12470.401317,0.634761,0.063476,683.637215,268.207006,-68.363721,883.480499,7.624808,8.214816
BTC,14d,otm10,h10,0.1,10,14d_otm10_h10,batch_years_btc_14d_otm10_2020_2026,25,2020,2020-12-04T08:00:00.000Z,2020-12-18T08:00:00.000Z,19331,23113.5,12470.401317,13736.761507,0.645099,0.06451,2440.085509,-929.716768,-244.008551,1266.36019,10.154927,12.111629
BTC,14d,otm10,h10,0.1,10,14d_otm10_h10,batch_years_btc_14d_otm10_2020_2026,26,2021,2021-01-01T08:00:00.000Z,2021-01-15T08:00:00.000Z,29186.5,38500,13736.761507,15146.648767,0.470655,0.047065,4383.441944,-2535.21049,-438.344194,1409.887259,10.263607,13.920991
BTC,14d,otm10,h10,0.1,10,14d_otm10_h10,batch_years_btc_14d_otm10_2020_2026,27,2021,2021-01-15T08:00:00.000Z,2021-01-29T08:00:00.000Z,38500,32305.5,15146.648767,14324.087384,0.393419,0.039342,-2437.036774,1370.771713,243.703677,-822.561383,-5.430649,-7.03961
BTC,14d,otm10,h10,0.1,10,14d_otm10_h10,batch_years_btc_14d_otm10_2020_2026,28,2021,2021-01-29T08:00:00.000Z,2021-02-12T08:00:00.000Z,32305.5,47474,14324.087384,15983.122468,0.443395,0.044339,6725.632461,-4394.034131,-672.563246,1659.035084,11.582135,16.277465
BTC,14d,otm10,h10,0.1,10,14d_otm10_h10,batch_years_btc_14d_otm10_2020_2026,29,2021,2021-02-12T08:00:00.000Z,2021-02-26T08:00:00.000Z,47474,44988.5,15983.122468,16101.086288,0.336671,0.033667,-836.795949,871.080175,83.679595,117.96382,0.738052,0.214503
BTC,14d,otm10,h10,0.1,10,14d_otm10_h10,batch_years_btc_14d_otm10_2020_2026,30,2021,2021-02-26T08:00:00.000Z,2021-03-12T08:00:00.000Z,44988.5,56772,16101.086288,18324.732253,0.357893,0.035789,4217.236633,-1571.867005,-421.723663,2223.645964,13.810534,16.429759
BTC,14d,otm10,h10,0.1,10,14d_otm10_h10,batch_years_btc_14d_otm10_2020_2026,31,2021,2021-03-12T08:00:00.000Z,2021-03-26T08:00:00.000Z,56772,53607.5,18324.732253,18220.895977,0.322778,0.032278,-1021.429846,815.450585,102.142985,-103.836276,-0.566646,-1.124051
BTC,14d,otm10,h10,0.1,10,14d_otm10_h10,batch_years_btc_14d_otm10_2020_2026,32,2021,2021-03-26T08:00:00.000Z,2021-04-09T08:00:00.000Z,53607.5,58130.5,18220.895977,20170.855702,0.339895,0.033989,1537.342956,566.351065,-153.734296,1949.959726,10.701777,11.545503
BTC,14d,otm10,h10,0.1,10,14d_otm10_h10,batch_years_btc_14d_otm10_2020_2026,33,2021,2021-04-09T08:00:00.000Z,2021-04-23T08:00:00.000Z,58130.5,47696,20170.855702,17234.964155,0.346993,0.034699,-3620.69471,322.733691,362.069471,-2935.891548,-14.555117,-16.350129
BTC,14d,otm10,h10,0.1,10,14d_otm10_h10,batch_years_btc_14d_otm10_2020_2026,34,2021,2021-04-23T08:00:00.000Z,2021-05-07T08:00:00.000Z,47696,55838.5,17234.964155,19233.852426,0.36135,0.036135,2942.29486,-649.177103,-294.229486,1998.888271,11.597867,13.305034
BTC,14d,otm10,h10,0.1,10,14d_otm10_h10,batch_years_btc_14d_otm10_2020_2026,35,2021,2021-05-07T08:00:00.000Z,2021-05-21T08:00:00.000Z,55838.5,39921.5,19233.852426,14645.640068,0.344455,0.034446,-5482.690779,346.209344,548.269078,-4588.212357,-23.85488,-26.705422
BTC,14d,otm10,h10,0.1,10,14d_otm10_h10,batch_years_btc_14d_otm10_2020_2026,36,2021,2021-05-21T08:00:00.000Z,2021-06-04T08:00:00.000Z,39921.5,36640.5,14645.640068,15129.344878,0.366861,0.036686,-1203.670831,1567.008557,120.367083,483.70481,3.302722,2.480859
BTC,14d,otm10,h10,0.1,10,14d_otm10_h10,batch_years_btc_14d_otm10_2020_2026,37,2021,2021-06-04T08:00:00.000Z,2021-06-18T08:00:00.000Z,36640.5,37686.5,15129.344878,16024.894387,0.412913,0.041291,431.907172,506.833053,-43.190717,895.549508,5.919288,6.204765
BTC,14d,otm10,h10,0.1,10,14d_otm10_h10,batch_years_btc_14d_otm10_2020_2026,38,2021,2021-06-18T08:00:00.000Z,2021-07-02T08:00:00.000Z,37686.5,33382,16024.894387,15007.775169,0.425216,0.042522,-1830.341313,630.187964,183.034131,-1017.119218,-6.34712,-7.489306
BTC,14d,otm10,h10,0.1,10,14d_otm10_h10,batch_years_btc_14d_otm10_2020_2026,39,2021,2021-07-02T08:00:00.000Z,2021-07-16T08:00:00.000Z,33382,31795,15007.775169,14913.428315,0.449577,0.044958,-713.478497,547.783794,71.34785,-94.346854,-0.628653,-1.104059
BTC,14d,otm10,h10,0.1,10,14d_otm10_h10,batch_years_btc_14d_otm10_2020_2026,40,2021,2021-07-16T08:00:00.000Z,2021-07-30T08:00:00.000Z,31795,39787.5,14913.428315,16329.005584,0.469049,0.046905,3748.877994,-1958.412926,-374.887799,1415.577269,9.491964,12.005724
BTC,14d,otm10,h10,0.1,10,14d_otm10_h10,batch_years_btc_14d_otm10_2020_2026,41,2021,2021-07-30T08:00:00.000Z,2021-08-13T08:00:00.000Z,39787.5,46141.5,16329.005584,18250.636101,0.410405,0.041041,2607.716028,-425.313908,-260.771603,1921.630517,11.768203,13.365187
BTC,14d,otm10,h10,0.1,10,14d_otm10_h10,batch_years_btc_14d_otm10_2020_2026,42,2021,2021-08-13T08:00:00.000Z,2021-08-27T08:00:00.000Z,46141.5,47533.5,18250.636101,19348.434912,0.395536,0.039554,550.586467,602.270991,-55.058647,1097.798811,6.015126,6.316807
BTC,14d,otm10,h10,0.1,10,14d_otm10_h10,batch_years_btc_14d_otm10_2020_2026,43,2021,2021-08-27T08:00:00.000Z,2021-09-10T08:00:00.000Z,47533.5,46189.5,19348.434912,19455.870655,0.407048,0.040705,-547.073044,599.801482,54.707304,107.435743,0.555268,0.27252
BTC,14d,otm10,h10,0.1,10,14d_otm10_h10,batch_years_btc_14d_otm10_2020_2026,44,2021,2021-09-10T08:00:00.000Z,2021-09-24T08:00:00.000Z,46189.5,44800.5,19455.870655,19532.437432,0.421218,0.042122,-585.072459,603.13199,58.507246,76.566777,0.393541,0.092823
BTC,14d,otm10,h10,0.1,10,14d_otm10_h10,batch_years_btc_14d_otm10_2020_2026,45,2021,2021-09-24T08:00:00.000Z,2021-10-08T08:00:00.000Z,44800.5,54886,19532.437432,21605.061794,0.435987,0.043599,4397.147302,-1884.808211,-439.71473,2072.624362,10.611192,12.862394
BTC,14d,otm10,h10,0.1,10,14d_otm10_h10,batch_years_btc_14d_otm10_2020_2026,46,2021,2021-10-08T08:00:00.000Z,2021-10-22T08:00:00.000Z,54886,63426.5,21605.061794,24005.634669,0.393635,0.039364,3361.841458,-625.084437,-336.184146,2400.572875,11.111159,12.667203
BTC,14d,otm10,h10,0.1,10,14d_otm10_h10,batch_years_btc_14d_otm10_2020_2026,47,2021,2021-10-22T08:00:00.000Z,2021-11-05T08:00:00.000Z,63426.5,62143,24005.634669,24048.318231,0.37848,0.037848,-485.778533,479.884242,48.577853,42.683562,0.177806,-0.024554
BTC,14d,otm10,h10,0.1,10,14d_otm10_h10,batch_years_btc_14d_otm10_2020_2026,48,2021,2021-11-05T08:00:00.000Z,2021-11-19T08:00:00.000Z,62143,55994.5,24048.318231,22544.167189,0.386984,0.038698,-2379.368306,637.280433,237.936831,-1504.151042,-6.254704,-7.244115
BTC,14d,otm10,h10,0.1,10,14d_otm10_h10,batch_years_btc_14d_otm10_2020_2026,49,2021,2021-11-19T08:00:00.000Z,2021-12-03T08:00:00.000Z,55994.5,56770,22544.167189,23177.890647,0.402614,0.040261,312.227123,352.719047,-31.222712,633.723458,2.811031,2.949526
BTC,14d,otm10,h10,0.1,10,14d_otm10_h10,batch_years_btc_14d_otm10_2020_2026,50,2021,2021-12-03T08:00:00.000Z,2021-12-17T08:00:00.000Z,56770,46990.5,23177.890647,20152.277708,0.408277,0.040828,-3992.745844,567.858321,399.274584,-3025.612939,-13.053875,-14.776528
BTC,14d,otm10,h10,0.1,10,14d_otm10_h10,batch_years_btc_14d_otm10_2020_2026,51,2021,2021-12-17T08:00:00.000Z,2021-12-31T08:00:00.000Z,46990.5,47184,20152.277708,20690.465812,0.428859,0.042886,82.984129,463.502387,-8.298413,538.188104,2.670607,2.711785
BTC,14d,otm10,h10,0.1,10,14d_otm10_h10,batch_years_btc_14d_otm10_2020_2026,52,2022,2022-01-07T08:00:00.000Z,2022-01-21T08:00:00.000Z,41708,39123,20690.465812,19898.421009,0.496079,0.049608,-1282.364393,362.083152,128.236439,-792.044802,-3.828067,-4.527076
BTC,14d,otm10,h10,0.1,10,14d_otm10_h10,batch_years_btc_14d_otm10_2020_2026,53,2022,2022-01-21T08:00:00.000Z,2022-02-04T08:00:00.000Z,39123,37886,19898.421009,19658.31824,0.508612,0.050861,-629.152846,326.134791,62.915285,-240.10277,-1.206642,-1.522825
BTC,14d,otm10,h10,0.1,10,14d_otm10_h10,batch_years_btc_14d_otm10_2020_2026,54,2022,2022-02-04T08:00:00.000Z,2022-02-18T08:00:00.000Z,37886,40656,19658.31824,21168.129591,0.518881,0.051888,1437.299834,216.241501,-143.729983,1509.811352,7.680267,8.411408
BTC,14d,otm10,h10,0.1,10,14d_otm10_h10,batch_years_btc_14d_otm10_2020_2026,55,2022,2022-02-18T08:00:00.000Z,2022-03-04T08:00:00.000Z,40656,41462.5,21168.129591,21871.228441,0.520664,0.052066,419.915794,325.174636,-41.991579,703.09885,3.321497,3.519869
BTC,14d,otm10,h10,0.1,10,14d_otm10_h10,batch_years_btc_14d_otm10_2020_2026,56,2022,2022-03-04T08:00:00.000Z,2022-03-18T08:00:00.000Z,41462.5,40598,21871.228441,21799.815617,0.527494,0.052749,-456.01874,339.004041,45.601874,-71.412825,-0.326515,-0.535017
BTC,14d,otm10,h10,0.1,10,14d_otm10_h10,batch_years_btc_14d_otm10_2020_2026,57,2022,2022-03-18T08:00:00.000Z,2022-04-01T08:00:00.000Z,40598,45017.5,21799.815617,24386.584153,0.536968,0.053697,2373.128852,450.95257,-237.312885,2586.768537,11.866011,12.954612
BTC,14d,otm10,h10,0.1,10,14d_otm10_h10,batch_years_btc_14d_otm10_2020_2026,58,2022,2022-04-01T08:00:00.000Z,2022-04-15T08:00:00.000Z,45017.5,40233,24386.584153,22334.384773,0.541713,0.054171,-2591.827887,280.445718,259.182789,-2052.19938,-8.41528,-9.478089
BTC,14d,otm10,h10,0.1,10,14d_otm10_h10,batch_years_btc_14d_otm10_2020_2026,59,2022,2022-04-15T08:00:00.000Z,2022-04-29T08:00:00.000Z,40233,39629,22334.384773,22244.794929,0.555126,0.055513,-335.29611,212.176655,33.529611,-89.589844,-0.40113,-0.551255
BTC,14d,otm10,h10,0.1,10,14d_otm10_h10,batch_years_btc_14d_otm10_2020_2026,60,2022,2022-04-29T08:00:00.000Z,2022-05-13T08:00:00.000Z,39629,30117.5,22244.794929,17606.482382,0.561326,0.056133,-5339.053899,166.835962,533.90539,-4638.312547,-20.851226,-23.251363
BTC,14d,otm10,h10,0.1,10,14d_otm10_h10,batch_years_btc_14d_otm10_2020_2026,61,2022,2022-05-13T08:00:00.000Z,2022-05-27T08:00:00.000Z,30117.5,28958,17606.482382,17392.576117,0.584593,0.058459,-677.835688,396.145854,67.783569,-213.906265,-1.214929,-1.599921
BTC,14d,otm10,h10,0.1,10,14d_otm10_h10,batch_years_btc_14d_otm10_2020_2026,62,2022,2022-05-27T08:00:00.000Z,2022-06-10T08:00:00.000Z,28958,30054,17392.576117,18245.910269,0.600614,0.060061,658.272789,260.888642,-65.827279,853.334152,4.906313,5.284792
BTC,14d,otm10,h10,0.1,10,14d_otm10_h10,batch_years_btc_14d_otm10_2020_2026,63,2022,2022-07-08T08:00:00.000Z,2022-07-22T08:00:00.000Z,21796.5,23142,18245.910269,19624.518059,0.837103,0.08371,1126.321761,364.918205,-112.632176,1378.60779,7.555708,8.173009
BTC,14d,otm10,h10,0.1,10,14d_otm10_h10,batch_years_btc_14d_otm10_2020_2026,64,2022,2022-07-22T08:00:00.000Z,2022-08-05T08:00:00.000Z,23142,23191.5,19624.518059,20265.46384,0.848004,0.0848,41.976218,603.167185,-4.197622,640.945781,3.266046,3.287436
BTC,14d,otm10,h10,0.1,10,14d_otm10_h10,batch_years_btc_14d_otm10_2020_2026,65,2022,2022-08-05T08:00:00.000Z,2022-08-19T08:00:00.000Z,23191.5,21895.5,20265.46384,19509.677778,0.873832,0.087383,-1132.485658,263.45103,113.248566,-755.786062,-3.729429,-4.288254
BTC,14d,otm10,h10,0.1,10,14d_otm10_h10,batch_years_btc_14d_otm10_2020_2026,66,2022,2022-08-19T08:00:00.000Z,2022-09-02T08:00:00.000Z,21895.5,20120,19509.677778,18287.503482,0.891036,0.089104,-1582.03434,201.65661,158.203434,-1222.174296,-6.264451,-7.075349
BTC,14d,otm10,h10,0.1,10,14d_otm10_h10,batch_years_btc_14d_otm10_2020_2026,67,2022,2022-09-02T08:00:00.000Z,2022-09-16T08:00:00.000Z,20120,19734.5,18287.503482,18246.46567,0.908922,0.090892,-350.389294,274.312552,35.038929,-41.037812,-0.224404,-0.416004
BTC,14d,otm10,h10,0.1,10,14d_otm10_h10,batch_years_btc_14d_otm10_2020_2026,68,2022,2022-09-16T08:00:00.000Z,2022-09-30T08:00:00.000Z,19734.5,19564,18246.46567,18378.283198,0.924597,0.09246,-157.643842,273.696985,15.764384,131.817527,0.722428,0.636031
BTC,14d,otm10,h10,0.1,10,14d_otm10_h10,batch_years_btc_14d_otm10_2020_2026,69,2022,2022-09-30T08:00:00.000Z,2022-10-14T08:00:00.000Z,19564,19643.5,18378.283198,18647.657877,0.939393,0.093939,74.681738,202.161115,-7.468174,269.374679,1.465723,1.506359
BTC,14d,otm10,h10,0.1,10,14d_otm10_h10,batch_years_btc_14d_otm10_2020_2026,70,2022,2022-10-14T08:00:00.000Z,2022-10-28T08:00:00.000Z,19643.5,20092,18647.657877,19170.701968,0.949304,0.09493,425.762953,139.857434,-42.576295,523.044091,2.804878,3.033198
BTC,14d,otm10,h10,0.1,10,14d_otm10_h10,batch_years_btc_14d_otm10_2020_2026,71,2022,2022-10-28T08:00:00.000Z,2022-11-11T08:00:00.000Z,20092,17276,19170.701968,16963.392,0.954146,0.095415,-2686.875211,210.877722,268.687521,-2207.309968,-11.513976,-12.915529
BTC,14d,otm10,h10,0.1,10,14d_otm10_h10,batch_years_btc_14d_otm10_2020_2026,72,2022,2022-11-11T08:00:00.000Z,2022-11-25T08:00:00.000Z,17276,16456,16963.392,16552.56881,0.981905,0.098191,-805.162158,313.822752,80.516216,-410.82319,-2.421822,-2.896469
BTC,14d,otm10,h10,0.1,10,14d_otm10_h10,batch_years_btc_14d_otm10_2020_2026,73,2022,2022-11-25T08:00:00.000Z,2022-12-09T08:00:00.000Z,16456,17203.5,16552.56881,17514.205027,1.005868,0.100587,751.886557,284.938316,-75.188656,961.636218,5.809589,6.263831
BTC,14d,otm10,h10,0.1,10,14d_otm10_h10,batch_years_btc_14d_otm10_2020_2026,74,2022,2022-12-09T08:00:00.000Z,2022-12-23T08:00:00.000Z,17203.5,16846,17514.205027,17282.972166,1.018061,0.101806,-363.956654,96.328128,36.395665,-231.232861,-1.320259,-1.528066
BTC,14d,otm10,h10,0.1,10,14d_otm10_h10,batch_years_btc_14d_otm10_2020_2026,75,2023,2023-01-06T08:00:00.000Z,2023-01-20T08:00:00.000Z,16783,20950,17282.972166,18166.74343,1.02979,0.102979,4291.136568,-2978.251647,-429.113657,883.771264,5.113538,7.63458
BTC,14d,otm10,h10,0.1,10,14d_otm10_h10,batch_years_btc_14d_otm10_2020_2026,76,2023,2023-01-20T08:00:00.000Z,2023-02-03T08:00:00.000Z,20950,23449.5,18166.74343,19928.089446,0.867148,0.086715,2167.435571,-189.345997,-216.743557,1761.346016,9.695442,10.88852
BTC,14d,otm10,h10,0.1,10,14d_otm10_h10,batch_years_btc_14d_otm10_2020_2026,77,2023,2023-02-03T08:00:00.000Z,2023-02-17T08:00:00.000Z,23449.5,23646.5,19928.089446,20317.901385,0.84983,0.084983,167.416517,239.137073,-16.741652,389.811939,1.956093,2.040103
BTC,14d,otm10,h10,0.1,10,14d_otm10_h10,batch_years_btc_14d_otm10_2020_2026,78,2023,2023-02-17T08:00:00.000Z,2023-03-03T08:00:00.000Z,23646.5,22350.5,20317.901385,19447.861858,0.859235,0.085924,-1113.568612,132.172224,111.356861,-870.039527,-4.282133,-4.830205
BTC,14d,otm10,h10,0.1,10,14d_otm10_h10,batch_years_btc_14d_otm10_2020_2026,79,2023,2023-03-03T08:00:00.000Z,2023-03-17T08:00:00.000Z,22350.5,26178,19447.861858,21619.633449,0.870131,0.087013,3330.426221,-825.612008,-333.042622,2171.771592,11.167148,12.879638
BTC,14d,otm10,h10,0.1,10,14d_otm10_h10,batch_years_btc_14d_otm10_2020_2026,80,2023,2023-03-17T08:00:00.000Z,2023-03-31T08:00:00.000Z,26178,27737,21619.633449,23156.755692,0.82587,0.082587,1287.531842,378.343585,-128.753184,1537.122243,7.109844,7.705382
BTC,14d,otm10,h10,0.1,10,14d_otm10_h10,batch_years_btc_14d_otm10_2020_2026,81,2023,2023-03-31T08:00:00.000Z,2023-04-14T08:00:00.000Z,27737,30773,23156.755692,25715.832249,0.834869,0.083487,2534.661653,277.881068,-253.466165,2559.076556,11.051101,12.145668
BTC,14d,otm10,h10,0.1,10,14d_otm10_h10,batch_years_btc_14d_otm10_2020_2026,82,2023,2023-04-14T08:00:00.000Z,2023-04-28T08:00:00.000Z,30773,29505,25715.832249,25057.90664,0.835662,0.083566,-1059.619644,295.732071,105.961964,-657.925608,-2.558446,-2.970495
BTC,14d,otm10,h10,0.1,10,14d_otm10_h10,batch_years_btc_14d_otm10_2020_2026,83,2023,2023-04-28T08:00:00.000Z,2023-05-12T08:00:00.000Z,29505,26298,25057.90664,22919.863368,0.849277,0.084928,-2723.630117,313.223833,272.363012,-2138.043272,-8.53241,-9.619344
BTC,14d,otm10,h10,0.1,10,14d_otm10_h10,batch_years_btc_14d_otm10_2020_2026,84,2023,2023-05-12T08:00:00.000Z,2023-05-26T08:00:00.000Z,26298,26517,22919.863368,23275.003592,0.871544,0.087154,190.86813,183.358907,-19.086813,355.140224,1.549487,1.632763
BTC,14d,otm10,h10,0.1,10,14d_otm10_h10,batch_years_btc_14d_otm10_2020_2026,85,2023,2023-05-26T08:00:00.000Z,2023-06-09T08:00:00.000Z,26517,26509.5,23275.003592,23351.210848,0.877739,0.087774,-6.583042,82.131993,0.658304,76.207256,0.327421,0.324593
BTC,14d,otm10,h10,0.1,10,14d_otm10_h10,batch_years_btc_14d_otm10_2020_2026,86,2023,2023-06-09T08:00:00.000Z,2023-06-23T08:00:00.000Z,26509.5,29937,23351.210848,25328.611677,0.880862,0.088086,3019.154461,-739.838185,-301.915446,1977.40083,8.468087,9.76102
BTC,14d,otm10,h10,0.1,10,14d_otm10_h10,batch_years_btc_14d_otm10_2020_2026,87,2023,2023-06-23T08:00:00.000Z,2023-07-07T08:00:00.000Z,29937,30018,25328.611677,25550.481084,0.846064,0.084606,68.531167,160.191357,-6.853117,221.869407,0.875964,0.90302
BTC,14d,otm10,h10,0.1,10,14d_otm10_h10,batch_years_btc_14d_otm10_2020_2026,88,2023,2023-07-07T08:00:00.000Z,2023-07-21T08:00:00.000Z,30018,29772.5,25550.481084,25554.043239,0.851172,0.085117,-208.962726,191.628608,20.896273,3.562155,0.013942,-0.067843
BTC,14d,otm10,h10,0.1,10,14d_otm10_h10,batch_years_btc_14d_otm10_2020_2026,89,2023,2023-07-21T08:00:00.000Z,2023-08-04T08:00:00.000Z,29772.5,29199,25554.043239,25142.737665,0.85831,0.085831,-492.240954,31.711284,49.224095,-411.305574,-1.609552,-1.802179
BTC,14d,otm10,h10,0.1,10,14d_otm10_h10,batch_years_btc_14d_otm10_2020_2026,90,2023,2023-08-04T08:00:00.000Z,2023-08-18T08:00:00.000Z,29199,26404.5,25142.737665,23072.61541,0.861082,0.086108,-2406.294065,95.542403,240.629407,-2070.122255,-8.23348,-9.190533
BTC,14d,otm10,h10,0.1,10,14d_otm10_h10,batch_years_btc_14d_otm10_2020_2026,91,2023,2023-08-18T08:00:00.000Z,2023-09-01T08:00:00.000Z,26404.5,25975,23072.61541,22987.902468,0.873814,0.087381,-375.30301,253.059767,37.530301,-84.712942,-0.367158,-0.52982
BTC,14d,otm10,h10,0.1,10,14d_otm10_h10,batch_years_btc_14d_otm10_2020_2026,92,2023,2023-09-01T08:00:00.000Z,2023-09-15T08:00:00.000Z,25975,26578,22987.902468,23511.869556,0.885001,0.0885,533.655638,43.677015,-53.365564,523.967089,2.279317,2.511463
BTC,14d,otm10,h10,0.1,10,14d_otm10_h10,batch_years_btc_14d_otm10_2020_2026,93,2023,2023-09-15T08:00:00.000Z,2023-09-29T08:00:00.000Z,26578,27172.5,23511.869556,24088.646555,0.884637,0.088464,525.916414,103.452226,-52.591641,576.776999,2.453131,2.676812
BTC,14d,otm10,h10,0.1,10,14d_otm10_h10,batch_years_btc_14d_otm10_2020_2026,94,2023,2023-09-29T08:00:00.000Z,2023-10-13T08:00:00.000Z,27172.5,26873,24088.646555,23914.727591,0.886508,0.088651,-265.509233,65.039346,26.550923,-173.918964,-0.721996,-0.832217
BTC,14d,otm10,h10,0.1,10,14d_otm10_h10,batch_years_btc_14d_otm10_2020_2026,95,2023,2023-10-13T08:00:00.000Z,2023-10-27T08:00:00.000Z,26873,33970,23914.727591,26053.128105,0.889917,0.088992,6315.737793,-3545.7635,-631.573779,2138.400514,8.941772,11.582713
BTC,14d,otm10,h10,0.1,10,14d_otm10_h10,batch_years_btc_14d_otm10_2020_2026,96,2023,2023-10-27T08:00:00.000Z,2023-11-10T08:00:00.000Z,33970,36465.5,26053.128105,28088.286191,0.766945,0.076695,1913.911722,312.637537,-191.391172,2035.158087,7.811569,8.546188
BTC,14d,otm10,h10,0.1,10,14d_otm10_h10,batch_years_btc_14d_otm10_2020_2026,97,2023,2023-11-10T08:00:00.000Z,2023-11-24T08:00:00.000Z,36465.5,37562,28088.286191,29325.928155,0.77027,0.077027,844.601221,477.500865,-84.460122,1237.641964,4.406257,4.706952
BTC,14d,otm10,h10,0.1,10,14d_otm10_h10,batch_years_btc_14d_otm10_2020_2026,98,2023,2023-11-24T08:00:00.000Z,2023-12-08T08:00:00.000Z,37562,43194.5,29325.928155,31780.41857,0.780734,0.078073,4397.483902,-1503.245097,-439.74839,2454.490415,8.369694,9.869215
BTC,14d,otm10,h10,0.1,10,14d_otm10_h10,batch_years_btc_14d_otm10_2020_2026,99,2023,2023-12-08T08:00:00.000Z,2023-12-22T08:00:00.000Z,43194.5,43615.5,31780.41857,32313.438166,0.735752,0.073575,309.751385,254.243349,-30.975139,533.019595,1.677195,1.774661
BTC,14d,otm10,h10,0.1,10,14d_otm10_h10,batch_years_btc_14d_otm10_2020_2026,100,2024,2024-01-05T08:00:00.000Z,2024-01-19T08:00:00.000Z,43847.5,41231,32313.438166,31402.022894,0.736951,0.073695,-1928.23105,823.992673,192.823105,-911.415272,-2.820546,-3.506694
BTC,14d,otm10,h10,0.1,10,14d_otm10_h10,batch_years_btc_14d_otm10_2020_2026,101,2024,2024-01-19T08:00:00.000Z,2024-02-02T08:00:00.000Z,41231,43082,31402.022894,33303.876682,0.761612,0.076161,1409.743746,633.084416,-140.974375,1901.853788,6.056469,6.505403
BTC,14d,otm10,h10,0.1,10,14d_otm10_h10,batch_years_btc_14d_otm10_2020_2026,102,2024,2024-02-02T08:00:00.000Z,2024-02-16T08:00:00.000Z,43082,51810,33303.876682,36538.762882,0.773035,0.077303,6747.045998,-2837.455198,-674.7046,3234.886201,9.713242,11.739146
BTC,14d,otm10,h10,0.1,10,14d_otm10_h10,batch_years_btc_14d_otm10_2020_2026,103,2024,2024-02-16T08:00:00.000Z,2024-03-01T08:00:00.000Z,51810,61473.5,36538.762882,39657.790005,0.705245,0.070525,6815.138682,-3014.597691,-681.513868,3119.027123,8.536214,10.401395
BTC,14d,otm10,h10,0.1,10,14d_otm10_h10,batch_years_btc_14d_otm10_2020_2026,104,2024,2024-03-01T08:00:00.000Z,2024-03-15T08:00:00.000Z,61473.5,68388.5,39657.790005,44008.666671,0.64512,0.064512,4461.005439,335.97177,-446.100544,4350.876666,10.971052,12.095927
BTC,14d,otm10,h10,0.1,10,14d_otm10_h10,batch_years_btc_14d_otm10_2020_2026,105,2024,2024-03-15T08:00:00.000Z,2024-03-29T08:00:00.000Z,68388.5,69789,44008.666671,45875.986538,0.64351,0.064351,901.235408,1056.208,-90.123541,1867.319867,4.243073,4.447859
BTC,14d,otm10,h10,0.1,10,14d_otm10_h10,batch_years_btc_14d_otm10_2020_2026,106,2024,2024-03-29T08:00:00.000Z,2024-04-12T08:00:00.000Z,69789,70778.5,45875.986538,47516.539662,0.657353,0.065735,650.450482,1055.14769,-65.045048,1640.553124,3.576061,3.717845
BTC,14d,otm10,h10,0.1,10,14d_otm10_h10,batch_years_btc_14d_otm10_2020_2026,107,2024,2024-04-12T08:00:00.000Z,2024-04-26T08:00:00.000Z,70778.5,64301.5,47516.539662,44434.628487,0.671341,0.067134,-4348.278466,831.539444,434.827847,-3081.911175,-6.485976,-7.401084
BTC,14d,otm10,h10,0.1,10,14d_otm10_h10,batch_years_btc_14d_otm10_2020_2026,108,2024,2024-04-26T08:00:00.000Z,2024-05-10T08:00:00.000Z,64301.5,63064,44434.628487,44087.116508,0.691036,0.069104,-855.15661,422.128971,85.515661,-347.511978,-0.782075,-0.974527
BTC,14d,otm10,h10,0.1,10,14d_otm10_h10,batch_years_btc_14d_otm10_2020_2026,109,2024,2024-05-10T08:00:00.000Z,2024-05-24T08:00:00.000Z,63064,67139.5,44087.116508,47048.11055,0.699085,0.069909,2849.122214,396.784049,-284.912221,2960.994042,6.716234,7.362483
BTC,14d,otm10,h10,0.1,10,14d_otm10_h10,batch_years_btc_14d_otm10_2020_2026,110,2024,2024-05-24T08:00:00.000Z,2024-06-07T08:00:00.000Z,67139.5,71090.5,47048.11055,49840.826753,0.700752,0.070075,2768.669483,300.913668,-276.866948,2792.716203,5.935873,6.524349
BTC,14d,otm10,h10,0.1,10,14d_otm10_h10,batch_years_btc_14d_otm10_2020_2026,111,2024,2024-06-07T08:00:00.000Z,2024-06-21T08:00:00.000Z,71090.5,64147,49840.826753,45933.099079,0.70109,0.070109,-4868.017253,473.487854,486.801725,-3907.727674,-7.840415,-8.817128
BTC,14d,otm10,h10,0.1,10,14d_otm10_h10,batch_years_btc_14d_otm10_2020_2026,112,2024,2024-06-21T08:00:00.000Z,2024-07-05T08:00:00.000Z,64147,54349.5,45933.099079,39779.468597,0.71606,0.071606,-7015.597584,160.407344,701.559758,-6153.630482,-13.396942,-14.924293
BTC,14d,otm10,h10,0.1,10,14d_otm10_h10,batch_years_btc_14d_otm10_2020_2026,113,2024,2024-07-05T08:00:00.000Z,2024-07-19T08:00:00.000Z,54349.5,63746.5,39779.468597,43582.72837,0.73192,0.073192,6877.849224,-2386.804529,-687.784922,3803.259773,9.560861,11.289856
BTC,14d,otm10,h10,0.1,10,14d_otm10_h10,batch_years_btc_14d_otm10_2020_2026,114,2024,2024-07-19T08:00:00.000Z,2024-08-02T08:00:00.000Z,63746.5,64096,43582.72837,44334.465617,0.683688,0.068369,238.949018,536.683131,-23.894902,751.737247,1.724851,1.779678
BTC,14d,otm10,h10,0.1,10,14d_otm10_h10,batch_years_btc_14d_otm10_2020_2026,115,2024,2024-08-02T08:00:00.000Z,2024-08-16T08:00:00.000Z,64096,58485,44334.465617,41151.849158,0.691688,0.069169,-3881.064132,310.341259,388.106413,-3182.616459,-7.178651,-8.054056
BTC,14d,otm10,h10,0.1,10,14d_otm10_h10,batch_years_btc_14d_otm10_2020_2026,116,2024,2024-08-16T08:00:00.000Z,2024-08-30T08:00:00.000Z,58485,59300.5,41151.849158,42120.949347,0.703631,0.070363,573.810943,452.670341,-57.381094,969.100189,2.354937,2.494375
BTC,14d,otm10,h10,0.1,10,14d_otm10_h10,batch_years_btc_14d_otm10_2020_2026,117,2024,2024-08-30T08:00:00.000Z,2024-09-13T08:00:00.000Z,59300.5,58100,42120.949347,41711.537349,0.710297,0.07103,-852.711186,358.028069,85.271119,-409.411998,-0.971991,-1.174435
BTC,14d,otm10,h10,0.1,10,14d_otm10_h10,batch_years_btc_14d_otm10_2020_2026,118,2024,2024-09-13T08:00:00.000Z,2024-09-27T08:00:00.000Z,58100,65483.5,41711.537349,45788.168864,0.717927,0.071793,5300.811291,-694.098648,-530.081129,4076.631514,9.773391,11.044217
BTC,14d,otm10,h10,0.1,10,14d_otm10_h10,batch_years_btc_14d_otm10_2020_2026,119,2024,2024-09-27T08:00:00.000Z,2024-10-11T08:00:00.000Z,65483.5,60617.5,45788.168864,43138.045081,0.699232,0.069923,-3402.463669,412.09352,340.246367,-2650.123783,-5.787792,-6.53088
BTC,14d,otm10,h10,0.1,10,14d_otm10_h10,batch_years_btc_14d_otm10_2020_2026,120,2024,2024-10-11T08:00:00.000Z,2024-10-25T08:00:00.000Z,60617.5,67480,43138.045081,47541.860918,0.711643,0.071164,4883.652978,8.528157,-488.365298,4403.815837,10.208659,11.340758
BTC,14d,otm10,h10,0.1,10,14d_otm10_h10,batch_years_btc_14d_otm10_2020_2026,121,2024,2024-10-25T08:00:00.000Z,2024-11-08T08:00:00.000Z,67480,76395,47541.860918,51830.602987,0.704533,0.070453,6280.90827,-1364.075374,-628.090827,4288.742069,9.020981,10.342113
BTC,14d,otm10,h10,0.1,10,14d_otm10_h10,batch_years_btc_14d_otm10_2020_2026,122,2024,2024-11-08T08:00:00.000Z,2024-11-22T08:00:00.000Z,76395,99466,51830.602987,55936.189551,0.678455,0.067846,15652.64535,-9981.794251,-1565.264535,4105.586564,7.921163,10.941125
BTC,14d,otm10,h10,0.1,10,14d_otm10_h10,batch_years_btc_14d_otm10_2020_2026,123,2024,2024-11-22T08:00:00.000Z,2024-12-06T08:00:00.000Z,99466,98239.5,55936.189551,56326.369778,0.562365,0.056236,-689.74058,1010.946749,68.974058,390.180227,0.697545,0.574237
BTC,14d,otm10,h10,0.1,10,14d_otm10_h10,batch_years_btc_14d_otm10_2020_2026,124,2024,2024-12-06T08:00:00.000Z,2024-12-20T08:00:00.000Z,98239.5,97672,56326.369778,56878.4229,0.573358,0.057336,-325.380472,844.895547,32.538047,552.053122,0.980097,0.92233
BTC,14d,otm10,h10,0.1,10,14d_otm10_h10,batch_years_btc_14d_otm10_2020_2026,125,2025,2025-01-03T08:00:00.000Z,2025-01-17T08:00:00.000Z,96289,101523.5,56878.4229,60372.245403,0.590705,0.059071,3092.046907,710.980286,-309.204691,3493.822503,6.142615,6.770875
BTC,14d,otm10,h10,0.1,10,14d_otm10_h10,batch_years_btc_14d_otm10_2020_2026,126,2025,2025-01-17T08:00:00.000Z,2025-01-31T08:00:00.000Z,101523.5,104204.5,60372.245403,62803.249242,0.594663,0.059466,1594.290878,996.142049,-159.429088,2431.003839,4.026691,4.290768
BTC,14d,otm10,h10,0.1,10,14d_otm10_h10,batch_years_btc_14d_otm10_2020_2026,127,2025,2025-01-31T08:00:00.000Z,2025-02-14T08:00:00.000Z,104204.5,96964,62803.249242,59723.678902,0.602692,0.060269,-4363.793561,847.843865,436.379356,-3079.57034,-4.903521,-5.598356
BTC,14d,otm10,h10,0.1,10,14d_otm10_h10,batch_years_btc_14d_otm10_2020_2026,128,2025,2025-02-14T08:00:00.000Z,2025-02-28T08:00:00.000Z,96964,79124,59723.678902,50401.575402,0.615937,0.061594,-10988.309389,567.37495,1098.830939,-9322.103501,-15.608723,-17.448581
BTC,14d,otm10,h10,0.1,10,14d_otm10_h10,batch_years_btc_14d_otm10_2020_2026,129,2025,2025-02-28T08:00:00.000Z,2025-03-14T08:00:00.000Z,79124,82179,50401.575402,52757.811469,0.636995,0.063699,1946.019069,604.818905,-194.601907,2356.236067,4.674925,5.061028
BTC,14d,otm10,h10,0.1,10,14d_otm10_h10,batch_years_btc_14d_otm10_2020_2026,130,2025,2025-03-14T08:00:00.000Z,2025-03-28T08:00:00.000Z,82179,85150,52757.811469,55054.755191,0.641987,0.064199,1907.341996,580.335926,-190.7342,2296.943722,4.353751,4.715279
BTC,14d,otm10,h10,0.1,10,14d_otm10_h10,batch_years_btc_14d_otm10_2020_2026,131,2025,2025-03-28T08:00:00.000Z,2025-04-11T08:00:00.000Z,85150,81217,55054.755191,53234.085062,0.646562,0.064656,-2542.928387,467.965419,254.292839,-1820.670129,-3.307017,-3.768908
BTC,14d,otm10,h10,0.1,10,14d_otm10_h10,batch_years_btc_14d_otm10_2020_2026,132,2025,2025-04-11T08:00:00.000Z,2025-04-25T08:00:00.000Z,81217,93805.5,53234.085062,58152.736041,0.655455,0.065545,8251.194698,-2507.424249,-825.11947,4918.650979,9.239665,10.789648
BTC,14d,otm10,h10,0.1,10,14d_otm10_h10,batch_years_btc_14d_otm10_2020_2026,133,2025,2025-04-25T08:00:00.000Z,2025-05-09T08:00:00.000Z,93805.5,103643,58152.736041,63467.362763,0.619929,0.061993,6098.550094,-174.068362,-609.855009,5314.626722,9.139083,10.187795
BTC,14d,otm10,h10,0.1,10,14d_otm10_h10,batch_years_btc_14d_otm10_2020_2026,134,2025,2025-05-09T08:00:00.000Z,2025-05-23T08:00:00.000Z,103643,110744.5,63467.362763,67793.740717,0.612365,0.061237,4348.711217,412.537858,-434.871122,4326.377953,6.816697,7.501886
BTC,14d,otm10,h10,0.1,10,14d_otm10_h10,batch_years_btc_14d_otm10_2020_2026,135,2025,2025-05-23T08:00:00.000Z,2025-06-06T08:00:00.000Z,110744.5,103189,67793.740717,63893.644491,0.612163,0.061216,-4625.201324,262.584965,462.520132,-3900.096226,-5.752885,-6.435131
BTC,14d,otm10,h10,0.1,10,14d_otm10_h10,batch_years_btc_14d_otm10_2020_2026,136,2025,2025-06-06T08:00:00.000Z,2025-06-20T08:00:00.000Z,103189,105827.5,63893.644491,65651.526519,0.61919,0.061919,1633.734032,287.5214,-163.373403,1757.882029,2.751263,3.006959
BTC,14d,otm10,h10,0.1,10,14d_otm10_h10,batch_years_btc_14d_otm10_2020_2026,137,2025,2025-06-20T08:00:00.000Z,2025-07-04T08:00:00.000Z,105827.5,108773,65651.526519,67409.362011,0.620364,0.062036,1827.280918,113.282665,-182.728092,1757.835492,2.677524,2.955854
BTC,14d,otm10,h10,0.1,10,14d_otm10_h10,batch_years_btc_14d_otm10_2020_2026,138,2025,2025-07-04T08:00:00.000Z,2025-07-18T08:00:00.000Z,108773,119520,67409.362011,73639.462192,0.619725,0.061973,6660.186016,235.932767,-666.018602,6230.100182,9.242188,10.230209
BTC,14d,otm10,h10,0.1,10,14d_otm10_h10,batch_years_btc_14d_otm10_2020_2026,139,2025,2025-07-18T08:00:00.000Z,2025-08-01T08:00:00.000Z,119520,115063.5,73639.462192,71339.738767,0.616127,0.061613,-2745.768602,171.468316,274.57686,-2299.723426,-3.12295,-3.495816
BTC,14d,otm10,h10,0.1,10,14d_otm10_h10,batch_years_btc_14d_otm10_2020_2026,140,2025,2025-08-01T08:00:00.000Z,2025-08-15T08:00:00.000Z,115063.5,119082,71339.738767,73788.9586,0.620003,0.062,2491.482879,206.885242,-249.148288,2449.219833,3.433177,3.782419
BTC,14d,otm10,h10,0.1,10,14d_otm10_h10,batch_years_btc_14d_otm10_2020_2026,141,2025,2025-08-15T08:00:00.000Z,2025-08-29T08:00:00.000Z,119082,109990,73788.9586,68969.382968,0.619648,0.061965,-5633.842324,250.882459,563.384232,-4819.575632,-6.531567,-7.295075
BTC,14d,otm10,h10,0.1,10,14d_otm10_h10,batch_years_btc_14d_otm10_2020_2026,142,2025,2025-08-29T08:00:00.000Z,2025-09-12T08:00:00.000Z,109990,115201,68969.382968,72158.481086,0.627051,0.062705,3267.564821,248.289779,-326.756482,3189.098117,4.623933,5.097703
BTC,14d,otm10,h10,0.1,10,14d_otm10_h10,batch_years_btc_14d_otm10_2020_2026,143,2025,2025-09-12T08:00:00.000Z,2025-09-26T08:00:00.000Z,115201,109350,72158.481086,69076.553342,0.62637,0.062637,-3664.89243,216.475443,366.489243,-3081.927744,-4.271054,-4.778949
BTC,14d,otm10,h10,0.1,10,14d_otm10_h10,batch_years_btc_14d_otm10_2020_2026,144,2025,2025-09-26T08:00:00.000Z,2025-10-10T08:00:00.000Z,109350,120949,69076.553342,75132.915171,0.631701,0.06317,7327.105096,-538.032757,-732.71051,6056.361829,8.767609,9.828331
BTC,14d,otm10,h10,0.1,10,14d_otm10_h10,batch_years_btc_14d_otm10_2020_2026,145,2025,2025-10-10T08:00:00.000Z,2025-10-24T08:00:00.000Z,120949,111138,75132.915171,69918.303853,0.621195,0.06212,-6094.544235,270.478495,609.454424,-5214.611317,-6.940515,-7.751683
BTC,14d,otm10,h10,0.1,10,14d_otm10_h10,batch_years_btc_14d_otm10_2020_2026,146,2025,2025-10-24T08:00:00.000Z,2025-11-07T08:00:00.000Z,111138,101931,69918.303853,66109.337206,0.629112,0.062911,-5792.23869,1404.048174,579.223869,-3808.966648,-5.447739,-6.276168
BTC,14d,otm10,h10,0.1,10,14d_otm10_h10,batch_years_btc_14d_otm10_2020_2026,147,2025,2025-11-07T08:00:00.000Z,2025-11-21T08:00:00.000Z,101931,83841.5,66109.337206,55880.815798,0.648569,0.064857,-11732.297882,330.546686,1173.229788,-10228.521408,-15.472128,-17.246809
BTC,14d,otm10,h10,0.1,10,14d_otm10_h10,batch_years_btc_14d_otm10_2020_2026,148,2025,2025-11-21T08:00:00.000Z,2025-12-05T08:00:00.000Z,83841.5,92219.5,55880.815798,61421.34684,0.666505,0.066651,5583.982571,514.946728,-558.398257,5540.531042,9.914907,10.914174
BTC,14d,otm10,h10,0.1,10,14d_otm10_h10,batch_years_btc_14d_otm10_2020_2026,149,2025,2025-12-05T08:00:00.000Z,2025-12-19T08:00:00.000Z,92219.5,87926,61421.34684,59369.771986,0.666034,0.066603,-2859.618114,522.081448,285.961811,-2051.574854,-3.340166,-3.80574
BTC,14d,otm10,h10,0.1,10,14d_otm10_h10,batch_years_btc_14d_otm10_2020_2026,150,2026,2026-01-02T08:00:00.000Z,2026-01-16T08:00:00.000Z,88798,95656.5,59369.771986,63942.039387,0.668594,0.066859,4585.549012,445.27329,-458.554901,4572.267401,7.701339,8.537743
BTC,14d,otm10,h10,0.1,10,14d_otm10_h10,batch_years_btc_14d_otm10_2020_2026,151,2026,2026-01-16T08:00:00.000Z,2026-01-30T08:00:00.000Z,95656.5,82627.5,63942.039387,56359.440595,0.668455,0.066845,-8709.29661,255.768158,870.929661,-7582.598791,-11.85855,-13.220611
BTC,14d,otm10,h10,0.1,10,14d_otm10_h10,batch_years_btc_14d_otm10_2020_2026,152,2026,2026-01-30T08:00:00.000Z,2026-02-13T08:00:00.000Z,82627.5,66140.5,56359.440595,46491.99321,0.682091,0.068209,-11245.627631,253.617483,1124.562763,-9867.447385,-17.508065,-19.503405
BTC,14d,otm10,h10,0.1,10,14d_otm10_h10,batch_years_btc_14d_otm10_2020_2026,153,2026,2026-02-13T08:00:00.000Z,2026-02-27T08:00:00.000Z,66140.5,67649,46491.99321,47818.259023,0.702928,0.070293,1060.366519,371.935946,-106.036652,1326.265813,2.852676,3.080751
BTC,14d,otm10,h10,0.1,10,14d_otm10_h10,batch_years_btc_14d_otm10_2020_2026,154,2026,2026-02-27T08:00:00.000Z,2026-03-13T08:00:00.000Z,67649,71660.5,47818.259023,50752.811059,0.706858,0.070686,2835.562182,382.546072,-283.556218,2934.552036,6.136886,6.729873
BTC,14d,otm10,h10,0.1,10,14d_otm10_h10,batch_years_btc_14d_otm10_2020_2026,155,2026,2026-03-13T08:00:00.000Z,2026-03-27T08:00:00.000Z,71660.5,68521,50752.811059,49335.3017,0.70824,0.070824,-2223.51854,583.657327,222.351854,-1417.509359,-2.792967,-3.231075
BTC,14d,otm10,h10,0.1,10,14d_otm10_h10,batch_years_btc_14d_otm10_2020_2026,156,2026,2026-03-27T08:00:00.000Z,2026-04-10T08:00:00.000Z,68521,71480.5,49335.3017,51573.744224,0.720003,0.072,2130.847848,320.679461,-213.084785,2238.442524,4.537202,4.969114
BTC,14d,otm10,h10,0.1,10,14d_otm10_h10,batch_years_btc_14d_otm10_2020_2026,157,2026,2026-04-10T08:00:00.000Z,2026-04-24T08:00:00.000Z,71480.5,77693,51573.744224,55829.642275,0.721508,0.072151,4482.367723,221.7671,-448.236772,4255.89805,8.252063,9.121182
BTC,14d,otm10,h10,0.1,10,14d_otm10_h10,batch_years_btc_14d_otm10_2020_2026,158,2026,2026-04-24T08:00:00.000Z,2026-05-08T08:00:00.000Z,77693,79684,55829.642275,57389.071573,0.718593,0.071859,1430.718569,271.782586,-143.071857,1559.429298,2.793192,3.049457
BTC,14d,otm10,h20,0.2,20,14d_otm10_h20,batch_years_btc_14d_otm10_2020_2026,1,2020,2020-01-03T08:00:00.000Z,2020-01-17T08:00:00.000Z,7194,8938.5,7136.448,7674.788544,0.992,0.1984,1730.544,-846.094656,-346.1088,538.340544,7.543536,12.493358
BTC,14d,otm10,h20,0.2,20,14d_otm10_h20,batch_years_btc_14d_otm10_2020_2026,2,2020,2020-01-17T08:00:00.000Z,2020-01-31T08:00:00.000Z,8938.5,9362.5,7674.788544,8073.480007,0.858622,0.171724,364.055529,107.44704,-72.811106,398.691463,5.19482,6.143525
BTC,14d,otm10,h20,0.2,20,14d_otm10_h20,batch_years_btc_14d_otm10_2020_2026,3,2020,2020-01-31T08:00:00.000Z,2020-02-14T08:00:00.000Z,9362.5,10136,8073.480007,8674.020805,0.862321,0.172464,667.005264,66.936587,-133.401053,600.540798,7.438438,9.090774
BTC,14d,otm10,h20,0.2,20,14d_otm10_h20,batch_years_btc_14d_otm10_2020_2026,4,2020,2020-02-14T08:00:00.000Z,2020-02-28T08:00:00.000Z,10136,8731.5,8674.020805,7911.987196,0.855764,0.171153,-1201.920109,199.502479,240.384022,-762.033608,-8.785241,-11.556551
BTC,14d,otm10,h20,0.2,20,14d_otm10_h20,batch_years_btc_14d_otm10_2020_2026,5,2020,2020-02-28T08:00:00.000Z,2020-03-13T08:00:00.000Z,8731.5,5251.5,7911.987196,5472.36108,0.906143,0.181229,-3153.377477,83.075866,630.675495,-2439.626116,-30.834556,-38.805695
BTC,14d,otm10,h20,0.2,20,14d_otm10_h20,batch_years_btc_14d_otm10_2020_2026,6,2020,2020-03-13T08:00:00.000Z,2020-03-27T08:00:00.000Z,5251.5,6721,5472.36108,6251.533493,1.042057,0.208411,1531.30241,-445.869516,-306.260482,779.172413,14.238322,19.834819
BTC,14d,otm10,h20,0.2,20,14d_otm10_h20,batch_years_btc_14d_otm10_2020_2026,7,2020,2020-03-27T08:00:00.000Z,2020-04-10T08:00:00.000Z,6721,6929.5,6251.533493,6803.654774,0.930149,0.18603,193.936131,396.972377,-38.787226,552.121281,8.831774,9.452217
BTC,14d,otm10,h20,0.2,20,14d_otm10_h20,batch_years_btc_14d_otm10_2020_2026,8,2020,2020-04-10T08:00:00.000Z,2020-04-24T08:00:00.000Z,6929.5,7584,6803.654774,7423.202431,0.981839,0.196368,642.61376,105.456649,-128.522752,619.547657,9.106101,10.995126
BTC,14d,otm10,h20,0.2,20,14d_otm10_h20,batch_years_btc_14d_otm10_2020_2026,9,2020,2020-04-24T08:00:00.000Z,2020-05-08T08:00:00.000Z,7584,9834,7423.202431,7646.408653,0.978798,0.19576,2202.295025,-1538.629798,-440.459005,223.206222,3.006872,8.940417
BTC,14d,otm10,h20,0.2,20,14d_otm10_h20,batch_years_btc_14d_otm10_2020_2026,10,2020,2020-05-08T08:00:00.000Z,2020-05-22T08:00:00.000Z,9834,9070.5,7646.408653,7389.404881,0.777548,0.15551,-593.658024,217.922647,118.731605,-257.003772,-3.361104,-4.91388
BTC,14d,otm10,h20,0.2,20,14d_otm10_h20,batch_years_btc_14d_otm10_2020_2026,11,2020,2020-05-22T08:00:00.000Z,2020-06-05T08:00:00.000Z,9070.5,9782,7389.404881,8175.386002,0.814663,0.162933,579.633049,322.274682,-115.92661,785.981121,10.636596,12.205418
BTC,14d,otm10,h20,0.2,20,14d_otm10_h20,batch_years_btc_14d_otm10_2020_2026,12,2020,2020-06-05T08:00:00.000Z,2020-06-19T08:00:00.000Z,9782,9288,8175.386002,7967.72518,0.835758,0.167152,-412.864515,122.63079,82.572903,-207.660822,-2.540074,-3.550092
BTC,14d,otm10,h20,0.2,20,14d_otm10_h20,batch_years_btc_14d_otm10_2020_2026,13,2020,2020-06-19T08:00:00.000Z,2020-07-03T08:00:00.000Z,9288,9101,7967.72518,7925.930368,0.857852,0.17157,-160.41824,86.53978,32.083648,-41.794812,-0.524551,-0.927221
BTC,14d,otm10,h20,0.2,20,14d_otm10_h20,batch_years_btc_14d_otm10_2020_2026,14,2020,2020-07-03T08:00:00.000Z,2020-07-17T08:00:00.000Z,9101,9100,7925.930368,7972.789241,0.870886,0.174177,-0.870886,47.555582,0.174177,46.858874,0.59121,0.589012
BTC,14d,otm10,h20,0.2,20,14d_otm10_h20,batch_years_btc_14d_otm10_2020_2026,15,2020,2020-07-17T08:00:00.000Z,2020-07-31T08:00:00.000Z,9100,11168,7972.789241,8474.698227,0.876131,0.175226,1811.838258,-947.561621,-362.367652,501.908986,6.295275,10.84033
BTC,14d,otm10,h20,0.2,20,14d_otm10_h20,batch_years_btc_14d_otm10_2020_2026,16,2020,2020-07-31T08:00:00.000Z,2020-08-14T08:00:00.000Z,11168,11730,8474.698227,8989.602922,0.758838,0.151768,426.466727,173.731314,-85.293345,514.904695,6.075788,7.082235
BTC,14d,otm10,h20,0.2,20,14d_otm10_h20,batch_years_btc_14d_otm10_2020_2026,17,2020,2020-08-14T08:00:00.000Z,2020-08-28T08:00:00.000Z,11730,11381.5,8989.602922,8879.317431,0.766377,0.153275,-267.082406,103.380434,53.416481,-110.285491,-1.226812,-1.821014
BTC,14d,otm10,h20,0.2,20,14d_otm10_h20,batch_years_btc_14d_otm10_2020_2026,18,2020,2020-08-28T08:00:00.000Z,2020-09-11T08:00:00.000Z,11381.5,10257.5,8879.317431,8222.199962,0.780154,0.156031,-876.892571,44.396587,175.378514,-657.117469,-7.40054,-9.375675
BTC,14d,otm10,h20,0.2,20,14d_otm10_h20,batch_years_btc_14d_otm10_2020_2026,19,2020,2020-09-11T08:00:00.000Z,2020-09-25T08:00:00.000Z,10257.5,10687,8222.199962,8662.066619,0.801579,0.160316,344.278322,164.443999,-68.855664,439.866657,5.349744,6.18718
BTC,14d,otm10,h20,0.2,20,14d_otm10_h20,batch_years_btc_14d_otm10_2020_2026,20,2020,2020-09-25T08:00:00.000Z,2020-10-09T08:00:00.000Z,10687,10905,8662.066619,8820.569247,0.810524,0.162105,176.694163,17.147298,-35.338833,158.502629,1.829848,2.23782
BTC,14d,otm10,h20,0.2,20,14d_otm10_h20,batch_years_btc_14d_otm10_2020_2026,21,2020,2020-10-09T08:00:00.000Z,2020-10-23T08:00:00.000Z,10905,12901.5,8820.569247,9429.069219,0.808856,0.161771,1614.880009,-683.404036,-322.976002,608.499972,6.898647,10.560271
BTC,14d,otm10,h20,0.2,20,14d_otm10_h20,batch_years_btc_14d_otm10_2020_2026,22,2020,2020-10-23T08:00:00.000Z,2020-11-06T08:00:00.000Z,12901.5,15786.5,9429.069219,9905.840259,0.730851,0.14617,2108.504026,-1210.032181,-421.700805,476.77104,5.056396,9.528744
BTC,14d,otm10,h20,0.2,20,14d_otm10_h20,batch_years_btc_14d_otm10_2020_2026,23,2020,2020-11-06T08:00:00.000Z,2020-11-20T08:00:00.000Z,15786.5,18254,9905.840259,10629.423567,0.627488,0.125498,1548.326788,-515.078123,-309.665358,723.583307,7.304613,10.430702
BTC,14d,otm10,h20,0.2,20,14d_otm10_h20,batch_years_btc_14d_otm10_2020_2026,24,2020,2020-11-20T08:00:00.000Z,2020-12-04T08:00:00.000Z,18254,19331,10629.423567,11377.182322,0.582307,0.116461,627.144143,246.043441,-125.428829,747.758755,7.034801,8.214816
BTC,14d,otm10,h20,0.2,20,14d_otm10_h20,batch_years_btc_14d_otm10_2020_2026,25,2020,2020-12-04T08:00:00.000Z,2020-12-18T08:00:00.000Z,19331,23113.5,11377.182322,12309.909401,0.588546,0.117709,2226.175166,-848.213054,-445.235033,932.727079,8.198226,12.111629
BTC,14d,otm10,h20,0.2,20,14d_otm10_h20,batch_years_btc_14d_otm10_2020_2026,26,2021,2021-01-01T08:00:00.000Z,2021-01-15T08:00:00.000Z,29186.5,38500,12309.909401,13180.537249,0.421767,0.084353,3928.129142,-2271.875466,-785.625828,870.627848,7.072577,13.920991
BTC,14d,otm10,h20,0.2,20,14d_otm10_h20,batch_years_btc_14d_otm10_2020_2026,27,2021,2021-01-15T08:00:00.000Z,2021-01-29T08:00:00.000Z,38500,32305.5,13180.537249,12676.818197,0.342352,0.06847,-2120.697091,1192.838621,424.139418,-503.719051,-3.821688,-7.03961
BTC,14d,otm10,h20,0.2,20,14d_otm10_h20,batch_years_btc_14d_otm10_2020_2026,28,2021,2021-01-29T08:00:00.000Z,2021-02-12T08:00:00.000Z,32305.5,47474,12676.818197,13549.845833,0.392404,0.078481,5952.185133,-3888.720471,-1190.437027,873.027636,6.886804,16.277465
BTC,14d,otm10,h20,0.2,20,14d_otm10_h20,batch_years_btc_14d_otm10_2020_2026,29,2021,2021-02-12T08:00:00.000Z,2021-02-26T08:00:00.000Z,47474,44988.5,13549.845833,13720.790978,0.285416,0.057083,-709.401816,738.466598,141.880363,170.945145,1.261602,0.214503
BTC,14d,otm10,h20,0.2,20,14d_otm10_h20,batch_years_btc_14d_otm10_2020_2026,30,2021,2021-02-26T08:00:00.000Z,2021-03-12T08:00:00.000Z,44988.5,56772,13720.790978,15256.327079,0.304984,0.060997,3593.783756,-1339.490904,-718.756751,1535.536101,11.191309,16.429759
BTC,14d,otm10,h20,0.2,20,14d_otm10_h20,batch_years_btc_14d_otm10_2020_2026,31,2021,2021-03-12T08:00:00.000Z,2021-03-26T08:00:00.000Z,56772,53607.5,15256.327079,15254.917322,0.26873,0.053746,-850.395389,678.906555,170.079078,-1.409756,-0.00924,-1.124051
BTC,14d,otm10,h20,0.2,20,14d_otm10_h20,batch_years_btc_14d_otm10_2020_2026,32,2021,2021-03-26T08:00:00.000Z,2021-04-09T08:00:00.000Z,53607.5,58130.5,15254.917322,16758.755029,0.284567,0.056913,1287.095855,474.161023,-257.419171,1503.837707,9.858052,11.545503
BTC,14d,otm10,h20,0.2,20,14d_otm10_h20,batch_years_btc_14d_otm10_2020_2026,33,2021,2021-04-09T08:00:00.000Z,2021-04-23T08:00:00.000Z,58130.5,47696,16758.755029,14620.320532,0.288295,0.057659,-3008.218222,268.14008,601.643644,-2138.434497,-12.760104,-16.350129
BTC,14d,otm10,h20,0.2,20,14d_otm10_h20,batch_years_btc_14d_otm10_2020_2026,34,2021,2021-04-23T08:00:00.000Z,2021-05-07T08:00:00.000Z,47696,55838.5,14620.320532,16066.372733,0.306531,0.061306,2495.931733,-550.693186,-499.186347,1446.0522,9.890701,13.305034
BTC,14d,otm10,h20,0.2,20,14d_otm10_h20,batch_years_btc_14d_otm10_2020_2026,35,2021,2021-05-07T08:00:00.000Z,2021-05-21T08:00:00.000Z,55838.5,39921.5,16066.372733,12691.737578,0.287729,0.057546,-4579.787329,289.194709,915.957466,-3374.635154,-21.004338,-26.705422
BTC,14d,otm10,h20,0.2,20,14d_otm10_h20,batch_years_btc_14d_otm10_2020_2026,36,2021,2021-05-21T08:00:00.000Z,2021-06-04T08:00:00.000Z,39921.5,36640.5,12691.737578,13215.2191,0.317917,0.063583,-1043.086833,1357.950987,208.617367,523.481521,4.124585,2.480859
BTC,14d,otm10,h20,0.2,20,14d_otm10_h20,batch_years_btc_14d_otm10_2020_2026,37,2021,2021-06-04T08:00:00.000Z,2021-06-18T08:00:00.000Z,36640.5,37686.5,13215.2191,13959.73965,0.360672,0.072134,377.263388,442.70984,-75.452678,744.52055,5.633812,6.204765
BTC,14d,otm10,h20,0.2,20,14d_otm10_h20,batch_years_btc_14d_otm10_2020_2026,38,2021,2021-06-18T08:00:00.000Z,2021-07-02T08:00:00.000Z,37686.5,33382,13959.73965,13233.144493,0.370418,0.074084,-1594.46219,548.974595,318.892438,-726.595157,-5.204933,-7.489306
BTC,14d,otm10,h20,0.2,20,14d_otm10_h20,batch_years_btc_14d_otm10_2020_2026,39,2021,2021-07-02T08:00:00.000Z,2021-07-16T08:00:00.000Z,33382,31795,13233.144493,13212.865062,0.396416,0.079283,-629.111507,483.009774,125.822301,-20.279431,-0.153247,-1.104059
BTC,14d,otm10,h20,0.2,20,14d_otm10_h20,batch_years_btc_14d_otm10_2020_2026,40,2021,2021-07-16T08:00:00.000Z,2021-07-30T08:00:00.000Z,31795,39787.5,13212.865062,14134.885756,0.415564,0.083113,3321.397201,-1735.097067,-664.27944,922.020694,6.978204,12.005724
BTC,14d,otm10,h20,0.2,20,14d_otm10_h20,batch_years_btc_14d_otm10_2020_2026,41,2021,2021-07-30T08:00:00.000Z,2021-08-13T08:00:00.000Z,39787.5,46141.5,14134.885756,15572.575938,0.355259,0.071052,2257.318607,-368.164704,-451.463721,1437.690182,10.171219,13.365187
BTC,14d,otm10,h20,0.2,20,14d_otm10_h20,batch_years_btc_14d_otm10_2020_2026,42,2021,2021-08-13T08:00:00.000Z,2021-08-27T08:00:00.000Z,46141.5,47533.5,15572.575938,16462.306592,0.337496,0.067499,469.79456,513.895006,-93.958912,889.730654,5.713446,6.316807
BTC,14d,otm10,h20,0.2,20,14d_otm10_h20,batch_years_btc_14d_otm10_2020_2026,43,2021,2021-08-27T08:00:00.000Z,2021-09-10T08:00:00.000Z,47533.5,46189.5,16462.306592,16600.263413,0.346331,0.069266,-465.468355,510.331504,93.093671,137.95682,0.838016,0.27252
BTC,14d,otm10,h20,0.2,20,14d_otm10_h20,batch_years_btc_14d_otm10_2020_2026,44,2021,2021-09-10T08:00:00.000Z,2021-09-24T08:00:00.000Z,46189.5,44800.5,16600.263413,16715.512142,0.359395,0.071879,-499.199296,514.608166,99.839859,115.248729,0.694258,0.092823
BTC,14d,otm10,h20,0.2,20,14d_otm10_h20,batch_years_btc_14d_otm10_2020_2026,45,2021,2021-09-24T08:00:00.000Z,2021-10-08T08:00:00.000Z,44800.5,54886,16715.512142,18112.927127,0.37311,0.074622,3763.000362,-1612.985304,-752.600072,1397.414985,8.359989,12.862394
BTC,14d,otm10,h20,0.2,20,14d_otm10_h20,batch_years_btc_14d_otm10_2020_2026,46,2021,2021-10-08T08:00:00.000Z,2021-10-22T08:00:00.000Z,54886,63426.5,18112.927127,19843.638336,0.33001,0.066002,2818.450135,-524.0489,-563.690027,1730.711209,9.555116,12.667203
BTC,14d,otm10,h20,0.2,20,14d_otm10_h20,batch_years_btc_14d_otm10_2020_2026,47,2021,2021-10-22T08:00:00.000Z,2021-11-05T08:00:00.000Z,63426.5,62143,19843.638336,19919.077229,0.31286,0.062572,-401.556286,396.683923,80.311257,75.438894,0.380167,-0.024554
BTC,14d,otm10,h20,0.2,20,14d_otm10_h20,batch_years_btc_14d_otm10_2020_2026,48,2021,2021-11-05T08:00:00.000Z,2021-11-19T08:00:00.000Z,62143,55994.5,19919.077229,18870.27962,0.320536,0.064107,-1970.816445,527.855547,394.163289,-1048.797609,-5.265292,-7.244115
BTC,14d,otm10,h20,0.2,20,14d_otm10_h20,batch_years_btc_14d_otm10_2020_2026,49,2021,2021-11-19T08:00:00.000Z,2021-12-03T08:00:00.000Z,55994.5,56770,18870.27962,19374.594437,0.337002,0.0674,261.345344,295.238542,-52.269069,504.314817,2.672535,2.949526
BTC,14d,otm10,h20,0.2,20,14d_otm10_h20,batch_years_btc_14d_otm10_2020_2026,50,2021,2021-12-03T08:00:00.000Z,2021-12-17T08:00:00.000Z,56770,46990.5,19374.594437,17179.216037,0.341282,0.068256,-3337.569954,474.677564,667.513991,-2195.3784,-11.331222,-14.776528
BTC,14d,otm10,h20,0.2,20,14d_otm10_h20,batch_years_btc_14d_otm10_2020_2026,51,2021,2021-12-17T08:00:00.000Z,2021-12-31T08:00:00.000Z,46990.5,47184,17179.216037,17630.931203,0.365589,0.073118,70.741497,395.121969,-14.148299,451.715166,2.629428,2.711785
BTC,14d,otm10,h20,0.2,20,14d_otm10_h20,batch_years_btc_14d_otm10_2020_2026,52,2022,2022-01-07T08:00:00.000Z,2022-01-21T08:00:00.000Z,41708,39123,17630.931203,17065.28132,0.422723,0.084545,-1092.738975,308.541296,218.547795,-565.649884,-3.208281,-4.527076
BTC,14d,otm10,h20,0.2,20,14d_otm10_h20,batch_years_btc_14d_otm10_2020_2026,53,2022,2022-01-21T08:00:00.000Z,2022-02-04T08:00:00.000Z,39123,37886,17065.28132,16913.321811,0.436196,0.087239,-539.573984,279.699679,107.914797,-151.959509,-0.89046,-1.522825
BTC,14d,otm10,h20,0.2,20,14d_otm10_h20,batch_years_btc_14d_otm10_2020_2026,54,2022,2022-02-04T08:00:00.000Z,2022-02-18T08:00:00.000Z,37886,40656,16913.321811,18088.649909,0.446427,0.089285,1236.601948,186.04654,-247.32039,1175.328099,6.949126,8.411408
BTC,14d,otm10,h20,0.2,20,14d_otm10_h20,batch_years_btc_14d_otm10_2020_2026,55,2022,2022-02-18T08:00:00.000Z,2022-03-04T08:00:00.000Z,40656,41462.5,18088.649909,18653.581163,0.44492,0.088984,358.827631,277.869149,-71.765526,564.931253,3.123126,3.519869
BTC,14d,otm10,h20,0.2,20,14d_otm10_h20,batch_years_btc_14d_otm10_2020_2026,56,2022,2022-03-04T08:00:00.000Z,2022-03-18T08:00:00.000Z,41462.5,40598,18653.581163,18631.567462,0.44989,0.089978,-388.93026,289.130508,77.786052,-22.0137,-0.118013,-0.535017
BTC,14d,otm10,h20,0.2,20,14d_otm10_h20,batch_years_btc_14d_otm10_2020_2026,57,2022,2022-03-18T08:00:00.000Z,2022-04-01T08:00:00.000Z,40598,45017.5,18631.567462,20639.568,0.458928,0.091786,2028.233223,385.413959,-405.646645,2008.000537,10.777411,12.954612
BTC,14d,otm10,h20,0.2,20,14d_otm10_h20,batch_years_btc_14d_otm10_2020_2026,58,2022,2022-04-01T08:00:00.000Z,2022-04-15T08:00:00.000Z,45017.5,40233,20639.568,19122.049694,0.458479,0.091696,-2193.591672,237.355032,438.718334,-1517.518306,-7.352471,-9.478089
BTC,14d,otm10,h20,0.2,20,14d_otm10_h20,batch_years_btc_14d_otm10_2020_2026,59,2022,2022-04-15T08:00:00.000Z,2022-04-29T08:00:00.000Z,40233,39629,19122.049694,19074.052556,0.475283,0.095057,-287.070763,181.659472,57.414153,-47.997138,-0.251004,-0.551255
BTC,14d,otm10,h20,0.2,20,14d_otm10_h20,batch_years_btc_14d_otm10_2020_2026,60,2022,2022-04-29T08:00:00.000Z,2022-05-13T08:00:00.000Z,39629,30117.5,19074.052556,15554.681931,0.481316,0.096263,-4578.032524,143.055394,915.606505,-3519.370625,-18.45109,-23.251363
BTC,14d,otm10,h20,0.2,20,14d_otm10_h20,batch_years_btc_14d_otm10_2020_2026,61,2022,2022-05-13T08:00:00.000Z,2022-05-27T08:00:00.000Z,30117.5,28958,15554.681931,15425.587884,0.516467,0.103293,-598.842988,349.980343,119.768598,-129.094047,-0.829937,-1.599921
BTC,14d,otm10,h20,0.2,20,14d_otm10_h20,batch_years_btc_14d_otm10_2020_2026,62,2022,2022-05-27T08:00:00.000Z,2022-06-10T08:00:00.000Z,28958,30054,15425.587884,16124.032806,0.532688,0.106538,583.82638,231.383818,-116.765276,698.444922,4.527833,5.284792
BTC,14d,otm10,h20,0.2,20,14d_otm10_h20,batch_years_btc_14d_otm10_2020_2026,63,2022,2022-07-08T08:00:00.000Z,2022-07-22T08:00:00.000Z,21796.5,23142,16124.032806,17242.783914,0.739753,0.147951,995.338065,322.480656,-199.067613,1118.751108,6.938408,8.173009
BTC,14d,otm10,h20,0.2,20,14d_otm10_h20,batch_years_btc_14d_otm10_2020_2026,64,2022,2022-07-22T08:00:00.000Z,2022-08-05T08:00:00.000Z,23142,23191.5,17242.783914,17802.252987,0.745086,0.149017,36.881765,529.963661,-7.376353,559.469073,3.244656,3.287436
BTC,14d,otm10,h20,0.2,20,14d_otm10_h20,batch_years_btc_14d_otm10_2020_2026,65,2022,2022-08-05T08:00:00.000Z,2022-08-19T08:00:00.000Z,23191.5,21895.5,17802.252987,17237.814139,0.76762,0.153524,-994.835171,231.429289,198.967034,-564.438848,-3.170603,-4.288254
BTC,14d,otm10,h20,0.2,20,14d_otm10_h20,batch_years_btc_14d_otm10_2020_2026,66,2022,2022-08-19T08:00:00.000Z,2022-09-02T08:00:00.000Z,21895.5,20120,17237.814139,16297.740594,0.787277,0.157455,-1397.80955,178.174094,279.56191,-940.073546,-5.453554,-7.075349
BTC,14d,otm10,h20,0.2,20,14d_otm10_h20,batch_years_btc_14d_otm10_2020_2026,67,2022,2022-09-02T08:00:00.000Z,2022-09-16T08:00:00.000Z,20120,19734.5,16297.740594,16292.394416,0.810027,0.162005,-312.265358,244.466109,62.453072,-5.346177,-0.032803,-0.416004
BTC,14d,otm10,h20,0.2,20,14d_otm10_h20,batch_years_btc_14d_otm10_2020_2026,68,2022,2022-09-16T08:00:00.000Z,2022-09-30T08:00:00.000Z,19734.5,19564,16292.394416,16424.171318,0.825579,0.165116,-140.761268,244.385916,28.152254,131.776902,0.808825,0.636031
BTC,14d,otm10,h20,0.2,20,14d_otm10_h20,batch_years_btc_14d_otm10_2020_2026,69,2022,2022-09-30T08:00:00.000Z,2022-10-14T08:00:00.000Z,19564,19643.5,16424.171318,16658.230031,0.83951,0.167902,66.741036,180.665884,-13.348207,234.058713,1.425087,1.506359
BTC,14d,otm10,h20,0.2,20,14d_otm10_h20,batch_years_btc_14d_otm10_2020_2026,70,2022,2022-10-14T08:00:00.000Z,2022-10-28T08:00:00.000Z,19643.5,20092,16658.230031,17087.439057,0.848028,0.169606,380.340376,124.936725,-76.068075,429.209026,2.576558,3.033198
BTC,14d,otm10,h20,0.2,20,14d_otm10_h20,batch_years_btc_14d_otm10_2020_2026,71,2022,2022-10-28T08:00:00.000Z,2022-11-11T08:00:00.000Z,20092,17276,17087.439057,15359.484964,0.85046,0.170092,-2394.894903,187.96183,478.978981,-1727.954092,-10.112423,-12.915529
BTC,14d,otm10,h20,0.2,20,14d_otm10_h20,batch_years_btc_14d_otm10_2020_2026,72,2022,2022-11-11T08:00:00.000Z,2022-11-25T08:00:00.000Z,17276,16456,15359.484964,15060.408871,0.889065,0.177813,-729.033206,284.150472,145.806641,-299.076093,-1.947175,-2.896469
BTC,14d,otm10,h20,0.2,20,14d_otm10_h20,batch_years_btc_14d_otm10_2020_2026,73,2022,2022-11-25T08:00:00.000Z,2022-12-09T08:00:00.000Z,16456,17203.5,15060.408871,15866.946084,0.915193,0.183039,684.106443,259.252059,-136.821289,806.537213,5.355347,6.263831
BTC,14d,otm10,h20,0.2,20,14d_otm10_h20,batch_years_btc_14d_otm10_2020_2026,74,2022,2022-12-09T08:00:00.000Z,2022-12-23T08:00:00.000Z,17203.5,16846,15866.946084,15690.433861,0.922309,0.184462,-329.725534,87.268203,65.945107,-176.512224,-1.112452,-1.528066
BTC,14d,otm10,h20,0.2,20,14d_otm10_h20,batch_years_btc_14d_otm10_2020_2026,75,2023,2023-01-06T08:00:00.000Z,2023-01-20T08:00:00.000Z,16783,20950,15690.433861,16103.197074,0.9349,0.18698,3895.730078,-2703.820849,-779.146016,412.763213,2.630668,7.63458
BTC,14d,otm10,h20,0.2,20,14d_otm10_h20,batch_years_btc_14d_otm10_2020_2026,76,2023,2023-01-20T08:00:00.000Z,2023-02-03T08:00:00.000Z,20950,23449.5,16103.197074,17472.349332,0.768649,0.15373,1921.238238,-167.838332,-384.247648,1369.152259,8.502363,10.88852
BTC,14d,otm10,h20,0.2,20,14d_otm10_h20,batch_years_btc_14d_otm10_2020_2026,77,2023,2023-02-03T08:00:00.000Z,2023-02-17T08:00:00.000Z,23449.5,23646.5,17472.349332,17799.446137,0.745105,0.149021,146.785766,209.668192,-29.357153,327.096805,1.872083,2.040103
BTC,14d,otm10,h20,0.2,20,14d_otm10_h20,batch_years_btc_14d_otm10_2020_2026,78,2023,2023-02-17T08:00:00.000Z,2023-03-03T08:00:00.000Z,23646.5,22350.5,17799.446137,17134.804105,0.752731,0.150546,-975.538967,115.789143,195.107793,-664.642031,-3.73406,-4.830205
BTC,14d,otm10,h20,0.2,20,14d_otm10_h20,batch_years_btc_14d_otm10_2020_2026,79,2023,2023-03-03T08:00:00.000Z,2023-03-17T08:00:00.000Z,22350.5,26178,17134.804105,18754.841358,0.766641,0.153328,2934.317474,-727.416727,-586.863495,1620.037253,9.454659,12.879638
BTC,14d,otm10,h20,0.2,20,14d_otm10_h20,batch_years_btc_14d_otm10_2020_2026,80,2023,2023-03-17T08:00:00.000Z,2023-03-31T08:00:00.000Z,26178,27737,18754.841358,19976.589096,0.716435,0.143287,1116.922518,328.209724,-223.384504,1221.747738,6.514306,7.705382
BTC,14d,otm10,h20,0.2,20,14d_otm10_h20,batch_years_btc_14d_otm10_2020_2026,81,2023,2023-03-31T08:00:00.000Z,2023-04-14T08:00:00.000Z,27737,30773,19976.589096,21965.5651,0.720214,0.144043,2186.571168,239.719069,-437.314234,1988.976004,9.956535,12.145668
BTC,14d,otm10,h20,0.2,20,14d_otm10_h20,batch_years_btc_14d_otm10_2020_2026,82,2023,2023-04-14T08:00:00.000Z,2023-04-28T08:00:00.000Z,30773,29505,21965.5651,21494.097047,0.713793,0.142759,-905.090064,252.603999,181.018013,-471.468053,-2.146396,-2.970495
BTC,14d,otm10,h20,0.2,20,14d_otm10_h20,batch_years_btc_14d_otm10_2020_2026,83,2023,2023-04-28T08:00:00.000Z,2023-05-12T08:00:00.000Z,29505,26298,21494.097047,19893.759351,0.72849,0.145698,-2336.267386,268.676213,467.253477,-1600.337696,-7.445475,-9.619344
BTC,14d,otm10,h20,0.2,20,14d_otm10_h20,batch_years_btc_14d_otm10_2020_2026,84,2023,2023-05-12T08:00:00.000Z,2023-05-26T08:00:00.000Z,26298,26517,19893.759351,20185.443712,0.756474,0.151295,165.667857,159.150075,-33.133571,291.68436,1.46621,1.632763
BTC,14d,otm10,h20,0.2,20,14d_otm10_h20,batch_years_btc_14d_otm10_2020_2026,85,2023,2023-05-26T08:00:00.000Z,2023-06-09T08:00:00.000Z,26517,26509.5,20185.443712,20252.106019,0.761227,0.152245,-5.709199,71.229666,1.14184,66.662307,0.330249,0.324593
BTC,14d,otm10,h20,0.2,20,14d_otm10_h20,batch_years_btc_14d_otm10_2020_2026,86,2023,2023-06-09T08:00:00.000Z,2023-06-23T08:00:00.000Z,26509.5,29937,20252.106019,21705.225852,0.763957,0.152791,2618.461057,-641.649012,-523.692211,1453.119834,7.175154,9.76102
BTC,14d,otm10,h20,0.2,20,14d_otm10_h20,batch_years_btc_14d_otm10_2020_2026,87,2023,2023-06-23T08:00:00.000Z,2023-07-07T08:00:00.000Z,29937,30018,21705.225852,21889.482976,0.72503,0.145006,58.727437,137.275174,-11.745487,184.257124,0.848907,0.90302
BTC,14d,otm10,h20,0.2,20,14d_otm10_h20,batch_years_btc_14d_otm10_2020_2026,88,2023,2023-07-07T08:00:00.000Z,2023-07-21T08:00:00.000Z,30018,29772.5,21889.482976,21910.43688,0.729212,0.145842,-179.021523,164.171122,35.804305,20.953904,0.095726,-0.067843
BTC,14d,otm10,h20,0.2,20,14d_otm10_h20,batch_years_btc_14d_otm10_2020_2026,89,2023,2023-07-21T08:00:00.000Z,2023-08-04T08:00:00.000Z,29772.5,29199,21910.43688,21599.98255,0.735929,0.147186,-422.055103,27.189752,84.411021,-310.45433,-1.416924,-1.802179
BTC,14d,otm10,h20,0.2,20,14d_otm10_h20,batch_years_btc_14d_otm10_2020_2026,90,2023,2023-08-04T08:00:00.000Z,2023-08-18T08:00:00.000Z,29199,26404.5,21599.98255,20028.275676,0.739751,0.14795,-2067.233509,82.079934,413.446702,-1571.706874,-7.276427,-9.190533
BTC,14d,otm10,h20,0.2,20,14d_otm10_h20,batch_years_btc_14d_otm10_2020_2026,91,2023,2023-08-18T08:00:00.000Z,2023-09-01T08:00:00.000Z,26404.5,25975,20028.275676,19987.318597,0.758518,0.151704,-325.783272,219.669538,65.156654,-40.957079,-0.204496,-0.52982
BTC,14d,otm10,h20,0.2,20,14d_otm10_h20,batch_years_btc_14d_otm10_2020_2026,92,2023,2023-09-01T08:00:00.000Z,2023-09-15T08:00:00.000Z,25975,26578,19987.318597,20396.493058,0.769483,0.153897,463.998195,37.975905,-92.799639,409.174461,2.04717,2.511463
BTC,14d,otm10,h20,0.2,20,14d_otm10_h20,batch_years_btc_14d_otm10_2020_2026,93,2023,2023-09-15T08:00:00.000Z,2023-09-29T08:00:00.000Z,26578,27172.5,20396.493058,20851.222657,0.76742,0.153484,456.231286,89.744569,-91.246257,454.729598,2.22945,2.676812
BTC,14d,otm10,h20,0.2,20,14d_otm10_h20,batch_years_btc_14d_otm10_2020_2026,94,2023,2023-09-29T08:00:00.000Z,2023-10-13T08:00:00.000Z,27172.5,26873,20851.222657,20723.660328,0.767365,0.153473,-229.825787,56.298301,45.965157,-127.562328,-0.611774,-0.832217
BTC,14d,otm10,h20,0.2,20,14d_otm10_h20,batch_years_btc_14d_otm10_2020_2026,95,2023,2023-10-13T08:00:00.000Z,2023-10-27T08:00:00.000Z,26873,33970,20723.660328,22029.423286,0.77117,0.154234,5472.995845,-3072.633719,-1094.599169,1305.762957,6.300832,11.582713
BTC,14d,otm10,h20,0.2,20,14d_otm10_h20,batch_years_btc_14d_otm10_2020_2026,96,2023,2023-10-27T08:00:00.000Z,2023-11-10T08:00:00.000Z,33970,36465.5,22029.423286,23588.434612,0.648496,0.129699,1618.322809,264.353079,-323.664562,1559.011326,7.07695,8.546188
BTC,14d,otm10,h20,0.2,20,14d_otm10_h20,batch_years_btc_14d_otm10_2020_2026,97,2023,2023-11-10T08:00:00.000Z,2023-11-24T08:00:00.000Z,36465.5,37562,23588.434612,24556.872283,0.64687,0.129374,709.292854,401.003388,-141.858571,968.437671,4.105561,4.706952
BTC,14d,otm10,h20,0.2,20,14d_otm10_h20,batch_years_btc_14d_otm10_2020_2026,98,2023,2023-11-24T08:00:00.000Z,2023-12-08T08:00:00.000Z,37562,43194.5,24556.872283,26243.971915,0.653769,0.130754,3682.354058,-1258.783615,-736.470812,1687.099632,6.870173,9.869215
BTC,14d,otm10,h20,0.2,20,14d_otm10_h20,batch_years_btc_14d_otm10_2020_2026,99,2023,2023-12-08T08:00:00.000Z,2023-12-22T08:00:00.000Z,43194.5,43615.5,26243.971915,26658.555524,0.607577,0.121515,255.789792,209.951775,-51.157958,414.583609,1.579729,1.774661
BTC,14d,otm10,h20,0.2,20,14d_otm10_h20,batch_years_btc_14d_otm10_2020_2026,100,2024,2024-01-05T08:00:00.000Z,2024-01-19T08:00:00.000Z,43847.5,41231,26658.555524,26065.717675,0.607983,0.121597,-1590.788769,679.793166,318.157754,-592.837849,-2.223818,-3.506694
BTC,14d,otm10,h20,0.2,20,14d_otm10_h20,batch_years_btc_14d_otm10_2020_2026,101,2024,2024-01-19T08:00:00.000Z,2024-02-02T08:00:00.000Z,41231,43082,26065.717675,27527.361907,0.632187,0.126437,1170.178832,525.501167,-234.035766,1461.644232,5.607535,6.505403
BTC,14d,otm10,h20,0.2,20,14d_otm10_h20,batch_years_btc_14d_otm10_2020_2026,102,2024,2024-02-02T08:00:00.000Z,2024-02-16T08:00:00.000Z,43082,51810,27527.361907,29643.483287,0.638953,0.127791,5576.779507,-2345.302226,-1115.355901,2116.12138,7.687338,11.739146
BTC,14d,otm10,h20,0.2,20,14d_otm10_h20,batch_years_btc_14d_otm10_2020_2026,103,2024,2024-02-16T08:00:00.000Z,2024-03-01T08:00:00.000Z,51810,61473.5,29643.483287,31621.010103,0.572158,0.114432,5529.0446,-2445.708864,-1105.80892,1977.526816,6.671034,10.401395
BTC,14d,otm10,h20,0.2,20,14d_otm10_h20,batch_years_btc_14d_otm10_2020_2026,104,2024,2024-03-01T08:00:00.000Z,2024-03-15T08:00:00.000Z,61473.5,68388.5,31621.010103,34734.470666,0.514384,0.102877,3556.968204,267.886,-711.393641,3113.460563,9.846177,12.095927
BTC,14d,otm10,h20,0.2,20,14d_otm10_h20,batch_years_btc_14d_otm10_2020_2026,105,2024,2024-03-15T08:00:00.000Z,2024-03-29T08:00:00.000Z,68388.5,69789,34734.470666,36137.148328,0.507899,0.10158,711.312957,833.627296,-142.262591,1402.677662,4.038287,4.447859
BTC,14d,otm10,h20,0.2,20,14d_otm10_h20,batch_years_btc_14d_otm10_2020_2026,106,2024,2024-03-29T08:00:00.000Z,2024-04-12T08:00:00.000Z,69789,70778.5,36137.148328,37378.197803,0.517806,0.103561,512.36883,831.154412,-102.473766,1241.049475,3.434276,3.717845
BTC,14d,otm10,h20,0.2,20,14d_otm10_h20,batch_years_btc_14d_otm10_2020_2026,107,2024,2024-04-12T08:00:00.000Z,2024-04-26T08:00:00.000Z,70778.5,64301.5,37378.197803,35295.908037,0.528101,0.10562,-3420.510285,654.118462,684.102057,-2082.289766,-5.570867,-7.401084
BTC,14d,otm10,h20,0.2,20,14d_otm10_h20,batch_years_btc_14d_otm10_2020_2026,108,2024,2024-04-26T08:00:00.000Z,2024-05-10T08:00:00.000Z,64301.5,63064,35295.908037,35087.79562,0.548913,0.109783,-679.279429,335.311126,135.855886,-208.112417,-0.589622,-0.974527
BTC,14d,otm10,h20,0.2,20,14d_otm10_h20,batch_years_btc_14d_otm10_2020_2026,109,2024,2024-05-10T08:00:00.000Z,2024-05-24T08:00:00.000Z,63064,67139.5,35087.79562,37217.619918,0.556384,0.111277,2267.542672,315.790161,-453.508534,2129.824298,6.069986,7.362483
BTC,14d,otm10,h20,0.2,20,14d_otm10_h20,batch_years_btc_14d_otm10_2020_2026,110,2024,2024-05-24T08:00:00.000Z,2024-06-07T08:00:00.000Z,67139.5,71090.5,37217.619918,39207.793811,0.554333,0.110867,2190.168475,238.039113,-438.033695,1990.173893,5.347397,6.524349
BTC,14d,otm10,h20,0.2,20,14d_otm10_h20,batch_years_btc_14d_otm10_2020_2026,111,2024,2024-06-07T08:00:00.000Z,2024-06-21T08:00:00.000Z,71090.5,64147,39207.793811,36516.687584,0.551519,0.110304,-3829.475335,372.474041,765.895067,-2691.106227,-6.863702,-8.817128
BTC,14d,otm10,h20,0.2,20,14d_otm10_h20,batch_years_btc_14d_otm10_2020_2026,112,2024,2024-06-21T08:00:00.000Z,2024-07-05T08:00:00.000Z,64147,54349.5,36516.687584,32182.306337,0.569266,0.113853,-5577.380807,127.523398,1115.476161,-4334.381248,-11.86959,-14.924293
BTC,14d,otm10,h20,0.2,20,14d_otm10_h20,batch_years_btc_14d_otm10_2020_2026,113,2024,2024-07-05T08:00:00.000Z,2024-07-19T08:00:00.000Z,54349.5,63746.5,32182.306337,34702.781586,0.592136,0.118427,5564.30386,-1930.967839,-1112.860772,2520.475249,7.831866,11.289856
BTC,14d,otm10,h20,0.2,20,14d_otm10_h20,batch_years_btc_14d_otm10_2020_2026,114,2024,2024-07-19T08:00:00.000Z,2024-08-02T08:00:00.000Z,63746.5,64096,34702.781586,35282.326623,0.544387,0.108877,190.263343,427.334363,-38.052669,579.545037,1.670025,1.779678
BTC,14d,otm10,h20,0.2,20,14d_otm10_h20,batch_years_btc_14d_otm10_2020_2026,115,2024,2024-08-02T08:00:00.000Z,2024-08-16T08:00:00.000Z,64096,58485,35282.326623,33058.395088,0.550461,0.110092,-3088.634777,246.976286,617.726955,-2223.931535,-6.303245,-8.054056
BTC,14d,otm10,h20,0.2,20,14d_otm10_h20,batch_years_btc_14d_otm10_2020_2026,116,2024,2024-08-16T08:00:00.000Z,2024-08-30T08:00:00.000Z,58485,59300.5,33058.395088,33790.803732,0.565246,0.113049,460.957873,363.642346,-92.191575,732.408644,2.2155,2.494375
BTC,14d,otm10,h20,0.2,20,14d_otm10_h20,batch_years_btc_14d_otm10_2020_2026,117,2024,2024-08-30T08:00:00.000Z,2024-09-13T08:00:00.000Z,59300.5,58100,33790.803732,33530.767313,0.569823,0.113965,-684.072814,287.221832,136.814563,-260.036419,-0.769548,-1.174435
BTC,14d,otm10,h20,0.2,20,14d_otm10_h20,batch_years_btc_14d_otm10_2020_2026,118,2024,2024-09-13T08:00:00.000Z,2024-09-27T08:00:00.000Z,58100,65483.5,33530.767313,36381.742446,0.577122,0.115424,4261.177633,-557.966973,-852.235527,2850.975133,8.502565,11.044217
BTC,14d,otm10,h20,0.2,20,14d_otm10_h20,batch_years_btc_14d_otm10_2020_2026,119,2024,2024-09-27T08:00:00.000Z,2024-10-11T08:00:00.000Z,65483.5,60617.5,36381.742446,34546.391365,0.555586,0.111117,-2703.483454,327.435682,540.696691,-1835.351081,-5.044704,-6.53088
BTC,14d,otm10,h20,0.2,20,14d_otm10_h20,batch_years_btc_14d_otm10_2020_2026,120,2024,2024-10-11T08:00:00.000Z,2024-10-25T08:00:00.000Z,60617.5,67480,34546.391365,37682.0153,0.569908,0.113982,3910.992877,6.829634,-782.198575,3135.623935,9.07656,11.340758
BTC,14d,otm10,h20,0.2,20,14d_otm10_h20,batch_years_btc_14d_otm10_2020_2026,121,2024,2024-10-25T08:00:00.000Z,2024-11-08T08:00:00.000Z,67480,76395,37682.0153,40583.473372,0.558418,0.111684,4978.29233,-1081.175792,-995.658466,2901.458072,7.699848,10.342113
BTC,14d,otm10,h20,0.2,20,14d_otm10_h20,batch_years_btc_14d_otm10_2020_2026,122,2024,2024-11-08T08:00:00.000Z,2024-11-22T08:00:00.000Z,76395,99466,40583.473372,42572.550973,0.531232,0.106246,12256.054901,-7815.76632,-2451.21098,1989.077601,4.901201,10.941125
BTC,14d,otm10,h20,0.2,20,14d_otm10_h20,batch_years_btc_14d_otm10_2020_2026,123,2024,2024-11-22T08:00:00.000Z,2024-12-06T08:00:00.000Z,99466,98239.5,42572.550973,42922.009335,0.428011,0.085602,-524.955601,769.422843,104.99112,349.458363,0.820854,0.574237
BTC,14d,otm10,h20,0.2,20,14d_otm10_h20,batch_years_btc_14d_otm10_2020_2026,124,2024,2024-12-06T08:00:00.000Z,2024-12-20T08:00:00.000Z,98239.5,97672,42922.009335,43367.48146,0.436912,0.087382,-247.947519,643.83014,49.589504,445.472125,1.037864,0.92233
BTC,14d,otm10,h20,0.2,20,14d_otm10_h20,batch_years_btc_14d_otm10_2020_2026,125,2025,2025-01-03T08:00:00.000Z,2025-01-17T08:00:00.000Z,96289,101523.5,43367.48146,45795.622869,0.450389,0.090078,2357.559864,542.093518,-471.511973,2428.141409,5.598991,6.770875
BTC,14d,otm10,h20,0.2,20,14d_otm10_h20,batch_years_btc_14d_otm10_2020_2026,126,2025,2025-01-17T08:00:00.000Z,2025-01-31T08:00:00.000Z,101523.5,104204.5,45795.622869,47518.735534,0.451084,0.090217,1209.356109,755.627777,-241.871222,1723.112664,3.762614,4.290768
BTC,14d,otm10,h20,0.2,20,14d_otm10_h20,batch_years_btc_14d_otm10_2020_2026,127,2025,2025-01-31T08:00:00.000Z,2025-02-14T08:00:00.000Z,104204.5,96964,47518.735534,45518.821598,0.456014,0.091203,-3301.771081,641.50293,660.354216,-1999.913935,-4.208685,-5.598356
BTC,14d,otm10,h20,0.2,20,14d_otm10_h20,batch_years_btc_14d_otm10_2020_2026,128,2025,2025-02-14T08:00:00.000Z,2025-02-28T08:00:00.000Z,96964,79124,45518.821598,39251.396624,0.46944,0.093888,-8374.817224,432.428805,1674.963445,-6267.424974,-13.768865,-17.448581
BTC,14d,otm10,h20,0.2,20,14d_otm10_h20,batch_years_btc_14d_otm10_2020_2026,129,2025,2025-02-28T08:00:00.000Z,2025-03-14T08:00:00.000Z,79124,82179,39251.396624,40934.819396,0.496074,0.099215,1515.507516,471.016759,-303.101503,1683.422772,4.288823,5.061028
BTC,14d,otm10,h20,0.2,20,14d_otm10_h20,batch_years_btc_14d_otm10_2020_2026,130,2025,2025-03-14T08:00:00.000Z,2025-03-28T08:00:00.000Z,82179,85150,40934.819396,42569.028702,0.498118,0.099624,1479.907865,450.283013,-295.981573,1634.209305,3.992223,4.715279
BTC,14d,otm10,h20,0.2,20,14d_otm10_h20,batch_years_btc_14d_otm10_2020_2026,131,2025,2025-03-28T08:00:00.000Z,2025-04-11T08:00:00.000Z,85150,81217,42569.028702,41357.886093,0.49993,0.099986,-1966.224191,361.836744,393.244838,-1211.142609,-2.845126,-3.768908
BTC,14d,otm10,h20,0.2,20,14d_otm10_h20,batch_years_btc_14d_otm10_2020_2026,132,2025,2025-04-11T08:00:00.000Z,2025-04-25T08:00:00.000Z,81217,93805.5,41357.886093,44538.175745,0.509227,0.101845,6410.403599,-1948.033226,-1282.08072,3180.289653,7.689681,10.789648
BTC,14d,otm10,h20,0.2,20,14d_otm10_h20,batch_years_btc_14d_otm10_2020_2026,133,2025,2025-04-25T08:00:00.000Z,2025-05-09T08:00:00.000Z,93805.5,103643,44538.175745,48141.479109,0.474793,0.094959,4670.774143,-133.315951,-934.154829,3603.303364,8.09037,10.187795
BTC,14d,otm10,h20,0.2,20,14d_otm10_h20,batch_years_btc_14d_otm10_2020_2026,134,2025,2025-05-09T08:00:00.000Z,2025-05-23T08:00:00.000Z,103643,110744.5,48141.479109,51093.27806,0.464493,0.092899,3298.599171,312.919614,-659.719834,2951.798951,6.131509,7.501886
BTC,14d,otm10,h20,0.2,20,14d_otm10_h20,batch_years_btc_14d_otm10_2020_2026,135,2025,2025-05-23T08:00:00.000Z,2025-06-06T08:00:00.000Z,110744.5,103189,51093.27806,48502.522198,0.461362,0.092272,-3485.818821,197.899194,697.163764,-2590.755863,-5.070639,-6.435131
BTC,14d,otm10,h20,0.2,20,14d_otm10_h20,batch_years_btc_14d_otm10_2020_2026,136,2025,2025-06-06T08:00:00.000Z,2025-06-20T08:00:00.000Z,103189,105827.5,48502.522198,49712.935074,0.470036,0.094007,1240.189408,218.26135,-248.037882,1210.412876,2.495567,3.006959
BTC,14d,otm10,h20,0.2,20,14d_otm10_h20,batch_years_btc_14d_otm10_2020_2026,137,2025,2025-06-20T08:00:00.000Z,2025-07-04T08:00:00.000Z,105827.5,108773,49712.935074,50905.644765,0.469754,0.093951,1383.661622,85.780394,-276.732324,1192.709691,2.399194,2.955854
BTC,14d,otm10,h20,0.2,20,14d_otm10_h20,batch_years_btc_14d_otm10_2020_2026,138,2025,2025-07-04T08:00:00.000Z,2025-07-18T08:00:00.000Z,108773,119520,50905.644765,55107.481897,0.467999,0.0936,5029.584219,178.169757,-1005.916844,4201.837132,8.254167,10.230209
BTC,14d,otm10,h20,0.2,20,14d_otm10_h20,batch_years_btc_14d_otm10_2020_2026,139,2025,2025-07-18T08:00:00.000Z,2025-08-01T08:00:00.000Z,119520,115063.5,55107.481897,53591.98023,0.461073,0.092215,-2054.773202,128.316895,410.95464,-1515.501667,-2.750083,-3.495816
BTC,14d,otm10,h20,0.2,20,14d_otm10_h20,batch_years_btc_14d_otm10_2020_2026,140,2025,2025-08-01T08:00:00.000Z,2025-08-15T08:00:00.000Z,115063.5,119082,53591.98023,55244.722345,0.46576,0.093152,1871.656716,155.416743,-374.331343,1652.742116,3.083936,3.782419
BTC,14d,otm10,h20,0.2,20,14d_otm10_h20,batch_years_btc_14d_otm10_2020_2026,141,2025,2025-08-15T08:00:00.000Z,2025-08-29T08:00:00.000Z,119082,109990,55244.722345,52058.173618,0.463922,0.092784,-4217.975979,187.832056,843.595196,-3186.548727,-5.76806,-7.295075
BTC,14d,otm10,h20,0.2,20,14d_otm10_h20,batch_years_btc_14d_otm10_2020_2026,142,2025,2025-08-29T08:00:00.000Z,2025-09-12T08:00:00.000Z,109990,115201,52058.173618,54218.672544,0.473299,0.09466,2466.361876,187.409425,-493.272375,2160.498926,4.150163,5.097703
BTC,14d,otm10,h20,0.2,20,14d_otm10_h20,batch_years_btc_14d_otm10_2020_2026,143,2025,2025-09-12T08:00:00.000Z,2025-09-26T08:00:00.000Z,115201,109350,54218.672544,52178.337594,0.470644,0.094129,-2753.738709,162.656018,550.747742,-2040.33495,-3.763159,-4.778949
BTC,14d,otm10,h20,0.2,20,14d_otm10_h20,batch_years_btc_14d_otm10_2020_2026,144,2025,2025-09-26T08:00:00.000Z,2025-10-10T08:00:00.000Z,109350,120949,52178.337594,56199.662665,0.477168,0.095434,5534.673413,-406.41366,-1106.934683,4021.325071,7.706886,9.828331
BTC,14d,otm10,h20,0.2,20,14d_otm10_h20,batch_years_btc_14d_otm10_2020_2026,145,2025,2025-10-10T08:00:00.000Z,2025-10-24T08:00:00.000Z,120949,111138,56199.662665,52754.990468,0.464656,0.092931,-4558.738728,202.318786,911.747746,-3444.672197,-6.129347,-7.751683
BTC,14d,otm10,h20,0.2,20,14d_otm10_h20,batch_years_btc_14d_otm10_2020_2026,146,2025,2025-10-24T08:00:00.000Z,2025-11-07T08:00:00.000Z,111138,101931,52754.990468,50318.074237,0.47468,0.094936,-4370.379143,1059.387084,874.075829,-2436.916231,-4.619309,-6.276168
BTC,14d,otm10,h20,0.2,20,14d_otm10_h20,batch_years_btc_14d_otm10_2020_2026,147,2025,2025-11-07T08:00:00.000Z,2025-11-21T08:00:00.000Z,101931,83841.5,50318.074237,43425.78254,0.493648,0.09873,-8929.852586,251.590371,1785.970517,-6892.291697,-13.697447,-17.246809
BTC,14d,otm10,h20,0.2,20,14d_otm10_h20,batch_years_btc_14d_otm10_2020_2026,148,2025,2025-11-21T08:00:00.000Z,2025-12-05T08:00:00.000Z,83841.5,92219.5,43425.78254,47297.469304,0.517951,0.10359,4339.392856,400.17248,-867.878571,3871.686764,8.915641,10.914174
BTC,14d,otm10,h20,0.2,20,14d_otm10_h20,batch_years_btc_14d_otm10_2020_2026,149,2025,2025-12-05T08:00:00.000Z,2025-12-19T08:00:00.000Z,92219.5,87926,47297.469304,45937.860097,0.512879,0.102576,-2202.047121,402.028489,440.409424,-1359.609208,-2.874592,-3.80574
BTC,14d,otm10,h20,0.2,20,14d_otm10_h20,batch_years_btc_14d_otm10_2020_2026,150,2026,2026-01-02T08:00:00.000Z,2026-01-16T08:00:00.000Z,88798,95656.5,45937.860097,49120.87972,0.51733,0.103466,3548.107091,344.533951,-709.621418,3183.019624,6.928968,8.537743
BTC,14d,otm10,h20,0.2,20,14d_otm10_h20,batch_years_btc_14d_otm10_2020_2026,151,2026,2026-01-16T08:00:00.000Z,2026-01-30T08:00:00.000Z,95656.5,82627.5,49120.87972,43964.911984,0.513513,0.102703,-6690.564069,196.483519,1338.112814,-5155.967736,-10.496489,-13.220611
BTC,14d,otm10,h20,0.2,20,14d_otm10_h20,batch_years_btc_14d_otm10_2020_2026,152,2026,2026-01-30T08:00:00.000Z,2026-02-13T08:00:00.000Z,82627.5,66140.5,43964.911984,37144.75641,0.532086,0.106417,-8772.497097,197.842104,1754.499419,-6820.155574,-15.512724,-19.503405
BTC,14d,otm10,h20,0.2,20,14d_otm10_h20,batch_years_btc_14d_otm10_2020_2026,153,2026,2026-02-13T08:00:00.000Z,2026-02-27T08:00:00.000Z,66140.5,67649,37144.75641,38119.657932,0.561604,0.112321,847.179339,297.158051,-169.435868,974.901522,2.624601,3.080751
BTC,14d,otm10,h20,0.2,20,14d_otm10_h20,batch_years_btc_14d_otm10_2020_2026,154,2026,2026-02-27T08:00:00.000Z,2026-03-13T08:00:00.000Z,67649,71660.5,38119.657932,40232.973135,0.563492,0.112698,2260.447424,304.957263,-452.089485,2113.315203,5.543899,6.729873
BTC,14d,otm10,h20,0.2,20,14d_otm10_h20,batch_years_btc_14d_otm10_2020_2026,155,2026,2026-03-13T08:00:00.000Z,2026-03-27T08:00:00.000Z,71660.5,68521,40232.973135,39285.543056,0.561439,0.112288,-1762.636587,462.679191,352.527317,-947.430079,-2.35486,-3.231075
BTC,14d,otm10,h20,0.2,20,14d_otm10_h20,batch_years_btc_14d_otm10_2020_2026,156,2026,2026-03-27T08:00:00.000Z,2026-04-10T08:00:00.000Z,68521,71480.5,39285.543056,40898.328951,0.573336,0.114667,1696.787331,255.35603,-339.357466,1612.785894,4.105291,4.969114
BTC,14d,otm10,h20,0.2,20,14d_otm10_h20,batch_years_btc_14d_otm10_2020_2026,157,2026,2026-04-10T08:00:00.000Z,2026-04-24T08:00:00.000Z,71480.5,77693,40898.328951,43917.830169,0.572161,0.114432,3554.548004,175.862814,-710.909601,3019.501218,7.382945,9.121182
BTC,14d,otm10,h20,0.2,20,14d_otm10_h20,batch_years_btc_14d_otm10_2020_2026,158,2026,2026-04-24T08:00:00.000Z,2026-05-08T08:00:00.000Z,77693,79684,43917.830169,45031.993596,0.565274,0.113055,1125.460464,213.795055,-225.092093,1114.163427,2.536927,3.049457
BTC,14d,otm10,h30,0.3,30,14d_otm10_h30,batch_years_btc_14d_otm10_2020_2026,1,2020,2020-01-03T08:00:00.000Z,2020-01-17T08:00:00.000Z,7194,8938.5,7136.448,7501.734144,0.992,0.2976,1730.544,-846.094656,-519.1632,365.286144,5.118599,12.493358
BTC,14d,otm10,h30,0.3,30,14d_otm10_h30,batch_years_btc_14d_otm10_2020_2026,2,2020,2020-01-17T08:00:00.000Z,2020-01-31T08:00:00.000Z,8938.5,9362.5,7501.734144,7855.851077,0.839261,0.251778,355.84665,105.024278,-106.753995,354.116933,4.720468,6.143525
BTC,14d,otm10,h30,0.3,30,14d_otm10_h30,batch_years_btc_14d_otm10_2020_2026,3,2020,2020-01-31T08:00:00.000Z,2020-02-14T08:00:00.000Z,9362.5,10136,7855.851077,8375.301137,0.839076,0.251723,649.025453,65.132242,-194.707636,519.45006,6.61227,9.090774
BTC,14d,otm10,h30,0.3,30,14d_otm10_h30,batch_years_btc_14d_otm10_2020_2026,4,2020,2020-02-14T08:00:00.000Z,2020-02-28T08:00:00.000Z,10136,8731.5,8375.301137,7755.563557,0.826293,0.247888,-1160.527866,192.631926,348.15836,-619.73758,-7.399586,-11.556551
BTC,14d,otm10,h30,0.3,30,14d_otm10_h30,batch_years_btc_14d_otm10_2020_2026,5,2020,2020-02-28T08:00:00.000Z,2020-03-13T08:00:00.000Z,8731.5,5251.5,7755.563557,5673.27335,0.888228,0.266468,-3091.033749,81.433417,927.310125,-2082.290207,-26.848986,-38.805695
BTC,14d,otm10,h30,0.3,30,14d_otm10_h30,batch_years_btc_14d_otm10_2020_2026,6,2020,2020-03-13T08:00:00.000Z,2020-03-27T08:00:00.000Z,5251.5,6721,5673.27335,6322.300034,1.080315,0.324094,1587.522648,-462.239169,-476.256795,649.026684,11.440074,19.834819
BTC,14d,otm10,h30,0.3,30,14d_otm10_h30,batch_years_btc_14d_otm10_2020_2026,7,2020,2020-03-27T08:00:00.000Z,2020-04-10T08:00:00.000Z,6721,6929.5,6322.300034,6861.05811,0.940678,0.282204,196.131462,401.466052,-58.839439,538.758076,8.521552,9.452217
BTC,14d,otm10,h30,0.3,30,14d_otm10_h30,batch_years_btc_14d_otm10_2020_2026,8,2020,2020-04-10T08:00:00.000Z,2020-04-24T08:00:00.000Z,6929.5,7584,6861.05811,7421.029415,0.990123,0.297037,648.035577,106.346401,-194.410673,559.971305,8.161588,10.995126
BTC,14d,otm10,h30,0.3,30,14d_otm10_h30,batch_years_btc_14d_otm10_2020_2026,9,2020,2020-04-24T08:00:00.000Z,2020-05-08T08:00:00.000Z,7584,9834,7421.029415,7424.005263,0.978511,0.293553,2201.650341,-1538.17939,-660.495102,2.975849,0.0401,8.940417
BTC,14d,otm10,h30,0.3,30,14d_otm10_h30,batch_years_btc_14d_otm10_2020_2026,10,2020,2020-05-08T08:00:00.000Z,2020-05-22T08:00:00.000Z,9834,9070.5,7424.005263,7232.11579,0.754932,0.22648,-576.390891,211.58415,172.917267,-191.889473,-2.584716,-4.91388
BTC,14d,otm10,h30,0.3,30,14d_otm10_h30,batch_years_btc_14d_otm10_2020_2026,11,2020,2020-05-22T08:00:00.000Z,2020-06-05T08:00:00.000Z,9070.5,9782,7232.11579,7944.637194,0.797323,0.239197,567.29512,315.41482,-170.188536,712.521404,9.852185,12.205418
BTC,14d,otm10,h30,0.3,30,14d_otm10_h30,batch_years_btc_14d_otm10_2020_2026,12,2020,2020-06-05T08:00:00.000Z,2020-06-19T08:00:00.000Z,9782,9288,7944.637194,7782.958711,0.812169,0.243651,-401.211488,119.169558,120.363446,-161.678484,-2.035064,-3.550092
BTC,14d,otm10,h30,0.3,30,14d_otm10_h30,batch_years_btc_14d_otm10_2020_2026,13,2020,2020-06-19T08:00:00.000Z,2020-07-03T08:00:00.000Z,9288,9101,7782.958711,7757.802918,0.837959,0.251388,-156.698243,84.532977,47.009473,-25.155793,-0.323216,-0.927221
BTC,14d,otm10,h30,0.3,30,14d_otm10_h30,batch_years_btc_14d_otm10_2020_2026,14,2020,2020-07-03T08:00:00.000Z,2020-07-17T08:00:00.000Z,9101,9100,7757.802918,7803.753047,0.852412,0.255724,-0.852412,46.546818,0.255724,45.950129,0.592309,0.589012
BTC,14d,otm10,h30,0.3,30,14d_otm10_h30,batch_years_btc_14d_otm10_2020_2026,15,2020,2020-07-17T08:00:00.000Z,2020-07-31T08:00:00.000Z,9100,11168,7803.753047,8117.678308,0.857555,0.257267,1773.424319,-927.471762,-532.027296,313.925261,4.022747,10.84033
BTC,14d,otm10,h30,0.3,30,14d_otm10_h30,batch_years_btc_14d_otm10_2020_2026,16,2020,2020-07-31T08:00:00.000Z,2020-08-14T08:00:00.000Z,11168,11730,8117.678308,8570.041166,0.726869,0.218061,408.500646,166.412405,-122.550194,452.362857,5.572564,7.082235
BTC,14d,otm10,h30,0.3,30,14d_otm10_h30,batch_years_btc_14d_otm10_2020_2026,17,2020,2020-08-14T08:00:00.000Z,2020-08-28T08:00:00.000Z,11730,11381.5,8570.041166,8490.364623,0.730609,0.219183,-254.617165,98.555473,76.38515,-79.676542,-0.92971,-1.821014
BTC,14d,otm10,h30,0.3,30,14d_otm10_h30,batch_years_btc_14d_otm10_2020_2026,18,2020,2020-08-28T08:00:00.000Z,2020-09-11T08:00:00.000Z,11381.5,10257.5,8490.364623,7945.879849,0.745979,0.223794,-838.480854,42.451823,251.544256,-544.484774,-6.412973,-9.375675
BTC,14d,otm10,h30,0.3,30,14d_otm10_h30,batch_years_btc_14d_otm10_2020_2026,19,2020,2020-09-11T08:00:00.000Z,2020-09-25T08:00:00.000Z,10257.5,10687,7945.879849,8337.693257,0.774641,0.232392,332.708301,158.917597,-99.81249,391.813408,4.931026,6.18718
BTC,14d,otm10,h30,0.3,30,14d_otm10_h30,batch_years_btc_14d_otm10_2020_2026,20,2020,2020-09-25T08:00:00.000Z,2020-10-09T08:00:00.000Z,10687,10905,8337.693257,8473.252607,0.780172,0.234051,170.077396,16.505173,-51.023219,135.559351,1.625862,2.23782
BTC,14d,otm10,h30,0.3,30,14d_otm10_h30,batch_years_btc_14d_otm10_2020_2026,21,2020,2020-10-09T08:00:00.000Z,2020-10-23T08:00:00.000Z,10905,12901.5,8473.252607,8902.663141,0.777006,0.233102,1551.292878,-656.494481,-465.387863,429.410534,5.067836,10.560271
BTC,14d,otm10,h30,0.3,30,14d_otm10_h30,batch_years_btc_14d_otm10_2020_2026,22,2020,2020-10-23T08:00:00.000Z,2020-11-06T08:00:00.000Z,12901.5,15786.5,8902.663141,9153.737961,0.690049,0.207015,1990.790463,-1142.478504,-597.237139,251.07482,2.820222,9.528744
BTC,14d,otm10,h30,0.3,30,14d_otm10_h30,batch_years_btc_14d_otm10_2020_2026,23,2020,2020-11-06T08:00:00.000Z,2020-11-20T08:00:00.000Z,15786.5,18254,9153.737961,9679.306119,0.579846,0.173954,1430.769862,-475.970745,-429.230958,525.568158,5.741569,10.430702
BTC,14d,otm10,h30,0.3,30,14d_otm10_h30,batch_years_btc_14d_otm10_2020_2026,24,2020,2020-11-20T08:00:00.000Z,2020-12-04T08:00:00.000Z,18254,19331,9679.306119,10303.117357,0.530257,0.159077,571.086485,224.050699,-171.325945,623.811238,6.444793,8.214816
BTC,14d,otm10,h30,0.3,30,14d_otm10_h30,batch_years_btc_14d_otm10_2020_2026,25,2020,2020-12-04T08:00:00.000Z,2020-12-18T08:00:00.000Z,19331,23113.5,10303.117357,10946.188897,0.532984,0.159895,2016.012695,-768.137346,-604.803808,643.07154,6.241524,12.111629
BTC,14d,otm10,h30,0.3,30,14d_otm10_h30,batch_years_btc_14d_otm10_2020_2026,26,2021,2021-01-01T08:00:00.000Z,2021-01-15T08:00:00.000Z,29186.5,38500,10946.188897,11371.070377,0.375043,0.112513,3492.961825,-2020.191797,-1047.888547,424.88148,3.881547,13.920991
BTC,14d,otm10,h30,0.3,30,14d_otm10_h30,batch_years_btc_14d_otm10_2020_2026,27,2021,2021-01-15T08:00:00.000Z,2021-01-29T08:00:00.000Z,38500,32305.5,11371.070377,11119.459602,0.295352,0.088606,-1829.560921,1029.081869,548.868276,-251.610775,-2.212727,-7.03961
BTC,14d,otm10,h30,0.3,30,14d_otm10_h30,batch_years_btc_14d_otm10_2020_2026,28,2021,2021-01-29T08:00:00.000Z,2021-02-12T08:00:00.000Z,32305.5,47474,11119.459602,11363.139622,0.344197,0.103259,5220.9538,-3410.987639,-1566.28614,243.68002,2.191474,16.277465
BTC,14d,otm10,h30,0.3,30,14d_otm10_h30,batch_years_btc_14d_otm10_2020_2026,29,2021,2021-02-12T08:00:00.000Z,2021-02-26T08:00:00.000Z,47474,44988.5,11363.139622,11565.988922,0.239355,0.071807,-594.916871,619.291109,178.475061,202.8493,1.785152,0.214503
BTC,14d,otm10,h30,0.3,30,14d_otm10_h30,batch_years_btc_14d_otm10_2020_2026,30,2021,2021-02-26T08:00:00.000Z,2021-03-12T08:00:00.000Z,44988.5,56772,11565.988922,12557.435205,0.257088,0.077126,3029.392633,-1129.12856,-908.81779,991.446283,8.572084,16.429759
BTC,14d,otm10,h30,0.3,30,14d_otm10_h30,batch_years_btc_14d_otm10_2020_2026,31,2021,2021-03-12T08:00:00.000Z,2021-03-26T08:00:00.000Z,56772,53607.5,12557.435205,12626.270618,0.221191,0.066357,-699.957791,558.805867,209.987337,68.835413,0.548165,-1.124051
BTC,14d,otm10,h30,0.3,30,14d_otm10_h30,batch_years_btc_14d_otm10_2020_2026,32,2021,2021-03-26T08:00:00.000Z,2021-04-09T08:00:00.000Z,53607.5,58130.5,12626.270618,13764.443932,0.235532,0.07066,1065.310302,392.456102,-319.593091,1138.173314,9.014327,11.545503
BTC,14d,otm10,h30,0.3,30,14d_otm10_h30,batch_years_btc_14d_otm10_2020_2026,33,2021,2021-04-09T08:00:00.000Z,2021-04-23T08:00:00.000Z,58130.5,47696,13764.443932,12255.160182,0.236785,0.071036,-2470.735504,220.231103,741.220651,-1509.28375,-10.965091,-16.350129
BTC,14d,otm10,h30,0.3,30,14d_otm10_h30,batch_years_btc_14d_otm10_2020_2026,34,2021,2021-04-23T08:00:00.000Z,2021-05-07T08:00:00.000Z,47696,55838.5,12255.160182,13258.065487,0.256943,0.077083,2092.159548,-461.606378,-627.647864,1002.905305,8.183535,13.305034
BTC,14d,otm10,h30,0.3,30,14d_otm10_h30,batch_years_btc_14d_otm10_2020_2026,35,2021,2021-05-07T08:00:00.000Z,2021-05-21T08:00:00.000Z,55838.5,39921.5,13258.065487,10851.223415,0.237436,0.071231,-3779.267501,238.645179,1133.78025,-2406.842072,-18.153795,-26.705422
BTC,14d,otm10,h30,0.3,30,14d_otm10_h30,batch_years_btc_14d_otm10_2020_2026,36,2021,2021-05-21T08:00:00.000Z,2021-06-04T08:00:00.000Z,39921.5,36640.5,10851.223415,11387.973543,0.271814,0.081544,-891.821801,1161.025388,267.54654,536.750128,4.946448,2.480859
BTC,14d,otm10,h30,0.3,30,14d_otm10_h30,batch_years_btc_14d_otm10_2020_2026,37,2021,2021-06-04T08:00:00.000Z,2021-06-18T08:00:00.000Z,36640.5,37686.5,11387.973543,11997.040538,0.310803,0.093241,325.09983,381.497114,-97.529949,609.066995,5.348335,6.204765
BTC,14d,otm10,h30,0.3,30,14d_otm10_h30,batch_years_btc_14d_otm10_2020_2026,38,2021,2021-06-18T08:00:00.000Z,2021-07-02T08:00:00.000Z,37686.5,33382,11997.040538,11509.631104,0.318338,0.095501,-1370.285407,471.790351,411.085622,-487.409434,-4.062747,-7.489306
BTC,14d,otm10,h30,0.3,30,14d_otm10_h30,batch_years_btc_14d_otm10_2020_2026,39,2021,2021-07-02T08:00:00.000Z,2021-07-16T08:00:00.000Z,33382,31795,11509.631104,11546.710376,0.344786,0.103436,-547.174662,420.101535,164.152399,37.079272,0.322159,-1.104059
BTC,14d,otm10,h30,0.3,30,14d_otm10_h30,batch_years_btc_14d_otm10_2020_2026,40,2021,2021-07-16T08:00:00.000Z,2021-07-30T08:00:00.000Z,31795,39787.5,11546.710376,12062.206805,0.363161,0.108948,2902.565896,-1516.299698,-870.769769,515.49643,4.464444,12.005724
BTC,14d,otm10,h30,0.3,30,14d_otm10_h30,batch_years_btc_14d_otm10_2020_2026,41,2021,2021-07-30T08:00:00.000Z,2021-08-13T08:00:00.000Z,39787.5,46141.5,12062.206805,13096.448763,0.303166,0.09095,1926.3151,-314.178613,-577.89453,1034.241957,8.574235,13.365187
BTC,14d,otm10,h30,0.3,30,14d_otm10_h30,batch_years_btc_14d_otm10_2020_2026,42,2021,2021-08-13T08:00:00.000Z,2021-08-27T08:00:00.000Z,46141.5,47533.5,13096.448763,13805.19778,0.283832,0.08515,395.094582,432.182809,-118.528375,708.749017,5.411765,6.316807
BTC,14d,otm10,h30,0.3,30,14d_otm10_h30,batch_years_btc_14d_otm10_2020_2026,43,2021,2021-08-27T08:00:00.000Z,2021-09-10T08:00:00.000Z,47533.5,46189.5,13805.19778,13959.921509,0.290431,0.087129,-390.339146,427.961131,117.101744,154.723729,1.120764,0.27252
BTC,14d,otm10,h30,0.3,30,14d_otm10_h30,batch_years_btc_14d_otm10_2020_2026,44,2021,2021-09-10T08:00:00.000Z,2021-09-24T08:00:00.000Z,46189.5,44800.5,13959.921509,14098.819395,0.302231,0.090669,-419.799543,432.757567,125.939863,138.897887,0.994976,0.092823
BTC,14d,otm10,h30,0.3,30,14d_otm10_h30,batch_years_btc_14d_otm10_2020_2026,45,2021,2021-09-24T08:00:00.000Z,2021-10-08T08:00:00.000Z,44800.5,54886,14098.819395,14960.086171,0.314702,0.094411,3173.929822,-1360.4841,-952.178947,861.266776,6.108787,12.862394
BTC,14d,otm10,h30,0.3,30,14d_otm10_h30,batch_years_btc_14d_otm10_2020_2026,46,2021,2021-10-08T08:00:00.000Z,2021-10-22T08:00:00.000Z,54886,63426.5,14960.086171,16156.754329,0.272567,0.08177,2327.854388,-432.829914,-698.356316,1196.668157,7.999073,12.667203
BTC,14d,otm10,h30,0.3,30,14d_otm10_h30,batch_years_btc_14d_otm10_2020_2026,47,2021,2021-10-22T08:00:00.000Z,2021-11-05T08:00:00.000Z,63426.5,62143,16156.754329,16250.871762,0.254732,0.07642,-326.948423,322.981329,98.084527,94.117433,0.582527,-0.024554
BTC,14d,otm10,h30,0.3,30,14d_otm10_h30,batch_years_btc_14d_otm10_2020_2026,48,2021,2021-11-05T08:00:00.000Z,2021-11-19T08:00:00.000Z,62143,55994.5,16250.871762,15556.003884,0.261508,0.078452,-1607.879971,430.648102,482.363991,-694.867878,-4.275881,-7.244115
BTC,14d,otm10,h30,0.3,30,14d_otm10_h30,batch_years_btc_14d_otm10_2020_2026,49,2021,2021-11-19T08:00:00.000Z,2021-12-03T08:00:00.000Z,55994.5,56770,15556.003884,15950.19912,0.277813,0.083344,215.444035,243.384412,-64.63321,394.195236,2.534039,2.949526
BTC,14d,otm10,h30,0.3,30,14d_otm10_h30,batch_years_btc_14d_otm10_2020_2026,50,2021,2021-12-03T08:00:00.000Z,2021-12-17T08:00:00.000Z,56770,46990.5,15950.19912,14417.613125,0.280962,0.084289,-2747.665533,390.779878,824.29966,-1532.585994,-9.60857,-14.776528
BTC,14d,otm10,h30,0.3,30,14d_otm10_h30,batch_years_btc_14d_otm10_2020_2026,51,2021,2021-12-17T08:00:00.000Z,2021-12-31T08:00:00.000Z,46990.5,47184,14417.613125,14790.776962,0.30682,0.092046,59.36962,331.605102,-17.810886,373.163836,2.58825,2.711785
BTC,14d,otm10,h30,0.3,30,14d_otm10_h30,batch_years_btc_14d_otm10_2020_2026,52,2022,2022-01-07T08:00:00.000Z,2022-01-21T08:00:00.000Z,41708,39123,14790.776962,14407.91826,0.354627,0.106388,-916.710426,258.838597,275.013128,-382.858701,-2.588496,-4.527076
BTC,14d,otm10,h30,0.3,30,14d_otm10_h30,batch_years_btc_14d_otm10_2020_2026,53,2022,2022-01-21T08:00:00.000Z,2022-02-04T08:00:00.000Z,39123,37886,14407.91826,14325.176794,0.368272,0.110482,-455.552869,236.145542,136.665861,-82.741466,-0.574278,-1.522825
BTC,14d,otm10,h30,0.3,30,14d_otm10_h30,batch_years_btc_14d_otm10_2020_2026,54,2022,2022-02-04T08:00:00.000Z,2022-02-18T08:00:00.000Z,37886,40656,14325.176794,15215.914215,0.378113,0.113434,1047.372109,157.576945,-314.211633,890.737421,6.217986,8.411408
BTC,14d,otm10,h30,0.3,30,14d_otm10_h30,batch_years_btc_14d_otm10_2020_2026,55,2022,2022-02-18T08:00:00.000Z,2022-03-04T08:00:00.000Z,40656,41462.5,15215.914215,15660.942256,0.37426,0.112278,301.840683,233.739563,-90.552205,445.028041,2.924754,3.519869
BTC,14d,otm10,h30,0.3,30,14d_otm10_h30,batch_years_btc_14d_otm10_2020_2026,56,2022,2022-03-04T08:00:00.000Z,2022-03-18T08:00:00.000Z,41462.5,40598,15660.942256,15675.113591,0.377713,0.113314,-326.533243,242.744605,97.959973,14.171335,0.090488,-0.535017
BTC,14d,otm10,h30,0.3,30,14d_otm10_h30,batch_years_btc_14d_otm10_2020_2026,57,2022,2022-03-18T08:00:00.000Z,2022-04-01T08:00:00.000Z,40598,45017.5,15675.113591,17193.845601,0.386106,0.115832,1706.39353,324.256539,-511.918059,1518.73201,9.68881,12.954612
BTC,14d,otm10,h30,0.3,30,14d_otm10_h30,batch_years_btc_14d_otm10_2020_2026,58,2022,2022-04-01T08:00:00.000Z,2022-04-15T08:00:00.000Z,45017.5,40233,17193.845601,16112.410767,0.381937,0.114581,-1827.377226,197.729224,548.213168,-1081.434834,-6.289662,-9.478089
BTC,14d,otm10,h30,0.3,30,14d_otm10_h30,batch_years_btc_14d_otm10_2020_2026,59,2022,2022-04-15T08:00:00.000Z,2022-04-29T08:00:00.000Z,40233,39629,16112.410767,16096.156788,0.400477,0.120143,-241.888403,153.067902,72.566521,-16.25398,-0.100879,-0.551255
BTC,14d,otm10,h30,0.3,30,14d_otm10_h30,batch_years_btc_14d_otm10_2020_2026,60,2022,2022-04-29T08:00:00.000Z,2022-05-13T08:00:00.000Z,39629,30117.5,16096.156788,13512.570091,0.406171,0.121851,-3863.296961,120.721176,1158.989088,-2583.586697,-16.050954,-23.251363
BTC,14d,otm10,h30,0.3,30,14d_otm10_h30,batch_years_btc_14d_otm10_2020_2026,61,2022,2022-05-13T08:00:00.000Z,2022-05-27T08:00:00.000Z,30117.5,28958,13512.570091,13452.446613,0.448662,0.134599,-520.223293,304.032827,156.066988,-60.123478,-0.444945,-1.599921
BTC,14d,otm10,h30,0.3,30,14d_otm10_h30,batch_years_btc_14d_otm10_2020_2026,62,2022,2022-05-27T08:00:00.000Z,2022-06-10T08:00:00.000Z,28958,30054,13452.446613,14010.636276,0.46455,0.139365,509.147092,201.786699,-152.744128,558.189664,4.149354,5.284792
BTC,14d,otm10,h30,0.3,30,14d_otm10_h30,batch_years_btc_14d_otm10_2020_2026,63,2022,2022-07-08T08:00:00.000Z,2022-07-22T08:00:00.000Z,21796.5,23142,14010.636276,14896.263531,0.642793,0.192838,864.877898,280.212726,-259.463369,885.627254,6.321107,8.173009
BTC,14d,otm10,h30,0.3,30,14d_otm10_h30,batch_years_btc_14d_otm10_2020_2026,64,2022,2022-07-22T08:00:00.000Z,2022-08-05T08:00:00.000Z,23142,23191.5,14896.263531,15376.409819,0.64369,0.193107,31.862633,457.842446,-9.55879,480.146288,3.223267,3.287436
BTC,14d,otm10,h30,0.3,30,14d_otm10_h30,batch_years_btc_14d_otm10_2020_2026,65,2022,2022-08-05T08:00:00.000Z,2022-08-19T08:00:00.000Z,23191.5,21895.5,15376.409819,14974.812127,0.663019,0.198906,-859.272886,199.893328,257.781866,-401.597692,-2.611778,-4.288254
BTC,14d,otm10,h30,0.3,30,14d_otm10_h30,batch_years_btc_14d_otm10_2020_2026,66,2022,2022-08-19T08:00:00.000Z,2022-09-02T08:00:00.000Z,21895.5,20120,14974.812127,14279.582958,0.683922,0.205177,-1214.303347,154.783174,364.291004,-695.229168,-4.642657,-7.075349
BTC,14d,otm10,h30,0.3,30,14d_otm10_h30,batch_years_btc_14d_otm10_2020_2026,67,2022,2022-09-02T08:00:00.000Z,2022-09-16T08:00:00.000Z,20120,19734.5,14279.582958,14302.258538,0.709721,0.212916,-273.597377,214.193744,82.079213,22.67558,0.158797,-0.416004
BTC,14d,otm10,h30,0.3,30,14d_otm10_h30,batch_years_btc_14d_otm10_2020_2026,68,2022,2022-09-16T08:00:00.000Z,2022-09-30T08:00:00.000Z,19734.5,19564,14302.258538,14430.295441,0.724734,0.21742,-123.567107,214.533878,37.070132,128.036903,0.895222,0.636031
BTC,14d,otm10,h30,0.3,30,14d_otm10_h30,batch_years_btc_14d_otm10_2020_2026,69,2022,2022-09-30T08:00:00.000Z,2022-10-14T08:00:00.000Z,19564,19643.5,14430.295441,14630.075816,0.737594,0.221278,58.638749,158.73325,-17.591625,199.780374,1.384451,1.506359
BTC,14d,otm10,h30,0.3,30,14d_otm10_h30,batch_years_btc_14d_otm10_2020_2026,70,2022,2022-10-14T08:00:00.000Z,2022-10-28T08:00:00.000Z,19643.5,20092,14630.075816,14973.624904,0.744779,0.223434,334.033599,109.725569,-100.21008,343.549088,2.348239,3.033198
BTC,14d,otm10,h30,0.3,30,14d_otm10_h30,batch_years_btc_14d_otm10_2020_2026,71,2022,2022-10-28T08:00:00.000Z,2022-11-11T08:00:00.000Z,20092,17276,14973.624904,13669.291904,0.745253,0.223576,-2098.632676,164.709874,629.589803,-1304.332999,-8.71087,-12.915529
BTC,14d,otm10,h30,0.3,30,14d_otm10_h30,batch_years_btc_14d_otm10_2020_2026,72,2022,2022-11-11T08:00:00.000Z,2022-11-25T08:00:00.000Z,17276,16456,13669.291904,13468.007704,0.79123,0.237369,-648.808715,252.8819,194.642615,-201.2842,-1.472528,-2.896469
BTC,14d,otm10,h30,0.3,30,14d_otm10_h30,batch_years_btc_14d_otm10_2020_2026,73,2022,2022-11-25T08:00:00.000Z,2022-12-09T08:00:00.000Z,16456,17203.5,13468.007704,14128.089007,0.818425,0.245528,611.772956,231.840235,-183.531887,660.081304,4.901106,6.263831
BTC,14d,otm10,h30,0.3,30,14d_otm10_h30,batch_years_btc_14d_otm10_2020_2026,74,2022,2022-12-09T08:00:00.000Z,2022-12-23T08:00:00.000Z,17203.5,16846,14128.089007,14000.279836,0.821233,0.24637,-293.590945,77.70449,88.077283,-127.809172,-0.904646,-1.528066
BTC,14d,otm10,h30,0.3,30,14d_otm10_h30,batch_years_btc_14d_otm10_2020_2026,75,2023,2023-01-06T08:00:00.000Z,2023-01-20T08:00:00.000Z,16783,20950,14000.279836,14020.972021,0.834194,0.250258,3476.086878,-2412.56863,-1042.826063,20.692185,0.147798,7.63458
BTC,14d,otm10,h30,0.3,30,14d_otm10_h30,batch_years_btc_14d_otm10_2020_2026,76,2023,2023-01-20T08:00:00.000Z,2023-02-03T08:00:00.000Z,20950,23449.5,14020.972021,15045.804709,0.669259,0.200778,1672.81239,-146.135984,-501.843717,1024.832689,7.309284,10.88852
BTC,14d,otm10,h30,0.3,30,14d_otm10_h30,batch_years_btc_14d_otm10_2020_2026,77,2023,2023-02-03T08:00:00.000Z,2023-02-17T08:00:00.000Z,23449.5,23646.5,15045.804709,15314.834567,0.641626,0.192488,126.400287,180.549657,-37.920086,269.029857,1.788072,2.040103
BTC,14d,otm10,h30,0.3,30,14d_otm10_h30,batch_years_btc_14d_otm10_2020_2026,78,2023,2023-02-17T08:00:00.000Z,2023-03-03T08:00:00.000Z,23646.5,22350.5,15314.834567,14826.905847,0.647658,0.194297,-839.364202,99.626221,251.809261,-487.92872,-3.185988,-4.830205
BTC,14d,otm10,h30,0.3,30,14d_otm10_h30,batch_years_btc_14d_otm10_2020_2026,79,2023,2023-03-03T08:00:00.000Z,2023-03-17T08:00:00.000Z,22350.5,26178,14826.905847,15974.829967,0.663381,0.199014,2539.092286,-629.44048,-761.727686,1147.92412,7.742169,12.879638
BTC,14d,otm10,h30,0.3,30,14d_otm10_h30,batch_years_btc_14d_otm10_2020_2026,80,2023,2023-03-17T08:00:00.000Z,2023-03-31T08:00:00.000Z,26178,27737,15974.829967,16920.343038,0.610239,0.183072,951.362209,279.559524,-285.408663,945.513071,5.918768,7.705382
BTC,14d,otm10,h30,0.3,30,14d_otm10_h30,batch_years_btc_14d_otm10_2020_2026,81,2023,2023-03-31T08:00:00.000Z,2023-04-14T08:00:00.000Z,27737,30773,16920.343038,18419.818384,0.610028,0.183008,1852.044614,203.044116,-555.613384,1499.475346,8.861968,12.145668
BTC,14d,otm10,h30,0.3,30,14d_otm10_h30,batch_years_btc_14d_otm10_2020_2026,82,2023,2023-04-14T08:00:00.000Z,2023-04-28T08:00:00.000Z,30773,29505,18419.818384,18100.354878,0.598571,0.179571,-758.98774,211.827911,227.696322,-319.463506,-1.734347,-2.970495
BTC,14d,otm10,h30,0.3,30,14d_otm10_h30,batch_years_btc_14d_otm10_2020_2026,83,2023,2023-04-28T08:00:00.000Z,2023-05-12T08:00:00.000Z,29505,26298,18100.354878,16949.436405,0.613467,0.18404,-1967.389869,226.254436,590.216961,-1150.918473,-6.358541,-9.619344
BTC,14d,otm10,h30,0.3,30,14d_otm10_h30,batch_years_btc_14d_otm10_2020_2026,84,2023,2023-05-12T08:00:00.000Z,2023-05-26T08:00:00.000Z,26298,26517,16949.436405,17183.835935,0.644514,0.193354,141.148626,135.595491,-42.344588,234.39953,1.382934,1.632763
BTC,14d,otm10,h30,0.3,30,14d_otm10_h30,batch_years_btc_14d_otm10_2020_2026,85,2023,2023-05-26T08:00:00.000Z,2023-06-09T08:00:00.000Z,26517,26509.5,17183.835935,17241.071473,0.648031,0.194409,-4.860232,60.637701,1.45807,57.235538,0.333078,0.324593
BTC,14d,otm10,h30,0.3,30,14d_otm10_h30,batch_years_btc_14d_otm10_2020_2026,86,2023,2023-06-09T08:00:00.000Z,2023-06-23T08:00:00.000Z,26509.5,29937,17241.071473,18255.22948,0.650373,0.195112,2229.154547,-546.250176,-668.746364,1014.158007,5.882221,9.76102
BTC,14d,otm10,h30,0.3,30,14d_otm10_h30,batch_years_btc_14d_otm10_2020_2026,87,2023,2023-06-23T08:00:00.000Z,2023-07-07T08:00:00.000Z,29937,30018,18255.22948,18405.260068,0.609788,0.182936,49.392845,115.455597,-14.817853,150.030588,0.82185,0.90302
BTC,14d,otm10,h30,0.3,30,14d_otm10_h30,batch_years_btc_14d_otm10_2020_2026,88,2023,2023-07-07T08:00:00.000Z,2023-07-21T08:00:00.000Z,30018,29772.5,18405.260068,18437.931275,0.613141,0.183942,-150.526063,138.039451,45.157819,32.671207,0.17751,-0.067843
BTC,14d,otm10,h30,0.3,30,14d_otm10_h30,batch_years_btc_14d_otm10_2020_2026,89,2023,2023-07-21T08:00:00.000Z,2023-08-04T08:00:00.000Z,29772.5,29199,18437.931275,18212.196237,0.619294,0.185788,-355.165122,22.880547,106.549537,-225.735038,-1.224297,-1.802179
BTC,14d,otm10,h30,0.3,30,14d_otm10_h30,batch_years_btc_14d_otm10_2020_2026,90,2023,2023-08-04T08:00:00.000Z,2023-08-18T08:00:00.000Z,29199,26404.5,18212.196237,17061.299577,0.623727,0.187118,-1743.004294,69.206346,522.901288,-1150.89666,-6.319373,-9.190533
BTC,14d,otm10,h30,0.3,30,14d_otm10_h30,batch_years_btc_14d_otm10_2020_2026,91,2023,2023-08-18T08:00:00.000Z,2023-09-01T08:00:00.000Z,26404.5,25975,17061.299577,17054.162048,0.646151,0.193845,-277.521944,187.127832,83.256583,-7.137529,-0.041835,-0.52982
BTC,14d,otm10,h30,0.3,30,14d_otm10_h30,batch_years_btc_14d_otm10_2020_2026,92,2023,2023-09-01T08:00:00.000Z,2023-09-15T08:00:00.000Z,25975,26578,17054.162048,17363.699192,0.656561,0.196968,395.906053,32.402908,-118.771816,309.537145,1.815024,2.511463
BTC,14d,otm10,h30,0.3,30,14d_otm10_h30,batch_years_btc_14d_otm10_2020_2026,93,2023,2023-09-15T08:00:00.000Z,2023-09-29T08:00:00.000Z,26578,27172.5,17363.699192,17711.974832,0.653311,0.195993,388.393377,76.400276,-116.518013,348.27564,2.005769,2.676812
BTC,14d,otm10,h30,0.3,30,14d_otm10_h30,batch_years_btc_14d_otm10_2020_2026,94,2023,2023-09-29T08:00:00.000Z,2023-10-13T08:00:00.000Z,27172.5,26873,17711.974832,17623.140047,0.651835,0.19555,-195.224453,47.822332,58.567336,-88.834785,-0.501552,-0.832217
BTC,14d,otm10,h30,0.3,30,14d_otm10_h30,batch_years_btc_14d_otm10_2020_2026,95,2023,2023-10-13T08:00:00.000Z,2023-10-27T08:00:00.000Z,26873,33970,17623.140047,18268.127758,0.655794,0.196738,4654.166819,-2612.929062,-1396.250046,644.987711,3.659891,11.582713
BTC,14d,otm10,h30,0.3,30,14d_otm10_h30,batch_years_btc_14d_otm10_2020_2026,96,2023,2023-10-27T08:00:00.000Z,2023-11-10T08:00:00.000Z,33970,36465.5,18268.127758,19426.752974,0.537772,0.161332,1342.010975,219.217533,-402.603292,1158.625216,6.342331,8.546188
BTC,14d,otm10,h30,0.3,30,14d_otm10_h30,batch_years_btc_14d_otm10_2020_2026,97,2023,2023-11-10T08:00:00.000Z,2023-11-24T08:00:00.000Z,36465.5,37562,19426.752974,20165.91494,0.532743,0.159823,584.153094,330.254801,-175.245928,739.161966,3.804866,4.706952
BTC,14d,otm10,h30,0.3,30,14d_otm10_h30,batch_years_btc_14d_otm10_2020_2026,98,2023,2023-11-24T08:00:00.000Z,2023-12-08T08:00:00.000Z,37562,43194.5,20165.91494,21248.956114,0.53687,0.161061,3023.920875,-1033.703438,-907.176262,1083.041174,5.370652,9.869215
BTC,14d,otm10,h30,0.3,30,14d_otm10_h30,batch_years_btc_14d_otm10_2020_2026,99,2023,2023-12-08T08:00:00.000Z,2023-12-22T08:00:00.000Z,43194.5,43615.5,21248.956114,21563.921484,0.491937,0.147581,207.105315,169.991649,-62.131594,314.965369,1.482263,1.774661
BTC,14d,otm10,h30,0.3,30,14d_otm10_h30,batch_years_btc_14d_otm10_2020_2026,100,2024,2024-01-05T08:00:00.000Z,2024-01-19T08:00:00.000Z,43847.5,41231,21563.921484,21213.056846,0.491794,0.147538,-1286.77805,549.879998,386.033415,-350.864637,-1.627091,-3.506694
BTC,14d,otm10,h30,0.3,30,14d_otm10_h30,batch_years_btc_14d_otm10_2020_2026,101,2024,2024-01-19T08:00:00.000Z,2024-02-02T08:00:00.000Z,41231,43082,21213.056846,22307.353789,0.514493,0.154348,952.326362,427.66849,-285.697909,1094.296943,5.158601,6.505403
BTC,14d,otm10,h30,0.3,30,14d_otm10_h30,batch_years_btc_14d_otm10_2020_2026,102,2024,2024-02-02T08:00:00.000Z,2024-02-16T08:00:00.000Z,43082,51810,22307.353789,23570.269903,0.517788,0.155336,4519.255928,-1900.563035,-1355.776778,1262.916114,5.661434,11.739146
BTC,14d,otm10,h30,0.3,30,14d_otm10_h30,batch_years_btc_14d_otm10_2020_2026,103,2024,2024-02-16T08:00:00.000Z,2024-03-01T08:00:00.000Z,51810,61473.5,23570.269903,24703.022526,0.454937,0.136481,4396.280703,-1944.643869,-1318.884211,1132.752623,4.805853,10.401395
BTC,14d,otm10,h30,0.3,30,14d_otm10_h30,batch_years_btc_14d_otm10_2020_2026,104,2024,2024-03-01T08:00:00.000Z,2024-03-15T08:00:00.000Z,61473.5,68388.5,24703.022526,26857.44769,0.401848,0.120554,2778.781113,209.278384,-833.634334,2154.425163,8.721302,12.095927
BTC,14d,otm10,h30,0.3,30,14d_otm10_h30,batch_years_btc_14d_otm10_2020_2026,105,2024,2024-03-15T08:00:00.000Z,2024-03-29T08:00:00.000Z,68388.5,69789,26857.44769,27887.028282,0.392719,0.117816,550.002639,644.578745,-165.000792,1029.580592,3.833501,4.447859
BTC,14d,otm10,h30,0.3,30,14d_otm10_h30,batch_years_btc_14d_otm10_2020_2026,106,2024,2024-03-29T08:00:00.000Z,2024-04-12T08:00:00.000Z,69789,70778.5,27887.028282,28805.20636,0.399591,0.119877,395.394897,641.40165,-118.618469,918.178079,3.292492,3.717845
BTC,14d,otm10,h30,0.3,30,14d_otm10_h30,batch_years_btc_14d_otm10_2020_2026,107,2024,2024-04-12T08:00:00.000Z,2024-04-26T08:00:00.000Z,70778.5,64301.5,28805.20636,27464.105427,0.406977,0.122093,-2635.988635,504.091111,790.79659,-1341.100933,-4.655759,-7.401084
BTC,14d,otm10,h30,0.3,30,14d_otm10_h30,batch_years_btc_14d_otm10_2020_2026,108,2024,2024-04-26T08:00:00.000Z,2024-05-10T08:00:00.000Z,64301.5,63064,27464.105427,27355.026461,0.427115,0.128134,-528.55424,260.909002,158.566272,-109.078966,-0.397169,-0.974527
BTC,14d,otm10,h30,0.3,30,14d_otm10_h30,batch_years_btc_14d_otm10_2020_2026,109,2024,2024-05-10T08:00:00.000Z,2024-05-24T08:00:00.000Z,63064,67139.5,27355.026461,28838.691368,0.433766,0.13013,1767.813814,246.195238,-530.344144,1483.664908,5.423738,7.362483
BTC,14d,otm10,h30,0.3,30,14d_otm10_h30,batch_years_btc_14d_otm10_2020_2026,110,2024,2024-05-24T08:00:00.000Z,2024-06-07T08:00:00.000Z,67139.5,71090.5,28838.691368,30211.101842,0.429534,0.12886,1697.088444,184.448563,-509.126533,1372.410474,4.758921,6.524349
BTC,14d,otm10,h30,0.3,30,14d_otm10_h30,batch_years_btc_14d_otm10_2020_2026,111,2024,2024-06-07T08:00:00.000Z,2024-06-21T08:00:00.000Z,71090.5,64147,30211.101842,28432.577458,0.424967,0.12749,-2950.756932,287.005468,885.227079,-1778.524385,-5.886989,-8.817128
BTC,14d,otm10,h30,0.3,30,14d_otm10_h30,batch_years_btc_14d_otm10_2020_2026,112,2024,2024-06-21T08:00:00.000Z,2024-07-05T08:00:00.000Z,64147,54349.5,28432.577458,25492.012295,0.443241,0.132972,-4342.653244,99.292108,1302.795973,-2940.565163,-10.342239,-14.924293
BTC,14d,otm10,h30,0.3,30,14d_otm10_h30,batch_years_btc_14d_otm10_2020_2026,113,2024,2024-07-05T08:00:00.000Z,2024-07-19T08:00:00.000Z,54349.5,63746.5,25492.012295,27047.757097,0.469039,0.140712,4407.555535,-1529.544072,-1322.26666,1555.744802,6.102872,11.289856
BTC,14d,otm10,h30,0.3,30,14d_otm10_h30,batch_years_btc_14d_otm10_2020_2026,114,2024,2024-07-19T08:00:00.000Z,2024-08-02T08:00:00.000Z,63746.5,64096,27047.757097,27484.631982,0.424302,0.127291,148.293492,333.069441,-44.488048,436.874885,1.615198,1.779678
BTC,14d,otm10,h30,0.3,30,14d_otm10_h30,batch_years_btc_14d_otm10_2020_2026,115,2024,2024-08-02T08:00:00.000Z,2024-08-16T08:00:00.000Z,64096,58485,27484.631982,25992.810274,0.428804,0.128641,-2406.020189,192.392424,721.806057,-1491.821709,-5.427839,-8.054056
BTC,14d,otm10,h30,0.3,30,14d_otm10_h30,batch_years_btc_14d_otm10_2020_2026,116,2024,2024-08-16T08:00:00.000Z,2024-08-30T08:00:00.000Z,58485,59300.5,25992.810274,26532.437192,0.444436,0.133331,362.437151,285.920913,-108.731145,539.626919,2.076062,2.494375
BTC,14d,otm10,h30,0.3,30,14d_otm10_h30,batch_years_btc_14d_otm10_2020_2026,117,2024,2024-08-30T08:00:00.000Z,2024-09-13T08:00:00.000Z,59300.5,58100,26532.437192,26381.970571,0.447423,0.134227,-537.13191,225.525716,161.139573,-150.466621,-0.567104,-1.174435
BTC,14d,otm10,h30,0.3,30,14d_otm10_h30,batch_years_btc_14d_otm10_2020_2026,118,2024,2024-09-13T08:00:00.000Z,2024-09-27T08:00:00.000Z,58100,65483.5,26381.970571,28289.845663,0.454079,0.136224,3352.68984,-439.007796,-1005.806952,1907.875092,7.231738,11.044217
BTC,14d,otm10,h30,0.3,30,14d_otm10_h30,batch_years_btc_14d_otm10_2020_2026,119,2024,2024-09-27T08:00:00.000Z,2024-10-11T08:00:00.000Z,65483.5,60617.5,28289.845663,27072.925228,0.432015,0.129604,-2102.184352,254.608611,630.655306,-1216.920435,-4.301616,-6.53088
BTC,14d,otm10,h30,0.3,30,14d_otm10_h30,batch_years_btc_14d_otm10_2020_2026,120,2024,2024-10-11T08:00:00.000Z,2024-10-25T08:00:00.000Z,60617.5,67480,27072.925228,29223.72326,0.446619,0.133986,3064.922661,5.35217,-919.476798,2150.798032,7.944461,11.340758
BTC,14d,otm10,h30,0.3,30,14d_otm10_h30,batch_years_btc_14d_otm10_2020_2026,121,2024,2024-10-25T08:00:00.000Z,2024-11-08T08:00:00.000Z,67480,76395,29223.72326,31087.821649,0.433072,0.129922,3860.840143,-838.489711,-1158.252043,1864.098389,6.378716,10.342113
BTC,14d,otm10,h30,0.3,30,14d_otm10_h30,batch_years_btc_14d_otm10_2020_2026,122,2024,2024-11-08T08:00:00.000Z,2024-11-22T08:00:00.000Z,76395,99466,31087.821649,31672.65786,0.406935,0.122081,9388.404127,-5987.046678,-2816.521238,584.836211,1.881239,10.941125
BTC,14d,otm10,h30,0.3,30,14d_otm10_h30,batch_years_btc_14d_otm10_2020_2026,123,2024,2024-11-22T08:00:00.000Z,2024-12-06T08:00:00.000Z,99466,98239.5,31672.65786,31971.699115,0.318427,0.095528,-390.550689,572.426737,117.165207,299.041255,0.944162,0.574237
BTC,14d,otm10,h30,0.3,30,14d_otm10_h30,batch_years_btc_14d_otm10_2020_2026,124,2024,2024-12-06T08:00:00.000Z,2024-12-20T08:00:00.000Z,98239.5,97672,31971.699115,32321.990989,0.325446,0.097634,-184.690875,479.575487,55.407263,350.291874,1.095631,0.92233
BTC,14d,otm10,h30,0.3,30,14d_otm10_h30,batch_years_btc_14d_otm10_2020_2026,125,2025,2025-01-03T08:00:00.000Z,2025-01-17T08:00:00.000Z,96289,101523.5,32321.990989,33955.986312,0.335677,0.100703,1757.100622,404.024887,-527.130187,1633.995323,5.055367,6.770875
BTC,14d,otm10,h30,0.3,30,14d_otm10_h30,batch_years_btc_14d_otm10_2020_2026,126,2025,2025-01-17T08:00:00.000Z,2025-01-31T08:00:00.000Z,101523.5,104204.5,33955.986312,35143.949237,0.334464,0.100339,896.698787,560.273774,-269.009636,1187.962925,3.498538,4.290768
BTC,14d,otm10,h30,0.3,30,14d_otm10_h30,batch_years_btc_14d_otm10_2020_2026,127,2025,2025-01-31T08:00:00.000Z,2025-02-14T08:00:00.000Z,104204.5,96964,35143.949237,33909.04377,0.337259,0.101178,-2441.926831,474.443315,732.578049,-1234.905467,-3.513849,-5.598356
BTC,14d,otm10,h30,0.3,30,14d_otm10_h30,batch_years_btc_14d_otm10_2020_2026,128,2025,2025-02-14T08:00:00.000Z,2025-02-28T08:00:00.000Z,96964,79124,33909.04377,29864.031687,0.349708,0.104912,-6238.782856,322.135916,1871.634857,-4045.012083,-11.929007,-17.448581
BTC,14d,otm10,h30,0.3,30,14d_otm10_h30,batch_years_btc_14d_otm10_2020_2026,129,2025,2025-02-28T08:00:00.000Z,2025-03-14T08:00:00.000Z,79124,82179,29864.031687,31029.541159,0.377433,0.11323,1153.058703,358.36838,-345.917611,1165.509472,3.90272,5.061028
BTC,14d,otm10,h30,0.3,30,14d_otm10_h30,batch_years_btc_14d_otm10_2020_2026,130,2025,2025-03-14T08:00:00.000Z,2025-03-28T08:00:00.000Z,82179,85150,31029.541159,32156.129217,0.377585,0.113275,1121.804436,341.324953,-336.541331,1126.588058,3.630695,4.715279
BTC,14d,otm10,h30,0.3,30,14d_otm10_h30,batch_years_btc_14d_otm10_2020_2026,131,2025,2025-03-28T08:00:00.000Z,2025-04-11T08:00:00.000Z,85150,81217,32156.129217,31389.772941,0.377641,0.113292,-1485.261964,273.327098,445.578589,-766.356276,-2.383235,-3.768908
BTC,14d,otm10,h30,0.3,30,14d_otm10_h30,batch_years_btc_14d_otm10_2020_2026,132,2025,2025-04-11T08:00:00.000Z,2025-04-25T08:00:00.000Z,81217,93805.5,31389.772941,33317.010193,0.386493,0.115948,4865.362629,-1478.516589,-1459.608789,1927.237252,6.139698,10.789648
BTC,14d,otm10,h30,0.3,30,14d_otm10_h30,batch_years_btc_14d_otm10_2020_2026,133,2025,2025-04-25T08:00:00.000Z,2025-05-09T08:00:00.000Z,93805.5,103643,33317.010193,35663.080057,0.355171,0.106551,3493.99649,-99.727679,-1048.198947,2346.069864,7.041658,10.187795
BTC,14d,otm10,h30,0.3,30,14d_otm10_h30,batch_years_btc_14d_otm10_2020_2026,134,2025,2025-05-09T08:00:00.000Z,2025-05-23T08:00:00.000Z,103643,110744.5,35663.080057,37605.405541,0.344095,0.103229,2443.593518,231.81002,-733.078056,1942.325483,5.44632,7.501886
BTC,14d,otm10,h30,0.3,30,14d_otm10_h30,batch_years_btc_14d_otm10_2020_2026,135,2025,2025-05-23T08:00:00.000Z,2025-06-06T08:00:00.000Z,110744.5,103189,37605.405541,35955.132451,0.339569,0.101871,-2565.614018,145.656723,769.684205,-1650.273089,-4.388393,-6.435131
BTC,14d,otm10,h30,0.3,30,14d_otm10_h30,batch_years_btc_14d_otm10_2020_2026,136,2025,2025-06-06T08:00:00.000Z,2025-06-20T08:00:00.000Z,103189,105827.5,35955.132451,36760.481041,0.34844,0.104532,919.357848,161.798096,-275.807354,805.34859,2.239871,3.006959
BTC,14d,otm10,h30,0.3,30,14d_otm10_h30,batch_years_btc_14d_otm10_2020_2026,137,2025,2025-06-20T08:00:00.000Z,2025-07-04T08:00:00.000Z,105827.5,108773,36760.481041,37540.120691,0.347362,0.104209,1023.155578,63.430746,-306.946673,779.63965,2.120864,2.955854
BTC,14d,otm10,h30,0.3,30,14d_otm10_h30,batch_years_btc_14d_otm10_2020_2026,138,2025,2025-07-04T08:00:00.000Z,2025-07-18T08:00:00.000Z,108773,119520,37540.120691,40267.840845,0.345124,0.103537,3709.042474,131.390422,-1112.712742,2727.720154,7.266146,10.230209
BTC,14d,otm10,h30,0.3,30,14d_otm10_h30,batch_years_btc_14d_otm10_2020_2026,139,2025,2025-07-18T08:00:00.000Z,2025-08-01T08:00:00.000Z,119520,115063.5,40267.840845,39310.586946,0.336913,0.101074,-1501.45275,93.763027,450.435825,-957.253899,-2.377217,-3.495816
BTC,14d,otm10,h30,0.3,30,14d_otm10_h30,batch_years_btc_14d_otm10_2020_2026,140,2025,2025-08-01T08:00:00.000Z,2025-08-15T08:00:00.000Z,115063.5,119082,39310.586946,40385.611045,0.341643,0.102493,1372.890566,114.000702,-411.86717,1075.024098,2.734694,3.782419
BTC,14d,otm10,h30,0.3,30,14d_otm10_h30,batch_years_btc_14d_otm10_2020_2026,141,2025,2025-08-15T08:00:00.000Z,2025-08-29T08:00:00.000Z,119082,109990,40385.611045,38364.49194,0.339141,0.101742,-3083.471689,137.311078,925.041507,-2021.119104,-5.004552,-7.295075
BTC,14d,otm10,h30,0.3,30,14d_otm10_h30,batch_years_btc_14d_otm10_2020_2026,142,2025,2025-08-29T08:00:00.000Z,2025-09-12T08:00:00.000Z,109990,115201,38364.49194,39774.921206,0.3488,0.10464,1817.59585,138.112171,-545.278755,1410.429266,3.676392,5.097703
BTC,14d,otm10,h30,0.3,30,14d_otm10_h30,batch_years_btc_14d_otm10_2020_2026,143,2025,2025-09-12T08:00:00.000Z,2025-09-26T08:00:00.000Z,115201,109350,39774.921206,38480.142405,0.345265,0.10358,-2020.14795,119.324764,606.044385,-1294.778801,-3.255264,-4.778949
BTC,14d,otm10,h30,0.3,30,14d_otm10_h30,batch_years_btc_14d_otm10_2020_2026,144,2025,2025-09-26T08:00:00.000Z,2025-10-10T08:00:00.000Z,109350,120949,38480.142405,41037.595659,0.351899,0.10557,4081.675096,-299.719313,-1224.502529,2557.453254,6.646164,9.828331
BTC,14d,otm10,h30,0.3,30,14d_otm10_h30,batch_years_btc_14d_otm10_2020_2026,145,2025,2025-10-10T08:00:00.000Z,2025-10-24T08:00:00.000Z,120949,111138,41037.595659,38855.143108,0.339297,0.101789,-3328.83985,147.735344,998.651955,-2182.452551,-5.318178,-7.751683
BTC,14d,otm10,h30,0.3,30,14d_otm10_h30,batch_years_btc_14d_otm10_2020_2026,146,2025,2025-10-24T08:00:00.000Z,2025-11-07T08:00:00.000Z,111138,101931,38855.143108,37382.191308,0.349612,0.104884,-3218.874756,780.260529,965.662427,-1472.9518,-3.79088,-6.276168
BTC,14d,otm10,h30,0.3,30,14d_otm10_h30,batch_years_btc_14d_otm10_2020_2026,147,2025,2025-11-07T08:00:00.000Z,2025-11-21T08:00:00.000Z,101931,83841.5,37382.191308,32925.19997,0.36674,0.110022,-6634.146135,186.910957,1990.24384,-4456.991338,-11.922766,-17.246809
BTC,14d,otm10,h30,0.3,30,14d_otm10_h30,batch_years_btc_14d_otm10_2020_2026,148,2025,2025-11-21T08:00:00.000Z,2025-12-05T08:00:00.000Z,83841.5,92219.5,32925.19997,35531.682031,0.392708,0.117812,3290.104845,303.40867,-987.031453,2606.482061,7.916374,10.914174
BTC,14d,otm10,h30,0.3,30,14d_otm10_h30,batch_years_btc_14d_otm10_2020_2026,149,2025,2025-12-05T08:00:00.000Z,2025-12-19T08:00:00.000Z,92219.5,87926,35531.682031,34675.717456,0.385295,0.115588,-1654.262675,302.019297,496.278803,-855.964576,-2.409018,-3.80574
BTC,14d,otm10,h30,0.3,30,14d_otm10_h30,batch_years_btc_14d_otm10_2020_2026,150,2026,2026-01-02T08:00:00.000Z,2026-01-16T08:00:00.000Z,88798,95656.5,34675.717456,36810.561635,0.390501,0.11715,2678.251854,260.067881,-803.475556,2134.844179,6.156597,8.537743
BTC,14d,otm10,h30,0.3,30,14d_otm10_h30,batch_years_btc_14d_otm10_2020_2026,151,2026,2026-01-16T08:00:00.000Z,2026-01-30T08:00:00.000Z,95656.5,82627.5,36810.561635,33448.127432,0.38482,0.115446,-5013.823499,147.242247,1504.14705,-3362.434203,-9.134428,-13.220611
BTC,14d,otm10,h30,0.3,30,14d_otm10_h30,batch_years_btc_14d_otm10_2020_2026,152,2026,2026-01-30T08:00:00.000Z,2026-02-13T08:00:00.000Z,82627.5,66140.5,33448.127432,28926.815693,0.404806,0.121442,-6674.040446,150.516573,2002.212134,-4521.311739,-13.517384,-19.503405
BTC,14d,otm10,h30,0.3,30,14d_otm10_h30,batch_years_btc_14d_otm10_2020_2026,153,2026,2026-02-13T08:00:00.000Z,2026-02-27T08:00:00.000Z,66140.5,67649,28926.815693,29620.05423,0.437354,0.131206,659.748588,231.414526,-197.924576,693.238537,2.396526,3.080751
BTC,14d,otm10,h30,0.3,30,14d_otm10_h30,batch_years_btc_14d_otm10_2020_2026,154,2026,2026-02-27T08:00:00.000Z,2026-03-13T08:00:00.000Z,67649,71660.5,29620.05423,31086.516849,0.437849,0.131355,1756.431692,236.960434,-526.929508,1466.462618,4.950911,6.729873
BTC,14d,otm10,h30,0.3,30,14d_otm10_h30,batch_years_btc_14d_otm10_2020_2026,155,2026,2026-03-13T08:00:00.000Z,2026-03-27T08:00:00.000Z,71660.5,68521,31086.516849,30490.665336,0.433803,0.130141,-1361.923509,357.494944,408.577053,-595.851513,-1.916752,-3.231075
BTC,14d,otm10,h30,0.3,30,14d_otm10_h30,batch_years_btc_14d_otm10_2020_2026,156,2026,2026-03-27T08:00:00.000Z,2026-04-10T08:00:00.000Z,68521,71480.5,30490.665336,31610.703245,0.444983,0.133495,1316.926549,198.189325,-395.077965,1120.037909,3.67338,4.969114
BTC,14d,otm10,h30,0.3,30,14d_otm10_h30,batch_years_btc_14d_otm10_2020_2026,157,2026,2026-04-10T08:00:00.000Z,2026-04-24T08:00:00.000Z,71480.5,77693,31610.703245,33669.769786,0.442228,0.132669,2747.343596,135.926024,-824.203079,2059.066541,6.513827,9.121182
BTC,14d,otm10,h30,0.3,30,14d_otm10_h30,batch_years_btc_14d_otm10_2020_2026,158,2026,2026-04-24T08:00:00.000Z,2026-05-08T08:00:00.000Z,77693,79684,33669.769786,34437.66352,0.433369,0.130011,862.838501,163.906784,-258.85155,767.893734,2.280662,3.049457
BTC,14d,otm10,h40,0.4,40,14d_otm10_h40,batch_years_btc_14d_otm10_2020_2026,1,2020,2020-01-03T08:00:00.000Z,2020-01-17T08:00:00.000Z,7194,8938.5,7136.448,7328.679744,0.992,0.3968,1730.544,-846.094656,-692.2176,192.231744,2.693661,12.493358
BTC,14d,otm10,h40,0.4,40,14d_otm10_h40,batch_years_btc_14d_otm10_2020_2026,2,2020,2020-01-17T08:00:00.000Z,2020-01-31T08:00:00.000Z,8938.5,9362.5,7328.679744,7639.863923,0.8199,0.32796,347.63777,102.601516,-139.055108,311.184179,4.246115,6.143525
BTC,14d,otm10,h40,0.4,40,14d_otm10_h40,batch_years_btc_14d_otm10_2020_2026,3,2020,2020-01-31T08:00:00.000Z,2020-02-14T08:00:00.000Z,9362.5,10136,7639.863923,8081.914201,0.816007,0.326403,631.181281,63.34151,-252.472512,442.050279,5.786101,9.090774
BTC,14d,otm10,h40,0.4,40,14d_otm10_h40,batch_years_btc_14d_otm10_2020_2026,4,2020,2020-02-14T08:00:00.000Z,2020-02-28T08:00:00.000Z,10136,8731.5,8081.914201,7595.873495,0.797347,0.318939,-1119.874556,185.884027,447.949822,-486.040707,-6.013931,-11.556551
BTC,14d,otm10,h40,0.4,40,14d_otm10_h40,batch_years_btc_14d_otm10_2020_2026,5,2020,2020-02-28T08:00:00.000Z,2020-03-13T08:00:00.000Z,8731.5,5251.5,7595.873495,5859.197267,0.869939,0.347976,-3027.388165,79.756672,1210.955266,-1736.676227,-22.863417,-38.805695
BTC,14d,otm10,h40,0.4,40,14d_otm10_h40,batch_years_btc_14d_otm10_2020_2026,6,2020,2020-03-13T08:00:00.000Z,2020-03-27T08:00:00.000Z,5251.5,6721,5859.197267,6365.538909,1.115719,0.446288,1639.548774,-477.387623,-655.819509,506.341641,8.641826,19.834819
BTC,14d,otm10,h40,0.4,40,14d_otm10_h40,batch_years_btc_14d_otm10_2020_2026,7,2020,2020-03-27T08:00:00.000Z,2020-04-10T08:00:00.000Z,6721,6929.5,6365.538909,6888.234325,0.947112,0.378845,197.472826,404.211721,-78.98913,522.695416,8.21133,9.452217
BTC,14d,otm10,h40,0.4,40,14d_otm10_h40,batch_years_btc_14d_otm10_2020_2026,8,2020,2020-04-10T08:00:00.000Z,2020-04-24T08:00:00.000Z,6929.5,7584,6888.234325,7385.3634,0.994045,0.397618,650.602405,106.767632,-260.240962,497.129075,7.217076,10.995126
BTC,14d,otm10,h40,0.4,40,14d_otm10_h40,batch_years_btc_14d_otm10_2020_2026,9,2020,2020-04-24T08:00:00.000Z,2020-05-08T08:00:00.000Z,7584,9834,7385.3634,7169.218042,0.973808,0.389523,2191.069047,-1530.786786,-876.427619,-216.145358,-2.926672,8.940417
BTC,14d,otm10,h40,0.4,40,14d_otm10_h40,batch_years_btc_14d_otm10_2020_2026,10,2020,2020-05-08T08:00:00.000Z,2020-05-22T08:00:00.000Z,9834,9070.5,7169.218042,7039.575047,0.729024,0.291609,-556.609515,204.322714,222.643806,-129.642995,-1.808328,-4.91388
BTC,14d,otm10,h40,0.4,40,14d_otm10_h40,batch_years_btc_14d_otm10_2020_2026,11,2020,2020-05-22T08:00:00.000Z,2020-06-05T08:00:00.000Z,9070.5,9782,7039.575047,7677.90778,0.776096,0.310438,552.192012,307.017526,-220.876805,638.332733,9.067774,12.205418
BTC,14d,otm10,h40,0.4,40,14d_otm10_h40,batch_years_btc_14d_otm10_2020_2026,12,2020,2020-06-05T08:00:00.000Z,2020-06-19T08:00:00.000Z,9782,9288,7677.90778,7560.431553,0.784902,0.313961,-387.741407,115.168617,155.096563,-117.476228,-1.530055,-3.550092
BTC,14d,otm10,h40,0.4,40,14d_otm10_h40,batch_years_btc_14d_otm10_2020_2026,13,2020,2020-06-19T08:00:00.000Z,2020-07-03T08:00:00.000Z,9288,9101,7560.431553,7551.216803,0.814,0.3256,-152.217991,82.116045,60.887196,-9.214749,-0.121881,-0.927221
BTC,14d,otm10,h40,0.4,40,14d_otm10_h40,batch_years_btc_14d_otm10_2020_2026,14,2020,2020-07-03T08:00:00.000Z,2020-07-17T08:00:00.000Z,9101,9100,7551.216803,7596.026276,0.829713,0.331885,-0.829713,45.307301,0.331885,44.809473,0.593407,0.589012
BTC,14d,otm10,h40,0.4,40,14d_otm10_h40,batch_years_btc_14d_otm10_2020_2026,15,2020,2020-07-17T08:00:00.000Z,2020-07-31T08:00:00.000Z,9100,11168,7596.026276,7728.973431,0.834728,0.333891,1726.217839,-902.783549,-690.487136,132.947154,1.75022,10.84033
BTC,14d,otm10,h40,0.4,40,14d_otm10_h40,batch_years_btc_14d_otm10_2020_2026,16,2020,2020-07-31T08:00:00.000Z,2020-08-14T08:00:00.000Z,11168,11730,7728.973431,8120.781448,0.692064,0.276826,388.940103,158.443955,-155.576041,391.808017,5.069341,7.082235
BTC,14d,otm10,h40,0.4,40,14d_otm10_h40,batch_years_btc_14d_otm10_2020_2026,17,2020,2020-08-14T08:00:00.000Z,2020-08-28T08:00:00.000Z,11730,11381.5,8120.781448,8069.408678,0.692309,0.276923,-241.269594,93.388987,96.507837,-51.37277,-0.632609,-1.821014
BTC,14d,otm10,h40,0.4,40,14d_otm10_h40,batch_years_btc_14d_otm10_2020_2026,18,2020,2020-08-28T08:00:00.000Z,2020-09-11T08:00:00.000Z,11381.5,10257.5,8069.408678,7631.610555,0.708993,0.283597,-796.908611,40.347043,318.763444,-437.798123,-5.425405,-9.375675
BTC,14d,otm10,h40,0.4,40,14d_otm10_h40,batch_years_btc_14d_otm10_2020_2026,19,2020,2020-09-11T08:00:00.000Z,2020-09-25T08:00:00.000Z,10257.5,10687,7631.610555,7975.972334,0.744003,0.297601,319.549279,152.632211,-127.819712,344.361779,4.512308,6.18718
BTC,14d,otm10,h40,0.4,40,14d_otm10_h40,batch_years_btc_14d_otm10_2020_2026,20,2020,2020-09-25T08:00:00.000Z,2020-10-09T08:00:00.000Z,10687,10905,7975.972334,8089.380724,0.746325,0.29853,162.69879,15.789116,-65.079516,113.40839,1.421875,2.23782
BTC,14d,otm10,h40,0.4,40,14d_otm10_h40,batch_years_btc_14d_otm10_2020_2026,21,2020,2020-10-09T08:00:00.000Z,2020-10-23T08:00:00.000Z,10905,12901.5,8089.380724,8351.235944,0.741805,0.296722,1481.01317,-626.752682,-592.405268,261.85522,3.237024,10.560271
BTC,14d,otm10,h40,0.4,40,14d_otm10_h40,batch_years_btc_14d_otm10_2020_2026,22,2020,2020-10-23T08:00:00.000Z,2020-11-06T08:00:00.000Z,12901.5,15786.5,8351.235944,8400.011121,0.647307,0.258923,1867.481742,-1071.713868,-746.992697,48.775178,0.584047,9.528744
BTC,14d,otm10,h40,0.4,40,14d_otm10_h40,batch_years_btc_14d_otm10_2020_2026,23,2020,2020-11-06T08:00:00.000Z,2020-11-20T08:00:00.000Z,15786.5,18254,8400.011121,8751.007633,0.532101,0.21284,1312.959012,-436.778895,-525.183605,350.996512,4.178524,10.430702
BTC,14d,otm10,h40,0.4,40,14d_otm10_h40,batch_years_btc_14d_otm10_2020_2026,24,2020,2020-11-20T08:00:00.000Z,2020-12-04T08:00:00.000Z,18254,19331,8751.007633,9263.36034,0.479402,0.191761,516.316162,202.56301,-206.526465,512.352707,5.854785,8.214816
BTC,14d,otm10,h40,0.4,40,14d_otm10_h40,batch_years_btc_14d_otm10_2020_2026,25,2020,2020-12-04T08:00:00.000Z,2020-12-18T08:00:00.000Z,19331,23113.5,9263.36034,9660.27887,0.479197,0.191679,1812.563266,-690.619429,-725.025306,396.91853,4.284822,12.111629
BTC,14d,otm10,h40,0.4,40,14d_otm10_h40,batch_years_btc_14d_otm10_2020_2026,26,2021,2021-01-01T08:00:00.000Z,2021-01-15T08:00:00.000Z,29186.5,38500,9660.27887,9726.98474,0.330984,0.132394,3082.624064,-1782.868569,-1233.049626,66.70587,0.690517,13.920991
BTC,14d,otm10,h40,0.4,40,14d_otm10_h40,batch_years_btc_14d_otm10_2020_2026,27,2021,2021-01-15T08:00:00.000Z,2021-01-29T08:00:00.000Z,38500,32305.5,9726.98474,9668.25649,0.252649,0.10106,-1565.033947,880.292119,626.013579,-58.728249,-0.603766,-7.03961
BTC,14d,otm10,h40,0.4,40,14d_otm10_h40,batch_years_btc_14d_otm10_2020_2026,28,2021,2021-01-29T08:00:00.000Z,2021-02-12T08:00:00.000Z,32305.5,47474,9668.25649,9426.17718,0.299276,0.11971,4539.565974,-2965.818894,-1815.82639,-242.07931,-2.503857,16.277465
BTC,14d,otm10,h40,0.4,40,14d_otm10_h40,batch_years_btc_14d_otm10_2020_2026,29,2021,2021-02-12T08:00:00.000Z,2021-02-26T08:00:00.000Z,47474,44988.5,9426.17718,9643.799484,0.198555,0.079422,-493.507254,513.726656,197.402902,217.622304,2.308702,0.214503
BTC,14d,otm10,h40,0.4,40,14d_otm10_h40,batch_years_btc_14d_otm10_2020_2026,30,2021,2021-02-26T08:00:00.000Z,2021-03-12T08:00:00.000Z,44988.5,56772,9643.799484,10217.881276,0.214361,0.085745,2525.927987,-941.475,-1010.371195,574.081792,5.952859,16.429759
BTC,14d,otm10,h40,0.4,40,14d_otm10_h40,batch_years_btc_14d_otm10_2020_2026,31,2021,2021-03-12T08:00:00.000Z,2021-03-26T08:00:00.000Z,56772,53607.5,10217.881276,10330.84707,0.179981,0.071992,-569.549871,454.695717,227.819949,112.965794,1.10557,-1.124051
BTC,14d,otm10,h40,0.4,40,14d_otm10_h40,batch_years_btc_14d_otm10_2020_2026,32,2021,2021-03-26T08:00:00.000Z,2021-04-09T08:00:00.000Z,53607.5,58130.5,10330.84707,11174.939438,0.192713,0.077085,871.639627,321.108592,-348.655851,844.092368,8.170602,11.545503
BTC,14d,otm10,h40,0.4,40,14d_otm10_h40,batch_years_btc_14d_otm10_2020_2026,33,2021,2021-04-09T08:00:00.000Z,2021-04-23T08:00:00.000Z,58130.5,47696,11174.939438,10150.188812,0.192239,0.076896,-2005.916095,178.799031,802.366438,-1024.750626,-9.170078,-16.350129
BTC,14d,otm10,h40,0.4,40,14d_otm10_h40,batch_years_btc_14d_otm10_2020_2026,34,2021,2021-04-23T08:00:00.000Z,2021-05-07T08:00:00.000Z,47696,55838.5,10150.188812,10807.552457,0.21281,0.085124,1732.805946,-382.319923,-693.122378,657.363645,6.476369,13.305034
BTC,14d,otm10,h40,0.4,40,14d_otm10_h40,batch_years_btc_14d_otm10_2020_2026,35,2021,2021-05-07T08:00:00.000Z,2021-05-21T08:00:00.000Z,55838.5,39921.5,10807.552457,9153.645347,0.19355,0.07742,-3080.738423,194.535944,1232.295369,-1653.90711,-15.303253,-26.705422
BTC,14d,otm10,h40,0.4,40,14d_otm10_h40,batch_years_btc_14d_otm10_2020_2026,36,2021,2021-05-21T08:00:00.000Z,2021-06-04T08:00:00.000Z,39921.5,36640.5,9153.645347,9681.656073,0.229291,0.091716,-752.304156,979.39322,300.921663,528.010726,5.768311,2.480859
BTC,14d,otm10,h40,0.4,40,14d_otm10_h40,batch_years_btc_14d_otm10_2020_2026,37,2021,2021-06-04T08:00:00.000Z,2021-06-18T08:00:00.000Z,36640.5,37686.5,9681.656073,10171.824642,0.264234,0.105693,276.388484,324.335478,-110.555394,490.168569,5.062859,6.204765
BTC,14d,otm10,h40,0.4,40,14d_otm10_h40,batch_years_btc_14d_otm10_2020_2026,38,2021,2021-06-18T08:00:00.000Z,2021-07-02T08:00:00.000Z,37686.5,33382,10171.824642,9874.750293,0.269906,0.107963,-1161.811767,400.012712,464.724707,-297.074349,-2.920561,-7.489306
BTC,14d,otm10,h40,0.4,40,14d_otm10_h40,batch_years_btc_14d_otm10_2020_2026,39,2021,2021-07-02T08:00:00.000Z,2021-07-16T08:00:00.000Z,33382,31795,9874.750293,9953.507802,0.295811,0.118324,-469.451462,360.428386,187.780585,78.757508,0.797565,-1.104059
BTC,14d,otm10,h40,0.4,40,14d_otm10_h40,batch_years_btc_14d_otm10_2020_2026,40,2021,2021-07-16T08:00:00.000Z,2021-07-30T08:00:00.000Z,31795,39787.5,9953.507802,10147.669293,0.313053,0.125221,2502.073002,-1307.08231,-1000.829201,194.161491,1.950684,12.005724
BTC,14d,otm10,h40,0.4,40,14d_otm10_h40,batch_years_btc_14d_otm10_2020_2026,41,2021,2021-07-30T08:00:00.000Z,2021-08-13T08:00:00.000Z,39787.5,46141.5,10147.669293,10855.697652,0.255047,0.102019,1620.566527,-264.311557,-648.226611,708.028359,6.977251,13.365187
BTC,14d,otm10,h40,0.4,40,14d_otm10_h40,batch_years_btc_14d_otm10_2020_2026,42,2021,2021-08-13T08:00:00.000Z,2021-08-27T08:00:00.000Z,46141.5,47533.5,10855.697652,11410.432942,0.23527,0.094108,327.495446,358.238023,-130.998178,554.73529,5.110084,6.316807
BTC,14d,otm10,h40,0.4,40,14d_otm10_h40,batch_years_btc_14d_otm10_2020_2026,43,2021,2021-08-27T08:00:00.000Z,2021-09-10T08:00:00.000Z,47533.5,46189.5,11410.432942,11570.579768,0.24005,0.09602,-322.62766,353.723421,129.051064,160.146825,1.403512,0.27252
BTC,14d,otm10,h40,0.4,40,14d_otm10_h40,batch_years_btc_14d_otm10_2020_2026,44,2021,2021-09-10T08:00:00.000Z,2021-09-24T08:00:00.000Z,46189.5,44800.5,11570.579768,11720.499055,0.250502,0.100201,-347.947808,358.687973,139.179123,149.919288,1.295694,0.092823
BTC,14d,otm10,h40,0.4,40,14d_otm10_h40,batch_years_btc_14d_otm10_2020_2026,45,2021,2021-09-24T08:00:00.000Z,2021-10-08T08:00:00.000Z,44800.5,54886,11720.499055,12172.627145,0.261615,0.104646,2638.52174,-1130.984954,-1055.408696,452.12809,3.857584,12.862394
BTC,14d,otm10,h40,0.4,40,14d_otm10_h40,batch_years_btc_14d_otm10_2020_2026,46,2021,2021-10-08T08:00:00.000Z,2021-10-22T08:00:00.000Z,54886,63426.5,12172.627145,12956.913065,0.22178,0.088712,1894.113656,-352.182274,-757.645462,784.28592,6.443029,12.667203
BTC,14d,otm10,h40,0.4,40,14d_otm10_h40,batch_years_btc_14d_otm10_2020_2026,47,2021,2021-10-22T08:00:00.000Z,2021-11-05T08:00:00.000Z,63426.5,62143,12956.913065,13058.6102,0.204282,0.081713,-262.196368,259.014956,104.878547,101.697135,0.784887,-0.024554
BTC,14d,otm10,h40,0.4,40,14d_otm10_h40,batch_years_btc_14d_otm10_2020_2026,48,2021,2021-11-05T08:00:00.000Z,2021-11-19T08:00:00.000Z,62143,55994.5,13058.6102,12629.44301,0.210138,0.084055,-1292.033935,346.05317,516.813574,-429.167191,-3.286469,-7.244115
BTC,14d,otm10,h40,0.4,40,14d_otm10_h40,batch_years_btc_14d_otm10_2020_2026,49,2021,2021-11-19T08:00:00.000Z,2021-12-03T08:00:00.000Z,55994.5,56770,12629.44301,12931.986805,0.225548,0.090219,174.912412,197.596348,-69.964965,302.543795,2.395543,2.949526
BTC,14d,otm10,h40,0.4,40,14d_otm10_h40,batch_years_btc_14d_otm10_2020_2026,50,2021,2021-12-03T08:00:00.000Z,2021-12-17T08:00:00.000Z,56770,46990.5,12931.986805,11912.181078,0.227796,0.091118,-2227.73234,316.833677,891.092936,-1019.805727,-7.885917,-14.776528
BTC,14d,otm10,h40,0.4,40,14d_otm10_h40,batch_years_btc_14d_otm10_2020_2026,51,2021,2021-12-17T08:00:00.000Z,2021-12-31T08:00:00.000Z,46990.5,47184,11912.181078,12215.592813,0.253502,0.101401,49.052618,273.980165,-19.621047,303.411735,2.547071,2.711785
BTC,14d,otm10,h40,0.4,40,14d_otm10_h40,batch_years_btc_14d_otm10_2020_2026,52,2022,2022-01-07T08:00:00.000Z,2022-01-21T08:00:00.000Z,41708,39123,12215.592813,11975.103089,0.292884,0.117153,-757.104331,213.772874,302.841732,-240.489724,-1.968711,-4.527076
BTC,14d,otm10,h40,0.4,40,14d_otm10_h40,batch_years_btc_14d_otm10_2020_2026,53,2022,2022-01-21T08:00:00.000Z,2022-02-04T08:00:00.000Z,39123,37886,11975.103089,11944.195895,0.306089,0.122435,-378.63156,196.271742,151.452624,-30.907194,-0.258095,-1.522825
BTC,14d,otm10,h40,0.4,40,14d_otm10_h40,batch_years_btc_14d_otm10_2020_2026,54,2022,2022-02-04T08:00:00.000Z,2022-02-18T08:00:00.000Z,37886,40656,11944.195895,12599.555379,0.315267,0.126107,873.288883,131.386155,-349.315553,655.359485,5.486845,8.411408
BTC,14d,otm10,h40,0.4,40,14d_otm10_h40,batch_years_btc_14d_otm10_2020_2026,55,2022,2022-02-18T08:00:00.000Z,2022-03-04T08:00:00.000Z,40656,41462.5,12599.555379,12943.067411,0.309906,0.123963,249.939527,193.548316,-99.975811,343.512032,2.726382,3.519869
BTC,14d,otm10,h40,0.4,40,14d_otm10_h40,batch_years_btc_14d_otm10_2020_2026,56,2022,2022-03-04T08:00:00.000Z,2022-03-18T08:00:00.000Z,41462.5,40598,12943.067411,12981.765895,0.312163,0.124865,-269.865102,200.617545,107.946041,38.698484,0.29899,-0.535017
BTC,14d,otm10,h40,0.4,40,14d_otm10_h40,batch_years_btc_14d_otm10_2020_2026,57,2022,2022-03-18T08:00:00.000Z,2022-04-01T08:00:00.000Z,40598,45017.5,12981.765895,14098.224999,0.319764,0.127905,1413.195585,268.541753,-565.278234,1116.459104,8.60021,12.954612
BTC,14d,otm10,h40,0.4,40,14d_otm10_h40,batch_years_btc_14d_otm10_2020_2026,58,2022,2022-04-01T08:00:00.000Z,2022-04-15T08:00:00.000Z,45017.5,40233,14098.224999,13361.33144,0.313172,0.125269,-1498.371911,162.129587,599.348764,-736.893559,-5.226853,-9.478089
BTC,14d,otm10,h40,0.4,40,14d_otm10_h40,batch_years_btc_14d_otm10_2020_2026,59,2022,2022-04-15T08:00:00.000Z,2022-04-29T08:00:00.000Z,40233,39629,13361.33144,13367.91148,0.332099,0.13284,-200.587682,126.932649,80.235073,6.58004,0.049247,-0.551255
BTC,14d,otm10,h40,0.4,40,14d_otm10_h40,batch_years_btc_14d_otm10_2020_2026,60,2022,2022-04-29T08:00:00.000Z,2022-05-13T08:00:00.000Z,39629,30117.5,13367.91148,11543.082269,0.337326,0.134931,-3208.480911,100.259336,1283.392365,-1824.829211,-13.650818,-23.251363
BTC,14d,otm10,h40,0.4,40,14d_otm10_h40,batch_years_btc_14d_otm10_2020_2026,61,2022,2022-05-13T08:00:00.000Z,2022-05-27T08:00:00.000Z,30117.5,28958,11543.082269,11536.161881,0.383268,0.153307,-444.399565,259.719351,177.759826,-6.920388,-0.059953,-1.599921
BTC,14d,otm10,h40,0.4,40,14d_otm10_h40,batch_years_btc_14d_otm10_2020_2026,62,2022,2022-05-27T08:00:00.000Z,2022-06-10T08:00:00.000Z,28958,30054,11536.161881,11971.176133,0.398376,0.15935,436.619705,173.042428,-174.647882,435.014251,3.770875,5.284792
BTC,14d,otm10,h40,0.4,40,14d_otm10_h40,batch_years_btc_14d_otm10_2020_2026,63,2022,2022-07-08T08:00:00.000Z,2022-07-22T08:00:00.000Z,21796.5,23142,11971.176133,12653.988754,0.549225,0.21969,738.981831,239.423523,-295.592733,682.812621,5.703806,8.173009
BTC,14d,otm10,h40,0.4,40,14d_otm10_h40,batch_years_btc_14d_otm10_2020_2026,64,2022,2022-07-22T08:00:00.000Z,2022-08-05T08:00:00.000Z,23142,23191.5,12653.988754,13059.1539,0.546798,0.218719,27.066478,388.925259,-10.826591,405.165146,3.201877,3.287436
BTC,14d,otm10,h40,0.4,40,14d_otm10_h40,batch_years_btc_14d_otm10_2020_2026,65,2022,2022-08-05T08:00:00.000Z,2022-08-19T08:00:00.000Z,23191.5,21895.5,13059.1539,12791.055662,0.563101,0.22524,-729.778732,169.769001,291.911493,-268.098238,-2.052953,-4.288254
BTC,14d,otm10,h40,0.4,40,14d_otm10_h40,batch_years_btc_14d_otm10_2020_2026,66,2022,2022-08-19T08:00:00.000Z,2022-09-02T08:00:00.000Z,21895.5,20120,12791.055662,12300.933131,0.584187,0.233675,-1037.223143,132.211355,414.889257,-490.122531,-3.83176,-7.075349
BTC,14d,otm10,h40,0.4,40,14d_otm10_h40,batch_years_btc_14d_otm10_2020_2026,67,2022,2022-09-02T08:00:00.000Z,2022-09-16T08:00:00.000Z,20120,19734.5,12300.933131,12344.035307,0.611378,0.244551,-235.686368,184.513997,94.274547,43.102176,0.350398,-0.416004
BTC,14d,otm10,h40,0.4,40,14d_otm10_h40,batch_years_btc_14d_otm10_2020_2026,68,2022,2022-09-16T08:00:00.000Z,2022-09-30T08:00:00.000Z,19734.5,19564,12344.035307,12465.20664,0.625505,0.250202,-106.648662,185.16053,42.659465,121.171332,0.981618,0.636031
BTC,14d,otm10,h40,0.4,40,14d_otm10_h40,batch_years_btc_14d_otm10_2020_2026,69,2022,2022-09-30T08:00:00.000Z,2022-10-14T08:00:00.000Z,19564,19643.5,12465.20664,12632.715978,0.63715,0.25486,50.653441,137.117273,-20.261377,167.509338,1.343815,1.506359
BTC,14d,otm10,h40,0.4,40,14d_otm10_h40,batch_years_btc_14d_otm10_2020_2026,70,2022,2022-10-14T08:00:00.000Z,2022-10-28T08:00:00.000Z,19643.5,20092,12632.715978,12900.519299,0.643099,0.25724,288.429919,94.74537,-115.371968,267.803321,2.119919,3.033198
BTC,14d,otm10,h40,0.4,40,14d_otm10_h40,batch_years_btc_14d_otm10_2020_2026,71,2022,2022-10-28T08:00:00.000Z,2022-11-11T08:00:00.000Z,20092,17276,12900.519299,11957.57943,0.642072,0.256829,-1808.075968,141.905712,723.230387,-942.939868,-7.309317,-12.915529
BTC,14d,otm10,h40,0.4,40,14d_otm10_h40,batch_years_btc_14d_otm10_2020_2026,72,2022,2022-11-11T08:00:00.000Z,2022-11-25T08:00:00.000Z,17276,16456,11957.57943,11838.256963,0.69215,0.27686,-567.562812,221.215219,227.025125,-119.322467,-0.997881,-2.896469
BTC,14d,otm10,h40,0.4,40,14d_otm10_h40,batch_years_btc_14d_otm10_2020_2026,73,2022,2022-11-25T08:00:00.000Z,2022-12-09T08:00:00.000Z,16456,17203.5,11838.256963,12364.688169,0.719388,0.287755,537.742895,203.785469,-215.097158,526.431206,4.446864,6.263831
BTC,14d,otm10,h40,0.4,40,14d_otm10_h40,batch_years_btc_14d_otm10_2020_2026,74,2022,2022-12-09T08:00:00.000Z,2022-12-23T08:00:00.000Z,17203.5,16846,12364.688169,12278.526162,0.718731,0.287492,-256.94632,68.005785,102.778528,-86.162007,-0.696839,-1.528066
BTC,14d,otm10,h40,0.4,40,14d_otm10_h40,batch_years_btc_14d_otm10_2020_2026,75,2023,2023-01-06T08:00:00.000Z,2023-01-20T08:00:00.000Z,16783,20950,12278.526162,11991.813834,0.731605,0.292642,3048.597898,-2115.871067,-1219.439159,-286.712329,-2.335071,7.63458
BTC,14d,otm10,h40,0.4,40,14d_otm10_h40,batch_years_btc_14d_otm10_2020_2026,76,2023,2023-01-20T08:00:00.000Z,2023-02-03T08:00:00.000Z,20950,23449.5,11991.813834,12725.2578,0.572402,0.228961,1430.717837,-124.986735,-572.287135,733.443967,6.116205,10.88852
BTC,14d,otm10,h40,0.4,40,14d_otm10_h40,batch_years_btc_14d_otm10_2020_2026,77,2023,2023-02-03T08:00:00.000Z,2023-02-17T08:00:00.000Z,23449.5,23646.5,12725.2578,12942.104073,0.542666,0.217067,106.905298,152.703094,-42.762119,216.846272,1.704062,2.040103
BTC,14d,otm10,h40,0.4,40,14d_otm10_h40,batch_years_btc_14d_otm10_2020_2026,78,2023,2023-02-17T08:00:00.000Z,2023-03-03T08:00:00.000Z,23646.5,22350.5,12942.104073,12600.702384,0.547316,0.218926,-709.321332,84.19111,283.728533,-341.401689,-2.637915,-4.830205
BTC,14d,otm10,h40,0.4,40,14d_otm10_h40,batch_years_btc_14d_otm10_2020_2026,79,2023,2023-03-03T08:00:00.000Z,2023-03-17T08:00:00.000Z,22350.5,26178,12600.702384,13360.484343,0.563777,0.225511,2157.857246,-534.932388,-863.142898,759.781959,6.029679,12.879638
BTC,14d,otm10,h40,0.4,40,14d_otm10_h40,batch_years_btc_14d_otm10_2020_2026,80,2023,2023-03-17T08:00:00.000Z,2023-03-31T08:00:00.000Z,26178,27737,13360.484343,14071.693577,0.510371,0.204148,795.667931,233.808476,-318.267172,711.209234,5.323229,7.705382
BTC,14d,otm10,h40,0.4,40,14d_otm10_h40,batch_years_btc_14d_otm10_2020_2026,81,2023,2023-03-31T08:00:00.000Z,2023-04-14T08:00:00.000Z,27737,30773,14071.693577,15164.698437,0.507326,0.20293,1540.240895,168.860323,-616.096358,1093.00486,7.767401,12.145668
BTC,14d,otm10,h40,0.4,40,14d_otm10_h40,batch_years_btc_14d_otm10_2020_2026,82,2023,2023-04-14T08:00:00.000Z,2023-04-28T08:00:00.000Z,30773,29505,15164.698437,14964.176063,0.492792,0.197117,-624.860677,174.394032,249.944271,-200.522374,-1.322297,-2.970495
BTC,14d,otm10,h40,0.4,40,14d_otm10_h40,batch_years_btc_14d_otm10_2020_2026,83,2023,2023-04-28T08:00:00.000Z,2023-05-12T08:00:00.000Z,29505,26298,14964.176063,14175.323584,0.507174,0.20287,-1626.5078,187.052201,650.60312,-788.852479,-5.271607,-9.619344
BTC,14d,otm10,h40,0.4,40,14d_otm10_h40,batch_years_btc_14d_otm10_2020_2026,84,2023,2023-05-12T08:00:00.000Z,2023-05-26T08:00:00.000Z,26298,26517,14175.323584,14359.554278,0.539027,0.215611,118.046843,113.402589,-47.218737,184.230694,1.299658,1.632763
BTC,14d,otm10,h40,0.4,40,14d_otm10_h40,batch_years_btc_14d_otm10_2020_2026,85,2023,2023-05-26T08:00:00.000Z,2023-06-09T08:00:00.000Z,26517,26509.5,14359.554278,14407.788904,0.541523,0.216609,-4.061419,50.671477,1.624568,48.234626,0.335906,0.324593
BTC,14d,otm10,h40,0.4,40,14d_otm10_h40,batch_years_btc_14d_otm10_2020_2026,86,2023,2023-06-09T08:00:00.000Z,2023-06-23T08:00:00.000Z,26509.5,29937,14407.788904,15069.003938,0.543495,0.217398,1862.830173,-456.483069,-745.132069,661.215035,4.589289,9.76102
BTC,14d,otm10,h40,0.4,40,14d_otm10_h40,batch_years_btc_14d_otm10_2020_2026,87,2023,2023-06-23T08:00:00.000Z,2023-07-07T08:00:00.000Z,29937,30018,15069.003938,15188.771341,0.503357,0.201343,40.771932,95.304244,-16.308773,119.767403,0.794793,0.90302
BTC,14d,otm10,h40,0.4,40,14d_otm10_h40,batch_years_btc_14d_otm10_2020_2026,88,2023,2023-07-07T08:00:00.000Z,2023-07-21T08:00:00.000Z,30018,29772.5,15188.771341,15228.154978,0.505989,0.202396,-124.220247,113.915785,49.688099,39.383637,0.259294,-0.067843
BTC,14d,otm10,h40,0.4,40,14d_otm10_h40,batch_years_btc_14d_otm10_2020_2026,89,2023,2023-07-21T08:00:00.000Z,2023-08-04T08:00:00.000Z,29772.5,29199,15228.154978,15071.050737,0.511484,0.204594,-293.336028,18.897376,117.334411,-157.104241,-1.03167,-1.802179
BTC,14d,otm10,h40,0.4,40,14d_otm10_h40,batch_years_btc_14d_otm10_2020_2026,90,2023,2023-08-04T08:00:00.000Z,2023-08-18T08:00:00.000Z,29199,26404.5,15071.050737,14262.892778,0.51615,0.20646,-1442.37992,57.269993,576.951968,-808.157959,-5.36232,-9.190533
BTC,14d,otm10,h40,0.4,40,14d_otm10_h40,batch_years_btc_14d_otm10_2020_2026,91,2023,2023-08-18T08:00:00.000Z,2023-09-01T08:00:00.000Z,26404.5,25975,14262.892778,14280.126211,0.540169,0.216068,-232.002592,156.434988,92.801037,17.233433,0.120827,-0.52982
BTC,14d,otm10,h40,0.4,40,14d_otm10_h40,batch_years_btc_14d_otm10_2020_2026,92,2023,2023-09-01T08:00:00.000Z,2023-09-15T08:00:00.000Z,25975,26578,14280.126211,14506.163154,0.549764,0.219906,331.507839,27.13224,-132.603135,226.036943,1.582878,2.511463
BTC,14d,otm10,h40,0.4,40,14d_otm10_h40,batch_years_btc_14d_otm10_2020_2026,93,2023,2023-09-15T08:00:00.000Z,2023-09-29T08:00:00.000Z,26578,27172.5,14506.163154,14764.675666,0.545796,0.218318,324.475656,63.827118,-129.790263,258.512512,1.782087,2.676812
BTC,14d,otm10,h40,0.4,40,14d_otm10_h40,batch_years_btc_14d_otm10_2020_2026,94,2023,2023-09-29T08:00:00.000Z,2023-10-13T08:00:00.000Z,27172.5,26873,14764.675666,14706.897003,0.543368,0.217347,-162.738812,39.864624,65.095525,-57.778663,-0.39133,-0.832217
BTC,14d,otm10,h40,0.4,40,14d_otm10_h40,batch_years_btc_14d_otm10_2020_2026,95,2023,2023-10-13T08:00:00.000Z,2023-10-27T08:00:00.000Z,26873,33970,14706.897003,14856.752966,0.547274,0.21891,3884.004318,-2180.546627,-1553.601727,149.855963,1.01895,11.582713
BTC,14d,otm10,h40,0.4,40,14d_otm10_h40,batch_years_btc_14d_otm10_2020_2026,96,2023,2023-10-27T08:00:00.000Z,2023-11-10T08:00:00.000Z,33970,36465.5,14856.752966,15689.876987,0.437349,0.17494,1091.404976,178.281036,-436.56199,833.124021,5.607713,8.546188
BTC,14d,otm10,h40,0.4,40,14d_otm10_h40,batch_years_btc_14d_otm10_2020_2026,97,2023,2023-11-10T08:00:00.000Z,2023-11-24T08:00:00.000Z,36465.5,37562,15689.876987,16239.677117,0.430266,0.172107,471.787035,266.727909,-188.714814,549.80013,3.504171,4.706952
BTC,14d,otm10,h40,0.4,40,14d_otm10_h40,batch_years_btc_14d_otm10_2020_2026,98,2023,2023-11-24T08:00:00.000Z,2023-12-08T08:00:00.000Z,37562,43194.5,16239.677117,16868.336375,0.432343,0.172937,2435.17335,-832.444752,-974.06934,628.659258,3.871132,9.869215
BTC,14d,otm10,h40,0.4,40,14d_otm10_h40,batch_years_btc_14d_otm10_2020_2026,99,2023,2023-12-08T08:00:00.000Z,2023-12-22T08:00:00.000Z,43194.5,43615.5,16868.336375,17101.928536,0.39052,0.156208,164.409117,134.946691,-65.763647,233.592161,1.384797,1.774661
BTC,14d,otm10,h40,0.4,40,14d_otm10_h40,batch_years_btc_14d_otm10_2020_2026,100,2024,2024-01-05T08:00:00.000Z,2024-01-19T08:00:00.000Z,43847.5,41231,17101.928536,16925.716462,0.390032,0.156013,-1020.518753,436.099178,408.207501,-176.212074,-1.030364,-3.506694
BTC,14d,otm10,h40,0.4,40,14d_otm10_h40,batch_years_btc_14d_otm10_2020_2026,101,2024,2024-01-19T08:00:00.000Z,2024-02-02T08:00:00.000Z,41231,43082,16925.716462,17722.86132,0.410509,0.164204,759.853052,341.233027,-303.941221,797.144858,4.709667,6.505403
BTC,14d,otm10,h40,0.4,40,14d_otm10_h40,batch_years_btc_14d_otm10_2020_2026,102,2024,2024-02-02T08:00:00.000Z,2024-02-16T08:00:00.000Z,43082,51810,17722.86132,18367.181246,0.411375,0.16455,3590.481723,-1509.969108,-1436.192689,644.319926,3.63553,11.739146
BTC,14d,otm10,h40,0.4,40,14d_otm10_h40,batch_years_btc_14d_otm10_2020_2026,103,2024,2024-02-16T08:00:00.000Z,2024-03-01T08:00:00.000Z,51810,61473.5,18367.181246,18907.299977,0.35451,0.141804,3425.81077,-1515.36773,-1370.324308,540.118731,2.940673,10.401395
BTC,14d,otm10,h40,0.4,40,14d_otm10_h40,batch_years_btc_14d_otm10_2020_2026,104,2024,2024-03-01T08:00:00.000Z,2024-03-15T08:00:00.000Z,61473.5,68388.5,18907.299977,20343.579202,0.307568,0.123027,2126.834804,160.178342,-850.733922,1436.279225,7.596427,12.095927
BTC,14d,otm10,h40,0.4,40,14d_otm10_h40,batch_years_btc_14d_otm10_2020_2026,105,2024,2024-03-15T08:00:00.000Z,2024-03-29T08:00:00.000Z,68388.5,69789,20343.579202,21081.789784,0.297471,0.118988,416.607802,488.245901,-166.643121,738.210582,3.628715,4.447859
BTC,14d,otm10,h40,0.4,40,14d_otm10_h40,batch_years_btc_14d_otm10_2020_2026,106,2024,2024-03-29T08:00:00.000Z,2024-04-12T08:00:00.000Z,69789,70778.5,21081.789784,21746.015238,0.302079,0.120832,298.907149,484.881165,-119.562859,664.225454,3.150707,3.717845
BTC,14d,otm10,h40,0.4,40,14d_otm10_h40,batch_years_btc_14d_otm10_2020_2026,107,2024,2024-04-12T08:00:00.000Z,2024-04-26T08:00:00.000Z,70778.5,64301.5,21746.015238,20932.57283,0.30724,0.122896,-1989.996125,380.555267,795.99845,-813.442408,-3.74065,-7.401084
BTC,14d,otm10,h40,0.4,40,14d_otm10_h40,batch_years_btc_14d_otm10_2020_2026,108,2024,2024-04-26T08:00:00.000Z,2024-05-10T08:00:00.000Z,64301.5,63064,20932.57283,20889.72041,0.325538,0.130215,-402.853104,198.859442,161.141242,-42.852421,-0.204716,-0.974527
BTC,14d,otm10,h40,0.4,40,14d_otm10_h40,batch_years_btc_14d_otm10_2020_2026,109,2024,2024-05-10T08:00:00.000Z,2024-05-24T08:00:00.000Z,63064,67139.5,20889.72041,21887.724616,0.331246,0.132499,1349.994538,188.007484,-539.997815,998.004206,4.77749,7.362483
BTC,14d,otm10,h40,0.4,40,14d_otm10_h40,batch_years_btc_14d_otm10_2020_2026,110,2024,2024-05-24T08:00:00.000Z,2024-06-07T08:00:00.000Z,67139.5,71090.5,21887.724616,22800.540032,0.326004,0.130401,1288.040572,139.991073,-515.216229,912.815416,4.170445,6.524349
BTC,14d,otm10,h40,0.4,40,14d_otm10_h40,batch_years_btc_14d_otm10_2020_2026,111,2024,2024-06-07T08:00:00.000Z,2024-06-21T08:00:00.000Z,71090.5,64147,22800.540032,21680.97043,0.320726,0.12829,-2226.957888,216.60513,890.783155,-1119.569602,-4.910277,-8.817128
BTC,14d,otm10,h40,0.4,40,14d_otm10_h40,batch_years_btc_14d_otm10_2020_2026,112,2024,2024-06-21T08:00:00.000Z,2024-07-05T08:00:00.000Z,64147,54349.5,21680.97043,19769.817184,0.337989,0.135196,-3311.445707,75.714179,1324.578283,-1911.153246,-8.814888,-14.924293
BTC,14d,otm10,h40,0.4,40,14d_otm10_h40,batch_years_btc_14d_otm10_2020_2026,113,2024,2024-07-05T08:00:00.000Z,2024-07-19T08:00:00.000Z,54349.5,63746.5,19769.817184,20634.52466,0.363753,0.145501,3418.191006,-1186.207128,-1367.276402,864.707476,4.373877,11.289856
BTC,14d,otm10,h40,0.4,40,14d_otm10_h40,batch_years_btc_14d_otm10_2020_2026,114,2024,2024-07-19T08:00:00.000Z,2024-08-02T08:00:00.000Z,63746.5,64096,20634.52466,20956.499935,0.323697,0.129479,113.131958,254.0961,-45.252783,321.975275,1.560372,1.779678
BTC,14d,otm10,h40,0.4,40,14d_otm10_h40,batch_years_btc_14d_otm10_2020_2026,115,2024,2024-08-02T08:00:00.000Z,2024-08-16T08:00:00.000Z,64096,58485,20956.499935,20002.469138,0.326955,0.130782,-1834.543827,146.6955,733.817531,-954.030797,-4.552434,-8.054056
BTC,14d,otm10,h40,0.4,40,14d_otm10_h40,batch_years_btc_14d_otm10_2020_2026,116,2024,2024-08-16T08:00:00.000Z,2024-08-30T08:00:00.000Z,58485,59300.5,20002.469138,20389.841911,0.34201,0.136804,278.909354,220.027161,-111.563742,387.372773,1.936625,2.494375
BTC,14d,otm10,h40,0.4,40,14d_otm10_h40,batch_years_btc_14d_otm10_2020_2026,117,2024,2024-08-30T08:00:00.000Z,2024-09-13T08:00:00.000Z,59300.5,58100,20389.841911,20315.488126,0.343839,0.137536,-412.77907,173.313656,165.111628,-74.353785,-0.364661,-1.174435
BTC,14d,otm10,h40,0.4,40,14d_otm10_h40,batch_years_btc_14d_otm10_2020_2026,118,2024,2024-09-13T08:00:00.000Z,2024-09-27T08:00:00.000Z,58100,65483.5,20315.488126,21526.47654,0.349664,0.139866,2581.74538,-338.058814,-1032.698152,1210.988414,5.960912,11.044217
BTC,14d,otm10,h40,0.4,40,14d_otm10_h40,batch_years_btc_14d_otm10_2020_2026,119,2024,2024-09-27T08:00:00.000Z,2024-10-11T08:00:00.000Z,65483.5,60617.5,21526.47654,20760.450905,0.328731,0.131493,-1599.60654,193.738289,639.842616,-766.025635,-3.558528,-6.53088
BTC,14d,otm10,h40,0.4,40,14d_otm10_h40,batch_years_btc_14d_otm10_2020_2026,120,2024,2024-10-11T08:00:00.000Z,2024-10-25T08:00:00.000Z,60617.5,67480,20760.450905,22174.728047,0.342483,0.136993,2350.28819,4.104228,-940.115276,1414.277142,6.812362,11.340758
BTC,14d,otm10,h40,0.4,40,14d_otm10_h40,batch_years_btc_14d_otm10_2020_2026,121,2024,2024-10-25T08:00:00.000Z,2024-11-08T08:00:00.000Z,67480,76395,22174.728047,23296.233562,0.328612,0.131445,2929.574697,-636.239303,-1171.829879,1121.505515,5.057584,10.342113
BTC,14d,otm10,h40,0.4,40,14d_otm10_h40,batch_years_btc_14d_otm10_2020_2026,122,2024,2024-11-08T08:00:00.000Z,2024-11-22T08:00:00.000Z,76395,99466,23296.233562,23030.953973,0.304944,0.121978,7035.374102,-4486.50405,-2814.149641,-265.279589,-1.138723,10.941125
BTC,14d,otm10,h40,0.4,40,14d_otm10_h40,batch_years_btc_14d_otm10_2020_2026,123,2024,2024-11-22T08:00:00.000Z,2024-12-06T08:00:00.000Z,99466,98239.5,23030.953973,23276.802645,0.231546,0.092618,-283.991163,416.24337,113.596465,245.848672,1.067471,0.574237
BTC,14d,otm10,h40,0.4,40,14d_otm10_h40,batch_years_btc_14d_otm10_2020_2026,124,2024,2024-12-06T08:00:00.000Z,2024-12-20T08:00:00.000Z,98239.5,97672,23276.802645,23545.276838,0.236939,0.094776,-134.463077,349.15204,53.785231,268.474193,1.153398,0.92233
BTC,14d,otm10,h40,0.4,40,14d_otm10_h40,batch_years_btc_14d_otm10_2020_2026,125,2025,2025-01-03T08:00:00.000Z,2025-01-17T08:00:00.000Z,96289,101523.5,23545.276838,24607.579287,0.244527,0.097811,1279.97748,294.31596,-511.990992,1062.302449,4.511743,6.770875
BTC,14d,otm10,h40,0.4,40,14d_otm10_h40,batch_years_btc_14d_otm10_2020_2026,126,2025,2025-01-17T08:00:00.000Z,2025-01-31T08:00:00.000Z,101523.5,104204.5,24607.579287,25403.501778,0.242383,0.096953,649.829055,406.025058,-259.931622,795.922491,3.234461,4.290768
BTC,14d,otm10,h40,0.4,40,14d_otm10_h40,batch_years_btc_14d_otm10_2020_2026,127,2025,2025-01-31T08:00:00.000Z,2025-02-14T08:00:00.000Z,104204.5,96964,25403.501778,24687.373554,0.243785,0.097514,-1765.125831,342.947274,706.050332,-716.128224,-2.819014,-5.598356
BTC,14d,otm10,h40,0.4,40,14d_otm10_h40,batch_years_btc_14d_otm10_2020_2026,128,2025,2025-02-14T08:00:00.000Z,2025-02-28T08:00:00.000Z,96964,79124,24687.373554,22196.627763,0.254603,0.101841,-4542.126399,234.530049,1816.85056,-2490.745791,-10.089149,-17.448581
BTC,14d,otm10,h40,0.4,40,14d_otm10_h40,batch_years_btc_14d_otm10_2020_2026,129,2025,2025-02-28T08:00:00.000Z,2025-03-14T08:00:00.000Z,79124,82179,22196.627763,22977.198138,0.28053,0.112212,857.018071,266.359533,-342.807228,780.570375,3.516617,5.061028
BTC,14d,otm10,h40,0.4,40,14d_otm10_h40,batch_years_btc_14d_otm10_2020_2026,130,2025,2025-03-14T08:00:00.000Z,2025-03-28T08:00:00.000Z,82179,85150,22977.198138,23728.361188,0.279599,0.11184,830.689783,252.74918,-332.275913,751.163049,3.269167,4.715279
BTC,14d,otm10,h40,0.4,40,14d_otm10_h40,batch_years_btc_14d_otm10_2020_2026,131,2025,2025-03-28T08:00:00.000Z,2025-04-11T08:00:00.000Z,85150,81217,23728.361188,23272.457581,0.278665,0.111466,-1095.991128,201.69107,438.396451,-455.903607,-1.921345,-3.768908
BTC,14d,otm10,h40,0.4,40,14d_otm10_h40,batch_years_btc_14d_otm10_2020_2026,132,2025,2025-04-11T08:00:00.000Z,2025-04-25T08:00:00.000Z,81217,93805.5,23272.457581,24340.596962,0.286547,0.114619,3607.192241,-1096.175963,-1442.876896,1068.139381,4.589715,10.789648
BTC,14d,otm10,h40,0.4,40,14d_otm10_h40,batch_years_btc_14d_otm10_2020_2026,133,2025,2025-04-25T08:00:00.000Z,2025-05-09T08:00:00.000Z,93805.5,103643,24340.596962,25799.315638,0.259479,0.103792,2552.628818,-72.858616,-1021.051527,1458.718675,5.992945,10.187795
BTC,14d,otm10,h40,0.4,40,14d_otm10_h40,batch_years_btc_14d_otm10_2020_2026,134,2025,2025-05-09T08:00:00.000Z,2025-05-23T08:00:00.000Z,103643,110744.5,25799.315638,27027.654976,0.248925,0.09957,1767.739645,167.695552,-707.095858,1228.339338,4.761131,7.501886
BTC,14d,otm10,h40,0.4,40,14d_otm10_h40,batch_years_btc_14d_otm10_2020_2026,135,2025,2025-05-23T08:00:00.000Z,2025-06-06T08:00:00.000Z,110744.5,103189,27027.654976,26025.970296,0.244054,0.097622,-1843.951141,104.686004,737.580457,-1001.68468,-3.706147,-6.435131
BTC,14d,otm10,h40,0.4,40,14d_otm10_h40,batch_years_btc_14d_otm10_2020_2026,136,2025,2025-06-06T08:00:00.000Z,2025-06-20T08:00:00.000Z,103189,105827.5,26025.970296,26542.371132,0.252217,0.100887,665.473283,117.116866,-266.189313,516.400836,1.984175,3.006959
BTC,14d,otm10,h40,0.4,40,14d_otm10_h40,batch_years_btc_14d_otm10_2020_2026,137,2025,2025-06-20T08:00:00.000Z,2025-07-04T08:00:00.000Z,105827.5,108773,26542.371132,27031.42315,0.250808,0.100323,738.754616,45.799248,-295.501847,489.052018,1.842533,2.955854
BTC,14d,otm10,h40,0.4,40,14d_otm10_h40,batch_years_btc_14d_otm10_2020_2026,138,2025,2025-07-04T08:00:00.000Z,2025-07-18T08:00:00.000Z,108773,119520,27031.42315,28728.489832,0.248512,0.099405,2670.761169,94.609981,-1068.304467,1697.066682,6.278126,10.230209
BTC,14d,otm10,h40,0.4,40,14d_otm10_h40,batch_years_btc_14d_otm10_2020_2026,139,2025,2025-07-18T08:00:00.000Z,2025-08-01T08:00:00.000Z,119520,115063.5,28728.489832,28152.670235,0.240366,0.096146,-1071.189047,66.893831,428.475619,-575.819597,-2.00435,-3.495816
BTC,14d,otm10,h40,0.4,40,14d_otm10_h40,batch_years_btc_14d_otm10_2020_2026,140,2025,2025-08-01T08:00:00.000Z,2025-08-15T08:00:00.000Z,115063.5,119082,28152.670235,28824.238569,0.244671,0.097868,983.209318,81.642744,-393.283727,671.568334,2.385452,3.782419
BTC,14d,otm10,h40,0.4,40,14d_otm10_h40,batch_years_btc_14d_otm10_2020_2026,141,2025,2025-08-15T08:00:00.000Z,2025-08-29T08:00:00.000Z,119082,109990,28824.238569,27601.789642,0.242054,0.096821,-2200.75223,98.002411,880.300892,-1222.448927,-4.241045,-7.295075
BTC,14d,otm10,h40,0.4,40,14d_otm10_h40,batch_years_btc_14d_otm10_2020_2026,142,2025,2025-08-29T08:00:00.000Z,2025-09-12T08:00:00.000Z,109990,115201,27601.789642,28485.770646,0.250948,0.100379,1307.690934,99.366443,-523.076374,883.981003,3.202622,5.097703
BTC,14d,otm10,h40,0.4,40,14d_otm10_h40,batch_years_btc_14d_otm10_2020_2026,143,2025,2025-09-12T08:00:00.000Z,2025-09-26T08:00:00.000Z,115201,109350,28485.770646,27703.161305,0.24727,0.098908,-1446.777754,85.457312,578.711102,-782.609341,-2.747369,-4.778949
BTC,14d,otm10,h40,0.4,40,14d_otm10_h40,batch_years_btc_14d_otm10_2020_2026,144,2025,2025-09-26T08:00:00.000Z,2025-10-10T08:00:00.000Z,109350,120949,27703.161305,29250.505102,0.253344,0.101338,2938.536516,-215.778112,-1175.414606,1547.343797,5.585441,9.828331
BTC,14d,otm10,h40,0.4,40,14d_otm10_h40,batch_years_btc_14d_otm10_2020_2026,145,2025,2025-10-10T08:00:00.000Z,2025-10-24T08:00:00.000Z,120949,111138,29250.505102,27932.181894,0.241842,0.096737,-2372.708378,105.301818,949.083351,-1318.323208,-4.50701,-7.751683
BTC,14d,otm10,h40,0.4,40,14d_otm10_h40,batch_years_btc_14d_otm10_2020_2026,146,2025,2025-10-24T08:00:00.000Z,2025-11-07T08:00:00.000Z,111138,101931,27932.181894,27104.704873,0.251329,0.100532,-2313.984404,560.913621,925.593762,-827.477022,-2.96245,-6.276168
BTC,14d,otm10,h40,0.4,40,14d_otm10_h40,batch_years_btc_14d_otm10_2020_2026,147,2025,2025-11-07T08:00:00.000Z,2025-11-21T08:00:00.000Z,101931,83841.5,27104.704873,24354.096256,0.265912,0.106365,-4810.220235,135.523524,1924.088094,-2750.608617,-10.148085,-17.246809
BTC,14d,otm10,h40,0.4,40,14d_otm10_h40,batch_years_btc_14d_otm10_2020_2026,148,2025,2025-11-21T08:00:00.000Z,2025-12-05T08:00:00.000Z,83841.5,92219.5,24354.096256,26038.695349,0.290478,0.116191,2433.623187,224.425181,-973.449275,1684.599093,6.917108,10.914174
BTC,14d,otm10,h40,0.4,40,14d_otm10_h40,batch_years_btc_14d_otm10_2020_2026,149,2025,2025-12-05T08:00:00.000Z,2025-12-19T08:00:00.000Z,92219.5,87926,26038.695349,25532.647912,0.282356,0.112942,-1212.293913,221.32891,484.917565,-506.047437,-1.943444,-3.80574
BTC,14d,otm10,h40,0.4,40,14d_otm10_h40,batch_years_btc_14d_otm10_2020_2026,150,2026,2026-01-02T08:00:00.000Z,2026-01-16T08:00:00.000Z,88798,95656.5,25532.647912,26907.383378,0.287536,0.115015,1972.067678,191.494859,-788.827071,1374.735466,5.384226,8.537743
BTC,14d,otm10,h40,0.4,40,14d_otm10_h40,batch_years_btc_14d_otm10_2020_2026,151,2026,2026-01-16T08:00:00.000Z,2026-01-30T08:00:00.000Z,95656.5,82627.5,26907.383378,24816.042859,0.281292,0.112517,-3664.950087,107.629534,1465.980035,-2091.340519,-7.772367,-13.220611
BTC,14d,otm10,h40,0.4,40,14d_otm10_h40,batch_years_btc_14d_otm10_2020_2026,152,2026,2026-01-30T08:00:00.000Z,2026-02-13T08:00:00.000Z,82627.5,66140.5,24816.042859,21956.727679,0.300336,0.120135,-4951.645622,111.672193,1980.658249,-2859.31518,-11.522043,-19.503405
BTC,14d,otm10,h40,0.4,40,14d_otm10_h40,batch_years_btc_14d_otm10_2020_2026,153,2026,2026-02-13T08:00:00.000Z,2026-02-27T08:00:00.000Z,66140.5,67649,21956.727679,22432.848449,0.331971,0.132788,500.778248,175.653821,-200.311299,476.12077,2.16845,3.080751
BTC,14d,otm10,h40,0.4,40,14d_otm10_h40,batch_years_btc_14d_otm10_2020_2026,154,2026,2026-02-27T08:00:00.000Z,2026-03-13T08:00:00.000Z,67649,71660.5,22432.848449,23410.454933,0.331607,0.132643,1330.239494,179.462788,-532.095798,977.606484,4.357924,6.729873
BTC,14d,otm10,h40,0.4,40,14d_otm10_h40,batch_years_btc_14d_otm10_2020_2026,155,2026,2026-03-13T08:00:00.000Z,2026-03-27T08:00:00.000Z,71660.5,68521,23410.454933,23064.297461,0.326686,0.130674,-1025.629507,269.220232,410.251803,-346.157472,-1.478645,-3.231075
BTC,14d,otm10,h40,0.4,40,14d_otm10_h40,batch_years_btc_14d_otm10_2020_2026,156,2026,2026-03-27T08:00:00.000Z,2026-04-10T08:00:00.000Z,68521,71480.5,23064.297461,23811.919354,0.336602,0.134641,996.173266,149.917933,-398.469306,747.621893,3.241468,4.969114
BTC,14d,otm10,h40,0.4,40,14d_otm10_h40,batch_years_btc_14d_otm10_2020_2026,157,2026,2026-04-10T08:00:00.000Z,2026-04-24T08:00:00.000Z,71480.5,77693,23811.919354,25156.032886,0.333125,0.13325,2069.537132,102.391253,-827.814853,1344.113533,5.644709,9.121182
BTC,14d,otm10,h40,0.4,40,14d_otm10_h40,batch_years_btc_14d_otm10_2020_2026,158,2026,2026-04-24T08:00:00.000Z,2026-05-08T08:00:00.000Z,77693,79684,25156.032886,25665.290917,0.323788,0.129515,644.661185,122.46132,-257.864474,509.258031,2.024397,3.049457
