date,snapshot_time_utc,instrument_name,cycle,entry_date,exit_date,expiry,strike,snapshot_found,mark_price_found,mark_price,mark_iv_found,mark_iv,delta_found,delta,gamma_found,gamma,theta_found,theta,vega_found,vega,underlying_price_found,underlying_price,option_trade_candle_found,option_trade_close,recent_trade_found,recent_trade_count,api_timestamp,api_timestamp_iso,timestamp_diff_ms,missing_fields,notes
2025-01-03,08:00,BTC-10JAN25-106000-C,1,2025-01-03T08:00:00.000Z,2025-01-10T08:00:00.000Z,10JAN25,106000,false,false,,false,,false,,false,,false,,false,,true,96083.5,true,0.0028,false,0,,,,mark_price|mark_iv|delta|gamma|theta|vega,"mark_history_error:public/get_mark_price_history HTTP 400 Bad Request Invalid params:{""reason"":""instrument is not active"",""param"":""instrument_name""}|trade_candle_exists_but_mark_history_missing|Deribit public/get_mark_price_history returns mark price only and only for a subset of options used in volatility index calculations.|Deribit public/ticker exposes mark_iv and greeks for current/live instruments, but no official public historical point-in-time IV/Greek snapshot endpoint was found."
2025-01-03,14:00,BTC-10JAN25-106000-C,1,2025-01-03T08:00:00.000Z,2025-01-10T08:00:00.000Z,10JAN25,106000,false,false,,false,,false,,false,,false,,false,,true,96995.5,true,0.0036,false,0,,,,mark_price|mark_iv|delta|gamma|theta|vega,"mark_history_error:public/get_mark_price_history HTTP 400 Bad Request Invalid params:{""reason"":""instrument is not active"",""param"":""instrument_name""}|trade_candle_exists_but_mark_history_missing|Deribit public/get_mark_price_history returns mark price only and only for a subset of options used in volatility index calculations.|Deribit public/ticker exposes mark_iv and greeks for current/live instruments, but no official public historical point-in-time IV/Greek snapshot endpoint was found."
2025-01-03,16:00,BTC-10JAN25-106000-C,1,2025-01-03T08:00:00.000Z,2025-01-10T08:00:00.000Z,10JAN25,106000,false,false,,false,,false,,false,,false,,false,,true,97801,true,0.004,false,0,,,,mark_price|mark_iv|delta|gamma|theta|vega,"mark_history_error:public/get_mark_price_history HTTP 400 Bad Request Invalid params:{""reason"":""instrument is not active"",""param"":""instrument_name""}|trade_candle_exists_but_mark_history_missing|Deribit public/get_mark_price_history returns mark price only and only for a subset of options used in volatility index calculations.|Deribit public/ticker exposes mark_iv and greeks for current/live instruments, but no official public historical point-in-time IV/Greek snapshot endpoint was found."
2025-01-04,08:00,BTC-10JAN25-106000-C,1,2025-01-03T08:00:00.000Z,2025-01-10T08:00:00.000Z,10JAN25,106000,false,false,,false,,false,,false,,false,,false,,true,97923.5,true,0.0031,false,0,,,,mark_price|mark_iv|delta|gamma|theta|vega,"mark_history_error:public/get_mark_price_history HTTP 400 Bad Request Invalid params:{""reason"":""instrument is not active"",""param"":""instrument_name""}|trade_candle_exists_but_mark_history_missing|Deribit public/get_mark_price_history returns mark price only and only for a subset of options used in volatility index calculations.|Deribit public/ticker exposes mark_iv and greeks for current/live instruments, but no official public historical point-in-time IV/Greek snapshot endpoint was found."
2025-01-04,14:00,BTC-10JAN25-106000-C,1,2025-01-03T08:00:00.000Z,2025-01-10T08:00:00.000Z,10JAN25,106000,false,false,,false,,false,,false,,false,,false,,true,98049.5,true,0.0026,false,0,,,,mark_price|mark_iv|delta|gamma|theta|vega,"mark_history_error:public/get_mark_price_history HTTP 400 Bad Request Invalid params:{""reason"":""instrument is not active"",""param"":""instrument_name""}|trade_candle_exists_but_mark_history_missing|Deribit public/get_mark_price_history returns mark price only and only for a subset of options used in volatility index calculations.|Deribit public/ticker exposes mark_iv and greeks for current/live instruments, but no official public historical point-in-time IV/Greek snapshot endpoint was found."
2025-01-04,16:00,BTC-10JAN25-106000-C,1,2025-01-03T08:00:00.000Z,2025-01-10T08:00:00.000Z,10JAN25,106000,false,false,,false,,false,,false,,false,,false,,true,97735.5,true,0.0026,false,0,,,,mark_price|mark_iv|delta|gamma|theta|vega,"mark_history_error:public/get_mark_price_history HTTP 400 Bad Request Invalid params:{""reason"":""instrument is not active"",""param"":""instrument_name""}|trade_candle_exists_but_mark_history_missing|Deribit public/get_mark_price_history returns mark price only and only for a subset of options used in volatility index calculations.|Deribit public/ticker exposes mark_iv and greeks for current/live instruments, but no official public historical point-in-time IV/Greek snapshot endpoint was found."
2025-01-05,08:00,BTC-10JAN25-106000-C,1,2025-01-03T08:00:00.000Z,2025-01-10T08:00:00.000Z,10JAN25,106000,false,false,,false,,false,,false,,false,,false,,true,97856,true,0.0028,false,0,,,,mark_price|mark_iv|delta|gamma|theta|vega,"mark_history_error:public/get_mark_price_history HTTP 400 Bad Request Invalid params:{""reason"":""instrument is not active"",""param"":""instrument_name""}|trade_candle_exists_but_mark_history_missing|Deribit public/get_mark_price_history returns mark price only and only for a subset of options used in volatility index calculations.|Deribit public/ticker exposes mark_iv and greeks for current/live instruments, but no official public historical point-in-time IV/Greek snapshot endpoint was found."
2025-01-05,14:00,BTC-10JAN25-106000-C,1,2025-01-03T08:00:00.000Z,2025-01-10T08:00:00.000Z,10JAN25,106000,false,false,,false,,false,,false,,false,,false,,true,97867,true,0.0028,false,0,,,,mark_price|mark_iv|delta|gamma|theta|vega,"mark_history_error:public/get_mark_price_history HTTP 400 Bad Request Invalid params:{""reason"":""instrument is not active"",""param"":""instrument_name""}|trade_candle_exists_but_mark_history_missing|Deribit public/get_mark_price_history returns mark price only and only for a subset of options used in volatility index calculations.|Deribit public/ticker exposes mark_iv and greeks for current/live instruments, but no official public historical point-in-time IV/Greek snapshot endpoint was found."
2025-01-05,16:00,BTC-10JAN25-106000-C,1,2025-01-03T08:00:00.000Z,2025-01-10T08:00:00.000Z,10JAN25,106000,false,false,,false,,false,,false,,false,,false,,true,98027,true,0.0028,false,0,,,,mark_price|mark_iv|delta|gamma|theta|vega,"mark_history_error:public/get_mark_price_history HTTP 400 Bad Request Invalid params:{""reason"":""instrument is not active"",""param"":""instrument_name""}|trade_candle_exists_but_mark_history_missing|Deribit public/get_mark_price_history returns mark price only and only for a subset of options used in volatility index calculations.|Deribit public/ticker exposes mark_iv and greeks for current/live instruments, but no official public historical point-in-time IV/Greek snapshot endpoint was found."
2025-01-06,08:00,BTC-10JAN25-106000-C,1,2025-01-03T08:00:00.000Z,2025-01-10T08:00:00.000Z,10JAN25,106000,false,false,,false,,false,,false,,false,,false,,true,99050,true,0.004,false,0,,,,mark_price|mark_iv|delta|gamma|theta|vega,"mark_history_error:public/get_mark_price_history HTTP 400 Bad Request Invalid params:{""reason"":""instrument is not active"",""param"":""instrument_name""}|trade_candle_exists_but_mark_history_missing|Deribit public/get_mark_price_history returns mark price only and only for a subset of options used in volatility index calculations.|Deribit public/ticker exposes mark_iv and greeks for current/live instruments, but no official public historical point-in-time IV/Greek snapshot endpoint was found."
2025-01-06,14:00,BTC-10JAN25-106000-C,1,2025-01-03T08:00:00.000Z,2025-01-10T08:00:00.000Z,10JAN25,106000,false,false,,false,,false,,false,,false,,false,,true,100783.5,true,0.006,false,0,,,,mark_price|mark_iv|delta|gamma|theta|vega,"mark_history_error:public/get_mark_price_history HTTP 400 Bad Request Invalid params:{""reason"":""instrument is not active"",""param"":""instrument_name""}|trade_candle_exists_but_mark_history_missing|Deribit public/get_mark_price_history returns mark price only and only for a subset of options used in volatility index calculations.|Deribit public/ticker exposes mark_iv and greeks for current/live instruments, but no official public historical point-in-time IV/Greek snapshot endpoint was found."
2025-01-06,16:00,BTC-10JAN25-106000-C,1,2025-01-03T08:00:00.000Z,2025-01-10T08:00:00.000Z,10JAN25,106000,false,false,,false,,false,,false,,false,,false,,true,102232.5,true,0.0075,false,0,,,,mark_price|mark_iv|delta|gamma|theta|vega,"mark_history_error:public/get_mark_price_history HTTP 400 Bad Request Invalid params:{""reason"":""instrument is not active"",""param"":""instrument_name""}|trade_candle_exists_but_mark_history_missing|Deribit public/get_mark_price_history returns mark price only and only for a subset of options used in volatility index calculations.|Deribit public/ticker exposes mark_iv and greeks for current/live instruments, but no official public historical point-in-time IV/Greek snapshot endpoint was found."
2025-01-07,08:00,BTC-10JAN25-106000-C,1,2025-01-03T08:00:00.000Z,2025-01-10T08:00:00.000Z,10JAN25,106000,false,false,,false,,false,,false,,false,,false,,true,101954,true,0.0044,false,0,,,,mark_price|mark_iv|delta|gamma|theta|vega,"mark_history_error:public/get_mark_price_history HTTP 400 Bad Request Invalid params:{""reason"":""instrument is not active"",""param"":""instrument_name""}|trade_candle_exists_but_mark_history_missing|Deribit public/get_mark_price_history returns mark price only and only for a subset of options used in volatility index calculations.|Deribit public/ticker exposes mark_iv and greeks for current/live instruments, but no official public historical point-in-time IV/Greek snapshot endpoint was found."
2025-01-07,14:00,BTC-10JAN25-106000-C,1,2025-01-03T08:00:00.000Z,2025-01-10T08:00:00.000Z,10JAN25,106000,false,false,,false,,false,,false,,false,,false,,true,100070.5,true,0.0016,false,0,,,,mark_price|mark_iv|delta|gamma|theta|vega,"mark_history_error:public/get_mark_price_history HTTP 400 Bad Request Invalid params:{""reason"":""instrument is not active"",""param"":""instrument_name""}|trade_candle_exists_but_mark_history_missing|Deribit public/get_mark_price_history returns mark price only and only for a subset of options used in volatility index calculations.|Deribit public/ticker exposes mark_iv and greeks for current/live instruments, but no official public historical point-in-time IV/Greek snapshot endpoint was found."
2025-01-07,16:00,BTC-10JAN25-106000-C,1,2025-01-03T08:00:00.000Z,2025-01-10T08:00:00.000Z,10JAN25,106000,false,false,,false,,false,,false,,false,,false,,true,97725.5,true,0.001,false,0,,,,mark_price|mark_iv|delta|gamma|theta|vega,"mark_history_error:public/get_mark_price_history HTTP 400 Bad Request Invalid params:{""reason"":""instrument is not active"",""param"":""instrument_name""}|trade_candle_exists_but_mark_history_missing|Deribit public/get_mark_price_history returns mark price only and only for a subset of options used in volatility index calculations.|Deribit public/ticker exposes mark_iv and greeks for current/live instruments, but no official public historical point-in-time IV/Greek snapshot endpoint was found."
2025-01-08,08:00,BTC-10JAN25-106000-C,1,2025-01-03T08:00:00.000Z,2025-01-10T08:00:00.000Z,10JAN25,106000,false,false,,false,,false,,false,,false,,false,,true,95938,true,0.0002,false,0,,,,mark_price|mark_iv|delta|gamma|theta|vega,"mark_history_error:public/get_mark_price_history HTTP 400 Bad Request Invalid params:{""reason"":""instrument is not active"",""param"":""instrument_name""}|trade_candle_exists_but_mark_history_missing|Deribit public/get_mark_price_history returns mark price only and only for a subset of options used in volatility index calculations.|Deribit public/ticker exposes mark_iv and greeks for current/live instruments, but no official public historical point-in-time IV/Greek snapshot endpoint was found."
2025-01-08,14:00,BTC-10JAN25-106000-C,1,2025-01-03T08:00:00.000Z,2025-01-10T08:00:00.000Z,10JAN25,106000,false,false,,false,,false,,false,,false,,false,,true,95301.5,true,0.0002,false,0,,,,mark_price|mark_iv|delta|gamma|theta|vega,"mark_history_error:public/get_mark_price_history HTTP 400 Bad Request Invalid params:{""reason"":""instrument is not active"",""param"":""instrument_name""}|trade_candle_exists_but_mark_history_missing|Deribit public/get_mark_price_history returns mark price only and only for a subset of options used in volatility index calculations.|Deribit public/ticker exposes mark_iv and greeks for current/live instruments, but no official public historical point-in-time IV/Greek snapshot endpoint was found."
2025-01-08,16:00,BTC-10JAN25-106000-C,1,2025-01-03T08:00:00.000Z,2025-01-10T08:00:00.000Z,10JAN25,106000,false,false,,false,,false,,false,,false,,false,,true,94766,true,0.0002,false,0,,,,mark_price|mark_iv|delta|gamma|theta|vega,"mark_history_error:public/get_mark_price_history HTTP 400 Bad Request Invalid params:{""reason"":""instrument is not active"",""param"":""instrument_name""}|trade_candle_exists_but_mark_history_missing|Deribit public/get_mark_price_history returns mark price only and only for a subset of options used in volatility index calculations.|Deribit public/ticker exposes mark_iv and greeks for current/live instruments, but no official public historical point-in-time IV/Greek snapshot endpoint was found."
2025-01-09,08:00,BTC-10JAN25-106000-C,1,2025-01-03T08:00:00.000Z,2025-01-10T08:00:00.000Z,10JAN25,106000,false,false,,false,,false,,false,,false,,false,,true,92951.5,true,0.0002,false,0,,,,mark_price|mark_iv|delta|gamma|theta|vega,"mark_history_error:public/get_mark_price_history HTTP 400 Bad Request Invalid params:{""reason"":""instrument is not active"",""param"":""instrument_name""}|trade_candle_exists_but_mark_history_missing|Deribit public/get_mark_price_history returns mark price only and only for a subset of options used in volatility index calculations.|Deribit public/ticker exposes mark_iv and greeks for current/live instruments, but no official public historical point-in-time IV/Greek snapshot endpoint was found."
2025-01-09,14:00,BTC-10JAN25-106000-C,1,2025-01-03T08:00:00.000Z,2025-01-10T08:00:00.000Z,10JAN25,106000,false,false,,false,,false,,false,,false,,false,,true,92851.5,true,0.0002,false,0,,,,mark_price|mark_iv|delta|gamma|theta|vega,"mark_history_error:public/get_mark_price_history HTTP 400 Bad Request Invalid params:{""reason"":""instrument is not active"",""param"":""instrument_name""}|trade_candle_exists_but_mark_history_missing|Deribit public/get_mark_price_history returns mark price only and only for a subset of options used in volatility index calculations.|Deribit public/ticker exposes mark_iv and greeks for current/live instruments, but no official public historical point-in-time IV/Greek snapshot endpoint was found."
2025-01-09,16:00,BTC-10JAN25-106000-C,1,2025-01-03T08:00:00.000Z,2025-01-10T08:00:00.000Z,10JAN25,106000,false,false,,false,,false,,false,,false,,false,,true,94255.5,true,0.0002,false,0,,,,mark_price|mark_iv|delta|gamma|theta|vega,"mark_history_error:public/get_mark_price_history HTTP 400 Bad Request Invalid params:{""reason"":""instrument is not active"",""param"":""instrument_name""}|trade_candle_exists_but_mark_history_missing|Deribit public/get_mark_price_history returns mark price only and only for a subset of options used in volatility index calculations.|Deribit public/ticker exposes mark_iv and greeks for current/live instruments, but no official public historical point-in-time IV/Greek snapshot endpoint was found."
2025-01-10,08:00,BTC-17JAN25-104000-C,2,2025-01-10T08:00:00.000Z,2025-01-17T08:00:00.000Z,17JAN25,104000,false,false,,false,,false,,false,,false,,false,,true,94694.5,true,0.0042,false,0,,,,mark_price|mark_iv|delta|gamma|theta|vega,"mark_history_error:public/get_mark_price_history HTTP 400 Bad Request Invalid params:{""reason"":""instrument is not active"",""param"":""instrument_name""}|trade_candle_exists_but_mark_history_missing|Deribit public/get_mark_price_history returns mark price only and only for a subset of options used in volatility index calculations.|Deribit public/ticker exposes mark_iv and greeks for current/live instruments, but no official public historical point-in-time IV/Greek snapshot endpoint was found."
2025-01-10,14:00,BTC-17JAN25-104000-C,2,2025-01-10T08:00:00.000Z,2025-01-17T08:00:00.000Z,17JAN25,104000,false,false,,false,,false,,false,,false,,false,,true,94122,true,0.003,false,0,,,,mark_price|mark_iv|delta|gamma|theta|vega,"mark_history_error:public/get_mark_price_history HTTP 400 Bad Request Invalid params:{""reason"":""instrument is not active"",""param"":""instrument_name""}|trade_candle_exists_but_mark_history_missing|Deribit public/get_mark_price_history returns mark price only and only for a subset of options used in volatility index calculations.|Deribit public/ticker exposes mark_iv and greeks for current/live instruments, but no official public historical point-in-time IV/Greek snapshot endpoint was found."
2025-01-10,16:00,BTC-17JAN25-104000-C,2,2025-01-10T08:00:00.000Z,2025-01-17T08:00:00.000Z,17JAN25,104000,false,false,,false,,false,,false,,false,,false,,true,93653,true,0.0027,false,0,,,,mark_price|mark_iv|delta|gamma|theta|vega,"mark_history_error:public/get_mark_price_history HTTP 400 Bad Request Invalid params:{""reason"":""instrument is not active"",""param"":""instrument_name""}|trade_candle_exists_but_mark_history_missing|Deribit public/get_mark_price_history returns mark price only and only for a subset of options used in volatility index calculations.|Deribit public/ticker exposes mark_iv and greeks for current/live instruments, but no official public historical point-in-time IV/Greek snapshot endpoint was found."
2025-01-11,08:00,BTC-17JAN25-104000-C,2,2025-01-10T08:00:00.000Z,2025-01-17T08:00:00.000Z,17JAN25,104000,false,false,,false,,false,,false,,false,,false,,true,94066,true,0.0023,false,0,,,,mark_price|mark_iv|delta|gamma|theta|vega,"mark_history_error:public/get_mark_price_history HTTP 400 Bad Request Invalid params:{""reason"":""instrument is not active"",""param"":""instrument_name""}|trade_candle_exists_but_mark_history_missing|Deribit public/get_mark_price_history returns mark price only and only for a subset of options used in volatility index calculations.|Deribit public/ticker exposes mark_iv and greeks for current/live instruments, but no official public historical point-in-time IV/Greek snapshot endpoint was found."
2025-01-11,14:00,BTC-17JAN25-104000-C,2,2025-01-10T08:00:00.000Z,2025-01-17T08:00:00.000Z,17JAN25,104000,false,false,,false,,false,,false,,false,,false,,true,94578,true,0.0022,false,0,,,,mark_price|mark_iv|delta|gamma|theta|vega,"mark_history_error:public/get_mark_price_history HTTP 400 Bad Request Invalid params:{""reason"":""instrument is not active"",""param"":""instrument_name""}|trade_candle_exists_but_mark_history_missing|Deribit public/get_mark_price_history returns mark price only and only for a subset of options used in volatility index calculations.|Deribit public/ticker exposes mark_iv and greeks for current/live instruments, but no official public historical point-in-time IV/Greek snapshot endpoint was found."
2025-01-11,16:00,BTC-17JAN25-104000-C,2,2025-01-10T08:00:00.000Z,2025-01-17T08:00:00.000Z,17JAN25,104000,false,false,,false,,false,,false,,false,,false,,true,94438,true,0.0025,false,0,,,,mark_price|mark_iv|delta|gamma|theta|vega,"mark_history_error:public/get_mark_price_history HTTP 400 Bad Request Invalid params:{""reason"":""instrument is not active"",""param"":""instrument_name""}|trade_candle_exists_but_mark_history_missing|Deribit public/get_mark_price_history returns mark price only and only for a subset of options used in volatility index calculations.|Deribit public/ticker exposes mark_iv and greeks for current/live instruments, but no official public historical point-in-time IV/Greek snapshot endpoint was found."
2025-01-12,08:00,BTC-17JAN25-104000-C,2,2025-01-10T08:00:00.000Z,2025-01-17T08:00:00.000Z,17JAN25,104000,false,false,,false,,false,,false,,false,,false,,true,94142,true,0.0021,false,0,,,,mark_price|mark_iv|delta|gamma|theta|vega,"mark_history_error:public/get_mark_price_history HTTP 400 Bad Request Invalid params:{""reason"":""instrument is not active"",""param"":""instrument_name""}|trade_candle_exists_but_mark_history_missing|Deribit public/get_mark_price_history returns mark price only and only for a subset of options used in volatility index calculations.|Deribit public/ticker exposes mark_iv and greeks for current/live instruments, but no official public historical point-in-time IV/Greek snapshot endpoint was found."
2025-01-12,14:00,BTC-17JAN25-104000-C,2,2025-01-10T08:00:00.000Z,2025-01-17T08:00:00.000Z,17JAN25,104000,false,false,,false,,false,,false,,false,,false,,true,94779,true,0.0023,false,0,,,,mark_price|mark_iv|delta|gamma|theta|vega,"mark_history_error:public/get_mark_price_history HTTP 400 Bad Request Invalid params:{""reason"":""instrument is not active"",""param"":""instrument_name""}|trade_candle_exists_but_mark_history_missing|Deribit public/get_mark_price_history returns mark price only and only for a subset of options used in volatility index calculations.|Deribit public/ticker exposes mark_iv and greeks for current/live instruments, but no official public historical point-in-time IV/Greek snapshot endpoint was found."
2025-01-12,16:00,BTC-17JAN25-104000-C,2,2025-01-10T08:00:00.000Z,2025-01-17T08:00:00.000Z,17JAN25,104000,false,false,,false,,false,,false,,false,,false,,true,95013,true,0.0023,false,0,,,,mark_price|mark_iv|delta|gamma|theta|vega,"mark_history_error:public/get_mark_price_history HTTP 400 Bad Request Invalid params:{""reason"":""instrument is not active"",""param"":""instrument_name""}|trade_candle_exists_but_mark_history_missing|Deribit public/get_mark_price_history returns mark price only and only for a subset of options used in volatility index calculations.|Deribit public/ticker exposes mark_iv and greeks for current/live instruments, but no official public historical point-in-time IV/Greek snapshot endpoint was found."
2025-01-13,08:00,BTC-17JAN25-104000-C,2,2025-01-10T08:00:00.000Z,2025-01-17T08:00:00.000Z,17JAN25,104000,false,false,,false,,false,,false,,false,,false,,true,92975,true,0.0018,false,0,,,,mark_price|mark_iv|delta|gamma|theta|vega,"mark_history_error:public/get_mark_price_history HTTP 400 Bad Request Invalid params:{""reason"":""instrument is not active"",""param"":""instrument_name""}|trade_candle_exists_but_mark_history_missing|Deribit public/get_mark_price_history returns mark price only and only for a subset of options used in volatility index calculations.|Deribit public/ticker exposes mark_iv and greeks for current/live instruments, but no official public historical point-in-time IV/Greek snapshot endpoint was found."
2025-01-13,14:00,BTC-17JAN25-104000-C,2,2025-01-10T08:00:00.000Z,2025-01-17T08:00:00.000Z,17JAN25,104000,false,false,,false,,false,,false,,false,,false,,true,91756,true,0.0011,false,0,,,,mark_price|mark_iv|delta|gamma|theta|vega,"mark_history_error:public/get_mark_price_history HTTP 400 Bad Request Invalid params:{""reason"":""instrument is not active"",""param"":""instrument_name""}|trade_candle_exists_but_mark_history_missing|Deribit public/get_mark_price_history returns mark price only and only for a subset of options used in volatility index calculations.|Deribit public/ticker exposes mark_iv and greeks for current/live instruments, but no official public historical point-in-time IV/Greek snapshot endpoint was found."
2025-01-13,16:00,BTC-17JAN25-104000-C,2,2025-01-10T08:00:00.000Z,2025-01-17T08:00:00.000Z,17JAN25,104000,false,false,,false,,false,,false,,false,,false,,true,91298.5,true,0.0009,false,0,,,,mark_price|mark_iv|delta|gamma|theta|vega,"mark_history_error:public/get_mark_price_history HTTP 400 Bad Request Invalid params:{""reason"":""instrument is not active"",""param"":""instrument_name""}|trade_candle_exists_but_mark_history_missing|Deribit public/get_mark_price_history returns mark price only and only for a subset of options used in volatility index calculations.|Deribit public/ticker exposes mark_iv and greeks for current/live instruments, but no official public historical point-in-time IV/Greek snapshot endpoint was found."
2025-01-14,08:00,BTC-17JAN25-104000-C,2,2025-01-10T08:00:00.000Z,2025-01-17T08:00:00.000Z,17JAN25,104000,false,false,,false,,false,,false,,false,,false,,true,95553,true,0.0017,false,0,,,,mark_price|mark_iv|delta|gamma|theta|vega,"mark_history_error:public/get_mark_price_history HTTP 400 Bad Request Invalid params:{""reason"":""instrument is not active"",""param"":""instrument_name""}|trade_candle_exists_but_mark_history_missing|Deribit public/get_mark_price_history returns mark price only and only for a subset of options used in volatility index calculations.|Deribit public/ticker exposes mark_iv and greeks for current/live instruments, but no official public historical point-in-time IV/Greek snapshot endpoint was found."
2025-01-14,14:00,BTC-17JAN25-104000-C,2,2025-01-10T08:00:00.000Z,2025-01-17T08:00:00.000Z,17JAN25,104000,false,false,,false,,false,,false,,false,,false,,true,96290.5,true,0.0024,false,0,,,,mark_price|mark_iv|delta|gamma|theta|vega,"mark_history_error:public/get_mark_price_history HTTP 400 Bad Request Invalid params:{""reason"":""instrument is not active"",""param"":""instrument_name""}|trade_candle_exists_but_mark_history_missing|Deribit public/get_mark_price_history returns mark price only and only for a subset of options used in volatility index calculations.|Deribit public/ticker exposes mark_iv and greeks for current/live instruments, but no official public historical point-in-time IV/Greek snapshot endpoint was found."
2025-01-14,16:00,BTC-17JAN25-104000-C,2,2025-01-10T08:00:00.000Z,2025-01-17T08:00:00.000Z,17JAN25,104000,false,false,,false,,false,,false,,false,,false,,true,95732,true,0.0017,false,0,,,,mark_price|mark_iv|delta|gamma|theta|vega,"mark_history_error:public/get_mark_price_history HTTP 400 Bad Request Invalid params:{""reason"":""instrument is not active"",""param"":""instrument_name""}|trade_candle_exists_but_mark_history_missing|Deribit public/get_mark_price_history returns mark price only and only for a subset of options used in volatility index calculations.|Deribit public/ticker exposes mark_iv and greeks for current/live instruments, but no official public historical point-in-time IV/Greek snapshot endpoint was found."
2025-01-15,08:00,BTC-17JAN25-104000-C,2,2025-01-10T08:00:00.000Z,2025-01-17T08:00:00.000Z,17JAN25,104000,false,false,,false,,false,,false,,false,,false,,true,97243.5,true,0.0013,false,0,,,,mark_price|mark_iv|delta|gamma|theta|vega,"mark_history_error:public/get_mark_price_history HTTP 400 Bad Request Invalid params:{""reason"":""instrument is not active"",""param"":""instrument_name""}|trade_candle_exists_but_mark_history_missing|Deribit public/get_mark_price_history returns mark price only and only for a subset of options used in volatility index calculations.|Deribit public/ticker exposes mark_iv and greeks for current/live instruments, but no official public historical point-in-time IV/Greek snapshot endpoint was found."
2025-01-15,14:00,BTC-17JAN25-104000-C,2,2025-01-10T08:00:00.000Z,2025-01-17T08:00:00.000Z,17JAN25,104000,false,false,,false,,false,,false,,false,,false,,true,99468.5,true,0.0026,false,0,,,,mark_price|mark_iv|delta|gamma|theta|vega,"mark_history_error:public/get_mark_price_history HTTP 400 Bad Request Invalid params:{""reason"":""instrument is not active"",""param"":""instrument_name""}|trade_candle_exists_but_mark_history_missing|Deribit public/get_mark_price_history returns mark price only and only for a subset of options used in volatility index calculations.|Deribit public/ticker exposes mark_iv and greeks for current/live instruments, but no official public historical point-in-time IV/Greek snapshot endpoint was found."
2025-01-15,16:00,BTC-17JAN25-104000-C,2,2025-01-10T08:00:00.000Z,2025-01-17T08:00:00.000Z,17JAN25,104000,false,false,,false,,false,,false,,false,,false,,true,99021,true,0.0018,false,0,,,,mark_price|mark_iv|delta|gamma|theta|vega,"mark_history_error:public/get_mark_price_history HTTP 400 Bad Request Invalid params:{""reason"":""instrument is not active"",""param"":""instrument_name""}|trade_candle_exists_but_mark_history_missing|Deribit public/get_mark_price_history returns mark price only and only for a subset of options used in volatility index calculations.|Deribit public/ticker exposes mark_iv and greeks for current/live instruments, but no official public historical point-in-time IV/Greek snapshot endpoint was found."
2025-01-16,08:00,BTC-17JAN25-104000-C,2,2025-01-10T08:00:00.000Z,2025-01-17T08:00:00.000Z,17JAN25,104000,false,false,,false,,false,,false,,false,,false,,true,98993,true,0.0005,false,0,,,,mark_price|mark_iv|delta|gamma|theta|vega,"mark_history_error:public/get_mark_price_history HTTP 400 Bad Request Invalid params:{""reason"":""instrument is not active"",""param"":""instrument_name""}|trade_candle_exists_but_mark_history_missing|Deribit public/get_mark_price_history returns mark price only and only for a subset of options used in volatility index calculations.|Deribit public/ticker exposes mark_iv and greeks for current/live instruments, but no official public historical point-in-time IV/Greek snapshot endpoint was found."
2025-01-16,14:00,BTC-17JAN25-104000-C,2,2025-01-10T08:00:00.000Z,2025-01-17T08:00:00.000Z,17JAN25,104000,false,false,,false,,false,,false,,false,,false,,true,97651.5,true,0.0002,false,0,,,,mark_price|mark_iv|delta|gamma|theta|vega,"mark_history_error:public/get_mark_price_history HTTP 400 Bad Request Invalid params:{""reason"":""instrument is not active"",""param"":""instrument_name""}|trade_candle_exists_but_mark_history_missing|Deribit public/get_mark_price_history returns mark price only and only for a subset of options used in volatility index calculations.|Deribit public/ticker exposes mark_iv and greeks for current/live instruments, but no official public historical point-in-time IV/Greek snapshot endpoint was found."
2025-01-16,16:00,BTC-17JAN25-104000-C,2,2025-01-10T08:00:00.000Z,2025-01-17T08:00:00.000Z,17JAN25,104000,false,false,,false,,false,,false,,false,,false,,true,99423.5,true,0.0004,false,0,,,,mark_price|mark_iv|delta|gamma|theta|vega,"mark_history_error:public/get_mark_price_history HTTP 400 Bad Request Invalid params:{""reason"":""instrument is not active"",""param"":""instrument_name""}|trade_candle_exists_but_mark_history_missing|Deribit public/get_mark_price_history returns mark price only and only for a subset of options used in volatility index calculations.|Deribit public/ticker exposes mark_iv and greeks for current/live instruments, but no official public historical point-in-time IV/Greek snapshot endpoint was found."
2025-01-17,08:00,BTC-24JAN25-112000-C,3,2025-01-17T08:00:00.000Z,2025-01-24T08:00:00.000Z,24JAN25,112000,false,false,,false,,false,,false,,false,,false,,true,102218,true,0.0065,false,0,,,,mark_price|mark_iv|delta|gamma|theta|vega,"mark_history_error:public/get_mark_price_history HTTP 400 Bad Request Invalid params:{""reason"":""instrument is not active"",""param"":""instrument_name""}|trade_candle_exists_but_mark_history_missing|Deribit public/get_mark_price_history returns mark price only and only for a subset of options used in volatility index calculations.|Deribit public/ticker exposes mark_iv and greeks for current/live instruments, but no official public historical point-in-time IV/Greek snapshot endpoint was found."
2025-01-17,14:00,BTC-24JAN25-112000-C,3,2025-01-17T08:00:00.000Z,2025-01-24T08:00:00.000Z,24JAN25,112000,false,false,,false,,false,,false,,false,,false,,true,103427,true,0.008,false,0,,,,mark_price|mark_iv|delta|gamma|theta|vega,"mark_history_error:public/get_mark_price_history HTTP 400 Bad Request Invalid params:{""reason"":""instrument is not active"",""param"":""instrument_name""}|trade_candle_exists_but_mark_history_missing|Deribit public/get_mark_price_history returns mark price only and only for a subset of options used in volatility index calculations.|Deribit public/ticker exposes mark_iv and greeks for current/live instruments, but no official public historical point-in-time IV/Greek snapshot endpoint was found."
2025-01-17,16:00,BTC-24JAN25-112000-C,3,2025-01-17T08:00:00.000Z,2025-01-24T08:00:00.000Z,24JAN25,112000,false,false,,false,,false,,false,,false,,false,,true,105103,true,0.012,false,0,,,,mark_price|mark_iv|delta|gamma|theta|vega,"mark_history_error:public/get_mark_price_history HTTP 400 Bad Request Invalid params:{""reason"":""instrument is not active"",""param"":""instrument_name""}|trade_candle_exists_but_mark_history_missing|Deribit public/get_mark_price_history returns mark price only and only for a subset of options used in volatility index calculations.|Deribit public/ticker exposes mark_iv and greeks for current/live instruments, but no official public historical point-in-time IV/Greek snapshot endpoint was found."
2025-01-18,08:00,BTC-24JAN25-112000-C,3,2025-01-17T08:00:00.000Z,2025-01-24T08:00:00.000Z,24JAN25,112000,false,false,,false,,false,,false,,false,,false,,true,103261,true,0.009,false,0,,,,mark_price|mark_iv|delta|gamma|theta|vega,"mark_history_error:public/get_mark_price_history HTTP 400 Bad Request Invalid params:{""reason"":""instrument is not active"",""param"":""instrument_name""}|trade_candle_exists_but_mark_history_missing|Deribit public/get_mark_price_history returns mark price only and only for a subset of options used in volatility index calculations.|Deribit public/ticker exposes mark_iv and greeks for current/live instruments, but no official public historical point-in-time IV/Greek snapshot endpoint was found."
2025-01-18,14:00,BTC-24JAN25-112000-C,3,2025-01-17T08:00:00.000Z,2025-01-24T08:00:00.000Z,24JAN25,112000,false,false,,false,,false,,false,,false,,false,,true,103997.5,true,0.011,false,0,,,,mark_price|mark_iv|delta|gamma|theta|vega,"mark_history_error:public/get_mark_price_history HTTP 400 Bad Request Invalid params:{""reason"":""instrument is not active"",""param"":""instrument_name""}|trade_candle_exists_but_mark_history_missing|Deribit public/get_mark_price_history returns mark price only and only for a subset of options used in volatility index calculations.|Deribit public/ticker exposes mark_iv and greeks for current/live instruments, but no official public historical point-in-time IV/Greek snapshot endpoint was found."
2025-01-18,16:00,BTC-24JAN25-112000-C,3,2025-01-17T08:00:00.000Z,2025-01-24T08:00:00.000Z,24JAN25,112000,false,false,,false,,false,,false,,false,,false,,true,103219,true,0.011,false,0,,,,mark_price|mark_iv|delta|gamma|theta|vega,"mark_history_error:public/get_mark_price_history HTTP 400 Bad Request Invalid params:{""reason"":""instrument is not active"",""param"":""instrument_name""}|trade_candle_exists_but_mark_history_missing|Deribit public/get_mark_price_history returns mark price only and only for a subset of options used in volatility index calculations.|Deribit public/ticker exposes mark_iv and greeks for current/live instruments, but no official public historical point-in-time IV/Greek snapshot endpoint was found."
2025-01-19,08:00,BTC-24JAN25-112000-C,3,2025-01-17T08:00:00.000Z,2025-01-24T08:00:00.000Z,24JAN25,112000,false,false,,false,,false,,false,,false,,false,,true,104347.5,true,0.013,false,0,,,,mark_price|mark_iv|delta|gamma|theta|vega,"mark_history_error:public/get_mark_price_history HTTP 400 Bad Request Invalid params:{""reason"":""instrument is not active"",""param"":""instrument_name""}|trade_candle_exists_but_mark_history_missing|Deribit public/get_mark_price_history returns mark price only and only for a subset of options used in volatility index calculations.|Deribit public/ticker exposes mark_iv and greeks for current/live instruments, but no official public historical point-in-time IV/Greek snapshot endpoint was found."
2025-01-19,14:00,BTC-24JAN25-112000-C,3,2025-01-17T08:00:00.000Z,2025-01-24T08:00:00.000Z,24JAN25,112000,false,false,,false,,false,,false,,false,,false,,true,105080.5,true,0.015,false,0,,,,mark_price|mark_iv|delta|gamma|theta|vega,"mark_history_error:public/get_mark_price_history HTTP 400 Bad Request Invalid params:{""reason"":""instrument is not active"",""param"":""instrument_name""}|trade_candle_exists_but_mark_history_missing|Deribit public/get_mark_price_history returns mark price only and only for a subset of options used in volatility index calculations.|Deribit public/ticker exposes mark_iv and greeks for current/live instruments, but no official public historical point-in-time IV/Greek snapshot endpoint was found."
2025-01-19,16:00,BTC-24JAN25-112000-C,3,2025-01-17T08:00:00.000Z,2025-01-24T08:00:00.000Z,24JAN25,112000,false,false,,false,,false,,false,,false,,false,,true,104895,true,0.0125,false,0,,,,mark_price|mark_iv|delta|gamma|theta|vega,"mark_history_error:public/get_mark_price_history HTTP 400 Bad Request Invalid params:{""reason"":""instrument is not active"",""param"":""instrument_name""}|trade_candle_exists_but_mark_history_missing|Deribit public/get_mark_price_history returns mark price only and only for a subset of options used in volatility index calculations.|Deribit public/ticker exposes mark_iv and greeks for current/live instruments, but no official public historical point-in-time IV/Greek snapshot endpoint was found."
2025-01-20,08:00,BTC-24JAN25-112000-C,3,2025-01-17T08:00:00.000Z,2025-01-24T08:00:00.000Z,24JAN25,112000,false,false,,false,,false,,false,,false,,false,,true,108326,true,0.0225,false,0,,,,mark_price|mark_iv|delta|gamma|theta|vega,"mark_history_error:public/get_mark_price_history HTTP 400 Bad Request Invalid params:{""reason"":""instrument is not active"",""param"":""instrument_name""}|trade_candle_exists_but_mark_history_missing|Deribit public/get_mark_price_history returns mark price only and only for a subset of options used in volatility index calculations.|Deribit public/ticker exposes mark_iv and greeks for current/live instruments, but no official public historical point-in-time IV/Greek snapshot endpoint was found."
2025-01-20,14:00,BTC-24JAN25-112000-C,3,2025-01-17T08:00:00.000Z,2025-01-24T08:00:00.000Z,24JAN25,112000,false,false,,false,,false,,false,,false,,false,,true,107826,true,0.02,false,0,,,,mark_price|mark_iv|delta|gamma|theta|vega,"mark_history_error:public/get_mark_price_history HTTP 400 Bad Request Invalid params:{""reason"":""instrument is not active"",""param"":""instrument_name""}|trade_candle_exists_but_mark_history_missing|Deribit public/get_mark_price_history returns mark price only and only for a subset of options used in volatility index calculations.|Deribit public/ticker exposes mark_iv and greeks for current/live instruments, but no official public historical point-in-time IV/Greek snapshot endpoint was found."
2025-01-20,16:00,BTC-24JAN25-112000-C,3,2025-01-17T08:00:00.000Z,2025-01-24T08:00:00.000Z,24JAN25,112000,false,false,,false,,false,,false,,false,,false,,true,106632,true,0.0145,false,0,,,,mark_price|mark_iv|delta|gamma|theta|vega,"mark_history_error:public/get_mark_price_history HTTP 400 Bad Request Invalid params:{""reason"":""instrument is not active"",""param"":""instrument_name""}|trade_candle_exists_but_mark_history_missing|Deribit public/get_mark_price_history returns mark price only and only for a subset of options used in volatility index calculations.|Deribit public/ticker exposes mark_iv and greeks for current/live instruments, but no official public historical point-in-time IV/Greek snapshot endpoint was found."
2025-01-21,08:00,BTC-24JAN25-112000-C,3,2025-01-17T08:00:00.000Z,2025-01-24T08:00:00.000Z,24JAN25,112000,false,false,,false,,false,,false,,false,,false,,true,102357,true,0.0027,false,0,,,,mark_price|mark_iv|delta|gamma|theta|vega,"mark_history_error:public/get_mark_price_history HTTP 400 Bad Request Invalid params:{""reason"":""instrument is not active"",""param"":""instrument_name""}|trade_candle_exists_but_mark_history_missing|Deribit public/get_mark_price_history returns mark price only and only for a subset of options used in volatility index calculations.|Deribit public/ticker exposes mark_iv and greeks for current/live instruments, but no official public historical point-in-time IV/Greek snapshot endpoint was found."
2025-01-21,14:00,BTC-24JAN25-112000-C,3,2025-01-17T08:00:00.000Z,2025-01-24T08:00:00.000Z,24JAN25,112000,false,false,,false,,false,,false,,false,,false,,true,103217,true,0.0049,false,0,,,,mark_price|mark_iv|delta|gamma|theta|vega,"mark_history_error:public/get_mark_price_history HTTP 400 Bad Request Invalid params:{""reason"":""instrument is not active"",""param"":""instrument_name""}|trade_candle_exists_but_mark_history_missing|Deribit public/get_mark_price_history returns mark price only and only for a subset of options used in volatility index calculations.|Deribit public/ticker exposes mark_iv and greeks for current/live instruments, but no official public historical point-in-time IV/Greek snapshot endpoint was found."
2025-01-21,16:00,BTC-24JAN25-112000-C,3,2025-01-17T08:00:00.000Z,2025-01-24T08:00:00.000Z,24JAN25,112000,false,false,,false,,false,,false,,false,,false,,true,104939.5,true,0.005,false,0,,,,mark_price|mark_iv|delta|gamma|theta|vega,"mark_history_error:public/get_mark_price_history HTTP 400 Bad Request Invalid params:{""reason"":""instrument is not active"",""param"":""instrument_name""}|trade_candle_exists_but_mark_history_missing|Deribit public/get_mark_price_history returns mark price only and only for a subset of options used in volatility index calculations.|Deribit public/ticker exposes mark_iv and greeks for current/live instruments, but no official public historical point-in-time IV/Greek snapshot endpoint was found."
2025-01-22,08:00,BTC-24JAN25-112000-C,3,2025-01-17T08:00:00.000Z,2025-01-24T08:00:00.000Z,24JAN25,112000,false,false,,false,,false,,false,,false,,false,,true,105299,true,0.0024,false,0,,,,mark_price|mark_iv|delta|gamma|theta|vega,"mark_history_error:public/get_mark_price_history HTTP 400 Bad Request Invalid params:{""reason"":""instrument is not active"",""param"":""instrument_name""}|trade_candle_exists_but_mark_history_missing|Deribit public/get_mark_price_history returns mark price only and only for a subset of options used in volatility index calculations.|Deribit public/ticker exposes mark_iv and greeks for current/live instruments, but no official public historical point-in-time IV/Greek snapshot endpoint was found."
2025-01-22,14:00,BTC-24JAN25-112000-C,3,2025-01-17T08:00:00.000Z,2025-01-24T08:00:00.000Z,24JAN25,112000,false,false,,false,,false,,false,,false,,false,,true,104412,true,0.0015,false,0,,,,mark_price|mark_iv|delta|gamma|theta|vega,"mark_history_error:public/get_mark_price_history HTTP 400 Bad Request Invalid params:{""reason"":""instrument is not active"",""param"":""instrument_name""}|trade_candle_exists_but_mark_history_missing|Deribit public/get_mark_price_history returns mark price only and only for a subset of options used in volatility index calculations.|Deribit public/ticker exposes mark_iv and greeks for current/live instruments, but no official public historical point-in-time IV/Greek snapshot endpoint was found."
2025-01-22,16:00,BTC-24JAN25-112000-C,3,2025-01-17T08:00:00.000Z,2025-01-24T08:00:00.000Z,24JAN25,112000,false,false,,false,,false,,false,,false,,false,,true,103745.5,true,0.0015,false,0,,,,mark_price|mark_iv|delta|gamma|theta|vega,"mark_history_error:public/get_mark_price_history HTTP 400 Bad Request Invalid params:{""reason"":""instrument is not active"",""param"":""instrument_name""}|trade_candle_exists_but_mark_history_missing|Deribit public/get_mark_price_history returns mark price only and only for a subset of options used in volatility index calculations.|Deribit public/ticker exposes mark_iv and greeks for current/live instruments, but no official public historical point-in-time IV/Greek snapshot endpoint was found."
2025-01-23,08:00,BTC-24JAN25-112000-C,3,2025-01-17T08:00:00.000Z,2025-01-24T08:00:00.000Z,24JAN25,112000,false,false,,false,,false,,false,,false,,false,,true,102191,true,0.0001,false,0,,,,mark_price|mark_iv|delta|gamma|theta|vega,"mark_history_error:public/get_mark_price_history HTTP 400 Bad Request Invalid params:{""reason"":""instrument is not active"",""param"":""instrument_name""}|trade_candle_exists_but_mark_history_missing|Deribit public/get_mark_price_history returns mark price only and only for a subset of options used in volatility index calculations.|Deribit public/ticker exposes mark_iv and greeks for current/live instruments, but no official public historical point-in-time IV/Greek snapshot endpoint was found."
2025-01-23,14:00,BTC-24JAN25-112000-C,3,2025-01-17T08:00:00.000Z,2025-01-24T08:00:00.000Z,24JAN25,112000,false,false,,false,,false,,false,,false,,false,,true,105295.5,true,0.0016,false,0,,,,mark_price|mark_iv|delta|gamma|theta|vega,"mark_history_error:public/get_mark_price_history HTTP 400 Bad Request Invalid params:{""reason"":""instrument is not active"",""param"":""instrument_name""}|trade_candle_exists_but_mark_history_missing|Deribit public/get_mark_price_history returns mark price only and only for a subset of options used in volatility index calculations.|Deribit public/ticker exposes mark_iv and greeks for current/live instruments, but no official public historical point-in-time IV/Greek snapshot endpoint was found."
2025-01-23,16:00,BTC-24JAN25-112000-C,3,2025-01-17T08:00:00.000Z,2025-01-24T08:00:00.000Z,24JAN25,112000,false,false,,false,,false,,false,,false,,false,,true,105231.5,true,0.0018,false,0,,,,mark_price|mark_iv|delta|gamma|theta|vega,"mark_history_error:public/get_mark_price_history HTTP 400 Bad Request Invalid params:{""reason"":""instrument is not active"",""param"":""instrument_name""}|trade_candle_exists_but_mark_history_missing|Deribit public/get_mark_price_history returns mark price only and only for a subset of options used in volatility index calculations.|Deribit public/ticker exposes mark_iv and greeks for current/live instruments, but no official public historical point-in-time IV/Greek snapshot endpoint was found."
2025-01-24,08:00,BTC-31JAN25-116000-C,4,2025-01-24T08:00:00.000Z,2025-01-31T08:00:00.000Z,31JAN25,116000,false,false,,false,,false,,false,,false,,false,,true,105540.5,true,0.006,false,0,,,,mark_price|mark_iv|delta|gamma|theta|vega,"mark_history_error:public/get_mark_price_history HTTP 400 Bad Request Invalid params:{""reason"":""instrument is not active"",""param"":""instrument_name""}|trade_candle_exists_but_mark_history_missing|Deribit public/get_mark_price_history returns mark price only and only for a subset of options used in volatility index calculations.|Deribit public/ticker exposes mark_iv and greeks for current/live instruments, but no official public historical point-in-time IV/Greek snapshot endpoint was found."
2025-01-24,14:00,BTC-31JAN25-116000-C,4,2025-01-24T08:00:00.000Z,2025-01-31T08:00:00.000Z,31JAN25,116000,false,false,,false,,false,,false,,false,,false,,true,105816.5,true,0.006,false,0,,,,mark_price|mark_iv|delta|gamma|theta|vega,"mark_history_error:public/get_mark_price_history HTTP 400 Bad Request Invalid params:{""reason"":""instrument is not active"",""param"":""instrument_name""}|trade_candle_exists_but_mark_history_missing|Deribit public/get_mark_price_history returns mark price only and only for a subset of options used in volatility index calculations.|Deribit public/ticker exposes mark_iv and greeks for current/live instruments, but no official public historical point-in-time IV/Greek snapshot endpoint was found."
2025-01-24,16:00,BTC-31JAN25-116000-C,4,2025-01-24T08:00:00.000Z,2025-01-31T08:00:00.000Z,31JAN25,116000,false,false,,false,,false,,false,,false,,false,,true,105685,true,0.006,false,0,,,,mark_price|mark_iv|delta|gamma|theta|vega,"mark_history_error:public/get_mark_price_history HTTP 400 Bad Request Invalid params:{""reason"":""instrument is not active"",""param"":""instrument_name""}|trade_candle_exists_but_mark_history_missing|Deribit public/get_mark_price_history returns mark price only and only for a subset of options used in volatility index calculations.|Deribit public/ticker exposes mark_iv and greeks for current/live instruments, but no official public historical point-in-time IV/Greek snapshot endpoint was found."
2025-01-25,08:00,BTC-31JAN25-116000-C,4,2025-01-24T08:00:00.000Z,2025-01-31T08:00:00.000Z,31JAN25,116000,false,false,,false,,false,,false,,false,,false,,true,104345.5,true,0.0036,false,0,,,,mark_price|mark_iv|delta|gamma|theta|vega,"mark_history_error:public/get_mark_price_history HTTP 400 Bad Request Invalid params:{""reason"":""instrument is not active"",""param"":""instrument_name""}|trade_candle_exists_but_mark_history_missing|Deribit public/get_mark_price_history returns mark price only and only for a subset of options used in volatility index calculations.|Deribit public/ticker exposes mark_iv and greeks for current/live instruments, but no official public historical point-in-time IV/Greek snapshot endpoint was found."
2025-01-25,14:00,BTC-31JAN25-116000-C,4,2025-01-24T08:00:00.000Z,2025-01-31T08:00:00.000Z,31JAN25,116000,false,false,,false,,false,,false,,false,,false,,true,104632,true,0.0029,false,0,,,,mark_price|mark_iv|delta|gamma|theta|vega,"mark_history_error:public/get_mark_price_history HTTP 400 Bad Request Invalid params:{""reason"":""instrument is not active"",""param"":""instrument_name""}|trade_candle_exists_but_mark_history_missing|Deribit public/get_mark_price_history returns mark price only and only for a subset of options used in volatility index calculations.|Deribit public/ticker exposes mark_iv and greeks for current/live instruments, but no official public historical point-in-time IV/Greek snapshot endpoint was found."
2025-01-25,16:00,BTC-31JAN25-116000-C,4,2025-01-24T08:00:00.000Z,2025-01-31T08:00:00.000Z,31JAN25,116000,false,false,,false,,false,,false,,false,,false,,true,104689.5,true,0.0029,false,0,,,,mark_price|mark_iv|delta|gamma|theta|vega,"mark_history_error:public/get_mark_price_history HTTP 400 Bad Request Invalid params:{""reason"":""instrument is not active"",""param"":""instrument_name""}|trade_candle_exists_but_mark_history_missing|Deribit public/get_mark_price_history returns mark price only and only for a subset of options used in volatility index calculations.|Deribit public/ticker exposes mark_iv and greeks for current/live instruments, but no official public historical point-in-time IV/Greek snapshot endpoint was found."
2025-01-26,08:00,BTC-31JAN25-116000-C,4,2025-01-24T08:00:00.000Z,2025-01-31T08:00:00.000Z,31JAN25,116000,false,false,,false,,false,,false,,false,,false,,true,105054,true,0.0026,false,0,,,,mark_price|mark_iv|delta|gamma|theta|vega,"mark_history_error:public/get_mark_price_history HTTP 400 Bad Request Invalid params:{""reason"":""instrument is not active"",""param"":""instrument_name""}|trade_candle_exists_but_mark_history_missing|Deribit public/get_mark_price_history returns mark price only and only for a subset of options used in volatility index calculations.|Deribit public/ticker exposes mark_iv and greeks for current/live instruments, but no official public historical point-in-time IV/Greek snapshot endpoint was found."
2025-01-26,14:00,BTC-31JAN25-116000-C,4,2025-01-24T08:00:00.000Z,2025-01-31T08:00:00.000Z,31JAN25,116000,false,false,,false,,false,,false,,false,,false,,true,104973.5,true,0.003,false,0,,,,mark_price|mark_iv|delta|gamma|theta|vega,"mark_history_error:public/get_mark_price_history HTTP 400 Bad Request Invalid params:{""reason"":""instrument is not active"",""param"":""instrument_name""}|trade_candle_exists_but_mark_history_missing|Deribit public/get_mark_price_history returns mark price only and only for a subset of options used in volatility index calculations.|Deribit public/ticker exposes mark_iv and greeks for current/live instruments, but no official public historical point-in-time IV/Greek snapshot endpoint was found."
2025-01-26,16:00,BTC-31JAN25-116000-C,4,2025-01-24T08:00:00.000Z,2025-01-31T08:00:00.000Z,31JAN25,116000,false,false,,false,,false,,false,,false,,false,,true,104974,true,0.0025,false,0,,,,mark_price|mark_iv|delta|gamma|theta|vega,"mark_history_error:public/get_mark_price_history HTTP 400 Bad Request Invalid params:{""reason"":""instrument is not active"",""param"":""instrument_name""}|trade_candle_exists_but_mark_history_missing|Deribit public/get_mark_price_history returns mark price only and only for a subset of options used in volatility index calculations.|Deribit public/ticker exposes mark_iv and greeks for current/live instruments, but no official public historical point-in-time IV/Greek snapshot endpoint was found."
2025-01-27,08:00,BTC-31JAN25-116000-C,4,2025-01-24T08:00:00.000Z,2025-01-31T08:00:00.000Z,31JAN25,116000,false,false,,false,,false,,false,,false,,false,,true,99025.5,true,0.0009,false,0,,,,mark_price|mark_iv|delta|gamma|theta|vega,"mark_history_error:public/get_mark_price_history HTTP 400 Bad Request Invalid params:{""reason"":""instrument is not active"",""param"":""instrument_name""}|trade_candle_exists_but_mark_history_missing|Deribit public/get_mark_price_history returns mark price only and only for a subset of options used in volatility index calculations.|Deribit public/ticker exposes mark_iv and greeks for current/live instruments, but no official public historical point-in-time IV/Greek snapshot endpoint was found."
2025-01-27,14:00,BTC-31JAN25-116000-C,4,2025-01-24T08:00:00.000Z,2025-01-31T08:00:00.000Z,31JAN25,116000,false,false,,false,,false,,false,,false,,false,,true,101915,true,0.0016,false,0,,,,mark_price|mark_iv|delta|gamma|theta|vega,"mark_history_error:public/get_mark_price_history HTTP 400 Bad Request Invalid params:{""reason"":""instrument is not active"",""param"":""instrument_name""}|trade_candle_exists_but_mark_history_missing|Deribit public/get_mark_price_history returns mark price only and only for a subset of options used in volatility index calculations.|Deribit public/ticker exposes mark_iv and greeks for current/live instruments, but no official public historical point-in-time IV/Greek snapshot endpoint was found."
2025-01-27,16:00,BTC-31JAN25-116000-C,4,2025-01-24T08:00:00.000Z,2025-01-31T08:00:00.000Z,31JAN25,116000,false,false,,false,,false,,false,,false,,false,,true,99749.5,true,0.0008,false,0,,,,mark_price|mark_iv|delta|gamma|theta|vega,"mark_history_error:public/get_mark_price_history HTTP 400 Bad Request Invalid params:{""reason"":""instrument is not active"",""param"":""instrument_name""}|trade_candle_exists_but_mark_history_missing|Deribit public/get_mark_price_history returns mark price only and only for a subset of options used in volatility index calculations.|Deribit public/ticker exposes mark_iv and greeks for current/live instruments, but no official public historical point-in-time IV/Greek snapshot endpoint was found."
2025-01-28,08:00,BTC-31JAN25-116000-C,4,2025-01-24T08:00:00.000Z,2025-01-31T08:00:00.000Z,31JAN25,116000,false,false,,false,,false,,false,,false,,false,,true,102861.5,true,0.0005,false,0,,,,mark_price|mark_iv|delta|gamma|theta|vega,"mark_history_error:public/get_mark_price_history HTTP 400 Bad Request Invalid params:{""reason"":""instrument is not active"",""param"":""instrument_name""}|trade_candle_exists_but_mark_history_missing|Deribit public/get_mark_price_history returns mark price only and only for a subset of options used in volatility index calculations.|Deribit public/ticker exposes mark_iv and greeks for current/live instruments, but no official public historical point-in-time IV/Greek snapshot endpoint was found."
2025-01-28,14:00,BTC-31JAN25-116000-C,4,2025-01-24T08:00:00.000Z,2025-01-31T08:00:00.000Z,31JAN25,116000,false,false,,false,,false,,false,,false,,false,,true,102650.5,true,0.0006,false,0,,,,mark_price|mark_iv|delta|gamma|theta|vega,"mark_history_error:public/get_mark_price_history HTTP 400 Bad Request Invalid params:{""reason"":""instrument is not active"",""param"":""instrument_name""}|trade_candle_exists_but_mark_history_missing|Deribit public/get_mark_price_history returns mark price only and only for a subset of options used in volatility index calculations.|Deribit public/ticker exposes mark_iv and greeks for current/live instruments, but no official public historical point-in-time IV/Greek snapshot endpoint was found."
2025-01-28,16:00,BTC-31JAN25-116000-C,4,2025-01-24T08:00:00.000Z,2025-01-31T08:00:00.000Z,31JAN25,116000,false,false,,false,,false,,false,,false,,false,,true,102270,true,0.0004,false,0,,,,mark_price|mark_iv|delta|gamma|theta|vega,"mark_history_error:public/get_mark_price_history HTTP 400 Bad Request Invalid params:{""reason"":""instrument is not active"",""param"":""instrument_name""}|trade_candle_exists_but_mark_history_missing|Deribit public/get_mark_price_history returns mark price only and only for a subset of options used in volatility index calculations.|Deribit public/ticker exposes mark_iv and greeks for current/live instruments, but no official public historical point-in-time IV/Greek snapshot endpoint was found."
2025-01-29,08:00,BTC-31JAN25-116000-C,4,2025-01-24T08:00:00.000Z,2025-01-31T08:00:00.000Z,31JAN25,116000,false,false,,false,,false,,false,,false,,false,,true,102734,true,0.0005,false,0,,,,mark_price|mark_iv|delta|gamma|theta|vega,"mark_history_error:public/get_mark_price_history HTTP 400 Bad Request Invalid params:{""reason"":""instrument is not active"",""param"":""instrument_name""}|trade_candle_exists_but_mark_history_missing|Deribit public/get_mark_price_history returns mark price only and only for a subset of options used in volatility index calculations.|Deribit public/ticker exposes mark_iv and greeks for current/live instruments, but no official public historical point-in-time IV/Greek snapshot endpoint was found."
2025-01-29,14:00,BTC-31JAN25-116000-C,4,2025-01-24T08:00:00.000Z,2025-01-31T08:00:00.000Z,31JAN25,116000,false,false,,false,,false,,false,,false,,false,,true,102005.5,true,0.0005,false,0,,,,mark_price|mark_iv|delta|gamma|theta|vega,"mark_history_error:public/get_mark_price_history HTTP 400 Bad Request Invalid params:{""reason"":""instrument is not active"",""param"":""instrument_name""}|trade_candle_exists_but_mark_history_missing|Deribit public/get_mark_price_history returns mark price only and only for a subset of options used in volatility index calculations.|Deribit public/ticker exposes mark_iv and greeks for current/live instruments, but no official public historical point-in-time IV/Greek snapshot endpoint was found."
2025-01-29,16:00,BTC-31JAN25-116000-C,4,2025-01-24T08:00:00.000Z,2025-01-31T08:00:00.000Z,31JAN25,116000,false,false,,false,,false,,false,,false,,false,,true,102104,true,0.0005,false,0,,,,mark_price|mark_iv|delta|gamma|theta|vega,"mark_history_error:public/get_mark_price_history HTTP 400 Bad Request Invalid params:{""reason"":""instrument is not active"",""param"":""instrument_name""}|trade_candle_exists_but_mark_history_missing|Deribit public/get_mark_price_history returns mark price only and only for a subset of options used in volatility index calculations.|Deribit public/ticker exposes mark_iv and greeks for current/live instruments, but no official public historical point-in-time IV/Greek snapshot endpoint was found."
2025-01-30,08:00,BTC-31JAN25-116000-C,4,2025-01-24T08:00:00.000Z,2025-01-31T08:00:00.000Z,31JAN25,116000,false,false,,false,,false,,false,,false,,false,,true,105118,true,0.0002,false,0,,,,mark_price|mark_iv|delta|gamma|theta|vega,"mark_history_error:public/get_mark_price_history HTTP 400 Bad Request Invalid params:{""reason"":""instrument is not active"",""param"":""instrument_name""}|trade_candle_exists_but_mark_history_missing|Deribit public/get_mark_price_history returns mark price only and only for a subset of options used in volatility index calculations.|Deribit public/ticker exposes mark_iv and greeks for current/live instruments, but no official public historical point-in-time IV/Greek snapshot endpoint was found."
2025-01-30,14:00,BTC-31JAN25-116000-C,4,2025-01-24T08:00:00.000Z,2025-01-31T08:00:00.000Z,31JAN25,116000,false,false,,false,,false,,false,,false,,false,,true,105970.5,true,0.0002,false,0,,,,mark_price|mark_iv|delta|gamma|theta|vega,"mark_history_error:public/get_mark_price_history HTTP 400 Bad Request Invalid params:{""reason"":""instrument is not active"",""param"":""instrument_name""}|trade_candle_exists_but_mark_history_missing|Deribit public/get_mark_price_history returns mark price only and only for a subset of options used in volatility index calculations.|Deribit public/ticker exposes mark_iv and greeks for current/live instruments, but no official public historical point-in-time IV/Greek snapshot endpoint was found."
2025-01-30,16:00,BTC-31JAN25-116000-C,4,2025-01-24T08:00:00.000Z,2025-01-31T08:00:00.000Z,31JAN25,116000,false,false,,false,,false,,false,,false,,false,,true,105768.5,true,0.0002,false,0,,,,mark_price|mark_iv|delta|gamma|theta|vega,"mark_history_error:public/get_mark_price_history HTTP 400 Bad Request Invalid params:{""reason"":""instrument is not active"",""param"":""instrument_name""}|trade_candle_exists_but_mark_history_missing|Deribit public/get_mark_price_history returns mark price only and only for a subset of options used in volatility index calculations.|Deribit public/ticker exposes mark_iv and greeks for current/live instruments, but no official public historical point-in-time IV/Greek snapshot endpoint was found."
2025-02-07,08:00,BTC-14FEB25-106000-C,6,2025-02-07T08:00:00.000Z,2025-02-14T08:00:00.000Z,14FEB25,106000,false,false,,false,,false,,false,,false,,false,,true,97048,true,0.0029,false,0,,,,mark_price|mark_iv|delta|gamma|theta|vega,"mark_history_error:public/get_mark_price_history HTTP 400 Bad Request Invalid params:{""reason"":""instrument is not active"",""param"":""instrument_name""}|trade_candle_exists_but_mark_history_missing|Deribit public/get_mark_price_history returns mark price only and only for a subset of options used in volatility index calculations.|Deribit public/ticker exposes mark_iv and greeks for current/live instruments, but no official public historical point-in-time IV/Greek snapshot endpoint was found."
2025-02-07,14:00,BTC-14FEB25-106000-C,6,2025-02-07T08:00:00.000Z,2025-02-14T08:00:00.000Z,14FEB25,106000,false,false,,false,,false,,false,,false,,false,,true,99798.5,true,0.0065,false,0,,,,mark_price|mark_iv|delta|gamma|theta|vega,"mark_history_error:public/get_mark_price_history HTTP 400 Bad Request Invalid params:{""reason"":""instrument is not active"",""param"":""instrument_name""}|trade_candle_exists_but_mark_history_missing|Deribit public/get_mark_price_history returns mark price only and only for a subset of options used in volatility index calculations.|Deribit public/ticker exposes mark_iv and greeks for current/live instruments, but no official public historical point-in-time IV/Greek snapshot endpoint was found."
2025-02-07,16:00,BTC-14FEB25-106000-C,6,2025-02-07T08:00:00.000Z,2025-02-14T08:00:00.000Z,14FEB25,106000,false,false,,false,,false,,false,,false,,false,,true,97848.5,true,0.004,false,0,,,,mark_price|mark_iv|delta|gamma|theta|vega,"mark_history_error:public/get_mark_price_history HTTP 400 Bad Request Invalid params:{""reason"":""instrument is not active"",""param"":""instrument_name""}|trade_candle_exists_but_mark_history_missing|Deribit public/get_mark_price_history returns mark price only and only for a subset of options used in volatility index calculations.|Deribit public/ticker exposes mark_iv and greeks for current/live instruments, but no official public historical point-in-time IV/Greek snapshot endpoint was found."
2025-02-08,08:00,BTC-14FEB25-106000-C,6,2025-02-07T08:00:00.000Z,2025-02-14T08:00:00.000Z,14FEB25,106000,false,false,,false,,false,,false,,false,,false,,true,95902.5,true,0.0013,false,0,,,,mark_price|mark_iv|delta|gamma|theta|vega,"mark_history_error:public/get_mark_price_history HTTP 400 Bad Request Invalid params:{""reason"":""instrument is not active"",""param"":""instrument_name""}|trade_candle_exists_but_mark_history_missing|Deribit public/get_mark_price_history returns mark price only and only for a subset of options used in volatility index calculations.|Deribit public/ticker exposes mark_iv and greeks for current/live instruments, but no official public historical point-in-time IV/Greek snapshot endpoint was found."
2025-02-08,14:00,BTC-14FEB25-106000-C,6,2025-02-07T08:00:00.000Z,2025-02-14T08:00:00.000Z,14FEB25,106000,false,false,,false,,false,,false,,false,,false,,true,96076.5,true,0.0013,false,0,,,,mark_price|mark_iv|delta|gamma|theta|vega,"mark_history_error:public/get_mark_price_history HTTP 400 Bad Request Invalid params:{""reason"":""instrument is not active"",""param"":""instrument_name""}|trade_candle_exists_but_mark_history_missing|Deribit public/get_mark_price_history returns mark price only and only for a subset of options used in volatility index calculations.|Deribit public/ticker exposes mark_iv and greeks for current/live instruments, but no official public historical point-in-time IV/Greek snapshot endpoint was found."
2025-02-08,16:00,BTC-14FEB25-106000-C,6,2025-02-07T08:00:00.000Z,2025-02-14T08:00:00.000Z,14FEB25,106000,false,false,,false,,false,,false,,false,,false,,true,96111.5,true,0.0013,false,0,,,,mark_price|mark_iv|delta|gamma|theta|vega,"mark_history_error:public/get_mark_price_history HTTP 400 Bad Request Invalid params:{""reason"":""instrument is not active"",""param"":""instrument_name""}|trade_candle_exists_but_mark_history_missing|Deribit public/get_mark_price_history returns mark price only and only for a subset of options used in volatility index calculations.|Deribit public/ticker exposes mark_iv and greeks for current/live instruments, but no official public historical point-in-time IV/Greek snapshot endpoint was found."
2025-02-09,08:00,BTC-14FEB25-106000-C,6,2025-02-07T08:00:00.000Z,2025-02-14T08:00:00.000Z,14FEB25,106000,false,false,,false,,false,,false,,false,,false,,true,97134.5,true,0.0013,false,0,,,,mark_price|mark_iv|delta|gamma|theta|vega,"mark_history_error:public/get_mark_price_history HTTP 400 Bad Request Invalid params:{""reason"":""instrument is not active"",""param"":""instrument_name""}|trade_candle_exists_but_mark_history_missing|Deribit public/get_mark_price_history returns mark price only and only for a subset of options used in volatility index calculations.|Deribit public/ticker exposes mark_iv and greeks for current/live instruments, but no official public historical point-in-time IV/Greek snapshot endpoint was found."
2025-02-09,14:00,BTC-14FEB25-106000-C,6,2025-02-07T08:00:00.000Z,2025-02-14T08:00:00.000Z,14FEB25,106000,false,false,,false,,false,,false,,false,,false,,true,96157,true,0.0012,false,0,,,,mark_price|mark_iv|delta|gamma|theta|vega,"mark_history_error:public/get_mark_price_history HTTP 400 Bad Request Invalid params:{""reason"":""instrument is not active"",""param"":""instrument_name""}|trade_candle_exists_but_mark_history_missing|Deribit public/get_mark_price_history returns mark price only and only for a subset of options used in volatility index calculations.|Deribit public/ticker exposes mark_iv and greeks for current/live instruments, but no official public historical point-in-time IV/Greek snapshot endpoint was found."
2025-02-09,16:00,BTC-14FEB25-106000-C,6,2025-02-07T08:00:00.000Z,2025-02-14T08:00:00.000Z,14FEB25,106000,false,false,,false,,false,,false,,false,,false,,true,96501.5,true,0.0012,false,0,,,,mark_price|mark_iv|delta|gamma|theta|vega,"mark_history_error:public/get_mark_price_history HTTP 400 Bad Request Invalid params:{""reason"":""instrument is not active"",""param"":""instrument_name""}|trade_candle_exists_but_mark_history_missing|Deribit public/get_mark_price_history returns mark price only and only for a subset of options used in volatility index calculations.|Deribit public/ticker exposes mark_iv and greeks for current/live instruments, but no official public historical point-in-time IV/Greek snapshot endpoint was found."
2025-02-10,08:00,BTC-14FEB25-106000-C,6,2025-02-07T08:00:00.000Z,2025-02-14T08:00:00.000Z,14FEB25,106000,false,false,,false,,false,,false,,false,,false,,true,97700,true,0.0014,false,0,,,,mark_price|mark_iv|delta|gamma|theta|vega,"mark_history_error:public/get_mark_price_history HTTP 400 Bad Request Invalid params:{""reason"":""instrument is not active"",""param"":""instrument_name""}|trade_candle_exists_but_mark_history_missing|Deribit public/get_mark_price_history returns mark price only and only for a subset of options used in volatility index calculations.|Deribit public/ticker exposes mark_iv and greeks for current/live instruments, but no official public historical point-in-time IV/Greek snapshot endpoint was found."
2025-02-10,14:00,BTC-14FEB25-106000-C,6,2025-02-07T08:00:00.000Z,2025-02-14T08:00:00.000Z,14FEB25,106000,false,false,,false,,false,,false,,false,,false,,true,97321,true,0.0014,false,0,,,,mark_price|mark_iv|delta|gamma|theta|vega,"mark_history_error:public/get_mark_price_history HTTP 400 Bad Request Invalid params:{""reason"":""instrument is not active"",""param"":""instrument_name""}|trade_candle_exists_but_mark_history_missing|Deribit public/get_mark_price_history returns mark price only and only for a subset of options used in volatility index calculations.|Deribit public/ticker exposes mark_iv and greeks for current/live instruments, but no official public historical point-in-time IV/Greek snapshot endpoint was found."
2025-02-10,16:00,BTC-14FEB25-106000-C,6,2025-02-07T08:00:00.000Z,2025-02-14T08:00:00.000Z,14FEB25,106000,false,false,,false,,false,,false,,false,,false,,true,97340.5,true,0.001,false,0,,,,mark_price|mark_iv|delta|gamma|theta|vega,"mark_history_error:public/get_mark_price_history HTTP 400 Bad Request Invalid params:{""reason"":""instrument is not active"",""param"":""instrument_name""}|trade_candle_exists_but_mark_history_missing|Deribit public/get_mark_price_history returns mark price only and only for a subset of options used in volatility index calculations.|Deribit public/ticker exposes mark_iv and greeks for current/live instruments, but no official public historical point-in-time IV/Greek snapshot endpoint was found."
2025-02-11,08:00,BTC-14FEB25-106000-C,6,2025-02-07T08:00:00.000Z,2025-02-14T08:00:00.000Z,14FEB25,106000,false,false,,false,,false,,false,,false,,false,,true,98263,true,0.0009,false,0,,,,mark_price|mark_iv|delta|gamma|theta|vega,"mark_history_error:public/get_mark_price_history HTTP 400 Bad Request Invalid params:{""reason"":""instrument is not active"",""param"":""instrument_name""}|trade_candle_exists_but_mark_history_missing|Deribit public/get_mark_price_history returns mark price only and only for a subset of options used in volatility index calculations.|Deribit public/ticker exposes mark_iv and greeks for current/live instruments, but no official public historical point-in-time IV/Greek snapshot endpoint was found."
2025-02-11,14:00,BTC-14FEB25-106000-C,6,2025-02-07T08:00:00.000Z,2025-02-14T08:00:00.000Z,14FEB25,106000,false,false,,false,,false,,false,,false,,false,,true,96992.5,true,0.0006,false,0,,,,mark_price|mark_iv|delta|gamma|theta|vega,"mark_history_error:public/get_mark_price_history HTTP 400 Bad Request Invalid params:{""reason"":""instrument is not active"",""param"":""instrument_name""}|trade_candle_exists_but_mark_history_missing|Deribit public/get_mark_price_history returns mark price only and only for a subset of options used in volatility index calculations.|Deribit public/ticker exposes mark_iv and greeks for current/live instruments, but no official public historical point-in-time IV/Greek snapshot endpoint was found."
2025-02-11,16:00,BTC-14FEB25-106000-C,6,2025-02-07T08:00:00.000Z,2025-02-14T08:00:00.000Z,14FEB25,106000,false,false,,false,,false,,false,,false,,false,,true,96366.5,true,0.0006,false,0,,,,mark_price|mark_iv|delta|gamma|theta|vega,"mark_history_error:public/get_mark_price_history HTTP 400 Bad Request Invalid params:{""reason"":""instrument is not active"",""param"":""instrument_name""}|trade_candle_exists_but_mark_history_missing|Deribit public/get_mark_price_history returns mark price only and only for a subset of options used in volatility index calculations.|Deribit public/ticker exposes mark_iv and greeks for current/live instruments, but no official public historical point-in-time IV/Greek snapshot endpoint was found."
2025-02-12,08:00,BTC-14FEB25-106000-C,6,2025-02-07T08:00:00.000Z,2025-02-14T08:00:00.000Z,14FEB25,106000,false,false,,false,,false,,false,,false,,false,,true,96384,true,0.0003,false,0,,,,mark_price|mark_iv|delta|gamma|theta|vega,"mark_history_error:public/get_mark_price_history HTTP 400 Bad Request Invalid params:{""reason"":""instrument is not active"",""param"":""instrument_name""}|trade_candle_exists_but_mark_history_missing|Deribit public/get_mark_price_history returns mark price only and only for a subset of options used in volatility index calculations.|Deribit public/ticker exposes mark_iv and greeks for current/live instruments, but no official public historical point-in-time IV/Greek snapshot endpoint was found."
2025-02-12,14:00,BTC-14FEB25-106000-C,6,2025-02-07T08:00:00.000Z,2025-02-14T08:00:00.000Z,14FEB25,106000,false,false,,false,,false,,false,,false,,false,,true,95638.5,true,0.0001,false,0,,,,mark_price|mark_iv|delta|gamma|theta|vega,"mark_history_error:public/get_mark_price_history HTTP 400 Bad Request Invalid params:{""reason"":""instrument is not active"",""param"":""instrument_name""}|trade_candle_exists_but_mark_history_missing|Deribit public/get_mark_price_history returns mark price only and only for a subset of options used in volatility index calculations.|Deribit public/ticker exposes mark_iv and greeks for current/live instruments, but no official public historical point-in-time IV/Greek snapshot endpoint was found."
2025-02-12,16:00,BTC-14FEB25-106000-C,6,2025-02-07T08:00:00.000Z,2025-02-14T08:00:00.000Z,14FEB25,106000,false,false,,false,,false,,false,,false,,false,,true,97026,true,0.0001,false,0,,,,mark_price|mark_iv|delta|gamma|theta|vega,"mark_history_error:public/get_mark_price_history HTTP 400 Bad Request Invalid params:{""reason"":""instrument is not active"",""param"":""instrument_name""}|trade_candle_exists_but_mark_history_missing|Deribit public/get_mark_price_history returns mark price only and only for a subset of options used in volatility index calculations.|Deribit public/ticker exposes mark_iv and greeks for current/live instruments, but no official public historical point-in-time IV/Greek snapshot endpoint was found."
2025-02-13,08:00,BTC-14FEB25-106000-C,6,2025-02-07T08:00:00.000Z,2025-02-14T08:00:00.000Z,14FEB25,106000,false,false,,false,,false,,false,,false,,false,,true,95945,true,0.0001,false,0,,,,mark_price|mark_iv|delta|gamma|theta|vega,"mark_history_error:public/get_mark_price_history HTTP 400 Bad Request Invalid params:{""reason"":""instrument is not active"",""param"":""instrument_name""}|trade_candle_exists_but_mark_history_missing|Deribit public/get_mark_price_history returns mark price only and only for a subset of options used in volatility index calculations.|Deribit public/ticker exposes mark_iv and greeks for current/live instruments, but no official public historical point-in-time IV/Greek snapshot endpoint was found."
2025-02-13,14:00,BTC-14FEB25-106000-C,6,2025-02-07T08:00:00.000Z,2025-02-14T08:00:00.000Z,14FEB25,106000,false,false,,false,,false,,false,,false,,false,,true,95902.5,true,0.0001,false,0,,,,mark_price|mark_iv|delta|gamma|theta|vega,"mark_history_error:public/get_mark_price_history HTTP 400 Bad Request Invalid params:{""reason"":""instrument is not active"",""param"":""instrument_name""}|trade_candle_exists_but_mark_history_missing|Deribit public/get_mark_price_history returns mark price only and only for a subset of options used in volatility index calculations.|Deribit public/ticker exposes mark_iv and greeks for current/live instruments, but no official public historical point-in-time IV/Greek snapshot endpoint was found."
2025-02-13,16:00,BTC-14FEB25-106000-C,6,2025-02-07T08:00:00.000Z,2025-02-14T08:00:00.000Z,14FEB25,106000,false,false,,false,,false,,false,,false,,false,,true,95389.5,true,0.0001,false,0,,,,mark_price|mark_iv|delta|gamma|theta|vega,"mark_history_error:public/get_mark_price_history HTTP 400 Bad Request Invalid params:{""reason"":""instrument is not active"",""param"":""instrument_name""}|trade_candle_exists_but_mark_history_missing|Deribit public/get_mark_price_history returns mark price only and only for a subset of options used in volatility index calculations.|Deribit public/ticker exposes mark_iv and greeks for current/live instruments, but no official public historical point-in-time IV/Greek snapshot endpoint was found."
2025-02-14,08:00,BTC-21FEB25-107000-C,7,2025-02-14T08:00:00.000Z,2025-02-21T08:00:00.000Z,21FEB25,107000,false,false,,false,,false,,false,,false,,false,,true,96918.5,true,0.0016,false,0,,,,mark_price|mark_iv|delta|gamma|theta|vega,"mark_history_error:public/get_mark_price_history HTTP 400 Bad Request Invalid params:{""reason"":""instrument is not active"",""param"":""instrument_name""}|trade_candle_exists_but_mark_history_missing|Deribit public/get_mark_price_history returns mark price only and only for a subset of options used in volatility index calculations.|Deribit public/ticker exposes mark_iv and greeks for current/live instruments, but no official public historical point-in-time IV/Greek snapshot endpoint was found."
2025-02-14,14:00,BTC-21FEB25-107000-C,7,2025-02-14T08:00:00.000Z,2025-02-21T08:00:00.000Z,21FEB25,107000,false,false,,false,,false,,false,,false,,false,,true,97330,true,0.0018,false,0,,,,mark_price|mark_iv|delta|gamma|theta|vega,"mark_history_error:public/get_mark_price_history HTTP 400 Bad Request Invalid params:{""reason"":""instrument is not active"",""param"":""instrument_name""}|trade_candle_exists_but_mark_history_missing|Deribit public/get_mark_price_history returns mark price only and only for a subset of options used in volatility index calculations.|Deribit public/ticker exposes mark_iv and greeks for current/live instruments, but no official public historical point-in-time IV/Greek snapshot endpoint was found."
2025-02-14,16:00,BTC-21FEB25-107000-C,7,2025-02-14T08:00:00.000Z,2025-02-21T08:00:00.000Z,21FEB25,107000,false,false,,false,,false,,false,,false,,false,,true,97691,true,0.0012,false,0,,,,mark_price|mark_iv|delta|gamma|theta|vega,"mark_history_error:public/get_mark_price_history HTTP 400 Bad Request Invalid params:{""reason"":""instrument is not active"",""param"":""instrument_name""}|trade_candle_exists_but_mark_history_missing|Deribit public/get_mark_price_history returns mark price only and only for a subset of options used in volatility index calculations.|Deribit public/ticker exposes mark_iv and greeks for current/live instruments, but no official public historical point-in-time IV/Greek snapshot endpoint was found."
2025-02-15,08:00,BTC-21FEB25-107000-C,7,2025-02-14T08:00:00.000Z,2025-02-21T08:00:00.000Z,21FEB25,107000,false,false,,false,,false,,false,,false,,false,,true,97556,true,0.0012,false,0,,,,mark_price|mark_iv|delta|gamma|theta|vega,"mark_history_error:public/get_mark_price_history HTTP 400 Bad Request Invalid params:{""reason"":""instrument is not active"",""param"":""instrument_name""}|trade_candle_exists_but_mark_history_missing|Deribit public/get_mark_price_history returns mark price only and only for a subset of options used in volatility index calculations.|Deribit public/ticker exposes mark_iv and greeks for current/live instruments, but no official public historical point-in-time IV/Greek snapshot endpoint was found."
2025-02-15,14:00,BTC-21FEB25-107000-C,7,2025-02-14T08:00:00.000Z,2025-02-21T08:00:00.000Z,21FEB25,107000,false,false,,false,,false,,false,,false,,false,,true,97646,true,0.0016,false,0,,,,mark_price|mark_iv|delta|gamma|theta|vega,"mark_history_error:public/get_mark_price_history HTTP 400 Bad Request Invalid params:{""reason"":""instrument is not active"",""param"":""instrument_name""}|trade_candle_exists_but_mark_history_missing|Deribit public/get_mark_price_history returns mark price only and only for a subset of options used in volatility index calculations.|Deribit public/ticker exposes mark_iv and greeks for current/live instruments, but no official public historical point-in-time IV/Greek snapshot endpoint was found."
2025-02-15,16:00,BTC-21FEB25-107000-C,7,2025-02-14T08:00:00.000Z,2025-02-21T08:00:00.000Z,21FEB25,107000,false,false,,false,,false,,false,,false,,false,,true,97568,true,0.0016,false,0,,,,mark_price|mark_iv|delta|gamma|theta|vega,"mark_history_error:public/get_mark_price_history HTTP 400 Bad Request Invalid params:{""reason"":""instrument is not active"",""param"":""instrument_name""}|trade_candle_exists_but_mark_history_missing|Deribit public/get_mark_price_history returns mark price only and only for a subset of options used in volatility index calculations.|Deribit public/ticker exposes mark_iv and greeks for current/live instruments, but no official public historical point-in-time IV/Greek snapshot endpoint was found."
2025-02-16,08:00,BTC-21FEB25-107000-C,7,2025-02-14T08:00:00.000Z,2025-02-21T08:00:00.000Z,21FEB25,107000,false,false,,false,,false,,false,,false,,false,,true,97196.5,true,0.0011,false,0,,,,mark_price|mark_iv|delta|gamma|theta|vega,"mark_history_error:public/get_mark_price_history HTTP 400 Bad Request Invalid params:{""reason"":""instrument is not active"",""param"":""instrument_name""}|trade_candle_exists_but_mark_history_missing|Deribit public/get_mark_price_history returns mark price only and only for a subset of options used in volatility index calculations.|Deribit public/ticker exposes mark_iv and greeks for current/live instruments, but no official public historical point-in-time IV/Greek snapshot endpoint was found."
2025-02-16,14:00,BTC-21FEB25-107000-C,7,2025-02-14T08:00:00.000Z,2025-02-21T08:00:00.000Z,21FEB25,107000,false,false,,false,,false,,false,,false,,false,,true,96987,true,0.0011,false,0,,,,mark_price|mark_iv|delta|gamma|theta|vega,"mark_history_error:public/get_mark_price_history HTTP 400 Bad Request Invalid params:{""reason"":""instrument is not active"",""param"":""instrument_name""}|trade_candle_exists_but_mark_history_missing|Deribit public/get_mark_price_history returns mark price only and only for a subset of options used in volatility index calculations.|Deribit public/ticker exposes mark_iv and greeks for current/live instruments, but no official public historical point-in-time IV/Greek snapshot endpoint was found."
2025-02-16,16:00,BTC-21FEB25-107000-C,7,2025-02-14T08:00:00.000Z,2025-02-21T08:00:00.000Z,21FEB25,107000,false,false,,false,,false,,false,,false,,false,,true,97061,true,0.0011,false,0,,,,mark_price|mark_iv|delta|gamma|theta|vega,"mark_history_error:public/get_mark_price_history HTTP 400 Bad Request Invalid params:{""reason"":""instrument is not active"",""param"":""instrument_name""}|trade_candle_exists_but_mark_history_missing|Deribit public/get_mark_price_history returns mark price only and only for a subset of options used in volatility index calculations.|Deribit public/ticker exposes mark_iv and greeks for current/live instruments, but no official public historical point-in-time IV/Greek snapshot endpoint was found."
2025-02-17,08:00,BTC-21FEB25-107000-C,7,2025-02-14T08:00:00.000Z,2025-02-21T08:00:00.000Z,21FEB25,107000,false,false,,false,,false,,false,,false,,false,,true,96157,true,0.001,false,0,,,,mark_price|mark_iv|delta|gamma|theta|vega,"mark_history_error:public/get_mark_price_history HTTP 400 Bad Request Invalid params:{""reason"":""instrument is not active"",""param"":""instrument_name""}|trade_candle_exists_but_mark_history_missing|Deribit public/get_mark_price_history returns mark price only and only for a subset of options used in volatility index calculations.|Deribit public/ticker exposes mark_iv and greeks for current/live instruments, but no official public historical point-in-time IV/Greek snapshot endpoint was found."
2025-02-17,14:00,BTC-21FEB25-107000-C,7,2025-02-14T08:00:00.000Z,2025-02-21T08:00:00.000Z,21FEB25,107000,false,false,,false,,false,,false,,false,,false,,true,96835.5,true,0.0007,false,0,,,,mark_price|mark_iv|delta|gamma|theta|vega,"mark_history_error:public/get_mark_price_history HTTP 400 Bad Request Invalid params:{""reason"":""instrument is not active"",""param"":""instrument_name""}|trade_candle_exists_but_mark_history_missing|Deribit public/get_mark_price_history returns mark price only and only for a subset of options used in volatility index calculations.|Deribit public/ticker exposes mark_iv and greeks for current/live instruments, but no official public historical point-in-time IV/Greek snapshot endpoint was found."
2025-02-17,16:00,BTC-21FEB25-107000-C,7,2025-02-14T08:00:00.000Z,2025-02-21T08:00:00.000Z,21FEB25,107000,false,false,,false,,false,,false,,false,,false,,true,95358,true,0.0005,false,0,,,,mark_price|mark_iv|delta|gamma|theta|vega,"mark_history_error:public/get_mark_price_history HTTP 400 Bad Request Invalid params:{""reason"":""instrument is not active"",""param"":""instrument_name""}|trade_candle_exists_but_mark_history_missing|Deribit public/get_mark_price_history returns mark price only and only for a subset of options used in volatility index calculations.|Deribit public/ticker exposes mark_iv and greeks for current/live instruments, but no official public historical point-in-time IV/Greek snapshot endpoint was found."
2025-02-18,08:00,BTC-21FEB25-107000-C,7,2025-02-14T08:00:00.000Z,2025-02-21T08:00:00.000Z,21FEB25,107000,false,false,,false,,false,,false,,false,,false,,true,95225,true,0.0003,false,0,,,,mark_price|mark_iv|delta|gamma|theta|vega,"mark_history_error:public/get_mark_price_history HTTP 400 Bad Request Invalid params:{""reason"":""instrument is not active"",""param"":""instrument_name""}|trade_candle_exists_but_mark_history_missing|Deribit public/get_mark_price_history returns mark price only and only for a subset of options used in volatility index calculations.|Deribit public/ticker exposes mark_iv and greeks for current/live instruments, but no official public historical point-in-time IV/Greek snapshot endpoint was found."
2025-02-18,14:00,BTC-21FEB25-107000-C,7,2025-02-14T08:00:00.000Z,2025-02-21T08:00:00.000Z,21FEB25,107000,false,false,,false,,false,,false,,false,,false,,true,95521,true,0.0002,false,0,,,,mark_price|mark_iv|delta|gamma|theta|vega,"mark_history_error:public/get_mark_price_history HTTP 400 Bad Request Invalid params:{""reason"":""instrument is not active"",""param"":""instrument_name""}|trade_candle_exists_but_mark_history_missing|Deribit public/get_mark_price_history returns mark price only and only for a subset of options used in volatility index calculations.|Deribit public/ticker exposes mark_iv and greeks for current/live instruments, but no official public historical point-in-time IV/Greek snapshot endpoint was found."
2025-02-18,16:00,BTC-21FEB25-107000-C,7,2025-02-14T08:00:00.000Z,2025-02-21T08:00:00.000Z,21FEB25,107000,false,false,,false,,false,,false,,false,,false,,true,94621,true,0.0002,false,0,,,,mark_price|mark_iv|delta|gamma|theta|vega,"mark_history_error:public/get_mark_price_history HTTP 400 Bad Request Invalid params:{""reason"":""instrument is not active"",""param"":""instrument_name""}|trade_candle_exists_but_mark_history_missing|Deribit public/get_mark_price_history returns mark price only and only for a subset of options used in volatility index calculations.|Deribit public/ticker exposes mark_iv and greeks for current/live instruments, but no official public historical point-in-time IV/Greek snapshot endpoint was found."
2025-02-19,08:00,BTC-21FEB25-107000-C,7,2025-02-14T08:00:00.000Z,2025-02-21T08:00:00.000Z,21FEB25,107000,false,false,,false,,false,,false,,false,,false,,true,95630.5,true,0.0002,false,0,,,,mark_price|mark_iv|delta|gamma|theta|vega,"mark_history_error:public/get_mark_price_history HTTP 400 Bad Request Invalid params:{""reason"":""instrument is not active"",""param"":""instrument_name""}|trade_candle_exists_but_mark_history_missing|Deribit public/get_mark_price_history returns mark price only and only for a subset of options used in volatility index calculations.|Deribit public/ticker exposes mark_iv and greeks for current/live instruments, but no official public historical point-in-time IV/Greek snapshot endpoint was found."
2025-02-19,14:00,BTC-21FEB25-107000-C,7,2025-02-14T08:00:00.000Z,2025-02-21T08:00:00.000Z,21FEB25,107000,false,false,,false,,false,,false,,false,,false,,true,95759.5,true,0.0002,false,0,,,,mark_price|mark_iv|delta|gamma|theta|vega,"mark_history_error:public/get_mark_price_history HTTP 400 Bad Request Invalid params:{""reason"":""instrument is not active"",""param"":""instrument_name""}|trade_candle_exists_but_mark_history_missing|Deribit public/get_mark_price_history returns mark price only and only for a subset of options used in volatility index calculations.|Deribit public/ticker exposes mark_iv and greeks for current/live instruments, but no official public historical point-in-time IV/Greek snapshot endpoint was found."
2025-02-19,16:00,BTC-21FEB25-107000-C,7,2025-02-14T08:00:00.000Z,2025-02-21T08:00:00.000Z,21FEB25,107000,false,false,,false,,false,,false,,false,,false,,true,96284,true,0.0002,false,0,,,,mark_price|mark_iv|delta|gamma|theta|vega,"mark_history_error:public/get_mark_price_history HTTP 400 Bad Request Invalid params:{""reason"":""instrument is not active"",""param"":""instrument_name""}|trade_candle_exists_but_mark_history_missing|Deribit public/get_mark_price_history returns mark price only and only for a subset of options used in volatility index calculations.|Deribit public/ticker exposes mark_iv and greeks for current/live instruments, but no official public historical point-in-time IV/Greek snapshot endpoint was found."
2025-02-20,08:00,BTC-21FEB25-107000-C,7,2025-02-14T08:00:00.000Z,2025-02-21T08:00:00.000Z,21FEB25,107000,false,false,,false,,false,,false,,false,,false,,true,97184,true,0.0001,false,0,,,,mark_price|mark_iv|delta|gamma|theta|vega,"mark_history_error:public/get_mark_price_history HTTP 400 Bad Request Invalid params:{""reason"":""instrument is not active"",""param"":""instrument_name""}|trade_candle_exists_but_mark_history_missing|Deribit public/get_mark_price_history returns mark price only and only for a subset of options used in volatility index calculations.|Deribit public/ticker exposes mark_iv and greeks for current/live instruments, but no official public historical point-in-time IV/Greek snapshot endpoint was found."
2025-02-20,14:00,BTC-21FEB25-107000-C,7,2025-02-14T08:00:00.000Z,2025-02-21T08:00:00.000Z,21FEB25,107000,false,false,,false,,false,,false,,false,,false,,true,97010.5,true,0.0001,false,0,,,,mark_price|mark_iv|delta|gamma|theta|vega,"mark_history_error:public/get_mark_price_history HTTP 400 Bad Request Invalid params:{""reason"":""instrument is not active"",""param"":""instrument_name""}|trade_candle_exists_but_mark_history_missing|Deribit public/get_mark_price_history returns mark price only and only for a subset of options used in volatility index calculations.|Deribit public/ticker exposes mark_iv and greeks for current/live instruments, but no official public historical point-in-time IV/Greek snapshot endpoint was found."
2025-02-20,16:00,BTC-21FEB25-107000-C,7,2025-02-14T08:00:00.000Z,2025-02-21T08:00:00.000Z,21FEB25,107000,false,false,,false,,false,,false,,false,,false,,true,97596.5,true,0.0001,false,0,,,,mark_price|mark_iv|delta|gamma|theta|vega,"mark_history_error:public/get_mark_price_history HTTP 400 Bad Request Invalid params:{""reason"":""instrument is not active"",""param"":""instrument_name""}|trade_candle_exists_but_mark_history_missing|Deribit public/get_mark_price_history returns mark price only and only for a subset of options used in volatility index calculations.|Deribit public/ticker exposes mark_iv and greeks for current/live instruments, but no official public historical point-in-time IV/Greek snapshot endpoint was found."
2025-02-21,08:00,BTC-28FEB25-108000-C,8,2025-02-21T08:00:00.000Z,2025-02-28T08:00:00.000Z,28FEB25,108000,false,false,,false,,false,,false,,false,,false,,true,98255,true,0.0015,false,0,,,,mark_price|mark_iv|delta|gamma|theta|vega,"mark_history_error:public/get_mark_price_history HTTP 400 Bad Request Invalid params:{""reason"":""instrument is not active"",""param"":""instrument_name""}|trade_candle_exists_but_mark_history_missing|Deribit public/get_mark_price_history returns mark price only and only for a subset of options used in volatility index calculations.|Deribit public/ticker exposes mark_iv and greeks for current/live instruments, but no official public historical point-in-time IV/Greek snapshot endpoint was found."
2025-02-21,14:00,BTC-28FEB25-108000-C,8,2025-02-21T08:00:00.000Z,2025-02-28T08:00:00.000Z,28FEB25,108000,false,false,,false,,false,,false,,false,,false,,true,98847.5,true,0.0024,false,0,,,,mark_price|mark_iv|delta|gamma|theta|vega,"mark_history_error:public/get_mark_price_history HTTP 400 Bad Request Invalid params:{""reason"":""instrument is not active"",""param"":""instrument_name""}|trade_candle_exists_but_mark_history_missing|Deribit public/get_mark_price_history returns mark price only and only for a subset of options used in volatility index calculations.|Deribit public/ticker exposes mark_iv and greeks for current/live instruments, but no official public historical point-in-time IV/Greek snapshot endpoint was found."
2025-02-21,16:00,BTC-28FEB25-108000-C,8,2025-02-21T08:00:00.000Z,2025-02-28T08:00:00.000Z,28FEB25,108000,false,false,,false,,false,,false,,false,,false,,true,98262,true,0.0017,false,0,,,,mark_price|mark_iv|delta|gamma|theta|vega,"mark_history_error:public/get_mark_price_history HTTP 400 Bad Request Invalid params:{""reason"":""instrument is not active"",""param"":""instrument_name""}|trade_candle_exists_but_mark_history_missing|Deribit public/get_mark_price_history returns mark price only and only for a subset of options used in volatility index calculations.|Deribit public/ticker exposes mark_iv and greeks for current/live instruments, but no official public historical point-in-time IV/Greek snapshot endpoint was found."
2025-02-22,08:00,BTC-28FEB25-108000-C,8,2025-02-21T08:00:00.000Z,2025-02-28T08:00:00.000Z,28FEB25,108000,false,false,,false,,false,,false,,false,,false,,true,96184.5,true,0.0008,false,0,,,,mark_price|mark_iv|delta|gamma|theta|vega,"mark_history_error:public/get_mark_price_history HTTP 400 Bad Request Invalid params:{""reason"":""instrument is not active"",""param"":""instrument_name""}|trade_candle_exists_but_mark_history_missing|Deribit public/get_mark_price_history returns mark price only and only for a subset of options used in volatility index calculations.|Deribit public/ticker exposes mark_iv and greeks for current/live instruments, but no official public historical point-in-time IV/Greek snapshot endpoint was found."
2025-02-22,14:00,BTC-28FEB25-108000-C,8,2025-02-21T08:00:00.000Z,2025-02-28T08:00:00.000Z,28FEB25,108000,false,false,,false,,false,,false,,false,,false,,true,96535.5,true,0.0011,false,0,,,,mark_price|mark_iv|delta|gamma|theta|vega,"mark_history_error:public/get_mark_price_history HTTP 400 Bad Request Invalid params:{""reason"":""instrument is not active"",""param"":""instrument_name""}|trade_candle_exists_but_mark_history_missing|Deribit public/get_mark_price_history returns mark price only and only for a subset of options used in volatility index calculations.|Deribit public/ticker exposes mark_iv and greeks for current/live instruments, but no official public historical point-in-time IV/Greek snapshot endpoint was found."
2025-02-22,16:00,BTC-28FEB25-108000-C,8,2025-02-21T08:00:00.000Z,2025-02-28T08:00:00.000Z,28FEB25,108000,false,false,,false,,false,,false,,false,,false,,true,96524.5,true,0.0011,false,0,,,,mark_price|mark_iv|delta|gamma|theta|vega,"mark_history_error:public/get_mark_price_history HTTP 400 Bad Request Invalid params:{""reason"":""instrument is not active"",""param"":""instrument_name""}|trade_candle_exists_but_mark_history_missing|Deribit public/get_mark_price_history returns mark price only and only for a subset of options used in volatility index calculations.|Deribit public/ticker exposes mark_iv and greeks for current/live instruments, but no official public historical point-in-time IV/Greek snapshot endpoint was found."
2025-02-23,08:00,BTC-28FEB25-108000-C,8,2025-02-21T08:00:00.000Z,2025-02-28T08:00:00.000Z,28FEB25,108000,false,false,,false,,false,,false,,false,,false,,true,96382.5,true,0.0011,false,0,,,,mark_price|mark_iv|delta|gamma|theta|vega,"mark_history_error:public/get_mark_price_history HTTP 400 Bad Request Invalid params:{""reason"":""instrument is not active"",""param"":""instrument_name""}|trade_candle_exists_but_mark_history_missing|Deribit public/get_mark_price_history returns mark price only and only for a subset of options used in volatility index calculations.|Deribit public/ticker exposes mark_iv and greeks for current/live instruments, but no official public historical point-in-time IV/Greek snapshot endpoint was found."
2025-02-23,14:00,BTC-28FEB25-108000-C,8,2025-02-21T08:00:00.000Z,2025-02-28T08:00:00.000Z,28FEB25,108000,false,false,,false,,false,,false,,false,,false,,true,95619.5,true,0.0007,false,0,,,,mark_price|mark_iv|delta|gamma|theta|vega,"mark_history_error:public/get_mark_price_history HTTP 400 Bad Request Invalid params:{""reason"":""instrument is not active"",""param"":""instrument_name""}|trade_candle_exists_but_mark_history_missing|Deribit public/get_mark_price_history returns mark price only and only for a subset of options used in volatility index calculations.|Deribit public/ticker exposes mark_iv and greeks for current/live instruments, but no official public historical point-in-time IV/Greek snapshot endpoint was found."
2025-02-23,16:00,BTC-28FEB25-108000-C,8,2025-02-21T08:00:00.000Z,2025-02-28T08:00:00.000Z,28FEB25,108000,false,false,,false,,false,,false,,false,,false,,true,95465,true,0.0007,false,0,,,,mark_price|mark_iv|delta|gamma|theta|vega,"mark_history_error:public/get_mark_price_history HTTP 400 Bad Request Invalid params:{""reason"":""instrument is not active"",""param"":""instrument_name""}|trade_candle_exists_but_mark_history_missing|Deribit public/get_mark_price_history returns mark price only and only for a subset of options used in volatility index calculations.|Deribit public/ticker exposes mark_iv and greeks for current/live instruments, but no official public historical point-in-time IV/Greek snapshot endpoint was found."
2025-02-24,08:00,BTC-28FEB25-108000-C,8,2025-02-21T08:00:00.000Z,2025-02-28T08:00:00.000Z,28FEB25,108000,false,false,,false,,false,,false,,false,,false,,true,95520,true,0.0005,false,0,,,,mark_price|mark_iv|delta|gamma|theta|vega,"mark_history_error:public/get_mark_price_history HTTP 400 Bad Request Invalid params:{""reason"":""instrument is not active"",""param"":""instrument_name""}|trade_candle_exists_but_mark_history_missing|Deribit public/get_mark_price_history returns mark price only and only for a subset of options used in volatility index calculations.|Deribit public/ticker exposes mark_iv and greeks for current/live instruments, but no official public historical point-in-time IV/Greek snapshot endpoint was found."
2025-02-24,14:00,BTC-28FEB25-108000-C,8,2025-02-21T08:00:00.000Z,2025-02-28T08:00:00.000Z,28FEB25,108000,false,false,,false,,false,,false,,false,,false,,true,94666,true,0.0004,false,0,,,,mark_price|mark_iv|delta|gamma|theta|vega,"mark_history_error:public/get_mark_price_history HTTP 400 Bad Request Invalid params:{""reason"":""instrument is not active"",""param"":""instrument_name""}|trade_candle_exists_but_mark_history_missing|Deribit public/get_mark_price_history returns mark price only and only for a subset of options used in volatility index calculations.|Deribit public/ticker exposes mark_iv and greeks for current/live instruments, but no official public historical point-in-time IV/Greek snapshot endpoint was found."
2025-02-24,16:00,BTC-28FEB25-108000-C,8,2025-02-21T08:00:00.000Z,2025-02-28T08:00:00.000Z,28FEB25,108000,false,false,,false,,false,,false,,false,,false,,true,94384,true,0.0004,false,0,,,,mark_price|mark_iv|delta|gamma|theta|vega,"mark_history_error:public/get_mark_price_history HTTP 400 Bad Request Invalid params:{""reason"":""instrument is not active"",""param"":""instrument_name""}|trade_candle_exists_but_mark_history_missing|Deribit public/get_mark_price_history returns mark price only and only for a subset of options used in volatility index calculations.|Deribit public/ticker exposes mark_iv and greeks for current/live instruments, but no official public historical point-in-time IV/Greek snapshot endpoint was found."
2025-02-25,08:00,BTC-28FEB25-108000-C,8,2025-02-21T08:00:00.000Z,2025-02-28T08:00:00.000Z,28FEB25,108000,false,false,,false,,false,,false,,false,,false,,true,89395,true,0.0002,false,0,,,,mark_price|mark_iv|delta|gamma|theta|vega,"mark_history_error:public/get_mark_price_history HTTP 400 Bad Request Invalid params:{""reason"":""instrument is not active"",""param"":""instrument_name""}|trade_candle_exists_but_mark_history_missing|Deribit public/get_mark_price_history returns mark price only and only for a subset of options used in volatility index calculations.|Deribit public/ticker exposes mark_iv and greeks for current/live instruments, but no official public historical point-in-time IV/Greek snapshot endpoint was found."
2025-02-25,14:00,BTC-28FEB25-108000-C,8,2025-02-21T08:00:00.000Z,2025-02-28T08:00:00.000Z,28FEB25,108000,false,false,,false,,false,,false,,false,,false,,true,87083,true,0.0001,false,0,,,,mark_price|mark_iv|delta|gamma|theta|vega,"mark_history_error:public/get_mark_price_history HTTP 400 Bad Request Invalid params:{""reason"":""instrument is not active"",""param"":""instrument_name""}|trade_candle_exists_but_mark_history_missing|Deribit public/get_mark_price_history returns mark price only and only for a subset of options used in volatility index calculations.|Deribit public/ticker exposes mark_iv and greeks for current/live instruments, but no official public historical point-in-time IV/Greek snapshot endpoint was found."
2025-02-25,16:00,BTC-28FEB25-108000-C,8,2025-02-21T08:00:00.000Z,2025-02-28T08:00:00.000Z,28FEB25,108000,false,false,,false,,false,,false,,false,,false,,true,87370,true,0.0001,false,0,,,,mark_price|mark_iv|delta|gamma|theta|vega,"mark_history_error:public/get_mark_price_history HTTP 400 Bad Request Invalid params:{""reason"":""instrument is not active"",""param"":""instrument_name""}|trade_candle_exists_but_mark_history_missing|Deribit public/get_mark_price_history returns mark price only and only for a subset of options used in volatility index calculations.|Deribit public/ticker exposes mark_iv and greeks for current/live instruments, but no official public historical point-in-time IV/Greek snapshot endpoint was found."
2025-02-26,08:00,BTC-28FEB25-108000-C,8,2025-02-21T08:00:00.000Z,2025-02-28T08:00:00.000Z,28FEB25,108000,false,false,,false,,false,,false,,false,,false,,true,88423,true,0.0001,false,0,,,,mark_price|mark_iv|delta|gamma|theta|vega,"mark_history_error:public/get_mark_price_history HTTP 400 Bad Request Invalid params:{""reason"":""instrument is not active"",""param"":""instrument_name""}|trade_candle_exists_but_mark_history_missing|Deribit public/get_mark_price_history returns mark price only and only for a subset of options used in volatility index calculations.|Deribit public/ticker exposes mark_iv and greeks for current/live instruments, but no official public historical point-in-time IV/Greek snapshot endpoint was found."
2025-02-26,14:00,BTC-28FEB25-108000-C,8,2025-02-21T08:00:00.000Z,2025-02-28T08:00:00.000Z,28FEB25,108000,false,false,,false,,false,,false,,false,,false,,true,87543,true,0.0001,false,0,,,,mark_price|mark_iv|delta|gamma|theta|vega,"mark_history_error:public/get_mark_price_history HTTP 400 Bad Request Invalid params:{""reason"":""instrument is not active"",""param"":""instrument_name""}|trade_candle_exists_but_mark_history_missing|Deribit public/get_mark_price_history returns mark price only and only for a subset of options used in volatility index calculations.|Deribit public/ticker exposes mark_iv and greeks for current/live instruments, but no official public historical point-in-time IV/Greek snapshot endpoint was found."
2025-02-26,16:00,BTC-28FEB25-108000-C,8,2025-02-21T08:00:00.000Z,2025-02-28T08:00:00.000Z,28FEB25,108000,false,false,,false,,false,,false,,false,,false,,true,86703,true,0.0001,false,0,,,,mark_price|mark_iv|delta|gamma|theta|vega,"mark_history_error:public/get_mark_price_history HTTP 400 Bad Request Invalid params:{""reason"":""instrument is not active"",""param"":""instrument_name""}|trade_candle_exists_but_mark_history_missing|Deribit public/get_mark_price_history returns mark price only and only for a subset of options used in volatility index calculations.|Deribit public/ticker exposes mark_iv and greeks for current/live instruments, but no official public historical point-in-time IV/Greek snapshot endpoint was found."
2025-02-27,08:00,BTC-28FEB25-108000-C,8,2025-02-21T08:00:00.000Z,2025-02-28T08:00:00.000Z,28FEB25,108000,false,false,,false,,false,,false,,false,,false,,true,86000.5,true,0.0001,false,0,,,,mark_price|mark_iv|delta|gamma|theta|vega,"mark_history_error:public/get_mark_price_history HTTP 400 Bad Request Invalid params:{""reason"":""instrument is not active"",""param"":""instrument_name""}|trade_candle_exists_but_mark_history_missing|Deribit public/get_mark_price_history returns mark price only and only for a subset of options used in volatility index calculations.|Deribit public/ticker exposes mark_iv and greeks for current/live instruments, but no official public historical point-in-time IV/Greek snapshot endpoint was found."
2025-02-27,14:00,BTC-28FEB25-108000-C,8,2025-02-21T08:00:00.000Z,2025-02-28T08:00:00.000Z,28FEB25,108000,false,false,,false,,false,,false,,false,,false,,true,84931,true,0.0001,false,0,,,,mark_price|mark_iv|delta|gamma|theta|vega,"mark_history_error:public/get_mark_price_history HTTP 400 Bad Request Invalid params:{""reason"":""instrument is not active"",""param"":""instrument_name""}|trade_candle_exists_but_mark_history_missing|Deribit public/get_mark_price_history returns mark price only and only for a subset of options used in volatility index calculations.|Deribit public/ticker exposes mark_iv and greeks for current/live instruments, but no official public historical point-in-time IV/Greek snapshot endpoint was found."
2025-02-27,16:00,BTC-28FEB25-108000-C,8,2025-02-21T08:00:00.000Z,2025-02-28T08:00:00.000Z,28FEB25,108000,false,false,,false,,false,,false,,false,,false,,true,84393.5,true,0.0001,false,0,,,,mark_price|mark_iv|delta|gamma|theta|vega,"mark_history_error:public/get_mark_price_history HTTP 400 Bad Request Invalid params:{""reason"":""instrument is not active"",""param"":""instrument_name""}|trade_candle_exists_but_mark_history_missing|Deribit public/get_mark_price_history returns mark price only and only for a subset of options used in volatility index calculations.|Deribit public/ticker exposes mark_iv and greeks for current/live instruments, but no official public historical point-in-time IV/Greek snapshot endpoint was found."
2025-03-07,08:00,BTC-14MAR25-97000-C,10,2025-03-07T08:00:00.000Z,2025-03-14T08:00:00.000Z,14MAR25,97000,false,false,,false,,false,,false,,false,,false,,true,88371,true,0.0055,false,0,,,,mark_price|mark_iv|delta|gamma|theta|vega,"mark_history_error:public/get_mark_price_history HTTP 400 Bad Request Invalid params:{""reason"":""instrument is not active"",""param"":""instrument_name""}|trade_candle_exists_but_mark_history_missing|Deribit public/get_mark_price_history returns mark price only and only for a subset of options used in volatility index calculations.|Deribit public/ticker exposes mark_iv and greeks for current/live instruments, but no official public historical point-in-time IV/Greek snapshot endpoint was found."
2025-03-07,14:00,BTC-14MAR25-97000-C,10,2025-03-07T08:00:00.000Z,2025-03-14T08:00:00.000Z,14MAR25,97000,false,false,,false,,false,,false,,false,,false,,true,90450,true,0.01,false,0,,,,mark_price|mark_iv|delta|gamma|theta|vega,"mark_history_error:public/get_mark_price_history HTTP 400 Bad Request Invalid params:{""reason"":""instrument is not active"",""param"":""instrument_name""}|trade_candle_exists_but_mark_history_missing|Deribit public/get_mark_price_history returns mark price only and only for a subset of options used in volatility index calculations.|Deribit public/ticker exposes mark_iv and greeks for current/live instruments, but no official public historical point-in-time IV/Greek snapshot endpoint was found."
2025-03-07,16:00,BTC-14MAR25-97000-C,10,2025-03-07T08:00:00.000Z,2025-03-14T08:00:00.000Z,14MAR25,97000,false,false,,false,,false,,false,,false,,false,,true,87173.5,true,0.0095,false,0,,,,mark_price|mark_iv|delta|gamma|theta|vega,"mark_history_error:public/get_mark_price_history HTTP 400 Bad Request Invalid params:{""reason"":""instrument is not active"",""param"":""instrument_name""}|trade_candle_exists_but_mark_history_missing|Deribit public/get_mark_price_history returns mark price only and only for a subset of options used in volatility index calculations.|Deribit public/ticker exposes mark_iv and greeks for current/live instruments, but no official public historical point-in-time IV/Greek snapshot endpoint was found."
2025-03-08,08:00,BTC-14MAR25-97000-C,10,2025-03-07T08:00:00.000Z,2025-03-14T08:00:00.000Z,14MAR25,97000,false,false,,false,,false,,false,,false,,false,,true,86056,true,0.0013,false,0,,,,mark_price|mark_iv|delta|gamma|theta|vega,"mark_history_error:public/get_mark_price_history HTTP 400 Bad Request Invalid params:{""reason"":""instrument is not active"",""param"":""instrument_name""}|trade_candle_exists_but_mark_history_missing|Deribit public/get_mark_price_history returns mark price only and only for a subset of options used in volatility index calculations.|Deribit public/ticker exposes mark_iv and greeks for current/live instruments, but no official public historical point-in-time IV/Greek snapshot endpoint was found."
2025-03-08,14:00,BTC-14MAR25-97000-C,10,2025-03-07T08:00:00.000Z,2025-03-14T08:00:00.000Z,14MAR25,97000,false,false,,false,,false,,false,,false,,false,,true,86310,true,0.0013,false,0,,,,mark_price|mark_iv|delta|gamma|theta|vega,"mark_history_error:public/get_mark_price_history HTTP 400 Bad Request Invalid params:{""reason"":""instrument is not active"",""param"":""instrument_name""}|trade_candle_exists_but_mark_history_missing|Deribit public/get_mark_price_history returns mark price only and only for a subset of options used in volatility index calculations.|Deribit public/ticker exposes mark_iv and greeks for current/live instruments, but no official public historical point-in-time IV/Greek snapshot endpoint was found."
2025-03-08,16:00,BTC-14MAR25-97000-C,10,2025-03-07T08:00:00.000Z,2025-03-14T08:00:00.000Z,14MAR25,97000,false,false,,false,,false,,false,,false,,false,,true,86082.5,true,0.0014,false,0,,,,mark_price|mark_iv|delta|gamma|theta|vega,"mark_history_error:public/get_mark_price_history HTTP 400 Bad Request Invalid params:{""reason"":""instrument is not active"",""param"":""instrument_name""}|trade_candle_exists_but_mark_history_missing|Deribit public/get_mark_price_history returns mark price only and only for a subset of options used in volatility index calculations.|Deribit public/ticker exposes mark_iv and greeks for current/live instruments, but no official public historical point-in-time IV/Greek snapshot endpoint was found."
2025-03-09,08:00,BTC-14MAR25-97000-C,10,2025-03-07T08:00:00.000Z,2025-03-14T08:00:00.000Z,14MAR25,97000,false,false,,false,,false,,false,,false,,false,,true,85725,true,0.0016,false,0,,,,mark_price|mark_iv|delta|gamma|theta|vega,"mark_history_error:public/get_mark_price_history HTTP 400 Bad Request Invalid params:{""reason"":""instrument is not active"",""param"":""instrument_name""}|trade_candle_exists_but_mark_history_missing|Deribit public/get_mark_price_history returns mark price only and only for a subset of options used in volatility index calculations.|Deribit public/ticker exposes mark_iv and greeks for current/live instruments, but no official public historical point-in-time IV/Greek snapshot endpoint was found."
2025-03-09,14:00,BTC-14MAR25-97000-C,10,2025-03-07T08:00:00.000Z,2025-03-14T08:00:00.000Z,14MAR25,97000,false,false,,false,,false,,false,,false,,false,,true,83558.5,true,0.0009,false,0,,,,mark_price|mark_iv|delta|gamma|theta|vega,"mark_history_error:public/get_mark_price_history HTTP 400 Bad Request Invalid params:{""reason"":""instrument is not active"",""param"":""instrument_name""}|trade_candle_exists_but_mark_history_missing|Deribit public/get_mark_price_history returns mark price only and only for a subset of options used in volatility index calculations.|Deribit public/ticker exposes mark_iv and greeks for current/live instruments, but no official public historical point-in-time IV/Greek snapshot endpoint was found."
2025-03-09,16:00,BTC-14MAR25-97000-C,10,2025-03-07T08:00:00.000Z,2025-03-14T08:00:00.000Z,14MAR25,97000,false,false,,false,,false,,false,,false,,false,,true,82438.5,true,0.0007,false,0,,,,mark_price|mark_iv|delta|gamma|theta|vega,"mark_history_error:public/get_mark_price_history HTTP 400 Bad Request Invalid params:{""reason"":""instrument is not active"",""param"":""instrument_name""}|trade_candle_exists_but_mark_history_missing|Deribit public/get_mark_price_history returns mark price only and only for a subset of options used in volatility index calculations.|Deribit public/ticker exposes mark_iv and greeks for current/live instruments, but no official public historical point-in-time IV/Greek snapshot endpoint was found."
2025-03-10,08:00,BTC-14MAR25-97000-C,10,2025-03-07T08:00:00.000Z,2025-03-14T08:00:00.000Z,14MAR25,97000,false,false,,false,,false,,false,,false,,false,,true,81328.5,true,0.0008,false,0,,,,mark_price|mark_iv|delta|gamma|theta|vega,"mark_history_error:public/get_mark_price_history HTTP 400 Bad Request Invalid params:{""reason"":""instrument is not active"",""param"":""instrument_name""}|trade_candle_exists_but_mark_history_missing|Deribit public/get_mark_price_history returns mark price only and only for a subset of options used in volatility index calculations.|Deribit public/ticker exposes mark_iv and greeks for current/live instruments, but no official public historical point-in-time IV/Greek snapshot endpoint was found."
2025-03-10,14:00,BTC-14MAR25-97000-C,10,2025-03-07T08:00:00.000Z,2025-03-14T08:00:00.000Z,14MAR25,97000,false,false,,false,,false,,false,,false,,false,,true,79792,true,0.0006,false,0,,,,mark_price|mark_iv|delta|gamma|theta|vega,"mark_history_error:public/get_mark_price_history HTTP 400 Bad Request Invalid params:{""reason"":""instrument is not active"",""param"":""instrument_name""}|trade_candle_exists_but_mark_history_missing|Deribit public/get_mark_price_history returns mark price only and only for a subset of options used in volatility index calculations.|Deribit public/ticker exposes mark_iv and greeks for current/live instruments, but no official public historical point-in-time IV/Greek snapshot endpoint was found."
2025-03-10,16:00,BTC-14MAR25-97000-C,10,2025-03-07T08:00:00.000Z,2025-03-14T08:00:00.000Z,14MAR25,97000,false,false,,false,,false,,false,,false,,false,,true,78952.5,true,0.0006,false,0,,,,mark_price|mark_iv|delta|gamma|theta|vega,"mark_history_error:public/get_mark_price_history HTTP 400 Bad Request Invalid params:{""reason"":""instrument is not active"",""param"":""instrument_name""}|trade_candle_exists_but_mark_history_missing|Deribit public/get_mark_price_history returns mark price only and only for a subset of options used in volatility index calculations.|Deribit public/ticker exposes mark_iv and greeks for current/live instruments, but no official public historical point-in-time IV/Greek snapshot endpoint was found."
2025-03-11,08:00,BTC-14MAR25-97000-C,10,2025-03-07T08:00:00.000Z,2025-03-14T08:00:00.000Z,14MAR25,97000,false,false,,false,,false,,false,,false,,false,,true,81103,true,0.0005,false,0,,,,mark_price|mark_iv|delta|gamma|theta|vega,"mark_history_error:public/get_mark_price_history HTTP 400 Bad Request Invalid params:{""reason"":""instrument is not active"",""param"":""instrument_name""}|trade_candle_exists_but_mark_history_missing|Deribit public/get_mark_price_history returns mark price only and only for a subset of options used in volatility index calculations.|Deribit public/ticker exposes mark_iv and greeks for current/live instruments, but no official public historical point-in-time IV/Greek snapshot endpoint was found."
2025-03-11,14:00,BTC-14MAR25-97000-C,10,2025-03-07T08:00:00.000Z,2025-03-14T08:00:00.000Z,14MAR25,97000,false,false,,false,,false,,false,,false,,false,,true,79745,true,0.0003,false,0,,,,mark_price|mark_iv|delta|gamma|theta|vega,"mark_history_error:public/get_mark_price_history HTTP 400 Bad Request Invalid params:{""reason"":""instrument is not active"",""param"":""instrument_name""}|trade_candle_exists_but_mark_history_missing|Deribit public/get_mark_price_history returns mark price only and only for a subset of options used in volatility index calculations.|Deribit public/ticker exposes mark_iv and greeks for current/live instruments, but no official public historical point-in-time IV/Greek snapshot endpoint was found."
2025-03-11,16:00,BTC-14MAR25-97000-C,10,2025-03-07T08:00:00.000Z,2025-03-14T08:00:00.000Z,14MAR25,97000,false,false,,false,,false,,false,,false,,false,,true,81352.5,true,0.0003,false,0,,,,mark_price|mark_iv|delta|gamma|theta|vega,"mark_history_error:public/get_mark_price_history HTTP 400 Bad Request Invalid params:{""reason"":""instrument is not active"",""param"":""instrument_name""}|trade_candle_exists_but_mark_history_missing|Deribit public/get_mark_price_history returns mark price only and only for a subset of options used in volatility index calculations.|Deribit public/ticker exposes mark_iv and greeks for current/live instruments, but no official public historical point-in-time IV/Greek snapshot endpoint was found."
2025-03-12,08:00,BTC-14MAR25-97000-C,10,2025-03-07T08:00:00.000Z,2025-03-14T08:00:00.000Z,14MAR25,97000,false,false,,false,,false,,false,,false,,false,,true,82662.5,true,0.0002,false,0,,,,mark_price|mark_iv|delta|gamma|theta|vega,"mark_history_error:public/get_mark_price_history HTTP 400 Bad Request Invalid params:{""reason"":""instrument is not active"",""param"":""instrument_name""}|trade_candle_exists_but_mark_history_missing|Deribit public/get_mark_price_history returns mark price only and only for a subset of options used in volatility index calculations.|Deribit public/ticker exposes mark_iv and greeks for current/live instruments, but no official public historical point-in-time IV/Greek snapshot endpoint was found."
2025-03-12,14:00,BTC-14MAR25-97000-C,10,2025-03-07T08:00:00.000Z,2025-03-14T08:00:00.000Z,14MAR25,97000,false,false,,false,,false,,false,,false,,false,,true,81515,true,0.0002,false,0,,,,mark_price|mark_iv|delta|gamma|theta|vega,"mark_history_error:public/get_mark_price_history HTTP 400 Bad Request Invalid params:{""reason"":""instrument is not active"",""param"":""instrument_name""}|trade_candle_exists_but_mark_history_missing|Deribit public/get_mark_price_history returns mark price only and only for a subset of options used in volatility index calculations.|Deribit public/ticker exposes mark_iv and greeks for current/live instruments, but no official public historical point-in-time IV/Greek snapshot endpoint was found."
2025-03-12,16:00,BTC-14MAR25-97000-C,10,2025-03-07T08:00:00.000Z,2025-03-14T08:00:00.000Z,14MAR25,97000,false,false,,false,,false,,false,,false,,false,,true,81954,true,0.0001,false,0,,,,mark_price|mark_iv|delta|gamma|theta|vega,"mark_history_error:public/get_mark_price_history HTTP 400 Bad Request Invalid params:{""reason"":""instrument is not active"",""param"":""instrument_name""}|trade_candle_exists_but_mark_history_missing|Deribit public/get_mark_price_history returns mark price only and only for a subset of options used in volatility index calculations.|Deribit public/ticker exposes mark_iv and greeks for current/live instruments, but no official public historical point-in-time IV/Greek snapshot endpoint was found."
2025-03-13,08:00,BTC-14MAR25-97000-C,10,2025-03-07T08:00:00.000Z,2025-03-14T08:00:00.000Z,14MAR25,97000,false,false,,false,,false,,false,,false,,false,,true,82920.5,true,0.0001,false,0,,,,mark_price|mark_iv|delta|gamma|theta|vega,"mark_history_error:public/get_mark_price_history HTTP 400 Bad Request Invalid params:{""reason"":""instrument is not active"",""param"":""instrument_name""}|trade_candle_exists_but_mark_history_missing|Deribit public/get_mark_price_history returns mark price only and only for a subset of options used in volatility index calculations.|Deribit public/ticker exposes mark_iv and greeks for current/live instruments, but no official public historical point-in-time IV/Greek snapshot endpoint was found."
2025-03-13,14:00,BTC-14MAR25-97000-C,10,2025-03-07T08:00:00.000Z,2025-03-14T08:00:00.000Z,14MAR25,97000,false,false,,false,,false,,false,,false,,false,,true,81951.5,true,0.0001,false,0,,,,mark_price|mark_iv|delta|gamma|theta|vega,"mark_history_error:public/get_mark_price_history HTTP 400 Bad Request Invalid params:{""reason"":""instrument is not active"",""param"":""instrument_name""}|trade_candle_exists_but_mark_history_missing|Deribit public/get_mark_price_history returns mark price only and only for a subset of options used in volatility index calculations.|Deribit public/ticker exposes mark_iv and greeks for current/live instruments, but no official public historical point-in-time IV/Greek snapshot endpoint was found."
2025-03-13,16:00,BTC-14MAR25-97000-C,10,2025-03-07T08:00:00.000Z,2025-03-14T08:00:00.000Z,14MAR25,97000,false,false,,false,,false,,false,,false,,false,,true,80800,true,0.0001,false,0,,,,mark_price|mark_iv|delta|gamma|theta|vega,"mark_history_error:public/get_mark_price_history HTTP 400 Bad Request Invalid params:{""reason"":""instrument is not active"",""param"":""instrument_name""}|trade_candle_exists_but_mark_history_missing|Deribit public/get_mark_price_history returns mark price only and only for a subset of options used in volatility index calculations.|Deribit public/ticker exposes mark_iv and greeks for current/live instruments, but no official public historical point-in-time IV/Greek snapshot endpoint was found."
2025-03-14,08:00,BTC-21MAR25-90000-C,11,2025-03-14T08:00:00.000Z,2025-03-21T08:00:00.000Z,21MAR25,90000,false,false,,false,,false,,false,,false,,false,,true,82587,true,0.0036,false,0,,,,mark_price|mark_iv|delta|gamma|theta|vega,"mark_history_error:public/get_mark_price_history HTTP 400 Bad Request Invalid params:{""reason"":""instrument is not active"",""param"":""instrument_name""}|trade_candle_exists_but_mark_history_missing|Deribit public/get_mark_price_history returns mark price only and only for a subset of options used in volatility index calculations.|Deribit public/ticker exposes mark_iv and greeks for current/live instruments, but no official public historical point-in-time IV/Greek snapshot endpoint was found."
2025-03-14,14:00,BTC-21MAR25-90000-C,11,2025-03-14T08:00:00.000Z,2025-03-21T08:00:00.000Z,21MAR25,90000,false,false,,false,,false,,false,,false,,false,,true,83516,true,0.0055,false,0,,,,mark_price|mark_iv|delta|gamma|theta|vega,"mark_history_error:public/get_mark_price_history HTTP 400 Bad Request Invalid params:{""reason"":""instrument is not active"",""param"":""instrument_name""}|trade_candle_exists_but_mark_history_missing|Deribit public/get_mark_price_history returns mark price only and only for a subset of options used in volatility index calculations.|Deribit public/ticker exposes mark_iv and greeks for current/live instruments, but no official public historical point-in-time IV/Greek snapshot endpoint was found."
2025-03-14,16:00,BTC-21MAR25-90000-C,11,2025-03-14T08:00:00.000Z,2025-03-21T08:00:00.000Z,21MAR25,90000,false,false,,false,,false,,false,,false,,false,,true,84793.5,true,0.0075,false,0,,,,mark_price|mark_iv|delta|gamma|theta|vega,"mark_history_error:public/get_mark_price_history HTTP 400 Bad Request Invalid params:{""reason"":""instrument is not active"",""param"":""instrument_name""}|trade_candle_exists_but_mark_history_missing|Deribit public/get_mark_price_history returns mark price only and only for a subset of options used in volatility index calculations.|Deribit public/ticker exposes mark_iv and greeks for current/live instruments, but no official public historical point-in-time IV/Greek snapshot endpoint was found."
2025-03-15,08:00,BTC-21MAR25-90000-C,11,2025-03-14T08:00:00.000Z,2025-03-21T08:00:00.000Z,21MAR25,90000,false,false,,false,,false,,false,,false,,false,,true,83890,true,0.0038,false,0,,,,mark_price|mark_iv|delta|gamma|theta|vega,"mark_history_error:public/get_mark_price_history HTTP 400 Bad Request Invalid params:{""reason"":""instrument is not active"",""param"":""instrument_name""}|trade_candle_exists_but_mark_history_missing|Deribit public/get_mark_price_history returns mark price only and only for a subset of options used in volatility index calculations.|Deribit public/ticker exposes mark_iv and greeks for current/live instruments, but no official public historical point-in-time IV/Greek snapshot endpoint was found."
2025-03-15,14:00,BTC-21MAR25-90000-C,11,2025-03-14T08:00:00.000Z,2025-03-21T08:00:00.000Z,21MAR25,90000,false,false,,false,,false,,false,,false,,false,,true,84148,true,0.0041,false,0,,,,mark_price|mark_iv|delta|gamma|theta|vega,"mark_history_error:public/get_mark_price_history HTTP 400 Bad Request Invalid params:{""reason"":""instrument is not active"",""param"":""instrument_name""}|trade_candle_exists_but_mark_history_missing|Deribit public/get_mark_price_history returns mark price only and only for a subset of options used in volatility index calculations.|Deribit public/ticker exposes mark_iv and greeks for current/live instruments, but no official public historical point-in-time IV/Greek snapshot endpoint was found."
2025-03-15,16:00,BTC-21MAR25-90000-C,11,2025-03-14T08:00:00.000Z,2025-03-21T08:00:00.000Z,21MAR25,90000,false,false,,false,,false,,false,,false,,false,,true,84338,true,0.0041,false,0,,,,mark_price|mark_iv|delta|gamma|theta|vega,"mark_history_error:public/get_mark_price_history HTTP 400 Bad Request Invalid params:{""reason"":""instrument is not active"",""param"":""instrument_name""}|trade_candle_exists_but_mark_history_missing|Deribit public/get_mark_price_history returns mark price only and only for a subset of options used in volatility index calculations.|Deribit public/ticker exposes mark_iv and greeks for current/live instruments, but no official public historical point-in-time IV/Greek snapshot endpoint was found."
2025-03-16,08:00,BTC-21MAR25-90000-C,11,2025-03-14T08:00:00.000Z,2025-03-21T08:00:00.000Z,21MAR25,90000,false,false,,false,,false,,false,,false,,false,,true,84256.5,true,0.0045,false,0,,,,mark_price|mark_iv|delta|gamma|theta|vega,"mark_history_error:public/get_mark_price_history HTTP 400 Bad Request Invalid params:{""reason"":""instrument is not active"",""param"":""instrument_name""}|trade_candle_exists_but_mark_history_missing|Deribit public/get_mark_price_history returns mark price only and only for a subset of options used in volatility index calculations.|Deribit public/ticker exposes mark_iv and greeks for current/live instruments, but no official public historical point-in-time IV/Greek snapshot endpoint was found."
2025-03-16,14:00,BTC-21MAR25-90000-C,11,2025-03-14T08:00:00.000Z,2025-03-21T08:00:00.000Z,21MAR25,90000,false,false,,false,,false,,false,,false,,false,,true,83346,true,0.0036,false,0,,,,mark_price|mark_iv|delta|gamma|theta|vega,"mark_history_error:public/get_mark_price_history HTTP 400 Bad Request Invalid params:{""reason"":""instrument is not active"",""param"":""instrument_name""}|trade_candle_exists_but_mark_history_missing|Deribit public/get_mark_price_history returns mark price only and only for a subset of options used in volatility index calculations.|Deribit public/ticker exposes mark_iv and greeks for current/live instruments, but no official public historical point-in-time IV/Greek snapshot endpoint was found."
2025-03-16,16:00,BTC-21MAR25-90000-C,11,2025-03-14T08:00:00.000Z,2025-03-21T08:00:00.000Z,21MAR25,90000,false,false,,false,,false,,false,,false,,false,,true,83650.5,true,0.005,false,0,,,,mark_price|mark_iv|delta|gamma|theta|vega,"mark_history_error:public/get_mark_price_history HTTP 400 Bad Request Invalid params:{""reason"":""instrument is not active"",""param"":""instrument_name""}|trade_candle_exists_but_mark_history_missing|Deribit public/get_mark_price_history returns mark price only and only for a subset of options used in volatility index calculations.|Deribit public/ticker exposes mark_iv and greeks for current/live instruments, but no official public historical point-in-time IV/Greek snapshot endpoint was found."
2025-03-17,08:00,BTC-21MAR25-90000-C,11,2025-03-14T08:00:00.000Z,2025-03-21T08:00:00.000Z,21MAR25,90000,false,false,,false,,false,,false,,false,,false,,true,83528.5,true,0.0032,false,0,,,,mark_price|mark_iv|delta|gamma|theta|vega,"mark_history_error:public/get_mark_price_history HTTP 400 Bad Request Invalid params:{""reason"":""instrument is not active"",""param"":""instrument_name""}|trade_candle_exists_but_mark_history_missing|Deribit public/get_mark_price_history returns mark price only and only for a subset of options used in volatility index calculations.|Deribit public/ticker exposes mark_iv and greeks for current/live instruments, but no official public historical point-in-time IV/Greek snapshot endpoint was found."
2025-03-17,14:00,BTC-21MAR25-90000-C,11,2025-03-14T08:00:00.000Z,2025-03-21T08:00:00.000Z,21MAR25,90000,false,false,,false,,false,,false,,false,,false,,true,82894.5,true,0.002,false,0,,,,mark_price|mark_iv|delta|gamma|theta|vega,"mark_history_error:public/get_mark_price_history HTTP 400 Bad Request Invalid params:{""reason"":""instrument is not active"",""param"":""instrument_name""}|trade_candle_exists_but_mark_history_missing|Deribit public/get_mark_price_history returns mark price only and only for a subset of options used in volatility index calculations.|Deribit public/ticker exposes mark_iv and greeks for current/live instruments, but no official public historical point-in-time IV/Greek snapshot endpoint was found."
2025-03-17,16:00,BTC-21MAR25-90000-C,11,2025-03-14T08:00:00.000Z,2025-03-21T08:00:00.000Z,21MAR25,90000,false,false,,false,,false,,false,,false,,false,,true,83434.5,true,0.0025,false,0,,,,mark_price|mark_iv|delta|gamma|theta|vega,"mark_history_error:public/get_mark_price_history HTTP 400 Bad Request Invalid params:{""reason"":""instrument is not active"",""param"":""instrument_name""}|trade_candle_exists_but_mark_history_missing|Deribit public/get_mark_price_history returns mark price only and only for a subset of options used in volatility index calculations.|Deribit public/ticker exposes mark_iv and greeks for current/live instruments, but no official public historical point-in-time IV/Greek snapshot endpoint was found."
2025-03-18,08:00,BTC-21MAR25-90000-C,11,2025-03-14T08:00:00.000Z,2025-03-21T08:00:00.000Z,21MAR25,90000,false,false,,false,,false,,false,,false,,false,,true,83259.5,true,0.0013,false,0,,,,mark_price|mark_iv|delta|gamma|theta|vega,"mark_history_error:public/get_mark_price_history HTTP 400 Bad Request Invalid params:{""reason"":""instrument is not active"",""param"":""instrument_name""}|trade_candle_exists_but_mark_history_missing|Deribit public/get_mark_price_history returns mark price only and only for a subset of options used in volatility index calculations.|Deribit public/ticker exposes mark_iv and greeks for current/live instruments, but no official public historical point-in-time IV/Greek snapshot endpoint was found."
2025-03-18,14:00,BTC-21MAR25-90000-C,11,2025-03-14T08:00:00.000Z,2025-03-21T08:00:00.000Z,21MAR25,90000,false,false,,false,,false,,false,,false,,false,,true,81824.5,true,0.0008,false,0,,,,mark_price|mark_iv|delta|gamma|theta|vega,"mark_history_error:public/get_mark_price_history HTTP 400 Bad Request Invalid params:{""reason"":""instrument is not active"",""param"":""instrument_name""}|trade_candle_exists_but_mark_history_missing|Deribit public/get_mark_price_history returns mark price only and only for a subset of options used in volatility index calculations.|Deribit public/ticker exposes mark_iv and greeks for current/live instruments, but no official public historical point-in-time IV/Greek snapshot endpoint was found."
2025-03-18,16:00,BTC-21MAR25-90000-C,11,2025-03-14T08:00:00.000Z,2025-03-21T08:00:00.000Z,21MAR25,90000,false,false,,false,,false,,false,,false,,false,,true,81850.5,true,0.0008,false,0,,,,mark_price|mark_iv|delta|gamma|theta|vega,"mark_history_error:public/get_mark_price_history HTTP 400 Bad Request Invalid params:{""reason"":""instrument is not active"",""param"":""instrument_name""}|trade_candle_exists_but_mark_history_missing|Deribit public/get_mark_price_history returns mark price only and only for a subset of options used in volatility index calculations.|Deribit public/ticker exposes mark_iv and greeks for current/live instruments, but no official public historical point-in-time IV/Greek snapshot endpoint was found."
2025-03-19,08:00,BTC-21MAR25-90000-C,11,2025-03-14T08:00:00.000Z,2025-03-21T08:00:00.000Z,21MAR25,90000,false,false,,false,,false,,false,,false,,false,,true,83398,true,0.0007,false,0,,,,mark_price|mark_iv|delta|gamma|theta|vega,"mark_history_error:public/get_mark_price_history HTTP 400 Bad Request Invalid params:{""reason"":""instrument is not active"",""param"":""instrument_name""}|trade_candle_exists_but_mark_history_missing|Deribit public/get_mark_price_history returns mark price only and only for a subset of options used in volatility index calculations.|Deribit public/ticker exposes mark_iv and greeks for current/live instruments, but no official public historical point-in-time IV/Greek snapshot endpoint was found."
2025-03-19,14:00,BTC-21MAR25-90000-C,11,2025-03-14T08:00:00.000Z,2025-03-21T08:00:00.000Z,21MAR25,90000,false,false,,false,,false,,false,,false,,false,,true,84301.5,true,0.0009,false,0,,,,mark_price|mark_iv|delta|gamma|theta|vega,"mark_history_error:public/get_mark_price_history HTTP 400 Bad Request Invalid params:{""reason"":""instrument is not active"",""param"":""instrument_name""}|trade_candle_exists_but_mark_history_missing|Deribit public/get_mark_price_history returns mark price only and only for a subset of options used in volatility index calculations.|Deribit public/ticker exposes mark_iv and greeks for current/live instruments, but no official public historical point-in-time IV/Greek snapshot endpoint was found."
2025-03-19,16:00,BTC-21MAR25-90000-C,11,2025-03-14T08:00:00.000Z,2025-03-21T08:00:00.000Z,21MAR25,90000,false,false,,false,,false,,false,,false,,false,,true,84580,true,0.0013,false,0,,,,mark_price|mark_iv|delta|gamma|theta|vega,"mark_history_error:public/get_mark_price_history HTTP 400 Bad Request Invalid params:{""reason"":""instrument is not active"",""param"":""instrument_name""}|trade_candle_exists_but_mark_history_missing|Deribit public/get_mark_price_history returns mark price only and only for a subset of options used in volatility index calculations.|Deribit public/ticker exposes mark_iv and greeks for current/live instruments, but no official public historical point-in-time IV/Greek snapshot endpoint was found."
2025-03-20,08:00,BTC-21MAR25-90000-C,11,2025-03-14T08:00:00.000Z,2025-03-21T08:00:00.000Z,21MAR25,90000,false,false,,false,,false,,false,,false,,false,,true,86265.5,true,0.0011,false,0,,,,mark_price|mark_iv|delta|gamma|theta|vega,"mark_history_error:public/get_mark_price_history HTTP 400 Bad Request Invalid params:{""reason"":""instrument is not active"",""param"":""instrument_name""}|trade_candle_exists_but_mark_history_missing|Deribit public/get_mark_price_history returns mark price only and only for a subset of options used in volatility index calculations.|Deribit public/ticker exposes mark_iv and greeks for current/live instruments, but no official public historical point-in-time IV/Greek snapshot endpoint was found."
2025-03-20,14:00,BTC-21MAR25-90000-C,11,2025-03-14T08:00:00.000Z,2025-03-21T08:00:00.000Z,21MAR25,90000,false,false,,false,,false,,false,,false,,false,,true,86120,true,0.0007,false,0,,,,mark_price|mark_iv|delta|gamma|theta|vega,"mark_history_error:public/get_mark_price_history HTTP 400 Bad Request Invalid params:{""reason"":""instrument is not active"",""param"":""instrument_name""}|trade_candle_exists_but_mark_history_missing|Deribit public/get_mark_price_history returns mark price only and only for a subset of options used in volatility index calculations.|Deribit public/ticker exposes mark_iv and greeks for current/live instruments, but no official public historical point-in-time IV/Greek snapshot endpoint was found."
2025-03-20,16:00,BTC-21MAR25-90000-C,11,2025-03-14T08:00:00.000Z,2025-03-21T08:00:00.000Z,21MAR25,90000,false,false,,false,,false,,false,,false,,false,,true,83748,true,0.0001,false,0,,,,mark_price|mark_iv|delta|gamma|theta|vega,"mark_history_error:public/get_mark_price_history HTTP 400 Bad Request Invalid params:{""reason"":""instrument is not active"",""param"":""instrument_name""}|trade_candle_exists_but_mark_history_missing|Deribit public/get_mark_price_history returns mark price only and only for a subset of options used in volatility index calculations.|Deribit public/ticker exposes mark_iv and greeks for current/live instruments, but no official public historical point-in-time IV/Greek snapshot endpoint was found."
2025-03-21,08:00,BTC-28MAR25-92000-C,12,2025-03-21T08:00:00.000Z,2025-03-28T08:00:00.000Z,28MAR25,92000,false,false,,false,,false,,false,,false,,false,,true,83974.5,true,0.0024,false,0,,,,mark_price|mark_iv|delta|gamma|theta|vega,"mark_history_error:public/get_mark_price_history HTTP 400 Bad Request Invalid params:{""reason"":""instrument is not active"",""param"":""instrument_name""}|trade_candle_exists_but_mark_history_missing|Deribit public/get_mark_price_history returns mark price only and only for a subset of options used in volatility index calculations.|Deribit public/ticker exposes mark_iv and greeks for current/live instruments, but no official public historical point-in-time IV/Greek snapshot endpoint was found."
2025-03-21,14:00,BTC-28MAR25-92000-C,12,2025-03-21T08:00:00.000Z,2025-03-28T08:00:00.000Z,28MAR25,92000,false,false,,false,,false,,false,,false,,false,,true,84200,true,0.0021,false,0,,,,mark_price|mark_iv|delta|gamma|theta|vega,"mark_history_error:public/get_mark_price_history HTTP 400 Bad Request Invalid params:{""reason"":""instrument is not active"",""param"":""instrument_name""}|trade_candle_exists_but_mark_history_missing|Deribit public/get_mark_price_history returns mark price only and only for a subset of options used in volatility index calculations.|Deribit public/ticker exposes mark_iv and greeks for current/live instruments, but no official public historical point-in-time IV/Greek snapshot endpoint was found."
2025-03-21,16:00,BTC-28MAR25-92000-C,12,2025-03-21T08:00:00.000Z,2025-03-28T08:00:00.000Z,28MAR25,92000,false,false,,false,,false,,false,,false,,false,,true,84044.5,true,0.0018,false,0,,,,mark_price|mark_iv|delta|gamma|theta|vega,"mark_history_error:public/get_mark_price_history HTTP 400 Bad Request Invalid params:{""reason"":""instrument is not active"",""param"":""instrument_name""}|trade_candle_exists_but_mark_history_missing|Deribit public/get_mark_price_history returns mark price only and only for a subset of options used in volatility index calculations.|Deribit public/ticker exposes mark_iv and greeks for current/live instruments, but no official public historical point-in-time IV/Greek snapshot endpoint was found."
2025-03-22,08:00,BTC-28MAR25-92000-C,12,2025-03-21T08:00:00.000Z,2025-03-28T08:00:00.000Z,28MAR25,92000,false,false,,false,,false,,false,,false,,false,,true,84169,true,0.0018,false,0,,,,mark_price|mark_iv|delta|gamma|theta|vega,"mark_history_error:public/get_mark_price_history HTTP 400 Bad Request Invalid params:{""reason"":""instrument is not active"",""param"":""instrument_name""}|trade_candle_exists_but_mark_history_missing|Deribit public/get_mark_price_history returns mark price only and only for a subset of options used in volatility index calculations.|Deribit public/ticker exposes mark_iv and greeks for current/live instruments, but no official public historical point-in-time IV/Greek snapshot endpoint was found."
2025-03-22,14:00,BTC-28MAR25-92000-C,12,2025-03-21T08:00:00.000Z,2025-03-28T08:00:00.000Z,28MAR25,92000,false,false,,false,,false,,false,,false,,false,,true,83978.5,true,0.0018,false,0,,,,mark_price|mark_iv|delta|gamma|theta|vega,"mark_history_error:public/get_mark_price_history HTTP 400 Bad Request Invalid params:{""reason"":""instrument is not active"",""param"":""instrument_name""}|trade_candle_exists_but_mark_history_missing|Deribit public/get_mark_price_history returns mark price only and only for a subset of options used in volatility index calculations.|Deribit public/ticker exposes mark_iv and greeks for current/live instruments, but no official public historical point-in-time IV/Greek snapshot endpoint was found."
2025-03-22,16:00,BTC-28MAR25-92000-C,12,2025-03-21T08:00:00.000Z,2025-03-28T08:00:00.000Z,28MAR25,92000,false,false,,false,,false,,false,,false,,false,,true,84115,true,0.0018,false,0,,,,mark_price|mark_iv|delta|gamma|theta|vega,"mark_history_error:public/get_mark_price_history HTTP 400 Bad Request Invalid params:{""reason"":""instrument is not active"",""param"":""instrument_name""}|trade_candle_exists_but_mark_history_missing|Deribit public/get_mark_price_history returns mark price only and only for a subset of options used in volatility index calculations.|Deribit public/ticker exposes mark_iv and greeks for current/live instruments, but no official public historical point-in-time IV/Greek snapshot endpoint was found."
2025-03-23,08:00,BTC-28MAR25-92000-C,12,2025-03-21T08:00:00.000Z,2025-03-28T08:00:00.000Z,28MAR25,92000,false,false,,false,,false,,false,,false,,false,,true,84330,true,0.0017,false,0,,,,mark_price|mark_iv|delta|gamma|theta|vega,"mark_history_error:public/get_mark_price_history HTTP 400 Bad Request Invalid params:{""reason"":""instrument is not active"",""param"":""instrument_name""}|trade_candle_exists_but_mark_history_missing|Deribit public/get_mark_price_history returns mark price only and only for a subset of options used in volatility index calculations.|Deribit public/ticker exposes mark_iv and greeks for current/live instruments, but no official public historical point-in-time IV/Greek snapshot endpoint was found."
2025-03-23,14:00,BTC-28MAR25-92000-C,12,2025-03-21T08:00:00.000Z,2025-03-28T08:00:00.000Z,28MAR25,92000,false,false,,false,,false,,false,,false,,false,,true,84867.5,true,0.002,false,0,,,,mark_price|mark_iv|delta|gamma|theta|vega,"mark_history_error:public/get_mark_price_history HTTP 400 Bad Request Invalid params:{""reason"":""instrument is not active"",""param"":""instrument_name""}|trade_candle_exists_but_mark_history_missing|Deribit public/get_mark_price_history returns mark price only and only for a subset of options used in volatility index calculations.|Deribit public/ticker exposes mark_iv and greeks for current/live instruments, but no official public historical point-in-time IV/Greek snapshot endpoint was found."
2025-03-23,16:00,BTC-28MAR25-92000-C,12,2025-03-21T08:00:00.000Z,2025-03-28T08:00:00.000Z,28MAR25,92000,false,false,,false,,false,,false,,false,,false,,true,85260,true,0.002,false,0,,,,mark_price|mark_iv|delta|gamma|theta|vega,"mark_history_error:public/get_mark_price_history HTTP 400 Bad Request Invalid params:{""reason"":""instrument is not active"",""param"":""instrument_name""}|trade_candle_exists_but_mark_history_missing|Deribit public/get_mark_price_history returns mark price only and only for a subset of options used in volatility index calculations.|Deribit public/ticker exposes mark_iv and greeks for current/live instruments, but no official public historical point-in-time IV/Greek snapshot endpoint was found."
2025-03-24,08:00,BTC-28MAR25-92000-C,12,2025-03-21T08:00:00.000Z,2025-03-28T08:00:00.000Z,28MAR25,92000,false,false,,false,,false,,false,,false,,false,,true,87430,true,0.0045,false,0,,,,mark_price|mark_iv|delta|gamma|theta|vega,"mark_history_error:public/get_mark_price_history HTTP 400 Bad Request Invalid params:{""reason"":""instrument is not active"",""param"":""instrument_name""}|trade_candle_exists_but_mark_history_missing|Deribit public/get_mark_price_history returns mark price only and only for a subset of options used in volatility index calculations.|Deribit public/ticker exposes mark_iv and greeks for current/live instruments, but no official public historical point-in-time IV/Greek snapshot endpoint was found."
2025-03-24,14:00,BTC-28MAR25-92000-C,12,2025-03-21T08:00:00.000Z,2025-03-28T08:00:00.000Z,28MAR25,92000,false,false,,false,,false,,false,,false,,false,,true,87939,true,0.0046,false,0,,,,mark_price|mark_iv|delta|gamma|theta|vega,"mark_history_error:public/get_mark_price_history HTTP 400 Bad Request Invalid params:{""reason"":""instrument is not active"",""param"":""instrument_name""}|trade_candle_exists_but_mark_history_missing|Deribit public/get_mark_price_history returns mark price only and only for a subset of options used in volatility index calculations.|Deribit public/ticker exposes mark_iv and greeks for current/live instruments, but no official public historical point-in-time IV/Greek snapshot endpoint was found."
2025-03-24,16:00,BTC-28MAR25-92000-C,12,2025-03-21T08:00:00.000Z,2025-03-28T08:00:00.000Z,28MAR25,92000,false,false,,false,,false,,false,,false,,false,,true,88077.5,true,0.0038,false,0,,,,mark_price|mark_iv|delta|gamma|theta|vega,"mark_history_error:public/get_mark_price_history HTTP 400 Bad Request Invalid params:{""reason"":""instrument is not active"",""param"":""instrument_name""}|trade_candle_exists_but_mark_history_missing|Deribit public/get_mark_price_history returns mark price only and only for a subset of options used in volatility index calculations.|Deribit public/ticker exposes mark_iv and greeks for current/live instruments, but no official public historical point-in-time IV/Greek snapshot endpoint was found."
2025-03-25,08:00,BTC-28MAR25-92000-C,12,2025-03-21T08:00:00.000Z,2025-03-28T08:00:00.000Z,28MAR25,92000,false,false,,false,,false,,false,,false,,false,,true,86726,true,0.0013,false,0,,,,mark_price|mark_iv|delta|gamma|theta|vega,"mark_history_error:public/get_mark_price_history HTTP 400 Bad Request Invalid params:{""reason"":""instrument is not active"",""param"":""instrument_name""}|trade_candle_exists_but_mark_history_missing|Deribit public/get_mark_price_history returns mark price only and only for a subset of options used in volatility index calculations.|Deribit public/ticker exposes mark_iv and greeks for current/live instruments, but no official public historical point-in-time IV/Greek snapshot endpoint was found."
2025-03-25,14:00,BTC-28MAR25-92000-C,12,2025-03-21T08:00:00.000Z,2025-03-28T08:00:00.000Z,28MAR25,92000,false,false,,false,,false,,false,,false,,false,,true,88031.5,true,0.002,false,0,,,,mark_price|mark_iv|delta|gamma|theta|vega,"mark_history_error:public/get_mark_price_history HTTP 400 Bad Request Invalid params:{""reason"":""instrument is not active"",""param"":""instrument_name""}|trade_candle_exists_but_mark_history_missing|Deribit public/get_mark_price_history returns mark price only and only for a subset of options used in volatility index calculations.|Deribit public/ticker exposes mark_iv and greeks for current/live instruments, but no official public historical point-in-time IV/Greek snapshot endpoint was found."
2025-03-25,16:00,BTC-28MAR25-92000-C,12,2025-03-21T08:00:00.000Z,2025-03-28T08:00:00.000Z,28MAR25,92000,false,false,,false,,false,,false,,false,,false,,true,87832.5,true,0.0015,false,0,,,,mark_price|mark_iv|delta|gamma|theta|vega,"mark_history_error:public/get_mark_price_history HTTP 400 Bad Request Invalid params:{""reason"":""instrument is not active"",""param"":""instrument_name""}|trade_candle_exists_but_mark_history_missing|Deribit public/get_mark_price_history returns mark price only and only for a subset of options used in volatility index calculations.|Deribit public/ticker exposes mark_iv and greeks for current/live instruments, but no official public historical point-in-time IV/Greek snapshot endpoint was found."
2025-03-26,08:00,BTC-28MAR25-92000-C,12,2025-03-21T08:00:00.000Z,2025-03-28T08:00:00.000Z,28MAR25,92000,false,false,,false,,false,,false,,false,,false,,true,88007,true,0.0011,false,0,,,,mark_price|mark_iv|delta|gamma|theta|vega,"mark_history_error:public/get_mark_price_history HTTP 400 Bad Request Invalid params:{""reason"":""instrument is not active"",""param"":""instrument_name""}|trade_candle_exists_but_mark_history_missing|Deribit public/get_mark_price_history returns mark price only and only for a subset of options used in volatility index calculations.|Deribit public/ticker exposes mark_iv and greeks for current/live instruments, but no official public historical point-in-time IV/Greek snapshot endpoint was found."
2025-03-26,14:00,BTC-28MAR25-92000-C,12,2025-03-21T08:00:00.000Z,2025-03-28T08:00:00.000Z,28MAR25,92000,false,false,,false,,false,,false,,false,,false,,true,86780.5,true,0.0005,false,0,,,,mark_price|mark_iv|delta|gamma|theta|vega,"mark_history_error:public/get_mark_price_history HTTP 400 Bad Request Invalid params:{""reason"":""instrument is not active"",""param"":""instrument_name""}|trade_candle_exists_but_mark_history_missing|Deribit public/get_mark_price_history returns mark price only and only for a subset of options used in volatility index calculations.|Deribit public/ticker exposes mark_iv and greeks for current/live instruments, but no official public historical point-in-time IV/Greek snapshot endpoint was found."
2025-03-26,16:00,BTC-28MAR25-92000-C,12,2025-03-21T08:00:00.000Z,2025-03-28T08:00:00.000Z,28MAR25,92000,false,false,,false,,false,,false,,false,,false,,true,86502.5,true,0.0005,false,0,,,,mark_price|mark_iv|delta|gamma|theta|vega,"mark_history_error:public/get_mark_price_history HTTP 400 Bad Request Invalid params:{""reason"":""instrument is not active"",""param"":""instrument_name""}|trade_candle_exists_but_mark_history_missing|Deribit public/get_mark_price_history returns mark price only and only for a subset of options used in volatility index calculations.|Deribit public/ticker exposes mark_iv and greeks for current/live instruments, but no official public historical point-in-time IV/Greek snapshot endpoint was found."
2025-03-27,08:00,BTC-28MAR25-92000-C,12,2025-03-21T08:00:00.000Z,2025-03-28T08:00:00.000Z,28MAR25,92000,false,false,,false,,false,,false,,false,,false,,true,87449.5,true,0.0001,false,0,,,,mark_price|mark_iv|delta|gamma|theta|vega,"mark_history_error:public/get_mark_price_history HTTP 400 Bad Request Invalid params:{""reason"":""instrument is not active"",""param"":""instrument_name""}|trade_candle_exists_but_mark_history_missing|Deribit public/get_mark_price_history returns mark price only and only for a subset of options used in volatility index calculations.|Deribit public/ticker exposes mark_iv and greeks for current/live instruments, but no official public historical point-in-time IV/Greek snapshot endpoint was found."
2025-03-27,14:00,BTC-28MAR25-92000-C,12,2025-03-21T08:00:00.000Z,2025-03-28T08:00:00.000Z,28MAR25,92000,false,false,,false,,false,,false,,false,,false,,true,87275.5,true,0.0001,false,0,,,,mark_price|mark_iv|delta|gamma|theta|vega,"mark_history_error:public/get_mark_price_history HTTP 400 Bad Request Invalid params:{""reason"":""instrument is not active"",""param"":""instrument_name""}|trade_candle_exists_but_mark_history_missing|Deribit public/get_mark_price_history returns mark price only and only for a subset of options used in volatility index calculations.|Deribit public/ticker exposes mark_iv and greeks for current/live instruments, but no official public historical point-in-time IV/Greek snapshot endpoint was found."
2025-03-27,16:00,BTC-28MAR25-92000-C,12,2025-03-21T08:00:00.000Z,2025-03-28T08:00:00.000Z,28MAR25,92000,false,false,,false,,false,,false,,false,,false,,true,86822.5,true,0.0002,false,0,,,,mark_price|mark_iv|delta|gamma|theta|vega,"mark_history_error:public/get_mark_price_history HTTP 400 Bad Request Invalid params:{""reason"":""instrument is not active"",""param"":""instrument_name""}|trade_candle_exists_but_mark_history_missing|Deribit public/get_mark_price_history returns mark price only and only for a subset of options used in volatility index calculations.|Deribit public/ticker exposes mark_iv and greeks for current/live instruments, but no official public historical point-in-time IV/Greek snapshot endpoint was found."
2025-04-04,08:00,BTC-11APR25-92000-C,14,2025-04-04T08:00:00.000Z,2025-04-11T08:00:00.000Z,11APR25,92000,false,false,,false,,false,,false,,false,,false,,true,84399.5,true,0.0029,false,0,,,,mark_price|mark_iv|delta|gamma|theta|vega,"mark_history_error:public/get_mark_price_history HTTP 400 Bad Request Invalid params:{""reason"":""instrument is not active"",""param"":""instrument_name""}|trade_candle_exists_but_mark_history_missing|Deribit public/get_mark_price_history returns mark price only and only for a subset of options used in volatility index calculations.|Deribit public/ticker exposes mark_iv and greeks for current/live instruments, but no official public historical point-in-time IV/Greek snapshot endpoint was found."
2025-04-04,14:00,BTC-11APR25-92000-C,14,2025-04-04T08:00:00.000Z,2025-04-11T08:00:00.000Z,11APR25,92000,false,false,,false,,false,,false,,false,,false,,true,82530,true,0.0022,false,0,,,,mark_price|mark_iv|delta|gamma|theta|vega,"mark_history_error:public/get_mark_price_history HTTP 400 Bad Request Invalid params:{""reason"":""instrument is not active"",""param"":""instrument_name""}|trade_candle_exists_but_mark_history_missing|Deribit public/get_mark_price_history returns mark price only and only for a subset of options used in volatility index calculations.|Deribit public/ticker exposes mark_iv and greeks for current/live instruments, but no official public historical point-in-time IV/Greek snapshot endpoint was found."
2025-04-04,16:00,BTC-11APR25-92000-C,14,2025-04-04T08:00:00.000Z,2025-04-11T08:00:00.000Z,11APR25,92000,false,false,,false,,false,,false,,false,,false,,true,83355,true,0.0027,false,0,,,,mark_price|mark_iv|delta|gamma|theta|vega,"mark_history_error:public/get_mark_price_history HTTP 400 Bad Request Invalid params:{""reason"":""instrument is not active"",""param"":""instrument_name""}|trade_candle_exists_but_mark_history_missing|Deribit public/get_mark_price_history returns mark price only and only for a subset of options used in volatility index calculations.|Deribit public/ticker exposes mark_iv and greeks for current/live instruments, but no official public historical point-in-time IV/Greek snapshot endpoint was found."
2025-04-05,08:00,BTC-11APR25-92000-C,14,2025-04-04T08:00:00.000Z,2025-04-11T08:00:00.000Z,11APR25,92000,false,false,,false,,false,,false,,false,,false,,true,83480,true,0.0021,false,0,,,,mark_price|mark_iv|delta|gamma|theta|vega,"mark_history_error:public/get_mark_price_history HTTP 400 Bad Request Invalid params:{""reason"":""instrument is not active"",""param"":""instrument_name""}|trade_candle_exists_but_mark_history_missing|Deribit public/get_mark_price_history returns mark price only and only for a subset of options used in volatility index calculations.|Deribit public/ticker exposes mark_iv and greeks for current/live instruments, but no official public historical point-in-time IV/Greek snapshot endpoint was found."
2025-04-05,14:00,BTC-11APR25-92000-C,14,2025-04-04T08:00:00.000Z,2025-04-11T08:00:00.000Z,11APR25,92000,false,false,,false,,false,,false,,false,,false,,true,82892.5,true,0.0016,false,0,,,,mark_price|mark_iv|delta|gamma|theta|vega,"mark_history_error:public/get_mark_price_history HTTP 400 Bad Request Invalid params:{""reason"":""instrument is not active"",""param"":""instrument_name""}|trade_candle_exists_but_mark_history_missing|Deribit public/get_mark_price_history returns mark price only and only for a subset of options used in volatility index calculations.|Deribit public/ticker exposes mark_iv and greeks for current/live instruments, but no official public historical point-in-time IV/Greek snapshot endpoint was found."
2025-04-05,16:00,BTC-11APR25-92000-C,14,2025-04-04T08:00:00.000Z,2025-04-11T08:00:00.000Z,11APR25,92000,false,false,,false,,false,,false,,false,,false,,true,82712.5,true,0.0015,false,0,,,,mark_price|mark_iv|delta|gamma|theta|vega,"mark_history_error:public/get_mark_price_history HTTP 400 Bad Request Invalid params:{""reason"":""instrument is not active"",""param"":""instrument_name""}|trade_candle_exists_but_mark_history_missing|Deribit public/get_mark_price_history returns mark price only and only for a subset of options used in volatility index calculations.|Deribit public/ticker exposes mark_iv and greeks for current/live instruments, but no official public historical point-in-time IV/Greek snapshot endpoint was found."
2025-04-06,08:00,BTC-11APR25-92000-C,14,2025-04-04T08:00:00.000Z,2025-04-11T08:00:00.000Z,11APR25,92000,false,false,,false,,false,,false,,false,,false,,true,83022.5,true,0.0022,false,0,,,,mark_price|mark_iv|delta|gamma|theta|vega,"mark_history_error:public/get_mark_price_history HTTP 400 Bad Request Invalid params:{""reason"":""instrument is not active"",""param"":""instrument_name""}|trade_candle_exists_but_mark_history_missing|Deribit public/get_mark_price_history returns mark price only and only for a subset of options used in volatility index calculations.|Deribit public/ticker exposes mark_iv and greeks for current/live instruments, but no official public historical point-in-time IV/Greek snapshot endpoint was found."
2025-04-06,14:00,BTC-11APR25-92000-C,14,2025-04-04T08:00:00.000Z,2025-04-11T08:00:00.000Z,11APR25,92000,false,false,,false,,false,,false,,false,,false,,true,82623,true,0.0021,false,0,,,,mark_price|mark_iv|delta|gamma|theta|vega,"mark_history_error:public/get_mark_price_history HTTP 400 Bad Request Invalid params:{""reason"":""instrument is not active"",""param"":""instrument_name""}|trade_candle_exists_but_mark_history_missing|Deribit public/get_mark_price_history returns mark price only and only for a subset of options used in volatility index calculations.|Deribit public/ticker exposes mark_iv and greeks for current/live instruments, but no official public historical point-in-time IV/Greek snapshot endpoint was found."
2025-04-06,16:00,BTC-11APR25-92000-C,14,2025-04-04T08:00:00.000Z,2025-04-11T08:00:00.000Z,11APR25,92000,false,false,,false,,false,,false,,false,,false,,true,81961.5,true,0.0017,false,0,,,,mark_price|mark_iv|delta|gamma|theta|vega,"mark_history_error:public/get_mark_price_history HTTP 400 Bad Request Invalid params:{""reason"":""instrument is not active"",""param"":""instrument_name""}|trade_candle_exists_but_mark_history_missing|Deribit public/get_mark_price_history returns mark price only and only for a subset of options used in volatility index calculations.|Deribit public/ticker exposes mark_iv and greeks for current/live instruments, but no official public historical point-in-time IV/Greek snapshot endpoint was found."
2025-04-07,08:00,BTC-11APR25-92000-C,14,2025-04-04T08:00:00.000Z,2025-04-11T08:00:00.000Z,11APR25,92000,false,false,,false,,false,,false,,false,,false,,true,76201.5,true,0.0007,false,0,,,,mark_price|mark_iv|delta|gamma|theta|vega,"mark_history_error:public/get_mark_price_history HTTP 400 Bad Request Invalid params:{""reason"":""instrument is not active"",""param"":""instrument_name""}|trade_candle_exists_but_mark_history_missing|Deribit public/get_mark_price_history returns mark price only and only for a subset of options used in volatility index calculations.|Deribit public/ticker exposes mark_iv and greeks for current/live instruments, but no official public historical point-in-time IV/Greek snapshot endpoint was found."
2025-04-07,14:00,BTC-11APR25-92000-C,14,2025-04-04T08:00:00.000Z,2025-04-11T08:00:00.000Z,11APR25,92000,false,false,,false,,false,,false,,false,,false,,true,79025.5,true,0.0007,false,0,,,,mark_price|mark_iv|delta|gamma|theta|vega,"mark_history_error:public/get_mark_price_history HTTP 400 Bad Request Invalid params:{""reason"":""instrument is not active"",""param"":""instrument_name""}|trade_candle_exists_but_mark_history_missing|Deribit public/get_mark_price_history returns mark price only and only for a subset of options used in volatility index calculations.|Deribit public/ticker exposes mark_iv and greeks for current/live instruments, but no official public historical point-in-time IV/Greek snapshot endpoint was found."
2025-04-07,16:00,BTC-11APR25-92000-C,14,2025-04-04T08:00:00.000Z,2025-04-11T08:00:00.000Z,11APR25,92000,false,false,,false,,false,,false,,false,,false,,true,77361,true,0.0007,false,0,,,,mark_price|mark_iv|delta|gamma|theta|vega,"mark_history_error:public/get_mark_price_history HTTP 400 Bad Request Invalid params:{""reason"":""instrument is not active"",""param"":""instrument_name""}|trade_candle_exists_but_mark_history_missing|Deribit public/get_mark_price_history returns mark price only and only for a subset of options used in volatility index calculations.|Deribit public/ticker exposes mark_iv and greeks for current/live instruments, but no official public historical point-in-time IV/Greek snapshot endpoint was found."
2025-04-08,08:00,BTC-11APR25-92000-C,14,2025-04-04T08:00:00.000Z,2025-04-11T08:00:00.000Z,11APR25,92000,false,false,,false,,false,,false,,false,,false,,true,79129,true,0.0005,false,0,,,,mark_price|mark_iv|delta|gamma|theta|vega,"mark_history_error:public/get_mark_price_history HTTP 400 Bad Request Invalid params:{""reason"":""instrument is not active"",""param"":""instrument_name""}|trade_candle_exists_but_mark_history_missing|Deribit public/get_mark_price_history returns mark price only and only for a subset of options used in volatility index calculations.|Deribit public/ticker exposes mark_iv and greeks for current/live instruments, but no official public historical point-in-time IV/Greek snapshot endpoint was found."
2025-04-08,14:00,BTC-11APR25-92000-C,14,2025-04-04T08:00:00.000Z,2025-04-11T08:00:00.000Z,11APR25,92000,false,false,,false,,false,,false,,false,,false,,true,78453.5,true,0.0003,false,0,,,,mark_price|mark_iv|delta|gamma|theta|vega,"mark_history_error:public/get_mark_price_history HTTP 400 Bad Request Invalid params:{""reason"":""instrument is not active"",""param"":""instrument_name""}|trade_candle_exists_but_mark_history_missing|Deribit public/get_mark_price_history returns mark price only and only for a subset of options used in volatility index calculations.|Deribit public/ticker exposes mark_iv and greeks for current/live instruments, but no official public historical point-in-time IV/Greek snapshot endpoint was found."
2025-04-08,16:00,BTC-11APR25-92000-C,14,2025-04-04T08:00:00.000Z,2025-04-11T08:00:00.000Z,11APR25,92000,false,false,,false,,false,,false,,false,,false,,true,77372.5,true,0.0003,false,0,,,,mark_price|mark_iv|delta|gamma|theta|vega,"mark_history_error:public/get_mark_price_history HTTP 400 Bad Request Invalid params:{""reason"":""instrument is not active"",""param"":""instrument_name""}|trade_candle_exists_but_mark_history_missing|Deribit public/get_mark_price_history returns mark price only and only for a subset of options used in volatility index calculations.|Deribit public/ticker exposes mark_iv and greeks for current/live instruments, but no official public historical point-in-time IV/Greek snapshot endpoint was found."
2025-04-09,08:00,BTC-11APR25-92000-C,14,2025-04-04T08:00:00.000Z,2025-04-11T08:00:00.000Z,11APR25,92000,false,false,,false,,false,,false,,false,,false,,true,77245.5,true,0.0001,false,0,,,,mark_price|mark_iv|delta|gamma|theta|vega,"mark_history_error:public/get_mark_price_history HTTP 400 Bad Request Invalid params:{""reason"":""instrument is not active"",""param"":""instrument_name""}|trade_candle_exists_but_mark_history_missing|Deribit public/get_mark_price_history returns mark price only and only for a subset of options used in volatility index calculations.|Deribit public/ticker exposes mark_iv and greeks for current/live instruments, but no official public historical point-in-time IV/Greek snapshot endpoint was found."
2025-04-09,14:00,BTC-11APR25-92000-C,14,2025-04-04T08:00:00.000Z,2025-04-11T08:00:00.000Z,11APR25,92000,false,false,,false,,false,,false,,false,,false,,true,76824,true,0.0001,false,0,,,,mark_price|mark_iv|delta|gamma|theta|vega,"mark_history_error:public/get_mark_price_history HTTP 400 Bad Request Invalid params:{""reason"":""instrument is not active"",""param"":""instrument_name""}|trade_candle_exists_but_mark_history_missing|Deribit public/get_mark_price_history returns mark price only and only for a subset of options used in volatility index calculations.|Deribit public/ticker exposes mark_iv and greeks for current/live instruments, but no official public historical point-in-time IV/Greek snapshot endpoint was found."
2025-04-09,16:00,BTC-11APR25-92000-C,14,2025-04-04T08:00:00.000Z,2025-04-11T08:00:00.000Z,11APR25,92000,false,false,,false,,false,,false,,false,,false,,true,78196.5,true,0.0001,false,0,,,,mark_price|mark_iv|delta|gamma|theta|vega,"mark_history_error:public/get_mark_price_history HTTP 400 Bad Request Invalid params:{""reason"":""instrument is not active"",""param"":""instrument_name""}|trade_candle_exists_but_mark_history_missing|Deribit public/get_mark_price_history returns mark price only and only for a subset of options used in volatility index calculations.|Deribit public/ticker exposes mark_iv and greeks for current/live instruments, but no official public historical point-in-time IV/Greek snapshot endpoint was found."
2025-04-10,08:00,BTC-11APR25-92000-C,14,2025-04-04T08:00:00.000Z,2025-04-11T08:00:00.000Z,11APR25,92000,false,false,,false,,false,,false,,false,,false,,true,81517,true,0.0001,false,0,,,,mark_price|mark_iv|delta|gamma|theta|vega,"mark_history_error:public/get_mark_price_history HTTP 400 Bad Request Invalid params:{""reason"":""instrument is not active"",""param"":""instrument_name""}|trade_candle_exists_but_mark_history_missing|Deribit public/get_mark_price_history returns mark price only and only for a subset of options used in volatility index calculations.|Deribit public/ticker exposes mark_iv and greeks for current/live instruments, but no official public historical point-in-time IV/Greek snapshot endpoint was found."
2025-04-10,14:00,BTC-11APR25-92000-C,14,2025-04-04T08:00:00.000Z,2025-04-11T08:00:00.000Z,11APR25,92000,false,false,,false,,false,,false,,false,,false,,true,81210,true,0.0001,false,0,,,,mark_price|mark_iv|delta|gamma|theta|vega,"mark_history_error:public/get_mark_price_history HTTP 400 Bad Request Invalid params:{""reason"":""instrument is not active"",""param"":""instrument_name""}|trade_candle_exists_but_mark_history_missing|Deribit public/get_mark_price_history returns mark price only and only for a subset of options used in volatility index calculations.|Deribit public/ticker exposes mark_iv and greeks for current/live instruments, but no official public historical point-in-time IV/Greek snapshot endpoint was found."
2025-04-10,16:00,BTC-11APR25-92000-C,14,2025-04-04T08:00:00.000Z,2025-04-11T08:00:00.000Z,11APR25,92000,false,false,,false,,false,,false,,false,,false,,true,79389,true,0.0001,false,0,,,,mark_price|mark_iv|delta|gamma|theta|vega,"mark_history_error:public/get_mark_price_history HTTP 400 Bad Request Invalid params:{""reason"":""instrument is not active"",""param"":""instrument_name""}|trade_candle_exists_but_mark_history_missing|Deribit public/get_mark_price_history returns mark price only and only for a subset of options used in volatility index calculations.|Deribit public/ticker exposes mark_iv and greeks for current/live instruments, but no official public historical point-in-time IV/Greek snapshot endpoint was found."
2025-04-11,08:00,BTC-18APR25-89000-C,15,2025-04-11T08:00:00.000Z,2025-04-18T08:00:00.000Z,18APR25,89000,false,false,,false,,false,,false,,false,,false,,true,81588,true,0.0039,false,0,,,,mark_price|mark_iv|delta|gamma|theta|vega,"mark_history_error:public/get_mark_price_history HTTP 400 Bad Request Invalid params:{""reason"":""instrument is not active"",""param"":""instrument_name""}|trade_candle_exists_but_mark_history_missing|Deribit public/get_mark_price_history returns mark price only and only for a subset of options used in volatility index calculations.|Deribit public/ticker exposes mark_iv and greeks for current/live instruments, but no official public historical point-in-time IV/Greek snapshot endpoint was found."
2025-04-11,14:00,BTC-18APR25-89000-C,15,2025-04-11T08:00:00.000Z,2025-04-18T08:00:00.000Z,18APR25,89000,false,false,,false,,false,,false,,false,,false,,true,81875,true,0.0049,false,0,,,,mark_price|mark_iv|delta|gamma|theta|vega,"mark_history_error:public/get_mark_price_history HTTP 400 Bad Request Invalid params:{""reason"":""instrument is not active"",""param"":""instrument_name""}|trade_candle_exists_but_mark_history_missing|Deribit public/get_mark_price_history returns mark price only and only for a subset of options used in volatility index calculations.|Deribit public/ticker exposes mark_iv and greeks for current/live instruments, but no official public historical point-in-time IV/Greek snapshot endpoint was found."
2025-04-11,16:00,BTC-18APR25-89000-C,15,2025-04-11T08:00:00.000Z,2025-04-18T08:00:00.000Z,18APR25,89000,false,false,,false,,false,,false,,false,,false,,true,82767,true,0.0055,false,0,,,,mark_price|mark_iv|delta|gamma|theta|vega,"mark_history_error:public/get_mark_price_history HTTP 400 Bad Request Invalid params:{""reason"":""instrument is not active"",""param"":""instrument_name""}|trade_candle_exists_but_mark_history_missing|Deribit public/get_mark_price_history returns mark price only and only for a subset of options used in volatility index calculations.|Deribit public/ticker exposes mark_iv and greeks for current/live instruments, but no official public historical point-in-time IV/Greek snapshot endpoint was found."
2025-04-12,08:00,BTC-18APR25-89000-C,15,2025-04-11T08:00:00.000Z,2025-04-18T08:00:00.000Z,18APR25,89000,false,false,,false,,false,,false,,false,,false,,true,83593.5,true,0.0075,false,0,,,,mark_price|mark_iv|delta|gamma|theta|vega,"mark_history_error:public/get_mark_price_history HTTP 400 Bad Request Invalid params:{""reason"":""instrument is not active"",""param"":""instrument_name""}|trade_candle_exists_but_mark_history_missing|Deribit public/get_mark_price_history returns mark price only and only for a subset of options used in volatility index calculations.|Deribit public/ticker exposes mark_iv and greeks for current/live instruments, but no official public historical point-in-time IV/Greek snapshot endpoint was found."
2025-04-12,14:00,BTC-18APR25-89000-C,15,2025-04-11T08:00:00.000Z,2025-04-18T08:00:00.000Z,18APR25,89000,false,false,,false,,false,,false,,false,,false,,true,84817,true,0.011,false,0,,,,mark_price|mark_iv|delta|gamma|theta|vega,"mark_history_error:public/get_mark_price_history HTTP 400 Bad Request Invalid params:{""reason"":""instrument is not active"",""param"":""instrument_name""}|trade_candle_exists_but_mark_history_missing|Deribit public/get_mark_price_history returns mark price only and only for a subset of options used in volatility index calculations.|Deribit public/ticker exposes mark_iv and greeks for current/live instruments, but no official public historical point-in-time IV/Greek snapshot endpoint was found."
2025-04-12,16:00,BTC-18APR25-89000-C,15,2025-04-11T08:00:00.000Z,2025-04-18T08:00:00.000Z,18APR25,89000,false,false,,false,,false,,false,,false,,false,,true,84661.5,true,0.012,false,0,,,,mark_price|mark_iv|delta|gamma|theta|vega,"mark_history_error:public/get_mark_price_history HTTP 400 Bad Request Invalid params:{""reason"":""instrument is not active"",""param"":""instrument_name""}|trade_candle_exists_but_mark_history_missing|Deribit public/get_mark_price_history returns mark price only and only for a subset of options used in volatility index calculations.|Deribit public/ticker exposes mark_iv and greeks for current/live instruments, but no official public historical point-in-time IV/Greek snapshot endpoint was found."
2025-04-13,08:00,BTC-18APR25-89000-C,15,2025-04-11T08:00:00.000Z,2025-04-18T08:00:00.000Z,18APR25,89000,false,false,,false,,false,,false,,false,,false,,true,84672.5,true,0.0095,false,0,,,,mark_price|mark_iv|delta|gamma|theta|vega,"mark_history_error:public/get_mark_price_history HTTP 400 Bad Request Invalid params:{""reason"":""instrument is not active"",""param"":""instrument_name""}|trade_candle_exists_but_mark_history_missing|Deribit public/get_mark_price_history returns mark price only and only for a subset of options used in volatility index calculations.|Deribit public/ticker exposes mark_iv and greeks for current/live instruments, but no official public historical point-in-time IV/Greek snapshot endpoint was found."
2025-04-13,14:00,BTC-18APR25-89000-C,15,2025-04-11T08:00:00.000Z,2025-04-18T08:00:00.000Z,18APR25,89000,false,false,,false,,false,,false,,false,,false,,true,84085,true,0.0075,false,0,,,,mark_price|mark_iv|delta|gamma|theta|vega,"mark_history_error:public/get_mark_price_history HTTP 400 Bad Request Invalid params:{""reason"":""instrument is not active"",""param"":""instrument_name""}|trade_candle_exists_but_mark_history_missing|Deribit public/get_mark_price_history returns mark price only and only for a subset of options used in volatility index calculations.|Deribit public/ticker exposes mark_iv and greeks for current/live instruments, but no official public historical point-in-time IV/Greek snapshot endpoint was found."
2025-04-13,16:00,BTC-18APR25-89000-C,15,2025-04-11T08:00:00.000Z,2025-04-18T08:00:00.000Z,18APR25,89000,false,false,,false,,false,,false,,false,,false,,true,84230.5,true,0.0075,false,0,,,,mark_price|mark_iv|delta|gamma|theta|vega,"mark_history_error:public/get_mark_price_history HTTP 400 Bad Request Invalid params:{""reason"":""instrument is not active"",""param"":""instrument_name""}|trade_candle_exists_but_mark_history_missing|Deribit public/get_mark_price_history returns mark price only and only for a subset of options used in volatility index calculations.|Deribit public/ticker exposes mark_iv and greeks for current/live instruments, but no official public historical point-in-time IV/Greek snapshot endpoint was found."
2025-04-14,08:00,BTC-18APR25-89000-C,15,2025-04-11T08:00:00.000Z,2025-04-18T08:00:00.000Z,18APR25,89000,false,false,,false,,false,,false,,false,,false,,true,84755,true,0.006,false,0,,,,mark_price|mark_iv|delta|gamma|theta|vega,"mark_history_error:public/get_mark_price_history HTTP 400 Bad Request Invalid params:{""reason"":""instrument is not active"",""param"":""instrument_name""}|trade_candle_exists_but_mark_history_missing|Deribit public/get_mark_price_history returns mark price only and only for a subset of options used in volatility index calculations.|Deribit public/ticker exposes mark_iv and greeks for current/live instruments, but no official public historical point-in-time IV/Greek snapshot endpoint was found."
2025-04-14,14:00,BTC-18APR25-89000-C,15,2025-04-11T08:00:00.000Z,2025-04-18T08:00:00.000Z,18APR25,89000,false,false,,false,,false,,false,,false,,false,,true,85434.5,true,0.0075,false,0,,,,mark_price|mark_iv|delta|gamma|theta|vega,"mark_history_error:public/get_mark_price_history HTTP 400 Bad Request Invalid params:{""reason"":""instrument is not active"",""param"":""instrument_name""}|trade_candle_exists_but_mark_history_missing|Deribit public/get_mark_price_history returns mark price only and only for a subset of options used in volatility index calculations.|Deribit public/ticker exposes mark_iv and greeks for current/live instruments, but no official public historical point-in-time IV/Greek snapshot endpoint was found."
2025-04-14,16:00,BTC-18APR25-89000-C,15,2025-04-11T08:00:00.000Z,2025-04-18T08:00:00.000Z,18APR25,89000,false,false,,false,,false,,false,,false,,false,,true,84310.5,true,0.0044,false,0,,,,mark_price|mark_iv|delta|gamma|theta|vega,"mark_history_error:public/get_mark_price_history HTTP 400 Bad Request Invalid params:{""reason"":""instrument is not active"",""param"":""instrument_name""}|trade_candle_exists_but_mark_history_missing|Deribit public/get_mark_price_history returns mark price only and only for a subset of options used in volatility index calculations.|Deribit public/ticker exposes mark_iv and greeks for current/live instruments, but no official public historical point-in-time IV/Greek snapshot endpoint was found."
2025-04-15,08:00,BTC-18APR25-89000-C,15,2025-04-11T08:00:00.000Z,2025-04-18T08:00:00.000Z,18APR25,89000,false,false,,false,,false,,false,,false,,false,,true,85828.5,true,0.005,false,0,,,,mark_price|mark_iv|delta|gamma|theta|vega,"mark_history_error:public/get_mark_price_history HTTP 400 Bad Request Invalid params:{""reason"":""instrument is not active"",""param"":""instrument_name""}|trade_candle_exists_but_mark_history_missing|Deribit public/get_mark_price_history returns mark price only and only for a subset of options used in volatility index calculations.|Deribit public/ticker exposes mark_iv and greeks for current/live instruments, but no official public historical point-in-time IV/Greek snapshot endpoint was found."
2025-04-15,14:00,BTC-18APR25-89000-C,15,2025-04-11T08:00:00.000Z,2025-04-18T08:00:00.000Z,18APR25,89000,false,false,,false,,false,,false,,false,,false,,true,85137.5,true,0.0034,false,0,,,,mark_price|mark_iv|delta|gamma|theta|vega,"mark_history_error:public/get_mark_price_history HTTP 400 Bad Request Invalid params:{""reason"":""instrument is not active"",""param"":""instrument_name""}|trade_candle_exists_but_mark_history_missing|Deribit public/get_mark_price_history returns mark price only and only for a subset of options used in volatility index calculations.|Deribit public/ticker exposes mark_iv and greeks for current/live instruments, but no official public historical point-in-time IV/Greek snapshot endpoint was found."
2025-04-15,16:00,BTC-18APR25-89000-C,15,2025-04-11T08:00:00.000Z,2025-04-18T08:00:00.000Z,18APR25,89000,false,false,,false,,false,,false,,false,,false,,true,84853.5,true,0.0026,false,0,,,,mark_price|mark_iv|delta|gamma|theta|vega,"mark_history_error:public/get_mark_price_history HTTP 400 Bad Request Invalid params:{""reason"":""instrument is not active"",""param"":""instrument_name""}|trade_candle_exists_but_mark_history_missing|Deribit public/get_mark_price_history returns mark price only and only for a subset of options used in volatility index calculations.|Deribit public/ticker exposes mark_iv and greeks for current/live instruments, but no official public historical point-in-time IV/Greek snapshot endpoint was found."
2025-04-16,08:00,BTC-18APR25-89000-C,15,2025-04-11T08:00:00.000Z,2025-04-18T08:00:00.000Z,18APR25,89000,false,false,,false,,false,,false,,false,,false,,true,83720,true,0.0006,false,0,,,,mark_price|mark_iv|delta|gamma|theta|vega,"mark_history_error:public/get_mark_price_history HTTP 400 Bad Request Invalid params:{""reason"":""instrument is not active"",""param"":""instrument_name""}|trade_candle_exists_but_mark_history_missing|Deribit public/get_mark_price_history returns mark price only and only for a subset of options used in volatility index calculations.|Deribit public/ticker exposes mark_iv and greeks for current/live instruments, but no official public historical point-in-time IV/Greek snapshot endpoint was found."
2025-04-16,14:00,BTC-18APR25-89000-C,15,2025-04-11T08:00:00.000Z,2025-04-18T08:00:00.000Z,18APR25,89000,false,false,,false,,false,,false,,false,,false,,true,84600,true,0.0009,false,0,,,,mark_price|mark_iv|delta|gamma|theta|vega,"mark_history_error:public/get_mark_price_history HTTP 400 Bad Request Invalid params:{""reason"":""instrument is not active"",""param"":""instrument_name""}|trade_candle_exists_but_mark_history_missing|Deribit public/get_mark_price_history returns mark price only and only for a subset of options used in volatility index calculations.|Deribit public/ticker exposes mark_iv and greeks for current/live instruments, but no official public historical point-in-time IV/Greek snapshot endpoint was found."
2025-04-16,16:00,BTC-18APR25-89000-C,15,2025-04-11T08:00:00.000Z,2025-04-18T08:00:00.000Z,18APR25,89000,false,false,,false,,false,,false,,false,,false,,true,85055.5,true,0.0009,false,0,,,,mark_price|mark_iv|delta|gamma|theta|vega,"mark_history_error:public/get_mark_price_history HTTP 400 Bad Request Invalid params:{""reason"":""instrument is not active"",""param"":""instrument_name""}|trade_candle_exists_but_mark_history_missing|Deribit public/get_mark_price_history returns mark price only and only for a subset of options used in volatility index calculations.|Deribit public/ticker exposes mark_iv and greeks for current/live instruments, but no official public historical point-in-time IV/Greek snapshot endpoint was found."
2025-04-17,08:00,BTC-18APR25-89000-C,15,2025-04-11T08:00:00.000Z,2025-04-18T08:00:00.000Z,18APR25,89000,false,false,,false,,false,,false,,false,,false,,true,84465.5,true,0.0002,false,0,,,,mark_price|mark_iv|delta|gamma|theta|vega,"mark_history_error:public/get_mark_price_history HTTP 400 Bad Request Invalid params:{""reason"":""instrument is not active"",""param"":""instrument_name""}|trade_candle_exists_but_mark_history_missing|Deribit public/get_mark_price_history returns mark price only and only for a subset of options used in volatility index calculations.|Deribit public/ticker exposes mark_iv and greeks for current/live instruments, but no official public historical point-in-time IV/Greek snapshot endpoint was found."
2025-04-17,14:00,BTC-18APR25-89000-C,15,2025-04-11T08:00:00.000Z,2025-04-18T08:00:00.000Z,18APR25,89000,false,false,,false,,false,,false,,false,,false,,true,84085.5,true,0.0001,false,0,,,,mark_price|mark_iv|delta|gamma|theta|vega,"mark_history_error:public/get_mark_price_history HTTP 400 Bad Request Invalid params:{""reason"":""instrument is not active"",""param"":""instrument_name""}|trade_candle_exists_but_mark_history_missing|Deribit public/get_mark_price_history returns mark price only and only for a subset of options used in volatility index calculations.|Deribit public/ticker exposes mark_iv and greeks for current/live instruments, but no official public historical point-in-time IV/Greek snapshot endpoint was found."
2025-04-17,16:00,BTC-18APR25-89000-C,15,2025-04-11T08:00:00.000Z,2025-04-18T08:00:00.000Z,18APR25,89000,false,false,,false,,false,,false,,false,,false,,true,84930,true,0.0002,false,0,,,,mark_price|mark_iv|delta|gamma|theta|vega,"mark_history_error:public/get_mark_price_history HTTP 400 Bad Request Invalid params:{""reason"":""instrument is not active"",""param"":""instrument_name""}|trade_candle_exists_but_mark_history_missing|Deribit public/get_mark_price_history returns mark price only and only for a subset of options used in volatility index calculations.|Deribit public/ticker exposes mark_iv and greeks for current/live instruments, but no official public historical point-in-time IV/Greek snapshot endpoint was found."
2025-04-18,08:00,BTC-25APR25-94000-C,16,2025-04-18T08:00:00.000Z,2025-04-25T08:00:00.000Z,25APR25,94000,false,false,,false,,false,,false,,false,,false,,true,84637,true,0.0017,false,0,,,,mark_price|mark_iv|delta|gamma|theta|vega,"mark_history_error:public/get_mark_price_history HTTP 400 Bad Request Invalid params:{""reason"":""instrument is not active"",""param"":""instrument_name""}|trade_candle_exists_but_mark_history_missing|Deribit public/get_mark_price_history returns mark price only and only for a subset of options used in volatility index calculations.|Deribit public/ticker exposes mark_iv and greeks for current/live instruments, but no official public historical point-in-time IV/Greek snapshot endpoint was found."
2025-04-18,14:00,BTC-25APR25-94000-C,16,2025-04-18T08:00:00.000Z,2025-04-25T08:00:00.000Z,25APR25,94000,false,false,,false,,false,,false,,false,,false,,true,84561.5,true,0.001,false,0,,,,mark_price|mark_iv|delta|gamma|theta|vega,"mark_history_error:public/get_mark_price_history HTTP 400 Bad Request Invalid params:{""reason"":""instrument is not active"",""param"":""instrument_name""}|trade_candle_exists_but_mark_history_missing|Deribit public/get_mark_price_history returns mark price only and only for a subset of options used in volatility index calculations.|Deribit public/ticker exposes mark_iv and greeks for current/live instruments, but no official public historical point-in-time IV/Greek snapshot endpoint was found."
2025-04-18,16:00,BTC-25APR25-94000-C,16,2025-04-18T08:00:00.000Z,2025-04-25T08:00:00.000Z,25APR25,94000,false,false,,false,,false,,false,,false,,false,,true,84457,true,0.001,false,0,,,,mark_price|mark_iv|delta|gamma|theta|vega,"mark_history_error:public/get_mark_price_history HTTP 400 Bad Request Invalid params:{""reason"":""instrument is not active"",""param"":""instrument_name""}|trade_candle_exists_but_mark_history_missing|Deribit public/get_mark_price_history returns mark price only and only for a subset of options used in volatility index calculations.|Deribit public/ticker exposes mark_iv and greeks for current/live instruments, but no official public historical point-in-time IV/Greek snapshot endpoint was found."
2025-04-19,08:00,BTC-25APR25-94000-C,16,2025-04-18T08:00:00.000Z,2025-04-25T08:00:00.000Z,25APR25,94000,false,false,,false,,false,,false,,false,,false,,true,85322.5,true,0.0013,false,0,,,,mark_price|mark_iv|delta|gamma|theta|vega,"mark_history_error:public/get_mark_price_history HTTP 400 Bad Request Invalid params:{""reason"":""instrument is not active"",""param"":""instrument_name""}|trade_candle_exists_but_mark_history_missing|Deribit public/get_mark_price_history returns mark price only and only for a subset of options used in volatility index calculations.|Deribit public/ticker exposes mark_iv and greeks for current/live instruments, but no official public historical point-in-time IV/Greek snapshot endpoint was found."
2025-04-19,14:00,BTC-25APR25-94000-C,16,2025-04-18T08:00:00.000Z,2025-04-25T08:00:00.000Z,25APR25,94000,false,false,,false,,false,,false,,false,,false,,true,85432.5,true,0.0012,false,0,,,,mark_price|mark_iv|delta|gamma|theta|vega,"mark_history_error:public/get_mark_price_history HTTP 400 Bad Request Invalid params:{""reason"":""instrument is not active"",""param"":""instrument_name""}|trade_candle_exists_but_mark_history_missing|Deribit public/get_mark_price_history returns mark price only and only for a subset of options used in volatility index calculations.|Deribit public/ticker exposes mark_iv and greeks for current/live instruments, but no official public historical point-in-time IV/Greek snapshot endpoint was found."
2025-04-19,16:00,BTC-25APR25-94000-C,16,2025-04-18T08:00:00.000Z,2025-04-25T08:00:00.000Z,25APR25,94000,false,false,,false,,false,,false,,false,,false,,true,84857.5,true,0.0013,false,0,,,,mark_price|mark_iv|delta|gamma|theta|vega,"mark_history_error:public/get_mark_price_history HTTP 400 Bad Request Invalid params:{""reason"":""instrument is not active"",""param"":""instrument_name""}|trade_candle_exists_but_mark_history_missing|Deribit public/get_mark_price_history returns mark price only and only for a subset of options used in volatility index calculations.|Deribit public/ticker exposes mark_iv and greeks for current/live instruments, but no official public historical point-in-time IV/Greek snapshot endpoint was found."
2025-04-20,08:00,BTC-25APR25-94000-C,16,2025-04-18T08:00:00.000Z,2025-04-25T08:00:00.000Z,25APR25,94000,false,false,,false,,false,,false,,false,,false,,true,84642.5,true,0.0008,false,0,,,,mark_price|mark_iv|delta|gamma|theta|vega,"mark_history_error:public/get_mark_price_history HTTP 400 Bad Request Invalid params:{""reason"":""instrument is not active"",""param"":""instrument_name""}|trade_candle_exists_but_mark_history_missing|Deribit public/get_mark_price_history returns mark price only and only for a subset of options used in volatility index calculations.|Deribit public/ticker exposes mark_iv and greeks for current/live instruments, but no official public historical point-in-time IV/Greek snapshot endpoint was found."
2025-04-20,14:00,BTC-25APR25-94000-C,16,2025-04-18T08:00:00.000Z,2025-04-25T08:00:00.000Z,25APR25,94000,false,false,,false,,false,,false,,false,,false,,true,84634.5,true,0.0007,false,0,,,,mark_price|mark_iv|delta|gamma|theta|vega,"mark_history_error:public/get_mark_price_history HTTP 400 Bad Request Invalid params:{""reason"":""instrument is not active"",""param"":""instrument_name""}|trade_candle_exists_but_mark_history_missing|Deribit public/get_mark_price_history returns mark price only and only for a subset of options used in volatility index calculations.|Deribit public/ticker exposes mark_iv and greeks for current/live instruments, but no official public historical point-in-time IV/Greek snapshot endpoint was found."
2025-04-20,16:00,BTC-25APR25-94000-C,16,2025-04-18T08:00:00.000Z,2025-04-25T08:00:00.000Z,25APR25,94000,false,false,,false,,false,,false,,false,,false,,true,84615,true,0.0007,false,0,,,,mark_price|mark_iv|delta|gamma|theta|vega,"mark_history_error:public/get_mark_price_history HTTP 400 Bad Request Invalid params:{""reason"":""instrument is not active"",""param"":""instrument_name""}|trade_candle_exists_but_mark_history_missing|Deribit public/get_mark_price_history returns mark price only and only for a subset of options used in volatility index calculations.|Deribit public/ticker exposes mark_iv and greeks for current/live instruments, but no official public historical point-in-time IV/Greek snapshot endpoint was found."
2025-04-21,08:00,BTC-25APR25-94000-C,16,2025-04-18T08:00:00.000Z,2025-04-25T08:00:00.000Z,25APR25,94000,false,false,,false,,false,,false,,false,,false,,true,87585,true,0.0016,false,0,,,,mark_price|mark_iv|delta|gamma|theta|vega,"mark_history_error:public/get_mark_price_history HTTP 400 Bad Request Invalid params:{""reason"":""instrument is not active"",""param"":""instrument_name""}|trade_candle_exists_but_mark_history_missing|Deribit public/get_mark_price_history returns mark price only and only for a subset of options used in volatility index calculations.|Deribit public/ticker exposes mark_iv and greeks for current/live instruments, but no official public historical point-in-time IV/Greek snapshot endpoint was found."
2025-04-21,14:00,BTC-25APR25-94000-C,16,2025-04-18T08:00:00.000Z,2025-04-25T08:00:00.000Z,25APR25,94000,false,false,,false,,false,,false,,false,,false,,true,88248.5,true,0.0027,false,0,,,,mark_price|mark_iv|delta|gamma|theta|vega,"mark_history_error:public/get_mark_price_history HTTP 400 Bad Request Invalid params:{""reason"":""instrument is not active"",""param"":""instrument_name""}|trade_candle_exists_but_mark_history_missing|Deribit public/get_mark_price_history returns mark price only and only for a subset of options used in volatility index calculations.|Deribit public/ticker exposes mark_iv and greeks for current/live instruments, but no official public historical point-in-time IV/Greek snapshot endpoint was found."
2025-04-21,16:00,BTC-25APR25-94000-C,16,2025-04-18T08:00:00.000Z,2025-04-25T08:00:00.000Z,25APR25,94000,false,false,,false,,false,,false,,false,,false,,true,87200,true,0.0017,false,0,,,,mark_price|mark_iv|delta|gamma|theta|vega,"mark_history_error:public/get_mark_price_history HTTP 400 Bad Request Invalid params:{""reason"":""instrument is not active"",""param"":""instrument_name""}|trade_candle_exists_but_mark_history_missing|Deribit public/get_mark_price_history returns mark price only and only for a subset of options used in volatility index calculations.|Deribit public/ticker exposes mark_iv and greeks for current/live instruments, but no official public historical point-in-time IV/Greek snapshot endpoint was found."
2025-04-22,08:00,BTC-25APR25-94000-C,16,2025-04-18T08:00:00.000Z,2025-04-25T08:00:00.000Z,25APR25,94000,false,false,,false,,false,,false,,false,,false,,true,88440,true,0.002,false,0,,,,mark_price|mark_iv|delta|gamma|theta|vega,"mark_history_error:public/get_mark_price_history HTTP 400 Bad Request Invalid params:{""reason"":""instrument is not active"",""param"":""instrument_name""}|trade_candle_exists_but_mark_history_missing|Deribit public/get_mark_price_history returns mark price only and only for a subset of options used in volatility index calculations.|Deribit public/ticker exposes mark_iv and greeks for current/live instruments, but no official public historical point-in-time IV/Greek snapshot endpoint was found."
2025-04-22,14:00,BTC-25APR25-94000-C,16,2025-04-18T08:00:00.000Z,2025-04-25T08:00:00.000Z,25APR25,94000,false,false,,false,,false,,false,,false,,false,,true,90836.5,true,0.0055,false,0,,,,mark_price|mark_iv|delta|gamma|theta|vega,"mark_history_error:public/get_mark_price_history HTTP 400 Bad Request Invalid params:{""reason"":""instrument is not active"",""param"":""instrument_name""}|trade_candle_exists_but_mark_history_missing|Deribit public/get_mark_price_history returns mark price only and only for a subset of options used in volatility index calculations.|Deribit public/ticker exposes mark_iv and greeks for current/live instruments, but no official public historical point-in-time IV/Greek snapshot endpoint was found."
2025-04-22,16:00,BTC-25APR25-94000-C,16,2025-04-18T08:00:00.000Z,2025-04-25T08:00:00.000Z,25APR25,94000,false,false,,false,,false,,false,,false,,false,,true,90736.5,true,0.0043,false,0,,,,mark_price|mark_iv|delta|gamma|theta|vega,"mark_history_error:public/get_mark_price_history HTTP 400 Bad Request Invalid params:{""reason"":""instrument is not active"",""param"":""instrument_name""}|trade_candle_exists_but_mark_history_missing|Deribit public/get_mark_price_history returns mark price only and only for a subset of options used in volatility index calculations.|Deribit public/ticker exposes mark_iv and greeks for current/live instruments, but no official public historical point-in-time IV/Greek snapshot endpoint was found."
2025-04-23,08:00,BTC-25APR25-94000-C,16,2025-04-18T08:00:00.000Z,2025-04-25T08:00:00.000Z,25APR25,94000,false,false,,false,,false,,false,,false,,false,,true,94322,true,0.017,false,0,,,,mark_price|mark_iv|delta|gamma|theta|vega,"mark_history_error:public/get_mark_price_history HTTP 400 Bad Request Invalid params:{""reason"":""instrument is not active"",""param"":""instrument_name""}|trade_candle_exists_but_mark_history_missing|Deribit public/get_mark_price_history returns mark price only and only for a subset of options used in volatility index calculations.|Deribit public/ticker exposes mark_iv and greeks for current/live instruments, but no official public historical point-in-time IV/Greek snapshot endpoint was found."
2025-04-23,14:00,BTC-25APR25-94000-C,16,2025-04-18T08:00:00.000Z,2025-04-25T08:00:00.000Z,25APR25,94000,false,false,,false,,false,,false,,false,,false,,true,92983.5,true,0.0085,false,0,,,,mark_price|mark_iv|delta|gamma|theta|vega,"mark_history_error:public/get_mark_price_history HTTP 400 Bad Request Invalid params:{""reason"":""instrument is not active"",""param"":""instrument_name""}|trade_candle_exists_but_mark_history_missing|Deribit public/get_mark_price_history returns mark price only and only for a subset of options used in volatility index calculations.|Deribit public/ticker exposes mark_iv and greeks for current/live instruments, but no official public historical point-in-time IV/Greek snapshot endpoint was found."
2025-04-23,16:00,BTC-25APR25-94000-C,16,2025-04-18T08:00:00.000Z,2025-04-25T08:00:00.000Z,25APR25,94000,false,false,,false,,false,,false,,false,,false,,true,93670.5,true,0.0115,false,0,,,,mark_price|mark_iv|delta|gamma|theta|vega,"mark_history_error:public/get_mark_price_history HTTP 400 Bad Request Invalid params:{""reason"":""instrument is not active"",""param"":""instrument_name""}|trade_candle_exists_but_mark_history_missing|Deribit public/get_mark_price_history returns mark price only and only for a subset of options used in volatility index calculations.|Deribit public/ticker exposes mark_iv and greeks for current/live instruments, but no official public historical point-in-time IV/Greek snapshot endpoint was found."
2025-04-24,08:00,BTC-25APR25-94000-C,16,2025-04-18T08:00:00.000Z,2025-04-25T08:00:00.000Z,25APR25,94000,false,false,,false,,false,,false,,false,,false,,true,92027.5,true,0.0021,false,0,,,,mark_price|mark_iv|delta|gamma|theta|vega,"mark_history_error:public/get_mark_price_history HTTP 400 Bad Request Invalid params:{""reason"":""instrument is not active"",""param"":""instrument_name""}|trade_candle_exists_but_mark_history_missing|Deribit public/get_mark_price_history returns mark price only and only for a subset of options used in volatility index calculations.|Deribit public/ticker exposes mark_iv and greeks for current/live instruments, but no official public historical point-in-time IV/Greek snapshot endpoint was found."
2025-04-24,14:00,BTC-25APR25-94000-C,16,2025-04-18T08:00:00.000Z,2025-04-25T08:00:00.000Z,25APR25,94000,false,false,,false,,false,,false,,false,,false,,true,93114.5,true,0.0037,false,0,,,,mark_price|mark_iv|delta|gamma|theta|vega,"mark_history_error:public/get_mark_price_history HTTP 400 Bad Request Invalid params:{""reason"":""instrument is not active"",""param"":""instrument_name""}|trade_candle_exists_but_mark_history_missing|Deribit public/get_mark_price_history returns mark price only and only for a subset of options used in volatility index calculations.|Deribit public/ticker exposes mark_iv and greeks for current/live instruments, but no official public historical point-in-time IV/Greek snapshot endpoint was found."
2025-04-24,16:00,BTC-25APR25-94000-C,16,2025-04-18T08:00:00.000Z,2025-04-25T08:00:00.000Z,25APR25,94000,false,false,,false,,false,,false,,false,,false,,true,93391,true,0.0045,false,0,,,,mark_price|mark_iv|delta|gamma|theta|vega,"mark_history_error:public/get_mark_price_history HTTP 400 Bad Request Invalid params:{""reason"":""instrument is not active"",""param"":""instrument_name""}|trade_candle_exists_but_mark_history_missing|Deribit public/get_mark_price_history returns mark price only and only for a subset of options used in volatility index calculations.|Deribit public/ticker exposes mark_iv and greeks for current/live instruments, but no official public historical point-in-time IV/Greek snapshot endpoint was found."
2025-05-09,08:00,BTC-16MAY25-115000-C,19,2025-05-09T08:00:00.000Z,2025-05-16T08:00:00.000Z,16MAY25,115000,false,false,,false,,false,,false,,false,,false,,true,102979,true,0.0015,false,0,,,,mark_price|mark_iv|delta|gamma|theta|vega,"mark_history_error:public/get_mark_price_history HTTP 400 Bad Request Invalid params:{""reason"":""instrument is not active"",""param"":""instrument_name""}|trade_candle_exists_but_mark_history_missing|Deribit public/get_mark_price_history returns mark price only and only for a subset of options used in volatility index calculations.|Deribit public/ticker exposes mark_iv and greeks for current/live instruments, but no official public historical point-in-time IV/Greek snapshot endpoint was found."
2025-05-09,14:00,BTC-16MAY25-115000-C,19,2025-05-09T08:00:00.000Z,2025-05-16T08:00:00.000Z,16MAY25,115000,false,false,,false,,false,,false,,false,,false,,true,103177.5,true,0.0014,false,0,,,,mark_price|mark_iv|delta|gamma|theta|vega,"mark_history_error:public/get_mark_price_history HTTP 400 Bad Request Invalid params:{""reason"":""instrument is not active"",""param"":""instrument_name""}|trade_candle_exists_but_mark_history_missing|Deribit public/get_mark_price_history returns mark price only and only for a subset of options used in volatility index calculations.|Deribit public/ticker exposes mark_iv and greeks for current/live instruments, but no official public historical point-in-time IV/Greek snapshot endpoint was found."
2025-05-09,16:00,BTC-16MAY25-115000-C,19,2025-05-09T08:00:00.000Z,2025-05-16T08:00:00.000Z,16MAY25,115000,false,false,,false,,false,,false,,false,,false,,true,102513,true,0.001,false,0,,,,mark_price|mark_iv|delta|gamma|theta|vega,"mark_history_error:public/get_mark_price_history HTTP 400 Bad Request Invalid params:{""reason"":""instrument is not active"",""param"":""instrument_name""}|trade_candle_exists_but_mark_history_missing|Deribit public/get_mark_price_history returns mark price only and only for a subset of options used in volatility index calculations.|Deribit public/ticker exposes mark_iv and greeks for current/live instruments, but no official public historical point-in-time IV/Greek snapshot endpoint was found."
2025-05-10,08:00,BTC-16MAY25-115000-C,19,2025-05-09T08:00:00.000Z,2025-05-16T08:00:00.000Z,16MAY25,115000,false,false,,false,,false,,false,,false,,false,,true,103665,true,0.0016,false,0,,,,mark_price|mark_iv|delta|gamma|theta|vega,"mark_history_error:public/get_mark_price_history HTTP 400 Bad Request Invalid params:{""reason"":""instrument is not active"",""param"":""instrument_name""}|trade_candle_exists_but_mark_history_missing|Deribit public/get_mark_price_history returns mark price only and only for a subset of options used in volatility index calculations.|Deribit public/ticker exposes mark_iv and greeks for current/live instruments, but no official public historical point-in-time IV/Greek snapshot endpoint was found."
2025-05-10,14:00,BTC-16MAY25-115000-C,19,2025-05-09T08:00:00.000Z,2025-05-16T08:00:00.000Z,16MAY25,115000,false,false,,false,,false,,false,,false,,false,,true,103588,true,0.0012,false,0,,,,mark_price|mark_iv|delta|gamma|theta|vega,"mark_history_error:public/get_mark_price_history HTTP 400 Bad Request Invalid params:{""reason"":""instrument is not active"",""param"":""instrument_name""}|trade_candle_exists_but_mark_history_missing|Deribit public/get_mark_price_history returns mark price only and only for a subset of options used in volatility index calculations.|Deribit public/ticker exposes mark_iv and greeks for current/live instruments, but no official public historical point-in-time IV/Greek snapshot endpoint was found."
2025-05-10,16:00,BTC-16MAY25-115000-C,19,2025-05-09T08:00:00.000Z,2025-05-16T08:00:00.000Z,16MAY25,115000,false,false,,false,,false,,false,,false,,false,,true,103472.5,true,0.0013,false,0,,,,mark_price|mark_iv|delta|gamma|theta|vega,"mark_history_error:public/get_mark_price_history HTTP 400 Bad Request Invalid params:{""reason"":""instrument is not active"",""param"":""instrument_name""}|trade_candle_exists_but_mark_history_missing|Deribit public/get_mark_price_history returns mark price only and only for a subset of options used in volatility index calculations.|Deribit public/ticker exposes mark_iv and greeks for current/live instruments, but no official public historical point-in-time IV/Greek snapshot endpoint was found."
2025-05-11,08:00,BTC-16MAY25-115000-C,19,2025-05-09T08:00:00.000Z,2025-05-16T08:00:00.000Z,16MAY25,115000,false,false,,false,,false,,false,,false,,false,,true,103892.5,true,0.0011,false,0,,,,mark_price|mark_iv|delta|gamma|theta|vega,"mark_history_error:public/get_mark_price_history HTTP 400 Bad Request Invalid params:{""reason"":""instrument is not active"",""param"":""instrument_name""}|trade_candle_exists_but_mark_history_missing|Deribit public/get_mark_price_history returns mark price only and only for a subset of options used in volatility index calculations.|Deribit public/ticker exposes mark_iv and greeks for current/live instruments, but no official public historical point-in-time IV/Greek snapshot endpoint was found."
2025-05-11,14:00,BTC-16MAY25-115000-C,19,2025-05-09T08:00:00.000Z,2025-05-16T08:00:00.000Z,16MAY25,115000,false,false,,false,,false,,false,,false,,false,,true,104230.5,true,0.0013,false,0,,,,mark_price|mark_iv|delta|gamma|theta|vega,"mark_history_error:public/get_mark_price_history HTTP 400 Bad Request Invalid params:{""reason"":""instrument is not active"",""param"":""instrument_name""}|trade_candle_exists_but_mark_history_missing|Deribit public/get_mark_price_history returns mark price only and only for a subset of options used in volatility index calculations.|Deribit public/ticker exposes mark_iv and greeks for current/live instruments, but no official public historical point-in-time IV/Greek snapshot endpoint was found."
2025-05-11,16:00,BTC-16MAY25-115000-C,19,2025-05-09T08:00:00.000Z,2025-05-16T08:00:00.000Z,16MAY25,115000,false,false,,false,,false,,false,,false,,false,,true,104014.5,true,0.0013,false,0,,,,mark_price|mark_iv|delta|gamma|theta|vega,"mark_history_error:public/get_mark_price_history HTTP 400 Bad Request Invalid params:{""reason"":""instrument is not active"",""param"":""instrument_name""}|trade_candle_exists_but_mark_history_missing|Deribit public/get_mark_price_history returns mark price only and only for a subset of options used in volatility index calculations.|Deribit public/ticker exposes mark_iv and greeks for current/live instruments, but no official public historical point-in-time IV/Greek snapshot endpoint was found."
2025-05-12,08:00,BTC-16MAY25-115000-C,19,2025-05-09T08:00:00.000Z,2025-05-16T08:00:00.000Z,16MAY25,115000,false,false,,false,,false,,false,,false,,false,,true,104645.5,true,0.0012,false,0,,,,mark_price|mark_iv|delta|gamma|theta|vega,"mark_history_error:public/get_mark_price_history HTTP 400 Bad Request Invalid params:{""reason"":""instrument is not active"",""param"":""instrument_name""}|trade_candle_exists_but_mark_history_missing|Deribit public/get_mark_price_history returns mark price only and only for a subset of options used in volatility index calculations.|Deribit public/ticker exposes mark_iv and greeks for current/live instruments, but no official public historical point-in-time IV/Greek snapshot endpoint was found."
2025-05-12,14:00,BTC-16MAY25-115000-C,19,2025-05-09T08:00:00.000Z,2025-05-16T08:00:00.000Z,16MAY25,115000,false,false,,false,,false,,false,,false,,false,,true,102788,true,0.0006,false,0,,,,mark_price|mark_iv|delta|gamma|theta|vega,"mark_history_error:public/get_mark_price_history HTTP 400 Bad Request Invalid params:{""reason"":""instrument is not active"",""param"":""instrument_name""}|trade_candle_exists_but_mark_history_missing|Deribit public/get_mark_price_history returns mark price only and only for a subset of options used in volatility index calculations.|Deribit public/ticker exposes mark_iv and greeks for current/live instruments, but no official public historical point-in-time IV/Greek snapshot endpoint was found."
2025-05-12,16:00,BTC-16MAY25-115000-C,19,2025-05-09T08:00:00.000Z,2025-05-16T08:00:00.000Z,16MAY25,115000,false,false,,false,,false,,false,,false,,false,,true,102856,true,0.0004,false,0,,,,mark_price|mark_iv|delta|gamma|theta|vega,"mark_history_error:public/get_mark_price_history HTTP 400 Bad Request Invalid params:{""reason"":""instrument is not active"",""param"":""instrument_name""}|trade_candle_exists_but_mark_history_missing|Deribit public/get_mark_price_history returns mark price only and only for a subset of options used in volatility index calculations.|Deribit public/ticker exposes mark_iv and greeks for current/live instruments, but no official public historical point-in-time IV/Greek snapshot endpoint was found."
2025-05-13,08:00,BTC-16MAY25-115000-C,19,2025-05-09T08:00:00.000Z,2025-05-16T08:00:00.000Z,16MAY25,115000,false,false,,false,,false,,false,,false,,false,,true,102763,true,0.0004,false,0,,,,mark_price|mark_iv|delta|gamma|theta|vega,"mark_history_error:public/get_mark_price_history HTTP 400 Bad Request Invalid params:{""reason"":""instrument is not active"",""param"":""instrument_name""}|trade_candle_exists_but_mark_history_missing|Deribit public/get_mark_price_history returns mark price only and only for a subset of options used in volatility index calculations.|Deribit public/ticker exposes mark_iv and greeks for current/live instruments, but no official public historical point-in-time IV/Greek snapshot endpoint was found."
2025-05-13,14:00,BTC-16MAY25-115000-C,19,2025-05-09T08:00:00.000Z,2025-05-16T08:00:00.000Z,16MAY25,115000,false,false,,false,,false,,false,,false,,false,,true,103247,true,0.0003,false,0,,,,mark_price|mark_iv|delta|gamma|theta|vega,"mark_history_error:public/get_mark_price_history HTTP 400 Bad Request Invalid params:{""reason"":""instrument is not active"",""param"":""instrument_name""}|trade_candle_exists_but_mark_history_missing|Deribit public/get_mark_price_history returns mark price only and only for a subset of options used in volatility index calculations.|Deribit public/ticker exposes mark_iv and greeks for current/live instruments, but no official public historical point-in-time IV/Greek snapshot endpoint was found."
2025-05-13,16:00,BTC-16MAY25-115000-C,19,2025-05-09T08:00:00.000Z,2025-05-16T08:00:00.000Z,16MAY25,115000,false,false,,false,,false,,false,,false,,false,,true,103783.5,true,0.0003,false,0,,,,mark_price|mark_iv|delta|gamma|theta|vega,"mark_history_error:public/get_mark_price_history HTTP 400 Bad Request Invalid params:{""reason"":""instrument is not active"",""param"":""instrument_name""}|trade_candle_exists_but_mark_history_missing|Deribit public/get_mark_price_history returns mark price only and only for a subset of options used in volatility index calculations.|Deribit public/ticker exposes mark_iv and greeks for current/live instruments, but no official public historical point-in-time IV/Greek snapshot endpoint was found."
2025-05-14,08:00,BTC-16MAY25-115000-C,19,2025-05-09T08:00:00.000Z,2025-05-16T08:00:00.000Z,16MAY25,115000,false,false,,false,,false,,false,,false,,false,,true,103239,true,0.0003,false,0,,,,mark_price|mark_iv|delta|gamma|theta|vega,"mark_history_error:public/get_mark_price_history HTTP 400 Bad Request Invalid params:{""reason"":""instrument is not active"",""param"":""instrument_name""}|trade_candle_exists_but_mark_history_missing|Deribit public/get_mark_price_history returns mark price only and only for a subset of options used in volatility index calculations.|Deribit public/ticker exposes mark_iv and greeks for current/live instruments, but no official public historical point-in-time IV/Greek snapshot endpoint was found."
2025-05-14,14:00,BTC-16MAY25-115000-C,19,2025-05-09T08:00:00.000Z,2025-05-16T08:00:00.000Z,16MAY25,115000,false,false,,false,,false,,false,,false,,false,,true,103305,true,0.0001,false,0,,,,mark_price|mark_iv|delta|gamma|theta|vega,"mark_history_error:public/get_mark_price_history HTTP 400 Bad Request Invalid params:{""reason"":""instrument is not active"",""param"":""instrument_name""}|trade_candle_exists_but_mark_history_missing|Deribit public/get_mark_price_history returns mark price only and only for a subset of options used in volatility index calculations.|Deribit public/ticker exposes mark_iv and greeks for current/live instruments, but no official public historical point-in-time IV/Greek snapshot endpoint was found."
2025-05-14,16:00,BTC-16MAY25-115000-C,19,2025-05-09T08:00:00.000Z,2025-05-16T08:00:00.000Z,16MAY25,115000,false,false,,false,,false,,false,,false,,false,,true,103396.5,true,0.0001,false,0,,,,mark_price|mark_iv|delta|gamma|theta|vega,"mark_history_error:public/get_mark_price_history HTTP 400 Bad Request Invalid params:{""reason"":""instrument is not active"",""param"":""instrument_name""}|trade_candle_exists_but_mark_history_missing|Deribit public/get_mark_price_history returns mark price only and only for a subset of options used in volatility index calculations.|Deribit public/ticker exposes mark_iv and greeks for current/live instruments, but no official public historical point-in-time IV/Greek snapshot endpoint was found."
2025-05-15,08:00,BTC-16MAY25-115000-C,19,2025-05-09T08:00:00.000Z,2025-05-16T08:00:00.000Z,16MAY25,115000,false,false,,false,,false,,false,,false,,false,,true,102320.5,true,0.0001,false,0,,,,mark_price|mark_iv|delta|gamma|theta|vega,"mark_history_error:public/get_mark_price_history HTTP 400 Bad Request Invalid params:{""reason"":""instrument is not active"",""param"":""instrument_name""}|trade_candle_exists_but_mark_history_missing|Deribit public/get_mark_price_history returns mark price only and only for a subset of options used in volatility index calculations.|Deribit public/ticker exposes mark_iv and greeks for current/live instruments, but no official public historical point-in-time IV/Greek snapshot endpoint was found."
2025-05-15,14:00,BTC-16MAY25-115000-C,19,2025-05-09T08:00:00.000Z,2025-05-16T08:00:00.000Z,16MAY25,115000,false,false,,false,,false,,false,,false,,false,,true,102000,true,0.0001,false,0,,,,mark_price|mark_iv|delta|gamma|theta|vega,"mark_history_error:public/get_mark_price_history HTTP 400 Bad Request Invalid params:{""reason"":""instrument is not active"",""param"":""instrument_name""}|trade_candle_exists_but_mark_history_missing|Deribit public/get_mark_price_history returns mark price only and only for a subset of options used in volatility index calculations.|Deribit public/ticker exposes mark_iv and greeks for current/live instruments, but no official public historical point-in-time IV/Greek snapshot endpoint was found."
2025-05-15,16:00,BTC-16MAY25-115000-C,19,2025-05-09T08:00:00.000Z,2025-05-16T08:00:00.000Z,16MAY25,115000,false,false,,false,,false,,false,,false,,false,,true,103865,true,0.0001,false,0,,,,mark_price|mark_iv|delta|gamma|theta|vega,"mark_history_error:public/get_mark_price_history HTTP 400 Bad Request Invalid params:{""reason"":""instrument is not active"",""param"":""instrument_name""}|trade_candle_exists_but_mark_history_missing|Deribit public/get_mark_price_history returns mark price only and only for a subset of options used in volatility index calculations.|Deribit public/ticker exposes mark_iv and greeks for current/live instruments, but no official public historical point-in-time IV/Greek snapshot endpoint was found."
2025-05-16,08:00,BTC-23MAY25-115000-C,20,2025-05-16T08:00:00.000Z,2025-05-23T08:00:00.000Z,23MAY25,115000,false,false,,false,,false,,false,,false,,false,,true,103442,true,0.001,false,0,,,,mark_price|mark_iv|delta|gamma|theta|vega,"mark_history_error:public/get_mark_price_history HTTP 400 Bad Request Invalid params:{""reason"":""instrument is not active"",""param"":""instrument_name""}|trade_candle_exists_but_mark_history_missing|Deribit public/get_mark_price_history returns mark price only and only for a subset of options used in volatility index calculations.|Deribit public/ticker exposes mark_iv and greeks for current/live instruments, but no official public historical point-in-time IV/Greek snapshot endpoint was found."
2025-05-16,14:00,BTC-23MAY25-115000-C,20,2025-05-16T08:00:00.000Z,2025-05-23T08:00:00.000Z,23MAY25,115000,false,false,,false,,false,,false,,false,,false,,true,103595.5,true,0.0009,false,0,,,,mark_price|mark_iv|delta|gamma|theta|vega,"mark_history_error:public/get_mark_price_history HTTP 400 Bad Request Invalid params:{""reason"":""instrument is not active"",""param"":""instrument_name""}|trade_candle_exists_but_mark_history_missing|Deribit public/get_mark_price_history returns mark price only and only for a subset of options used in volatility index calculations.|Deribit public/ticker exposes mark_iv and greeks for current/live instruments, but no official public historical point-in-time IV/Greek snapshot endpoint was found."
2025-05-16,16:00,BTC-23MAY25-115000-C,20,2025-05-16T08:00:00.000Z,2025-05-23T08:00:00.000Z,23MAY25,115000,false,false,,false,,false,,false,,false,,false,,true,104189.5,true,0.0008,false,0,,,,mark_price|mark_iv|delta|gamma|theta|vega,"mark_history_error:public/get_mark_price_history HTTP 400 Bad Request Invalid params:{""reason"":""instrument is not active"",""param"":""instrument_name""}|trade_candle_exists_but_mark_history_missing|Deribit public/get_mark_price_history returns mark price only and only for a subset of options used in volatility index calculations.|Deribit public/ticker exposes mark_iv and greeks for current/live instruments, but no official public historical point-in-time IV/Greek snapshot endpoint was found."
2025-05-17,08:00,BTC-23MAY25-115000-C,20,2025-05-16T08:00:00.000Z,2025-05-23T08:00:00.000Z,23MAY25,115000,false,false,,false,,false,,false,,false,,false,,true,103448.5,true,0.0008,false,0,,,,mark_price|mark_iv|delta|gamma|theta|vega,"mark_history_error:public/get_mark_price_history HTTP 400 Bad Request Invalid params:{""reason"":""instrument is not active"",""param"":""instrument_name""}|trade_candle_exists_but_mark_history_missing|Deribit public/get_mark_price_history returns mark price only and only for a subset of options used in volatility index calculations.|Deribit public/ticker exposes mark_iv and greeks for current/live instruments, but no official public historical point-in-time IV/Greek snapshot endpoint was found."
2025-05-17,14:00,BTC-23MAY25-115000-C,20,2025-05-16T08:00:00.000Z,2025-05-23T08:00:00.000Z,23MAY25,115000,false,false,,false,,false,,false,,false,,false,,true,103178,true,0.0006,false,0,,,,mark_price|mark_iv|delta|gamma|theta|vega,"mark_history_error:public/get_mark_price_history HTTP 400 Bad Request Invalid params:{""reason"":""instrument is not active"",""param"":""instrument_name""}|trade_candle_exists_but_mark_history_missing|Deribit public/get_mark_price_history returns mark price only and only for a subset of options used in volatility index calculations.|Deribit public/ticker exposes mark_iv and greeks for current/live instruments, but no official public historical point-in-time IV/Greek snapshot endpoint was found."
2025-05-17,16:00,BTC-23MAY25-115000-C,20,2025-05-16T08:00:00.000Z,2025-05-23T08:00:00.000Z,23MAY25,115000,false,false,,false,,false,,false,,false,,false,,true,103000,true,0.0006,false,0,,,,mark_price|mark_iv|delta|gamma|theta|vega,"mark_history_error:public/get_mark_price_history HTTP 400 Bad Request Invalid params:{""reason"":""instrument is not active"",""param"":""instrument_name""}|trade_candle_exists_but_mark_history_missing|Deribit public/get_mark_price_history returns mark price only and only for a subset of options used in volatility index calculations.|Deribit public/ticker exposes mark_iv and greeks for current/live instruments, but no official public historical point-in-time IV/Greek snapshot endpoint was found."
2025-05-18,08:00,BTC-23MAY25-115000-C,20,2025-05-16T08:00:00.000Z,2025-05-23T08:00:00.000Z,23MAY25,115000,false,false,,false,,false,,false,,false,,false,,true,103968.5,true,0.0007,false,0,,,,mark_price|mark_iv|delta|gamma|theta|vega,"mark_history_error:public/get_mark_price_history HTTP 400 Bad Request Invalid params:{""reason"":""instrument is not active"",""param"":""instrument_name""}|trade_candle_exists_but_mark_history_missing|Deribit public/get_mark_price_history returns mark price only and only for a subset of options used in volatility index calculations.|Deribit public/ticker exposes mark_iv and greeks for current/live instruments, but no official public historical point-in-time IV/Greek snapshot endpoint was found."
2025-05-18,14:00,BTC-23MAY25-115000-C,20,2025-05-16T08:00:00.000Z,2025-05-23T08:00:00.000Z,23MAY25,115000,false,false,,false,,false,,false,,false,,false,,true,105351,true,0.0019,false,0,,,,mark_price|mark_iv|delta|gamma|theta|vega,"mark_history_error:public/get_mark_price_history HTTP 400 Bad Request Invalid params:{""reason"":""instrument is not active"",""param"":""instrument_name""}|trade_candle_exists_but_mark_history_missing|Deribit public/get_mark_price_history returns mark price only and only for a subset of options used in volatility index calculations.|Deribit public/ticker exposes mark_iv and greeks for current/live instruments, but no official public historical point-in-time IV/Greek snapshot endpoint was found."
2025-05-18,16:00,BTC-23MAY25-115000-C,20,2025-05-16T08:00:00.000Z,2025-05-23T08:00:00.000Z,23MAY25,115000,false,false,,false,,false,,false,,false,,false,,true,105922.5,true,0.0023,false,0,,,,mark_price|mark_iv|delta|gamma|theta|vega,"mark_history_error:public/get_mark_price_history HTTP 400 Bad Request Invalid params:{""reason"":""instrument is not active"",""param"":""instrument_name""}|trade_candle_exists_but_mark_history_missing|Deribit public/get_mark_price_history returns mark price only and only for a subset of options used in volatility index calculations.|Deribit public/ticker exposes mark_iv and greeks for current/live instruments, but no official public historical point-in-time IV/Greek snapshot endpoint was found."
2025-05-19,08:00,BTC-23MAY25-115000-C,20,2025-05-16T08:00:00.000Z,2025-05-23T08:00:00.000Z,23MAY25,115000,false,false,,false,,false,,false,,false,,false,,true,103271,true,0.0007,false,0,,,,mark_price|mark_iv|delta|gamma|theta|vega,"mark_history_error:public/get_mark_price_history HTTP 400 Bad Request Invalid params:{""reason"":""instrument is not active"",""param"":""instrument_name""}|trade_candle_exists_but_mark_history_missing|Deribit public/get_mark_price_history returns mark price only and only for a subset of options used in volatility index calculations.|Deribit public/ticker exposes mark_iv and greeks for current/live instruments, but no official public historical point-in-time IV/Greek snapshot endpoint was found."
2025-05-19,14:00,BTC-23MAY25-115000-C,20,2025-05-16T08:00:00.000Z,2025-05-23T08:00:00.000Z,23MAY25,115000,false,false,,false,,false,,false,,false,,false,,true,104382.5,true,0.0007,false,0,,,,mark_price|mark_iv|delta|gamma|theta|vega,"mark_history_error:public/get_mark_price_history HTTP 400 Bad Request Invalid params:{""reason"":""instrument is not active"",""param"":""instrument_name""}|trade_candle_exists_but_mark_history_missing|Deribit public/get_mark_price_history returns mark price only and only for a subset of options used in volatility index calculations.|Deribit public/ticker exposes mark_iv and greeks for current/live instruments, but no official public historical point-in-time IV/Greek snapshot endpoint was found."
2025-05-19,16:00,BTC-23MAY25-115000-C,20,2025-05-16T08:00:00.000Z,2025-05-23T08:00:00.000Z,23MAY25,115000,false,false,,false,,false,,false,,false,,false,,true,105415.5,true,0.001,false,0,,,,mark_price|mark_iv|delta|gamma|theta|vega,"mark_history_error:public/get_mark_price_history HTTP 400 Bad Request Invalid params:{""reason"":""instrument is not active"",""param"":""instrument_name""}|trade_candle_exists_but_mark_history_missing|Deribit public/get_mark_price_history returns mark price only and only for a subset of options used in volatility index calculations.|Deribit public/ticker exposes mark_iv and greeks for current/live instruments, but no official public historical point-in-time IV/Greek snapshot endpoint was found."
2025-05-20,08:00,BTC-23MAY25-115000-C,20,2025-05-16T08:00:00.000Z,2025-05-23T08:00:00.000Z,23MAY25,115000,false,false,,false,,false,,false,,false,,false,,true,105277.5,true,0.0005,false,0,,,,mark_price|mark_iv|delta|gamma|theta|vega,"mark_history_error:public/get_mark_price_history HTTP 400 Bad Request Invalid params:{""reason"":""instrument is not active"",""param"":""instrument_name""}|trade_candle_exists_but_mark_history_missing|Deribit public/get_mark_price_history returns mark price only and only for a subset of options used in volatility index calculations.|Deribit public/ticker exposes mark_iv and greeks for current/live instruments, but no official public historical point-in-time IV/Greek snapshot endpoint was found."
2025-05-20,14:00,BTC-23MAY25-115000-C,20,2025-05-16T08:00:00.000Z,2025-05-23T08:00:00.000Z,23MAY25,115000,false,false,,false,,false,,false,,false,,false,,true,104605,true,0.0004,false,0,,,,mark_price|mark_iv|delta|gamma|theta|vega,"mark_history_error:public/get_mark_price_history HTTP 400 Bad Request Invalid params:{""reason"":""instrument is not active"",""param"":""instrument_name""}|trade_candle_exists_but_mark_history_missing|Deribit public/get_mark_price_history returns mark price only and only for a subset of options used in volatility index calculations.|Deribit public/ticker exposes mark_iv and greeks for current/live instruments, but no official public historical point-in-time IV/Greek snapshot endpoint was found."
2025-05-20,16:00,BTC-23MAY25-115000-C,20,2025-05-16T08:00:00.000Z,2025-05-23T08:00:00.000Z,23MAY25,115000,false,false,,false,,false,,false,,false,,false,,true,105267.5,true,0.0004,false,0,,,,mark_price|mark_iv|delta|gamma|theta|vega,"mark_history_error:public/get_mark_price_history HTTP 400 Bad Request Invalid params:{""reason"":""instrument is not active"",""param"":""instrument_name""}|trade_candle_exists_but_mark_history_missing|Deribit public/get_mark_price_history returns mark price only and only for a subset of options used in volatility index calculations.|Deribit public/ticker exposes mark_iv and greeks for current/live instruments, but no official public historical point-in-time IV/Greek snapshot endpoint was found."
2025-05-21,08:00,BTC-23MAY25-115000-C,20,2025-05-16T08:00:00.000Z,2025-05-23T08:00:00.000Z,23MAY25,115000,false,false,,false,,false,,false,,false,,false,,true,106450.5,true,0.0008,false,0,,,,mark_price|mark_iv|delta|gamma|theta|vega,"mark_history_error:public/get_mark_price_history HTTP 400 Bad Request Invalid params:{""reason"":""instrument is not active"",""param"":""instrument_name""}|trade_candle_exists_but_mark_history_missing|Deribit public/get_mark_price_history returns mark price only and only for a subset of options used in volatility index calculations.|Deribit public/ticker exposes mark_iv and greeks for current/live instruments, but no official public historical point-in-time IV/Greek snapshot endpoint was found."
2025-05-21,14:00,BTC-23MAY25-115000-C,20,2025-05-16T08:00:00.000Z,2025-05-23T08:00:00.000Z,23MAY25,115000,false,false,,false,,false,,false,,false,,false,,true,109116.5,true,0.002,false,0,,,,mark_price|mark_iv|delta|gamma|theta|vega,"mark_history_error:public/get_mark_price_history HTTP 400 Bad Request Invalid params:{""reason"":""instrument is not active"",""param"":""instrument_name""}|trade_candle_exists_but_mark_history_missing|Deribit public/get_mark_price_history returns mark price only and only for a subset of options used in volatility index calculations.|Deribit public/ticker exposes mark_iv and greeks for current/live instruments, but no official public historical point-in-time IV/Greek snapshot endpoint was found."
2025-05-21,16:00,BTC-23MAY25-115000-C,20,2025-05-16T08:00:00.000Z,2025-05-23T08:00:00.000Z,23MAY25,115000,false,false,,false,,false,,false,,false,,false,,true,109240,true,0.0021,false,0,,,,mark_price|mark_iv|delta|gamma|theta|vega,"mark_history_error:public/get_mark_price_history HTTP 400 Bad Request Invalid params:{""reason"":""instrument is not active"",""param"":""instrument_name""}|trade_candle_exists_but_mark_history_missing|Deribit public/get_mark_price_history returns mark price only and only for a subset of options used in volatility index calculations.|Deribit public/ticker exposes mark_iv and greeks for current/live instruments, but no official public historical point-in-time IV/Greek snapshot endpoint was found."
2025-05-22,08:00,BTC-23MAY25-115000-C,20,2025-05-16T08:00:00.000Z,2025-05-23T08:00:00.000Z,23MAY25,115000,false,false,,false,,false,,false,,false,,false,,true,110465,true,0.0011,false,0,,,,mark_price|mark_iv|delta|gamma|theta|vega,"mark_history_error:public/get_mark_price_history HTTP 400 Bad Request Invalid params:{""reason"":""instrument is not active"",""param"":""instrument_name""}|trade_candle_exists_but_mark_history_missing|Deribit public/get_mark_price_history returns mark price only and only for a subset of options used in volatility index calculations.|Deribit public/ticker exposes mark_iv and greeks for current/live instruments, but no official public historical point-in-time IV/Greek snapshot endpoint was found."
2025-05-22,14:00,BTC-23MAY25-115000-C,20,2025-05-16T08:00:00.000Z,2025-05-23T08:00:00.000Z,23MAY25,115000,false,false,,false,,false,,false,,false,,false,,true,110945.5,true,0.0007,false,0,,,,mark_price|mark_iv|delta|gamma|theta|vega,"mark_history_error:public/get_mark_price_history HTTP 400 Bad Request Invalid params:{""reason"":""instrument is not active"",""param"":""instrument_name""}|trade_candle_exists_but_mark_history_missing|Deribit public/get_mark_price_history returns mark price only and only for a subset of options used in volatility index calculations.|Deribit public/ticker exposes mark_iv and greeks for current/live instruments, but no official public historical point-in-time IV/Greek snapshot endpoint was found."
2025-05-22,16:00,BTC-23MAY25-115000-C,20,2025-05-16T08:00:00.000Z,2025-05-23T08:00:00.000Z,23MAY25,115000,false,false,,false,,false,,false,,false,,false,,true,111300,true,0.0007,false,0,,,,mark_price|mark_iv|delta|gamma|theta|vega,"mark_history_error:public/get_mark_price_history HTTP 400 Bad Request Invalid params:{""reason"":""instrument is not active"",""param"":""instrument_name""}|trade_candle_exists_but_mark_history_missing|Deribit public/get_mark_price_history returns mark price only and only for a subset of options used in volatility index calculations.|Deribit public/ticker exposes mark_iv and greeks for current/live instruments, but no official public historical point-in-time IV/Greek snapshot endpoint was found."
2025-05-23,08:00,BTC-30MAY25-120000-C,21,2025-05-23T08:00:00.000Z,2025-05-30T08:00:00.000Z,30MAY25,120000,false,false,,false,,false,,false,,false,,false,,true,110945.5,true,0.0039,false,0,,,,mark_price|mark_iv|delta|gamma|theta|vega,"mark_history_error:public/get_mark_price_history HTTP 400 Bad Request Invalid params:{""reason"":""instrument is not active"",""param"":""instrument_name""}|trade_candle_exists_but_mark_history_missing|Deribit public/get_mark_price_history returns mark price only and only for a subset of options used in volatility index calculations.|Deribit public/ticker exposes mark_iv and greeks for current/live instruments, but no official public historical point-in-time IV/Greek snapshot endpoint was found."
2025-05-23,14:00,BTC-30MAY25-120000-C,21,2025-05-23T08:00:00.000Z,2025-05-30T08:00:00.000Z,30MAY25,120000,false,false,,false,,false,,false,,false,,false,,true,109750,true,0.0027,false,0,,,,mark_price|mark_iv|delta|gamma|theta|vega,"mark_history_error:public/get_mark_price_history HTTP 400 Bad Request Invalid params:{""reason"":""instrument is not active"",""param"":""instrument_name""}|trade_candle_exists_but_mark_history_missing|Deribit public/get_mark_price_history returns mark price only and only for a subset of options used in volatility index calculations.|Deribit public/ticker exposes mark_iv and greeks for current/live instruments, but no official public historical point-in-time IV/Greek snapshot endpoint was found."
2025-05-23,16:00,BTC-30MAY25-120000-C,21,2025-05-23T08:00:00.000Z,2025-05-30T08:00:00.000Z,30MAY25,120000,false,false,,false,,false,,false,,false,,false,,true,109110,true,0.002,false,0,,,,mark_price|mark_iv|delta|gamma|theta|vega,"mark_history_error:public/get_mark_price_history HTTP 400 Bad Request Invalid params:{""reason"":""instrument is not active"",""param"":""instrument_name""}|trade_candle_exists_but_mark_history_missing|Deribit public/get_mark_price_history returns mark price only and only for a subset of options used in volatility index calculations.|Deribit public/ticker exposes mark_iv and greeks for current/live instruments, but no official public historical point-in-time IV/Greek snapshot endpoint was found."
2025-05-24,08:00,BTC-30MAY25-120000-C,21,2025-05-23T08:00:00.000Z,2025-05-30T08:00:00.000Z,30MAY25,120000,false,false,,false,,false,,false,,false,,false,,true,108244.5,true,0.0016,false,0,,,,mark_price|mark_iv|delta|gamma|theta|vega,"mark_history_error:public/get_mark_price_history HTTP 400 Bad Request Invalid params:{""reason"":""instrument is not active"",""param"":""instrument_name""}|trade_candle_exists_but_mark_history_missing|Deribit public/get_mark_price_history returns mark price only and only for a subset of options used in volatility index calculations.|Deribit public/ticker exposes mark_iv and greeks for current/live instruments, but no official public historical point-in-time IV/Greek snapshot endpoint was found."
2025-05-24,14:00,BTC-30MAY25-120000-C,21,2025-05-23T08:00:00.000Z,2025-05-30T08:00:00.000Z,30MAY25,120000,false,false,,false,,false,,false,,false,,false,,true,109025,true,0.0017,false,0,,,,mark_price|mark_iv|delta|gamma|theta|vega,"mark_history_error:public/get_mark_price_history HTTP 400 Bad Request Invalid params:{""reason"":""instrument is not active"",""param"":""instrument_name""}|trade_candle_exists_but_mark_history_missing|Deribit public/get_mark_price_history returns mark price only and only for a subset of options used in volatility index calculations.|Deribit public/ticker exposes mark_iv and greeks for current/live instruments, but no official public historical point-in-time IV/Greek snapshot endpoint was found."
2025-05-24,16:00,BTC-30MAY25-120000-C,21,2025-05-23T08:00:00.000Z,2025-05-30T08:00:00.000Z,30MAY25,120000,false,false,,false,,false,,false,,false,,false,,true,109043,true,0.0017,false,0,,,,mark_price|mark_iv|delta|gamma|theta|vega,"mark_history_error:public/get_mark_price_history HTTP 400 Bad Request Invalid params:{""reason"":""instrument is not active"",""param"":""instrument_name""}|trade_candle_exists_but_mark_history_missing|Deribit public/get_mark_price_history returns mark price only and only for a subset of options used in volatility index calculations.|Deribit public/ticker exposes mark_iv and greeks for current/live instruments, but no official public historical point-in-time IV/Greek snapshot endpoint was found."
2025-05-25,08:00,BTC-30MAY25-120000-C,21,2025-05-23T08:00:00.000Z,2025-05-30T08:00:00.000Z,30MAY25,120000,false,false,,false,,false,,false,,false,,false,,true,107147,true,0.0016,false,0,,,,mark_price|mark_iv|delta|gamma|theta|vega,"mark_history_error:public/get_mark_price_history HTTP 400 Bad Request Invalid params:{""reason"":""instrument is not active"",""param"":""instrument_name""}|trade_candle_exists_but_mark_history_missing|Deribit public/get_mark_price_history returns mark price only and only for a subset of options used in volatility index calculations.|Deribit public/ticker exposes mark_iv and greeks for current/live instruments, but no official public historical point-in-time IV/Greek snapshot endpoint was found."
2025-05-25,14:00,BTC-30MAY25-120000-C,21,2025-05-23T08:00:00.000Z,2025-05-30T08:00:00.000Z,30MAY25,120000,false,false,,false,,false,,false,,false,,false,,true,107387.5,true,0.0017,false,0,,,,mark_price|mark_iv|delta|gamma|theta|vega,"mark_history_error:public/get_mark_price_history HTTP 400 Bad Request Invalid params:{""reason"":""instrument is not active"",""param"":""instrument_name""}|trade_candle_exists_but_mark_history_missing|Deribit public/get_mark_price_history returns mark price only and only for a subset of options used in volatility index calculations.|Deribit public/ticker exposes mark_iv and greeks for current/live instruments, but no official public historical point-in-time IV/Greek snapshot endpoint was found."
2025-05-25,16:00,BTC-30MAY25-120000-C,21,2025-05-23T08:00:00.000Z,2025-05-30T08:00:00.000Z,30MAY25,120000,false,false,,false,,false,,false,,false,,false,,true,107220,true,0.0016,false,0,,,,mark_price|mark_iv|delta|gamma|theta|vega,"mark_history_error:public/get_mark_price_history HTTP 400 Bad Request Invalid params:{""reason"":""instrument is not active"",""param"":""instrument_name""}|trade_candle_exists_but_mark_history_missing|Deribit public/get_mark_price_history returns mark price only and only for a subset of options used in volatility index calculations.|Deribit public/ticker exposes mark_iv and greeks for current/live instruments, but no official public historical point-in-time IV/Greek snapshot endpoint was found."
2025-05-26,08:00,BTC-30MAY25-120000-C,21,2025-05-23T08:00:00.000Z,2025-05-30T08:00:00.000Z,30MAY25,120000,false,false,,false,,false,,false,,false,,false,,true,109755,true,0.0017,false,0,,,,mark_price|mark_iv|delta|gamma|theta|vega,"mark_history_error:public/get_mark_price_history HTTP 400 Bad Request Invalid params:{""reason"":""instrument is not active"",""param"":""instrument_name""}|trade_candle_exists_but_mark_history_missing|Deribit public/get_mark_price_history returns mark price only and only for a subset of options used in volatility index calculations.|Deribit public/ticker exposes mark_iv and greeks for current/live instruments, but no official public historical point-in-time IV/Greek snapshot endpoint was found."
2025-05-26,14:00,BTC-30MAY25-120000-C,21,2025-05-23T08:00:00.000Z,2025-05-30T08:00:00.000Z,30MAY25,120000,false,false,,false,,false,,false,,false,,false,,true,109722.5,true,0.0014,false,0,,,,mark_price|mark_iv|delta|gamma|theta|vega,"mark_history_error:public/get_mark_price_history HTTP 400 Bad Request Invalid params:{""reason"":""instrument is not active"",""param"":""instrument_name""}|trade_candle_exists_but_mark_history_missing|Deribit public/get_mark_price_history returns mark price only and only for a subset of options used in volatility index calculations.|Deribit public/ticker exposes mark_iv and greeks for current/live instruments, but no official public historical point-in-time IV/Greek snapshot endpoint was found."
2025-05-26,16:00,BTC-30MAY25-120000-C,21,2025-05-23T08:00:00.000Z,2025-05-30T08:00:00.000Z,30MAY25,120000,false,false,,false,,false,,false,,false,,false,,true,109487.5,true,0.002,false,0,,,,mark_price|mark_iv|delta|gamma|theta|vega,"mark_history_error:public/get_mark_price_history HTTP 400 Bad Request Invalid params:{""reason"":""instrument is not active"",""param"":""instrument_name""}|trade_candle_exists_but_mark_history_missing|Deribit public/get_mark_price_history returns mark price only and only for a subset of options used in volatility index calculations.|Deribit public/ticker exposes mark_iv and greeks for current/live instruments, but no official public historical point-in-time IV/Greek snapshot endpoint was found."
2025-05-27,08:00,BTC-30MAY25-120000-C,21,2025-05-23T08:00:00.000Z,2025-05-30T08:00:00.000Z,30MAY25,120000,false,false,,false,,false,,false,,false,,false,,true,109750,true,0.0007,false,0,,,,mark_price|mark_iv|delta|gamma|theta|vega,"mark_history_error:public/get_mark_price_history HTTP 400 Bad Request Invalid params:{""reason"":""instrument is not active"",""param"":""instrument_name""}|trade_candle_exists_but_mark_history_missing|Deribit public/get_mark_price_history returns mark price only and only for a subset of options used in volatility index calculations.|Deribit public/ticker exposes mark_iv and greeks for current/live instruments, but no official public historical point-in-time IV/Greek snapshot endpoint was found."
2025-05-27,14:00,BTC-30MAY25-120000-C,21,2025-05-23T08:00:00.000Z,2025-05-30T08:00:00.000Z,30MAY25,120000,false,false,,false,,false,,false,,false,,false,,true,109457,true,0.0006,false,0,,,,mark_price|mark_iv|delta|gamma|theta|vega,"mark_history_error:public/get_mark_price_history HTTP 400 Bad Request Invalid params:{""reason"":""instrument is not active"",""param"":""instrument_name""}|trade_candle_exists_but_mark_history_missing|Deribit public/get_mark_price_history returns mark price only and only for a subset of options used in volatility index calculations.|Deribit public/ticker exposes mark_iv and greeks for current/live instruments, but no official public historical point-in-time IV/Greek snapshot endpoint was found."
2025-05-27,16:00,BTC-30MAY25-120000-C,21,2025-05-23T08:00:00.000Z,2025-05-30T08:00:00.000Z,30MAY25,120000,false,false,,false,,false,,false,,false,,false,,true,110330,true,0.0007,false,0,,,,mark_price|mark_iv|delta|gamma|theta|vega,"mark_history_error:public/get_mark_price_history HTTP 400 Bad Request Invalid params:{""reason"":""instrument is not active"",""param"":""instrument_name""}|trade_candle_exists_but_mark_history_missing|Deribit public/get_mark_price_history returns mark price only and only for a subset of options used in volatility index calculations.|Deribit public/ticker exposes mark_iv and greeks for current/live instruments, but no official public historical point-in-time IV/Greek snapshot endpoint was found."
2025-05-28,08:00,BTC-30MAY25-120000-C,21,2025-05-23T08:00:00.000Z,2025-05-30T08:00:00.000Z,30MAY25,120000,false,false,,false,,false,,false,,false,,false,,true,109059.5,true,0.0002,false,0,,,,mark_price|mark_iv|delta|gamma|theta|vega,"mark_history_error:public/get_mark_price_history HTTP 400 Bad Request Invalid params:{""reason"":""instrument is not active"",""param"":""instrument_name""}|trade_candle_exists_but_mark_history_missing|Deribit public/get_mark_price_history returns mark price only and only for a subset of options used in volatility index calculations.|Deribit public/ticker exposes mark_iv and greeks for current/live instruments, but no official public historical point-in-time IV/Greek snapshot endpoint was found."
2025-05-28,14:00,BTC-30MAY25-120000-C,21,2025-05-23T08:00:00.000Z,2025-05-30T08:00:00.000Z,30MAY25,120000,false,false,,false,,false,,false,,false,,false,,true,107545.5,true,0.0002,false,0,,,,mark_price|mark_iv|delta|gamma|theta|vega,"mark_history_error:public/get_mark_price_history HTTP 400 Bad Request Invalid params:{""reason"":""instrument is not active"",""param"":""instrument_name""}|trade_candle_exists_but_mark_history_missing|Deribit public/get_mark_price_history returns mark price only and only for a subset of options used in volatility index calculations.|Deribit public/ticker exposes mark_iv and greeks for current/live instruments, but no official public historical point-in-time IV/Greek snapshot endpoint was found."
2025-05-28,16:00,BTC-30MAY25-120000-C,21,2025-05-23T08:00:00.000Z,2025-05-30T08:00:00.000Z,30MAY25,120000,false,false,,false,,false,,false,,false,,false,,true,107400,true,0.0001,false,0,,,,mark_price|mark_iv|delta|gamma|theta|vega,"mark_history_error:public/get_mark_price_history HTTP 400 Bad Request Invalid params:{""reason"":""instrument is not active"",""param"":""instrument_name""}|trade_candle_exists_but_mark_history_missing|Deribit public/get_mark_price_history returns mark price only and only for a subset of options used in volatility index calculations.|Deribit public/ticker exposes mark_iv and greeks for current/live instruments, but no official public historical point-in-time IV/Greek snapshot endpoint was found."
2025-05-29,08:00,BTC-30MAY25-120000-C,21,2025-05-23T08:00:00.000Z,2025-05-30T08:00:00.000Z,30MAY25,120000,false,false,,false,,false,,false,,false,,false,,true,108545.5,true,0.0001,false,0,,,,mark_price|mark_iv|delta|gamma|theta|vega,"mark_history_error:public/get_mark_price_history HTTP 400 Bad Request Invalid params:{""reason"":""instrument is not active"",""param"":""instrument_name""}|trade_candle_exists_but_mark_history_missing|Deribit public/get_mark_price_history returns mark price only and only for a subset of options used in volatility index calculations.|Deribit public/ticker exposes mark_iv and greeks for current/live instruments, but no official public historical point-in-time IV/Greek snapshot endpoint was found."
2025-05-29,14:00,BTC-30MAY25-120000-C,21,2025-05-23T08:00:00.000Z,2025-05-30T08:00:00.000Z,30MAY25,120000,false,false,,false,,false,,false,,false,,false,,true,107677,true,0.0001,false,0,,,,mark_price|mark_iv|delta|gamma|theta|vega,"mark_history_error:public/get_mark_price_history HTTP 400 Bad Request Invalid params:{""reason"":""instrument is not active"",""param"":""instrument_name""}|trade_candle_exists_but_mark_history_missing|Deribit public/get_mark_price_history returns mark price only and only for a subset of options used in volatility index calculations.|Deribit public/ticker exposes mark_iv and greeks for current/live instruments, but no official public historical point-in-time IV/Greek snapshot endpoint was found."
2025-05-29,16:00,BTC-30MAY25-120000-C,21,2025-05-23T08:00:00.000Z,2025-05-30T08:00:00.000Z,30MAY25,120000,false,false,,false,,false,,false,,false,,false,,true,106741,true,0.0001,false,0,,,,mark_price|mark_iv|delta|gamma|theta|vega,"mark_history_error:public/get_mark_price_history HTTP 400 Bad Request Invalid params:{""reason"":""instrument is not active"",""param"":""instrument_name""}|trade_candle_exists_but_mark_history_missing|Deribit public/get_mark_price_history returns mark price only and only for a subset of options used in volatility index calculations.|Deribit public/ticker exposes mark_iv and greeks for current/live instruments, but no official public historical point-in-time IV/Greek snapshot endpoint was found."
2025-06-06,08:00,BTC-13JUN25-114000-C,23,2025-06-06T08:00:00.000Z,2025-06-13T08:00:00.000Z,13JUN25,114000,false,false,,false,,false,,false,,false,,false,,true,103559.5,true,0.0011,false,0,,,,mark_price|mark_iv|delta|gamma|theta|vega,"mark_history_error:public/get_mark_price_history HTTP 400 Bad Request Invalid params:{""reason"":""instrument is not active"",""param"":""instrument_name""}|trade_candle_exists_but_mark_history_missing|Deribit public/get_mark_price_history returns mark price only and only for a subset of options used in volatility index calculations.|Deribit public/ticker exposes mark_iv and greeks for current/live instruments, but no official public historical point-in-time IV/Greek snapshot endpoint was found."
2025-06-06,14:00,BTC-13JUN25-114000-C,23,2025-06-06T08:00:00.000Z,2025-06-13T08:00:00.000Z,13JUN25,114000,false,false,,false,,false,,false,,false,,false,,true,104869.5,true,0.0013,false,0,,,,mark_price|mark_iv|delta|gamma|theta|vega,"mark_history_error:public/get_mark_price_history HTTP 400 Bad Request Invalid params:{""reason"":""instrument is not active"",""param"":""instrument_name""}|trade_candle_exists_but_mark_history_missing|Deribit public/get_mark_price_history returns mark price only and only for a subset of options used in volatility index calculations.|Deribit public/ticker exposes mark_iv and greeks for current/live instruments, but no official public historical point-in-time IV/Greek snapshot endpoint was found."
2025-06-06,16:00,BTC-13JUN25-114000-C,23,2025-06-06T08:00:00.000Z,2025-06-13T08:00:00.000Z,13JUN25,114000,false,false,,false,,false,,false,,false,,false,,true,104838.5,true,0.0011,false,0,,,,mark_price|mark_iv|delta|gamma|theta|vega,"mark_history_error:public/get_mark_price_history HTTP 400 Bad Request Invalid params:{""reason"":""instrument is not active"",""param"":""instrument_name""}|trade_candle_exists_but_mark_history_missing|Deribit public/get_mark_price_history returns mark price only and only for a subset of options used in volatility index calculations.|Deribit public/ticker exposes mark_iv and greeks for current/live instruments, but no official public historical point-in-time IV/Greek snapshot endpoint was found."
2025-06-07,08:00,BTC-13JUN25-114000-C,23,2025-06-06T08:00:00.000Z,2025-06-13T08:00:00.000Z,13JUN25,114000,false,false,,false,,false,,false,,false,,false,,true,104825,true,0.001,false,0,,,,mark_price|mark_iv|delta|gamma|theta|vega,"mark_history_error:public/get_mark_price_history HTTP 400 Bad Request Invalid params:{""reason"":""instrument is not active"",""param"":""instrument_name""}|trade_candle_exists_but_mark_history_missing|Deribit public/get_mark_price_history returns mark price only and only for a subset of options used in volatility index calculations.|Deribit public/ticker exposes mark_iv and greeks for current/live instruments, but no official public historical point-in-time IV/Greek snapshot endpoint was found."
2025-06-07,14:00,BTC-13JUN25-114000-C,23,2025-06-06T08:00:00.000Z,2025-06-13T08:00:00.000Z,13JUN25,114000,false,false,,false,,false,,false,,false,,false,,true,105481.5,true,0.0012,false,0,,,,mark_price|mark_iv|delta|gamma|theta|vega,"mark_history_error:public/get_mark_price_history HTTP 400 Bad Request Invalid params:{""reason"":""instrument is not active"",""param"":""instrument_name""}|trade_candle_exists_but_mark_history_missing|Deribit public/get_mark_price_history returns mark price only and only for a subset of options used in volatility index calculations.|Deribit public/ticker exposes mark_iv and greeks for current/live instruments, but no official public historical point-in-time IV/Greek snapshot endpoint was found."
2025-06-07,16:00,BTC-13JUN25-114000-C,23,2025-06-06T08:00:00.000Z,2025-06-13T08:00:00.000Z,13JUN25,114000,false,false,,false,,false,,false,,false,,false,,true,105407.5,true,0.0012,false,0,,,,mark_price|mark_iv|delta|gamma|theta|vega,"mark_history_error:public/get_mark_price_history HTTP 400 Bad Request Invalid params:{""reason"":""instrument is not active"",""param"":""instrument_name""}|trade_candle_exists_but_mark_history_missing|Deribit public/get_mark_price_history returns mark price only and only for a subset of options used in volatility index calculations.|Deribit public/ticker exposes mark_iv and greeks for current/live instruments, but no official public historical point-in-time IV/Greek snapshot endpoint was found."
2025-06-08,08:00,BTC-13JUN25-114000-C,23,2025-06-06T08:00:00.000Z,2025-06-13T08:00:00.000Z,13JUN25,114000,false,false,,false,,false,,false,,false,,false,,true,105453.5,true,0.0011,false,0,,,,mark_price|mark_iv|delta|gamma|theta|vega,"mark_history_error:public/get_mark_price_history HTTP 400 Bad Request Invalid params:{""reason"":""instrument is not active"",""param"":""instrument_name""}|trade_candle_exists_but_mark_history_missing|Deribit public/get_mark_price_history returns mark price only and only for a subset of options used in volatility index calculations.|Deribit public/ticker exposes mark_iv and greeks for current/live instruments, but no official public historical point-in-time IV/Greek snapshot endpoint was found."
2025-06-08,14:00,BTC-13JUN25-114000-C,23,2025-06-06T08:00:00.000Z,2025-06-13T08:00:00.000Z,13JUN25,114000,false,false,,false,,false,,false,,false,,false,,true,105909,true,0.0012,false,0,,,,mark_price|mark_iv|delta|gamma|theta|vega,"mark_history_error:public/get_mark_price_history HTTP 400 Bad Request Invalid params:{""reason"":""instrument is not active"",""param"":""instrument_name""}|trade_candle_exists_but_mark_history_missing|Deribit public/get_mark_price_history returns mark price only and only for a subset of options used in volatility index calculations.|Deribit public/ticker exposes mark_iv and greeks for current/live instruments, but no official public historical point-in-time IV/Greek snapshot endpoint was found."
2025-06-08,16:00,BTC-13JUN25-114000-C,23,2025-06-06T08:00:00.000Z,2025-06-13T08:00:00.000Z,13JUN25,114000,false,false,,false,,false,,false,,false,,false,,true,106255,true,0.0016,false,0,,,,mark_price|mark_iv|delta|gamma|theta|vega,"mark_history_error:public/get_mark_price_history HTTP 400 Bad Request Invalid params:{""reason"":""instrument is not active"",""param"":""instrument_name""}|trade_candle_exists_but_mark_history_missing|Deribit public/get_mark_price_history returns mark price only and only for a subset of options used in volatility index calculations.|Deribit public/ticker exposes mark_iv and greeks for current/live instruments, but no official public historical point-in-time IV/Greek snapshot endpoint was found."
2025-06-09,08:00,BTC-13JUN25-114000-C,23,2025-06-06T08:00:00.000Z,2025-06-13T08:00:00.000Z,13JUN25,114000,false,false,,false,,false,,false,,false,,false,,true,106012.5,true,0.0008,false,0,,,,mark_price|mark_iv|delta|gamma|theta|vega,"mark_history_error:public/get_mark_price_history HTTP 400 Bad Request Invalid params:{""reason"":""instrument is not active"",""param"":""instrument_name""}|trade_candle_exists_but_mark_history_missing|Deribit public/get_mark_price_history returns mark price only and only for a subset of options used in volatility index calculations.|Deribit public/ticker exposes mark_iv and greeks for current/live instruments, but no official public historical point-in-time IV/Greek snapshot endpoint was found."
2025-06-09,14:00,BTC-13JUN25-114000-C,23,2025-06-06T08:00:00.000Z,2025-06-13T08:00:00.000Z,13JUN25,114000,false,false,,false,,false,,false,,false,,false,,true,107690,true,0.0015,false,0,,,,mark_price|mark_iv|delta|gamma|theta|vega,"mark_history_error:public/get_mark_price_history HTTP 400 Bad Request Invalid params:{""reason"":""instrument is not active"",""param"":""instrument_name""}|trade_candle_exists_but_mark_history_missing|Deribit public/get_mark_price_history returns mark price only and only for a subset of options used in volatility index calculations.|Deribit public/ticker exposes mark_iv and greeks for current/live instruments, but no official public historical point-in-time IV/Greek snapshot endpoint was found."
2025-06-09,16:00,BTC-13JUN25-114000-C,23,2025-06-06T08:00:00.000Z,2025-06-13T08:00:00.000Z,13JUN25,114000,false,false,,false,,false,,false,,false,,false,,true,107808.5,true,0.0018,false,0,,,,mark_price|mark_iv|delta|gamma|theta|vega,"mark_history_error:public/get_mark_price_history HTTP 400 Bad Request Invalid params:{""reason"":""instrument is not active"",""param"":""instrument_name""}|trade_candle_exists_but_mark_history_missing|Deribit public/get_mark_price_history returns mark price only and only for a subset of options used in volatility index calculations.|Deribit public/ticker exposes mark_iv and greeks for current/live instruments, but no official public historical point-in-time IV/Greek snapshot endpoint was found."
2025-06-10,08:00,BTC-13JUN25-114000-C,23,2025-06-06T08:00:00.000Z,2025-06-13T08:00:00.000Z,13JUN25,114000,false,false,,false,,false,,false,,false,,false,,true,109164,true,0.003,false,0,,,,mark_price|mark_iv|delta|gamma|theta|vega,"mark_history_error:public/get_mark_price_history HTTP 400 Bad Request Invalid params:{""reason"":""instrument is not active"",""param"":""instrument_name""}|trade_candle_exists_but_mark_history_missing|Deribit public/get_mark_price_history returns mark price only and only for a subset of options used in volatility index calculations.|Deribit public/ticker exposes mark_iv and greeks for current/live instruments, but no official public historical point-in-time IV/Greek snapshot endpoint was found."
2025-06-10,14:00,BTC-13JUN25-114000-C,23,2025-06-06T08:00:00.000Z,2025-06-13T08:00:00.000Z,13JUN25,114000,false,false,,false,,false,,false,,false,,false,,true,108687.5,true,0.002,false,0,,,,mark_price|mark_iv|delta|gamma|theta|vega,"mark_history_error:public/get_mark_price_history HTTP 400 Bad Request Invalid params:{""reason"":""instrument is not active"",""param"":""instrument_name""}|trade_candle_exists_but_mark_history_missing|Deribit public/get_mark_price_history returns mark price only and only for a subset of options used in volatility index calculations.|Deribit public/ticker exposes mark_iv and greeks for current/live instruments, but no official public historical point-in-time IV/Greek snapshot endpoint was found."
2025-06-10,16:00,BTC-13JUN25-114000-C,23,2025-06-06T08:00:00.000Z,2025-06-13T08:00:00.000Z,13JUN25,114000,false,false,,false,,false,,false,,false,,false,,true,108780.5,true,0.002,false,0,,,,mark_price|mark_iv|delta|gamma|theta|vega,"mark_history_error:public/get_mark_price_history HTTP 400 Bad Request Invalid params:{""reason"":""instrument is not active"",""param"":""instrument_name""}|trade_candle_exists_but_mark_history_missing|Deribit public/get_mark_price_history returns mark price only and only for a subset of options used in volatility index calculations.|Deribit public/ticker exposes mark_iv and greeks for current/live instruments, but no official public historical point-in-time IV/Greek snapshot endpoint was found."
2025-06-11,08:00,BTC-13JUN25-114000-C,23,2025-06-06T08:00:00.000Z,2025-06-13T08:00:00.000Z,13JUN25,114000,false,false,,false,,false,,false,,false,,false,,true,109600,true,0.0017,false,0,,,,mark_price|mark_iv|delta|gamma|theta|vega,"mark_history_error:public/get_mark_price_history HTTP 400 Bad Request Invalid params:{""reason"":""instrument is not active"",""param"":""instrument_name""}|trade_candle_exists_but_mark_history_missing|Deribit public/get_mark_price_history returns mark price only and only for a subset of options used in volatility index calculations.|Deribit public/ticker exposes mark_iv and greeks for current/live instruments, but no official public historical point-in-time IV/Greek snapshot endpoint was found."
2025-06-11,14:00,BTC-13JUN25-114000-C,23,2025-06-06T08:00:00.000Z,2025-06-13T08:00:00.000Z,13JUN25,114000,false,false,,false,,false,,false,,false,,false,,true,109924.5,true,0.0013,false,0,,,,mark_price|mark_iv|delta|gamma|theta|vega,"mark_history_error:public/get_mark_price_history HTTP 400 Bad Request Invalid params:{""reason"":""instrument is not active"",""param"":""instrument_name""}|trade_candle_exists_but_mark_history_missing|Deribit public/get_mark_price_history returns mark price only and only for a subset of options used in volatility index calculations.|Deribit public/ticker exposes mark_iv and greeks for current/live instruments, but no official public historical point-in-time IV/Greek snapshot endpoint was found."
2025-06-11,16:00,BTC-13JUN25-114000-C,23,2025-06-06T08:00:00.000Z,2025-06-13T08:00:00.000Z,13JUN25,114000,false,false,,false,,false,,false,,false,,false,,true,109484,true,0.0009,false,0,,,,mark_price|mark_iv|delta|gamma|theta|vega,"mark_history_error:public/get_mark_price_history HTTP 400 Bad Request Invalid params:{""reason"":""instrument is not active"",""param"":""instrument_name""}|trade_candle_exists_but_mark_history_missing|Deribit public/get_mark_price_history returns mark price only and only for a subset of options used in volatility index calculations.|Deribit public/ticker exposes mark_iv and greeks for current/live instruments, but no official public historical point-in-time IV/Greek snapshot endpoint was found."
2025-06-12,08:00,BTC-13JUN25-114000-C,23,2025-06-06T08:00:00.000Z,2025-06-13T08:00:00.000Z,13JUN25,114000,false,false,,false,,false,,false,,false,,false,,true,107779.5,true,0.0001,false,0,,,,mark_price|mark_iv|delta|gamma|theta|vega,"mark_history_error:public/get_mark_price_history HTTP 400 Bad Request Invalid params:{""reason"":""instrument is not active"",""param"":""instrument_name""}|trade_candle_exists_but_mark_history_missing|Deribit public/get_mark_price_history returns mark price only and only for a subset of options used in volatility index calculations.|Deribit public/ticker exposes mark_iv and greeks for current/live instruments, but no official public historical point-in-time IV/Greek snapshot endpoint was found."
2025-06-12,14:00,BTC-13JUN25-114000-C,23,2025-06-06T08:00:00.000Z,2025-06-13T08:00:00.000Z,13JUN25,114000,false,false,,false,,false,,false,,false,,false,,true,107620,true,0.0001,false,0,,,,mark_price|mark_iv|delta|gamma|theta|vega,"mark_history_error:public/get_mark_price_history HTTP 400 Bad Request Invalid params:{""reason"":""instrument is not active"",""param"":""instrument_name""}|trade_candle_exists_but_mark_history_missing|Deribit public/get_mark_price_history returns mark price only and only for a subset of options used in volatility index calculations.|Deribit public/ticker exposes mark_iv and greeks for current/live instruments, but no official public historical point-in-time IV/Greek snapshot endpoint was found."
2025-06-12,16:00,BTC-13JUN25-114000-C,23,2025-06-06T08:00:00.000Z,2025-06-13T08:00:00.000Z,13JUN25,114000,false,false,,false,,false,,false,,false,,false,,true,107769.5,true,0.0001,false,0,,,,mark_price|mark_iv|delta|gamma|theta|vega,"mark_history_error:public/get_mark_price_history HTTP 400 Bad Request Invalid params:{""reason"":""instrument is not active"",""param"":""instrument_name""}|trade_candle_exists_but_mark_history_missing|Deribit public/get_mark_price_history returns mark price only and only for a subset of options used in volatility index calculations.|Deribit public/ticker exposes mark_iv and greeks for current/live instruments, but no official public historical point-in-time IV/Greek snapshot endpoint was found."
2025-06-13,08:00,BTC-20JUN25-115000-C,24,2025-06-13T08:00:00.000Z,2025-06-20T08:00:00.000Z,20JUN25,115000,false,false,,false,,false,,false,,false,,false,,true,104768.5,true,0.0013,false,0,,,,mark_price|mark_iv|delta|gamma|theta|vega,"mark_history_error:public/get_mark_price_history HTTP 400 Bad Request Invalid params:{""reason"":""instrument is not active"",""param"":""instrument_name""}|trade_candle_exists_but_mark_history_missing|Deribit public/get_mark_price_history returns mark price only and only for a subset of options used in volatility index calculations.|Deribit public/ticker exposes mark_iv and greeks for current/live instruments, but no official public historical point-in-time IV/Greek snapshot endpoint was found."
2025-06-13,14:00,BTC-20JUN25-115000-C,24,2025-06-13T08:00:00.000Z,2025-06-20T08:00:00.000Z,20JUN25,115000,false,false,,false,,false,,false,,false,,false,,true,104994,true,0.001,false,0,,,,mark_price|mark_iv|delta|gamma|theta|vega,"mark_history_error:public/get_mark_price_history HTTP 400 Bad Request Invalid params:{""reason"":""instrument is not active"",""param"":""instrument_name""}|trade_candle_exists_but_mark_history_missing|Deribit public/get_mark_price_history returns mark price only and only for a subset of options used in volatility index calculations.|Deribit public/ticker exposes mark_iv and greeks for current/live instruments, but no official public historical point-in-time IV/Greek snapshot endpoint was found."
2025-06-13,16:00,BTC-20JUN25-115000-C,24,2025-06-13T08:00:00.000Z,2025-06-20T08:00:00.000Z,20JUN25,115000,false,false,,false,,false,,false,,false,,false,,true,105837,true,0.0015,false,0,,,,mark_price|mark_iv|delta|gamma|theta|vega,"mark_history_error:public/get_mark_price_history HTTP 400 Bad Request Invalid params:{""reason"":""instrument is not active"",""param"":""instrument_name""}|trade_candle_exists_but_mark_history_missing|Deribit public/get_mark_price_history returns mark price only and only for a subset of options used in volatility index calculations.|Deribit public/ticker exposes mark_iv and greeks for current/live instruments, but no official public historical point-in-time IV/Greek snapshot endpoint was found."
2025-06-14,08:00,BTC-20JUN25-115000-C,24,2025-06-13T08:00:00.000Z,2025-06-20T08:00:00.000Z,20JUN25,115000,false,false,,false,,false,,false,,false,,false,,true,105149.5,true,0.001,false,0,,,,mark_price|mark_iv|delta|gamma|theta|vega,"mark_history_error:public/get_mark_price_history HTTP 400 Bad Request Invalid params:{""reason"":""instrument is not active"",""param"":""instrument_name""}|trade_candle_exists_but_mark_history_missing|Deribit public/get_mark_price_history returns mark price only and only for a subset of options used in volatility index calculations.|Deribit public/ticker exposes mark_iv and greeks for current/live instruments, but no official public historical point-in-time IV/Greek snapshot endpoint was found."
2025-06-14,14:00,BTC-20JUN25-115000-C,24,2025-06-13T08:00:00.000Z,2025-06-20T08:00:00.000Z,20JUN25,115000,false,false,,false,,false,,false,,false,,false,,true,104959.5,true,0.0007,false,0,,,,mark_price|mark_iv|delta|gamma|theta|vega,"mark_history_error:public/get_mark_price_history HTTP 400 Bad Request Invalid params:{""reason"":""instrument is not active"",""param"":""instrument_name""}|trade_candle_exists_but_mark_history_missing|Deribit public/get_mark_price_history returns mark price only and only for a subset of options used in volatility index calculations.|Deribit public/ticker exposes mark_iv and greeks for current/live instruments, but no official public historical point-in-time IV/Greek snapshot endpoint was found."
2025-06-14,16:00,BTC-20JUN25-115000-C,24,2025-06-13T08:00:00.000Z,2025-06-20T08:00:00.000Z,20JUN25,115000,false,false,,false,,false,,false,,false,,false,,true,104481.5,true,0.0007,false,0,,,,mark_price|mark_iv|delta|gamma|theta|vega,"mark_history_error:public/get_mark_price_history HTTP 400 Bad Request Invalid params:{""reason"":""instrument is not active"",""param"":""instrument_name""}|trade_candle_exists_but_mark_history_missing|Deribit public/get_mark_price_history returns mark price only and only for a subset of options used in volatility index calculations.|Deribit public/ticker exposes mark_iv and greeks for current/live instruments, but no official public historical point-in-time IV/Greek snapshot endpoint was found."
2025-06-15,08:00,BTC-20JUN25-115000-C,24,2025-06-13T08:00:00.000Z,2025-06-20T08:00:00.000Z,20JUN25,115000,false,false,,false,,false,,false,,false,,false,,true,105249,true,0.0008,false,0,,,,mark_price|mark_iv|delta|gamma|theta|vega,"mark_history_error:public/get_mark_price_history HTTP 400 Bad Request Invalid params:{""reason"":""instrument is not active"",""param"":""instrument_name""}|trade_candle_exists_but_mark_history_missing|Deribit public/get_mark_price_history returns mark price only and only for a subset of options used in volatility index calculations.|Deribit public/ticker exposes mark_iv and greeks for current/live instruments, but no official public historical point-in-time IV/Greek snapshot endpoint was found."
2025-06-15,14:00,BTC-20JUN25-115000-C,24,2025-06-13T08:00:00.000Z,2025-06-20T08:00:00.000Z,20JUN25,115000,false,false,,false,,false,,false,,false,,false,,true,105711.5,true,0.0007,false,0,,,,mark_price|mark_iv|delta|gamma|theta|vega,"mark_history_error:public/get_mark_price_history HTTP 400 Bad Request Invalid params:{""reason"":""instrument is not active"",""param"":""instrument_name""}|trade_candle_exists_but_mark_history_missing|Deribit public/get_mark_price_history returns mark price only and only for a subset of options used in volatility index calculations.|Deribit public/ticker exposes mark_iv and greeks for current/live instruments, but no official public historical point-in-time IV/Greek snapshot endpoint was found."
2025-06-15,16:00,BTC-20JUN25-115000-C,24,2025-06-13T08:00:00.000Z,2025-06-20T08:00:00.000Z,20JUN25,115000,false,false,,false,,false,,false,,false,,false,,true,105600.5,true,0.0013,false,0,,,,mark_price|mark_iv|delta|gamma|theta|vega,"mark_history_error:public/get_mark_price_history HTTP 400 Bad Request Invalid params:{""reason"":""instrument is not active"",""param"":""instrument_name""}|trade_candle_exists_but_mark_history_missing|Deribit public/get_mark_price_history returns mark price only and only for a subset of options used in volatility index calculations.|Deribit public/ticker exposes mark_iv and greeks for current/live instruments, but no official public historical point-in-time IV/Greek snapshot endpoint was found."
2025-06-16,08:00,BTC-20JUN25-115000-C,24,2025-06-13T08:00:00.000Z,2025-06-20T08:00:00.000Z,20JUN25,115000,false,false,,false,,false,,false,,false,,false,,true,107213.5,true,0.0009,false,0,,,,mark_price|mark_iv|delta|gamma|theta|vega,"mark_history_error:public/get_mark_price_history HTTP 400 Bad Request Invalid params:{""reason"":""instrument is not active"",""param"":""instrument_name""}|trade_candle_exists_but_mark_history_missing|Deribit public/get_mark_price_history returns mark price only and only for a subset of options used in volatility index calculations.|Deribit public/ticker exposes mark_iv and greeks for current/live instruments, but no official public historical point-in-time IV/Greek snapshot endpoint was found."
2025-06-16,14:00,BTC-20JUN25-115000-C,24,2025-06-13T08:00:00.000Z,2025-06-20T08:00:00.000Z,20JUN25,115000,false,false,,false,,false,,false,,false,,false,,true,107592.5,true,0.0008,false,0,,,,mark_price|mark_iv|delta|gamma|theta|vega,"mark_history_error:public/get_mark_price_history HTTP 400 Bad Request Invalid params:{""reason"":""instrument is not active"",""param"":""instrument_name""}|trade_candle_exists_but_mark_history_missing|Deribit public/get_mark_price_history returns mark price only and only for a subset of options used in volatility index calculations.|Deribit public/ticker exposes mark_iv and greeks for current/live instruments, but no official public historical point-in-time IV/Greek snapshot endpoint was found."
2025-06-16,16:00,BTC-20JUN25-115000-C,24,2025-06-13T08:00:00.000Z,2025-06-20T08:00:00.000Z,20JUN25,115000,false,false,,false,,false,,false,,false,,false,,true,107830,true,0.001,false,0,,,,mark_price|mark_iv|delta|gamma|theta|vega,"mark_history_error:public/get_mark_price_history HTTP 400 Bad Request Invalid params:{""reason"":""instrument is not active"",""param"":""instrument_name""}|trade_candle_exists_but_mark_history_missing|Deribit public/get_mark_price_history returns mark price only and only for a subset of options used in volatility index calculations.|Deribit public/ticker exposes mark_iv and greeks for current/live instruments, but no official public historical point-in-time IV/Greek snapshot endpoint was found."
2025-06-17,08:00,BTC-20JUN25-115000-C,24,2025-06-13T08:00:00.000Z,2025-06-20T08:00:00.000Z,20JUN25,115000,false,false,,false,,false,,false,,false,,false,,true,106609.5,true,0.0005,false,0,,,,mark_price|mark_iv|delta|gamma|theta|vega,"mark_history_error:public/get_mark_price_history HTTP 400 Bad Request Invalid params:{""reason"":""instrument is not active"",""param"":""instrument_name""}|trade_candle_exists_but_mark_history_missing|Deribit public/get_mark_price_history returns mark price only and only for a subset of options used in volatility index calculations.|Deribit public/ticker exposes mark_iv and greeks for current/live instruments, but no official public historical point-in-time IV/Greek snapshot endpoint was found."
2025-06-17,14:00,BTC-20JUN25-115000-C,24,2025-06-13T08:00:00.000Z,2025-06-20T08:00:00.000Z,20JUN25,115000,false,false,,false,,false,,false,,false,,false,,true,104869.5,true,0.0003,false,0,,,,mark_price|mark_iv|delta|gamma|theta|vega,"mark_history_error:public/get_mark_price_history HTTP 400 Bad Request Invalid params:{""reason"":""instrument is not active"",""param"":""instrument_name""}|trade_candle_exists_but_mark_history_missing|Deribit public/get_mark_price_history returns mark price only and only for a subset of options used in volatility index calculations.|Deribit public/ticker exposes mark_iv and greeks for current/live instruments, but no official public historical point-in-time IV/Greek snapshot endpoint was found."
2025-06-17,16:00,BTC-20JUN25-115000-C,24,2025-06-13T08:00:00.000Z,2025-06-20T08:00:00.000Z,20JUN25,115000,false,false,,false,,false,,false,,false,,false,,true,103642.5,true,0.0002,false,0,,,,mark_price|mark_iv|delta|gamma|theta|vega,"mark_history_error:public/get_mark_price_history HTTP 400 Bad Request Invalid params:{""reason"":""instrument is not active"",""param"":""instrument_name""}|trade_candle_exists_but_mark_history_missing|Deribit public/get_mark_price_history returns mark price only and only for a subset of options used in volatility index calculations.|Deribit public/ticker exposes mark_iv and greeks for current/live instruments, but no official public historical point-in-time IV/Greek snapshot endpoint was found."
2025-06-18,08:00,BTC-20JUN25-115000-C,24,2025-06-13T08:00:00.000Z,2025-06-20T08:00:00.000Z,20JUN25,115000,false,false,,false,,false,,false,,false,,false,,true,104958.5,true,0.0003,false,0,,,,mark_price|mark_iv|delta|gamma|theta|vega,"mark_history_error:public/get_mark_price_history HTTP 400 Bad Request Invalid params:{""reason"":""instrument is not active"",""param"":""instrument_name""}|trade_candle_exists_but_mark_history_missing|Deribit public/get_mark_price_history returns mark price only and only for a subset of options used in volatility index calculations.|Deribit public/ticker exposes mark_iv and greeks for current/live instruments, but no official public historical point-in-time IV/Greek snapshot endpoint was found."
2025-06-18,14:00,BTC-20JUN25-115000-C,24,2025-06-13T08:00:00.000Z,2025-06-20T08:00:00.000Z,20JUN25,115000,false,false,,false,,false,,false,,false,,false,,true,104650.5,true,0.0001,false,0,,,,mark_price|mark_iv|delta|gamma|theta|vega,"mark_history_error:public/get_mark_price_history HTTP 400 Bad Request Invalid params:{""reason"":""instrument is not active"",""param"":""instrument_name""}|trade_candle_exists_but_mark_history_missing|Deribit public/get_mark_price_history returns mark price only and only for a subset of options used in volatility index calculations.|Deribit public/ticker exposes mark_iv and greeks for current/live instruments, but no official public historical point-in-time IV/Greek snapshot endpoint was found."
2025-06-18,16:00,BTC-20JUN25-115000-C,24,2025-06-13T08:00:00.000Z,2025-06-20T08:00:00.000Z,20JUN25,115000,false,false,,false,,false,,false,,false,,false,,true,104448,true,0.0001,false,0,,,,mark_price|mark_iv|delta|gamma|theta|vega,"mark_history_error:public/get_mark_price_history HTTP 400 Bad Request Invalid params:{""reason"":""instrument is not active"",""param"":""instrument_name""}|trade_candle_exists_but_mark_history_missing|Deribit public/get_mark_price_history returns mark price only and only for a subset of options used in volatility index calculations.|Deribit public/ticker exposes mark_iv and greeks for current/live instruments, but no official public historical point-in-time IV/Greek snapshot endpoint was found."
2025-06-19,08:00,BTC-20JUN25-115000-C,24,2025-06-13T08:00:00.000Z,2025-06-20T08:00:00.000Z,20JUN25,115000,false,false,,false,,false,,false,,false,,false,,true,104755,true,0.0001,false,0,,,,mark_price|mark_iv|delta|gamma|theta|vega,"mark_history_error:public/get_mark_price_history HTTP 400 Bad Request Invalid params:{""reason"":""instrument is not active"",""param"":""instrument_name""}|trade_candle_exists_but_mark_history_missing|Deribit public/get_mark_price_history returns mark price only and only for a subset of options used in volatility index calculations.|Deribit public/ticker exposes mark_iv and greeks for current/live instruments, but no official public historical point-in-time IV/Greek snapshot endpoint was found."
2025-06-19,14:00,BTC-20JUN25-115000-C,24,2025-06-13T08:00:00.000Z,2025-06-20T08:00:00.000Z,20JUN25,115000,false,false,,false,,false,,false,,false,,false,,true,104172.5,true,0.0001,false,0,,,,mark_price|mark_iv|delta|gamma|theta|vega,"mark_history_error:public/get_mark_price_history HTTP 400 Bad Request Invalid params:{""reason"":""instrument is not active"",""param"":""instrument_name""}|trade_candle_exists_but_mark_history_missing|Deribit public/get_mark_price_history returns mark price only and only for a subset of options used in volatility index calculations.|Deribit public/ticker exposes mark_iv and greeks for current/live instruments, but no official public historical point-in-time IV/Greek snapshot endpoint was found."
2025-06-19,16:00,BTC-20JUN25-115000-C,24,2025-06-13T08:00:00.000Z,2025-06-20T08:00:00.000Z,20JUN25,115000,false,false,,false,,false,,false,,false,,false,,true,104012,true,0.0001,false,0,,,,mark_price|mark_iv|delta|gamma|theta|vega,"mark_history_error:public/get_mark_price_history HTTP 400 Bad Request Invalid params:{""reason"":""instrument is not active"",""param"":""instrument_name""}|trade_candle_exists_but_mark_history_missing|Deribit public/get_mark_price_history returns mark price only and only for a subset of options used in volatility index calculations.|Deribit public/ticker exposes mark_iv and greeks for current/live instruments, but no official public historical point-in-time IV/Greek snapshot endpoint was found."
2025-06-20,08:00,BTC-27JUN25-115000-C,25,2025-06-20T08:00:00.000Z,2025-06-27T08:00:00.000Z,27JUN25,115000,false,false,,false,,false,,false,,false,,false,,true,105994.5,true,0.0025,false,0,,,,mark_price|mark_iv|delta|gamma|theta|vega,"mark_history_error:public/get_mark_price_history HTTP 400 Bad Request Invalid params:{""reason"":""instrument is not active"",""param"":""instrument_name""}|trade_candle_exists_but_mark_history_missing|Deribit public/get_mark_price_history returns mark price only and only for a subset of options used in volatility index calculations.|Deribit public/ticker exposes mark_iv and greeks for current/live instruments, but no official public historical point-in-time IV/Greek snapshot endpoint was found."
2025-06-20,14:00,BTC-27JUN25-115000-C,25,2025-06-20T08:00:00.000Z,2025-06-27T08:00:00.000Z,27JUN25,115000,false,false,,false,,false,,false,,false,,false,,true,103933,true,0.0011,false,0,,,,mark_price|mark_iv|delta|gamma|theta|vega,"mark_history_error:public/get_mark_price_history HTTP 400 Bad Request Invalid params:{""reason"":""instrument is not active"",""param"":""instrument_name""}|trade_candle_exists_but_mark_history_missing|Deribit public/get_mark_price_history returns mark price only and only for a subset of options used in volatility index calculations.|Deribit public/ticker exposes mark_iv and greeks for current/live instruments, but no official public historical point-in-time IV/Greek snapshot endpoint was found."
2025-06-20,16:00,BTC-27JUN25-115000-C,25,2025-06-20T08:00:00.000Z,2025-06-27T08:00:00.000Z,27JUN25,115000,false,false,,false,,false,,false,,false,,false,,true,103647.5,true,0.0012,false,0,,,,mark_price|mark_iv|delta|gamma|theta|vega,"mark_history_error:public/get_mark_price_history HTTP 400 Bad Request Invalid params:{""reason"":""instrument is not active"",""param"":""instrument_name""}|trade_candle_exists_but_mark_history_missing|Deribit public/get_mark_price_history returns mark price only and only for a subset of options used in volatility index calculations.|Deribit public/ticker exposes mark_iv and greeks for current/live instruments, but no official public historical point-in-time IV/Greek snapshot endpoint was found."
2025-06-21,08:00,BTC-27JUN25-115000-C,25,2025-06-20T08:00:00.000Z,2025-06-27T08:00:00.000Z,27JUN25,115000,false,false,,false,,false,,false,,false,,false,,true,103830.5,true,0.0008,false,0,,,,mark_price|mark_iv|delta|gamma|theta|vega,"mark_history_error:public/get_mark_price_history HTTP 400 Bad Request Invalid params:{""reason"":""instrument is not active"",""param"":""instrument_name""}|trade_candle_exists_but_mark_history_missing|Deribit public/get_mark_price_history returns mark price only and only for a subset of options used in volatility index calculations.|Deribit public/ticker exposes mark_iv and greeks for current/live instruments, but no official public historical point-in-time IV/Greek snapshot endpoint was found."
2025-06-21,14:00,BTC-27JUN25-115000-C,25,2025-06-20T08:00:00.000Z,2025-06-27T08:00:00.000Z,27JUN25,115000,false,false,,false,,false,,false,,false,,false,,true,103574,true,0.0008,false,0,,,,mark_price|mark_iv|delta|gamma|theta|vega,"mark_history_error:public/get_mark_price_history HTTP 400 Bad Request Invalid params:{""reason"":""instrument is not active"",""param"":""instrument_name""}|trade_candle_exists_but_mark_history_missing|Deribit public/get_mark_price_history returns mark price only and only for a subset of options used in volatility index calculations.|Deribit public/ticker exposes mark_iv and greeks for current/live instruments, but no official public historical point-in-time IV/Greek snapshot endpoint was found."
2025-06-21,16:00,BTC-27JUN25-115000-C,25,2025-06-20T08:00:00.000Z,2025-06-27T08:00:00.000Z,27JUN25,115000,false,false,,false,,false,,false,,false,,false,,true,103523,true,0.0008,false,0,,,,mark_price|mark_iv|delta|gamma|theta|vega,"mark_history_error:public/get_mark_price_history HTTP 400 Bad Request Invalid params:{""reason"":""instrument is not active"",""param"":""instrument_name""}|trade_candle_exists_but_mark_history_missing|Deribit public/get_mark_price_history returns mark price only and only for a subset of options used in volatility index calculations.|Deribit public/ticker exposes mark_iv and greeks for current/live instruments, but no official public historical point-in-time IV/Greek snapshot endpoint was found."
2025-06-22,08:00,BTC-27JUN25-115000-C,25,2025-06-20T08:00:00.000Z,2025-06-27T08:00:00.000Z,27JUN25,115000,false,false,,false,,false,,false,,false,,false,,true,102717.5,true,0.0008,false,0,,,,mark_price|mark_iv|delta|gamma|theta|vega,"mark_history_error:public/get_mark_price_history HTTP 400 Bad Request Invalid params:{""reason"":""instrument is not active"",""param"":""instrument_name""}|trade_candle_exists_but_mark_history_missing|Deribit public/get_mark_price_history returns mark price only and only for a subset of options used in volatility index calculations.|Deribit public/ticker exposes mark_iv and greeks for current/live instruments, but no official public historical point-in-time IV/Greek snapshot endpoint was found."
2025-06-22,14:00,BTC-27JUN25-115000-C,25,2025-06-20T08:00:00.000Z,2025-06-27T08:00:00.000Z,27JUN25,115000,false,false,,false,,false,,false,,false,,false,,true,99636,true,0.0007,false,0,,,,mark_price|mark_iv|delta|gamma|theta|vega,"mark_history_error:public/get_mark_price_history HTTP 400 Bad Request Invalid params:{""reason"":""instrument is not active"",""param"":""instrument_name""}|trade_candle_exists_but_mark_history_missing|Deribit public/get_mark_price_history returns mark price only and only for a subset of options used in volatility index calculations.|Deribit public/ticker exposes mark_iv and greeks for current/live instruments, but no official public historical point-in-time IV/Greek snapshot endpoint was found."
2025-06-22,16:00,BTC-27JUN25-115000-C,25,2025-06-20T08:00:00.000Z,2025-06-27T08:00:00.000Z,27JUN25,115000,false,false,,false,,false,,false,,false,,false,,true,99691.5,true,0.0003,false,0,,,,mark_price|mark_iv|delta|gamma|theta|vega,"mark_history_error:public/get_mark_price_history HTTP 400 Bad Request Invalid params:{""reason"":""instrument is not active"",""param"":""instrument_name""}|trade_candle_exists_but_mark_history_missing|Deribit public/get_mark_price_history returns mark price only and only for a subset of options used in volatility index calculations.|Deribit public/ticker exposes mark_iv and greeks for current/live instruments, but no official public historical point-in-time IV/Greek snapshot endpoint was found."
2025-06-23,08:00,BTC-27JUN25-115000-C,25,2025-06-20T08:00:00.000Z,2025-06-27T08:00:00.000Z,27JUN25,115000,false,false,,false,,false,,false,,false,,false,,true,101894,true,0.0004,false,0,,,,mark_price|mark_iv|delta|gamma|theta|vega,"mark_history_error:public/get_mark_price_history HTTP 400 Bad Request Invalid params:{""reason"":""instrument is not active"",""param"":""instrument_name""}|trade_candle_exists_but_mark_history_missing|Deribit public/get_mark_price_history returns mark price only and only for a subset of options used in volatility index calculations.|Deribit public/ticker exposes mark_iv and greeks for current/live instruments, but no official public historical point-in-time IV/Greek snapshot endpoint was found."
2025-06-23,14:00,BTC-27JUN25-115000-C,25,2025-06-20T08:00:00.000Z,2025-06-27T08:00:00.000Z,27JUN25,115000,false,false,,false,,false,,false,,false,,false,,true,101688,true,0.0004,false,0,,,,mark_price|mark_iv|delta|gamma|theta|vega,"mark_history_error:public/get_mark_price_history HTTP 400 Bad Request Invalid params:{""reason"":""instrument is not active"",""param"":""instrument_name""}|trade_candle_exists_but_mark_history_missing|Deribit public/get_mark_price_history returns mark price only and only for a subset of options used in volatility index calculations.|Deribit public/ticker exposes mark_iv and greeks for current/live instruments, but no official public historical point-in-time IV/Greek snapshot endpoint was found."
2025-06-23,16:00,BTC-27JUN25-115000-C,25,2025-06-20T08:00:00.000Z,2025-06-27T08:00:00.000Z,27JUN25,115000,false,false,,false,,false,,false,,false,,false,,true,100742.5,true,0.0004,false,0,,,,mark_price|mark_iv|delta|gamma|theta|vega,"mark_history_error:public/get_mark_price_history HTTP 400 Bad Request Invalid params:{""reason"":""instrument is not active"",""param"":""instrument_name""}|trade_candle_exists_but_mark_history_missing|Deribit public/get_mark_price_history returns mark price only and only for a subset of options used in volatility index calculations.|Deribit public/ticker exposes mark_iv and greeks for current/live instruments, but no official public historical point-in-time IV/Greek snapshot endpoint was found."
2025-06-24,08:00,BTC-27JUN25-115000-C,25,2025-06-20T08:00:00.000Z,2025-06-27T08:00:00.000Z,27JUN25,115000,false,false,,false,,false,,false,,false,,false,,true,105075.5,true,0.0005,false,0,,,,mark_price|mark_iv|delta|gamma|theta|vega,"mark_history_error:public/get_mark_price_history HTTP 400 Bad Request Invalid params:{""reason"":""instrument is not active"",""param"":""instrument_name""}|trade_candle_exists_but_mark_history_missing|Deribit public/get_mark_price_history returns mark price only and only for a subset of options used in volatility index calculations.|Deribit public/ticker exposes mark_iv and greeks for current/live instruments, but no official public historical point-in-time IV/Greek snapshot endpoint was found."
2025-06-24,14:00,BTC-27JUN25-115000-C,25,2025-06-20T08:00:00.000Z,2025-06-27T08:00:00.000Z,27JUN25,115000,false,false,,false,,false,,false,,false,,false,,true,105578.5,true,0.0004,false,0,,,,mark_price|mark_iv|delta|gamma|theta|vega,"mark_history_error:public/get_mark_price_history HTTP 400 Bad Request Invalid params:{""reason"":""instrument is not active"",""param"":""instrument_name""}|trade_candle_exists_but_mark_history_missing|Deribit public/get_mark_price_history returns mark price only and only for a subset of options used in volatility index calculations.|Deribit public/ticker exposes mark_iv and greeks for current/live instruments, but no official public historical point-in-time IV/Greek snapshot endpoint was found."
2025-06-24,16:00,BTC-27JUN25-115000-C,25,2025-06-20T08:00:00.000Z,2025-06-27T08:00:00.000Z,27JUN25,115000,false,false,,false,,false,,false,,false,,false,,true,106290.5,true,0.0004,false,0,,,,mark_price|mark_iv|delta|gamma|theta|vega,"mark_history_error:public/get_mark_price_history HTTP 400 Bad Request Invalid params:{""reason"":""instrument is not active"",""param"":""instrument_name""}|trade_candle_exists_but_mark_history_missing|Deribit public/get_mark_price_history returns mark price only and only for a subset of options used in volatility index calculations.|Deribit public/ticker exposes mark_iv and greeks for current/live instruments, but no official public historical point-in-time IV/Greek snapshot endpoint was found."
2025-06-25,08:00,BTC-27JUN25-115000-C,25,2025-06-20T08:00:00.000Z,2025-06-27T08:00:00.000Z,27JUN25,115000,false,false,,false,,false,,false,,false,,false,,true,106680,true,0.0002,false,0,,,,mark_price|mark_iv|delta|gamma|theta|vega,"mark_history_error:public/get_mark_price_history HTTP 400 Bad Request Invalid params:{""reason"":""instrument is not active"",""param"":""instrument_name""}|trade_candle_exists_but_mark_history_missing|Deribit public/get_mark_price_history returns mark price only and only for a subset of options used in volatility index calculations.|Deribit public/ticker exposes mark_iv and greeks for current/live instruments, but no official public historical point-in-time IV/Greek snapshot endpoint was found."
2025-06-25,14:00,BTC-27JUN25-115000-C,25,2025-06-20T08:00:00.000Z,2025-06-27T08:00:00.000Z,27JUN25,115000,false,false,,false,,false,,false,,false,,false,,true,107740,true,0.0003,false,0,,,,mark_price|mark_iv|delta|gamma|theta|vega,"mark_history_error:public/get_mark_price_history HTTP 400 Bad Request Invalid params:{""reason"":""instrument is not active"",""param"":""instrument_name""}|trade_candle_exists_but_mark_history_missing|Deribit public/get_mark_price_history returns mark price only and only for a subset of options used in volatility index calculations.|Deribit public/ticker exposes mark_iv and greeks for current/live instruments, but no official public historical point-in-time IV/Greek snapshot endpoint was found."
2025-06-25,16:00,BTC-27JUN25-115000-C,25,2025-06-20T08:00:00.000Z,2025-06-27T08:00:00.000Z,27JUN25,115000,false,false,,false,,false,,false,,false,,false,,true,107240.5,true,0.0003,false,0,,,,mark_price|mark_iv|delta|gamma|theta|vega,"mark_history_error:public/get_mark_price_history HTTP 400 Bad Request Invalid params:{""reason"":""instrument is not active"",""param"":""instrument_name""}|trade_candle_exists_but_mark_history_missing|Deribit public/get_mark_price_history returns mark price only and only for a subset of options used in volatility index calculations.|Deribit public/ticker exposes mark_iv and greeks for current/live instruments, but no official public historical point-in-time IV/Greek snapshot endpoint was found."
2025-06-26,08:00,BTC-27JUN25-115000-C,25,2025-06-20T08:00:00.000Z,2025-06-27T08:00:00.000Z,27JUN25,115000,false,false,,false,,false,,false,,false,,false,,true,107845,true,0.0001,false,0,,,,mark_price|mark_iv|delta|gamma|theta|vega,"mark_history_error:public/get_mark_price_history HTTP 400 Bad Request Invalid params:{""reason"":""instrument is not active"",""param"":""instrument_name""}|trade_candle_exists_but_mark_history_missing|Deribit public/get_mark_price_history returns mark price only and only for a subset of options used in volatility index calculations.|Deribit public/ticker exposes mark_iv and greeks for current/live instruments, but no official public historical point-in-time IV/Greek snapshot endpoint was found."
2025-06-26,14:00,BTC-27JUN25-115000-C,25,2025-06-20T08:00:00.000Z,2025-06-27T08:00:00.000Z,27JUN25,115000,false,false,,false,,false,,false,,false,,false,,true,107529,true,0.0001,false,0,,,,mark_price|mark_iv|delta|gamma|theta|vega,"mark_history_error:public/get_mark_price_history HTTP 400 Bad Request Invalid params:{""reason"":""instrument is not active"",""param"":""instrument_name""}|trade_candle_exists_but_mark_history_missing|Deribit public/get_mark_price_history returns mark price only and only for a subset of options used in volatility index calculations.|Deribit public/ticker exposes mark_iv and greeks for current/live instruments, but no official public historical point-in-time IV/Greek snapshot endpoint was found."
2025-06-26,16:00,BTC-27JUN25-115000-C,25,2025-06-20T08:00:00.000Z,2025-06-27T08:00:00.000Z,27JUN25,115000,false,false,,false,,false,,false,,false,,false,,true,107235,true,0.0001,false,0,,,,mark_price|mark_iv|delta|gamma|theta|vega,"mark_history_error:public/get_mark_price_history HTTP 400 Bad Request Invalid params:{""reason"":""instrument is not active"",""param"":""instrument_name""}|trade_candle_exists_but_mark_history_missing|Deribit public/get_mark_price_history returns mark price only and only for a subset of options used in volatility index calculations.|Deribit public/ticker exposes mark_iv and greeks for current/live instruments, but no official public historical point-in-time IV/Greek snapshot endpoint was found."
2025-07-04,08:00,BTC-11JUL25-120000-C,27,2025-07-04T08:00:00.000Z,2025-07-11T08:00:00.000Z,11JUL25,120000,false,false,,false,,false,,false,,false,,false,,true,108802.5,true,0.0007,false,0,,,,mark_price|mark_iv|delta|gamma|theta|vega,"mark_history_error:public/get_mark_price_history HTTP 400 Bad Request Invalid params:{""reason"":""instrument is not active"",""param"":""instrument_name""}|trade_candle_exists_but_mark_history_missing|Deribit public/get_mark_price_history returns mark price only and only for a subset of options used in volatility index calculations.|Deribit public/ticker exposes mark_iv and greeks for current/live instruments, but no official public historical point-in-time IV/Greek snapshot endpoint was found."
2025-07-04,14:00,BTC-11JUL25-120000-C,27,2025-07-04T08:00:00.000Z,2025-07-11T08:00:00.000Z,11JUL25,120000,false,false,,false,,false,,false,,false,,false,,true,107877.5,true,0.0007,false,0,,,,mark_price|mark_iv|delta|gamma|theta|vega,"mark_history_error:public/get_mark_price_history HTTP 400 Bad Request Invalid params:{""reason"":""instrument is not active"",""param"":""instrument_name""}|trade_candle_exists_but_mark_history_missing|Deribit public/get_mark_price_history returns mark price only and only for a subset of options used in volatility index calculations.|Deribit public/ticker exposes mark_iv and greeks for current/live instruments, but no official public historical point-in-time IV/Greek snapshot endpoint was found."
2025-07-04,16:00,BTC-11JUL25-120000-C,27,2025-07-04T08:00:00.000Z,2025-07-11T08:00:00.000Z,11JUL25,120000,false,false,,false,,false,,false,,false,,false,,true,107675,true,0.0006,false,0,,,,mark_price|mark_iv|delta|gamma|theta|vega,"mark_history_error:public/get_mark_price_history HTTP 400 Bad Request Invalid params:{""reason"":""instrument is not active"",""param"":""instrument_name""}|trade_candle_exists_but_mark_history_missing|Deribit public/get_mark_price_history returns mark price only and only for a subset of options used in volatility index calculations.|Deribit public/ticker exposes mark_iv and greeks for current/live instruments, but no official public historical point-in-time IV/Greek snapshot endpoint was found."
2025-07-05,08:00,BTC-11JUL25-120000-C,27,2025-07-04T08:00:00.000Z,2025-07-11T08:00:00.000Z,11JUL25,120000,false,false,,false,,false,,false,,false,,false,,true,108083,true,0.0005,false,0,,,,mark_price|mark_iv|delta|gamma|theta|vega,"mark_history_error:public/get_mark_price_history HTTP 400 Bad Request Invalid params:{""reason"":""instrument is not active"",""param"":""instrument_name""}|trade_candle_exists_but_mark_history_missing|Deribit public/get_mark_price_history returns mark price only and only for a subset of options used in volatility index calculations.|Deribit public/ticker exposes mark_iv and greeks for current/live instruments, but no official public historical point-in-time IV/Greek snapshot endpoint was found."
2025-07-05,14:00,BTC-11JUL25-120000-C,27,2025-07-04T08:00:00.000Z,2025-07-11T08:00:00.000Z,11JUL25,120000,false,false,,false,,false,,false,,false,,false,,true,108222.5,true,0.0004,false,0,,,,mark_price|mark_iv|delta|gamma|theta|vega,"mark_history_error:public/get_mark_price_history HTTP 400 Bad Request Invalid params:{""reason"":""instrument is not active"",""param"":""instrument_name""}|trade_candle_exists_but_mark_history_missing|Deribit public/get_mark_price_history returns mark price only and only for a subset of options used in volatility index calculations.|Deribit public/ticker exposes mark_iv and greeks for current/live instruments, but no official public historical point-in-time IV/Greek snapshot endpoint was found."
2025-07-05,16:00,BTC-11JUL25-120000-C,27,2025-07-04T08:00:00.000Z,2025-07-11T08:00:00.000Z,11JUL25,120000,false,false,,false,,false,,false,,false,,false,,true,108153,true,0.0004,false,0,,,,mark_price|mark_iv|delta|gamma|theta|vega,"mark_history_error:public/get_mark_price_history HTTP 400 Bad Request Invalid params:{""reason"":""instrument is not active"",""param"":""instrument_name""}|trade_candle_exists_but_mark_history_missing|Deribit public/get_mark_price_history returns mark price only and only for a subset of options used in volatility index calculations.|Deribit public/ticker exposes mark_iv and greeks for current/live instruments, but no official public historical point-in-time IV/Greek snapshot endpoint was found."
2025-07-06,08:00,BTC-11JUL25-120000-C,27,2025-07-04T08:00:00.000Z,2025-07-11T08:00:00.000Z,11JUL25,120000,false,false,,false,,false,,false,,false,,false,,true,108071.5,true,0.0003,false,0,,,,mark_price|mark_iv|delta|gamma|theta|vega,"mark_history_error:public/get_mark_price_history HTTP 400 Bad Request Invalid params:{""reason"":""instrument is not active"",""param"":""instrument_name""}|trade_candle_exists_but_mark_history_missing|Deribit public/get_mark_price_history returns mark price only and only for a subset of options used in volatility index calculations.|Deribit public/ticker exposes mark_iv and greeks for current/live instruments, but no official public historical point-in-time IV/Greek snapshot endpoint was found."
2025-07-06,14:00,BTC-11JUL25-120000-C,27,2025-07-04T08:00:00.000Z,2025-07-11T08:00:00.000Z,11JUL25,120000,false,false,,false,,false,,false,,false,,false,,true,108996.5,true,0.0003,false,0,,,,mark_price|mark_iv|delta|gamma|theta|vega,"mark_history_error:public/get_mark_price_history HTTP 400 Bad Request Invalid params:{""reason"":""instrument is not active"",""param"":""instrument_name""}|trade_candle_exists_but_mark_history_missing|Deribit public/get_mark_price_history returns mark price only and only for a subset of options used in volatility index calculations.|Deribit public/ticker exposes mark_iv and greeks for current/live instruments, but no official public historical point-in-time IV/Greek snapshot endpoint was found."
2025-07-06,16:00,BTC-11JUL25-120000-C,27,2025-07-04T08:00:00.000Z,2025-07-11T08:00:00.000Z,11JUL25,120000,false,false,,false,,false,,false,,false,,false,,true,108928,true,0.0003,false,0,,,,mark_price|mark_iv|delta|gamma|theta|vega,"mark_history_error:public/get_mark_price_history HTTP 400 Bad Request Invalid params:{""reason"":""instrument is not active"",""param"":""instrument_name""}|trade_candle_exists_but_mark_history_missing|Deribit public/get_mark_price_history returns mark price only and only for a subset of options used in volatility index calculations.|Deribit public/ticker exposes mark_iv and greeks for current/live instruments, but no official public historical point-in-time IV/Greek snapshot endpoint was found."
2025-07-07,08:00,BTC-11JUL25-120000-C,27,2025-07-04T08:00:00.000Z,2025-07-11T08:00:00.000Z,11JUL25,120000,false,false,,false,,false,,false,,false,,false,,true,109095,true,0.0004,false,0,,,,mark_price|mark_iv|delta|gamma|theta|vega,"mark_history_error:public/get_mark_price_history HTTP 400 Bad Request Invalid params:{""reason"":""instrument is not active"",""param"":""instrument_name""}|trade_candle_exists_but_mark_history_missing|Deribit public/get_mark_price_history returns mark price only and only for a subset of options used in volatility index calculations.|Deribit public/ticker exposes mark_iv and greeks for current/live instruments, but no official public historical point-in-time IV/Greek snapshot endpoint was found."
2025-07-07,14:00,BTC-11JUL25-120000-C,27,2025-07-04T08:00:00.000Z,2025-07-11T08:00:00.000Z,11JUL25,120000,false,false,,false,,false,,false,,false,,false,,true,108260,true,0.0002,false,0,,,,mark_price|mark_iv|delta|gamma|theta|vega,"mark_history_error:public/get_mark_price_history HTTP 400 Bad Request Invalid params:{""reason"":""instrument is not active"",""param"":""instrument_name""}|trade_candle_exists_but_mark_history_missing|Deribit public/get_mark_price_history returns mark price only and only for a subset of options used in volatility index calculations.|Deribit public/ticker exposes mark_iv and greeks for current/live instruments, but no official public historical point-in-time IV/Greek snapshot endpoint was found."
2025-07-07,16:00,BTC-11JUL25-120000-C,27,2025-07-04T08:00:00.000Z,2025-07-11T08:00:00.000Z,11JUL25,120000,false,false,,false,,false,,false,,false,,false,,true,107977,true,0.0002,false,0,,,,mark_price|mark_iv|delta|gamma|theta|vega,"mark_history_error:public/get_mark_price_history HTTP 400 Bad Request Invalid params:{""reason"":""instrument is not active"",""param"":""instrument_name""}|trade_candle_exists_but_mark_history_missing|Deribit public/get_mark_price_history returns mark price only and only for a subset of options used in volatility index calculations.|Deribit public/ticker exposes mark_iv and greeks for current/live instruments, but no official public historical point-in-time IV/Greek snapshot endpoint was found."
2025-07-08,08:00,BTC-11JUL25-120000-C,27,2025-07-04T08:00:00.000Z,2025-07-11T08:00:00.000Z,11JUL25,120000,false,false,,false,,false,,false,,false,,false,,true,108301,true,0.0003,false,0,,,,mark_price|mark_iv|delta|gamma|theta|vega,"mark_history_error:public/get_mark_price_history HTTP 400 Bad Request Invalid params:{""reason"":""instrument is not active"",""param"":""instrument_name""}|trade_candle_exists_but_mark_history_missing|Deribit public/get_mark_price_history returns mark price only and only for a subset of options used in volatility index calculations.|Deribit public/ticker exposes mark_iv and greeks for current/live instruments, but no official public historical point-in-time IV/Greek snapshot endpoint was found."
2025-07-08,14:00,BTC-11JUL25-120000-C,27,2025-07-04T08:00:00.000Z,2025-07-11T08:00:00.000Z,11JUL25,120000,false,false,,false,,false,,false,,false,,false,,true,108408.5,true,0.0001,false,0,,,,mark_price|mark_iv|delta|gamma|theta|vega,"mark_history_error:public/get_mark_price_history HTTP 400 Bad Request Invalid params:{""reason"":""instrument is not active"",""param"":""instrument_name""}|trade_candle_exists_but_mark_history_missing|Deribit public/get_mark_price_history returns mark price only and only for a subset of options used in volatility index calculations.|Deribit public/ticker exposes mark_iv and greeks for current/live instruments, but no official public historical point-in-time IV/Greek snapshot endpoint was found."
2025-07-08,16:00,BTC-11JUL25-120000-C,27,2025-07-04T08:00:00.000Z,2025-07-11T08:00:00.000Z,11JUL25,120000,false,false,,false,,false,,false,,false,,false,,true,108489.5,true,0.0001,false,0,,,,mark_price|mark_iv|delta|gamma|theta|vega,"mark_history_error:public/get_mark_price_history HTTP 400 Bad Request Invalid params:{""reason"":""instrument is not active"",""param"":""instrument_name""}|trade_candle_exists_but_mark_history_missing|Deribit public/get_mark_price_history returns mark price only and only for a subset of options used in volatility index calculations.|Deribit public/ticker exposes mark_iv and greeks for current/live instruments, but no official public historical point-in-time IV/Greek snapshot endpoint was found."
2025-07-09,08:00,BTC-11JUL25-120000-C,27,2025-07-04T08:00:00.000Z,2025-07-11T08:00:00.000Z,11JUL25,120000,false,false,,false,,false,,false,,false,,false,,true,108735.5,true,0.0001,false,0,,,,mark_price|mark_iv|delta|gamma|theta|vega,"mark_history_error:public/get_mark_price_history HTTP 400 Bad Request Invalid params:{""reason"":""instrument is not active"",""param"":""instrument_name""}|trade_candle_exists_but_mark_history_missing|Deribit public/get_mark_price_history returns mark price only and only for a subset of options used in volatility index calculations.|Deribit public/ticker exposes mark_iv and greeks for current/live instruments, but no official public historical point-in-time IV/Greek snapshot endpoint was found."
2025-07-09,14:00,BTC-11JUL25-120000-C,27,2025-07-04T08:00:00.000Z,2025-07-11T08:00:00.000Z,11JUL25,120000,false,false,,false,,false,,false,,false,,false,,true,108962.5,true,0.0001,false,0,,,,mark_price|mark_iv|delta|gamma|theta|vega,"mark_history_error:public/get_mark_price_history HTTP 400 Bad Request Invalid params:{""reason"":""instrument is not active"",""param"":""instrument_name""}|trade_candle_exists_but_mark_history_missing|Deribit public/get_mark_price_history returns mark price only and only for a subset of options used in volatility index calculations.|Deribit public/ticker exposes mark_iv and greeks for current/live instruments, but no official public historical point-in-time IV/Greek snapshot endpoint was found."
2025-07-09,16:00,BTC-11JUL25-120000-C,27,2025-07-04T08:00:00.000Z,2025-07-11T08:00:00.000Z,11JUL25,120000,false,false,,false,,false,,false,,false,,false,,true,109449,true,0.0001,false,0,,,,mark_price|mark_iv|delta|gamma|theta|vega,"mark_history_error:public/get_mark_price_history HTTP 400 Bad Request Invalid params:{""reason"":""instrument is not active"",""param"":""instrument_name""}|trade_candle_exists_but_mark_history_missing|Deribit public/get_mark_price_history returns mark price only and only for a subset of options used in volatility index calculations.|Deribit public/ticker exposes mark_iv and greeks for current/live instruments, but no official public historical point-in-time IV/Greek snapshot endpoint was found."
2025-07-10,08:00,BTC-11JUL25-120000-C,27,2025-07-04T08:00:00.000Z,2025-07-11T08:00:00.000Z,11JUL25,120000,false,false,,false,,false,,false,,false,,false,,true,111330,true,0.0001,false,0,,,,mark_price|mark_iv|delta|gamma|theta|vega,"mark_history_error:public/get_mark_price_history HTTP 400 Bad Request Invalid params:{""reason"":""instrument is not active"",""param"":""instrument_name""}|trade_candle_exists_but_mark_history_missing|Deribit public/get_mark_price_history returns mark price only and only for a subset of options used in volatility index calculations.|Deribit public/ticker exposes mark_iv and greeks for current/live instruments, but no official public historical point-in-time IV/Greek snapshot endpoint was found."
2025-07-10,14:00,BTC-11JUL25-120000-C,27,2025-07-04T08:00:00.000Z,2025-07-11T08:00:00.000Z,11JUL25,120000,false,false,,false,,false,,false,,false,,false,,true,111360,true,0.0001,false,0,,,,mark_price|mark_iv|delta|gamma|theta|vega,"mark_history_error:public/get_mark_price_history HTTP 400 Bad Request Invalid params:{""reason"":""instrument is not active"",""param"":""instrument_name""}|trade_candle_exists_but_mark_history_missing|Deribit public/get_mark_price_history returns mark price only and only for a subset of options used in volatility index calculations.|Deribit public/ticker exposes mark_iv and greeks for current/live instruments, but no official public historical point-in-time IV/Greek snapshot endpoint was found."
2025-07-10,16:00,BTC-11JUL25-120000-C,27,2025-07-04T08:00:00.000Z,2025-07-11T08:00:00.000Z,11JUL25,120000,false,false,,false,,false,,false,,false,,false,,true,112749.5,true,0.0003,false,0,,,,mark_price|mark_iv|delta|gamma|theta|vega,"mark_history_error:public/get_mark_price_history HTTP 400 Bad Request Invalid params:{""reason"":""instrument is not active"",""param"":""instrument_name""}|trade_candle_exists_but_mark_history_missing|Deribit public/get_mark_price_history returns mark price only and only for a subset of options used in volatility index calculations.|Deribit public/ticker exposes mark_iv and greeks for current/live instruments, but no official public historical point-in-time IV/Greek snapshot endpoint was found."
2025-07-11,08:00,BTC-18JUL25-130000-C,28,2025-07-11T08:00:00.000Z,2025-07-18T08:00:00.000Z,18JUL25,130000,false,false,,false,,false,,false,,false,,false,,true,118090,true,0.0013,false,0,,,,mark_price|mark_iv|delta|gamma|theta|vega,"mark_history_error:public/get_mark_price_history HTTP 400 Bad Request Invalid params:{""reason"":""instrument is not active"",""param"":""instrument_name""}|trade_candle_exists_but_mark_history_missing|Deribit public/get_mark_price_history returns mark price only and only for a subset of options used in volatility index calculations.|Deribit public/ticker exposes mark_iv and greeks for current/live instruments, but no official public historical point-in-time IV/Greek snapshot endpoint was found."
2025-07-11,14:00,BTC-18JUL25-130000-C,28,2025-07-11T08:00:00.000Z,2025-07-18T08:00:00.000Z,18JUL25,130000,false,false,,false,,false,,false,,false,,false,,true,117915,true,0.0009,false,0,,,,mark_price|mark_iv|delta|gamma|theta|vega,"mark_history_error:public/get_mark_price_history HTTP 400 Bad Request Invalid params:{""reason"":""instrument is not active"",""param"":""instrument_name""}|trade_candle_exists_but_mark_history_missing|Deribit public/get_mark_price_history returns mark price only and only for a subset of options used in volatility index calculations.|Deribit public/ticker exposes mark_iv and greeks for current/live instruments, but no official public historical point-in-time IV/Greek snapshot endpoint was found."
2025-07-11,16:00,BTC-18JUL25-130000-C,28,2025-07-11T08:00:00.000Z,2025-07-18T08:00:00.000Z,18JUL25,130000,false,false,,false,,false,,false,,false,,false,,true,117499.5,true,0.0008,false,0,,,,mark_price|mark_iv|delta|gamma|theta|vega,"mark_history_error:public/get_mark_price_history HTTP 400 Bad Request Invalid params:{""reason"":""instrument is not active"",""param"":""instrument_name""}|trade_candle_exists_but_mark_history_missing|Deribit public/get_mark_price_history returns mark price only and only for a subset of options used in volatility index calculations.|Deribit public/ticker exposes mark_iv and greeks for current/live instruments, but no official public historical point-in-time IV/Greek snapshot endpoint was found."
2025-07-12,08:00,BTC-18JUL25-130000-C,28,2025-07-11T08:00:00.000Z,2025-07-18T08:00:00.000Z,18JUL25,130000,false,false,,false,,false,,false,,false,,false,,true,118030.5,true,0.0007,false,0,,,,mark_price|mark_iv|delta|gamma|theta|vega,"mark_history_error:public/get_mark_price_history HTTP 400 Bad Request Invalid params:{""reason"":""instrument is not active"",""param"":""instrument_name""}|trade_candle_exists_but_mark_history_missing|Deribit public/get_mark_price_history returns mark price only and only for a subset of options used in volatility index calculations.|Deribit public/ticker exposes mark_iv and greeks for current/live instruments, but no official public historical point-in-time IV/Greek snapshot endpoint was found."
2025-07-12,14:00,BTC-18JUL25-130000-C,28,2025-07-11T08:00:00.000Z,2025-07-18T08:00:00.000Z,18JUL25,130000,false,false,,false,,false,,false,,false,,false,,true,117454,true,0.0006,false,0,,,,mark_price|mark_iv|delta|gamma|theta|vega,"mark_history_error:public/get_mark_price_history HTTP 400 Bad Request Invalid params:{""reason"":""instrument is not active"",""param"":""instrument_name""}|trade_candle_exists_but_mark_history_missing|Deribit public/get_mark_price_history returns mark price only and only for a subset of options used in volatility index calculations.|Deribit public/ticker exposes mark_iv and greeks for current/live instruments, but no official public historical point-in-time IV/Greek snapshot endpoint was found."
2025-07-12,16:00,BTC-18JUL25-130000-C,28,2025-07-11T08:00:00.000Z,2025-07-18T08:00:00.000Z,18JUL25,130000,false,false,,false,,false,,false,,false,,false,,true,117296.5,true,0.0007,false,0,,,,mark_price|mark_iv|delta|gamma|theta|vega,"mark_history_error:public/get_mark_price_history HTTP 400 Bad Request Invalid params:{""reason"":""instrument is not active"",""param"":""instrument_name""}|trade_candle_exists_but_mark_history_missing|Deribit public/get_mark_price_history returns mark price only and only for a subset of options used in volatility index calculations.|Deribit public/ticker exposes mark_iv and greeks for current/live instruments, but no official public historical point-in-time IV/Greek snapshot endpoint was found."
2025-07-13,08:00,BTC-18JUL25-130000-C,28,2025-07-11T08:00:00.000Z,2025-07-18T08:00:00.000Z,18JUL25,130000,false,false,,false,,false,,false,,false,,false,,true,117980,true,0.0007,false,0,,,,mark_price|mark_iv|delta|gamma|theta|vega,"mark_history_error:public/get_mark_price_history HTTP 400 Bad Request Invalid params:{""reason"":""instrument is not active"",""param"":""instrument_name""}|trade_candle_exists_but_mark_history_missing|Deribit public/get_mark_price_history returns mark price only and only for a subset of options used in volatility index calculations.|Deribit public/ticker exposes mark_iv and greeks for current/live instruments, but no official public historical point-in-time IV/Greek snapshot endpoint was found."
2025-07-13,14:00,BTC-18JUL25-130000-C,28,2025-07-11T08:00:00.000Z,2025-07-18T08:00:00.000Z,18JUL25,130000,false,false,,false,,false,,false,,false,,false,,true,118854,true,0.0026,false,0,,,,mark_price|mark_iv|delta|gamma|theta|vega,"mark_history_error:public/get_mark_price_history HTTP 400 Bad Request Invalid params:{""reason"":""instrument is not active"",""param"":""instrument_name""}|trade_candle_exists_but_mark_history_missing|Deribit public/get_mark_price_history returns mark price only and only for a subset of options used in volatility index calculations.|Deribit public/ticker exposes mark_iv and greeks for current/live instruments, but no official public historical point-in-time IV/Greek snapshot endpoint was found."
2025-07-13,16:00,BTC-18JUL25-130000-C,28,2025-07-11T08:00:00.000Z,2025-07-18T08:00:00.000Z,18JUL25,130000,false,false,,false,,false,,false,,false,,false,,true,118590,true,0.0012,false,0,,,,mark_price|mark_iv|delta|gamma|theta|vega,"mark_history_error:public/get_mark_price_history HTTP 400 Bad Request Invalid params:{""reason"":""instrument is not active"",""param"":""instrument_name""}|trade_candle_exists_but_mark_history_missing|Deribit public/get_mark_price_history returns mark price only and only for a subset of options used in volatility index calculations.|Deribit public/ticker exposes mark_iv and greeks for current/live instruments, but no official public historical point-in-time IV/Greek snapshot endpoint was found."
2025-07-14,08:00,BTC-18JUL25-130000-C,28,2025-07-11T08:00:00.000Z,2025-07-18T08:00:00.000Z,18JUL25,130000,false,false,,false,,false,,false,,false,,false,,true,122636.5,true,0.0025,false,0,,,,mark_price|mark_iv|delta|gamma|theta|vega,"mark_history_error:public/get_mark_price_history HTTP 400 Bad Request Invalid params:{""reason"":""instrument is not active"",""param"":""instrument_name""}|trade_candle_exists_but_mark_history_missing|Deribit public/get_mark_price_history returns mark price only and only for a subset of options used in volatility index calculations.|Deribit public/ticker exposes mark_iv and greeks for current/live instruments, but no official public historical point-in-time IV/Greek snapshot endpoint was found."
2025-07-14,14:00,BTC-18JUL25-130000-C,28,2025-07-11T08:00:00.000Z,2025-07-18T08:00:00.000Z,18JUL25,130000,false,false,,false,,false,,false,,false,,false,,true,121239.5,true,0.0016,false,0,,,,mark_price|mark_iv|delta|gamma|theta|vega,"mark_history_error:public/get_mark_price_history HTTP 400 Bad Request Invalid params:{""reason"":""instrument is not active"",""param"":""instrument_name""}|trade_candle_exists_but_mark_history_missing|Deribit public/get_mark_price_history returns mark price only and only for a subset of options used in volatility index calculations.|Deribit public/ticker exposes mark_iv and greeks for current/live instruments, but no official public historical point-in-time IV/Greek snapshot endpoint was found."
2025-07-14,16:00,BTC-18JUL25-130000-C,28,2025-07-11T08:00:00.000Z,2025-07-18T08:00:00.000Z,18JUL25,130000,false,false,,false,,false,,false,,false,,false,,true,120343,true,0.0009,false,0,,,,mark_price|mark_iv|delta|gamma|theta|vega,"mark_history_error:public/get_mark_price_history HTTP 400 Bad Request Invalid params:{""reason"":""instrument is not active"",""param"":""instrument_name""}|trade_candle_exists_but_mark_history_missing|Deribit public/get_mark_price_history returns mark price only and only for a subset of options used in volatility index calculations.|Deribit public/ticker exposes mark_iv and greeks for current/live instruments, but no official public historical point-in-time IV/Greek snapshot endpoint was found."
2025-07-15,08:00,BTC-18JUL25-130000-C,28,2025-07-11T08:00:00.000Z,2025-07-18T08:00:00.000Z,18JUL25,130000,false,false,,false,,false,,false,,false,,false,,true,116780.5,true,0.0004,false,0,,,,mark_price|mark_iv|delta|gamma|theta|vega,"mark_history_error:public/get_mark_price_history HTTP 400 Bad Request Invalid params:{""reason"":""instrument is not active"",""param"":""instrument_name""}|trade_candle_exists_but_mark_history_missing|Deribit public/get_mark_price_history returns mark price only and only for a subset of options used in volatility index calculations.|Deribit public/ticker exposes mark_iv and greeks for current/live instruments, but no official public historical point-in-time IV/Greek snapshot endpoint was found."
2025-07-15,14:00,BTC-18JUL25-130000-C,28,2025-07-11T08:00:00.000Z,2025-07-18T08:00:00.000Z,18JUL25,130000,false,false,,false,,false,,false,,false,,false,,true,115997,true,0.0003,false,0,,,,mark_price|mark_iv|delta|gamma|theta|vega,"mark_history_error:public/get_mark_price_history HTTP 400 Bad Request Invalid params:{""reason"":""instrument is not active"",""param"":""instrument_name""}|trade_candle_exists_but_mark_history_missing|Deribit public/get_mark_price_history returns mark price only and only for a subset of options used in volatility index calculations.|Deribit public/ticker exposes mark_iv and greeks for current/live instruments, but no official public historical point-in-time IV/Greek snapshot endpoint was found."
2025-07-15,16:00,BTC-18JUL25-130000-C,28,2025-07-11T08:00:00.000Z,2025-07-18T08:00:00.000Z,18JUL25,130000,false,false,,false,,false,,false,,false,,false,,true,117226.5,true,0.0003,false,0,,,,mark_price|mark_iv|delta|gamma|theta|vega,"mark_history_error:public/get_mark_price_history HTTP 400 Bad Request Invalid params:{""reason"":""instrument is not active"",""param"":""instrument_name""}|trade_candle_exists_but_mark_history_missing|Deribit public/get_mark_price_history returns mark price only and only for a subset of options used in volatility index calculations.|Deribit public/ticker exposes mark_iv and greeks for current/live instruments, but no official public historical point-in-time IV/Greek snapshot endpoint was found."
2025-07-16,08:00,BTC-18JUL25-130000-C,28,2025-07-11T08:00:00.000Z,2025-07-18T08:00:00.000Z,18JUL25,130000,false,false,,false,,false,,false,,false,,false,,true,118759,true,0.0002,false,0,,,,mark_price|mark_iv|delta|gamma|theta|vega,"mark_history_error:public/get_mark_price_history HTTP 400 Bad Request Invalid params:{""reason"":""instrument is not active"",""param"":""instrument_name""}|trade_candle_exists_but_mark_history_missing|Deribit public/get_mark_price_history returns mark price only and only for a subset of options used in volatility index calculations.|Deribit public/ticker exposes mark_iv and greeks for current/live instruments, but no official public historical point-in-time IV/Greek snapshot endpoint was found."
2025-07-16,14:00,BTC-18JUL25-130000-C,28,2025-07-11T08:00:00.000Z,2025-07-18T08:00:00.000Z,18JUL25,130000,false,false,,false,,false,,false,,false,,false,,true,119123,true,0.0002,false,0,,,,mark_price|mark_iv|delta|gamma|theta|vega,"mark_history_error:public/get_mark_price_history HTTP 400 Bad Request Invalid params:{""reason"":""instrument is not active"",""param"":""instrument_name""}|trade_candle_exists_but_mark_history_missing|Deribit public/get_mark_price_history returns mark price only and only for a subset of options used in volatility index calculations.|Deribit public/ticker exposes mark_iv and greeks for current/live instruments, but no official public historical point-in-time IV/Greek snapshot endpoint was found."
2025-07-16,16:00,BTC-18JUL25-130000-C,28,2025-07-11T08:00:00.000Z,2025-07-18T08:00:00.000Z,18JUL25,130000,false,false,,false,,false,,false,,false,,false,,true,119408,true,0.0003,false,0,,,,mark_price|mark_iv|delta|gamma|theta|vega,"mark_history_error:public/get_mark_price_history HTTP 400 Bad Request Invalid params:{""reason"":""instrument is not active"",""param"":""instrument_name""}|trade_candle_exists_but_mark_history_missing|Deribit public/get_mark_price_history returns mark price only and only for a subset of options used in volatility index calculations.|Deribit public/ticker exposes mark_iv and greeks for current/live instruments, but no official public historical point-in-time IV/Greek snapshot endpoint was found."
2025-07-17,08:00,BTC-18JUL25-130000-C,28,2025-07-11T08:00:00.000Z,2025-07-18T08:00:00.000Z,18JUL25,130000,false,false,,false,,false,,false,,false,,false,,true,118403.5,true,0.0001,false,0,,,,mark_price|mark_iv|delta|gamma|theta|vega,"mark_history_error:public/get_mark_price_history HTTP 400 Bad Request Invalid params:{""reason"":""instrument is not active"",""param"":""instrument_name""}|trade_candle_exists_but_mark_history_missing|Deribit public/get_mark_price_history returns mark price only and only for a subset of options used in volatility index calculations.|Deribit public/ticker exposes mark_iv and greeks for current/live instruments, but no official public historical point-in-time IV/Greek snapshot endpoint was found."
2025-07-17,14:00,BTC-18JUL25-130000-C,28,2025-07-11T08:00:00.000Z,2025-07-18T08:00:00.000Z,18JUL25,130000,false,false,,false,,false,,false,,false,,false,,true,118842,true,0.0001,false,0,,,,mark_price|mark_iv|delta|gamma|theta|vega,"mark_history_error:public/get_mark_price_history HTTP 400 Bad Request Invalid params:{""reason"":""instrument is not active"",""param"":""instrument_name""}|trade_candle_exists_but_mark_history_missing|Deribit public/get_mark_price_history returns mark price only and only for a subset of options used in volatility index calculations.|Deribit public/ticker exposes mark_iv and greeks for current/live instruments, but no official public historical point-in-time IV/Greek snapshot endpoint was found."
2025-07-17,16:00,BTC-18JUL25-130000-C,28,2025-07-11T08:00:00.000Z,2025-07-18T08:00:00.000Z,18JUL25,130000,false,false,,false,,false,,false,,false,,false,,true,118614.5,true,0.0001,false,0,,,,mark_price|mark_iv|delta|gamma|theta|vega,"mark_history_error:public/get_mark_price_history HTTP 400 Bad Request Invalid params:{""reason"":""instrument is not active"",""param"":""instrument_name""}|trade_candle_exists_but_mark_history_missing|Deribit public/get_mark_price_history returns mark price only and only for a subset of options used in volatility index calculations.|Deribit public/ticker exposes mark_iv and greeks for current/live instruments, but no official public historical point-in-time IV/Greek snapshot endpoint was found."
2025-07-18,08:00,BTC-25JUL25-130000-C,29,2025-07-18T08:00:00.000Z,2025-07-25T08:00:00.000Z,25JUL25,130000,false,false,,false,,false,,false,,false,,false,,true,118740,true,0.0015,false,0,,,,mark_price|mark_iv|delta|gamma|theta|vega,"mark_history_error:public/get_mark_price_history HTTP 400 Bad Request Invalid params:{""reason"":""instrument is not active"",""param"":""instrument_name""}|trade_candle_exists_but_mark_history_missing|Deribit public/get_mark_price_history returns mark price only and only for a subset of options used in volatility index calculations.|Deribit public/ticker exposes mark_iv and greeks for current/live instruments, but no official public historical point-in-time IV/Greek snapshot endpoint was found."
2025-07-18,14:00,BTC-25JUL25-130000-C,29,2025-07-18T08:00:00.000Z,2025-07-25T08:00:00.000Z,25JUL25,130000,false,false,,false,,false,,false,,false,,false,,true,118180,true,0.0014,false,0,,,,mark_price|mark_iv|delta|gamma|theta|vega,"mark_history_error:public/get_mark_price_history HTTP 400 Bad Request Invalid params:{""reason"":""instrument is not active"",""param"":""instrument_name""}|trade_candle_exists_but_mark_history_missing|Deribit public/get_mark_price_history returns mark price only and only for a subset of options used in volatility index calculations.|Deribit public/ticker exposes mark_iv and greeks for current/live instruments, but no official public historical point-in-time IV/Greek snapshot endpoint was found."
2025-07-18,16:00,BTC-25JUL25-130000-C,29,2025-07-18T08:00:00.000Z,2025-07-25T08:00:00.000Z,25JUL25,130000,false,false,,false,,false,,false,,false,,false,,true,117588,true,0.0011,false,0,,,,mark_price|mark_iv|delta|gamma|theta|vega,"mark_history_error:public/get_mark_price_history HTTP 400 Bad Request Invalid params:{""reason"":""instrument is not active"",""param"":""instrument_name""}|trade_candle_exists_but_mark_history_missing|Deribit public/get_mark_price_history returns mark price only and only for a subset of options used in volatility index calculations.|Deribit public/ticker exposes mark_iv and greeks for current/live instruments, but no official public historical point-in-time IV/Greek snapshot endpoint was found."
2025-07-19,08:00,BTC-25JUL25-130000-C,29,2025-07-18T08:00:00.000Z,2025-07-25T08:00:00.000Z,25JUL25,130000,false,false,,false,,false,,false,,false,,false,,true,118209.5,true,0.0011,false,0,,,,mark_price|mark_iv|delta|gamma|theta|vega,"mark_history_error:public/get_mark_price_history HTTP 400 Bad Request Invalid params:{""reason"":""instrument is not active"",""param"":""instrument_name""}|trade_candle_exists_but_mark_history_missing|Deribit public/get_mark_price_history returns mark price only and only for a subset of options used in volatility index calculations.|Deribit public/ticker exposes mark_iv and greeks for current/live instruments, but no official public historical point-in-time IV/Greek snapshot endpoint was found."
2025-07-19,14:00,BTC-25JUL25-130000-C,29,2025-07-18T08:00:00.000Z,2025-07-25T08:00:00.000Z,25JUL25,130000,false,false,,false,,false,,false,,false,,false,,true,117760.5,true,0.001,false,0,,,,mark_price|mark_iv|delta|gamma|theta|vega,"mark_history_error:public/get_mark_price_history HTTP 400 Bad Request Invalid params:{""reason"":""instrument is not active"",""param"":""instrument_name""}|trade_candle_exists_but_mark_history_missing|Deribit public/get_mark_price_history returns mark price only and only for a subset of options used in volatility index calculations.|Deribit public/ticker exposes mark_iv and greeks for current/live instruments, but no official public historical point-in-time IV/Greek snapshot endpoint was found."
2025-07-19,16:00,BTC-25JUL25-130000-C,29,2025-07-18T08:00:00.000Z,2025-07-25T08:00:00.000Z,25JUL25,130000,false,false,,false,,false,,false,,false,,false,,true,118071,true,0.001,false,0,,,,mark_price|mark_iv|delta|gamma|theta|vega,"mark_history_error:public/get_mark_price_history HTTP 400 Bad Request Invalid params:{""reason"":""instrument is not active"",""param"":""instrument_name""}|trade_candle_exists_but_mark_history_missing|Deribit public/get_mark_price_history returns mark price only and only for a subset of options used in volatility index calculations.|Deribit public/ticker exposes mark_iv and greeks for current/live instruments, but no official public historical point-in-time IV/Greek snapshot endpoint was found."
2025-07-20,08:00,BTC-25JUL25-130000-C,29,2025-07-18T08:00:00.000Z,2025-07-25T08:00:00.000Z,25JUL25,130000,false,false,,false,,false,,false,,false,,false,,true,118282,true,0.001,false,0,,,,mark_price|mark_iv|delta|gamma|theta|vega,"mark_history_error:public/get_mark_price_history HTTP 400 Bad Request Invalid params:{""reason"":""instrument is not active"",""param"":""instrument_name""}|trade_candle_exists_but_mark_history_missing|Deribit public/get_mark_price_history returns mark price only and only for a subset of options used in volatility index calculations.|Deribit public/ticker exposes mark_iv and greeks for current/live instruments, but no official public historical point-in-time IV/Greek snapshot endpoint was found."
2025-07-20,14:00,BTC-25JUL25-130000-C,29,2025-07-18T08:00:00.000Z,2025-07-25T08:00:00.000Z,25JUL25,130000,false,false,,false,,false,,false,,false,,false,,true,118557,true,0.0013,false,0,,,,mark_price|mark_iv|delta|gamma|theta|vega,"mark_history_error:public/get_mark_price_history HTTP 400 Bad Request Invalid params:{""reason"":""instrument is not active"",""param"":""instrument_name""}|trade_candle_exists_but_mark_history_missing|Deribit public/get_mark_price_history returns mark price only and only for a subset of options used in volatility index calculations.|Deribit public/ticker exposes mark_iv and greeks for current/live instruments, but no official public historical point-in-time IV/Greek snapshot endpoint was found."
2025-07-20,16:00,BTC-25JUL25-130000-C,29,2025-07-18T08:00:00.000Z,2025-07-25T08:00:00.000Z,25JUL25,130000,false,false,,false,,false,,false,,false,,false,,true,118671,true,0.0013,false,0,,,,mark_price|mark_iv|delta|gamma|theta|vega,"mark_history_error:public/get_mark_price_history HTTP 400 Bad Request Invalid params:{""reason"":""instrument is not active"",""param"":""instrument_name""}|trade_candle_exists_but_mark_history_missing|Deribit public/get_mark_price_history returns mark price only and only for a subset of options used in volatility index calculations.|Deribit public/ticker exposes mark_iv and greeks for current/live instruments, but no official public historical point-in-time IV/Greek snapshot endpoint was found."
2025-07-21,08:00,BTC-25JUL25-130000-C,29,2025-07-18T08:00:00.000Z,2025-07-25T08:00:00.000Z,25JUL25,130000,false,false,,false,,false,,false,,false,,false,,true,119074.5,true,0.0011,false,0,,,,mark_price|mark_iv|delta|gamma|theta|vega,"mark_history_error:public/get_mark_price_history HTTP 400 Bad Request Invalid params:{""reason"":""instrument is not active"",""param"":""instrument_name""}|trade_candle_exists_but_mark_history_missing|Deribit public/get_mark_price_history returns mark price only and only for a subset of options used in volatility index calculations.|Deribit public/ticker exposes mark_iv and greeks for current/live instruments, but no official public historical point-in-time IV/Greek snapshot endpoint was found."
2025-07-21,14:00,BTC-25JUL25-130000-C,29,2025-07-18T08:00:00.000Z,2025-07-25T08:00:00.000Z,25JUL25,130000,false,false,,false,,false,,false,,false,,false,,true,118915.5,true,0.0011,false,0,,,,mark_price|mark_iv|delta|gamma|theta|vega,"mark_history_error:public/get_mark_price_history HTTP 400 Bad Request Invalid params:{""reason"":""instrument is not active"",""param"":""instrument_name""}|trade_candle_exists_but_mark_history_missing|Deribit public/get_mark_price_history returns mark price only and only for a subset of options used in volatility index calculations.|Deribit public/ticker exposes mark_iv and greeks for current/live instruments, but no official public historical point-in-time IV/Greek snapshot endpoint was found."
2025-07-21,16:00,BTC-25JUL25-130000-C,29,2025-07-18T08:00:00.000Z,2025-07-25T08:00:00.000Z,25JUL25,130000,false,false,,false,,false,,false,,false,,false,,true,117827.5,true,0.0007,false,0,,,,mark_price|mark_iv|delta|gamma|theta|vega,"mark_history_error:public/get_mark_price_history HTTP 400 Bad Request Invalid params:{""reason"":""instrument is not active"",""param"":""instrument_name""}|trade_candle_exists_but_mark_history_missing|Deribit public/get_mark_price_history returns mark price only and only for a subset of options used in volatility index calculations.|Deribit public/ticker exposes mark_iv and greeks for current/live instruments, but no official public historical point-in-time IV/Greek snapshot endpoint was found."
2025-07-22,08:00,BTC-25JUL25-130000-C,29,2025-07-18T08:00:00.000Z,2025-07-25T08:00:00.000Z,25JUL25,130000,false,false,,false,,false,,false,,false,,false,,true,118324.5,true,0.0004,false,0,,,,mark_price|mark_iv|delta|gamma|theta|vega,"mark_history_error:public/get_mark_price_history HTTP 400 Bad Request Invalid params:{""reason"":""instrument is not active"",""param"":""instrument_name""}|trade_candle_exists_but_mark_history_missing|Deribit public/get_mark_price_history returns mark price only and only for a subset of options used in volatility index calculations.|Deribit public/ticker exposes mark_iv and greeks for current/live instruments, but no official public historical point-in-time IV/Greek snapshot endpoint was found."
2025-07-22,14:00,BTC-25JUL25-130000-C,29,2025-07-18T08:00:00.000Z,2025-07-25T08:00:00.000Z,25JUL25,130000,false,false,,false,,false,,false,,false,,false,,true,119187,true,0.0005,false,0,,,,mark_price|mark_iv|delta|gamma|theta|vega,"mark_history_error:public/get_mark_price_history HTTP 400 Bad Request Invalid params:{""reason"":""instrument is not active"",""param"":""instrument_name""}|trade_candle_exists_but_mark_history_missing|Deribit public/get_mark_price_history returns mark price only and only for a subset of options used in volatility index calculations.|Deribit public/ticker exposes mark_iv and greeks for current/live instruments, but no official public historical point-in-time IV/Greek snapshot endpoint was found."
2025-07-22,16:00,BTC-25JUL25-130000-C,29,2025-07-18T08:00:00.000Z,2025-07-25T08:00:00.000Z,25JUL25,130000,false,false,,false,,false,,false,,false,,false,,true,118785.5,true,0.0005,false,0,,,,mark_price|mark_iv|delta|gamma|theta|vega,"mark_history_error:public/get_mark_price_history HTTP 400 Bad Request Invalid params:{""reason"":""instrument is not active"",""param"":""instrument_name""}|trade_candle_exists_but_mark_history_missing|Deribit public/get_mark_price_history returns mark price only and only for a subset of options used in volatility index calculations.|Deribit public/ticker exposes mark_iv and greeks for current/live instruments, but no official public historical point-in-time IV/Greek snapshot endpoint was found."
2025-07-23,08:00,BTC-25JUL25-130000-C,29,2025-07-18T08:00:00.000Z,2025-07-25T08:00:00.000Z,25JUL25,130000,false,false,,false,,false,,false,,false,,false,,true,118510,true,0.0002,false,0,,,,mark_price|mark_iv|delta|gamma|theta|vega,"mark_history_error:public/get_mark_price_history HTTP 400 Bad Request Invalid params:{""reason"":""instrument is not active"",""param"":""instrument_name""}|trade_candle_exists_but_mark_history_missing|Deribit public/get_mark_price_history returns mark price only and only for a subset of options used in volatility index calculations.|Deribit public/ticker exposes mark_iv and greeks for current/live instruments, but no official public historical point-in-time IV/Greek snapshot endpoint was found."
2025-07-23,14:00,BTC-25JUL25-130000-C,29,2025-07-18T08:00:00.000Z,2025-07-25T08:00:00.000Z,25JUL25,130000,false,false,,false,,false,,false,,false,,false,,true,118257,true,0.0002,false,0,,,,mark_price|mark_iv|delta|gamma|theta|vega,"mark_history_error:public/get_mark_price_history HTTP 400 Bad Request Invalid params:{""reason"":""instrument is not active"",""param"":""instrument_name""}|trade_candle_exists_but_mark_history_missing|Deribit public/get_mark_price_history returns mark price only and only for a subset of options used in volatility index calculations.|Deribit public/ticker exposes mark_iv and greeks for current/live instruments, but no official public historical point-in-time IV/Greek snapshot endpoint was found."
2025-07-23,16:00,BTC-25JUL25-130000-C,29,2025-07-18T08:00:00.000Z,2025-07-25T08:00:00.000Z,25JUL25,130000,false,false,,false,,false,,false,,false,,false,,true,117790,true,0.0002,false,0,,,,mark_price|mark_iv|delta|gamma|theta|vega,"mark_history_error:public/get_mark_price_history HTTP 400 Bad Request Invalid params:{""reason"":""instrument is not active"",""param"":""instrument_name""}|trade_candle_exists_but_mark_history_missing|Deribit public/get_mark_price_history returns mark price only and only for a subset of options used in volatility index calculations.|Deribit public/ticker exposes mark_iv and greeks for current/live instruments, but no official public historical point-in-time IV/Greek snapshot endpoint was found."
2025-07-24,08:00,BTC-25JUL25-130000-C,29,2025-07-18T08:00:00.000Z,2025-07-25T08:00:00.000Z,25JUL25,130000,false,false,,false,,false,,false,,false,,false,,true,118853,true,0.0001,false,0,,,,mark_price|mark_iv|delta|gamma|theta|vega,"mark_history_error:public/get_mark_price_history HTTP 400 Bad Request Invalid params:{""reason"":""instrument is not active"",""param"":""instrument_name""}|trade_candle_exists_but_mark_history_missing|Deribit public/get_mark_price_history returns mark price only and only for a subset of options used in volatility index calculations.|Deribit public/ticker exposes mark_iv and greeks for current/live instruments, but no official public historical point-in-time IV/Greek snapshot endpoint was found."
2025-07-24,14:00,BTC-25JUL25-130000-C,29,2025-07-18T08:00:00.000Z,2025-07-25T08:00:00.000Z,25JUL25,130000,false,false,,false,,false,,false,,false,,false,,true,119170,true,0.0001,false,0,,,,mark_price|mark_iv|delta|gamma|theta|vega,"mark_history_error:public/get_mark_price_history HTTP 400 Bad Request Invalid params:{""reason"":""instrument is not active"",""param"":""instrument_name""}|trade_candle_exists_but_mark_history_missing|Deribit public/get_mark_price_history returns mark price only and only for a subset of options used in volatility index calculations.|Deribit public/ticker exposes mark_iv and greeks for current/live instruments, but no official public historical point-in-time IV/Greek snapshot endpoint was found."
2025-07-24,16:00,BTC-25JUL25-130000-C,29,2025-07-18T08:00:00.000Z,2025-07-25T08:00:00.000Z,25JUL25,130000,false,false,,false,,false,,false,,false,,false,,true,118611,true,0.0001,false,0,,,,mark_price|mark_iv|delta|gamma|theta|vega,"mark_history_error:public/get_mark_price_history HTTP 400 Bad Request Invalid params:{""reason"":""instrument is not active"",""param"":""instrument_name""}|trade_candle_exists_but_mark_history_missing|Deribit public/get_mark_price_history returns mark price only and only for a subset of options used in volatility index calculations.|Deribit public/ticker exposes mark_iv and greeks for current/live instruments, but no official public historical point-in-time IV/Greek snapshot endpoint was found."
2025-08-08,08:00,BTC-15AUG25-129000-C,32,2025-08-08T08:00:00.000Z,2025-08-15T08:00:00.000Z,15AUG25,129000,false,false,,false,,false,,false,,false,,false,,true,116712,true,0.0004,false,0,,,,mark_price|mark_iv|delta|gamma|theta|vega,"mark_history_error:public/get_mark_price_history HTTP 400 Bad Request Invalid params:{""reason"":""instrument is not active"",""param"":""instrument_name""}|trade_candle_exists_but_mark_history_missing|Deribit public/get_mark_price_history returns mark price only and only for a subset of options used in volatility index calculations.|Deribit public/ticker exposes mark_iv and greeks for current/live instruments, but no official public historical point-in-time IV/Greek snapshot endpoint was found."
2025-08-08,14:00,BTC-15AUG25-129000-C,32,2025-08-08T08:00:00.000Z,2025-08-15T08:00:00.000Z,15AUG25,129000,false,false,,false,,false,,false,,false,,false,,true,116547,true,0.0004,false,0,,,,mark_price|mark_iv|delta|gamma|theta|vega,"mark_history_error:public/get_mark_price_history HTTP 400 Bad Request Invalid params:{""reason"":""instrument is not active"",""param"":""instrument_name""}|trade_candle_exists_but_mark_history_missing|Deribit public/get_mark_price_history returns mark price only and only for a subset of options used in volatility index calculations.|Deribit public/ticker exposes mark_iv and greeks for current/live instruments, but no official public historical point-in-time IV/Greek snapshot endpoint was found."
2025-08-08,16:00,BTC-15AUG25-129000-C,32,2025-08-08T08:00:00.000Z,2025-08-15T08:00:00.000Z,15AUG25,129000,false,false,,false,,false,,false,,false,,false,,true,116224.5,true,0.0004,false,0,,,,mark_price|mark_iv|delta|gamma|theta|vega,"mark_history_error:public/get_mark_price_history HTTP 400 Bad Request Invalid params:{""reason"":""instrument is not active"",""param"":""instrument_name""}|trade_candle_exists_but_mark_history_missing|Deribit public/get_mark_price_history returns mark price only and only for a subset of options used in volatility index calculations.|Deribit public/ticker exposes mark_iv and greeks for current/live instruments, but no official public historical point-in-time IV/Greek snapshot endpoint was found."
2025-08-09,08:00,BTC-15AUG25-129000-C,32,2025-08-08T08:00:00.000Z,2025-08-15T08:00:00.000Z,15AUG25,129000,false,false,,false,,false,,false,,false,,false,,true,117144,true,0.0005,false,0,,,,mark_price|mark_iv|delta|gamma|theta|vega,"mark_history_error:public/get_mark_price_history HTTP 400 Bad Request Invalid params:{""reason"":""instrument is not active"",""param"":""instrument_name""}|trade_candle_exists_but_mark_history_missing|Deribit public/get_mark_price_history returns mark price only and only for a subset of options used in volatility index calculations.|Deribit public/ticker exposes mark_iv and greeks for current/live instruments, but no official public historical point-in-time IV/Greek snapshot endpoint was found."
2025-08-09,14:00,BTC-15AUG25-129000-C,32,2025-08-08T08:00:00.000Z,2025-08-15T08:00:00.000Z,15AUG25,129000,false,false,,false,,false,,false,,false,,false,,true,117047,true,0.0005,false,0,,,,mark_price|mark_iv|delta|gamma|theta|vega,"mark_history_error:public/get_mark_price_history HTTP 400 Bad Request Invalid params:{""reason"":""instrument is not active"",""param"":""instrument_name""}|trade_candle_exists_but_mark_history_missing|Deribit public/get_mark_price_history returns mark price only and only for a subset of options used in volatility index calculations.|Deribit public/ticker exposes mark_iv and greeks for current/live instruments, but no official public historical point-in-time IV/Greek snapshot endpoint was found."
2025-08-09,16:00,BTC-15AUG25-129000-C,32,2025-08-08T08:00:00.000Z,2025-08-15T08:00:00.000Z,15AUG25,129000,false,false,,false,,false,,false,,false,,false,,true,116735.5,true,0.0005,false,0,,,,mark_price|mark_iv|delta|gamma|theta|vega,"mark_history_error:public/get_mark_price_history HTTP 400 Bad Request Invalid params:{""reason"":""instrument is not active"",""param"":""instrument_name""}|trade_candle_exists_but_mark_history_missing|Deribit public/get_mark_price_history returns mark price only and only for a subset of options used in volatility index calculations.|Deribit public/ticker exposes mark_iv and greeks for current/live instruments, but no official public historical point-in-time IV/Greek snapshot endpoint was found."
2025-08-10,08:00,BTC-15AUG25-129000-C,32,2025-08-08T08:00:00.000Z,2025-08-15T08:00:00.000Z,15AUG25,129000,false,false,,false,,false,,false,,false,,false,,true,118365.5,true,0.0007,false,0,,,,mark_price|mark_iv|delta|gamma|theta|vega,"mark_history_error:public/get_mark_price_history HTTP 400 Bad Request Invalid params:{""reason"":""instrument is not active"",""param"":""instrument_name""}|trade_candle_exists_but_mark_history_missing|Deribit public/get_mark_price_history returns mark price only and only for a subset of options used in volatility index calculations.|Deribit public/ticker exposes mark_iv and greeks for current/live instruments, but no official public historical point-in-time IV/Greek snapshot endpoint was found."
2025-08-10,14:00,BTC-15AUG25-129000-C,32,2025-08-08T08:00:00.000Z,2025-08-15T08:00:00.000Z,15AUG25,129000,false,false,,false,,false,,false,,false,,false,,true,118849,true,0.0007,false,0,,,,mark_price|mark_iv|delta|gamma|theta|vega,"mark_history_error:public/get_mark_price_history HTTP 400 Bad Request Invalid params:{""reason"":""instrument is not active"",""param"":""instrument_name""}|trade_candle_exists_but_mark_history_missing|Deribit public/get_mark_price_history returns mark price only and only for a subset of options used in volatility index calculations.|Deribit public/ticker exposes mark_iv and greeks for current/live instruments, but no official public historical point-in-time IV/Greek snapshot endpoint was found."
2025-08-10,16:00,BTC-15AUG25-129000-C,32,2025-08-08T08:00:00.000Z,2025-08-15T08:00:00.000Z,15AUG25,129000,false,false,,false,,false,,false,,false,,false,,true,118716.5,true,0.0007,false,0,,,,mark_price|mark_iv|delta|gamma|theta|vega,"mark_history_error:public/get_mark_price_history HTTP 400 Bad Request Invalid params:{""reason"":""instrument is not active"",""param"":""instrument_name""}|trade_candle_exists_but_mark_history_missing|Deribit public/get_mark_price_history returns mark price only and only for a subset of options used in volatility index calculations.|Deribit public/ticker exposes mark_iv and greeks for current/live instruments, but no official public historical point-in-time IV/Greek snapshot endpoint was found."
2025-08-11,08:00,BTC-15AUG25-129000-C,32,2025-08-08T08:00:00.000Z,2025-08-15T08:00:00.000Z,15AUG25,129000,false,false,,false,,false,,false,,false,,false,,true,121739,true,0.0022,false,0,,,,mark_price|mark_iv|delta|gamma|theta|vega,"mark_history_error:public/get_mark_price_history HTTP 400 Bad Request Invalid params:{""reason"":""instrument is not active"",""param"":""instrument_name""}|trade_candle_exists_but_mark_history_missing|Deribit public/get_mark_price_history returns mark price only and only for a subset of options used in volatility index calculations.|Deribit public/ticker exposes mark_iv and greeks for current/live instruments, but no official public historical point-in-time IV/Greek snapshot endpoint was found."
2025-08-11,14:00,BTC-15AUG25-129000-C,32,2025-08-08T08:00:00.000Z,2025-08-15T08:00:00.000Z,15AUG25,129000,false,false,,false,,false,,false,,false,,false,,true,120268,true,0.0022,false,0,,,,mark_price|mark_iv|delta|gamma|theta|vega,"mark_history_error:public/get_mark_price_history HTTP 400 Bad Request Invalid params:{""reason"":""instrument is not active"",""param"":""instrument_name""}|trade_candle_exists_but_mark_history_missing|Deribit public/get_mark_price_history returns mark price only and only for a subset of options used in volatility index calculations.|Deribit public/ticker exposes mark_iv and greeks for current/live instruments, but no official public historical point-in-time IV/Greek snapshot endpoint was found."
2025-08-11,16:00,BTC-15AUG25-129000-C,32,2025-08-08T08:00:00.000Z,2025-08-15T08:00:00.000Z,15AUG25,129000,false,false,,false,,false,,false,,false,,false,,true,120022.5,true,0.001,false,0,,,,mark_price|mark_iv|delta|gamma|theta|vega,"mark_history_error:public/get_mark_price_history HTTP 400 Bad Request Invalid params:{""reason"":""instrument is not active"",""param"":""instrument_name""}|trade_candle_exists_but_mark_history_missing|Deribit public/get_mark_price_history returns mark price only and only for a subset of options used in volatility index calculations.|Deribit public/ticker exposes mark_iv and greeks for current/live instruments, but no official public historical point-in-time IV/Greek snapshot endpoint was found."
2025-08-12,08:00,BTC-15AUG25-129000-C,32,2025-08-08T08:00:00.000Z,2025-08-15T08:00:00.000Z,15AUG25,129000,false,false,,false,,false,,false,,false,,false,,true,118862.5,true,0.0003,false,0,,,,mark_price|mark_iv|delta|gamma|theta|vega,"mark_history_error:public/get_mark_price_history HTTP 400 Bad Request Invalid params:{""reason"":""instrument is not active"",""param"":""instrument_name""}|trade_candle_exists_but_mark_history_missing|Deribit public/get_mark_price_history returns mark price only and only for a subset of options used in volatility index calculations.|Deribit public/ticker exposes mark_iv and greeks for current/live instruments, but no official public historical point-in-time IV/Greek snapshot endpoint was found."
2025-08-12,14:00,BTC-15AUG25-129000-C,32,2025-08-08T08:00:00.000Z,2025-08-15T08:00:00.000Z,15AUG25,129000,false,false,,false,,false,,false,,false,,false,,true,119476,true,0.0003,false,0,,,,mark_price|mark_iv|delta|gamma|theta|vega,"mark_history_error:public/get_mark_price_history HTTP 400 Bad Request Invalid params:{""reason"":""instrument is not active"",""param"":""instrument_name""}|trade_candle_exists_but_mark_history_missing|Deribit public/get_mark_price_history returns mark price only and only for a subset of options used in volatility index calculations.|Deribit public/ticker exposes mark_iv and greeks for current/live instruments, but no official public historical point-in-time IV/Greek snapshot endpoint was found."
2025-08-12,16:00,BTC-15AUG25-129000-C,32,2025-08-08T08:00:00.000Z,2025-08-15T08:00:00.000Z,15AUG25,129000,false,false,,false,,false,,false,,false,,false,,true,119709.5,true,0.0003,false,0,,,,mark_price|mark_iv|delta|gamma|theta|vega,"mark_history_error:public/get_mark_price_history HTTP 400 Bad Request Invalid params:{""reason"":""instrument is not active"",""param"":""instrument_name""}|trade_candle_exists_but_mark_history_missing|Deribit public/get_mark_price_history returns mark price only and only for a subset of options used in volatility index calculations.|Deribit public/ticker exposes mark_iv and greeks for current/live instruments, but no official public historical point-in-time IV/Greek snapshot endpoint was found."
2025-08-13,08:00,BTC-15AUG25-129000-C,32,2025-08-08T08:00:00.000Z,2025-08-15T08:00:00.000Z,15AUG25,129000,false,false,,false,,false,,false,,false,,false,,true,120099.5,true,0.0002,false,0,,,,mark_price|mark_iv|delta|gamma|theta|vega,"mark_history_error:public/get_mark_price_history HTTP 400 Bad Request Invalid params:{""reason"":""instrument is not active"",""param"":""instrument_name""}|trade_candle_exists_but_mark_history_missing|Deribit public/get_mark_price_history returns mark price only and only for a subset of options used in volatility index calculations.|Deribit public/ticker exposes mark_iv and greeks for current/live instruments, but no official public historical point-in-time IV/Greek snapshot endpoint was found."
2025-08-13,14:00,BTC-15AUG25-129000-C,32,2025-08-08T08:00:00.000Z,2025-08-15T08:00:00.000Z,15AUG25,129000,false,false,,false,,false,,false,,false,,false,,true,120959.5,true,0.0008,false,0,,,,mark_price|mark_iv|delta|gamma|theta|vega,"mark_history_error:public/get_mark_price_history HTTP 400 Bad Request Invalid params:{""reason"":""instrument is not active"",""param"":""instrument_name""}|trade_candle_exists_but_mark_history_missing|Deribit public/get_mark_price_history returns mark price only and only for a subset of options used in volatility index calculations.|Deribit public/ticker exposes mark_iv and greeks for current/live instruments, but no official public historical point-in-time IV/Greek snapshot endpoint was found."
2025-08-13,16:00,BTC-15AUG25-129000-C,32,2025-08-08T08:00:00.000Z,2025-08-15T08:00:00.000Z,15AUG25,129000,false,false,,false,,false,,false,,false,,false,,true,121300.5,true,0.0005,false,0,,,,mark_price|mark_iv|delta|gamma|theta|vega,"mark_history_error:public/get_mark_price_history HTTP 400 Bad Request Invalid params:{""reason"":""instrument is not active"",""param"":""instrument_name""}|trade_candle_exists_but_mark_history_missing|Deribit public/get_mark_price_history returns mark price only and only for a subset of options used in volatility index calculations.|Deribit public/ticker exposes mark_iv and greeks for current/live instruments, but no official public historical point-in-time IV/Greek snapshot endpoint was found."
2025-08-14,08:00,BTC-15AUG25-129000-C,32,2025-08-08T08:00:00.000Z,2025-08-15T08:00:00.000Z,15AUG25,129000,false,false,,false,,false,,false,,false,,false,,true,121690,true,0.0002,false,0,,,,mark_price|mark_iv|delta|gamma|theta|vega,"mark_history_error:public/get_mark_price_history HTTP 400 Bad Request Invalid params:{""reason"":""instrument is not active"",""param"":""instrument_name""}|trade_candle_exists_but_mark_history_missing|Deribit public/get_mark_price_history returns mark price only and only for a subset of options used in volatility index calculations.|Deribit public/ticker exposes mark_iv and greeks for current/live instruments, but no official public historical point-in-time IV/Greek snapshot endpoint was found."
2025-08-14,14:00,BTC-15AUG25-129000-C,32,2025-08-08T08:00:00.000Z,2025-08-15T08:00:00.000Z,15AUG25,129000,false,false,,false,,false,,false,,false,,false,,true,118910,true,0.0001,false,0,,,,mark_price|mark_iv|delta|gamma|theta|vega,"mark_history_error:public/get_mark_price_history HTTP 400 Bad Request Invalid params:{""reason"":""instrument is not active"",""param"":""instrument_name""}|trade_candle_exists_but_mark_history_missing|Deribit public/get_mark_price_history returns mark price only and only for a subset of options used in volatility index calculations.|Deribit public/ticker exposes mark_iv and greeks for current/live instruments, but no official public historical point-in-time IV/Greek snapshot endpoint was found."
2025-08-14,16:00,BTC-15AUG25-129000-C,32,2025-08-08T08:00:00.000Z,2025-08-15T08:00:00.000Z,15AUG25,129000,false,false,,false,,false,,false,,false,,false,,true,117948,true,0.0001,false,0,,,,mark_price|mark_iv|delta|gamma|theta|vega,"mark_history_error:public/get_mark_price_history HTTP 400 Bad Request Invalid params:{""reason"":""instrument is not active"",""param"":""instrument_name""}|trade_candle_exists_but_mark_history_missing|Deribit public/get_mark_price_history returns mark price only and only for a subset of options used in volatility index calculations.|Deribit public/ticker exposes mark_iv and greeks for current/live instruments, but no official public historical point-in-time IV/Greek snapshot endpoint was found."
2025-08-15,08:00,BTC-22AUG25-130000-C,33,2025-08-15T08:00:00.000Z,2025-08-22T08:00:00.000Z,22AUG25,130000,false,false,,false,,false,,false,,false,,false,,true,119023,true,0.001,false,0,,,,mark_price|mark_iv|delta|gamma|theta|vega,"mark_history_error:public/get_mark_price_history HTTP 400 Bad Request Invalid params:{""reason"":""instrument is not active"",""param"":""instrument_name""}|trade_candle_exists_but_mark_history_missing|Deribit public/get_mark_price_history returns mark price only and only for a subset of options used in volatility index calculations.|Deribit public/ticker exposes mark_iv and greeks for current/live instruments, but no official public historical point-in-time IV/Greek snapshot endpoint was found."
2025-08-15,14:00,BTC-22AUG25-130000-C,33,2025-08-15T08:00:00.000Z,2025-08-22T08:00:00.000Z,22AUG25,130000,false,false,,false,,false,,false,,false,,false,,true,117460.5,true,0.0007,false,0,,,,mark_price|mark_iv|delta|gamma|theta|vega,"mark_history_error:public/get_mark_price_history HTTP 400 Bad Request Invalid params:{""reason"":""instrument is not active"",""param"":""instrument_name""}|trade_candle_exists_but_mark_history_missing|Deribit public/get_mark_price_history returns mark price only and only for a subset of options used in volatility index calculations.|Deribit public/ticker exposes mark_iv and greeks for current/live instruments, but no official public historical point-in-time IV/Greek snapshot endpoint was found."
2025-08-15,16:00,BTC-22AUG25-130000-C,33,2025-08-15T08:00:00.000Z,2025-08-22T08:00:00.000Z,22AUG25,130000,false,false,,false,,false,,false,,false,,false,,true,117497.5,true,0.0005,false,0,,,,mark_price|mark_iv|delta|gamma|theta|vega,"mark_history_error:public/get_mark_price_history HTTP 400 Bad Request Invalid params:{""reason"":""instrument is not active"",""param"":""instrument_name""}|trade_candle_exists_but_mark_history_missing|Deribit public/get_mark_price_history returns mark price only and only for a subset of options used in volatility index calculations.|Deribit public/ticker exposes mark_iv and greeks for current/live instruments, but no official public historical point-in-time IV/Greek snapshot endpoint was found."
2025-08-16,08:00,BTC-22AUG25-130000-C,33,2025-08-15T08:00:00.000Z,2025-08-22T08:00:00.000Z,22AUG25,130000,false,false,,false,,false,,false,,false,,false,,true,117705,true,0.0004,false,0,,,,mark_price|mark_iv|delta|gamma|theta|vega,"mark_history_error:public/get_mark_price_history HTTP 400 Bad Request Invalid params:{""reason"":""instrument is not active"",""param"":""instrument_name""}|trade_candle_exists_but_mark_history_missing|Deribit public/get_mark_price_history returns mark price only and only for a subset of options used in volatility index calculations.|Deribit public/ticker exposes mark_iv and greeks for current/live instruments, but no official public historical point-in-time IV/Greek snapshot endpoint was found."
2025-08-16,14:00,BTC-22AUG25-130000-C,33,2025-08-15T08:00:00.000Z,2025-08-22T08:00:00.000Z,22AUG25,130000,false,false,,false,,false,,false,,false,,false,,true,117828.5,true,0.0003,false,0,,,,mark_price|mark_iv|delta|gamma|theta|vega,"mark_history_error:public/get_mark_price_history HTTP 400 Bad Request Invalid params:{""reason"":""instrument is not active"",""param"":""instrument_name""}|trade_candle_exists_but_mark_history_missing|Deribit public/get_mark_price_history returns mark price only and only for a subset of options used in volatility index calculations.|Deribit public/ticker exposes mark_iv and greeks for current/live instruments, but no official public historical point-in-time IV/Greek snapshot endpoint was found."
2025-08-16,16:00,BTC-22AUG25-130000-C,33,2025-08-15T08:00:00.000Z,2025-08-22T08:00:00.000Z,22AUG25,130000,false,false,,false,,false,,false,,false,,false,,true,117835,true,0.0003,false,0,,,,mark_price|mark_iv|delta|gamma|theta|vega,"mark_history_error:public/get_mark_price_history HTTP 400 Bad Request Invalid params:{""reason"":""instrument is not active"",""param"":""instrument_name""}|trade_candle_exists_but_mark_history_missing|Deribit public/get_mark_price_history returns mark price only and only for a subset of options used in volatility index calculations.|Deribit public/ticker exposes mark_iv and greeks for current/live instruments, but no official public historical point-in-time IV/Greek snapshot endpoint was found."
2025-08-17,08:00,BTC-22AUG25-130000-C,33,2025-08-15T08:00:00.000Z,2025-08-22T08:00:00.000Z,22AUG25,130000,false,false,,false,,false,,false,,false,,false,,true,118451,true,0.0006,false,0,,,,mark_price|mark_iv|delta|gamma|theta|vega,"mark_history_error:public/get_mark_price_history HTTP 400 Bad Request Invalid params:{""reason"":""instrument is not active"",""param"":""instrument_name""}|trade_candle_exists_but_mark_history_missing|Deribit public/get_mark_price_history returns mark price only and only for a subset of options used in volatility index calculations.|Deribit public/ticker exposes mark_iv and greeks for current/live instruments, but no official public historical point-in-time IV/Greek snapshot endpoint was found."
2025-08-17,14:00,BTC-22AUG25-130000-C,33,2025-08-15T08:00:00.000Z,2025-08-22T08:00:00.000Z,22AUG25,130000,false,false,,false,,false,,false,,false,,false,,true,118225.5,true,0.0003,false,0,,,,mark_price|mark_iv|delta|gamma|theta|vega,"mark_history_error:public/get_mark_price_history HTTP 400 Bad Request Invalid params:{""reason"":""instrument is not active"",""param"":""instrument_name""}|trade_candle_exists_but_mark_history_missing|Deribit public/get_mark_price_history returns mark price only and only for a subset of options used in volatility index calculations.|Deribit public/ticker exposes mark_iv and greeks for current/live instruments, but no official public historical point-in-time IV/Greek snapshot endpoint was found."
2025-08-17,16:00,BTC-22AUG25-130000-C,33,2025-08-15T08:00:00.000Z,2025-08-22T08:00:00.000Z,22AUG25,130000,false,false,,false,,false,,false,,false,,false,,true,117900.5,true,0.0005,false,0,,,,mark_price|mark_iv|delta|gamma|theta|vega,"mark_history_error:public/get_mark_price_history HTTP 400 Bad Request Invalid params:{""reason"":""instrument is not active"",""param"":""instrument_name""}|trade_candle_exists_but_mark_history_missing|Deribit public/get_mark_price_history returns mark price only and only for a subset of options used in volatility index calculations.|Deribit public/ticker exposes mark_iv and greeks for current/live instruments, but no official public historical point-in-time IV/Greek snapshot endpoint was found."
2025-08-18,08:00,BTC-22AUG25-130000-C,33,2025-08-15T08:00:00.000Z,2025-08-22T08:00:00.000Z,22AUG25,130000,false,false,,false,,false,,false,,false,,false,,true,115222.5,true,0.0003,false,0,,,,mark_price|mark_iv|delta|gamma|theta|vega,"mark_history_error:public/get_mark_price_history HTTP 400 Bad Request Invalid params:{""reason"":""instrument is not active"",""param"":""instrument_name""}|trade_candle_exists_but_mark_history_missing|Deribit public/get_mark_price_history returns mark price only and only for a subset of options used in volatility index calculations.|Deribit public/ticker exposes mark_iv and greeks for current/live instruments, but no official public historical point-in-time IV/Greek snapshot endpoint was found."
2025-08-18,14:00,BTC-22AUG25-130000-C,33,2025-08-15T08:00:00.000Z,2025-08-22T08:00:00.000Z,22AUG25,130000,false,false,,false,,false,,false,,false,,false,,true,115674.5,true,0.0002,false,0,,,,mark_price|mark_iv|delta|gamma|theta|vega,"mark_history_error:public/get_mark_price_history HTTP 400 Bad Request Invalid params:{""reason"":""instrument is not active"",""param"":""instrument_name""}|trade_candle_exists_but_mark_history_missing|Deribit public/get_mark_price_history returns mark price only and only for a subset of options used in volatility index calculations.|Deribit public/ticker exposes mark_iv and greeks for current/live instruments, but no official public historical point-in-time IV/Greek snapshot endpoint was found."
2025-08-18,16:00,BTC-22AUG25-130000-C,33,2025-08-15T08:00:00.000Z,2025-08-22T08:00:00.000Z,22AUG25,130000,false,false,,false,,false,,false,,false,,false,,true,116045,true,0.0002,false,0,,,,mark_price|mark_iv|delta|gamma|theta|vega,"mark_history_error:public/get_mark_price_history HTTP 400 Bad Request Invalid params:{""reason"":""instrument is not active"",""param"":""instrument_name""}|trade_candle_exists_but_mark_history_missing|Deribit public/get_mark_price_history returns mark price only and only for a subset of options used in volatility index calculations.|Deribit public/ticker exposes mark_iv and greeks for current/live instruments, but no official public historical point-in-time IV/Greek snapshot endpoint was found."
2025-08-19,08:00,BTC-22AUG25-130000-C,33,2025-08-15T08:00:00.000Z,2025-08-22T08:00:00.000Z,22AUG25,130000,false,false,,false,,false,,false,,false,,false,,true,115241,true,0.0001,false,0,,,,mark_price|mark_iv|delta|gamma|theta|vega,"mark_history_error:public/get_mark_price_history HTTP 400 Bad Request Invalid params:{""reason"":""instrument is not active"",""param"":""instrument_name""}|trade_candle_exists_but_mark_history_missing|Deribit public/get_mark_price_history returns mark price only and only for a subset of options used in volatility index calculations.|Deribit public/ticker exposes mark_iv and greeks for current/live instruments, but no official public historical point-in-time IV/Greek snapshot endpoint was found."
2025-08-19,14:00,BTC-22AUG25-130000-C,33,2025-08-15T08:00:00.000Z,2025-08-22T08:00:00.000Z,22AUG25,130000,false,false,,false,,false,,false,,false,,false,,true,113929.5,true,0.0001,false,0,,,,mark_price|mark_iv|delta|gamma|theta|vega,"mark_history_error:public/get_mark_price_history HTTP 400 Bad Request Invalid params:{""reason"":""instrument is not active"",""param"":""instrument_name""}|trade_candle_exists_but_mark_history_missing|Deribit public/get_mark_price_history returns mark price only and only for a subset of options used in volatility index calculations.|Deribit public/ticker exposes mark_iv and greeks for current/live instruments, but no official public historical point-in-time IV/Greek snapshot endpoint was found."
2025-08-19,16:00,BTC-22AUG25-130000-C,33,2025-08-15T08:00:00.000Z,2025-08-22T08:00:00.000Z,22AUG25,130000,false,false,,false,,false,,false,,false,,false,,true,113376.5,true,0.0001,false,0,,,,mark_price|mark_iv|delta|gamma|theta|vega,"mark_history_error:public/get_mark_price_history HTTP 400 Bad Request Invalid params:{""reason"":""instrument is not active"",""param"":""instrument_name""}|trade_candle_exists_but_mark_history_missing|Deribit public/get_mark_price_history returns mark price only and only for a subset of options used in volatility index calculations.|Deribit public/ticker exposes mark_iv and greeks for current/live instruments, but no official public historical point-in-time IV/Greek snapshot endpoint was found."
2025-08-20,08:00,BTC-22AUG25-130000-C,33,2025-08-15T08:00:00.000Z,2025-08-22T08:00:00.000Z,22AUG25,130000,false,false,,false,,false,,false,,false,,false,,true,113986,true,0.0001,false,0,,,,mark_price|mark_iv|delta|gamma|theta|vega,"mark_history_error:public/get_mark_price_history HTTP 400 Bad Request Invalid params:{""reason"":""instrument is not active"",""param"":""instrument_name""}|trade_candle_exists_but_mark_history_missing|Deribit public/get_mark_price_history returns mark price only and only for a subset of options used in volatility index calculations.|Deribit public/ticker exposes mark_iv and greeks for current/live instruments, but no official public historical point-in-time IV/Greek snapshot endpoint was found."
2025-08-20,14:00,BTC-22AUG25-130000-C,33,2025-08-15T08:00:00.000Z,2025-08-22T08:00:00.000Z,22AUG25,130000,false,false,,false,,false,,false,,false,,false,,true,113492.5,true,0.0001,false,0,,,,mark_price|mark_iv|delta|gamma|theta|vega,"mark_history_error:public/get_mark_price_history HTTP 400 Bad Request Invalid params:{""reason"":""instrument is not active"",""param"":""instrument_name""}|trade_candle_exists_but_mark_history_missing|Deribit public/get_mark_price_history returns mark price only and only for a subset of options used in volatility index calculations.|Deribit public/ticker exposes mark_iv and greeks for current/live instruments, but no official public historical point-in-time IV/Greek snapshot endpoint was found."
2025-08-20,16:00,BTC-22AUG25-130000-C,33,2025-08-15T08:00:00.000Z,2025-08-22T08:00:00.000Z,22AUG25,130000,false,false,,false,,false,,false,,false,,false,,true,113888,true,0.0001,false,0,,,,mark_price|mark_iv|delta|gamma|theta|vega,"mark_history_error:public/get_mark_price_history HTTP 400 Bad Request Invalid params:{""reason"":""instrument is not active"",""param"":""instrument_name""}|trade_candle_exists_but_mark_history_missing|Deribit public/get_mark_price_history returns mark price only and only for a subset of options used in volatility index calculations.|Deribit public/ticker exposes mark_iv and greeks for current/live instruments, but no official public historical point-in-time IV/Greek snapshot endpoint was found."
2025-08-21,08:00,BTC-22AUG25-130000-C,33,2025-08-15T08:00:00.000Z,2025-08-22T08:00:00.000Z,22AUG25,130000,false,false,,false,,false,,false,,false,,false,,true,113646.5,true,0.0001,false,0,,,,mark_price|mark_iv|delta|gamma|theta|vega,"mark_history_error:public/get_mark_price_history HTTP 400 Bad Request Invalid params:{""reason"":""instrument is not active"",""param"":""instrument_name""}|trade_candle_exists_but_mark_history_missing|Deribit public/get_mark_price_history returns mark price only and only for a subset of options used in volatility index calculations.|Deribit public/ticker exposes mark_iv and greeks for current/live instruments, but no official public historical point-in-time IV/Greek snapshot endpoint was found."
2025-08-21,14:00,BTC-22AUG25-130000-C,33,2025-08-15T08:00:00.000Z,2025-08-22T08:00:00.000Z,22AUG25,130000,false,false,,false,,false,,false,,false,,false,,true,113272,true,0.0001,false,0,,,,mark_price|mark_iv|delta|gamma|theta|vega,"mark_history_error:public/get_mark_price_history HTTP 400 Bad Request Invalid params:{""reason"":""instrument is not active"",""param"":""instrument_name""}|trade_candle_exists_but_mark_history_missing|Deribit public/get_mark_price_history returns mark price only and only for a subset of options used in volatility index calculations.|Deribit public/ticker exposes mark_iv and greeks for current/live instruments, but no official public historical point-in-time IV/Greek snapshot endpoint was found."
2025-08-21,16:00,BTC-22AUG25-130000-C,33,2025-08-15T08:00:00.000Z,2025-08-22T08:00:00.000Z,22AUG25,130000,false,false,,false,,false,,false,,false,,false,,true,112354,true,0.0001,false,0,,,,mark_price|mark_iv|delta|gamma|theta|vega,"mark_history_error:public/get_mark_price_history HTTP 400 Bad Request Invalid params:{""reason"":""instrument is not active"",""param"":""instrument_name""}|trade_candle_exists_but_mark_history_missing|Deribit public/get_mark_price_history returns mark price only and only for a subset of options used in volatility index calculations.|Deribit public/ticker exposes mark_iv and greeks for current/live instruments, but no official public historical point-in-time IV/Greek snapshot endpoint was found."
2025-08-22,08:00,BTC-29AUG25-124000-C,34,2025-08-22T08:00:00.000Z,2025-08-29T08:00:00.000Z,29AUG25,124000,false,false,,false,,false,,false,,false,,false,,true,112975,true,0.0011,false,0,,,,mark_price|mark_iv|delta|gamma|theta|vega,"mark_history_error:public/get_mark_price_history HTTP 400 Bad Request Invalid params:{""reason"":""instrument is not active"",""param"":""instrument_name""}|trade_candle_exists_but_mark_history_missing|Deribit public/get_mark_price_history returns mark price only and only for a subset of options used in volatility index calculations.|Deribit public/ticker exposes mark_iv and greeks for current/live instruments, but no official public historical point-in-time IV/Greek snapshot endpoint was found."
2025-08-22,14:00,BTC-29AUG25-124000-C,34,2025-08-22T08:00:00.000Z,2025-08-29T08:00:00.000Z,29AUG25,124000,false,false,,false,,false,,false,,false,,false,,true,115887.5,true,0.0022,false,0,,,,mark_price|mark_iv|delta|gamma|theta|vega,"mark_history_error:public/get_mark_price_history HTTP 400 Bad Request Invalid params:{""reason"":""instrument is not active"",""param"":""instrument_name""}|trade_candle_exists_but_mark_history_missing|Deribit public/get_mark_price_history returns mark price only and only for a subset of options used in volatility index calculations.|Deribit public/ticker exposes mark_iv and greeks for current/live instruments, but no official public historical point-in-time IV/Greek snapshot endpoint was found."
2025-08-22,16:00,BTC-29AUG25-124000-C,34,2025-08-22T08:00:00.000Z,2025-08-29T08:00:00.000Z,29AUG25,124000,false,false,,false,,false,,false,,false,,false,,true,116212,true,0.0018,false,0,,,,mark_price|mark_iv|delta|gamma|theta|vega,"mark_history_error:public/get_mark_price_history HTTP 400 Bad Request Invalid params:{""reason"":""instrument is not active"",""param"":""instrument_name""}|trade_candle_exists_but_mark_history_missing|Deribit public/get_mark_price_history returns mark price only and only for a subset of options used in volatility index calculations.|Deribit public/ticker exposes mark_iv and greeks for current/live instruments, but no official public historical point-in-time IV/Greek snapshot endpoint was found."
2025-08-23,08:00,BTC-29AUG25-124000-C,34,2025-08-22T08:00:00.000Z,2025-08-29T08:00:00.000Z,29AUG25,124000,false,false,,false,,false,,false,,false,,false,,true,115791.5,true,0.0014,false,0,,,,mark_price|mark_iv|delta|gamma|theta|vega,"mark_history_error:public/get_mark_price_history HTTP 400 Bad Request Invalid params:{""reason"":""instrument is not active"",""param"":""instrument_name""}|trade_candle_exists_but_mark_history_missing|Deribit public/get_mark_price_history returns mark price only and only for a subset of options used in volatility index calculations.|Deribit public/ticker exposes mark_iv and greeks for current/live instruments, but no official public historical point-in-time IV/Greek snapshot endpoint was found."
2025-08-23,14:00,BTC-29AUG25-124000-C,34,2025-08-22T08:00:00.000Z,2025-08-29T08:00:00.000Z,29AUG25,124000,false,false,,false,,false,,false,,false,,false,,true,114657,true,0.0012,false,0,,,,mark_price|mark_iv|delta|gamma|theta|vega,"mark_history_error:public/get_mark_price_history HTTP 400 Bad Request Invalid params:{""reason"":""instrument is not active"",""param"":""instrument_name""}|trade_candle_exists_but_mark_history_missing|Deribit public/get_mark_price_history returns mark price only and only for a subset of options used in volatility index calculations.|Deribit public/ticker exposes mark_iv and greeks for current/live instruments, but no official public historical point-in-time IV/Greek snapshot endpoint was found."
2025-08-23,16:00,BTC-29AUG25-124000-C,34,2025-08-22T08:00:00.000Z,2025-08-29T08:00:00.000Z,29AUG25,124000,false,false,,false,,false,,false,,false,,false,,true,115012,true,0.0012,false,0,,,,mark_price|mark_iv|delta|gamma|theta|vega,"mark_history_error:public/get_mark_price_history HTTP 400 Bad Request Invalid params:{""reason"":""instrument is not active"",""param"":""instrument_name""}|trade_candle_exists_but_mark_history_missing|Deribit public/get_mark_price_history returns mark price only and only for a subset of options used in volatility index calculations.|Deribit public/ticker exposes mark_iv and greeks for current/live instruments, but no official public historical point-in-time IV/Greek snapshot endpoint was found."
2025-08-24,08:00,BTC-29AUG25-124000-C,34,2025-08-22T08:00:00.000Z,2025-08-29T08:00:00.000Z,29AUG25,124000,false,false,,false,,false,,false,,false,,false,,true,114829.5,true,0.0009,false,0,,,,mark_price|mark_iv|delta|gamma|theta|vega,"mark_history_error:public/get_mark_price_history HTTP 400 Bad Request Invalid params:{""reason"":""instrument is not active"",""param"":""instrument_name""}|trade_candle_exists_but_mark_history_missing|Deribit public/get_mark_price_history returns mark price only and only for a subset of options used in volatility index calculations.|Deribit public/ticker exposes mark_iv and greeks for current/live instruments, but no official public historical point-in-time IV/Greek snapshot endpoint was found."
2025-08-24,14:00,BTC-29AUG25-124000-C,34,2025-08-22T08:00:00.000Z,2025-08-29T08:00:00.000Z,29AUG25,124000,false,false,,false,,false,,false,,false,,false,,true,114547.5,true,0.0009,false,0,,,,mark_price|mark_iv|delta|gamma|theta|vega,"mark_history_error:public/get_mark_price_history HTTP 400 Bad Request Invalid params:{""reason"":""instrument is not active"",""param"":""instrument_name""}|trade_candle_exists_but_mark_history_missing|Deribit public/get_mark_price_history returns mark price only and only for a subset of options used in volatility index calculations.|Deribit public/ticker exposes mark_iv and greeks for current/live instruments, but no official public historical point-in-time IV/Greek snapshot endpoint was found."
2025-08-24,16:00,BTC-29AUG25-124000-C,34,2025-08-22T08:00:00.000Z,2025-08-29T08:00:00.000Z,29AUG25,124000,false,false,,false,,false,,false,,false,,false,,true,114302,true,0.001,false,0,,,,mark_price|mark_iv|delta|gamma|theta|vega,"mark_history_error:public/get_mark_price_history HTTP 400 Bad Request Invalid params:{""reason"":""instrument is not active"",""param"":""instrument_name""}|trade_candle_exists_but_mark_history_missing|Deribit public/get_mark_price_history returns mark price only and only for a subset of options used in volatility index calculations.|Deribit public/ticker exposes mark_iv and greeks for current/live instruments, but no official public historical point-in-time IV/Greek snapshot endpoint was found."
2025-08-25,08:00,BTC-29AUG25-124000-C,34,2025-08-22T08:00:00.000Z,2025-08-29T08:00:00.000Z,29AUG25,124000,false,false,,false,,false,,false,,false,,false,,true,111405,true,0.0005,false,0,,,,mark_price|mark_iv|delta|gamma|theta|vega,"mark_history_error:public/get_mark_price_history HTTP 400 Bad Request Invalid params:{""reason"":""instrument is not active"",""param"":""instrument_name""}|trade_candle_exists_but_mark_history_missing|Deribit public/get_mark_price_history returns mark price only and only for a subset of options used in volatility index calculations.|Deribit public/ticker exposes mark_iv and greeks for current/live instruments, but no official public historical point-in-time IV/Greek snapshot endpoint was found."
2025-08-25,14:00,BTC-29AUG25-124000-C,34,2025-08-22T08:00:00.000Z,2025-08-29T08:00:00.000Z,29AUG25,124000,false,false,,false,,false,,false,,false,,false,,true,112298.5,true,0.0004,false,0,,,,mark_price|mark_iv|delta|gamma|theta|vega,"mark_history_error:public/get_mark_price_history HTTP 400 Bad Request Invalid params:{""reason"":""instrument is not active"",""param"":""instrument_name""}|trade_candle_exists_but_mark_history_missing|Deribit public/get_mark_price_history returns mark price only and only for a subset of options used in volatility index calculations.|Deribit public/ticker exposes mark_iv and greeks for current/live instruments, but no official public historical point-in-time IV/Greek snapshot endpoint was found."
2025-08-25,16:00,BTC-29AUG25-124000-C,34,2025-08-22T08:00:00.000Z,2025-08-29T08:00:00.000Z,29AUG25,124000,false,false,,false,,false,,false,,false,,false,,true,112557.5,true,0.0004,false,0,,,,mark_price|mark_iv|delta|gamma|theta|vega,"mark_history_error:public/get_mark_price_history HTTP 400 Bad Request Invalid params:{""reason"":""instrument is not active"",""param"":""instrument_name""}|trade_candle_exists_but_mark_history_missing|Deribit public/get_mark_price_history returns mark price only and only for a subset of options used in volatility index calculations.|Deribit public/ticker exposes mark_iv and greeks for current/live instruments, but no official public historical point-in-time IV/Greek snapshot endpoint was found."
2025-08-26,08:00,BTC-29AUG25-124000-C,34,2025-08-22T08:00:00.000Z,2025-08-29T08:00:00.000Z,29AUG25,124000,false,false,,false,,false,,false,,false,,false,,true,110113,true,0.0004,false,0,,,,mark_price|mark_iv|delta|gamma|theta|vega,"mark_history_error:public/get_mark_price_history HTTP 400 Bad Request Invalid params:{""reason"":""instrument is not active"",""param"":""instrument_name""}|trade_candle_exists_but_mark_history_missing|Deribit public/get_mark_price_history returns mark price only and only for a subset of options used in volatility index calculations.|Deribit public/ticker exposes mark_iv and greeks for current/live instruments, but no official public historical point-in-time IV/Greek snapshot endpoint was found."
2025-08-26,14:00,BTC-29AUG25-124000-C,34,2025-08-22T08:00:00.000Z,2025-08-29T08:00:00.000Z,29AUG25,124000,false,false,,false,,false,,false,,false,,false,,true,110370,true,0.0003,false,0,,,,mark_price|mark_iv|delta|gamma|theta|vega,"mark_history_error:public/get_mark_price_history HTTP 400 Bad Request Invalid params:{""reason"":""instrument is not active"",""param"":""instrument_name""}|trade_candle_exists_but_mark_history_missing|Deribit public/get_mark_price_history returns mark price only and only for a subset of options used in volatility index calculations.|Deribit public/ticker exposes mark_iv and greeks for current/live instruments, but no official public historical point-in-time IV/Greek snapshot endpoint was found."
2025-08-26,16:00,BTC-29AUG25-124000-C,34,2025-08-22T08:00:00.000Z,2025-08-29T08:00:00.000Z,29AUG25,124000,false,false,,false,,false,,false,,false,,false,,true,110142.5,true,0.0003,false,0,,,,mark_price|mark_iv|delta|gamma|theta|vega,"mark_history_error:public/get_mark_price_history HTTP 400 Bad Request Invalid params:{""reason"":""instrument is not active"",""param"":""instrument_name""}|trade_candle_exists_but_mark_history_missing|Deribit public/get_mark_price_history returns mark price only and only for a subset of options used in volatility index calculations.|Deribit public/ticker exposes mark_iv and greeks for current/live instruments, but no official public historical point-in-time IV/Greek snapshot endpoint was found."
2025-08-27,08:00,BTC-29AUG25-124000-C,34,2025-08-22T08:00:00.000Z,2025-08-29T08:00:00.000Z,29AUG25,124000,false,false,,false,,false,,false,,false,,false,,true,110787,true,0.0002,false,0,,,,mark_price|mark_iv|delta|gamma|theta|vega,"mark_history_error:public/get_mark_price_history HTTP 400 Bad Request Invalid params:{""reason"":""instrument is not active"",""param"":""instrument_name""}|trade_candle_exists_but_mark_history_missing|Deribit public/get_mark_price_history returns mark price only and only for a subset of options used in volatility index calculations.|Deribit public/ticker exposes mark_iv and greeks for current/live instruments, but no official public historical point-in-time IV/Greek snapshot endpoint was found."
2025-08-27,14:00,BTC-29AUG25-124000-C,34,2025-08-22T08:00:00.000Z,2025-08-29T08:00:00.000Z,29AUG25,124000,false,false,,false,,false,,false,,false,,false,,true,111878,true,0.0002,false,0,,,,mark_price|mark_iv|delta|gamma|theta|vega,"mark_history_error:public/get_mark_price_history HTTP 400 Bad Request Invalid params:{""reason"":""instrument is not active"",""param"":""instrument_name""}|trade_candle_exists_but_mark_history_missing|Deribit public/get_mark_price_history returns mark price only and only for a subset of options used in volatility index calculations.|Deribit public/ticker exposes mark_iv and greeks for current/live instruments, but no official public historical point-in-time IV/Greek snapshot endpoint was found."
2025-08-27,16:00,BTC-29AUG25-124000-C,34,2025-08-22T08:00:00.000Z,2025-08-29T08:00:00.000Z,29AUG25,124000,false,false,,false,,false,,false,,false,,false,,true,112184.5,true,0.0002,false,0,,,,mark_price|mark_iv|delta|gamma|theta|vega,"mark_history_error:public/get_mark_price_history HTTP 400 Bad Request Invalid params:{""reason"":""instrument is not active"",""param"":""instrument_name""}|trade_candle_exists_but_mark_history_missing|Deribit public/get_mark_price_history returns mark price only and only for a subset of options used in volatility index calculations.|Deribit public/ticker exposes mark_iv and greeks for current/live instruments, but no official public historical point-in-time IV/Greek snapshot endpoint was found."
2025-08-28,08:00,BTC-29AUG25-124000-C,34,2025-08-22T08:00:00.000Z,2025-08-29T08:00:00.000Z,29AUG25,124000,false,false,,false,,false,,false,,false,,false,,true,113200,true,0.0002,false,0,,,,mark_price|mark_iv|delta|gamma|theta|vega,"mark_history_error:public/get_mark_price_history HTTP 400 Bad Request Invalid params:{""reason"":""instrument is not active"",""param"":""instrument_name""}|trade_candle_exists_but_mark_history_missing|Deribit public/get_mark_price_history returns mark price only and only for a subset of options used in volatility index calculations.|Deribit public/ticker exposes mark_iv and greeks for current/live instruments, but no official public historical point-in-time IV/Greek snapshot endpoint was found."
2025-08-28,14:00,BTC-29AUG25-124000-C,34,2025-08-22T08:00:00.000Z,2025-08-29T08:00:00.000Z,29AUG25,124000,false,false,,false,,false,,false,,false,,false,,true,113220.5,true,0.0002,false,0,,,,mark_price|mark_iv|delta|gamma|theta|vega,"mark_history_error:public/get_mark_price_history HTTP 400 Bad Request Invalid params:{""reason"":""instrument is not active"",""param"":""instrument_name""}|trade_candle_exists_but_mark_history_missing|Deribit public/get_mark_price_history returns mark price only and only for a subset of options used in volatility index calculations.|Deribit public/ticker exposes mark_iv and greeks for current/live instruments, but no official public historical point-in-time IV/Greek snapshot endpoint was found."
2025-08-28,16:00,BTC-29AUG25-124000-C,34,2025-08-22T08:00:00.000Z,2025-08-29T08:00:00.000Z,29AUG25,124000,false,false,,false,,false,,false,,false,,false,,true,112393,true,0.0002,false,0,,,,mark_price|mark_iv|delta|gamma|theta|vega,"mark_history_error:public/get_mark_price_history HTTP 400 Bad Request Invalid params:{""reason"":""instrument is not active"",""param"":""instrument_name""}|trade_candle_exists_but_mark_history_missing|Deribit public/get_mark_price_history returns mark price only and only for a subset of options used in volatility index calculations.|Deribit public/ticker exposes mark_iv and greeks for current/live instruments, but no official public historical point-in-time IV/Greek snapshot endpoint was found."
2025-09-05,08:00,BTC-12SEP25-124000-C,36,2025-09-05T08:00:00.000Z,2025-09-12T08:00:00.000Z,12SEP25,124000,false,false,,false,,false,,false,,false,,false,,true,112662.5,true,0.001,false,0,,,,mark_price|mark_iv|delta|gamma|theta|vega,"mark_history_error:public/get_mark_price_history HTTP 400 Bad Request Invalid params:{""reason"":""instrument is not active"",""param"":""instrument_name""}|trade_candle_exists_but_mark_history_missing|Deribit public/get_mark_price_history returns mark price only and only for a subset of options used in volatility index calculations.|Deribit public/ticker exposes mark_iv and greeks for current/live instruments, but no official public historical point-in-time IV/Greek snapshot endpoint was found."
2025-09-05,14:00,BTC-12SEP25-124000-C,36,2025-09-05T08:00:00.000Z,2025-09-12T08:00:00.000Z,12SEP25,124000,false,false,,false,,false,,false,,false,,false,,true,110576,true,0.0006,false,0,,,,mark_price|mark_iv|delta|gamma|theta|vega,"mark_history_error:public/get_mark_price_history HTTP 400 Bad Request Invalid params:{""reason"":""instrument is not active"",""param"":""instrument_name""}|trade_candle_exists_but_mark_history_missing|Deribit public/get_mark_price_history returns mark price only and only for a subset of options used in volatility index calculations.|Deribit public/ticker exposes mark_iv and greeks for current/live instruments, but no official public historical point-in-time IV/Greek snapshot endpoint was found."
2025-09-05,16:00,BTC-12SEP25-124000-C,36,2025-09-05T08:00:00.000Z,2025-09-12T08:00:00.000Z,12SEP25,124000,false,false,,false,,false,,false,,false,,false,,true,110814.5,true,0.0006,false,0,,,,mark_price|mark_iv|delta|gamma|theta|vega,"mark_history_error:public/get_mark_price_history HTTP 400 Bad Request Invalid params:{""reason"":""instrument is not active"",""param"":""instrument_name""}|trade_candle_exists_but_mark_history_missing|Deribit public/get_mark_price_history returns mark price only and only for a subset of options used in volatility index calculations.|Deribit public/ticker exposes mark_iv and greeks for current/live instruments, but no official public historical point-in-time IV/Greek snapshot endpoint was found."
2025-09-06,08:00,BTC-12SEP25-124000-C,36,2025-09-05T08:00:00.000Z,2025-09-12T08:00:00.000Z,12SEP25,124000,false,false,,false,,false,,false,,false,,false,,true,110985,true,0.0003,false,0,,,,mark_price|mark_iv|delta|gamma|theta|vega,"mark_history_error:public/get_mark_price_history HTTP 400 Bad Request Invalid params:{""reason"":""instrument is not active"",""param"":""instrument_name""}|trade_candle_exists_but_mark_history_missing|Deribit public/get_mark_price_history returns mark price only and only for a subset of options used in volatility index calculations.|Deribit public/ticker exposes mark_iv and greeks for current/live instruments, but no official public historical point-in-time IV/Greek snapshot endpoint was found."
2025-09-06,14:00,BTC-12SEP25-124000-C,36,2025-09-05T08:00:00.000Z,2025-09-12T08:00:00.000Z,12SEP25,124000,false,false,,false,,false,,false,,false,,false,,true,110845.5,true,0.0003,false,0,,,,mark_price|mark_iv|delta|gamma|theta|vega,"mark_history_error:public/get_mark_price_history HTTP 400 Bad Request Invalid params:{""reason"":""instrument is not active"",""param"":""instrument_name""}|trade_candle_exists_but_mark_history_missing|Deribit public/get_mark_price_history returns mark price only and only for a subset of options used in volatility index calculations.|Deribit public/ticker exposes mark_iv and greeks for current/live instruments, but no official public historical point-in-time IV/Greek snapshot endpoint was found."
2025-09-06,16:00,BTC-12SEP25-124000-C,36,2025-09-05T08:00:00.000Z,2025-09-12T08:00:00.000Z,12SEP25,124000,false,false,,false,,false,,false,,false,,false,,true,110290,true,0.0003,false,0,,,,mark_price|mark_iv|delta|gamma|theta|vega,"mark_history_error:public/get_mark_price_history HTTP 400 Bad Request Invalid params:{""reason"":""instrument is not active"",""param"":""instrument_name""}|trade_candle_exists_but_mark_history_missing|Deribit public/get_mark_price_history returns mark price only and only for a subset of options used in volatility index calculations.|Deribit public/ticker exposes mark_iv and greeks for current/live instruments, but no official public historical point-in-time IV/Greek snapshot endpoint was found."
2025-09-07,08:00,BTC-12SEP25-124000-C,36,2025-09-05T08:00:00.000Z,2025-09-12T08:00:00.000Z,12SEP25,124000,false,false,,false,,false,,false,,false,,false,,true,111088,true,0.0004,false,0,,,,mark_price|mark_iv|delta|gamma|theta|vega,"mark_history_error:public/get_mark_price_history HTTP 400 Bad Request Invalid params:{""reason"":""instrument is not active"",""param"":""instrument_name""}|trade_candle_exists_but_mark_history_missing|Deribit public/get_mark_price_history returns mark price only and only for a subset of options used in volatility index calculations.|Deribit public/ticker exposes mark_iv and greeks for current/live instruments, but no official public historical point-in-time IV/Greek snapshot endpoint was found."
2025-09-07,14:00,BTC-12SEP25-124000-C,36,2025-09-05T08:00:00.000Z,2025-09-12T08:00:00.000Z,12SEP25,124000,false,false,,false,,false,,false,,false,,false,,true,111154,true,0.0004,false,0,,,,mark_price|mark_iv|delta|gamma|theta|vega,"mark_history_error:public/get_mark_price_history HTTP 400 Bad Request Invalid params:{""reason"":""instrument is not active"",""param"":""instrument_name""}|trade_candle_exists_but_mark_history_missing|Deribit public/get_mark_price_history returns mark price only and only for a subset of options used in volatility index calculations.|Deribit public/ticker exposes mark_iv and greeks for current/live instruments, but no official public historical point-in-time IV/Greek snapshot endpoint was found."
2025-09-07,16:00,BTC-12SEP25-124000-C,36,2025-09-05T08:00:00.000Z,2025-09-12T08:00:00.000Z,12SEP25,124000,false,false,,false,,false,,false,,false,,false,,true,111228,true,0.0004,false,0,,,,mark_price|mark_iv|delta|gamma|theta|vega,"mark_history_error:public/get_mark_price_history HTTP 400 Bad Request Invalid params:{""reason"":""instrument is not active"",""param"":""instrument_name""}|trade_candle_exists_but_mark_history_missing|Deribit public/get_mark_price_history returns mark price only and only for a subset of options used in volatility index calculations.|Deribit public/ticker exposes mark_iv and greeks for current/live instruments, but no official public historical point-in-time IV/Greek snapshot endpoint was found."
2025-09-08,08:00,BTC-12SEP25-124000-C,36,2025-09-05T08:00:00.000Z,2025-09-12T08:00:00.000Z,12SEP25,124000,false,false,,false,,false,,false,,false,,false,,true,111706,true,0.0004,false,0,,,,mark_price|mark_iv|delta|gamma|theta|vega,"mark_history_error:public/get_mark_price_history HTTP 400 Bad Request Invalid params:{""reason"":""instrument is not active"",""param"":""instrument_name""}|trade_candle_exists_but_mark_history_missing|Deribit public/get_mark_price_history returns mark price only and only for a subset of options used in volatility index calculations.|Deribit public/ticker exposes mark_iv and greeks for current/live instruments, but no official public historical point-in-time IV/Greek snapshot endpoint was found."
2025-09-08,14:00,BTC-12SEP25-124000-C,36,2025-09-05T08:00:00.000Z,2025-09-12T08:00:00.000Z,12SEP25,124000,false,false,,false,,false,,false,,false,,false,,true,112680,true,0.0002,false,0,,,,mark_price|mark_iv|delta|gamma|theta|vega,"mark_history_error:public/get_mark_price_history HTTP 400 Bad Request Invalid params:{""reason"":""instrument is not active"",""param"":""instrument_name""}|trade_candle_exists_but_mark_history_missing|Deribit public/get_mark_price_history returns mark price only and only for a subset of options used in volatility index calculations.|Deribit public/ticker exposes mark_iv and greeks for current/live instruments, but no official public historical point-in-time IV/Greek snapshot endpoint was found."
2025-09-08,16:00,BTC-12SEP25-124000-C,36,2025-09-05T08:00:00.000Z,2025-09-12T08:00:00.000Z,12SEP25,124000,false,false,,false,,false,,false,,false,,false,,true,112442.5,true,0.0002,false,0,,,,mark_price|mark_iv|delta|gamma|theta|vega,"mark_history_error:public/get_mark_price_history HTTP 400 Bad Request Invalid params:{""reason"":""instrument is not active"",""param"":""instrument_name""}|trade_candle_exists_but_mark_history_missing|Deribit public/get_mark_price_history returns mark price only and only for a subset of options used in volatility index calculations.|Deribit public/ticker exposes mark_iv and greeks for current/live instruments, but no official public historical point-in-time IV/Greek snapshot endpoint was found."
2025-09-09,08:00,BTC-12SEP25-124000-C,36,2025-09-05T08:00:00.000Z,2025-09-12T08:00:00.000Z,12SEP25,124000,false,false,,false,,false,,false,,false,,false,,true,113048,true,0.0001,false,0,,,,mark_price|mark_iv|delta|gamma|theta|vega,"mark_history_error:public/get_mark_price_history HTTP 400 Bad Request Invalid params:{""reason"":""instrument is not active"",""param"":""instrument_name""}|trade_candle_exists_but_mark_history_missing|Deribit public/get_mark_price_history returns mark price only and only for a subset of options used in volatility index calculations.|Deribit public/ticker exposes mark_iv and greeks for current/live instruments, but no official public historical point-in-time IV/Greek snapshot endpoint was found."
2025-09-09,14:00,BTC-12SEP25-124000-C,36,2025-09-05T08:00:00.000Z,2025-09-12T08:00:00.000Z,12SEP25,124000,false,false,,false,,false,,false,,false,,false,,true,111798,true,0.0001,false,0,,,,mark_price|mark_iv|delta|gamma|theta|vega,"mark_history_error:public/get_mark_price_history HTTP 400 Bad Request Invalid params:{""reason"":""instrument is not active"",""param"":""instrument_name""}|trade_candle_exists_but_mark_history_missing|Deribit public/get_mark_price_history returns mark price only and only for a subset of options used in volatility index calculations.|Deribit public/ticker exposes mark_iv and greeks for current/live instruments, but no official public historical point-in-time IV/Greek snapshot endpoint was found."
2025-09-09,16:00,BTC-12SEP25-124000-C,36,2025-09-05T08:00:00.000Z,2025-09-12T08:00:00.000Z,12SEP25,124000,false,false,,false,,false,,false,,false,,false,,true,110993,true,0.0001,false,0,,,,mark_price|mark_iv|delta|gamma|theta|vega,"mark_history_error:public/get_mark_price_history HTTP 400 Bad Request Invalid params:{""reason"":""instrument is not active"",""param"":""instrument_name""}|trade_candle_exists_but_mark_history_missing|Deribit public/get_mark_price_history returns mark price only and only for a subset of options used in volatility index calculations.|Deribit public/ticker exposes mark_iv and greeks for current/live instruments, but no official public historical point-in-time IV/Greek snapshot endpoint was found."
2025-09-10,08:00,BTC-12SEP25-124000-C,36,2025-09-05T08:00:00.000Z,2025-09-12T08:00:00.000Z,12SEP25,124000,false,false,,false,,false,,false,,false,,false,,true,112441.5,true,0.0001,false,0,,,,mark_price|mark_iv|delta|gamma|theta|vega,"mark_history_error:public/get_mark_price_history HTTP 400 Bad Request Invalid params:{""reason"":""instrument is not active"",""param"":""instrument_name""}|trade_candle_exists_but_mark_history_missing|Deribit public/get_mark_price_history returns mark price only and only for a subset of options used in volatility index calculations.|Deribit public/ticker exposes mark_iv and greeks for current/live instruments, but no official public historical point-in-time IV/Greek snapshot endpoint was found."
2025-09-10,14:00,BTC-12SEP25-124000-C,36,2025-09-05T08:00:00.000Z,2025-09-12T08:00:00.000Z,12SEP25,124000,false,false,,false,,false,,false,,false,,false,,true,113963,true,0.0001,false,0,,,,mark_price|mark_iv|delta|gamma|theta|vega,"mark_history_error:public/get_mark_price_history HTTP 400 Bad Request Invalid params:{""reason"":""instrument is not active"",""param"":""instrument_name""}|trade_candle_exists_but_mark_history_missing|Deribit public/get_mark_price_history returns mark price only and only for a subset of options used in volatility index calculations.|Deribit public/ticker exposes mark_iv and greeks for current/live instruments, but no official public historical point-in-time IV/Greek snapshot endpoint was found."
2025-09-10,16:00,BTC-12SEP25-124000-C,36,2025-09-05T08:00:00.000Z,2025-09-12T08:00:00.000Z,12SEP25,124000,false,false,,false,,false,,false,,false,,false,,true,113829,true,0.0001,false,0,,,,mark_price|mark_iv|delta|gamma|theta|vega,"mark_history_error:public/get_mark_price_history HTTP 400 Bad Request Invalid params:{""reason"":""instrument is not active"",""param"":""instrument_name""}|trade_candle_exists_but_mark_history_missing|Deribit public/get_mark_price_history returns mark price only and only for a subset of options used in volatility index calculations.|Deribit public/ticker exposes mark_iv and greeks for current/live instruments, but no official public historical point-in-time IV/Greek snapshot endpoint was found."
2025-09-11,08:00,BTC-12SEP25-124000-C,36,2025-09-05T08:00:00.000Z,2025-09-12T08:00:00.000Z,12SEP25,124000,false,false,,false,,false,,false,,false,,false,,true,114110,true,0.0001,false,0,,,,mark_price|mark_iv|delta|gamma|theta|vega,"mark_history_error:public/get_mark_price_history HTTP 400 Bad Request Invalid params:{""reason"":""instrument is not active"",""param"":""instrument_name""}|trade_candle_exists_but_mark_history_missing|Deribit public/get_mark_price_history returns mark price only and only for a subset of options used in volatility index calculations.|Deribit public/ticker exposes mark_iv and greeks for current/live instruments, but no official public historical point-in-time IV/Greek snapshot endpoint was found."
2025-09-11,14:00,BTC-12SEP25-124000-C,36,2025-09-05T08:00:00.000Z,2025-09-12T08:00:00.000Z,12SEP25,124000,false,false,,false,,false,,false,,false,,false,,true,114535,true,0.0001,false,0,,,,mark_price|mark_iv|delta|gamma|theta|vega,"mark_history_error:public/get_mark_price_history HTTP 400 Bad Request Invalid params:{""reason"":""instrument is not active"",""param"":""instrument_name""}|trade_candle_exists_but_mark_history_missing|Deribit public/get_mark_price_history returns mark price only and only for a subset of options used in volatility index calculations.|Deribit public/ticker exposes mark_iv and greeks for current/live instruments, but no official public historical point-in-time IV/Greek snapshot endpoint was found."
2025-09-11,16:00,BTC-12SEP25-124000-C,36,2025-09-05T08:00:00.000Z,2025-09-12T08:00:00.000Z,12SEP25,124000,false,false,,false,,false,,false,,false,,false,,true,114556,true,0.0001,false,0,,,,mark_price|mark_iv|delta|gamma|theta|vega,"mark_history_error:public/get_mark_price_history HTTP 400 Bad Request Invalid params:{""reason"":""instrument is not active"",""param"":""instrument_name""}|trade_candle_exists_but_mark_history_missing|Deribit public/get_mark_price_history returns mark price only and only for a subset of options used in volatility index calculations.|Deribit public/ticker exposes mark_iv and greeks for current/live instruments, but no official public historical point-in-time IV/Greek snapshot endpoint was found."
2025-09-12,08:00,BTC-19SEP25-125000-C,37,2025-09-12T08:00:00.000Z,2025-09-19T08:00:00.000Z,19SEP25,125000,false,false,,false,,false,,false,,false,,false,,true,115104.5,true,0.001,false,0,,,,mark_price|mark_iv|delta|gamma|theta|vega,"mark_history_error:public/get_mark_price_history HTTP 400 Bad Request Invalid params:{""reason"":""instrument is not active"",""param"":""instrument_name""}|trade_candle_exists_but_mark_history_missing|Deribit public/get_mark_price_history returns mark price only and only for a subset of options used in volatility index calculations.|Deribit public/ticker exposes mark_iv and greeks for current/live instruments, but no official public historical point-in-time IV/Greek snapshot endpoint was found."
2025-09-12,14:00,BTC-19SEP25-125000-C,37,2025-09-12T08:00:00.000Z,2025-09-19T08:00:00.000Z,19SEP25,125000,false,false,,false,,false,,false,,false,,false,,true,115338,true,0.0008,false,0,,,,mark_price|mark_iv|delta|gamma|theta|vega,"mark_history_error:public/get_mark_price_history HTTP 400 Bad Request Invalid params:{""reason"":""instrument is not active"",""param"":""instrument_name""}|trade_candle_exists_but_mark_history_missing|Deribit public/get_mark_price_history returns mark price only and only for a subset of options used in volatility index calculations.|Deribit public/ticker exposes mark_iv and greeks for current/live instruments, but no official public historical point-in-time IV/Greek snapshot endpoint was found."
2025-09-12,16:00,BTC-19SEP25-125000-C,37,2025-09-12T08:00:00.000Z,2025-09-19T08:00:00.000Z,19SEP25,125000,false,false,,false,,false,,false,,false,,false,,true,115556,true,0.0009,false,0,,,,mark_price|mark_iv|delta|gamma|theta|vega,"mark_history_error:public/get_mark_price_history HTTP 400 Bad Request Invalid params:{""reason"":""instrument is not active"",""param"":""instrument_name""}|trade_candle_exists_but_mark_history_missing|Deribit public/get_mark_price_history returns mark price only and only for a subset of options used in volatility index calculations.|Deribit public/ticker exposes mark_iv and greeks for current/live instruments, but no official public historical point-in-time IV/Greek snapshot endpoint was found."
2025-09-13,08:00,BTC-19SEP25-125000-C,37,2025-09-12T08:00:00.000Z,2025-09-19T08:00:00.000Z,19SEP25,125000,false,false,,false,,false,,false,,false,,false,,true,116081.5,true,0.001,false,0,,,,mark_price|mark_iv|delta|gamma|theta|vega,"mark_history_error:public/get_mark_price_history HTTP 400 Bad Request Invalid params:{""reason"":""instrument is not active"",""param"":""instrument_name""}|trade_candle_exists_but_mark_history_missing|Deribit public/get_mark_price_history returns mark price only and only for a subset of options used in volatility index calculations.|Deribit public/ticker exposes mark_iv and greeks for current/live instruments, but no official public historical point-in-time IV/Greek snapshot endpoint was found."
2025-09-13,14:00,BTC-19SEP25-125000-C,37,2025-09-12T08:00:00.000Z,2025-09-19T08:00:00.000Z,19SEP25,125000,false,false,,false,,false,,false,,false,,false,,true,115894,true,0.0009,false,0,,,,mark_price|mark_iv|delta|gamma|theta|vega,"mark_history_error:public/get_mark_price_history HTTP 400 Bad Request Invalid params:{""reason"":""instrument is not active"",""param"":""instrument_name""}|trade_candle_exists_but_mark_history_missing|Deribit public/get_mark_price_history returns mark price only and only for a subset of options used in volatility index calculations.|Deribit public/ticker exposes mark_iv and greeks for current/live instruments, but no official public historical point-in-time IV/Greek snapshot endpoint was found."
2025-09-13,16:00,BTC-19SEP25-125000-C,37,2025-09-12T08:00:00.000Z,2025-09-19T08:00:00.000Z,19SEP25,125000,false,false,,false,,false,,false,,false,,false,,true,115438.5,true,0.0008,false,0,,,,mark_price|mark_iv|delta|gamma|theta|vega,"mark_history_error:public/get_mark_price_history HTTP 400 Bad Request Invalid params:{""reason"":""instrument is not active"",""param"":""instrument_name""}|trade_candle_exists_but_mark_history_missing|Deribit public/get_mark_price_history returns mark price only and only for a subset of options used in volatility index calculations.|Deribit public/ticker exposes mark_iv and greeks for current/live instruments, but no official public historical point-in-time IV/Greek snapshot endpoint was found."
2025-09-14,08:00,BTC-19SEP25-125000-C,37,2025-09-12T08:00:00.000Z,2025-09-19T08:00:00.000Z,19SEP25,125000,false,false,,false,,false,,false,,false,,false,,true,116007,true,0.0008,false,0,,,,mark_price|mark_iv|delta|gamma|theta|vega,"mark_history_error:public/get_mark_price_history HTTP 400 Bad Request Invalid params:{""reason"":""instrument is not active"",""param"":""instrument_name""}|trade_candle_exists_but_mark_history_missing|Deribit public/get_mark_price_history returns mark price only and only for a subset of options used in volatility index calculations.|Deribit public/ticker exposes mark_iv and greeks for current/live instruments, but no official public historical point-in-time IV/Greek snapshot endpoint was found."
2025-09-14,14:00,BTC-19SEP25-125000-C,37,2025-09-12T08:00:00.000Z,2025-09-19T08:00:00.000Z,19SEP25,125000,false,false,,false,,false,,false,,false,,false,,true,115506.5,true,0.0009,false,0,,,,mark_price|mark_iv|delta|gamma|theta|vega,"mark_history_error:public/get_mark_price_history HTTP 400 Bad Request Invalid params:{""reason"":""instrument is not active"",""param"":""instrument_name""}|trade_candle_exists_but_mark_history_missing|Deribit public/get_mark_price_history returns mark price only and only for a subset of options used in volatility index calculations.|Deribit public/ticker exposes mark_iv and greeks for current/live instruments, but no official public historical point-in-time IV/Greek snapshot endpoint was found."
2025-09-14,16:00,BTC-19SEP25-125000-C,37,2025-09-12T08:00:00.000Z,2025-09-19T08:00:00.000Z,19SEP25,125000,false,false,,false,,false,,false,,false,,false,,true,115566.5,true,0.0008,false,0,,,,mark_price|mark_iv|delta|gamma|theta|vega,"mark_history_error:public/get_mark_price_history HTTP 400 Bad Request Invalid params:{""reason"":""instrument is not active"",""param"":""instrument_name""}|trade_candle_exists_but_mark_history_missing|Deribit public/get_mark_price_history returns mark price only and only for a subset of options used in volatility index calculations.|Deribit public/ticker exposes mark_iv and greeks for current/live instruments, but no official public historical point-in-time IV/Greek snapshot endpoint was found."
2025-09-15,08:00,BTC-19SEP25-125000-C,37,2025-09-12T08:00:00.000Z,2025-09-19T08:00:00.000Z,19SEP25,125000,false,false,,false,,false,,false,,false,,false,,true,114822.5,true,0.0008,false,0,,,,mark_price|mark_iv|delta|gamma|theta|vega,"mark_history_error:public/get_mark_price_history HTTP 400 Bad Request Invalid params:{""reason"":""instrument is not active"",""param"":""instrument_name""}|trade_candle_exists_but_mark_history_missing|Deribit public/get_mark_price_history returns mark price only and only for a subset of options used in volatility index calculations.|Deribit public/ticker exposes mark_iv and greeks for current/live instruments, but no official public historical point-in-time IV/Greek snapshot endpoint was found."
2025-09-15,14:00,BTC-19SEP25-125000-C,37,2025-09-12T08:00:00.000Z,2025-09-19T08:00:00.000Z,19SEP25,125000,false,false,,false,,false,,false,,false,,false,,true,114742.5,true,0.0005,false,0,,,,mark_price|mark_iv|delta|gamma|theta|vega,"mark_history_error:public/get_mark_price_history HTTP 400 Bad Request Invalid params:{""reason"":""instrument is not active"",""param"":""instrument_name""}|trade_candle_exists_but_mark_history_missing|Deribit public/get_mark_price_history returns mark price only and only for a subset of options used in volatility index calculations.|Deribit public/ticker exposes mark_iv and greeks for current/live instruments, but no official public historical point-in-time IV/Greek snapshot endpoint was found."
2025-09-15,16:00,BTC-19SEP25-125000-C,37,2025-09-12T08:00:00.000Z,2025-09-19T08:00:00.000Z,19SEP25,125000,false,false,,false,,false,,false,,false,,false,,true,114746,true,0.0004,false,0,,,,mark_price|mark_iv|delta|gamma|theta|vega,"mark_history_error:public/get_mark_price_history HTTP 400 Bad Request Invalid params:{""reason"":""instrument is not active"",""param"":""instrument_name""}|trade_candle_exists_but_mark_history_missing|Deribit public/get_mark_price_history returns mark price only and only for a subset of options used in volatility index calculations.|Deribit public/ticker exposes mark_iv and greeks for current/live instruments, but no official public historical point-in-time IV/Greek snapshot endpoint was found."
2025-09-16,08:00,BTC-19SEP25-125000-C,37,2025-09-12T08:00:00.000Z,2025-09-19T08:00:00.000Z,19SEP25,125000,false,false,,false,,false,,false,,false,,false,,true,115706.5,true,0.0004,false,0,,,,mark_price|mark_iv|delta|gamma|theta|vega,"mark_history_error:public/get_mark_price_history HTTP 400 Bad Request Invalid params:{""reason"":""instrument is not active"",""param"":""instrument_name""}|trade_candle_exists_but_mark_history_missing|Deribit public/get_mark_price_history returns mark price only and only for a subset of options used in volatility index calculations.|Deribit public/ticker exposes mark_iv and greeks for current/live instruments, but no official public historical point-in-time IV/Greek snapshot endpoint was found."
2025-09-16,14:00,BTC-19SEP25-125000-C,37,2025-09-12T08:00:00.000Z,2025-09-19T08:00:00.000Z,19SEP25,125000,false,false,,false,,false,,false,,false,,false,,true,115341,true,0.0004,false,0,,,,mark_price|mark_iv|delta|gamma|theta|vega,"mark_history_error:public/get_mark_price_history HTTP 400 Bad Request Invalid params:{""reason"":""instrument is not active"",""param"":""instrument_name""}|trade_candle_exists_but_mark_history_missing|Deribit public/get_mark_price_history returns mark price only and only for a subset of options used in volatility index calculations.|Deribit public/ticker exposes mark_iv and greeks for current/live instruments, but no official public historical point-in-time IV/Greek snapshot endpoint was found."
2025-09-16,16:00,BTC-19SEP25-125000-C,37,2025-09-12T08:00:00.000Z,2025-09-19T08:00:00.000Z,19SEP25,125000,false,false,,false,,false,,false,,false,,false,,true,116120,true,0.0004,false,0,,,,mark_price|mark_iv|delta|gamma|theta|vega,"mark_history_error:public/get_mark_price_history HTTP 400 Bad Request Invalid params:{""reason"":""instrument is not active"",""param"":""instrument_name""}|trade_candle_exists_but_mark_history_missing|Deribit public/get_mark_price_history returns mark price only and only for a subset of options used in volatility index calculations.|Deribit public/ticker exposes mark_iv and greeks for current/live instruments, but no official public historical point-in-time IV/Greek snapshot endpoint was found."
2025-09-17,08:00,BTC-19SEP25-125000-C,37,2025-09-12T08:00:00.000Z,2025-09-19T08:00:00.000Z,19SEP25,125000,false,false,,false,,false,,false,,false,,false,,true,116920,true,0.0006,false,0,,,,mark_price|mark_iv|delta|gamma|theta|vega,"mark_history_error:public/get_mark_price_history HTTP 400 Bad Request Invalid params:{""reason"":""instrument is not active"",""param"":""instrument_name""}|trade_candle_exists_but_mark_history_missing|Deribit public/get_mark_price_history returns mark price only and only for a subset of options used in volatility index calculations.|Deribit public/ticker exposes mark_iv and greeks for current/live instruments, but no official public historical point-in-time IV/Greek snapshot endpoint was found."
2025-09-17,14:00,BTC-19SEP25-125000-C,37,2025-09-12T08:00:00.000Z,2025-09-19T08:00:00.000Z,19SEP25,125000,false,false,,false,,false,,false,,false,,false,,true,115669.5,true,0.0004,false,0,,,,mark_price|mark_iv|delta|gamma|theta|vega,"mark_history_error:public/get_mark_price_history HTTP 400 Bad Request Invalid params:{""reason"":""instrument is not active"",""param"":""instrument_name""}|trade_candle_exists_but_mark_history_missing|Deribit public/get_mark_price_history returns mark price only and only for a subset of options used in volatility index calculations.|Deribit public/ticker exposes mark_iv and greeks for current/live instruments, but no official public historical point-in-time IV/Greek snapshot endpoint was found."
2025-09-17,16:00,BTC-19SEP25-125000-C,37,2025-09-12T08:00:00.000Z,2025-09-19T08:00:00.000Z,19SEP25,125000,false,false,,false,,false,,false,,false,,false,,true,115700.5,true,0.0004,false,0,,,,mark_price|mark_iv|delta|gamma|theta|vega,"mark_history_error:public/get_mark_price_history HTTP 400 Bad Request Invalid params:{""reason"":""instrument is not active"",""param"":""instrument_name""}|trade_candle_exists_but_mark_history_missing|Deribit public/get_mark_price_history returns mark price only and only for a subset of options used in volatility index calculations.|Deribit public/ticker exposes mark_iv and greeks for current/live instruments, but no official public historical point-in-time IV/Greek snapshot endpoint was found."
2025-09-18,08:00,BTC-19SEP25-125000-C,37,2025-09-12T08:00:00.000Z,2025-09-19T08:00:00.000Z,19SEP25,125000,false,false,,false,,false,,false,,false,,false,,true,117292,true,0.0001,false,0,,,,mark_price|mark_iv|delta|gamma|theta|vega,"mark_history_error:public/get_mark_price_history HTTP 400 Bad Request Invalid params:{""reason"":""instrument is not active"",""param"":""instrument_name""}|trade_candle_exists_but_mark_history_missing|Deribit public/get_mark_price_history returns mark price only and only for a subset of options used in volatility index calculations.|Deribit public/ticker exposes mark_iv and greeks for current/live instruments, but no official public historical point-in-time IV/Greek snapshot endpoint was found."
2025-09-18,14:00,BTC-19SEP25-125000-C,37,2025-09-12T08:00:00.000Z,2025-09-19T08:00:00.000Z,19SEP25,125000,false,false,,false,,false,,false,,false,,false,,true,117712,true,0.0001,false,0,,,,mark_price|mark_iv|delta|gamma|theta|vega,"mark_history_error:public/get_mark_price_history HTTP 400 Bad Request Invalid params:{""reason"":""instrument is not active"",""param"":""instrument_name""}|trade_candle_exists_but_mark_history_missing|Deribit public/get_mark_price_history returns mark price only and only for a subset of options used in volatility index calculations.|Deribit public/ticker exposes mark_iv and greeks for current/live instruments, but no official public historical point-in-time IV/Greek snapshot endpoint was found."
2025-09-18,16:00,BTC-19SEP25-125000-C,37,2025-09-12T08:00:00.000Z,2025-09-19T08:00:00.000Z,19SEP25,125000,false,false,,false,,false,,false,,false,,false,,true,117648.5,true,0.0001,false,0,,,,mark_price|mark_iv|delta|gamma|theta|vega,"mark_history_error:public/get_mark_price_history HTTP 400 Bad Request Invalid params:{""reason"":""instrument is not active"",""param"":""instrument_name""}|trade_candle_exists_but_mark_history_missing|Deribit public/get_mark_price_history returns mark price only and only for a subset of options used in volatility index calculations.|Deribit public/ticker exposes mark_iv and greeks for current/live instruments, but no official public historical point-in-time IV/Greek snapshot endpoint was found."
2025-09-19,08:00,BTC-26SEP25-128000-C,38,2025-09-19T08:00:00.000Z,2025-09-26T08:00:00.000Z,26SEP25,128000,false,false,,false,,false,,false,,false,,false,,true,116978.5,true,0.0006,false,0,,,,mark_price|mark_iv|delta|gamma|theta|vega,"mark_history_error:public/get_mark_price_history HTTP 400 Bad Request Invalid params:{""reason"":""instrument is not active"",""param"":""instrument_name""}|trade_candle_exists_but_mark_history_missing|Deribit public/get_mark_price_history returns mark price only and only for a subset of options used in volatility index calculations.|Deribit public/ticker exposes mark_iv and greeks for current/live instruments, but no official public historical point-in-time IV/Greek snapshot endpoint was found."
2025-09-19,14:00,BTC-26SEP25-128000-C,38,2025-09-19T08:00:00.000Z,2025-09-26T08:00:00.000Z,26SEP25,128000,false,false,,false,,false,,false,,false,,false,,true,115955,true,0.0004,false,0,,,,mark_price|mark_iv|delta|gamma|theta|vega,"mark_history_error:public/get_mark_price_history HTTP 400 Bad Request Invalid params:{""reason"":""instrument is not active"",""param"":""instrument_name""}|trade_candle_exists_but_mark_history_missing|Deribit public/get_mark_price_history returns mark price only and only for a subset of options used in volatility index calculations.|Deribit public/ticker exposes mark_iv and greeks for current/live instruments, but no official public historical point-in-time IV/Greek snapshot endpoint was found."
2025-09-19,16:00,BTC-26SEP25-128000-C,38,2025-09-19T08:00:00.000Z,2025-09-26T08:00:00.000Z,26SEP25,128000,false,false,,false,,false,,false,,false,,false,,true,116130.5,true,0.0004,false,0,,,,mark_price|mark_iv|delta|gamma|theta|vega,"mark_history_error:public/get_mark_price_history HTTP 400 Bad Request Invalid params:{""reason"":""instrument is not active"",""param"":""instrument_name""}|trade_candle_exists_but_mark_history_missing|Deribit public/get_mark_price_history returns mark price only and only for a subset of options used in volatility index calculations.|Deribit public/ticker exposes mark_iv and greeks for current/live instruments, but no official public historical point-in-time IV/Greek snapshot endpoint was found."
2025-09-20,08:00,BTC-26SEP25-128000-C,38,2025-09-19T08:00:00.000Z,2025-09-26T08:00:00.000Z,26SEP25,128000,false,false,,false,,false,,false,,false,,false,,true,115777,true,0.0005,false,0,,,,mark_price|mark_iv|delta|gamma|theta|vega,"mark_history_error:public/get_mark_price_history HTTP 400 Bad Request Invalid params:{""reason"":""instrument is not active"",""param"":""instrument_name""}|trade_candle_exists_but_mark_history_missing|Deribit public/get_mark_price_history returns mark price only and only for a subset of options used in volatility index calculations.|Deribit public/ticker exposes mark_iv and greeks for current/live instruments, but no official public historical point-in-time IV/Greek snapshot endpoint was found."
2025-09-20,14:00,BTC-26SEP25-128000-C,38,2025-09-19T08:00:00.000Z,2025-09-26T08:00:00.000Z,26SEP25,128000,false,false,,false,,false,,false,,false,,false,,true,116032.5,true,0.0005,false,0,,,,mark_price|mark_iv|delta|gamma|theta|vega,"mark_history_error:public/get_mark_price_history HTTP 400 Bad Request Invalid params:{""reason"":""instrument is not active"",""param"":""instrument_name""}|trade_candle_exists_but_mark_history_missing|Deribit public/get_mark_price_history returns mark price only and only for a subset of options used in volatility index calculations.|Deribit public/ticker exposes mark_iv and greeks for current/live instruments, but no official public historical point-in-time IV/Greek snapshot endpoint was found."
2025-09-20,16:00,BTC-26SEP25-128000-C,38,2025-09-19T08:00:00.000Z,2025-09-26T08:00:00.000Z,26SEP25,128000,false,false,,false,,false,,false,,false,,false,,true,116101,true,0.0005,false,0,,,,mark_price|mark_iv|delta|gamma|theta|vega,"mark_history_error:public/get_mark_price_history HTTP 400 Bad Request Invalid params:{""reason"":""instrument is not active"",""param"":""instrument_name""}|trade_candle_exists_but_mark_history_missing|Deribit public/get_mark_price_history returns mark price only and only for a subset of options used in volatility index calculations.|Deribit public/ticker exposes mark_iv and greeks for current/live instruments, but no official public historical point-in-time IV/Greek snapshot endpoint was found."
2025-09-21,08:00,BTC-26SEP25-128000-C,38,2025-09-19T08:00:00.000Z,2025-09-26T08:00:00.000Z,26SEP25,128000,false,false,,false,,false,,false,,false,,false,,true,115683,true,0.0005,false,0,,,,mark_price|mark_iv|delta|gamma|theta|vega,"mark_history_error:public/get_mark_price_history HTTP 400 Bad Request Invalid params:{""reason"":""instrument is not active"",""param"":""instrument_name""}|trade_candle_exists_but_mark_history_missing|Deribit public/get_mark_price_history returns mark price only and only for a subset of options used in volatility index calculations.|Deribit public/ticker exposes mark_iv and greeks for current/live instruments, but no official public historical point-in-time IV/Greek snapshot endpoint was found."
2025-09-21,14:00,BTC-26SEP25-128000-C,38,2025-09-19T08:00:00.000Z,2025-09-26T08:00:00.000Z,26SEP25,128000,false,false,,false,,false,,false,,false,,false,,true,115580,true,0.0005,false,0,,,,mark_price|mark_iv|delta|gamma|theta|vega,"mark_history_error:public/get_mark_price_history HTTP 400 Bad Request Invalid params:{""reason"":""instrument is not active"",""param"":""instrument_name""}|trade_candle_exists_but_mark_history_missing|Deribit public/get_mark_price_history returns mark price only and only for a subset of options used in volatility index calculations.|Deribit public/ticker exposes mark_iv and greeks for current/live instruments, but no official public historical point-in-time IV/Greek snapshot endpoint was found."
2025-09-21,16:00,BTC-26SEP25-128000-C,38,2025-09-19T08:00:00.000Z,2025-09-26T08:00:00.000Z,26SEP25,128000,false,false,,false,,false,,false,,false,,false,,true,115390,true,0.0005,false,0,,,,mark_price|mark_iv|delta|gamma|theta|vega,"mark_history_error:public/get_mark_price_history HTTP 400 Bad Request Invalid params:{""reason"":""instrument is not active"",""param"":""instrument_name""}|trade_candle_exists_but_mark_history_missing|Deribit public/get_mark_price_history returns mark price only and only for a subset of options used in volatility index calculations.|Deribit public/ticker exposes mark_iv and greeks for current/live instruments, but no official public historical point-in-time IV/Greek snapshot endpoint was found."
2025-09-22,08:00,BTC-26SEP25-128000-C,38,2025-09-19T08:00:00.000Z,2025-09-26T08:00:00.000Z,26SEP25,128000,false,false,,false,,false,,false,,false,,false,,true,112755,true,0.0005,false,0,,,,mark_price|mark_iv|delta|gamma|theta|vega,"mark_history_error:public/get_mark_price_history HTTP 400 Bad Request Invalid params:{""reason"":""instrument is not active"",""param"":""instrument_name""}|trade_candle_exists_but_mark_history_missing|Deribit public/get_mark_price_history returns mark price only and only for a subset of options used in volatility index calculations.|Deribit public/ticker exposes mark_iv and greeks for current/live instruments, but no official public historical point-in-time IV/Greek snapshot endpoint was found."
2025-09-22,14:00,BTC-26SEP25-128000-C,38,2025-09-19T08:00:00.000Z,2025-09-26T08:00:00.000Z,26SEP25,128000,false,false,,false,,false,,false,,false,,false,,true,113047.5,true,0.0003,false,0,,,,mark_price|mark_iv|delta|gamma|theta|vega,"mark_history_error:public/get_mark_price_history HTTP 400 Bad Request Invalid params:{""reason"":""instrument is not active"",""param"":""instrument_name""}|trade_candle_exists_but_mark_history_missing|Deribit public/get_mark_price_history returns mark price only and only for a subset of options used in volatility index calculations.|Deribit public/ticker exposes mark_iv and greeks for current/live instruments, but no official public historical point-in-time IV/Greek snapshot endpoint was found."
2025-09-22,16:00,BTC-26SEP25-128000-C,38,2025-09-19T08:00:00.000Z,2025-09-26T08:00:00.000Z,26SEP25,128000,false,false,,false,,false,,false,,false,,false,,true,112696,true,0.0003,false,0,,,,mark_price|mark_iv|delta|gamma|theta|vega,"mark_history_error:public/get_mark_price_history HTTP 400 Bad Request Invalid params:{""reason"":""instrument is not active"",""param"":""instrument_name""}|trade_candle_exists_but_mark_history_missing|Deribit public/get_mark_price_history returns mark price only and only for a subset of options used in volatility index calculations.|Deribit public/ticker exposes mark_iv and greeks for current/live instruments, but no official public historical point-in-time IV/Greek snapshot endpoint was found."
2025-09-23,08:00,BTC-26SEP25-128000-C,38,2025-09-19T08:00:00.000Z,2025-09-26T08:00:00.000Z,26SEP25,128000,false,false,,false,,false,,false,,false,,false,,true,113209,true,0.0001,false,0,,,,mark_price|mark_iv|delta|gamma|theta|vega,"mark_history_error:public/get_mark_price_history HTTP 400 Bad Request Invalid params:{""reason"":""instrument is not active"",""param"":""instrument_name""}|trade_candle_exists_but_mark_history_missing|Deribit public/get_mark_price_history returns mark price only and only for a subset of options used in volatility index calculations.|Deribit public/ticker exposes mark_iv and greeks for current/live instruments, but no official public historical point-in-time IV/Greek snapshot endpoint was found."
2025-09-23,14:00,BTC-26SEP25-128000-C,38,2025-09-19T08:00:00.000Z,2025-09-26T08:00:00.000Z,26SEP25,128000,false,false,,false,,false,,false,,false,,false,,true,112739.5,true,0.0001,false,0,,,,mark_price|mark_iv|delta|gamma|theta|vega,"mark_history_error:public/get_mark_price_history HTTP 400 Bad Request Invalid params:{""reason"":""instrument is not active"",""param"":""instrument_name""}|trade_candle_exists_but_mark_history_missing|Deribit public/get_mark_price_history returns mark price only and only for a subset of options used in volatility index calculations.|Deribit public/ticker exposes mark_iv and greeks for current/live instruments, but no official public historical point-in-time IV/Greek snapshot endpoint was found."
2025-09-23,16:00,BTC-26SEP25-128000-C,38,2025-09-19T08:00:00.000Z,2025-09-26T08:00:00.000Z,26SEP25,128000,false,false,,false,,false,,false,,false,,false,,true,112913.5,true,0.0001,false,0,,,,mark_price|mark_iv|delta|gamma|theta|vega,"mark_history_error:public/get_mark_price_history HTTP 400 Bad Request Invalid params:{""reason"":""instrument is not active"",""param"":""instrument_name""}|trade_candle_exists_but_mark_history_missing|Deribit public/get_mark_price_history returns mark price only and only for a subset of options used in volatility index calculations.|Deribit public/ticker exposes mark_iv and greeks for current/live instruments, but no official public historical point-in-time IV/Greek snapshot endpoint was found."
2025-09-24,08:00,BTC-26SEP25-128000-C,38,2025-09-19T08:00:00.000Z,2025-09-26T08:00:00.000Z,26SEP25,128000,false,false,,false,,false,,false,,false,,false,,true,112684,true,0.0001,false,0,,,,mark_price|mark_iv|delta|gamma|theta|vega,"mark_history_error:public/get_mark_price_history HTTP 400 Bad Request Invalid params:{""reason"":""instrument is not active"",""param"":""instrument_name""}|trade_candle_exists_but_mark_history_missing|Deribit public/get_mark_price_history returns mark price only and only for a subset of options used in volatility index calculations.|Deribit public/ticker exposes mark_iv and greeks for current/live instruments, but no official public historical point-in-time IV/Greek snapshot endpoint was found."
2025-09-24,14:00,BTC-26SEP25-128000-C,38,2025-09-19T08:00:00.000Z,2025-09-26T08:00:00.000Z,26SEP25,128000,false,false,,false,,false,,false,,false,,false,,true,113788,true,0.0001,false,0,,,,mark_price|mark_iv|delta|gamma|theta|vega,"mark_history_error:public/get_mark_price_history HTTP 400 Bad Request Invalid params:{""reason"":""instrument is not active"",""param"":""instrument_name""}|trade_candle_exists_but_mark_history_missing|Deribit public/get_mark_price_history returns mark price only and only for a subset of options used in volatility index calculations.|Deribit public/ticker exposes mark_iv and greeks for current/live instruments, but no official public historical point-in-time IV/Greek snapshot endpoint was found."
2025-09-24,16:00,BTC-26SEP25-128000-C,38,2025-09-19T08:00:00.000Z,2025-09-26T08:00:00.000Z,26SEP25,128000,false,false,,false,,false,,false,,false,,false,,true,113798.5,true,0.0001,false,0,,,,mark_price|mark_iv|delta|gamma|theta|vega,"mark_history_error:public/get_mark_price_history HTTP 400 Bad Request Invalid params:{""reason"":""instrument is not active"",""param"":""instrument_name""}|trade_candle_exists_but_mark_history_missing|Deribit public/get_mark_price_history returns mark price only and only for a subset of options used in volatility index calculations.|Deribit public/ticker exposes mark_iv and greeks for current/live instruments, but no official public historical point-in-time IV/Greek snapshot endpoint was found."
2025-09-25,08:00,BTC-26SEP25-128000-C,38,2025-09-19T08:00:00.000Z,2025-09-26T08:00:00.000Z,26SEP25,128000,false,false,,false,,false,,false,,false,,false,,true,111825.5,true,0.0001,false,0,,,,mark_price|mark_iv|delta|gamma|theta|vega,"mark_history_error:public/get_mark_price_history HTTP 400 Bad Request Invalid params:{""reason"":""instrument is not active"",""param"":""instrument_name""}|trade_candle_exists_but_mark_history_missing|Deribit public/get_mark_price_history returns mark price only and only for a subset of options used in volatility index calculations.|Deribit public/ticker exposes mark_iv and greeks for current/live instruments, but no official public historical point-in-time IV/Greek snapshot endpoint was found."
2025-09-25,14:00,BTC-26SEP25-128000-C,38,2025-09-19T08:00:00.000Z,2025-09-26T08:00:00.000Z,26SEP25,128000,false,false,,false,,false,,false,,false,,false,,true,111637,true,0.0001,false,0,,,,mark_price|mark_iv|delta|gamma|theta|vega,"mark_history_error:public/get_mark_price_history HTTP 400 Bad Request Invalid params:{""reason"":""instrument is not active"",""param"":""instrument_name""}|trade_candle_exists_but_mark_history_missing|Deribit public/get_mark_price_history returns mark price only and only for a subset of options used in volatility index calculations.|Deribit public/ticker exposes mark_iv and greeks for current/live instruments, but no official public historical point-in-time IV/Greek snapshot endpoint was found."
2025-09-25,16:00,BTC-26SEP25-128000-C,38,2025-09-19T08:00:00.000Z,2025-09-26T08:00:00.000Z,26SEP25,128000,false,false,,false,,false,,false,,false,,false,,true,111019.5,true,0.0001,false,0,,,,mark_price|mark_iv|delta|gamma|theta|vega,"mark_history_error:public/get_mark_price_history HTTP 400 Bad Request Invalid params:{""reason"":""instrument is not active"",""param"":""instrument_name""}|trade_candle_exists_but_mark_history_missing|Deribit public/get_mark_price_history returns mark price only and only for a subset of options used in volatility index calculations.|Deribit public/ticker exposes mark_iv and greeks for current/live instruments, but no official public historical point-in-time IV/Greek snapshot endpoint was found."
2025-10-03,08:00,BTC-10OCT25-130000-C,40,2025-10-03T08:00:00.000Z,2025-10-10T08:00:00.000Z,10OCT25,130000,false,false,,false,,false,,false,,false,,false,,true,120237,true,0.0014,false,0,,,,mark_price|mark_iv|delta|gamma|theta|vega,"mark_history_error:public/get_mark_price_history HTTP 400 Bad Request Invalid params:{""reason"":""instrument is not active"",""param"":""instrument_name""}|trade_candle_exists_but_mark_history_missing|Deribit public/get_mark_price_history returns mark price only and only for a subset of options used in volatility index calculations.|Deribit public/ticker exposes mark_iv and greeks for current/live instruments, but no official public historical point-in-time IV/Greek snapshot endpoint was found."
2025-10-03,14:00,BTC-10OCT25-130000-C,40,2025-10-03T08:00:00.000Z,2025-10-10T08:00:00.000Z,10OCT25,130000,false,false,,false,,false,,false,,false,,false,,true,121045,true,0.0017,false,0,,,,mark_price|mark_iv|delta|gamma|theta|vega,"mark_history_error:public/get_mark_price_history HTTP 400 Bad Request Invalid params:{""reason"":""instrument is not active"",""param"":""instrument_name""}|trade_candle_exists_but_mark_history_missing|Deribit public/get_mark_price_history returns mark price only and only for a subset of options used in volatility index calculations.|Deribit public/ticker exposes mark_iv and greeks for current/live instruments, but no official public historical point-in-time IV/Greek snapshot endpoint was found."
2025-10-03,16:00,BTC-10OCT25-130000-C,40,2025-10-03T08:00:00.000Z,2025-10-10T08:00:00.000Z,10OCT25,130000,false,false,,false,,false,,false,,false,,false,,true,122676.5,true,0.0045,false,0,,,,mark_price|mark_iv|delta|gamma|theta|vega,"mark_history_error:public/get_mark_price_history HTTP 400 Bad Request Invalid params:{""reason"":""instrument is not active"",""param"":""instrument_name""}|trade_candle_exists_but_mark_history_missing|Deribit public/get_mark_price_history returns mark price only and only for a subset of options used in volatility index calculations.|Deribit public/ticker exposes mark_iv and greeks for current/live instruments, but no official public historical point-in-time IV/Greek snapshot endpoint was found."
2025-10-04,08:00,BTC-10OCT25-130000-C,40,2025-10-03T08:00:00.000Z,2025-10-10T08:00:00.000Z,10OCT25,130000,false,false,,false,,false,,false,,false,,false,,true,122432.5,true,0.002,false,0,,,,mark_price|mark_iv|delta|gamma|theta|vega,"mark_history_error:public/get_mark_price_history HTTP 400 Bad Request Invalid params:{""reason"":""instrument is not active"",""param"":""instrument_name""}|trade_candle_exists_but_mark_history_missing|Deribit public/get_mark_price_history returns mark price only and only for a subset of options used in volatility index calculations.|Deribit public/ticker exposes mark_iv and greeks for current/live instruments, but no official public historical point-in-time IV/Greek snapshot endpoint was found."
2025-10-04,14:00,BTC-10OCT25-130000-C,40,2025-10-03T08:00:00.000Z,2025-10-10T08:00:00.000Z,10OCT25,130000,false,false,,false,,false,,false,,false,,false,,true,122139.5,true,0.002,false,0,,,,mark_price|mark_iv|delta|gamma|theta|vega,"mark_history_error:public/get_mark_price_history HTTP 400 Bad Request Invalid params:{""reason"":""instrument is not active"",""param"":""instrument_name""}|trade_candle_exists_but_mark_history_missing|Deribit public/get_mark_price_history returns mark price only and only for a subset of options used in volatility index calculations.|Deribit public/ticker exposes mark_iv and greeks for current/live instruments, but no official public historical point-in-time IV/Greek snapshot endpoint was found."
2025-10-04,16:00,BTC-10OCT25-130000-C,40,2025-10-03T08:00:00.000Z,2025-10-10T08:00:00.000Z,10OCT25,130000,false,false,,false,,false,,false,,false,,false,,true,121814.5,true,0.002,false,0,,,,mark_price|mark_iv|delta|gamma|theta|vega,"mark_history_error:public/get_mark_price_history HTTP 400 Bad Request Invalid params:{""reason"":""instrument is not active"",""param"":""instrument_name""}|trade_candle_exists_but_mark_history_missing|Deribit public/get_mark_price_history returns mark price only and only for a subset of options used in volatility index calculations.|Deribit public/ticker exposes mark_iv and greeks for current/live instruments, but no official public historical point-in-time IV/Greek snapshot endpoint was found."
2025-10-05,08:00,BTC-10OCT25-130000-C,40,2025-10-03T08:00:00.000Z,2025-10-10T08:00:00.000Z,10OCT25,130000,false,false,,false,,false,,false,,false,,false,,true,124665.5,true,0.005,false,0,,,,mark_price|mark_iv|delta|gamma|theta|vega,"mark_history_error:public/get_mark_price_history HTTP 400 Bad Request Invalid params:{""reason"":""instrument is not active"",""param"":""instrument_name""}|trade_candle_exists_but_mark_history_missing|Deribit public/get_mark_price_history returns mark price only and only for a subset of options used in volatility index calculations.|Deribit public/ticker exposes mark_iv and greeks for current/live instruments, but no official public historical point-in-time IV/Greek snapshot endpoint was found."
2025-10-05,14:00,BTC-10OCT25-130000-C,40,2025-10-03T08:00:00.000Z,2025-10-10T08:00:00.000Z,10OCT25,130000,false,false,,false,,false,,false,,false,,false,,true,123122,true,0.0025,false,0,,,,mark_price|mark_iv|delta|gamma|theta|vega,"mark_history_error:public/get_mark_price_history HTTP 400 Bad Request Invalid params:{""reason"":""instrument is not active"",""param"":""instrument_name""}|trade_candle_exists_but_mark_history_missing|Deribit public/get_mark_price_history returns mark price only and only for a subset of options used in volatility index calculations.|Deribit public/ticker exposes mark_iv and greeks for current/live instruments, but no official public historical point-in-time IV/Greek snapshot endpoint was found."
2025-10-05,16:00,BTC-10OCT25-130000-C,40,2025-10-03T08:00:00.000Z,2025-10-10T08:00:00.000Z,10OCT25,130000,false,false,,false,,false,,false,,false,,false,,true,123382,true,0.0024,false,0,,,,mark_price|mark_iv|delta|gamma|theta|vega,"mark_history_error:public/get_mark_price_history HTTP 400 Bad Request Invalid params:{""reason"":""instrument is not active"",""param"":""instrument_name""}|trade_candle_exists_but_mark_history_missing|Deribit public/get_mark_price_history returns mark price only and only for a subset of options used in volatility index calculations.|Deribit public/ticker exposes mark_iv and greeks for current/live instruments, but no official public historical point-in-time IV/Greek snapshot endpoint was found."
2025-10-06,08:00,BTC-10OCT25-130000-C,40,2025-10-03T08:00:00.000Z,2025-10-10T08:00:00.000Z,10OCT25,130000,false,false,,false,,false,,false,,false,,false,,true,123925,true,0.0029,false,0,,,,mark_price|mark_iv|delta|gamma|theta|vega,"mark_history_error:public/get_mark_price_history HTTP 400 Bad Request Invalid params:{""reason"":""instrument is not active"",""param"":""instrument_name""}|trade_candle_exists_but_mark_history_missing|Deribit public/get_mark_price_history returns mark price only and only for a subset of options used in volatility index calculations.|Deribit public/ticker exposes mark_iv and greeks for current/live instruments, but no official public historical point-in-time IV/Greek snapshot endpoint was found."
2025-10-06,14:00,BTC-10OCT25-130000-C,40,2025-10-03T08:00:00.000Z,2025-10-10T08:00:00.000Z,10OCT25,130000,false,false,,false,,false,,false,,false,,false,,true,124605.5,true,0.0031,false,0,,,,mark_price|mark_iv|delta|gamma|theta|vega,"mark_history_error:public/get_mark_price_history HTTP 400 Bad Request Invalid params:{""reason"":""instrument is not active"",""param"":""instrument_name""}|trade_candle_exists_but_mark_history_missing|Deribit public/get_mark_price_history returns mark price only and only for a subset of options used in volatility index calculations.|Deribit public/ticker exposes mark_iv and greeks for current/live instruments, but no official public historical point-in-time IV/Greek snapshot endpoint was found."
2025-10-06,16:00,BTC-10OCT25-130000-C,40,2025-10-03T08:00:00.000Z,2025-10-10T08:00:00.000Z,10OCT25,130000,false,false,,false,,false,,false,,false,,false,,true,125576,true,0.0035,false,0,,,,mark_price|mark_iv|delta|gamma|theta|vega,"mark_history_error:public/get_mark_price_history HTTP 400 Bad Request Invalid params:{""reason"":""instrument is not active"",""param"":""instrument_name""}|trade_candle_exists_but_mark_history_missing|Deribit public/get_mark_price_history returns mark price only and only for a subset of options used in volatility index calculations.|Deribit public/ticker exposes mark_iv and greeks for current/live instruments, but no official public historical point-in-time IV/Greek snapshot endpoint was found."
2025-10-07,08:00,BTC-10OCT25-130000-C,40,2025-10-03T08:00:00.000Z,2025-10-10T08:00:00.000Z,10OCT25,130000,false,false,,false,,false,,false,,false,,false,,true,123967,true,0.0011,false,0,,,,mark_price|mark_iv|delta|gamma|theta|vega,"mark_history_error:public/get_mark_price_history HTTP 400 Bad Request Invalid params:{""reason"":""instrument is not active"",""param"":""instrument_name""}|trade_candle_exists_but_mark_history_missing|Deribit public/get_mark_price_history returns mark price only and only for a subset of options used in volatility index calculations.|Deribit public/ticker exposes mark_iv and greeks for current/live instruments, but no official public historical point-in-time IV/Greek snapshot endpoint was found."
2025-10-07,14:00,BTC-10OCT25-130000-C,40,2025-10-03T08:00:00.000Z,2025-10-10T08:00:00.000Z,10OCT25,130000,false,false,,false,,false,,false,,false,,false,,true,122867.5,true,0.0009,false,0,,,,mark_price|mark_iv|delta|gamma|theta|vega,"mark_history_error:public/get_mark_price_history HTTP 400 Bad Request Invalid params:{""reason"":""instrument is not active"",""param"":""instrument_name""}|trade_candle_exists_but_mark_history_missing|Deribit public/get_mark_price_history returns mark price only and only for a subset of options used in volatility index calculations.|Deribit public/ticker exposes mark_iv and greeks for current/live instruments, but no official public historical point-in-time IV/Greek snapshot endpoint was found."
2025-10-07,16:00,BTC-10OCT25-130000-C,40,2025-10-03T08:00:00.000Z,2025-10-10T08:00:00.000Z,10OCT25,130000,false,false,,false,,false,,false,,false,,false,,true,121791,true,0.0004,false,0,,,,mark_price|mark_iv|delta|gamma|theta|vega,"mark_history_error:public/get_mark_price_history HTTP 400 Bad Request Invalid params:{""reason"":""instrument is not active"",""param"":""instrument_name""}|trade_candle_exists_but_mark_history_missing|Deribit public/get_mark_price_history returns mark price only and only for a subset of options used in volatility index calculations.|Deribit public/ticker exposes mark_iv and greeks for current/live instruments, but no official public historical point-in-time IV/Greek snapshot endpoint was found."
2025-10-08,08:00,BTC-10OCT25-130000-C,40,2025-10-03T08:00:00.000Z,2025-10-10T08:00:00.000Z,10OCT25,130000,false,false,,false,,false,,false,,false,,false,,true,122467.5,true,0.0002,false,0,,,,mark_price|mark_iv|delta|gamma|theta|vega,"mark_history_error:public/get_mark_price_history HTTP 400 Bad Request Invalid params:{""reason"":""instrument is not active"",""param"":""instrument_name""}|trade_candle_exists_but_mark_history_missing|Deribit public/get_mark_price_history returns mark price only and only for a subset of options used in volatility index calculations.|Deribit public/ticker exposes mark_iv and greeks for current/live instruments, but no official public historical point-in-time IV/Greek snapshot endpoint was found."
2025-10-08,14:00,BTC-10OCT25-130000-C,40,2025-10-03T08:00:00.000Z,2025-10-10T08:00:00.000Z,10OCT25,130000,false,false,,false,,false,,false,,false,,false,,true,122393.5,true,0.0003,false,0,,,,mark_price|mark_iv|delta|gamma|theta|vega,"mark_history_error:public/get_mark_price_history HTTP 400 Bad Request Invalid params:{""reason"":""instrument is not active"",""param"":""instrument_name""}|trade_candle_exists_but_mark_history_missing|Deribit public/get_mark_price_history returns mark price only and only for a subset of options used in volatility index calculations.|Deribit public/ticker exposes mark_iv and greeks for current/live instruments, but no official public historical point-in-time IV/Greek snapshot endpoint was found."
2025-10-08,16:00,BTC-10OCT25-130000-C,40,2025-10-03T08:00:00.000Z,2025-10-10T08:00:00.000Z,10OCT25,130000,false,false,,false,,false,,false,,false,,false,,true,123114,true,0.0002,false,0,,,,mark_price|mark_iv|delta|gamma|theta|vega,"mark_history_error:public/get_mark_price_history HTTP 400 Bad Request Invalid params:{""reason"":""instrument is not active"",""param"":""instrument_name""}|trade_candle_exists_but_mark_history_missing|Deribit public/get_mark_price_history returns mark price only and only for a subset of options used in volatility index calculations.|Deribit public/ticker exposes mark_iv and greeks for current/live instruments, but no official public historical point-in-time IV/Greek snapshot endpoint was found."
2025-10-09,08:00,BTC-10OCT25-130000-C,40,2025-10-03T08:00:00.000Z,2025-10-10T08:00:00.000Z,10OCT25,130000,false,false,,false,,false,,false,,false,,false,,true,121305.5,true,0.0001,false,0,,,,mark_price|mark_iv|delta|gamma|theta|vega,"mark_history_error:public/get_mark_price_history HTTP 400 Bad Request Invalid params:{""reason"":""instrument is not active"",""param"":""instrument_name""}|trade_candle_exists_but_mark_history_missing|Deribit public/get_mark_price_history returns mark price only and only for a subset of options used in volatility index calculations.|Deribit public/ticker exposes mark_iv and greeks for current/live instruments, but no official public historical point-in-time IV/Greek snapshot endpoint was found."
2025-10-09,14:00,BTC-10OCT25-130000-C,40,2025-10-03T08:00:00.000Z,2025-10-10T08:00:00.000Z,10OCT25,130000,false,false,,false,,false,,false,,false,,false,,true,121377,true,0.0002,false,0,,,,mark_price|mark_iv|delta|gamma|theta|vega,"mark_history_error:public/get_mark_price_history HTTP 400 Bad Request Invalid params:{""reason"":""instrument is not active"",""param"":""instrument_name""}|trade_candle_exists_but_mark_history_missing|Deribit public/get_mark_price_history returns mark price only and only for a subset of options used in volatility index calculations.|Deribit public/ticker exposes mark_iv and greeks for current/live instruments, but no official public historical point-in-time IV/Greek snapshot endpoint was found."
2025-10-09,16:00,BTC-10OCT25-130000-C,40,2025-10-03T08:00:00.000Z,2025-10-10T08:00:00.000Z,10OCT25,130000,false,false,,false,,false,,false,,false,,false,,true,119924,true,0.0001,false,0,,,,mark_price|mark_iv|delta|gamma|theta|vega,"mark_history_error:public/get_mark_price_history HTTP 400 Bad Request Invalid params:{""reason"":""instrument is not active"",""param"":""instrument_name""}|trade_candle_exists_but_mark_history_missing|Deribit public/get_mark_price_history returns mark price only and only for a subset of options used in volatility index calculations.|Deribit public/ticker exposes mark_iv and greeks for current/live instruments, but no official public historical point-in-time IV/Greek snapshot endpoint was found."
2025-10-10,08:00,BTC-17OCT25-132000-C,41,2025-10-10T08:00:00.000Z,2025-10-17T08:00:00.000Z,17OCT25,132000,false,false,,false,,false,,false,,false,,false,,true,121693.5,true,0.0013,false,0,,,,mark_price|mark_iv|delta|gamma|theta|vega,"mark_history_error:public/get_mark_price_history HTTP 400 Bad Request Invalid params:{""reason"":""instrument is not active"",""param"":""instrument_name""}|trade_candle_exists_but_mark_history_missing|Deribit public/get_mark_price_history returns mark price only and only for a subset of options used in volatility index calculations.|Deribit public/ticker exposes mark_iv and greeks for current/live instruments, but no official public historical point-in-time IV/Greek snapshot endpoint was found."
2025-10-10,14:00,BTC-17OCT25-132000-C,41,2025-10-10T08:00:00.000Z,2025-10-17T08:00:00.000Z,17OCT25,132000,false,false,,false,,false,,false,,false,,false,,true,120540.5,true,0.001,false,0,,,,mark_price|mark_iv|delta|gamma|theta|vega,"mark_history_error:public/get_mark_price_history HTTP 400 Bad Request Invalid params:{""reason"":""instrument is not active"",""param"":""instrument_name""}|trade_candle_exists_but_mark_history_missing|Deribit public/get_mark_price_history returns mark price only and only for a subset of options used in volatility index calculations.|Deribit public/ticker exposes mark_iv and greeks for current/live instruments, but no official public historical point-in-time IV/Greek snapshot endpoint was found."
2025-10-10,16:00,BTC-17OCT25-132000-C,41,2025-10-10T08:00:00.000Z,2025-10-17T08:00:00.000Z,17OCT25,132000,false,false,,false,,false,,false,,false,,false,,true,118268,true,0.0008,false,0,,,,mark_price|mark_iv|delta|gamma|theta|vega,"mark_history_error:public/get_mark_price_history HTTP 400 Bad Request Invalid params:{""reason"":""instrument is not active"",""param"":""instrument_name""}|trade_candle_exists_but_mark_history_missing|Deribit public/get_mark_price_history returns mark price only and only for a subset of options used in volatility index calculations.|Deribit public/ticker exposes mark_iv and greeks for current/live instruments, but no official public historical point-in-time IV/Greek snapshot endpoint was found."
2025-10-11,08:00,BTC-17OCT25-132000-C,41,2025-10-10T08:00:00.000Z,2025-10-17T08:00:00.000Z,17OCT25,132000,false,false,,false,,false,,false,,false,,false,,true,111484.5,true,0.0011,false,0,,,,mark_price|mark_iv|delta|gamma|theta|vega,"mark_history_error:public/get_mark_price_history HTTP 400 Bad Request Invalid params:{""reason"":""instrument is not active"",""param"":""instrument_name""}|trade_candle_exists_but_mark_history_missing|Deribit public/get_mark_price_history returns mark price only and only for a subset of options used in volatility index calculations.|Deribit public/ticker exposes mark_iv and greeks for current/live instruments, but no official public historical point-in-time IV/Greek snapshot endpoint was found."
2025-10-11,14:00,BTC-17OCT25-132000-C,41,2025-10-10T08:00:00.000Z,2025-10-17T08:00:00.000Z,17OCT25,132000,false,false,,false,,false,,false,,false,,false,,true,112146.5,true,0.0011,false,0,,,,mark_price|mark_iv|delta|gamma|theta|vega,"mark_history_error:public/get_mark_price_history HTTP 400 Bad Request Invalid params:{""reason"":""instrument is not active"",""param"":""instrument_name""}|trade_candle_exists_but_mark_history_missing|Deribit public/get_mark_price_history returns mark price only and only for a subset of options used in volatility index calculations.|Deribit public/ticker exposes mark_iv and greeks for current/live instruments, but no official public historical point-in-time IV/Greek snapshot endpoint was found."
2025-10-11,16:00,BTC-17OCT25-132000-C,41,2025-10-10T08:00:00.000Z,2025-10-17T08:00:00.000Z,17OCT25,132000,false,false,,false,,false,,false,,false,,false,,true,111989.5,true,0.0008,false,0,,,,mark_price|mark_iv|delta|gamma|theta|vega,"mark_history_error:public/get_mark_price_history HTTP 400 Bad Request Invalid params:{""reason"":""instrument is not active"",""param"":""instrument_name""}|trade_candle_exists_but_mark_history_missing|Deribit public/get_mark_price_history returns mark price only and only for a subset of options used in volatility index calculations.|Deribit public/ticker exposes mark_iv and greeks for current/live instruments, but no official public historical point-in-time IV/Greek snapshot endpoint was found."
2025-10-12,08:00,BTC-17OCT25-132000-C,41,2025-10-10T08:00:00.000Z,2025-10-17T08:00:00.000Z,17OCT25,132000,false,false,,false,,false,,false,,false,,false,,true,111400,true,0.0005,false,0,,,,mark_price|mark_iv|delta|gamma|theta|vega,"mark_history_error:public/get_mark_price_history HTTP 400 Bad Request Invalid params:{""reason"":""instrument is not active"",""param"":""instrument_name""}|trade_candle_exists_but_mark_history_missing|Deribit public/get_mark_price_history returns mark price only and only for a subset of options used in volatility index calculations.|Deribit public/ticker exposes mark_iv and greeks for current/live instruments, but no official public historical point-in-time IV/Greek snapshot endpoint was found."
2025-10-12,14:00,BTC-17OCT25-132000-C,41,2025-10-10T08:00:00.000Z,2025-10-17T08:00:00.000Z,17OCT25,132000,false,false,,false,,false,,false,,false,,false,,true,112411.5,true,0.0005,false,0,,,,mark_price|mark_iv|delta|gamma|theta|vega,"mark_history_error:public/get_mark_price_history HTTP 400 Bad Request Invalid params:{""reason"":""instrument is not active"",""param"":""instrument_name""}|trade_candle_exists_but_mark_history_missing|Deribit public/get_mark_price_history returns mark price only and only for a subset of options used in volatility index calculations.|Deribit public/ticker exposes mark_iv and greeks for current/live instruments, but no official public historical point-in-time IV/Greek snapshot endpoint was found."
2025-10-12,16:00,BTC-17OCT25-132000-C,41,2025-10-10T08:00:00.000Z,2025-10-17T08:00:00.000Z,17OCT25,132000,false,false,,false,,false,,false,,false,,false,,true,114190,true,0.0005,false,0,,,,mark_price|mark_iv|delta|gamma|theta|vega,"mark_history_error:public/get_mark_price_history HTTP 400 Bad Request Invalid params:{""reason"":""instrument is not active"",""param"":""instrument_name""}|trade_candle_exists_but_mark_history_missing|Deribit public/get_mark_price_history returns mark price only and only for a subset of options used in volatility index calculations.|Deribit public/ticker exposes mark_iv and greeks for current/live instruments, but no official public historical point-in-time IV/Greek snapshot endpoint was found."
2025-10-13,08:00,BTC-17OCT25-132000-C,41,2025-10-10T08:00:00.000Z,2025-10-17T08:00:00.000Z,17OCT25,132000,false,false,,false,,false,,false,,false,,false,,true,115374.5,true,0.0007,false,0,,,,mark_price|mark_iv|delta|gamma|theta|vega,"mark_history_error:public/get_mark_price_history HTTP 400 Bad Request Invalid params:{""reason"":""instrument is not active"",""param"":""instrument_name""}|trade_candle_exists_but_mark_history_missing|Deribit public/get_mark_price_history returns mark price only and only for a subset of options used in volatility index calculations.|Deribit public/ticker exposes mark_iv and greeks for current/live instruments, but no official public historical point-in-time IV/Greek snapshot endpoint was found."
2025-10-13,14:00,BTC-17OCT25-132000-C,41,2025-10-10T08:00:00.000Z,2025-10-17T08:00:00.000Z,17OCT25,132000,false,false,,false,,false,,false,,false,,false,,true,114131,true,0.0006,false,0,,,,mark_price|mark_iv|delta|gamma|theta|vega,"mark_history_error:public/get_mark_price_history HTTP 400 Bad Request Invalid params:{""reason"":""instrument is not active"",""param"":""instrument_name""}|trade_candle_exists_but_mark_history_missing|Deribit public/get_mark_price_history returns mark price only and only for a subset of options used in volatility index calculations.|Deribit public/ticker exposes mark_iv and greeks for current/live instruments, but no official public historical point-in-time IV/Greek snapshot endpoint was found."
2025-10-13,16:00,BTC-17OCT25-132000-C,41,2025-10-10T08:00:00.000Z,2025-10-17T08:00:00.000Z,17OCT25,132000,false,false,,false,,false,,false,,false,,false,,true,114777.5,true,0.0004,false,0,,,,mark_price|mark_iv|delta|gamma|theta|vega,"mark_history_error:public/get_mark_price_history HTTP 400 Bad Request Invalid params:{""reason"":""instrument is not active"",""param"":""instrument_name""}|trade_candle_exists_but_mark_history_missing|Deribit public/get_mark_price_history returns mark price only and only for a subset of options used in volatility index calculations.|Deribit public/ticker exposes mark_iv and greeks for current/live instruments, but no official public historical point-in-time IV/Greek snapshot endpoint was found."
2025-10-14,08:00,BTC-17OCT25-132000-C,41,2025-10-10T08:00:00.000Z,2025-10-17T08:00:00.000Z,17OCT25,132000,false,false,,false,,false,,false,,false,,false,,true,111908,true,0.0002,false,0,,,,mark_price|mark_iv|delta|gamma|theta|vega,"mark_history_error:public/get_mark_price_history HTTP 400 Bad Request Invalid params:{""reason"":""instrument is not active"",""param"":""instrument_name""}|trade_candle_exists_but_mark_history_missing|Deribit public/get_mark_price_history returns mark price only and only for a subset of options used in volatility index calculations.|Deribit public/ticker exposes mark_iv and greeks for current/live instruments, but no official public historical point-in-time IV/Greek snapshot endpoint was found."
2025-10-14,14:00,BTC-17OCT25-132000-C,41,2025-10-10T08:00:00.000Z,2025-10-17T08:00:00.000Z,17OCT25,132000,false,false,,false,,false,,false,,false,,false,,true,111502,true,0.0001,false,0,,,,mark_price|mark_iv|delta|gamma|theta|vega,"mark_history_error:public/get_mark_price_history HTTP 400 Bad Request Invalid params:{""reason"":""instrument is not active"",""param"":""instrument_name""}|trade_candle_exists_but_mark_history_missing|Deribit public/get_mark_price_history returns mark price only and only for a subset of options used in volatility index calculations.|Deribit public/ticker exposes mark_iv and greeks for current/live instruments, but no official public historical point-in-time IV/Greek snapshot endpoint was found."
2025-10-14,16:00,BTC-17OCT25-132000-C,41,2025-10-10T08:00:00.000Z,2025-10-17T08:00:00.000Z,17OCT25,132000,false,false,,false,,false,,false,,false,,false,,true,112420,true,0.0001,false,0,,,,mark_price|mark_iv|delta|gamma|theta|vega,"mark_history_error:public/get_mark_price_history HTTP 400 Bad Request Invalid params:{""reason"":""instrument is not active"",""param"":""instrument_name""}|trade_candle_exists_but_mark_history_missing|Deribit public/get_mark_price_history returns mark price only and only for a subset of options used in volatility index calculations.|Deribit public/ticker exposes mark_iv and greeks for current/live instruments, but no official public historical point-in-time IV/Greek snapshot endpoint was found."
2025-10-15,08:00,BTC-17OCT25-132000-C,41,2025-10-10T08:00:00.000Z,2025-10-17T08:00:00.000Z,17OCT25,132000,false,false,,false,,false,,false,,false,,false,,true,113071,true,0.0001,false,0,,,,mark_price|mark_iv|delta|gamma|theta|vega,"mark_history_error:public/get_mark_price_history HTTP 400 Bad Request Invalid params:{""reason"":""instrument is not active"",""param"":""instrument_name""}|trade_candle_exists_but_mark_history_missing|Deribit public/get_mark_price_history returns mark price only and only for a subset of options used in volatility index calculations.|Deribit public/ticker exposes mark_iv and greeks for current/live instruments, but no official public historical point-in-time IV/Greek snapshot endpoint was found."
2025-10-15,14:00,BTC-17OCT25-132000-C,41,2025-10-10T08:00:00.000Z,2025-10-17T08:00:00.000Z,17OCT25,132000,false,false,,false,,false,,false,,false,,false,,true,111175.5,true,0.0001,false,0,,,,mark_price|mark_iv|delta|gamma|theta|vega,"mark_history_error:public/get_mark_price_history HTTP 400 Bad Request Invalid params:{""reason"":""instrument is not active"",""param"":""instrument_name""}|trade_candle_exists_but_mark_history_missing|Deribit public/get_mark_price_history returns mark price only and only for a subset of options used in volatility index calculations.|Deribit public/ticker exposes mark_iv and greeks for current/live instruments, but no official public historical point-in-time IV/Greek snapshot endpoint was found."
2025-10-15,16:00,BTC-17OCT25-132000-C,41,2025-10-10T08:00:00.000Z,2025-10-17T08:00:00.000Z,17OCT25,132000,false,false,,false,,false,,false,,false,,false,,true,110807.5,true,0.0001,false,0,,,,mark_price|mark_iv|delta|gamma|theta|vega,"mark_history_error:public/get_mark_price_history HTTP 400 Bad Request Invalid params:{""reason"":""instrument is not active"",""param"":""instrument_name""}|trade_candle_exists_but_mark_history_missing|Deribit public/get_mark_price_history returns mark price only and only for a subset of options used in volatility index calculations.|Deribit public/ticker exposes mark_iv and greeks for current/live instruments, but no official public historical point-in-time IV/Greek snapshot endpoint was found."
2025-10-16,08:00,BTC-17OCT25-132000-C,41,2025-10-10T08:00:00.000Z,2025-10-17T08:00:00.000Z,17OCT25,132000,false,false,,false,,false,,false,,false,,false,,true,110895,true,0.0001,false,0,,,,mark_price|mark_iv|delta|gamma|theta|vega,"mark_history_error:public/get_mark_price_history HTTP 400 Bad Request Invalid params:{""reason"":""instrument is not active"",""param"":""instrument_name""}|trade_candle_exists_but_mark_history_missing|Deribit public/get_mark_price_history returns mark price only and only for a subset of options used in volatility index calculations.|Deribit public/ticker exposes mark_iv and greeks for current/live instruments, but no official public historical point-in-time IV/Greek snapshot endpoint was found."
2025-10-16,14:00,BTC-17OCT25-132000-C,41,2025-10-10T08:00:00.000Z,2025-10-17T08:00:00.000Z,17OCT25,132000,false,false,,false,,false,,false,,false,,false,,true,110592,true,0.0001,false,0,,,,mark_price|mark_iv|delta|gamma|theta|vega,"mark_history_error:public/get_mark_price_history HTTP 400 Bad Request Invalid params:{""reason"":""instrument is not active"",""param"":""instrument_name""}|trade_candle_exists_but_mark_history_missing|Deribit public/get_mark_price_history returns mark price only and only for a subset of options used in volatility index calculations.|Deribit public/ticker exposes mark_iv and greeks for current/live instruments, but no official public historical point-in-time IV/Greek snapshot endpoint was found."
2025-10-16,16:00,BTC-17OCT25-132000-C,41,2025-10-10T08:00:00.000Z,2025-10-17T08:00:00.000Z,17OCT25,132000,false,false,,false,,false,,false,,false,,false,,true,109301,true,0.0001,false,0,,,,mark_price|mark_iv|delta|gamma|theta|vega,"mark_history_error:public/get_mark_price_history HTTP 400 Bad Request Invalid params:{""reason"":""instrument is not active"",""param"":""instrument_name""}|trade_candle_exists_but_mark_history_missing|Deribit public/get_mark_price_history returns mark price only and only for a subset of options used in volatility index calculations.|Deribit public/ticker exposes mark_iv and greeks for current/live instruments, but no official public historical point-in-time IV/Greek snapshot endpoint was found."
2025-10-17,08:00,BTC-24OCT25-116000-C,42,2025-10-17T08:00:00.000Z,2025-10-24T08:00:00.000Z,24OCT25,116000,false,false,,false,,false,,false,,false,,false,,true,104853.5,true,0.002,false,0,,,,mark_price|mark_iv|delta|gamma|theta|vega,"mark_history_error:public/get_mark_price_history HTTP 400 Bad Request Invalid params:{""reason"":""instrument is not active"",""param"":""instrument_name""}|trade_candle_exists_but_mark_history_missing|Deribit public/get_mark_price_history returns mark price only and only for a subset of options used in volatility index calculations.|Deribit public/ticker exposes mark_iv and greeks for current/live instruments, but no official public historical point-in-time IV/Greek snapshot endpoint was found."
2025-10-17,14:00,BTC-24OCT25-116000-C,42,2025-10-17T08:00:00.000Z,2025-10-24T08:00:00.000Z,24OCT25,116000,false,false,,false,,false,,false,,false,,false,,true,105180,true,0.0019,false,0,,,,mark_price|mark_iv|delta|gamma|theta|vega,"mark_history_error:public/get_mark_price_history HTTP 400 Bad Request Invalid params:{""reason"":""instrument is not active"",""param"":""instrument_name""}|trade_candle_exists_but_mark_history_missing|Deribit public/get_mark_price_history returns mark price only and only for a subset of options used in volatility index calculations.|Deribit public/ticker exposes mark_iv and greeks for current/live instruments, but no official public historical point-in-time IV/Greek snapshot endpoint was found."
2025-10-17,16:00,BTC-24OCT25-116000-C,42,2025-10-17T08:00:00.000Z,2025-10-24T08:00:00.000Z,24OCT25,116000,false,false,,false,,false,,false,,false,,false,,true,106398.5,true,0.0025,false,0,,,,mark_price|mark_iv|delta|gamma|theta|vega,"mark_history_error:public/get_mark_price_history HTTP 400 Bad Request Invalid params:{""reason"":""instrument is not active"",""param"":""instrument_name""}|trade_candle_exists_but_mark_history_missing|Deribit public/get_mark_price_history returns mark price only and only for a subset of options used in volatility index calculations.|Deribit public/ticker exposes mark_iv and greeks for current/live instruments, but no official public historical point-in-time IV/Greek snapshot endpoint was found."
2025-10-18,08:00,BTC-24OCT25-116000-C,42,2025-10-17T08:00:00.000Z,2025-10-24T08:00:00.000Z,24OCT25,116000,false,false,,false,,false,,false,,false,,false,,true,106812.5,true,0.0015,false,0,,,,mark_price|mark_iv|delta|gamma|theta|vega,"mark_history_error:public/get_mark_price_history HTTP 400 Bad Request Invalid params:{""reason"":""instrument is not active"",""param"":""instrument_name""}|trade_candle_exists_but_mark_history_missing|Deribit public/get_mark_price_history returns mark price only and only for a subset of options used in volatility index calculations.|Deribit public/ticker exposes mark_iv and greeks for current/live instruments, but no official public historical point-in-time IV/Greek snapshot endpoint was found."
2025-10-18,14:00,BTC-24OCT25-116000-C,42,2025-10-17T08:00:00.000Z,2025-10-24T08:00:00.000Z,24OCT25,116000,false,false,,false,,false,,false,,false,,false,,true,107099.5,true,0.0013,false,0,,,,mark_price|mark_iv|delta|gamma|theta|vega,"mark_history_error:public/get_mark_price_history HTTP 400 Bad Request Invalid params:{""reason"":""instrument is not active"",""param"":""instrument_name""}|trade_candle_exists_but_mark_history_missing|Deribit public/get_mark_price_history returns mark price only and only for a subset of options used in volatility index calculations.|Deribit public/ticker exposes mark_iv and greeks for current/live instruments, but no official public historical point-in-time IV/Greek snapshot endpoint was found."
2025-10-18,16:00,BTC-24OCT25-116000-C,42,2025-10-17T08:00:00.000Z,2025-10-24T08:00:00.000Z,24OCT25,116000,false,false,,false,,false,,false,,false,,false,,true,106730,true,0.0013,false,0,,,,mark_price|mark_iv|delta|gamma|theta|vega,"mark_history_error:public/get_mark_price_history HTTP 400 Bad Request Invalid params:{""reason"":""instrument is not active"",""param"":""instrument_name""}|trade_candle_exists_but_mark_history_missing|Deribit public/get_mark_price_history returns mark price only and only for a subset of options used in volatility index calculations.|Deribit public/ticker exposes mark_iv and greeks for current/live instruments, but no official public historical point-in-time IV/Greek snapshot endpoint was found."
2025-10-19,08:00,BTC-24OCT25-116000-C,42,2025-10-17T08:00:00.000Z,2025-10-24T08:00:00.000Z,24OCT25,116000,false,false,,false,,false,,false,,false,,false,,true,106477.5,true,0.0014,false,0,,,,mark_price|mark_iv|delta|gamma|theta|vega,"mark_history_error:public/get_mark_price_history HTTP 400 Bad Request Invalid params:{""reason"":""instrument is not active"",""param"":""instrument_name""}|trade_candle_exists_but_mark_history_missing|Deribit public/get_mark_price_history returns mark price only and only for a subset of options used in volatility index calculations.|Deribit public/ticker exposes mark_iv and greeks for current/live instruments, but no official public historical point-in-time IV/Greek snapshot endpoint was found."
2025-10-19,14:00,BTC-24OCT25-116000-C,42,2025-10-17T08:00:00.000Z,2025-10-24T08:00:00.000Z,24OCT25,116000,false,false,,false,,false,,false,,false,,false,,true,108501.5,true,0.0022,false,0,,,,mark_price|mark_iv|delta|gamma|theta|vega,"mark_history_error:public/get_mark_price_history HTTP 400 Bad Request Invalid params:{""reason"":""instrument is not active"",""param"":""instrument_name""}|trade_candle_exists_but_mark_history_missing|Deribit public/get_mark_price_history returns mark price only and only for a subset of options used in volatility index calculations.|Deribit public/ticker exposes mark_iv and greeks for current/live instruments, but no official public historical point-in-time IV/Greek snapshot endpoint was found."
2025-10-19,16:00,BTC-24OCT25-116000-C,42,2025-10-17T08:00:00.000Z,2025-10-24T08:00:00.000Z,24OCT25,116000,false,false,,false,,false,,false,,false,,false,,true,108699,true,0.0025,false,0,,,,mark_price|mark_iv|delta|gamma|theta|vega,"mark_history_error:public/get_mark_price_history HTTP 400 Bad Request Invalid params:{""reason"":""instrument is not active"",""param"":""instrument_name""}|trade_candle_exists_but_mark_history_missing|Deribit public/get_mark_price_history returns mark price only and only for a subset of options used in volatility index calculations.|Deribit public/ticker exposes mark_iv and greeks for current/live instruments, but no official public historical point-in-time IV/Greek snapshot endpoint was found."
2025-10-20,08:00,BTC-24OCT25-116000-C,42,2025-10-17T08:00:00.000Z,2025-10-24T08:00:00.000Z,24OCT25,116000,false,false,,false,,false,,false,,false,,false,,true,111147.5,true,0.0044,false,0,,,,mark_price|mark_iv|delta|gamma|theta|vega,"mark_history_error:public/get_mark_price_history HTTP 400 Bad Request Invalid params:{""reason"":""instrument is not active"",""param"":""instrument_name""}|trade_candle_exists_but_mark_history_missing|Deribit public/get_mark_price_history returns mark price only and only for a subset of options used in volatility index calculations.|Deribit public/ticker exposes mark_iv and greeks for current/live instruments, but no official public historical point-in-time IV/Greek snapshot endpoint was found."
2025-10-20,14:00,BTC-24OCT25-116000-C,42,2025-10-17T08:00:00.000Z,2025-10-24T08:00:00.000Z,24OCT25,116000,false,false,,false,,false,,false,,false,,false,,true,111283,true,0.003,false,0,,,,mark_price|mark_iv|delta|gamma|theta|vega,"mark_history_error:public/get_mark_price_history HTTP 400 Bad Request Invalid params:{""reason"":""instrument is not active"",""param"":""instrument_name""}|trade_candle_exists_but_mark_history_missing|Deribit public/get_mark_price_history returns mark price only and only for a subset of options used in volatility index calculations.|Deribit public/ticker exposes mark_iv and greeks for current/live instruments, but no official public historical point-in-time IV/Greek snapshot endpoint was found."
2025-10-20,16:00,BTC-24OCT25-116000-C,42,2025-10-17T08:00:00.000Z,2025-10-24T08:00:00.000Z,24OCT25,116000,false,false,,false,,false,,false,,false,,false,,true,110724.5,true,0.0035,false,0,,,,mark_price|mark_iv|delta|gamma|theta|vega,"mark_history_error:public/get_mark_price_history HTTP 400 Bad Request Invalid params:{""reason"":""instrument is not active"",""param"":""instrument_name""}|trade_candle_exists_but_mark_history_missing|Deribit public/get_mark_price_history returns mark price only and only for a subset of options used in volatility index calculations.|Deribit public/ticker exposes mark_iv and greeks for current/live instruments, but no official public historical point-in-time IV/Greek snapshot endpoint was found."
2025-10-21,08:00,BTC-24OCT25-116000-C,42,2025-10-17T08:00:00.000Z,2025-10-24T08:00:00.000Z,24OCT25,116000,false,false,,false,,false,,false,,false,,false,,true,107725.5,true,0.0009,false,0,,,,mark_price|mark_iv|delta|gamma|theta|vega,"mark_history_error:public/get_mark_price_history HTTP 400 Bad Request Invalid params:{""reason"":""instrument is not active"",""param"":""instrument_name""}|trade_candle_exists_but_mark_history_missing|Deribit public/get_mark_price_history returns mark price only and only for a subset of options used in volatility index calculations.|Deribit public/ticker exposes mark_iv and greeks for current/live instruments, but no official public historical point-in-time IV/Greek snapshot endpoint was found."
2025-10-21,14:00,BTC-24OCT25-116000-C,42,2025-10-17T08:00:00.000Z,2025-10-24T08:00:00.000Z,24OCT25,116000,false,false,,false,,false,,false,,false,,false,,true,112277.5,true,0.0038,false,0,,,,mark_price|mark_iv|delta|gamma|theta|vega,"mark_history_error:public/get_mark_price_history HTTP 400 Bad Request Invalid params:{""reason"":""instrument is not active"",""param"":""instrument_name""}|trade_candle_exists_but_mark_history_missing|Deribit public/get_mark_price_history returns mark price only and only for a subset of options used in volatility index calculations.|Deribit public/ticker exposes mark_iv and greeks for current/live instruments, but no official public historical point-in-time IV/Greek snapshot endpoint was found."
2025-10-21,16:00,BTC-24OCT25-116000-C,42,2025-10-17T08:00:00.000Z,2025-10-24T08:00:00.000Z,24OCT25,116000,false,false,,false,,false,,false,,false,,false,,true,112653.5,true,0.006,false,0,,,,mark_price|mark_iv|delta|gamma|theta|vega,"mark_history_error:public/get_mark_price_history HTTP 400 Bad Request Invalid params:{""reason"":""instrument is not active"",""param"":""instrument_name""}|trade_candle_exists_but_mark_history_missing|Deribit public/get_mark_price_history returns mark price only and only for a subset of options used in volatility index calculations.|Deribit public/ticker exposes mark_iv and greeks for current/live instruments, but no official public historical point-in-time IV/Greek snapshot endpoint was found."
2025-10-22,08:00,BTC-24OCT25-116000-C,42,2025-10-17T08:00:00.000Z,2025-10-24T08:00:00.000Z,24OCT25,116000,false,false,,false,,false,,false,,false,,false,,true,108275,true,0.0007,false,0,,,,mark_price|mark_iv|delta|gamma|theta|vega,"mark_history_error:public/get_mark_price_history HTTP 400 Bad Request Invalid params:{""reason"":""instrument is not active"",""param"":""instrument_name""}|trade_candle_exists_but_mark_history_missing|Deribit public/get_mark_price_history returns mark price only and only for a subset of options used in volatility index calculations.|Deribit public/ticker exposes mark_iv and greeks for current/live instruments, but no official public historical point-in-time IV/Greek snapshot endpoint was found."
2025-10-22,14:00,BTC-24OCT25-116000-C,42,2025-10-17T08:00:00.000Z,2025-10-24T08:00:00.000Z,24OCT25,116000,false,false,,false,,false,,false,,false,,false,,true,108989,true,0.0008,false,0,,,,mark_price|mark_iv|delta|gamma|theta|vega,"mark_history_error:public/get_mark_price_history HTTP 400 Bad Request Invalid params:{""reason"":""instrument is not active"",""param"":""instrument_name""}|trade_candle_exists_but_mark_history_missing|Deribit public/get_mark_price_history returns mark price only and only for a subset of options used in volatility index calculations.|Deribit public/ticker exposes mark_iv and greeks for current/live instruments, but no official public historical point-in-time IV/Greek snapshot endpoint was found."
2025-10-22,16:00,BTC-24OCT25-116000-C,42,2025-10-17T08:00:00.000Z,2025-10-24T08:00:00.000Z,24OCT25,116000,false,false,,false,,false,,false,,false,,false,,true,108228.5,true,0.0008,false,0,,,,mark_price|mark_iv|delta|gamma|theta|vega,"mark_history_error:public/get_mark_price_history HTTP 400 Bad Request Invalid params:{""reason"":""instrument is not active"",""param"":""instrument_name""}|trade_candle_exists_but_mark_history_missing|Deribit public/get_mark_price_history returns mark price only and only for a subset of options used in volatility index calculations.|Deribit public/ticker exposes mark_iv and greeks for current/live instruments, but no official public historical point-in-time IV/Greek snapshot endpoint was found."
2025-10-23,08:00,BTC-24OCT25-116000-C,42,2025-10-17T08:00:00.000Z,2025-10-24T08:00:00.000Z,24OCT25,116000,false,false,,false,,false,,false,,false,,false,,true,109536.5,true,0.0004,false,0,,,,mark_price|mark_iv|delta|gamma|theta|vega,"mark_history_error:public/get_mark_price_history HTTP 400 Bad Request Invalid params:{""reason"":""instrument is not active"",""param"":""instrument_name""}|trade_candle_exists_but_mark_history_missing|Deribit public/get_mark_price_history returns mark price only and only for a subset of options used in volatility index calculations.|Deribit public/ticker exposes mark_iv and greeks for current/live instruments, but no official public historical point-in-time IV/Greek snapshot endpoint was found."
2025-10-23,14:00,BTC-24OCT25-116000-C,42,2025-10-17T08:00:00.000Z,2025-10-24T08:00:00.000Z,24OCT25,116000,false,false,,false,,false,,false,,false,,false,,true,109625,true,0.0004,false,0,,,,mark_price|mark_iv|delta|gamma|theta|vega,"mark_history_error:public/get_mark_price_history HTTP 400 Bad Request Invalid params:{""reason"":""instrument is not active"",""param"":""instrument_name""}|trade_candle_exists_but_mark_history_missing|Deribit public/get_mark_price_history returns mark price only and only for a subset of options used in volatility index calculations.|Deribit public/ticker exposes mark_iv and greeks for current/live instruments, but no official public historical point-in-time IV/Greek snapshot endpoint was found."
2025-10-23,16:00,BTC-24OCT25-116000-C,42,2025-10-17T08:00:00.000Z,2025-10-24T08:00:00.000Z,24OCT25,116000,false,false,,false,,false,,false,,false,,false,,true,110344.5,true,0.0005,false,0,,,,mark_price|mark_iv|delta|gamma|theta|vega,"mark_history_error:public/get_mark_price_history HTTP 400 Bad Request Invalid params:{""reason"":""instrument is not active"",""param"":""instrument_name""}|trade_candle_exists_but_mark_history_missing|Deribit public/get_mark_price_history returns mark price only and only for a subset of options used in volatility index calculations.|Deribit public/ticker exposes mark_iv and greeks for current/live instruments, but no official public historical point-in-time IV/Greek snapshot endpoint was found."
2025-10-24,08:00,BTC-31OCT25-122000-C,43,2025-10-24T08:00:00.000Z,2025-10-31T08:00:00.000Z,31OCT25,122000,false,false,,false,,false,,false,,false,,false,,true,111166.5,true,0.0022,false,0,,,,mark_price|mark_iv|delta|gamma|theta|vega,"mark_history_error:public/get_mark_price_history HTTP 400 Bad Request Invalid params:{""reason"":""instrument is not active"",""param"":""instrument_name""}|trade_candle_exists_but_mark_history_missing|Deribit public/get_mark_price_history returns mark price only and only for a subset of options used in volatility index calculations.|Deribit public/ticker exposes mark_iv and greeks for current/live instruments, but no official public historical point-in-time IV/Greek snapshot endpoint was found."
2025-10-24,14:00,BTC-31OCT25-122000-C,43,2025-10-24T08:00:00.000Z,2025-10-31T08:00:00.000Z,31OCT25,122000,false,false,,false,,false,,false,,false,,false,,true,110243,true,0.0015,false,0,,,,mark_price|mark_iv|delta|gamma|theta|vega,"mark_history_error:public/get_mark_price_history HTTP 400 Bad Request Invalid params:{""reason"":""instrument is not active"",""param"":""instrument_name""}|trade_candle_exists_but_mark_history_missing|Deribit public/get_mark_price_history returns mark price only and only for a subset of options used in volatility index calculations.|Deribit public/ticker exposes mark_iv and greeks for current/live instruments, but no official public historical point-in-time IV/Greek snapshot endpoint was found."
2025-10-24,16:00,BTC-31OCT25-122000-C,43,2025-10-24T08:00:00.000Z,2025-10-31T08:00:00.000Z,31OCT25,122000,false,false,,false,,false,,false,,false,,false,,true,110275,true,0.0015,false,0,,,,mark_price|mark_iv|delta|gamma|theta|vega,"mark_history_error:public/get_mark_price_history HTTP 400 Bad Request Invalid params:{""reason"":""instrument is not active"",""param"":""instrument_name""}|trade_candle_exists_but_mark_history_missing|Deribit public/get_mark_price_history returns mark price only and only for a subset of options used in volatility index calculations.|Deribit public/ticker exposes mark_iv and greeks for current/live instruments, but no official public historical point-in-time IV/Greek snapshot endpoint was found."
2025-10-25,08:00,BTC-31OCT25-122000-C,43,2025-10-24T08:00:00.000Z,2025-10-31T08:00:00.000Z,31OCT25,122000,false,false,,false,,false,,false,,false,,false,,true,111814,true,0.001,false,0,,,,mark_price|mark_iv|delta|gamma|theta|vega,"mark_history_error:public/get_mark_price_history HTTP 400 Bad Request Invalid params:{""reason"":""instrument is not active"",""param"":""instrument_name""}|trade_candle_exists_but_mark_history_missing|Deribit public/get_mark_price_history returns mark price only and only for a subset of options used in volatility index calculations.|Deribit public/ticker exposes mark_iv and greeks for current/live instruments, but no official public historical point-in-time IV/Greek snapshot endpoint was found."
2025-10-25,14:00,BTC-31OCT25-122000-C,43,2025-10-24T08:00:00.000Z,2025-10-31T08:00:00.000Z,31OCT25,122000,false,false,,false,,false,,false,,false,,false,,true,111627,true,0.001,false,0,,,,mark_price|mark_iv|delta|gamma|theta|vega,"mark_history_error:public/get_mark_price_history HTTP 400 Bad Request Invalid params:{""reason"":""instrument is not active"",""param"":""instrument_name""}|trade_candle_exists_but_mark_history_missing|Deribit public/get_mark_price_history returns mark price only and only for a subset of options used in volatility index calculations.|Deribit public/ticker exposes mark_iv and greeks for current/live instruments, but no official public historical point-in-time IV/Greek snapshot endpoint was found."
2025-10-25,16:00,BTC-31OCT25-122000-C,43,2025-10-24T08:00:00.000Z,2025-10-31T08:00:00.000Z,31OCT25,122000,false,false,,false,,false,,false,,false,,false,,true,111400,true,0.001,false,0,,,,mark_price|mark_iv|delta|gamma|theta|vega,"mark_history_error:public/get_mark_price_history HTTP 400 Bad Request Invalid params:{""reason"":""instrument is not active"",""param"":""instrument_name""}|trade_candle_exists_but_mark_history_missing|Deribit public/get_mark_price_history returns mark price only and only for a subset of options used in volatility index calculations.|Deribit public/ticker exposes mark_iv and greeks for current/live instruments, but no official public historical point-in-time IV/Greek snapshot endpoint was found."
2025-10-26,08:00,BTC-31OCT25-122000-C,43,2025-10-24T08:00:00.000Z,2025-10-31T08:00:00.000Z,31OCT25,122000,false,false,,false,,false,,false,,false,,false,,true,111821,true,0.001,false,0,,,,mark_price|mark_iv|delta|gamma|theta|vega,"mark_history_error:public/get_mark_price_history HTTP 400 Bad Request Invalid params:{""reason"":""instrument is not active"",""param"":""instrument_name""}|trade_candle_exists_but_mark_history_missing|Deribit public/get_mark_price_history returns mark price only and only for a subset of options used in volatility index calculations.|Deribit public/ticker exposes mark_iv and greeks for current/live instruments, but no official public historical point-in-time IV/Greek snapshot endpoint was found."
2025-10-26,14:00,BTC-31OCT25-122000-C,43,2025-10-24T08:00:00.000Z,2025-10-31T08:00:00.000Z,31OCT25,122000,false,false,,false,,false,,false,,false,,false,,true,113633.5,true,0.0022,false,0,,,,mark_price|mark_iv|delta|gamma|theta|vega,"mark_history_error:public/get_mark_price_history HTTP 400 Bad Request Invalid params:{""reason"":""instrument is not active"",""param"":""instrument_name""}|trade_candle_exists_but_mark_history_missing|Deribit public/get_mark_price_history returns mark price only and only for a subset of options used in volatility index calculations.|Deribit public/ticker exposes mark_iv and greeks for current/live instruments, but no official public historical point-in-time IV/Greek snapshot endpoint was found."
2025-10-26,16:00,BTC-31OCT25-122000-C,43,2025-10-24T08:00:00.000Z,2025-10-31T08:00:00.000Z,31OCT25,122000,false,false,,false,,false,,false,,false,,false,,true,113575,true,0.0022,false,0,,,,mark_price|mark_iv|delta|gamma|theta|vega,"mark_history_error:public/get_mark_price_history HTTP 400 Bad Request Invalid params:{""reason"":""instrument is not active"",""param"":""instrument_name""}|trade_candle_exists_but_mark_history_missing|Deribit public/get_mark_price_history returns mark price only and only for a subset of options used in volatility index calculations.|Deribit public/ticker exposes mark_iv and greeks for current/live instruments, but no official public historical point-in-time IV/Greek snapshot endpoint was found."
2025-10-27,08:00,BTC-31OCT25-122000-C,43,2025-10-24T08:00:00.000Z,2025-10-31T08:00:00.000Z,31OCT25,122000,false,false,,false,,false,,false,,false,,false,,true,115040,true,0.0026,false,0,,,,mark_price|mark_iv|delta|gamma|theta|vega,"mark_history_error:public/get_mark_price_history HTTP 400 Bad Request Invalid params:{""reason"":""instrument is not active"",""param"":""instrument_name""}|trade_candle_exists_but_mark_history_missing|Deribit public/get_mark_price_history returns mark price only and only for a subset of options used in volatility index calculations.|Deribit public/ticker exposes mark_iv and greeks for current/live instruments, but no official public historical point-in-time IV/Greek snapshot endpoint was found."
2025-10-27,14:00,BTC-31OCT25-122000-C,43,2025-10-24T08:00:00.000Z,2025-10-31T08:00:00.000Z,31OCT25,122000,false,false,,false,,false,,false,,false,,false,,true,114850.5,true,0.0019,false,0,,,,mark_price|mark_iv|delta|gamma|theta|vega,"mark_history_error:public/get_mark_price_history HTTP 400 Bad Request Invalid params:{""reason"":""instrument is not active"",""param"":""instrument_name""}|trade_candle_exists_but_mark_history_missing|Deribit public/get_mark_price_history returns mark price only and only for a subset of options used in volatility index calculations.|Deribit public/ticker exposes mark_iv and greeks for current/live instruments, but no official public historical point-in-time IV/Greek snapshot endpoint was found."
2025-10-27,16:00,BTC-31OCT25-122000-C,43,2025-10-24T08:00:00.000Z,2025-10-31T08:00:00.000Z,31OCT25,122000,false,false,,false,,false,,false,,false,,false,,true,115525.5,true,0.0022,false,0,,,,mark_price|mark_iv|delta|gamma|theta|vega,"mark_history_error:public/get_mark_price_history HTTP 400 Bad Request Invalid params:{""reason"":""instrument is not active"",""param"":""instrument_name""}|trade_candle_exists_but_mark_history_missing|Deribit public/get_mark_price_history returns mark price only and only for a subset of options used in volatility index calculations.|Deribit public/ticker exposes mark_iv and greeks for current/live instruments, but no official public historical point-in-time IV/Greek snapshot endpoint was found."
2025-10-28,08:00,BTC-31OCT25-122000-C,43,2025-10-24T08:00:00.000Z,2025-10-31T08:00:00.000Z,31OCT25,122000,false,false,,false,,false,,false,,false,,false,,true,114458,true,0.0011,false,0,,,,mark_price|mark_iv|delta|gamma|theta|vega,"mark_history_error:public/get_mark_price_history HTTP 400 Bad Request Invalid params:{""reason"":""instrument is not active"",""param"":""instrument_name""}|trade_candle_exists_but_mark_history_missing|Deribit public/get_mark_price_history returns mark price only and only for a subset of options used in volatility index calculations.|Deribit public/ticker exposes mark_iv and greeks for current/live instruments, but no official public historical point-in-time IV/Greek snapshot endpoint was found."
2025-10-28,14:00,BTC-31OCT25-122000-C,43,2025-10-24T08:00:00.000Z,2025-10-31T08:00:00.000Z,31OCT25,122000,false,false,,false,,false,,false,,false,,false,,true,115112,true,0.0012,false,0,,,,mark_price|mark_iv|delta|gamma|theta|vega,"mark_history_error:public/get_mark_price_history HTTP 400 Bad Request Invalid params:{""reason"":""instrument is not active"",""param"":""instrument_name""}|trade_candle_exists_but_mark_history_missing|Deribit public/get_mark_price_history returns mark price only and only for a subset of options used in volatility index calculations.|Deribit public/ticker exposes mark_iv and greeks for current/live instruments, but no official public historical point-in-time IV/Greek snapshot endpoint was found."
2025-10-28,16:00,BTC-31OCT25-122000-C,43,2025-10-24T08:00:00.000Z,2025-10-31T08:00:00.000Z,31OCT25,122000,false,false,,false,,false,,false,,false,,false,,true,115429.5,true,0.001,false,0,,,,mark_price|mark_iv|delta|gamma|theta|vega,"mark_history_error:public/get_mark_price_history HTTP 400 Bad Request Invalid params:{""reason"":""instrument is not active"",""param"":""instrument_name""}|trade_candle_exists_but_mark_history_missing|Deribit public/get_mark_price_history returns mark price only and only for a subset of options used in volatility index calculations.|Deribit public/ticker exposes mark_iv and greeks for current/live instruments, but no official public historical point-in-time IV/Greek snapshot endpoint was found."
2025-10-29,08:00,BTC-31OCT25-122000-C,43,2025-10-24T08:00:00.000Z,2025-10-31T08:00:00.000Z,31OCT25,122000,false,false,,false,,false,,false,,false,,false,,true,113127.5,true,0.0005,false,0,,,,mark_price|mark_iv|delta|gamma|theta|vega,"mark_history_error:public/get_mark_price_history HTTP 400 Bad Request Invalid params:{""reason"":""instrument is not active"",""param"":""instrument_name""}|trade_candle_exists_but_mark_history_missing|Deribit public/get_mark_price_history returns mark price only and only for a subset of options used in volatility index calculations.|Deribit public/ticker exposes mark_iv and greeks for current/live instruments, but no official public historical point-in-time IV/Greek snapshot endpoint was found."
2025-10-29,14:00,BTC-31OCT25-122000-C,43,2025-10-24T08:00:00.000Z,2025-10-31T08:00:00.000Z,31OCT25,122000,false,false,,false,,false,,false,,false,,false,,true,112511,true,0.0004,false,0,,,,mark_price|mark_iv|delta|gamma|theta|vega,"mark_history_error:public/get_mark_price_history HTTP 400 Bad Request Invalid params:{""reason"":""instrument is not active"",""param"":""instrument_name""}|trade_candle_exists_but_mark_history_missing|Deribit public/get_mark_price_history returns mark price only and only for a subset of options used in volatility index calculations.|Deribit public/ticker exposes mark_iv and greeks for current/live instruments, but no official public historical point-in-time IV/Greek snapshot endpoint was found."
2025-10-29,16:00,BTC-31OCT25-122000-C,43,2025-10-24T08:00:00.000Z,2025-10-31T08:00:00.000Z,31OCT25,122000,false,false,,false,,false,,false,,false,,false,,true,111130,true,0.0004,false,0,,,,mark_price|mark_iv|delta|gamma|theta|vega,"mark_history_error:public/get_mark_price_history HTTP 400 Bad Request Invalid params:{""reason"":""instrument is not active"",""param"":""instrument_name""}|trade_candle_exists_but_mark_history_missing|Deribit public/get_mark_price_history returns mark price only and only for a subset of options used in volatility index calculations.|Deribit public/ticker exposes mark_iv and greeks for current/live instruments, but no official public historical point-in-time IV/Greek snapshot endpoint was found."
2025-10-30,08:00,BTC-31OCT25-122000-C,43,2025-10-24T08:00:00.000Z,2025-10-31T08:00:00.000Z,31OCT25,122000,false,false,,false,,false,,false,,false,,false,,true,110762,true,0.0001,false,0,,,,mark_price|mark_iv|delta|gamma|theta|vega,"mark_history_error:public/get_mark_price_history HTTP 400 Bad Request Invalid params:{""reason"":""instrument is not active"",""param"":""instrument_name""}|trade_candle_exists_but_mark_history_missing|Deribit public/get_mark_price_history returns mark price only and only for a subset of options used in volatility index calculations.|Deribit public/ticker exposes mark_iv and greeks for current/live instruments, but no official public historical point-in-time IV/Greek snapshot endpoint was found."
2025-10-30,14:00,BTC-31OCT25-122000-C,43,2025-10-24T08:00:00.000Z,2025-10-31T08:00:00.000Z,31OCT25,122000,false,false,,false,,false,,false,,false,,false,,true,108273,true,0.0001,false,0,,,,mark_price|mark_iv|delta|gamma|theta|vega,"mark_history_error:public/get_mark_price_history HTTP 400 Bad Request Invalid params:{""reason"":""instrument is not active"",""param"":""instrument_name""}|trade_candle_exists_but_mark_history_missing|Deribit public/get_mark_price_history returns mark price only and only for a subset of options used in volatility index calculations.|Deribit public/ticker exposes mark_iv and greeks for current/live instruments, but no official public historical point-in-time IV/Greek snapshot endpoint was found."
2025-10-30,16:00,BTC-31OCT25-122000-C,43,2025-10-24T08:00:00.000Z,2025-10-31T08:00:00.000Z,31OCT25,122000,false,false,,false,,false,,false,,false,,false,,true,108139,true,0.0001,false,0,,,,mark_price|mark_iv|delta|gamma|theta|vega,"mark_history_error:public/get_mark_price_history HTTP 400 Bad Request Invalid params:{""reason"":""instrument is not active"",""param"":""instrument_name""}|trade_candle_exists_but_mark_history_missing|Deribit public/get_mark_price_history returns mark price only and only for a subset of options used in volatility index calculations.|Deribit public/ticker exposes mark_iv and greeks for current/live instruments, but no official public historical point-in-time IV/Greek snapshot endpoint was found."
2025-11-07,08:00,BTC-14NOV25-112000-C,45,2025-11-07T08:00:00.000Z,2025-11-14T08:00:00.000Z,14NOV25,112000,false,false,,false,,false,,false,,false,,false,,true,101400.5,true,0.0015,false,0,,,,mark_price|mark_iv|delta|gamma|theta|vega,"mark_history_error:public/get_mark_price_history HTTP 400 Bad Request Invalid params:{""reason"":""instrument is not active"",""param"":""instrument_name""}|trade_candle_exists_but_mark_history_missing|Deribit public/get_mark_price_history returns mark price only and only for a subset of options used in volatility index calculations.|Deribit public/ticker exposes mark_iv and greeks for current/live instruments, but no official public historical point-in-time IV/Greek snapshot endpoint was found."
2025-11-07,14:00,BTC-14NOV25-112000-C,45,2025-11-07T08:00:00.000Z,2025-11-14T08:00:00.000Z,14NOV25,112000,false,false,,false,,false,,false,,false,,false,,true,100739,true,0.0015,false,0,,,,mark_price|mark_iv|delta|gamma|theta|vega,"mark_history_error:public/get_mark_price_history HTTP 400 Bad Request Invalid params:{""reason"":""instrument is not active"",""param"":""instrument_name""}|trade_candle_exists_but_mark_history_missing|Deribit public/get_mark_price_history returns mark price only and only for a subset of options used in volatility index calculations.|Deribit public/ticker exposes mark_iv and greeks for current/live instruments, but no official public historical point-in-time IV/Greek snapshot endpoint was found."
2025-11-07,16:00,BTC-14NOV25-112000-C,45,2025-11-07T08:00:00.000Z,2025-11-14T08:00:00.000Z,14NOV25,112000,false,false,,false,,false,,false,,false,,false,,true,101113.5,true,0.0012,false,0,,,,mark_price|mark_iv|delta|gamma|theta|vega,"mark_history_error:public/get_mark_price_history HTTP 400 Bad Request Invalid params:{""reason"":""instrument is not active"",""param"":""instrument_name""}|trade_candle_exists_but_mark_history_missing|Deribit public/get_mark_price_history returns mark price only and only for a subset of options used in volatility index calculations.|Deribit public/ticker exposes mark_iv and greeks for current/live instruments, but no official public historical point-in-time IV/Greek snapshot endpoint was found."
2025-11-08,08:00,BTC-14NOV25-112000-C,45,2025-11-07T08:00:00.000Z,2025-11-14T08:00:00.000Z,14NOV25,112000,false,false,,false,,false,,false,,false,,false,,true,102367,true,0.001,false,0,,,,mark_price|mark_iv|delta|gamma|theta|vega,"mark_history_error:public/get_mark_price_history HTTP 400 Bad Request Invalid params:{""reason"":""instrument is not active"",""param"":""instrument_name""}|trade_candle_exists_but_mark_history_missing|Deribit public/get_mark_price_history returns mark price only and only for a subset of options used in volatility index calculations.|Deribit public/ticker exposes mark_iv and greeks for current/live instruments, but no official public historical point-in-time IV/Greek snapshot endpoint was found."
2025-11-08,14:00,BTC-14NOV25-112000-C,45,2025-11-07T08:00:00.000Z,2025-11-14T08:00:00.000Z,14NOV25,112000,false,false,,false,,false,,false,,false,,false,,true,101790,true,0.0008,false,0,,,,mark_price|mark_iv|delta|gamma|theta|vega,"mark_history_error:public/get_mark_price_history HTTP 400 Bad Request Invalid params:{""reason"":""instrument is not active"",""param"":""instrument_name""}|trade_candle_exists_but_mark_history_missing|Deribit public/get_mark_price_history returns mark price only and only for a subset of options used in volatility index calculations.|Deribit public/ticker exposes mark_iv and greeks for current/live instruments, but no official public historical point-in-time IV/Greek snapshot endpoint was found."
2025-11-08,16:00,BTC-14NOV25-112000-C,45,2025-11-07T08:00:00.000Z,2025-11-14T08:00:00.000Z,14NOV25,112000,false,false,,false,,false,,false,,false,,false,,true,101824.5,true,0.0009,false,0,,,,mark_price|mark_iv|delta|gamma|theta|vega,"mark_history_error:public/get_mark_price_history HTTP 400 Bad Request Invalid params:{""reason"":""instrument is not active"",""param"":""instrument_name""}|trade_candle_exists_but_mark_history_missing|Deribit public/get_mark_price_history returns mark price only and only for a subset of options used in volatility index calculations.|Deribit public/ticker exposes mark_iv and greeks for current/live instruments, but no official public historical point-in-time IV/Greek snapshot endpoint was found."
2025-11-09,08:00,BTC-14NOV25-112000-C,45,2025-11-07T08:00:00.000Z,2025-11-14T08:00:00.000Z,14NOV25,112000,false,false,,false,,false,,false,,false,,false,,true,101919,true,0.0012,false,0,,,,mark_price|mark_iv|delta|gamma|theta|vega,"mark_history_error:public/get_mark_price_history HTTP 400 Bad Request Invalid params:{""reason"":""instrument is not active"",""param"":""instrument_name""}|trade_candle_exists_but_mark_history_missing|Deribit public/get_mark_price_history returns mark price only and only for a subset of options used in volatility index calculations.|Deribit public/ticker exposes mark_iv and greeks for current/live instruments, but no official public historical point-in-time IV/Greek snapshot endpoint was found."
2025-11-09,14:00,BTC-14NOV25-112000-C,45,2025-11-07T08:00:00.000Z,2025-11-14T08:00:00.000Z,14NOV25,112000,false,false,,false,,false,,false,,false,,false,,true,103049.5,true,0.0018,false,0,,,,mark_price|mark_iv|delta|gamma|theta|vega,"mark_history_error:public/get_mark_price_history HTTP 400 Bad Request Invalid params:{""reason"":""instrument is not active"",""param"":""instrument_name""}|trade_candle_exists_but_mark_history_missing|Deribit public/get_mark_price_history returns mark price only and only for a subset of options used in volatility index calculations.|Deribit public/ticker exposes mark_iv and greeks for current/live instruments, but no official public historical point-in-time IV/Greek snapshot endpoint was found."
2025-11-09,16:00,BTC-14NOV25-112000-C,45,2025-11-07T08:00:00.000Z,2025-11-14T08:00:00.000Z,14NOV25,112000,false,false,,false,,false,,false,,false,,false,,true,103835.5,true,0.0018,false,0,,,,mark_price|mark_iv|delta|gamma|theta|vega,"mark_history_error:public/get_mark_price_history HTTP 400 Bad Request Invalid params:{""reason"":""instrument is not active"",""param"":""instrument_name""}|trade_candle_exists_but_mark_history_missing|Deribit public/get_mark_price_history returns mark price only and only for a subset of options used in volatility index calculations.|Deribit public/ticker exposes mark_iv and greeks for current/live instruments, but no official public historical point-in-time IV/Greek snapshot endpoint was found."
2025-11-10,08:00,BTC-14NOV25-112000-C,45,2025-11-07T08:00:00.000Z,2025-11-14T08:00:00.000Z,14NOV25,112000,false,false,,false,,false,,false,,false,,false,,true,105970,true,0.0031,false,0,,,,mark_price|mark_iv|delta|gamma|theta|vega,"mark_history_error:public/get_mark_price_history HTTP 400 Bad Request Invalid params:{""reason"":""instrument is not active"",""param"":""instrument_name""}|trade_candle_exists_but_mark_history_missing|Deribit public/get_mark_price_history returns mark price only and only for a subset of options used in volatility index calculations.|Deribit public/ticker exposes mark_iv and greeks for current/live instruments, but no official public historical point-in-time IV/Greek snapshot endpoint was found."
2025-11-10,14:00,BTC-14NOV25-112000-C,45,2025-11-07T08:00:00.000Z,2025-11-14T08:00:00.000Z,14NOV25,112000,false,false,,false,,false,,false,,false,,false,,true,104881,true,0.002,false,0,,,,mark_price|mark_iv|delta|gamma|theta|vega,"mark_history_error:public/get_mark_price_history HTTP 400 Bad Request Invalid params:{""reason"":""instrument is not active"",""param"":""instrument_name""}|trade_candle_exists_but_mark_history_missing|Deribit public/get_mark_price_history returns mark price only and only for a subset of options used in volatility index calculations.|Deribit public/ticker exposes mark_iv and greeks for current/live instruments, but no official public historical point-in-time IV/Greek snapshot endpoint was found."
2025-11-10,16:00,BTC-14NOV25-112000-C,45,2025-11-07T08:00:00.000Z,2025-11-14T08:00:00.000Z,14NOV25,112000,false,false,,false,,false,,false,,false,,false,,true,105239,true,0.002,false,0,,,,mark_price|mark_iv|delta|gamma|theta|vega,"mark_history_error:public/get_mark_price_history HTTP 400 Bad Request Invalid params:{""reason"":""instrument is not active"",""param"":""instrument_name""}|trade_candle_exists_but_mark_history_missing|Deribit public/get_mark_price_history returns mark price only and only for a subset of options used in volatility index calculations.|Deribit public/ticker exposes mark_iv and greeks for current/live instruments, but no official public historical point-in-time IV/Greek snapshot endpoint was found."
2025-11-11,08:00,BTC-14NOV25-112000-C,45,2025-11-07T08:00:00.000Z,2025-11-14T08:00:00.000Z,14NOV25,112000,false,false,,false,,false,,false,,false,,false,,true,105144,true,0.0012,false,0,,,,mark_price|mark_iv|delta|gamma|theta|vega,"mark_history_error:public/get_mark_price_history HTTP 400 Bad Request Invalid params:{""reason"":""instrument is not active"",""param"":""instrument_name""}|trade_candle_exists_but_mark_history_missing|Deribit public/get_mark_price_history returns mark price only and only for a subset of options used in volatility index calculations.|Deribit public/ticker exposes mark_iv and greeks for current/live instruments, but no official public historical point-in-time IV/Greek snapshot endpoint was found."
2025-11-11,14:00,BTC-14NOV25-112000-C,45,2025-11-07T08:00:00.000Z,2025-11-14T08:00:00.000Z,14NOV25,112000,false,false,,false,,false,,false,,false,,false,,true,104566,true,0.0007,false,0,,,,mark_price|mark_iv|delta|gamma|theta|vega,"mark_history_error:public/get_mark_price_history HTTP 400 Bad Request Invalid params:{""reason"":""instrument is not active"",""param"":""instrument_name""}|trade_candle_exists_but_mark_history_missing|Deribit public/get_mark_price_history returns mark price only and only for a subset of options used in volatility index calculations.|Deribit public/ticker exposes mark_iv and greeks for current/live instruments, but no official public historical point-in-time IV/Greek snapshot endpoint was found."
2025-11-11,16:00,BTC-14NOV25-112000-C,45,2025-11-07T08:00:00.000Z,2025-11-14T08:00:00.000Z,14NOV25,112000,false,false,,false,,false,,false,,false,,false,,true,103350,true,0.0008,false,0,,,,mark_price|mark_iv|delta|gamma|theta|vega,"mark_history_error:public/get_mark_price_history HTTP 400 Bad Request Invalid params:{""reason"":""instrument is not active"",""param"":""instrument_name""}|trade_candle_exists_but_mark_history_missing|Deribit public/get_mark_price_history returns mark price only and only for a subset of options used in volatility index calculations.|Deribit public/ticker exposes mark_iv and greeks for current/live instruments, but no official public historical point-in-time IV/Greek snapshot endpoint was found."
2025-11-12,08:00,BTC-14NOV25-112000-C,45,2025-11-07T08:00:00.000Z,2025-11-14T08:00:00.000Z,14NOV25,112000,false,false,,false,,false,,false,,false,,false,,true,104162.5,true,0.0005,false,0,,,,mark_price|mark_iv|delta|gamma|theta|vega,"mark_history_error:public/get_mark_price_history HTTP 400 Bad Request Invalid params:{""reason"":""instrument is not active"",""param"":""instrument_name""}|trade_candle_exists_but_mark_history_missing|Deribit public/get_mark_price_history returns mark price only and only for a subset of options used in volatility index calculations.|Deribit public/ticker exposes mark_iv and greeks for current/live instruments, but no official public historical point-in-time IV/Greek snapshot endpoint was found."
2025-11-12,14:00,BTC-14NOV25-112000-C,45,2025-11-07T08:00:00.000Z,2025-11-14T08:00:00.000Z,14NOV25,112000,false,false,,false,,false,,false,,false,,false,,true,103989.5,true,0.0003,false,0,,,,mark_price|mark_iv|delta|gamma|theta|vega,"mark_history_error:public/get_mark_price_history HTTP 400 Bad Request Invalid params:{""reason"":""instrument is not active"",""param"":""instrument_name""}|trade_candle_exists_but_mark_history_missing|Deribit public/get_mark_price_history returns mark price only and only for a subset of options used in volatility index calculations.|Deribit public/ticker exposes mark_iv and greeks for current/live instruments, but no official public historical point-in-time IV/Greek snapshot endpoint was found."
2025-11-12,16:00,BTC-14NOV25-112000-C,45,2025-11-07T08:00:00.000Z,2025-11-14T08:00:00.000Z,14NOV25,112000,false,false,,false,,false,,false,,false,,false,,true,101405,true,0.0003,false,0,,,,mark_price|mark_iv|delta|gamma|theta|vega,"mark_history_error:public/get_mark_price_history HTTP 400 Bad Request Invalid params:{""reason"":""instrument is not active"",""param"":""instrument_name""}|trade_candle_exists_but_mark_history_missing|Deribit public/get_mark_price_history returns mark price only and only for a subset of options used in volatility index calculations.|Deribit public/ticker exposes mark_iv and greeks for current/live instruments, but no official public historical point-in-time IV/Greek snapshot endpoint was found."
2025-11-13,08:00,BTC-14NOV25-112000-C,45,2025-11-07T08:00:00.000Z,2025-11-14T08:00:00.000Z,14NOV25,112000,false,false,,false,,false,,false,,false,,false,,true,103637.5,true,0.0002,false,0,,,,mark_price|mark_iv|delta|gamma|theta|vega,"mark_history_error:public/get_mark_price_history HTTP 400 Bad Request Invalid params:{""reason"":""instrument is not active"",""param"":""instrument_name""}|trade_candle_exists_but_mark_history_missing|Deribit public/get_mark_price_history returns mark price only and only for a subset of options used in volatility index calculations.|Deribit public/ticker exposes mark_iv and greeks for current/live instruments, but no official public historical point-in-time IV/Greek snapshot endpoint was found."
2025-11-13,14:00,BTC-14NOV25-112000-C,45,2025-11-07T08:00:00.000Z,2025-11-14T08:00:00.000Z,14NOV25,112000,false,false,,false,,false,,false,,false,,false,,true,102869.5,true,0.0001,false,0,,,,mark_price|mark_iv|delta|gamma|theta|vega,"mark_history_error:public/get_mark_price_history HTTP 400 Bad Request Invalid params:{""reason"":""instrument is not active"",""param"":""instrument_name""}|trade_candle_exists_but_mark_history_missing|Deribit public/get_mark_price_history returns mark price only and only for a subset of options used in volatility index calculations.|Deribit public/ticker exposes mark_iv and greeks for current/live instruments, but no official public historical point-in-time IV/Greek snapshot endpoint was found."
2025-11-13,16:00,BTC-14NOV25-112000-C,45,2025-11-07T08:00:00.000Z,2025-11-14T08:00:00.000Z,14NOV25,112000,false,false,,false,,false,,false,,false,,false,,true,100577.5,true,0.0001,false,0,,,,mark_price|mark_iv|delta|gamma|theta|vega,"mark_history_error:public/get_mark_price_history HTTP 400 Bad Request Invalid params:{""reason"":""instrument is not active"",""param"":""instrument_name""}|trade_candle_exists_but_mark_history_missing|Deribit public/get_mark_price_history returns mark price only and only for a subset of options used in volatility index calculations.|Deribit public/ticker exposes mark_iv and greeks for current/live instruments, but no official public historical point-in-time IV/Greek snapshot endpoint was found."
2025-11-14,08:00,BTC-21NOV25-107000-C,46,2025-11-14T08:00:00.000Z,2025-11-21T08:00:00.000Z,21NOV25,107000,false,false,,false,,false,,false,,false,,false,,true,97296,true,0.0032,false,0,,,,mark_price|mark_iv|delta|gamma|theta|vega,"mark_history_error:public/get_mark_price_history HTTP 400 Bad Request Invalid params:{""reason"":""instrument is not active"",""param"":""instrument_name""}|trade_candle_exists_but_mark_history_missing|Deribit public/get_mark_price_history returns mark price only and only for a subset of options used in volatility index calculations.|Deribit public/ticker exposes mark_iv and greeks for current/live instruments, but no official public historical point-in-time IV/Greek snapshot endpoint was found."
2025-11-14,14:00,BTC-21NOV25-107000-C,46,2025-11-14T08:00:00.000Z,2025-11-21T08:00:00.000Z,21NOV25,107000,false,false,,false,,false,,false,,false,,false,,true,96464.5,true,0.0022,false,0,,,,mark_price|mark_iv|delta|gamma|theta|vega,"mark_history_error:public/get_mark_price_history HTTP 400 Bad Request Invalid params:{""reason"":""instrument is not active"",""param"":""instrument_name""}|trade_candle_exists_but_mark_history_missing|Deribit public/get_mark_price_history returns mark price only and only for a subset of options used in volatility index calculations.|Deribit public/ticker exposes mark_iv and greeks for current/live instruments, but no official public historical point-in-time IV/Greek snapshot endpoint was found."
2025-11-14,16:00,BTC-21NOV25-107000-C,46,2025-11-14T08:00:00.000Z,2025-11-21T08:00:00.000Z,21NOV25,107000,false,false,,false,,false,,false,,false,,false,,true,96976,true,0.002,false,0,,,,mark_price|mark_iv|delta|gamma|theta|vega,"mark_history_error:public/get_mark_price_history HTTP 400 Bad Request Invalid params:{""reason"":""instrument is not active"",""param"":""instrument_name""}|trade_candle_exists_but_mark_history_missing|Deribit public/get_mark_price_history returns mark price only and only for a subset of options used in volatility index calculations.|Deribit public/ticker exposes mark_iv and greeks for current/live instruments, but no official public historical point-in-time IV/Greek snapshot endpoint was found."
2025-11-15,08:00,BTC-21NOV25-107000-C,46,2025-11-14T08:00:00.000Z,2025-11-21T08:00:00.000Z,21NOV25,107000,false,false,,false,,false,,false,,false,,false,,true,95829,true,0.0013,false,0,,,,mark_price|mark_iv|delta|gamma|theta|vega,"mark_history_error:public/get_mark_price_history HTTP 400 Bad Request Invalid params:{""reason"":""instrument is not active"",""param"":""instrument_name""}|trade_candle_exists_but_mark_history_missing|Deribit public/get_mark_price_history returns mark price only and only for a subset of options used in volatility index calculations.|Deribit public/ticker exposes mark_iv and greeks for current/live instruments, but no official public historical point-in-time IV/Greek snapshot endpoint was found."
2025-11-15,14:00,BTC-21NOV25-107000-C,46,2025-11-14T08:00:00.000Z,2025-11-21T08:00:00.000Z,21NOV25,107000,false,false,,false,,false,,false,,false,,false,,true,96180,true,0.0015,false,0,,,,mark_price|mark_iv|delta|gamma|theta|vega,"mark_history_error:public/get_mark_price_history HTTP 400 Bad Request Invalid params:{""reason"":""instrument is not active"",""param"":""instrument_name""}|trade_candle_exists_but_mark_history_missing|Deribit public/get_mark_price_history returns mark price only and only for a subset of options used in volatility index calculations.|Deribit public/ticker exposes mark_iv and greeks for current/live instruments, but no official public historical point-in-time IV/Greek snapshot endpoint was found."
2025-11-15,16:00,BTC-21NOV25-107000-C,46,2025-11-14T08:00:00.000Z,2025-11-21T08:00:00.000Z,21NOV25,107000,false,false,,false,,false,,false,,false,,false,,true,96075,true,0.0014,false,0,,,,mark_price|mark_iv|delta|gamma|theta|vega,"mark_history_error:public/get_mark_price_history HTTP 400 Bad Request Invalid params:{""reason"":""instrument is not active"",""param"":""instrument_name""}|trade_candle_exists_but_mark_history_missing|Deribit public/get_mark_price_history returns mark price only and only for a subset of options used in volatility index calculations.|Deribit public/ticker exposes mark_iv and greeks for current/live instruments, but no official public historical point-in-time IV/Greek snapshot endpoint was found."
2025-11-16,08:00,BTC-21NOV25-107000-C,46,2025-11-14T08:00:00.000Z,2025-11-21T08:00:00.000Z,21NOV25,107000,false,false,,false,,false,,false,,false,,false,,true,96019,true,0.0013,false,0,,,,mark_price|mark_iv|delta|gamma|theta|vega,"mark_history_error:public/get_mark_price_history HTTP 400 Bad Request Invalid params:{""reason"":""instrument is not active"",""param"":""instrument_name""}|trade_candle_exists_but_mark_history_missing|Deribit public/get_mark_price_history returns mark price only and only for a subset of options used in volatility index calculations.|Deribit public/ticker exposes mark_iv and greeks for current/live instruments, but no official public historical point-in-time IV/Greek snapshot endpoint was found."
2025-11-16,14:00,BTC-21NOV25-107000-C,46,2025-11-14T08:00:00.000Z,2025-11-21T08:00:00.000Z,21NOV25,107000,false,false,,false,,false,,false,,false,,false,,true,95480.5,true,0.0011,false,0,,,,mark_price|mark_iv|delta|gamma|theta|vega,"mark_history_error:public/get_mark_price_history HTTP 400 Bad Request Invalid params:{""reason"":""instrument is not active"",""param"":""instrument_name""}|trade_candle_exists_but_mark_history_missing|Deribit public/get_mark_price_history returns mark price only and only for a subset of options used in volatility index calculations.|Deribit public/ticker exposes mark_iv and greeks for current/live instruments, but no official public historical point-in-time IV/Greek snapshot endpoint was found."
2025-11-16,16:00,BTC-21NOV25-107000-C,46,2025-11-14T08:00:00.000Z,2025-11-21T08:00:00.000Z,21NOV25,107000,false,false,,false,,false,,false,,false,,false,,true,94142.5,true,0.0011,false,0,,,,mark_price|mark_iv|delta|gamma|theta|vega,"mark_history_error:public/get_mark_price_history HTTP 400 Bad Request Invalid params:{""reason"":""instrument is not active"",""param"":""instrument_name""}|trade_candle_exists_but_mark_history_missing|Deribit public/get_mark_price_history returns mark price only and only for a subset of options used in volatility index calculations.|Deribit public/ticker exposes mark_iv and greeks for current/live instruments, but no official public historical point-in-time IV/Greek snapshot endpoint was found."
2025-11-17,08:00,BTC-21NOV25-107000-C,46,2025-11-14T08:00:00.000Z,2025-11-21T08:00:00.000Z,21NOV25,107000,false,false,,false,,false,,false,,false,,false,,true,95565,true,0.0006,false,0,,,,mark_price|mark_iv|delta|gamma|theta|vega,"mark_history_error:public/get_mark_price_history HTTP 400 Bad Request Invalid params:{""reason"":""instrument is not active"",""param"":""instrument_name""}|trade_candle_exists_but_mark_history_missing|Deribit public/get_mark_price_history returns mark price only and only for a subset of options used in volatility index calculations.|Deribit public/ticker exposes mark_iv and greeks for current/live instruments, but no official public historical point-in-time IV/Greek snapshot endpoint was found."
2025-11-17,14:00,BTC-21NOV25-107000-C,46,2025-11-14T08:00:00.000Z,2025-11-21T08:00:00.000Z,21NOV25,107000,false,false,,false,,false,,false,,false,,false,,true,94689,true,0.0007,false,0,,,,mark_price|mark_iv|delta|gamma|theta|vega,"mark_history_error:public/get_mark_price_history HTTP 400 Bad Request Invalid params:{""reason"":""instrument is not active"",""param"":""instrument_name""}|trade_candle_exists_but_mark_history_missing|Deribit public/get_mark_price_history returns mark price only and only for a subset of options used in volatility index calculations.|Deribit public/ticker exposes mark_iv and greeks for current/live instruments, but no official public historical point-in-time IV/Greek snapshot endpoint was found."
2025-11-17,16:00,BTC-21NOV25-107000-C,46,2025-11-14T08:00:00.000Z,2025-11-21T08:00:00.000Z,21NOV25,107000,false,false,,false,,false,,false,,false,,false,,true,94216.5,true,0.0005,false,0,,,,mark_price|mark_iv|delta|gamma|theta|vega,"mark_history_error:public/get_mark_price_history HTTP 400 Bad Request Invalid params:{""reason"":""instrument is not active"",""param"":""instrument_name""}|trade_candle_exists_but_mark_history_missing|Deribit public/get_mark_price_history returns mark price only and only for a subset of options used in volatility index calculations.|Deribit public/ticker exposes mark_iv and greeks for current/live instruments, but no official public historical point-in-time IV/Greek snapshot endpoint was found."
2025-11-18,08:00,BTC-21NOV25-107000-C,46,2025-11-14T08:00:00.000Z,2025-11-21T08:00:00.000Z,21NOV25,107000,false,false,,false,,false,,false,,false,,false,,true,91136.5,true,0.0005,false,0,,,,mark_price|mark_iv|delta|gamma|theta|vega,"mark_history_error:public/get_mark_price_history HTTP 400 Bad Request Invalid params:{""reason"":""instrument is not active"",""param"":""instrument_name""}|trade_candle_exists_but_mark_history_missing|Deribit public/get_mark_price_history returns mark price only and only for a subset of options used in volatility index calculations.|Deribit public/ticker exposes mark_iv and greeks for current/live instruments, but no official public historical point-in-time IV/Greek snapshot endpoint was found."
2025-11-18,14:00,BTC-21NOV25-107000-C,46,2025-11-14T08:00:00.000Z,2025-11-21T08:00:00.000Z,21NOV25,107000,false,false,,false,,false,,false,,false,,false,,true,91300,true,0.0004,false,0,,,,mark_price|mark_iv|delta|gamma|theta|vega,"mark_history_error:public/get_mark_price_history HTTP 400 Bad Request Invalid params:{""reason"":""instrument is not active"",""param"":""instrument_name""}|trade_candle_exists_but_mark_history_missing|Deribit public/get_mark_price_history returns mark price only and only for a subset of options used in volatility index calculations.|Deribit public/ticker exposes mark_iv and greeks for current/live instruments, but no official public historical point-in-time IV/Greek snapshot endpoint was found."
2025-11-18,16:00,BTC-21NOV25-107000-C,46,2025-11-14T08:00:00.000Z,2025-11-21T08:00:00.000Z,21NOV25,107000,false,false,,false,,false,,false,,false,,false,,true,93445.5,true,0.0004,false,0,,,,mark_price|mark_iv|delta|gamma|theta|vega,"mark_history_error:public/get_mark_price_history HTTP 400 Bad Request Invalid params:{""reason"":""instrument is not active"",""param"":""instrument_name""}|trade_candle_exists_but_mark_history_missing|Deribit public/get_mark_price_history returns mark price only and only for a subset of options used in volatility index calculations.|Deribit public/ticker exposes mark_iv and greeks for current/live instruments, but no official public historical point-in-time IV/Greek snapshot endpoint was found."
2025-11-19,08:00,BTC-21NOV25-107000-C,46,2025-11-14T08:00:00.000Z,2025-11-21T08:00:00.000Z,21NOV25,107000,false,false,,false,,false,,false,,false,,false,,true,91397,true,0.0001,false,0,,,,mark_price|mark_iv|delta|gamma|theta|vega,"mark_history_error:public/get_mark_price_history HTTP 400 Bad Request Invalid params:{""reason"":""instrument is not active"",""param"":""instrument_name""}|trade_candle_exists_but_mark_history_missing|Deribit public/get_mark_price_history returns mark price only and only for a subset of options used in volatility index calculations.|Deribit public/ticker exposes mark_iv and greeks for current/live instruments, but no official public historical point-in-time IV/Greek snapshot endpoint was found."
2025-11-19,14:00,BTC-21NOV25-107000-C,46,2025-11-14T08:00:00.000Z,2025-11-21T08:00:00.000Z,21NOV25,107000,false,false,,false,,false,,false,,false,,false,,true,91660.5,true,0.0001,false,0,,,,mark_price|mark_iv|delta|gamma|theta|vega,"mark_history_error:public/get_mark_price_history HTTP 400 Bad Request Invalid params:{""reason"":""instrument is not active"",""param"":""instrument_name""}|trade_candle_exists_but_mark_history_missing|Deribit public/get_mark_price_history returns mark price only and only for a subset of options used in volatility index calculations.|Deribit public/ticker exposes mark_iv and greeks for current/live instruments, but no official public historical point-in-time IV/Greek snapshot endpoint was found."
2025-11-19,16:00,BTC-21NOV25-107000-C,46,2025-11-14T08:00:00.000Z,2025-11-21T08:00:00.000Z,21NOV25,107000,false,false,,false,,false,,false,,false,,false,,true,89798.5,true,0.0002,false,0,,,,mark_price|mark_iv|delta|gamma|theta|vega,"mark_history_error:public/get_mark_price_history HTTP 400 Bad Request Invalid params:{""reason"":""instrument is not active"",""param"":""instrument_name""}|trade_candle_exists_but_mark_history_missing|Deribit public/get_mark_price_history returns mark price only and only for a subset of options used in volatility index calculations.|Deribit public/ticker exposes mark_iv and greeks for current/live instruments, but no official public historical point-in-time IV/Greek snapshot endpoint was found."
2025-11-20,08:00,BTC-21NOV25-107000-C,46,2025-11-14T08:00:00.000Z,2025-11-21T08:00:00.000Z,21NOV25,107000,false,false,,false,,false,,false,,false,,false,,true,92058.5,true,0.0001,false,0,,,,mark_price|mark_iv|delta|gamma|theta|vega,"mark_history_error:public/get_mark_price_history HTTP 400 Bad Request Invalid params:{""reason"":""instrument is not active"",""param"":""instrument_name""}|trade_candle_exists_but_mark_history_missing|Deribit public/get_mark_price_history returns mark price only and only for a subset of options used in volatility index calculations.|Deribit public/ticker exposes mark_iv and greeks for current/live instruments, but no official public historical point-in-time IV/Greek snapshot endpoint was found."
2025-11-20,14:00,BTC-21NOV25-107000-C,46,2025-11-14T08:00:00.000Z,2025-11-21T08:00:00.000Z,21NOV25,107000,false,false,,false,,false,,false,,false,,false,,true,91005.5,true,0.0001,false,0,,,,mark_price|mark_iv|delta|gamma|theta|vega,"mark_history_error:public/get_mark_price_history HTTP 400 Bad Request Invalid params:{""reason"":""instrument is not active"",""param"":""instrument_name""}|trade_candle_exists_but_mark_history_missing|Deribit public/get_mark_price_history returns mark price only and only for a subset of options used in volatility index calculations.|Deribit public/ticker exposes mark_iv and greeks for current/live instruments, but no official public historical point-in-time IV/Greek snapshot endpoint was found."
2025-11-20,16:00,BTC-21NOV25-107000-C,46,2025-11-14T08:00:00.000Z,2025-11-21T08:00:00.000Z,21NOV25,107000,false,false,,false,,false,,false,,false,,false,,true,87769,true,0.0001,false,0,,,,mark_price|mark_iv|delta|gamma|theta|vega,"mark_history_error:public/get_mark_price_history HTTP 400 Bad Request Invalid params:{""reason"":""instrument is not active"",""param"":""instrument_name""}|trade_candle_exists_but_mark_history_missing|Deribit public/get_mark_price_history returns mark price only and only for a subset of options used in volatility index calculations.|Deribit public/ticker exposes mark_iv and greeks for current/live instruments, but no official public historical point-in-time IV/Greek snapshot endpoint was found."
2025-11-21,08:00,BTC-28NOV25-92000-C,47,2025-11-21T08:00:00.000Z,2025-11-28T08:00:00.000Z,28NOV25,92000,false,false,,false,,false,,false,,false,,false,,true,83507,true,0.005,false,0,,,,mark_price|mark_iv|delta|gamma|theta|vega,"mark_history_error:public/get_mark_price_history HTTP 400 Bad Request Invalid params:{""reason"":""instrument is not active"",""param"":""instrument_name""}|trade_candle_exists_but_mark_history_missing|Deribit public/get_mark_price_history returns mark price only and only for a subset of options used in volatility index calculations.|Deribit public/ticker exposes mark_iv and greeks for current/live instruments, but no official public historical point-in-time IV/Greek snapshot endpoint was found."
2025-11-21,14:00,BTC-28NOV25-92000-C,47,2025-11-21T08:00:00.000Z,2025-11-28T08:00:00.000Z,28NOV25,92000,false,false,,false,,false,,false,,false,,false,,true,84768.5,true,0.0075,false,0,,,,mark_price|mark_iv|delta|gamma|theta|vega,"mark_history_error:public/get_mark_price_history HTTP 400 Bad Request Invalid params:{""reason"":""instrument is not active"",""param"":""instrument_name""}|trade_candle_exists_but_mark_history_missing|Deribit public/get_mark_price_history returns mark price only and only for a subset of options used in volatility index calculations.|Deribit public/ticker exposes mark_iv and greeks for current/live instruments, but no official public historical point-in-time IV/Greek snapshot endpoint was found."
2025-11-21,16:00,BTC-28NOV25-92000-C,47,2025-11-21T08:00:00.000Z,2025-11-28T08:00:00.000Z,28NOV25,92000,false,false,,false,,false,,false,,false,,false,,true,84848,true,0.005,false,0,,,,mark_price|mark_iv|delta|gamma|theta|vega,"mark_history_error:public/get_mark_price_history HTTP 400 Bad Request Invalid params:{""reason"":""instrument is not active"",""param"":""instrument_name""}|trade_candle_exists_but_mark_history_missing|Deribit public/get_mark_price_history returns mark price only and only for a subset of options used in volatility index calculations.|Deribit public/ticker exposes mark_iv and greeks for current/live instruments, but no official public historical point-in-time IV/Greek snapshot endpoint was found."
2025-11-22,08:00,BTC-28NOV25-92000-C,47,2025-11-21T08:00:00.000Z,2025-11-28T08:00:00.000Z,28NOV25,92000,false,false,,false,,false,,false,,false,,false,,true,83953.5,true,0.0041,false,0,,,,mark_price|mark_iv|delta|gamma|theta|vega,"mark_history_error:public/get_mark_price_history HTTP 400 Bad Request Invalid params:{""reason"":""instrument is not active"",""param"":""instrument_name""}|trade_candle_exists_but_mark_history_missing|Deribit public/get_mark_price_history returns mark price only and only for a subset of options used in volatility index calculations.|Deribit public/ticker exposes mark_iv and greeks for current/live instruments, but no official public historical point-in-time IV/Greek snapshot endpoint was found."
2025-11-22,14:00,BTC-28NOV25-92000-C,47,2025-11-21T08:00:00.000Z,2025-11-28T08:00:00.000Z,28NOV25,92000,false,false,,false,,false,,false,,false,,false,,true,84420.5,true,0.0034,false,0,,,,mark_price|mark_iv|delta|gamma|theta|vega,"mark_history_error:public/get_mark_price_history HTTP 400 Bad Request Invalid params:{""reason"":""instrument is not active"",""param"":""instrument_name""}|trade_candle_exists_but_mark_history_missing|Deribit public/get_mark_price_history returns mark price only and only for a subset of options used in volatility index calculations.|Deribit public/ticker exposes mark_iv and greeks for current/live instruments, but no official public historical point-in-time IV/Greek snapshot endpoint was found."
2025-11-22,16:00,BTC-28NOV25-92000-C,47,2025-11-21T08:00:00.000Z,2025-11-28T08:00:00.000Z,28NOV25,92000,false,false,,false,,false,,false,,false,,false,,true,84645,true,0.0029,false,0,,,,mark_price|mark_iv|delta|gamma|theta|vega,"mark_history_error:public/get_mark_price_history HTTP 400 Bad Request Invalid params:{""reason"":""instrument is not active"",""param"":""instrument_name""}|trade_candle_exists_but_mark_history_missing|Deribit public/get_mark_price_history returns mark price only and only for a subset of options used in volatility index calculations.|Deribit public/ticker exposes mark_iv and greeks for current/live instruments, but no official public historical point-in-time IV/Greek snapshot endpoint was found."
2025-11-23,08:00,BTC-28NOV25-92000-C,47,2025-11-21T08:00:00.000Z,2025-11-28T08:00:00.000Z,28NOV25,92000,false,false,,false,,false,,false,,false,,false,,true,86079,true,0.0055,false,0,,,,mark_price|mark_iv|delta|gamma|theta|vega,"mark_history_error:public/get_mark_price_history HTTP 400 Bad Request Invalid params:{""reason"":""instrument is not active"",""param"":""instrument_name""}|trade_candle_exists_but_mark_history_missing|Deribit public/get_mark_price_history returns mark price only and only for a subset of options used in volatility index calculations.|Deribit public/ticker exposes mark_iv and greeks for current/live instruments, but no official public historical point-in-time IV/Greek snapshot endpoint was found."
2025-11-23,14:00,BTC-28NOV25-92000-C,47,2025-11-21T08:00:00.000Z,2025-11-28T08:00:00.000Z,28NOV25,92000,false,false,,false,,false,,false,,false,,false,,true,86493,true,0.006,false,0,,,,mark_price|mark_iv|delta|gamma|theta|vega,"mark_history_error:public/get_mark_price_history HTTP 400 Bad Request Invalid params:{""reason"":""instrument is not active"",""param"":""instrument_name""}|trade_candle_exists_but_mark_history_missing|Deribit public/get_mark_price_history returns mark price only and only for a subset of options used in volatility index calculations.|Deribit public/ticker exposes mark_iv and greeks for current/live instruments, but no official public historical point-in-time IV/Greek snapshot endpoint was found."
2025-11-23,16:00,BTC-28NOV25-92000-C,47,2025-11-21T08:00:00.000Z,2025-11-28T08:00:00.000Z,28NOV25,92000,false,false,,false,,false,,false,,false,,false,,true,86647.5,true,0.0065,false,0,,,,mark_price|mark_iv|delta|gamma|theta|vega,"mark_history_error:public/get_mark_price_history HTTP 400 Bad Request Invalid params:{""reason"":""instrument is not active"",""param"":""instrument_name""}|trade_candle_exists_but_mark_history_missing|Deribit public/get_mark_price_history returns mark price only and only for a subset of options used in volatility index calculations.|Deribit public/ticker exposes mark_iv and greeks for current/live instruments, but no official public historical point-in-time IV/Greek snapshot endpoint was found."
2025-11-24,08:00,BTC-28NOV25-92000-C,47,2025-11-21T08:00:00.000Z,2025-11-28T08:00:00.000Z,28NOV25,92000,false,false,,false,,false,,false,,false,,false,,true,86922,true,0.004,false,0,,,,mark_price|mark_iv|delta|gamma|theta|vega,"mark_history_error:public/get_mark_price_history HTTP 400 Bad Request Invalid params:{""reason"":""instrument is not active"",""param"":""instrument_name""}|trade_candle_exists_but_mark_history_missing|Deribit public/get_mark_price_history returns mark price only and only for a subset of options used in volatility index calculations.|Deribit public/ticker exposes mark_iv and greeks for current/live instruments, but no official public historical point-in-time IV/Greek snapshot endpoint was found."
2025-11-24,14:00,BTC-28NOV25-92000-C,47,2025-11-21T08:00:00.000Z,2025-11-28T08:00:00.000Z,28NOV25,92000,false,false,,false,,false,,false,,false,,false,,true,86100,true,0.004,false,0,,,,mark_price|mark_iv|delta|gamma|theta|vega,"mark_history_error:public/get_mark_price_history HTTP 400 Bad Request Invalid params:{""reason"":""instrument is not active"",""param"":""instrument_name""}|trade_candle_exists_but_mark_history_missing|Deribit public/get_mark_price_history returns mark price only and only for a subset of options used in volatility index calculations.|Deribit public/ticker exposes mark_iv and greeks for current/live instruments, but no official public historical point-in-time IV/Greek snapshot endpoint was found."
2025-11-24,16:00,BTC-28NOV25-92000-C,47,2025-11-21T08:00:00.000Z,2025-11-28T08:00:00.000Z,28NOV25,92000,false,false,,false,,false,,false,,false,,false,,true,87133,true,0.004,false,0,,,,mark_price|mark_iv|delta|gamma|theta|vega,"mark_history_error:public/get_mark_price_history HTTP 400 Bad Request Invalid params:{""reason"":""instrument is not active"",""param"":""instrument_name""}|trade_candle_exists_but_mark_history_missing|Deribit public/get_mark_price_history returns mark price only and only for a subset of options used in volatility index calculations.|Deribit public/ticker exposes mark_iv and greeks for current/live instruments, but no official public historical point-in-time IV/Greek snapshot endpoint was found."
2025-11-25,08:00,BTC-28NOV25-92000-C,47,2025-11-21T08:00:00.000Z,2025-11-28T08:00:00.000Z,28NOV25,92000,false,false,,false,,false,,false,,false,,false,,true,86990,true,0.0025,false,0,,,,mark_price|mark_iv|delta|gamma|theta|vega,"mark_history_error:public/get_mark_price_history HTTP 400 Bad Request Invalid params:{""reason"":""instrument is not active"",""param"":""instrument_name""}|trade_candle_exists_but_mark_history_missing|Deribit public/get_mark_price_history returns mark price only and only for a subset of options used in volatility index calculations.|Deribit public/ticker exposes mark_iv and greeks for current/live instruments, but no official public historical point-in-time IV/Greek snapshot endpoint was found."
2025-11-25,14:00,BTC-28NOV25-92000-C,47,2025-11-21T08:00:00.000Z,2025-11-28T08:00:00.000Z,28NOV25,92000,false,false,,false,,false,,false,,false,,false,,true,86714,true,0.0018,false,0,,,,mark_price|mark_iv|delta|gamma|theta|vega,"mark_history_error:public/get_mark_price_history HTTP 400 Bad Request Invalid params:{""reason"":""instrument is not active"",""param"":""instrument_name""}|trade_candle_exists_but_mark_history_missing|Deribit public/get_mark_price_history returns mark price only and only for a subset of options used in volatility index calculations.|Deribit public/ticker exposes mark_iv and greeks for current/live instruments, but no official public historical point-in-time IV/Greek snapshot endpoint was found."
2025-11-25,16:00,BTC-28NOV25-92000-C,47,2025-11-21T08:00:00.000Z,2025-11-28T08:00:00.000Z,28NOV25,92000,false,false,,false,,false,,false,,false,,false,,true,87095,true,0.0015,false,0,,,,mark_price|mark_iv|delta|gamma|theta|vega,"mark_history_error:public/get_mark_price_history HTTP 400 Bad Request Invalid params:{""reason"":""instrument is not active"",""param"":""instrument_name""}|trade_candle_exists_but_mark_history_missing|Deribit public/get_mark_price_history returns mark price only and only for a subset of options used in volatility index calculations.|Deribit public/ticker exposes mark_iv and greeks for current/live instruments, but no official public historical point-in-time IV/Greek snapshot endpoint was found."
2025-11-26,08:00,BTC-28NOV25-92000-C,47,2025-11-21T08:00:00.000Z,2025-11-28T08:00:00.000Z,28NOV25,92000,false,false,,false,,false,,false,,false,,false,,true,87417,true,0.0006,false,0,,,,mark_price|mark_iv|delta|gamma|theta|vega,"mark_history_error:public/get_mark_price_history HTTP 400 Bad Request Invalid params:{""reason"":""instrument is not active"",""param"":""instrument_name""}|trade_candle_exists_but_mark_history_missing|Deribit public/get_mark_price_history returns mark price only and only for a subset of options used in volatility index calculations.|Deribit public/ticker exposes mark_iv and greeks for current/live instruments, but no official public historical point-in-time IV/Greek snapshot endpoint was found."
2025-11-26,14:00,BTC-28NOV25-92000-C,47,2025-11-21T08:00:00.000Z,2025-11-28T08:00:00.000Z,28NOV25,92000,false,false,,false,,false,,false,,false,,false,,true,86875.5,true,0.0005,false,0,,,,mark_price|mark_iv|delta|gamma|theta|vega,"mark_history_error:public/get_mark_price_history HTTP 400 Bad Request Invalid params:{""reason"":""instrument is not active"",""param"":""instrument_name""}|trade_candle_exists_but_mark_history_missing|Deribit public/get_mark_price_history returns mark price only and only for a subset of options used in volatility index calculations.|Deribit public/ticker exposes mark_iv and greeks for current/live instruments, but no official public historical point-in-time IV/Greek snapshot endpoint was found."
2025-11-26,16:00,BTC-28NOV25-92000-C,47,2025-11-21T08:00:00.000Z,2025-11-28T08:00:00.000Z,28NOV25,92000,false,false,,false,,false,,false,,false,,false,,true,87824,true,0.0006,false,0,,,,mark_price|mark_iv|delta|gamma|theta|vega,"mark_history_error:public/get_mark_price_history HTTP 400 Bad Request Invalid params:{""reason"":""instrument is not active"",""param"":""instrument_name""}|trade_candle_exists_but_mark_history_missing|Deribit public/get_mark_price_history returns mark price only and only for a subset of options used in volatility index calculations.|Deribit public/ticker exposes mark_iv and greeks for current/live instruments, but no official public historical point-in-time IV/Greek snapshot endpoint was found."
2025-11-27,08:00,BTC-28NOV25-92000-C,47,2025-11-21T08:00:00.000Z,2025-11-28T08:00:00.000Z,28NOV25,92000,false,false,,false,,false,,false,,false,,false,,true,91499,true,0.0046,false,0,,,,mark_price|mark_iv|delta|gamma|theta|vega,"mark_history_error:public/get_mark_price_history HTTP 400 Bad Request Invalid params:{""reason"":""instrument is not active"",""param"":""instrument_name""}|trade_candle_exists_but_mark_history_missing|Deribit public/get_mark_price_history returns mark price only and only for a subset of options used in volatility index calculations.|Deribit public/ticker exposes mark_iv and greeks for current/live instruments, but no official public historical point-in-time IV/Greek snapshot endpoint was found."
2025-11-27,14:00,BTC-28NOV25-92000-C,47,2025-11-21T08:00:00.000Z,2025-11-28T08:00:00.000Z,28NOV25,92000,false,false,,false,,false,,false,,false,,false,,true,90787,true,0.0023,false,0,,,,mark_price|mark_iv|delta|gamma|theta|vega,"mark_history_error:public/get_mark_price_history HTTP 400 Bad Request Invalid params:{""reason"":""instrument is not active"",""param"":""instrument_name""}|trade_candle_exists_but_mark_history_missing|Deribit public/get_mark_price_history returns mark price only and only for a subset of options used in volatility index calculations.|Deribit public/ticker exposes mark_iv and greeks for current/live instruments, but no official public historical point-in-time IV/Greek snapshot endpoint was found."
2025-11-27,16:00,BTC-28NOV25-92000-C,47,2025-11-21T08:00:00.000Z,2025-11-28T08:00:00.000Z,28NOV25,92000,false,false,,false,,false,,false,,false,,false,,true,91458,true,0.0025,false,0,,,,mark_price|mark_iv|delta|gamma|theta|vega,"mark_history_error:public/get_mark_price_history HTTP 400 Bad Request Invalid params:{""reason"":""instrument is not active"",""param"":""instrument_name""}|trade_candle_exists_but_mark_history_missing|Deribit public/get_mark_price_history returns mark price only and only for a subset of options used in volatility index calculations.|Deribit public/ticker exposes mark_iv and greeks for current/live instruments, but no official public historical point-in-time IV/Greek snapshot endpoint was found."
2025-12-05,08:00,BTC-12DEC25-100000-C,49,2025-12-05T08:00:00.000Z,2025-12-12T08:00:00.000Z,12DEC25,100000,false,false,,false,,false,,false,,false,,false,,true,92157.5,true,0.0028,false,0,,,,mark_price|mark_iv|delta|gamma|theta|vega,"mark_history_error:public/get_mark_price_history HTTP 400 Bad Request Invalid params:{""reason"":""instrument is not active"",""param"":""instrument_name""}|trade_candle_exists_but_mark_history_missing|Deribit public/get_mark_price_history returns mark price only and only for a subset of options used in volatility index calculations.|Deribit public/ticker exposes mark_iv and greeks for current/live instruments, but no official public historical point-in-time IV/Greek snapshot endpoint was found."
2025-12-05,14:00,BTC-12DEC25-100000-C,49,2025-12-05T08:00:00.000Z,2025-12-12T08:00:00.000Z,12DEC25,100000,false,false,,false,,false,,false,,false,,false,,true,90312,true,0.0018,false,0,,,,mark_price|mark_iv|delta|gamma|theta|vega,"mark_history_error:public/get_mark_price_history HTTP 400 Bad Request Invalid params:{""reason"":""instrument is not active"",""param"":""instrument_name""}|trade_candle_exists_but_mark_history_missing|Deribit public/get_mark_price_history returns mark price only and only for a subset of options used in volatility index calculations.|Deribit public/ticker exposes mark_iv and greeks for current/live instruments, but no official public historical point-in-time IV/Greek snapshot endpoint was found."
2025-12-05,16:00,BTC-12DEC25-100000-C,49,2025-12-05T08:00:00.000Z,2025-12-12T08:00:00.000Z,12DEC25,100000,false,false,,false,,false,,false,,false,,false,,true,88834.5,true,0.0014,false,0,,,,mark_price|mark_iv|delta|gamma|theta|vega,"mark_history_error:public/get_mark_price_history HTTP 400 Bad Request Invalid params:{""reason"":""instrument is not active"",""param"":""instrument_name""}|trade_candle_exists_but_mark_history_missing|Deribit public/get_mark_price_history returns mark price only and only for a subset of options used in volatility index calculations.|Deribit public/ticker exposes mark_iv and greeks for current/live instruments, but no official public historical point-in-time IV/Greek snapshot endpoint was found."
2025-12-06,08:00,BTC-12DEC25-100000-C,49,2025-12-05T08:00:00.000Z,2025-12-12T08:00:00.000Z,12DEC25,100000,false,false,,false,,false,,false,,false,,false,,true,89303.5,true,0.0012,false,0,,,,mark_price|mark_iv|delta|gamma|theta|vega,"mark_history_error:public/get_mark_price_history HTTP 400 Bad Request Invalid params:{""reason"":""instrument is not active"",""param"":""instrument_name""}|trade_candle_exists_but_mark_history_missing|Deribit public/get_mark_price_history returns mark price only and only for a subset of options used in volatility index calculations.|Deribit public/ticker exposes mark_iv and greeks for current/live instruments, but no official public historical point-in-time IV/Greek snapshot endpoint was found."
2025-12-06,14:00,BTC-12DEC25-100000-C,49,2025-12-05T08:00:00.000Z,2025-12-12T08:00:00.000Z,12DEC25,100000,false,false,,false,,false,,false,,false,,false,,true,90004.5,true,0.0013,false,0,,,,mark_price|mark_iv|delta|gamma|theta|vega,"mark_history_error:public/get_mark_price_history HTTP 400 Bad Request Invalid params:{""reason"":""instrument is not active"",""param"":""instrument_name""}|trade_candle_exists_but_mark_history_missing|Deribit public/get_mark_price_history returns mark price only and only for a subset of options used in volatility index calculations.|Deribit public/ticker exposes mark_iv and greeks for current/live instruments, but no official public historical point-in-time IV/Greek snapshot endpoint was found."
2025-12-06,16:00,BTC-12DEC25-100000-C,49,2025-12-05T08:00:00.000Z,2025-12-12T08:00:00.000Z,12DEC25,100000,false,false,,false,,false,,false,,false,,false,,true,89730.5,true,0.0014,false,0,,,,mark_price|mark_iv|delta|gamma|theta|vega,"mark_history_error:public/get_mark_price_history HTTP 400 Bad Request Invalid params:{""reason"":""instrument is not active"",""param"":""instrument_name""}|trade_candle_exists_but_mark_history_missing|Deribit public/get_mark_price_history returns mark price only and only for a subset of options used in volatility index calculations.|Deribit public/ticker exposes mark_iv and greeks for current/live instruments, but no official public historical point-in-time IV/Greek snapshot endpoint was found."
2025-12-07,08:00,BTC-12DEC25-100000-C,49,2025-12-05T08:00:00.000Z,2025-12-12T08:00:00.000Z,12DEC25,100000,false,false,,false,,false,,false,,false,,false,,true,89326.5,true,0.0013,false,0,,,,mark_price|mark_iv|delta|gamma|theta|vega,"mark_history_error:public/get_mark_price_history HTTP 400 Bad Request Invalid params:{""reason"":""instrument is not active"",""param"":""instrument_name""}|trade_candle_exists_but_mark_history_missing|Deribit public/get_mark_price_history returns mark price only and only for a subset of options used in volatility index calculations.|Deribit public/ticker exposes mark_iv and greeks for current/live instruments, but no official public historical point-in-time IV/Greek snapshot endpoint was found."
2025-12-07,14:00,BTC-12DEC25-100000-C,49,2025-12-05T08:00:00.000Z,2025-12-12T08:00:00.000Z,12DEC25,100000,false,false,,false,,false,,false,,false,,false,,true,88255,true,0.0012,false,0,,,,mark_price|mark_iv|delta|gamma|theta|vega,"mark_history_error:public/get_mark_price_history HTTP 400 Bad Request Invalid params:{""reason"":""instrument is not active"",""param"":""instrument_name""}|trade_candle_exists_but_mark_history_missing|Deribit public/get_mark_price_history returns mark price only and only for a subset of options used in volatility index calculations.|Deribit public/ticker exposes mark_iv and greeks for current/live instruments, but no official public historical point-in-time IV/Greek snapshot endpoint was found."
2025-12-07,16:00,BTC-12DEC25-100000-C,49,2025-12-05T08:00:00.000Z,2025-12-12T08:00:00.000Z,12DEC25,100000,false,false,,false,,false,,false,,false,,false,,true,89934.5,true,0.0012,false,0,,,,mark_price|mark_iv|delta|gamma|theta|vega,"mark_history_error:public/get_mark_price_history HTTP 400 Bad Request Invalid params:{""reason"":""instrument is not active"",""param"":""instrument_name""}|trade_candle_exists_but_mark_history_missing|Deribit public/get_mark_price_history returns mark price only and only for a subset of options used in volatility index calculations.|Deribit public/ticker exposes mark_iv and greeks for current/live instruments, but no official public historical point-in-time IV/Greek snapshot endpoint was found."
2025-12-08,08:00,BTC-12DEC25-100000-C,49,2025-12-05T08:00:00.000Z,2025-12-12T08:00:00.000Z,12DEC25,100000,false,false,,false,,false,,false,,false,,false,,true,91864.5,true,0.0016,false,0,,,,mark_price|mark_iv|delta|gamma|theta|vega,"mark_history_error:public/get_mark_price_history HTTP 400 Bad Request Invalid params:{""reason"":""instrument is not active"",""param"":""instrument_name""}|trade_candle_exists_but_mark_history_missing|Deribit public/get_mark_price_history returns mark price only and only for a subset of options used in volatility index calculations.|Deribit public/ticker exposes mark_iv and greeks for current/live instruments, but no official public historical point-in-time IV/Greek snapshot endpoint was found."
2025-12-08,14:00,BTC-12DEC25-100000-C,49,2025-12-05T08:00:00.000Z,2025-12-12T08:00:00.000Z,12DEC25,100000,false,false,,false,,false,,false,,false,,false,,true,90879,true,0.0012,false,0,,,,mark_price|mark_iv|delta|gamma|theta|vega,"mark_history_error:public/get_mark_price_history HTTP 400 Bad Request Invalid params:{""reason"":""instrument is not active"",""param"":""instrument_name""}|trade_candle_exists_but_mark_history_missing|Deribit public/get_mark_price_history returns mark price only and only for a subset of options used in volatility index calculations.|Deribit public/ticker exposes mark_iv and greeks for current/live instruments, but no official public historical point-in-time IV/Greek snapshot endpoint was found."
2025-12-08,16:00,BTC-12DEC25-100000-C,49,2025-12-05T08:00:00.000Z,2025-12-12T08:00:00.000Z,12DEC25,100000,false,false,,false,,false,,false,,false,,false,,true,89963,true,0.0008,false,0,,,,mark_price|mark_iv|delta|gamma|theta|vega,"mark_history_error:public/get_mark_price_history HTTP 400 Bad Request Invalid params:{""reason"":""instrument is not active"",""param"":""instrument_name""}|trade_candle_exists_but_mark_history_missing|Deribit public/get_mark_price_history returns mark price only and only for a subset of options used in volatility index calculations.|Deribit public/ticker exposes mark_iv and greeks for current/live instruments, but no official public historical point-in-time IV/Greek snapshot endpoint was found."
2025-12-09,08:00,BTC-12DEC25-100000-C,49,2025-12-05T08:00:00.000Z,2025-12-12T08:00:00.000Z,12DEC25,100000,false,false,,false,,false,,false,,false,,false,,true,90525.5,true,0.0006,false,0,,,,mark_price|mark_iv|delta|gamma|theta|vega,"mark_history_error:public/get_mark_price_history HTTP 400 Bad Request Invalid params:{""reason"":""instrument is not active"",""param"":""instrument_name""}|trade_candle_exists_but_mark_history_missing|Deribit public/get_mark_price_history returns mark price only and only for a subset of options used in volatility index calculations.|Deribit public/ticker exposes mark_iv and greeks for current/live instruments, but no official public historical point-in-time IV/Greek snapshot endpoint was found."
2025-12-09,14:00,BTC-12DEC25-100000-C,49,2025-12-05T08:00:00.000Z,2025-12-12T08:00:00.000Z,12DEC25,100000,false,false,,false,,false,,false,,false,,false,,true,90390.5,true,0.0007,false,0,,,,mark_price|mark_iv|delta|gamma|theta|vega,"mark_history_error:public/get_mark_price_history HTTP 400 Bad Request Invalid params:{""reason"":""instrument is not active"",""param"":""instrument_name""}|trade_candle_exists_but_mark_history_missing|Deribit public/get_mark_price_history returns mark price only and only for a subset of options used in volatility index calculations.|Deribit public/ticker exposes mark_iv and greeks for current/live instruments, but no official public historical point-in-time IV/Greek snapshot endpoint was found."
2025-12-09,16:00,BTC-12DEC25-100000-C,49,2025-12-05T08:00:00.000Z,2025-12-12T08:00:00.000Z,12DEC25,100000,false,false,,false,,false,,false,,false,,false,,true,94200,true,0.0034,false,0,,,,mark_price|mark_iv|delta|gamma|theta|vega,"mark_history_error:public/get_mark_price_history HTTP 400 Bad Request Invalid params:{""reason"":""instrument is not active"",""param"":""instrument_name""}|trade_candle_exists_but_mark_history_missing|Deribit public/get_mark_price_history returns mark price only and only for a subset of options used in volatility index calculations.|Deribit public/ticker exposes mark_iv and greeks for current/live instruments, but no official public historical point-in-time IV/Greek snapshot endpoint was found."
2025-12-10,08:00,BTC-12DEC25-100000-C,49,2025-12-05T08:00:00.000Z,2025-12-12T08:00:00.000Z,12DEC25,100000,false,false,,false,,false,,false,,false,,false,,true,92635,true,0.0007,false,0,,,,mark_price|mark_iv|delta|gamma|theta|vega,"mark_history_error:public/get_mark_price_history HTTP 400 Bad Request Invalid params:{""reason"":""instrument is not active"",""param"":""instrument_name""}|trade_candle_exists_but_mark_history_missing|Deribit public/get_mark_price_history returns mark price only and only for a subset of options used in volatility index calculations.|Deribit public/ticker exposes mark_iv and greeks for current/live instruments, but no official public historical point-in-time IV/Greek snapshot endpoint was found."
2025-12-10,14:00,BTC-12DEC25-100000-C,49,2025-12-05T08:00:00.000Z,2025-12-12T08:00:00.000Z,12DEC25,100000,false,false,,false,,false,,false,,false,,false,,true,91862,true,0.0006,false,0,,,,mark_price|mark_iv|delta|gamma|theta|vega,"mark_history_error:public/get_mark_price_history HTTP 400 Bad Request Invalid params:{""reason"":""instrument is not active"",""param"":""instrument_name""}|trade_candle_exists_but_mark_history_missing|Deribit public/get_mark_price_history returns mark price only and only for a subset of options used in volatility index calculations.|Deribit public/ticker exposes mark_iv and greeks for current/live instruments, but no official public historical point-in-time IV/Greek snapshot endpoint was found."
2025-12-10,16:00,BTC-12DEC25-100000-C,49,2025-12-05T08:00:00.000Z,2025-12-12T08:00:00.000Z,12DEC25,100000,false,false,,false,,false,,false,,false,,false,,true,92177.5,true,0.0006,false,0,,,,mark_price|mark_iv|delta|gamma|theta|vega,"mark_history_error:public/get_mark_price_history HTTP 400 Bad Request Invalid params:{""reason"":""instrument is not active"",""param"":""instrument_name""}|trade_candle_exists_but_mark_history_missing|Deribit public/get_mark_price_history returns mark price only and only for a subset of options used in volatility index calculations.|Deribit public/ticker exposes mark_iv and greeks for current/live instruments, but no official public historical point-in-time IV/Greek snapshot endpoint was found."
2025-12-11,08:00,BTC-12DEC25-100000-C,49,2025-12-05T08:00:00.000Z,2025-12-12T08:00:00.000Z,12DEC25,100000,false,false,,false,,false,,false,,false,,false,,true,90206,true,0.0001,false,0,,,,mark_price|mark_iv|delta|gamma|theta|vega,"mark_history_error:public/get_mark_price_history HTTP 400 Bad Request Invalid params:{""reason"":""instrument is not active"",""param"":""instrument_name""}|trade_candle_exists_but_mark_history_missing|Deribit public/get_mark_price_history returns mark price only and only for a subset of options used in volatility index calculations.|Deribit public/ticker exposes mark_iv and greeks for current/live instruments, but no official public historical point-in-time IV/Greek snapshot endpoint was found."
2025-12-11,14:00,BTC-12DEC25-100000-C,49,2025-12-05T08:00:00.000Z,2025-12-12T08:00:00.000Z,12DEC25,100000,false,false,,false,,false,,false,,false,,false,,true,89590,true,0.0001,false,0,,,,mark_price|mark_iv|delta|gamma|theta|vega,"mark_history_error:public/get_mark_price_history HTTP 400 Bad Request Invalid params:{""reason"":""instrument is not active"",""param"":""instrument_name""}|trade_candle_exists_but_mark_history_missing|Deribit public/get_mark_price_history returns mark price only and only for a subset of options used in volatility index calculations.|Deribit public/ticker exposes mark_iv and greeks for current/live instruments, but no official public historical point-in-time IV/Greek snapshot endpoint was found."
2025-12-11,16:00,BTC-12DEC25-100000-C,49,2025-12-05T08:00:00.000Z,2025-12-12T08:00:00.000Z,12DEC25,100000,false,false,,false,,false,,false,,false,,false,,true,89739.5,true,0.0001,false,0,,,,mark_price|mark_iv|delta|gamma|theta|vega,"mark_history_error:public/get_mark_price_history HTTP 400 Bad Request Invalid params:{""reason"":""instrument is not active"",""param"":""instrument_name""}|trade_candle_exists_but_mark_history_missing|Deribit public/get_mark_price_history returns mark price only and only for a subset of options used in volatility index calculations.|Deribit public/ticker exposes mark_iv and greeks for current/live instruments, but no official public historical point-in-time IV/Greek snapshot endpoint was found."
2025-12-12,08:00,BTC-19DEC25-100000-C,50,2025-12-12T08:00:00.000Z,2025-12-19T08:00:00.000Z,19DEC25,100000,false,false,,false,,false,,false,,false,,false,,true,92374.5,true,0.0018,false,0,,,,mark_price|mark_iv|delta|gamma|theta|vega,"mark_history_error:public/get_mark_price_history HTTP 400 Bad Request Invalid params:{""reason"":""instrument is not active"",""param"":""instrument_name""}|trade_candle_exists_but_mark_history_missing|Deribit public/get_mark_price_history returns mark price only and only for a subset of options used in volatility index calculations.|Deribit public/ticker exposes mark_iv and greeks for current/live instruments, but no official public historical point-in-time IV/Greek snapshot endpoint was found."
2025-12-12,14:00,BTC-19DEC25-100000-C,50,2025-12-12T08:00:00.000Z,2025-12-19T08:00:00.000Z,19DEC25,100000,false,false,,false,,false,,false,,false,,false,,true,92495,true,0.0021,false,0,,,,mark_price|mark_iv|delta|gamma|theta|vega,"mark_history_error:public/get_mark_price_history HTTP 400 Bad Request Invalid params:{""reason"":""instrument is not active"",""param"":""instrument_name""}|trade_candle_exists_but_mark_history_missing|Deribit public/get_mark_price_history returns mark price only and only for a subset of options used in volatility index calculations.|Deribit public/ticker exposes mark_iv and greeks for current/live instruments, but no official public historical point-in-time IV/Greek snapshot endpoint was found."
2025-12-12,16:00,BTC-19DEC25-100000-C,50,2025-12-12T08:00:00.000Z,2025-12-19T08:00:00.000Z,19DEC25,100000,false,false,,false,,false,,false,,false,,false,,true,90050,true,0.0011,false,0,,,,mark_price|mark_iv|delta|gamma|theta|vega,"mark_history_error:public/get_mark_price_history HTTP 400 Bad Request Invalid params:{""reason"":""instrument is not active"",""param"":""instrument_name""}|trade_candle_exists_but_mark_history_missing|Deribit public/get_mark_price_history returns mark price only and only for a subset of options used in volatility index calculations.|Deribit public/ticker exposes mark_iv and greeks for current/live instruments, but no official public historical point-in-time IV/Greek snapshot endpoint was found."
2025-12-13,08:00,BTC-19DEC25-100000-C,50,2025-12-12T08:00:00.000Z,2025-12-19T08:00:00.000Z,19DEC25,100000,false,false,,false,,false,,false,,false,,false,,true,90450.5,true,0.001,false,0,,,,mark_price|mark_iv|delta|gamma|theta|vega,"mark_history_error:public/get_mark_price_history HTTP 400 Bad Request Invalid params:{""reason"":""instrument is not active"",""param"":""instrument_name""}|trade_candle_exists_but_mark_history_missing|Deribit public/get_mark_price_history returns mark price only and only for a subset of options used in volatility index calculations.|Deribit public/ticker exposes mark_iv and greeks for current/live instruments, but no official public historical point-in-time IV/Greek snapshot endpoint was found."
2025-12-13,14:00,BTC-19DEC25-100000-C,50,2025-12-12T08:00:00.000Z,2025-12-19T08:00:00.000Z,19DEC25,100000,false,false,,false,,false,,false,,false,,false,,true,90115,true,0.001,false,0,,,,mark_price|mark_iv|delta|gamma|theta|vega,"mark_history_error:public/get_mark_price_history HTTP 400 Bad Request Invalid params:{""reason"":""instrument is not active"",""param"":""instrument_name""}|trade_candle_exists_but_mark_history_missing|Deribit public/get_mark_price_history returns mark price only and only for a subset of options used in volatility index calculations.|Deribit public/ticker exposes mark_iv and greeks for current/live instruments, but no official public historical point-in-time IV/Greek snapshot endpoint was found."
2025-12-13,16:00,BTC-19DEC25-100000-C,50,2025-12-12T08:00:00.000Z,2025-12-19T08:00:00.000Z,19DEC25,100000,false,false,,false,,false,,false,,false,,false,,true,90120,true,0.0011,false,0,,,,mark_price|mark_iv|delta|gamma|theta|vega,"mark_history_error:public/get_mark_price_history HTTP 400 Bad Request Invalid params:{""reason"":""instrument is not active"",""param"":""instrument_name""}|trade_candle_exists_but_mark_history_missing|Deribit public/get_mark_price_history returns mark price only and only for a subset of options used in volatility index calculations.|Deribit public/ticker exposes mark_iv and greeks for current/live instruments, but no official public historical point-in-time IV/Greek snapshot endpoint was found."
2025-12-14,08:00,BTC-19DEC25-100000-C,50,2025-12-12T08:00:00.000Z,2025-12-19T08:00:00.000Z,19DEC25,100000,false,false,,false,,false,,false,,false,,false,,true,90158,true,0.001,false,0,,,,mark_price|mark_iv|delta|gamma|theta|vega,"mark_history_error:public/get_mark_price_history HTTP 400 Bad Request Invalid params:{""reason"":""instrument is not active"",""param"":""instrument_name""}|trade_candle_exists_but_mark_history_missing|Deribit public/get_mark_price_history returns mark price only and only for a subset of options used in volatility index calculations.|Deribit public/ticker exposes mark_iv and greeks for current/live instruments, but no official public historical point-in-time IV/Greek snapshot endpoint was found."
2025-12-14,14:00,BTC-19DEC25-100000-C,50,2025-12-12T08:00:00.000Z,2025-12-19T08:00:00.000Z,19DEC25,100000,false,false,,false,,false,,false,,false,,false,,true,89114.5,true,0.0007,false,0,,,,mark_price|mark_iv|delta|gamma|theta|vega,"mark_history_error:public/get_mark_price_history HTTP 400 Bad Request Invalid params:{""reason"":""instrument is not active"",""param"":""instrument_name""}|trade_candle_exists_but_mark_history_missing|Deribit public/get_mark_price_history returns mark price only and only for a subset of options used in volatility index calculations.|Deribit public/ticker exposes mark_iv and greeks for current/live instruments, but no official public historical point-in-time IV/Greek snapshot endpoint was found."
2025-12-14,16:00,BTC-19DEC25-100000-C,50,2025-12-12T08:00:00.000Z,2025-12-19T08:00:00.000Z,19DEC25,100000,false,false,,false,,false,,false,,false,,false,,true,88816.5,true,0.0008,false,0,,,,mark_price|mark_iv|delta|gamma|theta|vega,"mark_history_error:public/get_mark_price_history HTTP 400 Bad Request Invalid params:{""reason"":""instrument is not active"",""param"":""instrument_name""}|trade_candle_exists_but_mark_history_missing|Deribit public/get_mark_price_history returns mark price only and only for a subset of options used in volatility index calculations.|Deribit public/ticker exposes mark_iv and greeks for current/live instruments, but no official public historical point-in-time IV/Greek snapshot endpoint was found."
2025-12-15,08:00,BTC-19DEC25-100000-C,50,2025-12-12T08:00:00.000Z,2025-12-19T08:00:00.000Z,19DEC25,100000,false,false,,false,,false,,false,,false,,false,,true,89789.5,true,0.0005,false,0,,,,mark_price|mark_iv|delta|gamma|theta|vega,"mark_history_error:public/get_mark_price_history HTTP 400 Bad Request Invalid params:{""reason"":""instrument is not active"",""param"":""instrument_name""}|trade_candle_exists_but_mark_history_missing|Deribit public/get_mark_price_history returns mark price only and only for a subset of options used in volatility index calculations.|Deribit public/ticker exposes mark_iv and greeks for current/live instruments, but no official public historical point-in-time IV/Greek snapshot endpoint was found."
2025-12-15,14:00,BTC-19DEC25-100000-C,50,2025-12-12T08:00:00.000Z,2025-12-19T08:00:00.000Z,19DEC25,100000,false,false,,false,,false,,false,,false,,false,,true,88075,true,0.0005,false,0,,,,mark_price|mark_iv|delta|gamma|theta|vega,"mark_history_error:public/get_mark_price_history HTTP 400 Bad Request Invalid params:{""reason"":""instrument is not active"",""param"":""instrument_name""}|trade_candle_exists_but_mark_history_missing|Deribit public/get_mark_price_history returns mark price only and only for a subset of options used in volatility index calculations.|Deribit public/ticker exposes mark_iv and greeks for current/live instruments, but no official public historical point-in-time IV/Greek snapshot endpoint was found."
2025-12-15,16:00,BTC-19DEC25-100000-C,50,2025-12-12T08:00:00.000Z,2025-12-19T08:00:00.000Z,19DEC25,100000,false,false,,false,,false,,false,,false,,false,,true,86419,true,0.0005,false,0,,,,mark_price|mark_iv|delta|gamma|theta|vega,"mark_history_error:public/get_mark_price_history HTTP 400 Bad Request Invalid params:{""reason"":""instrument is not active"",""param"":""instrument_name""}|trade_candle_exists_but_mark_history_missing|Deribit public/get_mark_price_history returns mark price only and only for a subset of options used in volatility index calculations.|Deribit public/ticker exposes mark_iv and greeks for current/live instruments, but no official public historical point-in-time IV/Greek snapshot endpoint was found."
2025-12-16,08:00,BTC-19DEC25-100000-C,50,2025-12-12T08:00:00.000Z,2025-12-19T08:00:00.000Z,19DEC25,100000,false,false,,false,,false,,false,,false,,false,,true,86269.5,true,0.0003,false,0,,,,mark_price|mark_iv|delta|gamma|theta|vega,"mark_history_error:public/get_mark_price_history HTTP 400 Bad Request Invalid params:{""reason"":""instrument is not active"",""param"":""instrument_name""}|trade_candle_exists_but_mark_history_missing|Deribit public/get_mark_price_history returns mark price only and only for a subset of options used in volatility index calculations.|Deribit public/ticker exposes mark_iv and greeks for current/live instruments, but no official public historical point-in-time IV/Greek snapshot endpoint was found."
2025-12-16,14:00,BTC-19DEC25-100000-C,50,2025-12-12T08:00:00.000Z,2025-12-19T08:00:00.000Z,19DEC25,100000,false,false,,false,,false,,false,,false,,false,,true,87278,true,0.0002,false,0,,,,mark_price|mark_iv|delta|gamma|theta|vega,"mark_history_error:public/get_mark_price_history HTTP 400 Bad Request Invalid params:{""reason"":""instrument is not active"",""param"":""instrument_name""}|trade_candle_exists_but_mark_history_missing|Deribit public/get_mark_price_history returns mark price only and only for a subset of options used in volatility index calculations.|Deribit public/ticker exposes mark_iv and greeks for current/live instruments, but no official public historical point-in-time IV/Greek snapshot endpoint was found."
2025-12-16,16:00,BTC-19DEC25-100000-C,50,2025-12-12T08:00:00.000Z,2025-12-19T08:00:00.000Z,19DEC25,100000,false,false,,false,,false,,false,,false,,false,,true,87586,true,0.0002,false,0,,,,mark_price|mark_iv|delta|gamma|theta|vega,"mark_history_error:public/get_mark_price_history HTTP 400 Bad Request Invalid params:{""reason"":""instrument is not active"",""param"":""instrument_name""}|trade_candle_exists_but_mark_history_missing|Deribit public/get_mark_price_history returns mark price only and only for a subset of options used in volatility index calculations.|Deribit public/ticker exposes mark_iv and greeks for current/live instruments, but no official public historical point-in-time IV/Greek snapshot endpoint was found."
2025-12-17,08:00,BTC-19DEC25-100000-C,50,2025-12-12T08:00:00.000Z,2025-12-19T08:00:00.000Z,19DEC25,100000,false,false,,false,,false,,false,,false,,false,,true,86369,true,0.0001,false,0,,,,mark_price|mark_iv|delta|gamma|theta|vega,"mark_history_error:public/get_mark_price_history HTTP 400 Bad Request Invalid params:{""reason"":""instrument is not active"",""param"":""instrument_name""}|trade_candle_exists_but_mark_history_missing|Deribit public/get_mark_price_history returns mark price only and only for a subset of options used in volatility index calculations.|Deribit public/ticker exposes mark_iv and greeks for current/live instruments, but no official public historical point-in-time IV/Greek snapshot endpoint was found."
2025-12-17,14:00,BTC-19DEC25-100000-C,50,2025-12-12T08:00:00.000Z,2025-12-19T08:00:00.000Z,19DEC25,100000,false,false,,false,,false,,false,,false,,false,,true,89690,true,0.0001,false,0,,,,mark_price|mark_iv|delta|gamma|theta|vega,"mark_history_error:public/get_mark_price_history HTTP 400 Bad Request Invalid params:{""reason"":""instrument is not active"",""param"":""instrument_name""}|trade_candle_exists_but_mark_history_missing|Deribit public/get_mark_price_history returns mark price only and only for a subset of options used in volatility index calculations.|Deribit public/ticker exposes mark_iv and greeks for current/live instruments, but no official public historical point-in-time IV/Greek snapshot endpoint was found."
2025-12-17,16:00,BTC-19DEC25-100000-C,50,2025-12-12T08:00:00.000Z,2025-12-19T08:00:00.000Z,19DEC25,100000,false,false,,false,,false,,false,,false,,false,,true,86973,true,0.0001,false,0,,,,mark_price|mark_iv|delta|gamma|theta|vega,"mark_history_error:public/get_mark_price_history HTTP 400 Bad Request Invalid params:{""reason"":""instrument is not active"",""param"":""instrument_name""}|trade_candle_exists_but_mark_history_missing|Deribit public/get_mark_price_history returns mark price only and only for a subset of options used in volatility index calculations.|Deribit public/ticker exposes mark_iv and greeks for current/live instruments, but no official public historical point-in-time IV/Greek snapshot endpoint was found."
2025-12-18,08:00,BTC-19DEC25-100000-C,50,2025-12-12T08:00:00.000Z,2025-12-19T08:00:00.000Z,19DEC25,100000,false,false,,false,,false,,false,,false,,false,,true,86970,true,0.0001,false,0,,,,mark_price|mark_iv|delta|gamma|theta|vega,"mark_history_error:public/get_mark_price_history HTTP 400 Bad Request Invalid params:{""reason"":""instrument is not active"",""param"":""instrument_name""}|trade_candle_exists_but_mark_history_missing|Deribit public/get_mark_price_history returns mark price only and only for a subset of options used in volatility index calculations.|Deribit public/ticker exposes mark_iv and greeks for current/live instruments, but no official public historical point-in-time IV/Greek snapshot endpoint was found."
2025-12-18,14:00,BTC-19DEC25-100000-C,50,2025-12-12T08:00:00.000Z,2025-12-19T08:00:00.000Z,19DEC25,100000,false,false,,false,,false,,false,,false,,false,,true,88347.5,true,0.0001,false,0,,,,mark_price|mark_iv|delta|gamma|theta|vega,"mark_history_error:public/get_mark_price_history HTTP 400 Bad Request Invalid params:{""reason"":""instrument is not active"",""param"":""instrument_name""}|trade_candle_exists_but_mark_history_missing|Deribit public/get_mark_price_history returns mark price only and only for a subset of options used in volatility index calculations.|Deribit public/ticker exposes mark_iv and greeks for current/live instruments, but no official public historical point-in-time IV/Greek snapshot endpoint was found."
2025-12-18,16:00,BTC-19DEC25-100000-C,50,2025-12-12T08:00:00.000Z,2025-12-19T08:00:00.000Z,19DEC25,100000,false,false,,false,,false,,false,,false,,false,,true,88008.5,true,0.0001,false,0,,,,mark_price|mark_iv|delta|gamma|theta|vega,"mark_history_error:public/get_mark_price_history HTTP 400 Bad Request Invalid params:{""reason"":""instrument is not active"",""param"":""instrument_name""}|trade_candle_exists_but_mark_history_missing|Deribit public/get_mark_price_history returns mark price only and only for a subset of options used in volatility index calculations.|Deribit public/ticker exposes mark_iv and greeks for current/live instruments, but no official public historical point-in-time IV/Greek snapshot endpoint was found."
2025-12-19,08:00,BTC-26DEC25-96000-C,51,2025-12-19T08:00:00.000Z,2025-12-26T08:00:00.000Z,26DEC25,96000,false,false,,false,,false,,false,,false,,false,,true,88110,true,0.0024,false,0,,,,mark_price|mark_iv|delta|gamma|theta|vega,"mark_history_error:public/get_mark_price_history HTTP 400 Bad Request Invalid params:{""reason"":""instrument is not active"",""param"":""instrument_name""}|trade_candle_exists_but_mark_history_missing|Deribit public/get_mark_price_history returns mark price only and only for a subset of options used in volatility index calculations.|Deribit public/ticker exposes mark_iv and greeks for current/live instruments, but no official public historical point-in-time IV/Greek snapshot endpoint was found."
2025-12-19,14:00,BTC-26DEC25-96000-C,51,2025-12-19T08:00:00.000Z,2025-12-26T08:00:00.000Z,26DEC25,96000,false,false,,false,,false,,false,,false,,false,,true,88157.5,true,0.0021,false,0,,,,mark_price|mark_iv|delta|gamma|theta|vega,"mark_history_error:public/get_mark_price_history HTTP 400 Bad Request Invalid params:{""reason"":""instrument is not active"",""param"":""instrument_name""}|trade_candle_exists_but_mark_history_missing|Deribit public/get_mark_price_history returns mark price only and only for a subset of options used in volatility index calculations.|Deribit public/ticker exposes mark_iv and greeks for current/live instruments, but no official public historical point-in-time IV/Greek snapshot endpoint was found."
2025-12-19,16:00,BTC-26DEC25-96000-C,51,2025-12-19T08:00:00.000Z,2025-12-26T08:00:00.000Z,26DEC25,96000,false,false,,false,,false,,false,,false,,false,,true,87946,true,0.002,false,0,,,,mark_price|mark_iv|delta|gamma|theta|vega,"mark_history_error:public/get_mark_price_history HTTP 400 Bad Request Invalid params:{""reason"":""instrument is not active"",""param"":""instrument_name""}|trade_candle_exists_but_mark_history_missing|Deribit public/get_mark_price_history returns mark price only and only for a subset of options used in volatility index calculations.|Deribit public/ticker exposes mark_iv and greeks for current/live instruments, but no official public historical point-in-time IV/Greek snapshot endpoint was found."
2025-12-20,08:00,BTC-26DEC25-96000-C,51,2025-12-19T08:00:00.000Z,2025-12-26T08:00:00.000Z,26DEC25,96000,false,false,,false,,false,,false,,false,,false,,true,88253,true,0.0012,false,0,,,,mark_price|mark_iv|delta|gamma|theta|vega,"mark_history_error:public/get_mark_price_history HTTP 400 Bad Request Invalid params:{""reason"":""instrument is not active"",""param"":""instrument_name""}|trade_candle_exists_but_mark_history_missing|Deribit public/get_mark_price_history returns mark price only and only for a subset of options used in volatility index calculations.|Deribit public/ticker exposes mark_iv and greeks for current/live instruments, but no official public historical point-in-time IV/Greek snapshot endpoint was found."
2025-12-20,14:00,BTC-26DEC25-96000-C,51,2025-12-19T08:00:00.000Z,2025-12-26T08:00:00.000Z,26DEC25,96000,false,false,,false,,false,,false,,false,,false,,true,88231.5,true,0.0012,false,0,,,,mark_price|mark_iv|delta|gamma|theta|vega,"mark_history_error:public/get_mark_price_history HTTP 400 Bad Request Invalid params:{""reason"":""instrument is not active"",""param"":""instrument_name""}|trade_candle_exists_but_mark_history_missing|Deribit public/get_mark_price_history returns mark price only and only for a subset of options used in volatility index calculations.|Deribit public/ticker exposes mark_iv and greeks for current/live instruments, but no official public historical point-in-time IV/Greek snapshot endpoint was found."
2025-12-20,16:00,BTC-26DEC25-96000-C,51,2025-12-19T08:00:00.000Z,2025-12-26T08:00:00.000Z,26DEC25,96000,false,false,,false,,false,,false,,false,,false,,true,88123,true,0.0012,false,0,,,,mark_price|mark_iv|delta|gamma|theta|vega,"mark_history_error:public/get_mark_price_history HTTP 400 Bad Request Invalid params:{""reason"":""instrument is not active"",""param"":""instrument_name""}|trade_candle_exists_but_mark_history_missing|Deribit public/get_mark_price_history returns mark price only and only for a subset of options used in volatility index calculations.|Deribit public/ticker exposes mark_iv and greeks for current/live instruments, but no official public historical point-in-time IV/Greek snapshot endpoint was found."
2025-12-21,08:00,BTC-26DEC25-96000-C,51,2025-12-19T08:00:00.000Z,2025-12-26T08:00:00.000Z,26DEC25,96000,false,false,,false,,false,,false,,false,,false,,true,88521.5,true,0.0018,false,0,,,,mark_price|mark_iv|delta|gamma|theta|vega,"mark_history_error:public/get_mark_price_history HTTP 400 Bad Request Invalid params:{""reason"":""instrument is not active"",""param"":""instrument_name""}|trade_candle_exists_but_mark_history_missing|Deribit public/get_mark_price_history returns mark price only and only for a subset of options used in volatility index calculations.|Deribit public/ticker exposes mark_iv and greeks for current/live instruments, but no official public historical point-in-time IV/Greek snapshot endpoint was found."
2025-12-21,14:00,BTC-26DEC25-96000-C,51,2025-12-19T08:00:00.000Z,2025-12-26T08:00:00.000Z,26DEC25,96000,false,false,,false,,false,,false,,false,,false,,true,88067.5,true,0.0015,false,0,,,,mark_price|mark_iv|delta|gamma|theta|vega,"mark_history_error:public/get_mark_price_history HTTP 400 Bad Request Invalid params:{""reason"":""instrument is not active"",""param"":""instrument_name""}|trade_candle_exists_but_mark_history_missing|Deribit public/get_mark_price_history returns mark price only and only for a subset of options used in volatility index calculations.|Deribit public/ticker exposes mark_iv and greeks for current/live instruments, but no official public historical point-in-time IV/Greek snapshot endpoint was found."
2025-12-21,16:00,BTC-26DEC25-96000-C,51,2025-12-19T08:00:00.000Z,2025-12-26T08:00:00.000Z,26DEC25,96000,false,false,,false,,false,,false,,false,,false,,true,88345.5,true,0.0015,false,0,,,,mark_price|mark_iv|delta|gamma|theta|vega,"mark_history_error:public/get_mark_price_history HTTP 400 Bad Request Invalid params:{""reason"":""instrument is not active"",""param"":""instrument_name""}|trade_candle_exists_but_mark_history_missing|Deribit public/get_mark_price_history returns mark price only and only for a subset of options used in volatility index calculations.|Deribit public/ticker exposes mark_iv and greeks for current/live instruments, but no official public historical point-in-time IV/Greek snapshot endpoint was found."
2025-12-22,08:00,BTC-26DEC25-96000-C,51,2025-12-19T08:00:00.000Z,2025-12-26T08:00:00.000Z,26DEC25,96000,false,false,,false,,false,,false,,false,,false,,true,89317.5,true,0.0018,false,0,,,,mark_price|mark_iv|delta|gamma|theta|vega,"mark_history_error:public/get_mark_price_history HTTP 400 Bad Request Invalid params:{""reason"":""instrument is not active"",""param"":""instrument_name""}|trade_candle_exists_but_mark_history_missing|Deribit public/get_mark_price_history returns mark price only and only for a subset of options used in volatility index calculations.|Deribit public/ticker exposes mark_iv and greeks for current/live instruments, but no official public historical point-in-time IV/Greek snapshot endpoint was found."
2025-12-22,14:00,BTC-26DEC25-96000-C,51,2025-12-19T08:00:00.000Z,2025-12-26T08:00:00.000Z,26DEC25,96000,false,false,,false,,false,,false,,false,,false,,true,90117.5,true,0.002,false,0,,,,mark_price|mark_iv|delta|gamma|theta|vega,"mark_history_error:public/get_mark_price_history HTTP 400 Bad Request Invalid params:{""reason"":""instrument is not active"",""param"":""instrument_name""}|trade_candle_exists_but_mark_history_missing|Deribit public/get_mark_price_history returns mark price only and only for a subset of options used in volatility index calculations.|Deribit public/ticker exposes mark_iv and greeks for current/live instruments, but no official public historical point-in-time IV/Greek snapshot endpoint was found."
2025-12-22,16:00,BTC-26DEC25-96000-C,51,2025-12-19T08:00:00.000Z,2025-12-26T08:00:00.000Z,26DEC25,96000,false,false,,false,,false,,false,,false,,false,,true,89557.5,true,0.0014,false,0,,,,mark_price|mark_iv|delta|gamma|theta|vega,"mark_history_error:public/get_mark_price_history HTTP 400 Bad Request Invalid params:{""reason"":""instrument is not active"",""param"":""instrument_name""}|trade_candle_exists_but_mark_history_missing|Deribit public/get_mark_price_history returns mark price only and only for a subset of options used in volatility index calculations.|Deribit public/ticker exposes mark_iv and greeks for current/live instruments, but no official public historical point-in-time IV/Greek snapshot endpoint was found."
2025-12-23,08:00,BTC-26DEC25-96000-C,51,2025-12-19T08:00:00.000Z,2025-12-26T08:00:00.000Z,26DEC25,96000,false,false,,false,,false,,false,,false,,false,,true,87409.5,true,0.0004,false,0,,,,mark_price|mark_iv|delta|gamma|theta|vega,"mark_history_error:public/get_mark_price_history HTTP 400 Bad Request Invalid params:{""reason"":""instrument is not active"",""param"":""instrument_name""}|trade_candle_exists_but_mark_history_missing|Deribit public/get_mark_price_history returns mark price only and only for a subset of options used in volatility index calculations.|Deribit public/ticker exposes mark_iv and greeks for current/live instruments, but no official public historical point-in-time IV/Greek snapshot endpoint was found."
2025-12-23,14:00,BTC-26DEC25-96000-C,51,2025-12-19T08:00:00.000Z,2025-12-26T08:00:00.000Z,26DEC25,96000,false,false,,false,,false,,false,,false,,false,,true,86849,true,0.0003,false,0,,,,mark_price|mark_iv|delta|gamma|theta|vega,"mark_history_error:public/get_mark_price_history HTTP 400 Bad Request Invalid params:{""reason"":""instrument is not active"",""param"":""instrument_name""}|trade_candle_exists_but_mark_history_missing|Deribit public/get_mark_price_history returns mark price only and only for a subset of options used in volatility index calculations.|Deribit public/ticker exposes mark_iv and greeks for current/live instruments, but no official public historical point-in-time IV/Greek snapshot endpoint was found."
2025-12-23,16:00,BTC-26DEC25-96000-C,51,2025-12-19T08:00:00.000Z,2025-12-26T08:00:00.000Z,26DEC25,96000,false,false,,false,,false,,false,,false,,false,,true,87980.5,true,0.0003,false,0,,,,mark_price|mark_iv|delta|gamma|theta|vega,"mark_history_error:public/get_mark_price_history HTTP 400 Bad Request Invalid params:{""reason"":""instrument is not active"",""param"":""instrument_name""}|trade_candle_exists_but_mark_history_missing|Deribit public/get_mark_price_history returns mark price only and only for a subset of options used in volatility index calculations.|Deribit public/ticker exposes mark_iv and greeks for current/live instruments, but no official public historical point-in-time IV/Greek snapshot endpoint was found."
2025-12-24,08:00,BTC-26DEC25-96000-C,51,2025-12-19T08:00:00.000Z,2025-12-26T08:00:00.000Z,26DEC25,96000,false,false,,false,,false,,false,,false,,false,,true,86745,true,0.0001,false,0,,,,mark_price|mark_iv|delta|gamma|theta|vega,"mark_history_error:public/get_mark_price_history HTTP 400 Bad Request Invalid params:{""reason"":""instrument is not active"",""param"":""instrument_name""}|trade_candle_exists_but_mark_history_missing|Deribit public/get_mark_price_history returns mark price only and only for a subset of options used in volatility index calculations.|Deribit public/ticker exposes mark_iv and greeks for current/live instruments, but no official public historical point-in-time IV/Greek snapshot endpoint was found."
2025-12-24,14:00,BTC-26DEC25-96000-C,51,2025-12-19T08:00:00.000Z,2025-12-26T08:00:00.000Z,26DEC25,96000,false,false,,false,,false,,false,,false,,false,,true,86970,true,0.0001,false,0,,,,mark_price|mark_iv|delta|gamma|theta|vega,"mark_history_error:public/get_mark_price_history HTTP 400 Bad Request Invalid params:{""reason"":""instrument is not active"",""param"":""instrument_name""}|trade_candle_exists_but_mark_history_missing|Deribit public/get_mark_price_history returns mark price only and only for a subset of options used in volatility index calculations.|Deribit public/ticker exposes mark_iv and greeks for current/live instruments, but no official public historical point-in-time IV/Greek snapshot endpoint was found."
2025-12-24,16:00,BTC-26DEC25-96000-C,51,2025-12-19T08:00:00.000Z,2025-12-26T08:00:00.000Z,26DEC25,96000,false,false,,false,,false,,false,,false,,false,,true,87254.5,true,0.0001,false,0,,,,mark_price|mark_iv|delta|gamma|theta|vega,"mark_history_error:public/get_mark_price_history HTTP 400 Bad Request Invalid params:{""reason"":""instrument is not active"",""param"":""instrument_name""}|trade_candle_exists_but_mark_history_missing|Deribit public/get_mark_price_history returns mark price only and only for a subset of options used in volatility index calculations.|Deribit public/ticker exposes mark_iv and greeks for current/live instruments, but no official public historical point-in-time IV/Greek snapshot endpoint was found."
2025-12-25,08:00,BTC-26DEC25-96000-C,51,2025-12-19T08:00:00.000Z,2025-12-26T08:00:00.000Z,26DEC25,96000,false,false,,false,,false,,false,,false,,false,,true,87550,true,0.0002,false,0,,,,mark_price|mark_iv|delta|gamma|theta|vega,"mark_history_error:public/get_mark_price_history HTTP 400 Bad Request Invalid params:{""reason"":""instrument is not active"",""param"":""instrument_name""}|trade_candle_exists_but_mark_history_missing|Deribit public/get_mark_price_history returns mark price only and only for a subset of options used in volatility index calculations.|Deribit public/ticker exposes mark_iv and greeks for current/live instruments, but no official public historical point-in-time IV/Greek snapshot endpoint was found."
2025-12-25,14:00,BTC-26DEC25-96000-C,51,2025-12-19T08:00:00.000Z,2025-12-26T08:00:00.000Z,26DEC25,96000,false,false,,false,,false,,false,,false,,false,,true,87681.5,true,0.0001,false,0,,,,mark_price|mark_iv|delta|gamma|theta|vega,"mark_history_error:public/get_mark_price_history HTTP 400 Bad Request Invalid params:{""reason"":""instrument is not active"",""param"":""instrument_name""}|trade_candle_exists_but_mark_history_missing|Deribit public/get_mark_price_history returns mark price only and only for a subset of options used in volatility index calculations.|Deribit public/ticker exposes mark_iv and greeks for current/live instruments, but no official public historical point-in-time IV/Greek snapshot endpoint was found."
2025-12-25,16:00,BTC-26DEC25-96000-C,51,2025-12-19T08:00:00.000Z,2025-12-26T08:00:00.000Z,26DEC25,96000,false,false,,false,,false,,false,,false,,false,,true,88043.5,true,0.0001,false,0,,,,mark_price|mark_iv|delta|gamma|theta|vega,"mark_history_error:public/get_mark_price_history HTTP 400 Bad Request Invalid params:{""reason"":""instrument is not active"",""param"":""instrument_name""}|trade_candle_exists_but_mark_history_missing|Deribit public/get_mark_price_history returns mark price only and only for a subset of options used in volatility index calculations.|Deribit public/ticker exposes mark_iv and greeks for current/live instruments, but no official public historical point-in-time IV/Greek snapshot endpoint was found."
