date,snapshot_time_ny,snapshot_time_utc,snapshot_timestamp,cycle_id,instrument_name,underlying_price,option_price_proxy,option_price_proxy_underlying,option_price_proxy_source,approximate_CCW_value,daily_return,daily_return_pct,rolling_peak,rolling_drawdown,rolling_drawdown_pct,EWMA_vol,EWMA_vol_pct,historical_VaR,historical_VaR_pct,underlying_price_found,option_price_found,notes
2025-01-03,10:00,15:00,1735916400000,1,ETH-10JAN25-3550-C,3523.9,100.43115,0.0285,Deribit option 1-minute OHLC close at 10:00 NY snapshot; option-denominated close converted to USD with snapshot ETH-PERPETUAL close,3423.46885,,,3423.46885,0,0,,,,,true,true,
2025-01-04,10:00,15:00,1736002800000,1,ETH-10JAN25-3550-C,3635.8,129.0709,0.0355,Deribit option 1-minute OHLC close at 10:00 NY snapshot; option-denominated close converted to USD with snapshot ETH-PERPETUAL close,3506.7291,0.02432,2.432043,3506.7291,0,0,0.02432,2.432043,,,true,true,
2025-01-05,10:00,15:00,1736089200000,1,ETH-10JAN25-3550-C,3625.4,170.3938,0.047,Deribit option 1-minute OHLC close at 10:00 NY snapshot; option-denominated close converted to USD with snapshot ETH-PERPETUAL close,3455.0062,-0.01475,-1.474961,3506.7291,-0.01475,-1.474961,0.023855,2.385472,,,true,true,
2025-01-06,10:00,15:00,1736175600000,1,ETH-10JAN25-3550-C,3680,156.4,0.0425,Deribit option 1-minute OHLC close at 10:00 NY snapshot; option-denominated close converted to USD with snapshot ETH-PERPETUAL close,3523.6,0.019853,1.985345,3523.6,0,0,0.023634,2.363375,,,true,true,
2025-01-07,10:00,15:00,1736262000000,1,ETH-10JAN25-3550-C,3569.3,53.5395,0.015,Deribit option 1-minute OHLC close at 10:00 NY snapshot; option-denominated close converted to USD with snapshot ETH-PERPETUAL close,3515.7605,-0.002225,-0.222486,3523.6,-0.002225,-0.222486,0.02292,2.292025,,,true,true,
2025-01-08,10:00,15:00,1736348400000,1,ETH-10JAN25-3550-C,3371.35,9.43978,0.0028,Deribit option 1-minute OHLC close at 10:00 NY snapshot; option-denominated close converted to USD with snapshot ETH-PERPETUAL close,3361.91022,-0.04376,-4.376017,3523.6,-0.045888,-4.588767,0.024672,2.467215,,,true,true,
2025-01-09,10:00,15:00,1736434800000,1,ETH-10JAN25-3550-C,3249.05,0.64981,0.0002,Deribit option 1-minute OHLC close at 10:00 NY snapshot; option-denominated close converted to USD with snapshot ETH-PERPETUAL close,3248.40019,-0.033764,-3.376355,3523.6,-0.078102,-7.810189,0.02531,2.530989,,,true,true,
2025-01-10,10:00,15:00,1736521200000,2,ETH-17JAN25-3400-C,3239.95,61.55905,0.019,Deribit option 1-minute OHLC close at 10:00 NY snapshot; option-denominated close converted to USD with snapshot ETH-PERPETUAL close,3178.39095,-0.021552,-2.155191,3523.6,-0.097971,-9.797056,0.0251,2.510029,,,true,true,
2025-01-11,10:00,15:00,1736607600000,2,ETH-17JAN25-3400-C,3275.7,52.4112,0.016,Deribit option 1-minute OHLC close at 10:00 NY snapshot; option-denominated close converted to USD with snapshot ETH-PERPETUAL close,3223.2888,0.014126,1.412597,3523.6,-0.085229,-8.522852,0.02458,2.458039,,,true,true,
2025-01-12,10:00,15:00,1736694000000,2,ETH-17JAN25-3400-C,3268.85,47.398325,0.0145,Deribit option 1-minute OHLC close at 10:00 NY snapshot; option-denominated close converted to USD with snapshot ETH-PERPETUAL close,3221.451675,-0.00057,-0.056995,3523.6,-0.08575,-8.574989,0.023832,2.383198,,,true,true,
2025-01-13,10:00,15:00,1736780400000,2,ETH-17JAN25-3400-C,3038.8,12.76296,0.0042,Deribit option 1-minute OHLC close at 10:00 NY snapshot; option-denominated close converted to USD with snapshot ETH-PERPETUAL close,3026.03704,-0.06066,-6.066043,3523.6,-0.141209,-14.12087,0.027471,2.74712,,,true,true,
2025-01-14,10:00,15:00,1736866800000,2,ETH-17JAN25-3400-C,3186.4,25.4912,0.008,Deribit option 1-minute OHLC close at 10:00 NY snapshot; option-denominated close converted to USD with snapshot ETH-PERPETUAL close,3160.9088,0.04457,4.457043,3523.6,-0.102932,-10.2932,0.028785,2.878503,,,true,true,
2025-01-15,10:00,15:00,1736953200000,2,ETH-17JAN25-3400-C,3342.35,41.779375,0.0125,Deribit option 1-minute OHLC close at 10:00 NY snapshot; option-denominated close converted to USD with snapshot ETH-PERPETUAL close,3300.570625,0.044184,4.418407,3523.6,-0.063296,-6.329588,0.029933,2.993321,,,true,true,
2025-01-16,10:00,15:00,1737039600000,2,ETH-17JAN25-3400-C,3275.1,6.5502,0.002,Deribit option 1-minute OHLC close at 10:00 NY snapshot; option-denominated close converted to USD with snapshot ETH-PERPETUAL close,3268.5498,-0.009702,-0.97016,3523.6,-0.072383,-7.238341,0.029118,2.911846,,,true,true,
2025-01-17,10:00,15:00,1737126000000,3,ETH-24JAN25-3500-C,3430.05,96.0414,0.028,Deribit option 1-minute OHLC close at 10:00 NY snapshot; option-denominated close converted to USD with snapshot ETH-PERPETUAL close,3334.0086,0.020027,2.002686,3523.6,-0.053806,-5.380616,0.028654,2.865443,,,true,true,
2025-01-18,10:00,15:00,1737212400000,3,ETH-24JAN25-3500-C,3295.85,59.3253,0.018,Deribit option 1-minute OHLC close at 10:00 NY snapshot; option-denominated close converted to USD with snapshot ETH-PERPETUAL close,3236.5247,-0.029239,-2.923925,3523.6,-0.081472,-8.147216,0.02869,2.868985,,,true,true,
2025-01-19,10:00,15:00,1737298800000,3,ETH-24JAN25-3500-C,3378.95,87.8527,0.026,Deribit option 1-minute OHLC close at 10:00 NY snapshot; option-denominated close converted to USD with snapshot ETH-PERPETUAL close,3291.0973,0.016861,1.686148,3523.6,-0.065984,-6.598442,0.028121,2.812081,,,true,true,
2025-01-20,10:00,15:00,1737385200000,3,ETH-24JAN25-3500-C,3344.95,75.261375,0.0225,Deribit option 1-minute OHLC close at 10:00 NY snapshot; option-denominated close converted to USD with snapshot ETH-PERPETUAL close,3269.688625,-0.006505,-0.650503,3523.6,-0.07206,-7.206022,0.027311,2.731065,,,true,true,
2025-01-21,10:00,15:00,1737471600000,3,ETH-24JAN25-3500-C,3290.35,23.03245,0.007,Deribit option 1-minute OHLC close at 10:00 NY snapshot; option-denominated close converted to USD with snapshot ETH-PERPETUAL close,3267.31755,-0.000725,-0.072517,3523.6,-0.072733,-7.273313,0.026479,2.647926,,,true,true,
2025-01-22,10:00,15:00,1737558000000,3,ETH-24JAN25-3500-C,3289.75,8.224375,0.0025,Deribit option 1-minute OHLC close at 10:00 NY snapshot; option-denominated close converted to USD with snapshot ETH-PERPETUAL close,3281.525625,0.004349,0.434854,3523.6,-0.068701,-6.870087,0.025695,2.569468,,,true,true,
2025-01-23,10:00,15:00,1737644400000,3,ETH-24JAN25-3500-C,3275.5,3.60305,0.0011,Deribit option 1-minute OHLC close at 10:00 NY snapshot; option-denominated close converted to USD with snapshot ETH-PERPETUAL close,3271.89695,-0.002934,-0.293421,3523.6,-0.071433,-7.143349,0.024922,2.492228,,,true,true,
2025-01-24,10:00,15:00,1737730800000,4,ETH-31JAN25-3500-C,3403.2,76.572,0.0225,Deribit option 1-minute OHLC close at 10:00 NY snapshot; option-denominated close converted to USD with snapshot ETH-PERPETUAL close,3326.628,0.016728,1.672762,3523.6,-0.055901,-5.590078,0.024508,2.450799,,,true,true,
2025-01-25,10:00,15:00,1737817200000,4,ETH-31JAN25-3500-C,3317.1,36.4881,0.011,Deribit option 1-minute OHLC close at 10:00 NY snapshot; option-denominated close converted to USD with snapshot ETH-PERPETUAL close,3280.6119,-0.013833,-1.383266,3523.6,-0.06896,-6.896018,0.024002,2.400175,,,true,true,
2025-01-26,10:00,15:00,1737903600000,4,ETH-31JAN25-3500-C,3308.45,28.121825,0.0085,Deribit option 1-minute OHLC close at 10:00 NY snapshot; option-denominated close converted to USD with snapshot ETH-PERPETUAL close,3280.328175,-0.000086,-0.008649,3523.6,-0.069041,-6.90407,0.023271,2.327057,,,true,true,
2025-01-27,10:00,15:00,1737990000000,4,ETH-31JAN25-3500-C,3136.15,9.40845,0.003,Deribit option 1-minute OHLC close at 10:00 NY snapshot; option-denominated close converted to USD with snapshot ETH-PERPETUAL close,3126.74155,-0.046821,-4.682051,3523.6,-0.112629,-11.262869,0.025309,2.530924,,,true,true,
2025-01-28,10:00,15:00,1738076400000,4,ETH-31JAN25-3500-C,3176.25,6.670125,0.0021,Deribit option 1-minute OHLC close at 10:00 NY snapshot; option-denominated close converted to USD with snapshot ETH-PERPETUAL close,3169.579875,0.013701,1.370063,3523.6,-0.100471,-10.047114,0.024767,2.476664,,,true,true,
2025-01-29,10:00,15:00,1738162800000,4,ETH-31JAN25-3500-C,3094.75,2.166325,0.0007,Deribit option 1-minute OHLC close at 10:00 NY snapshot; option-denominated close converted to USD with snapshot ETH-PERPETUAL close,3092.583675,-0.024292,-2.429224,3523.6,-0.122323,-12.232272,0.024738,2.473844,,,true,true,
2025-01-30,10:00,15:00,1738249200000,4,ETH-31JAN25-3500-C,3271.2,3.92544,0.0012,Deribit option 1-minute OHLC close at 10:00 NY snapshot; option-denominated close converted to USD with snapshot ETH-PERPETUAL close,3267.27456,0.056487,5.648704,3523.6,-0.072745,-7.274533,0.02769,2.768967,,,true,true,
2025-01-31,10:00,15:00,1738335600000,5,,3353.2,,,,,,,3523.6,,,0.02769,2.768967,,,true,false,missing_observed_option_instrument; synthetic/theoretical cycle excluded from option valuation
2025-02-01,10:00,15:00,1738422000000,5,,3238.35,,,,,,,3523.6,,,0.02769,2.768967,,,true,false,missing_observed_option_instrument; synthetic/theoretical cycle excluded from option valuation
2025-02-02,10:00,15:00,1738508400000,5,,3080.4,,,,,,,3523.6,,,0.02769,2.768967,,,true,false,missing_observed_option_instrument; synthetic/theoretical cycle excluded from option valuation
2025-02-03,10:00,15:00,1738594800000,5,,2615.1,,,,,,,3523.6,,,0.02769,2.768967,,,true,false,missing_observed_option_instrument; synthetic/theoretical cycle excluded from option valuation
2025-02-04,10:00,15:00,1738681200000,5,,2822.2,,,,,,,3523.6,,,0.02769,2.768967,,,true,false,missing_observed_option_instrument; synthetic/theoretical cycle excluded from option valuation
2025-02-05,10:00,15:00,1738767600000,5,,2792.4,,,,,,,3523.6,,,0.02769,2.768967,,,true,false,missing_observed_option_instrument; synthetic/theoretical cycle excluded from option valuation
2025-02-06,10:00,15:00,1738854000000,5,,2754.6,,,,,,,3523.6,,,0.02769,2.768967,,,true,false,missing_observed_option_instrument; synthetic/theoretical cycle excluded from option valuation
2025-02-07,10:00,15:00,1738940400000,6,ETH-14FEB25-2800-C,2770.65,90.046125,0.0325,Deribit option 1-minute OHLC close at 10:00 NY snapshot; option-denominated close converted to USD with snapshot ETH-PERPETUAL close,2680.603875,,,3523.6,-0.239243,-23.924286,0.02769,2.768967,,,true,true,daily_return_not_computed_across_missing_mtm_gap
2025-02-08,10:00,15:00,1739026800000,6,ETH-14FEB25-2800-C,2615.75,28.77325,0.011,Deribit option 1-minute OHLC close at 10:00 NY snapshot; option-denominated close converted to USD with snapshot ETH-PERPETUAL close,2586.97675,-0.034928,-3.492762,3523.6,-0.265814,-26.58143,0.028176,2.817643,,,true,true,
2025-02-09,10:00,15:00,1739113200000,6,ETH-14FEB25-2800-C,2628.5,31.542,0.012,Deribit option 1-minute OHLC close at 10:00 NY snapshot; option-denominated close converted to USD with snapshot ETH-PERPETUAL close,2596.958,0.003858,0.385827,3523.6,-0.262982,-26.298161,0.027334,2.73344,,,true,true,
2025-02-10,10:00,15:00,1739199600000,6,ETH-14FEB25-2800-C,2653.8,22.5573,0.0085,Deribit option 1-minute OHLC close at 10:00 NY snapshot; option-denominated close converted to USD with snapshot ETH-PERPETUAL close,2631.2427,0.013202,1.320187,3523.6,-0.253252,-25.325159,0.026698,2.669826,,,true,true,
2025-02-11,10:00,15:00,1739286000000,6,ETH-14FEB25-2800-C,2668.25,20.011875,0.0075,Deribit option 1-minute OHLC close at 10:00 NY snapshot; option-denominated close converted to USD with snapshot ETH-PERPETUAL close,2648.238125,0.006459,0.645909,3523.6,-0.248428,-24.842828,0.025933,2.593323,-0.045443,-4.544336,true,true,
2025-02-12,10:00,15:00,1739372400000,6,ETH-14FEB25-2800-C,2598.5,4.6773,0.0018,Deribit option 1-minute OHLC close at 10:00 NY snapshot; option-denominated close converted to USD with snapshot ETH-PERPETUAL close,2593.8227,-0.020548,-2.054778,3523.6,-0.263871,-26.387141,0.025642,2.564202,-0.045443,-4.544336,true,true,
2025-02-13,10:00,15:00,1739458800000,6,ETH-14FEB25-2800-C,2632.35,1.842645,0.0007,Deribit option 1-minute OHLC close at 10:00 NY snapshot; option-denominated close converted to USD with snapshot ETH-PERPETUAL close,2630.507355,0.014143,1.414309,3523.6,-0.25346,-25.346028,0.025101,2.510107,-0.045443,-4.544336,true,true,
2025-02-14,10:00,15:00,1739545200000,7,ETH-21FEB25-2800-C,2718.2,59.8004,0.022,Deribit option 1-minute OHLC close at 10:00 NY snapshot; option-denominated close converted to USD with snapshot ETH-PERPETUAL close,2658.3996,0.010603,1.060337,3523.6,-0.245544,-24.554444,0.024475,2.44746,-0.045443,-4.544336,true,true,
2025-02-15,10:00,15:00,1739631600000,7,ETH-21FEB25-2800-C,2690.9,33.63625,0.0125,Deribit option 1-minute OHLC close at 10:00 NY snapshot; option-denominated close converted to USD with snapshot ETH-PERPETUAL close,2657.26375,-0.000427,-0.042727,3523.6,-0.245867,-24.58668,0.023729,2.372923,-0.045443,-4.544336,true,true,
2025-02-16,10:00,15:00,1739718000000,7,ETH-21FEB25-2800-C,2690.55,32.2866,0.012,Deribit option 1-minute OHLC close at 10:00 NY snapshot; option-denominated close converted to USD with snapshot ETH-PERPETUAL close,2658.2634,0.000376,0.03762,3523.6,-0.245583,-24.55831,0.023007,2.300653,-0.041469,-4.146871,true,true,
2025-02-17,10:00,15:00,1739804400000,7,ETH-21FEB25-2800-C,2843.5,88.1485,0.031,Deribit option 1-minute OHLC close at 10:00 NY snapshot; option-denominated close converted to USD with snapshot ETH-PERPETUAL close,2755.3515,0.036523,3.652313,3523.6,-0.218029,-21.802943,0.024033,2.403287,-0.041469,-4.146871,true,true,
2025-02-18,10:00,15:00,1739890800000,7,ETH-21FEB25-2800-C,2683.15,21.4652,0.008,Deribit option 1-minute OHLC close at 10:00 NY snapshot; option-denominated close converted to USD with snapshot ETH-PERPETUAL close,2661.6848,-0.033994,-3.399446,3523.6,-0.244612,-24.46121,0.024744,2.474392,-0.041469,-4.146871,true,true,
2025-02-19,10:00,15:00,1739977200000,7,ETH-21FEB25-2800-C,2691.5,10.766,0.004,Deribit option 1-minute OHLC close at 10:00 NY snapshot; option-denominated close converted to USD with snapshot ETH-PERPETUAL close,2680.734,0.007157,0.715682,3523.6,-0.239206,-23.920593,0.024054,2.405408,-0.041469,-4.146871,true,true,
2025-02-20,10:00,15:00,1740063600000,7,ETH-21FEB25-2800-C,2729.95,8.18985,0.003,Deribit option 1-minute OHLC close at 10:00 NY snapshot; option-denominated close converted to USD with snapshot ETH-PERPETUAL close,2721.76015,0.015304,1.530407,3523.6,-0.227563,-22.756268,0.023621,2.362067,-0.041469,-4.146871,true,true,
2025-02-21,10:00,15:00,1740150000000,8,ETH-28FEB25-2800-C,2808,75.816,0.027,Deribit option 1-minute OHLC close at 10:00 NY snapshot; option-denominated close converted to USD with snapshot ETH-PERPETUAL close,2732.184,0.00383,0.382982,3523.6,-0.224604,-22.460438,0.02292,2.292029,-0.034508,-3.45077,true,true,
2025-02-22,10:00,15:00,1740236400000,8,ETH-28FEB25-2800-C,2738.45,58.876675,0.0215,Deribit option 1-minute OHLC close at 10:00 NY snapshot; option-denominated close converted to USD with snapshot ETH-PERPETUAL close,2679.573325,-0.019256,-1.92559,3523.6,-0.239535,-23.953533,0.022717,2.27171,-0.034508,-3.45077,true,true,
2025-02-23,10:00,15:00,1740322800000,8,ETH-28FEB25-2800-C,2791.45,82.347775,0.0295,Deribit option 1-minute OHLC close at 10:00 NY snapshot; option-denominated close converted to USD with snapshot ETH-PERPETUAL close,2709.102225,0.01102,1.102,3523.6,-0.231155,-23.1155,0.02219,2.218984,-0.034508,-3.45077,true,true,
2025-02-24,10:00,15:00,1740409200000,8,ETH-28FEB25-2800-C,2659.05,23.93145,0.009,Deribit option 1-minute OHLC close at 10:00 NY snapshot; option-denominated close converted to USD with snapshot ETH-PERPETUAL close,2635.11855,-0.027309,-2.73093,3523.6,-0.252152,-25.215162,0.02253,2.252984,-0.034508,-3.45077,true,true,
2025-02-25,10:00,15:00,1740495600000,8,ETH-28FEB25-2800-C,2361.65,2.125485,0.0009,Deribit option 1-minute OHLC close at 10:00 NY snapshot; option-denominated close converted to USD with snapshot ETH-PERPETUAL close,2359.524515,-0.104585,-10.458506,3523.6,-0.330365,-33.036539,0.033666,3.366631,-0.034508,-3.45077,true,true,
2025-02-26,10:00,15:00,1740582000000,8,ETH-28FEB25-2800-C,2438.75,1.707125,0.0007,Deribit option 1-minute OHLC close at 10:00 NY snapshot; option-denominated close converted to USD with snapshot ETH-PERPETUAL close,2437.042875,0.032853,3.285338,3523.6,-0.308366,-30.836563,0.033618,3.361809,-0.041469,-4.146871,true,true,
2025-02-27,10:00,15:00,1740668400000,8,ETH-28FEB25-2800-C,2295.5,0.22955,0.0001,Deribit option 1-minute OHLC close at 10:00 NY snapshot; option-denominated close converted to USD with snapshot ETH-PERPETUAL close,2295.27045,-0.058174,-5.817396,3523.6,-0.348601,-34.860074,0.035573,3.557271,-0.041469,-4.146871,true,true,
2025-02-28,10:00,15:00,1740754800000,9,,2169.4,,,,,,,3523.6,,,0.035573,3.557271,-0.041469,-4.146871,true,false,missing_observed_option_instrument; synthetic/theoretical cycle excluded from option valuation
2025-03-01,10:00,15:00,1740841200000,9,,2161.05,,,,,,,3523.6,,,0.035573,3.557271,-0.041469,-4.146871,true,false,missing_observed_option_instrument; synthetic/theoretical cycle excluded from option valuation
2025-03-02,10:00,15:00,1740927600000,9,,2200.85,,,,,,,3523.6,,,0.035573,3.557271,-0.041469,-4.146871,true,false,missing_observed_option_instrument; synthetic/theoretical cycle excluded from option valuation
2025-03-03,10:00,15:00,1741014000000,9,,2286.85,,,,,,,3523.6,,,0.035573,3.557271,-0.041469,-4.146871,true,false,missing_observed_option_instrument; synthetic/theoretical cycle excluded from option valuation
2025-03-04,10:00,15:00,1741100400000,9,,2068.1,,,,,,,3523.6,,,0.035573,3.557271,-0.041469,-4.146871,true,false,missing_observed_option_instrument; synthetic/theoretical cycle excluded from option valuation
2025-03-05,10:00,15:00,1741186800000,9,,2190.35,,,,,,,3523.6,,,0.035573,3.557271,-0.041469,-4.146871,true,false,missing_observed_option_instrument; synthetic/theoretical cycle excluded from option valuation
2025-03-06,10:00,15:00,1741273200000,9,,2229.05,,,,,,,3523.6,,,0.035573,3.557271,-0.041469,-4.146871,true,false,missing_observed_option_instrument; synthetic/theoretical cycle excluded from option valuation
2025-03-07,10:00,15:00,1741359600000,10,ETH-14MAR25-2250-C,2218.1,83.17875,0.0375,Deribit option 1-minute OHLC close at 10:00 NY snapshot; option-denominated close converted to USD with snapshot ETH-PERPETUAL close,2134.92125,,,3523.6,-0.394108,-39.410794,0.035573,3.557271,-0.041469,-4.146871,true,true,daily_return_not_computed_across_missing_mtm_gap
2025-03-08,10:00,15:00,1741446000000,10,ETH-14MAR25-2250-C,2174.25,44.572125,0.0205,Deribit option 1-minute OHLC close at 10:00 NY snapshot; option-denominated close converted to USD with snapshot ETH-PERPETUAL close,2129.677875,-0.002456,-0.2456,3523.6,-0.395596,-39.559602,0.034494,3.449427,-0.053065,-5.30649,true,true,
2025-03-09,10:00,14:00,1741528800000,10,ETH-14MAR25-2250-C,2110,30.595,0.0145,Deribit option 1-minute OHLC close at 10:00 NY snapshot; option-denominated close converted to USD with snapshot ETH-PERPETUAL close,2079.405,-0.023606,-2.360586,3523.6,-0.409863,-40.986349,0.03394,3.393961,-0.053065,-5.30649,true,true,
2025-03-10,10:00,14:00,1741615200000,10,ETH-14MAR25-2250-C,2082.3,18.7407,0.009,Deribit option 1-minute OHLC close at 10:00 NY snapshot; option-denominated close converted to USD with snapshot ETH-PERPETUAL close,2063.5593,-0.00762,-0.76203,3523.6,-0.414361,-41.436051,0.032959,3.295858,-0.053065,-5.30649,true,true,
2025-03-11,10:00,14:00,1741701600000,10,ETH-14MAR25-2250-C,1908.3,2.86245,0.0015,Deribit option 1-minute OHLC close at 10:00 NY snapshot; option-denominated close converted to USD with snapshot ETH-PERPETUAL close,1905.43755,-0.076626,-7.662574,3523.6,-0.459236,-45.923557,0.037059,3.705917,-0.053065,-5.30649,true,true,
2025-03-12,10:00,14:00,1741788000000,10,ETH-14MAR25-2250-C,1885.75,1.5086,0.0008,Deribit option 1-minute OHLC close at 10:00 NY snapshot; option-denominated close converted to USD with snapshot ETH-PERPETUAL close,1884.2414,-0.011124,-1.112403,3523.6,-0.465251,-46.525105,0.036033,3.603337,-0.068322,-6.832243,true,true,
2025-03-13,10:00,14:00,1741874400000,10,ETH-14MAR25-2250-C,1869.4,0.18694,0.0001,Deribit option 1-minute OHLC close at 10:00 NY snapshot; option-denominated close converted to USD with snapshot ETH-PERPETUAL close,1869.21306,-0.007976,-0.79758,3523.6,-0.469516,-46.95161,0.03499,3.499023,-0.068322,-6.832243,true,true,
2025-03-14,10:00,14:00,1741960800000,11,ETH-21MAR25-1950-C,1889.45,48.180975,0.0255,Deribit option 1-minute OHLC close at 10:00 NY snapshot; option-denominated close converted to USD with snapshot ETH-PERPETUAL close,1841.269025,-0.01495,-1.494963,3523.6,-0.477447,-47.744664,0.034121,3.412135,-0.068322,-6.832243,true,true,
2025-03-15,10:00,14:00,1742047200000,11,ETH-21MAR25-1950-C,1929.05,49.190775,0.0255,Deribit option 1-minute OHLC close at 10:00 NY snapshot; option-denominated close converted to USD with snapshot ETH-PERPETUAL close,1879.859225,0.020958,2.095848,3523.6,-0.466495,-46.649471,0.033478,3.347785,-0.068322,-6.832243,true,true,
2025-03-16,10:00,14:00,1742133600000,11,ETH-21MAR25-1950-C,1880.7,37.614,0.02,Deribit option 1-minute OHLC close at 10:00 NY snapshot; option-denominated close converted to USD with snapshot ETH-PERPETUAL close,1843.086,-0.019562,-1.956169,3523.6,-0.476931,-47.693098,0.03281,3.280975,-0.068322,-6.832243,true,true,
2025-03-17,10:00,14:00,1742220000000,11,ETH-21MAR25-1950-C,1898.25,39.86325,0.021,Deribit option 1-minute OHLC close at 10:00 NY snapshot; option-denominated close converted to USD with snapshot ETH-PERPETUAL close,1858.38675,0.008302,0.83017,3523.6,-0.472589,-47.258862,0.031875,3.187516,-0.068322,-6.832243,true,true,
2025-03-18,10:00,14:00,1742306400000,11,ETH-21MAR25-1950-C,1877.95,16.90155,0.009,Deribit option 1-minute OHLC close at 10:00 NY snapshot; option-denominated close converted to USD with snapshot ETH-PERPETUAL close,1861.04845,0.001432,0.143226,3523.6,-0.471833,-47.183322,0.030906,3.090611,-0.068322,-6.832243,true,true,
2025-03-19,10:00,14:00,1742392800000,11,ETH-21MAR25-1950-C,2018,85.765,0.0425,Deribit option 1-minute OHLC close at 10:00 NY snapshot; option-denominated close converted to USD with snapshot ETH-PERPETUAL close,1932.235,0.038251,3.825078,3523.6,-0.45163,-45.163043,0.031395,3.139528,-0.068322,-6.832243,true,true,
2025-03-20,10:00,14:00,1742479200000,11,ETH-21MAR25-1950-C,1990.4,45.7792,0.023,Deribit option 1-minute OHLC close at 10:00 NY snapshot; option-denominated close converted to USD with snapshot ETH-PERPETUAL close,1944.6208,0.00641,0.641009,3523.6,-0.448115,-44.811534,0.030479,3.047932,-0.068322,-6.832243,true,true,
2025-03-21,10:00,14:00,1742565600000,12,ETH-28MAR25-2050-C,1949.1,26.31285,0.0135,Deribit option 1-minute OHLC close at 10:00 NY snapshot; option-denominated close converted to USD with snapshot ETH-PERPETUAL close,1922.78715,-0.011228,-1.122772,3523.6,-0.454312,-45.431174,0.029679,2.96785,-0.068322,-6.832243,true,true,
2025-03-22,10:00,14:00,1742652000000,12,ETH-28MAR25-2050-C,1989.45,33.82065,0.017,Deribit option 1-minute OHLC close at 10:00 NY snapshot; option-denominated close converted to USD with snapshot ETH-PERPETUAL close,1955.62935,0.017081,1.708052,3523.6,-0.444991,-44.49911,0.029077,2.907696,-0.068322,-6.832243,true,true,
2025-03-23,10:00,14:00,1742738400000,12,ETH-28MAR25-2050-C,2019.2,41.3936,0.0205,Deribit option 1-minute OHLC close at 10:00 NY snapshot; option-denominated close converted to USD with snapshot ETH-PERPETUAL close,1977.8064,0.01134,1.134011,3523.6,-0.438697,-43.869724,0.028328,2.832767,-0.068322,-6.832243,true,true,
2025-03-24,10:00,14:00,1742824800000,12,ETH-28MAR25-2050-C,2082.55,69.765425,0.0335,Deribit option 1-minute OHLC close at 10:00 NY snapshot; option-denominated close converted to USD with snapshot ETH-PERPETUAL close,2012.784575,0.017685,1.768534,3523.6,-0.42877,-42.877041,0.027804,2.780424,-0.068322,-6.832243,true,true,
2025-03-25,10:00,14:00,1742911200000,12,ETH-28MAR25-2050-C,2060.75,44.306125,0.0215,Deribit option 1-minute OHLC close at 10:00 NY snapshot; option-denominated close converted to USD with snapshot ETH-PERPETUAL close,2016.443875,0.001818,0.181803,3523.6,-0.427732,-42.77319,0.026961,2.696089,-0.068322,-6.832243,true,true,
2025-03-26,10:00,14:00,1742997600000,12,ETH-28MAR25-2050-C,2031.2,21.3276,0.0105,Deribit option 1-minute OHLC close at 10:00 NY snapshot; option-denominated close converted to USD with snapshot ETH-PERPETUAL close,2009.8724,-0.003259,-0.325894,3523.6,-0.429597,-42.959689,0.026152,2.615174,-0.068322,-6.832243,true,true,
2025-03-27,10:00,14:00,1743084000000,12,ETH-28MAR25-2050-C,2007.2,5.82088,0.0029,Deribit option 1-minute OHLC close at 10:00 NY snapshot; option-denominated close converted to USD with snapshot ETH-PERPETUAL close,2001.37912,-0.004226,-0.422578,3523.6,-0.432007,-43.200729,0.025376,2.537617,-0.068322,-6.832243,true,true,
2025-03-28,10:00,14:00,1743170400000,13,,1886.85,,,,,,,3523.6,,,0.025376,2.537617,-0.068322,-6.832243,true,false,missing_observed_option_instrument; synthetic/theoretical cycle excluded from option valuation
2025-03-29,10:00,14:00,1743256800000,13,,1856.1,,,,,,,3523.6,,,0.025376,2.537617,-0.068322,-6.832243,true,false,missing_observed_option_instrument; synthetic/theoretical cycle excluded from option valuation
2025-03-30,10:00,14:00,1743343200000,13,,1805.6,,,,,,,3523.6,,,0.025376,2.537617,-0.068322,-6.832243,true,false,missing_observed_option_instrument; synthetic/theoretical cycle excluded from option valuation
2025-03-31,10:00,14:00,1743429600000,13,,1821.45,,,,,,,3523.6,,,0.025376,2.537617,-0.068322,-6.832243,true,false,missing_observed_option_instrument; synthetic/theoretical cycle excluded from option valuation
2025-04-01,10:00,14:00,1743516000000,13,,1869.9,,,,,,,3523.6,,,0.025376,2.537617,-0.068322,-6.832243,true,false,missing_observed_option_instrument; synthetic/theoretical cycle excluded from option valuation
2025-04-02,10:00,14:00,1743602400000,13,,1878.1,,,,,,,3523.6,,,0.025376,2.537617,-0.068322,-6.832243,true,false,missing_observed_option_instrument; synthetic/theoretical cycle excluded from option valuation
2025-04-03,10:00,14:00,1743688800000,13,,1781,,,,,,,3523.6,,,0.025376,2.537617,-0.068322,-6.832243,true,false,missing_observed_option_instrument; synthetic/theoretical cycle excluded from option valuation
2025-04-04,10:00,14:00,1743775200000,14,ETH-11APR25-1850-C,1803.5,46.891,0.026,Deribit option 1-minute OHLC close at 10:00 NY snapshot; option-denominated close converted to USD with snapshot ETH-PERPETUAL close,1756.609,,,3523.6,-0.501473,-50.147321,0.025376,2.537617,-0.068322,-6.832243,true,true,daily_return_not_computed_across_missing_mtm_gap
2025-04-05,10:00,14:00,1743861600000,14,ETH-11APR25-1850-C,1786.1,35.722,0.02,Deribit option 1-minute OHLC close at 10:00 NY snapshot; option-denominated close converted to USD with snapshot ETH-PERPETUAL close,1750.378,-0.003547,-0.354718,3523.6,-0.503242,-50.324157,0.024618,2.461845,-0.068322,-6.832243,true,true,
2025-04-06,10:00,14:00,1743948000000,14,ETH-11APR25-1850-C,1749.2,29.7364,0.017,Deribit option 1-minute OHLC close at 10:00 NY snapshot; option-denominated close converted to USD with snapshot ETH-PERPETUAL close,1719.4636,-0.017662,-1.766156,3523.6,-0.512015,-51.20151,0.024257,2.425737,-0.068322,-6.832243,true,true,
2025-04-07,10:00,14:00,1744034400000,14,ETH-11APR25-1850-C,1554.5,3.26445,0.0021,Deribit option 1-minute OHLC close at 10:00 NY snapshot; option-denominated close converted to USD with snapshot ETH-PERPETUAL close,1551.23555,-0.097838,-9.783752,3523.6,-0.559758,-55.975833,0.033577,3.357745,-0.068322,-6.832243,true,true,
2025-04-08,10:00,14:00,1744120800000,14,ETH-11APR25-1850-C,1568.7,1.41183,0.0009,Deribit option 1-minute OHLC close at 10:00 NY snapshot; option-denominated close converted to USD with snapshot ETH-PERPETUAL close,1567.28817,0.010348,1.034828,3523.6,-0.555203,-55.520259,0.032653,3.265308,-0.088292,-8.829222,true,true,
2025-04-09,10:00,14:00,1744207200000,14,ETH-11APR25-1850-C,1490.6,0.7453,0.0005,Deribit option 1-minute OHLC close at 10:00 NY snapshot; option-denominated close converted to USD with snapshot ETH-PERPETUAL close,1489.8547,-0.049406,-4.940602,3523.6,-0.577178,-57.717826,0.033893,3.389259,-0.088292,-8.829222,true,true,
2025-04-10,10:00,14:00,1744293600000,14,ETH-11APR25-1850-C,1565.45,0.156545,0.0001,Deribit option 1-minute OHLC close at 10:00 NY snapshot; option-denominated close converted to USD with snapshot ETH-PERPETUAL close,1565.293455,0.050635,5.063497,3523.6,-0.555769,-55.576869,0.035123,3.512292,-0.088292,-8.829222,true,true,
2025-04-11,10:00,14:00,1744380000000,15,ETH-18APR25-1600-C,1560.3,53.0502,0.034,Deribit option 1-minute OHLC close at 10:00 NY snapshot; option-denominated close converted to USD with snapshot ETH-PERPETUAL close,1507.2498,-0.037082,-3.708164,3523.6,-0.572242,-57.224151,0.035244,3.524351,-0.088292,-8.829222,true,true,
2025-04-12,10:00,14:00,1744466400000,15,ETH-18APR25-1600-C,1636.15,85.897875,0.0525,Deribit option 1-minute OHLC close at 10:00 NY snapshot; option-denominated close converted to USD with snapshot ETH-PERPETUAL close,1550.252125,0.02853,2.853032,3523.6,-0.560037,-56.003743,0.034877,3.487718,-0.088292,-8.829222,true,true,
2025-04-13,10:00,14:00,1744552800000,15,ETH-18APR25-1600-C,1572.65,63.692325,0.0405,Deribit option 1-minute OHLC close at 10:00 NY snapshot; option-denominated close converted to USD with snapshot ETH-PERPETUAL close,1508.957675,-0.026637,-2.663725,3523.6,-0.571757,-57.175682,0.034438,3.443842,-0.068322,-6.832243,true,true,
2025-04-14,10:00,14:00,1744639200000,15,ETH-18APR25-1600-C,1656.25,91.09375,0.055,Deribit option 1-minute OHLC close at 10:00 NY snapshot; option-denominated close converted to USD with snapshot ETH-PERPETUAL close,1565.15625,0.037243,3.724331,3523.6,-0.555808,-55.580763,0.034613,3.461313,-0.068322,-6.832243,true,true,
2025-04-15,10:00,14:00,1744725600000,15,ETH-18APR25-1600-C,1628.95,57.01325,0.035,Deribit option 1-minute OHLC close at 10:00 NY snapshot; option-denominated close converted to USD with snapshot ETH-PERPETUAL close,1571.93675,0.004332,0.433216,3523.6,-0.553883,-55.388332,0.033575,3.357545,-0.064377,-6.437686,true,true,
2025-04-16,10:00,14:00,1744812000000,15,ETH-18APR25-1600-C,1569.55,19.619375,0.0125,Deribit option 1-minute OHLC close at 10:00 NY snapshot; option-denominated close converted to USD with snapshot ETH-PERPETUAL close,1549.930625,-0.013999,-1.399937,3523.6,-0.560129,-56.012867,0.032733,3.273272,-0.064377,-6.437686,true,true,
2025-04-17,10:00,14:00,1744898400000,15,ETH-18APR25-1600-C,1593.05,16.727025,0.0105,Deribit option 1-minute OHLC close at 10:00 NY snapshot; option-denominated close converted to USD with snapshot ETH-PERPETUAL close,1576.322975,0.017028,1.702808,3523.6,-0.552639,-55.26385,0.032008,3.200847,-0.064377,-6.437686,true,true,
2025-04-18,10:00,14:00,1744984800000,16,ETH-25APR25-1600-C,1592.75,47.7825,0.03,Deribit option 1-minute OHLC close at 10:00 NY snapshot; option-denominated close converted to USD with snapshot ETH-PERPETUAL close,1544.9675,-0.019892,-1.989153,3523.6,-0.561537,-56.153721,0.031414,3.141354,-0.064377,-6.437686,true,true,
2025-04-19,10:00,14:00,1745071200000,16,ETH-25APR25-1600-C,1605.45,52.97985,0.033,Deribit option 1-minute OHLC close at 10:00 NY snapshot; option-denominated close converted to USD with snapshot ETH-PERPETUAL close,1552.47015,0.004856,0.485619,3523.6,-0.559408,-55.940795,0.03048,3.047977,-0.04386,-4.386005,true,true,
2025-04-20,10:00,14:00,1745157600000,16,ETH-25APR25-1600-C,1576.85,36.26755,0.023,Deribit option 1-minute OHLC close at 10:00 NY snapshot; option-denominated close converted to USD with snapshot ETH-PERPETUAL close,1540.58245,-0.007657,-0.765728,3523.6,-0.562782,-56.278169,0.029611,2.96107,-0.04386,-4.386005,true,true,
2025-04-21,10:00,14:00,1745244000000,16,ETH-25APR25-1600-C,1609.2,70.0002,0.0435,Deribit option 1-minute OHLC close at 10:00 NY snapshot; option-denominated close converted to USD with snapshot ETH-PERPETUAL close,1539.1998,-0.000897,-0.089749,3523.6,-0.563174,-56.317408,0.028709,2.870948,-0.04386,-4.386005,true,true,
2025-04-22,10:00,14:00,1745330400000,16,ETH-25APR25-1600-C,1646.35,63.384475,0.0385,Deribit option 1-minute OHLC close at 10:00 NY snapshot; option-denominated close converted to USD with snapshot ETH-PERPETUAL close,1582.965525,0.028434,2.843408,3523.6,-0.550753,-55.075334,0.028693,2.869303,-0.04386,-4.386005,true,true,
2025-04-23,10:00,14:00,1745416800000,16,ETH-25APR25-1600-C,1789.3,192.34975,0.1075,Deribit option 1-minute OHLC close at 10:00 NY snapshot; option-denominated close converted to USD with snapshot ETH-PERPETUAL close,1596.95025,0.008835,0.883451,3523.6,-0.546784,-54.678447,0.027903,2.790297,-0.04386,-4.386005,true,true,
2025-04-24,10:00,14:00,1745503200000,16,ETH-25APR25-1600-C,1755.9,136.08225,0.0775,Deribit option 1-minute OHLC close at 10:00 NY snapshot; option-denominated close converted to USD with snapshot ETH-PERPETUAL close,1619.81775,0.014319,1.431948,3523.6,-0.540295,-54.029466,0.027279,2.727937,-0.04386,-4.386005,true,true,
2025-04-25,10:00,14:00,1745589600000,17,,1773.2,,,,,,,3523.6,,,0.027279,2.727937,-0.04386,-4.386005,true,false,missing_observed_option_instrument; synthetic/theoretical cycle excluded from option valuation
2025-04-26,10:00,14:00,1745676000000,17,,1789.3,,,,,,,3523.6,,,0.027279,2.727937,-0.04386,-4.386005,true,false,missing_observed_option_instrument; synthetic/theoretical cycle excluded from option valuation
2025-04-27,10:00,14:00,1745762400000,17,,1797.45,,,,,,,3523.6,,,0.027279,2.727937,-0.04386,-4.386005,true,false,missing_observed_option_instrument; synthetic/theoretical cycle excluded from option valuation
2025-04-28,10:00,14:00,1745848800000,17,,1783.6,,,,,,,3523.6,,,0.027279,2.727937,-0.04386,-4.386005,true,false,missing_observed_option_instrument; synthetic/theoretical cycle excluded from option valuation
2025-04-29,10:00,14:00,1745935200000,17,,1813.25,,,,,,,3523.6,,,0.027279,2.727937,-0.04386,-4.386005,true,false,missing_observed_option_instrument; synthetic/theoretical cycle excluded from option valuation
2025-04-30,10:00,14:00,1746021600000,17,,1745.95,,,,,,,3523.6,,,0.027279,2.727937,-0.04386,-4.386005,true,false,missing_observed_option_instrument; synthetic/theoretical cycle excluded from option valuation
2025-05-01,10:00,14:00,1746108000000,17,,1833.25,,,,,,,3523.6,,,0.027279,2.727937,-0.04386,-4.386005,true,false,missing_observed_option_instrument; synthetic/theoretical cycle excluded from option valuation
2025-05-02,10:00,14:00,1746194400000,18,,1836.25,,,,,,,3523.6,,,0.027279,2.727937,-0.04386,-4.386005,true,false,missing_observed_option_instrument; synthetic/theoretical cycle excluded from option valuation
2025-05-03,10:00,14:00,1746280800000,18,,1834.55,,,,,,,3523.6,,,0.027279,2.727937,-0.04386,-4.386005,true,false,missing_observed_option_instrument; synthetic/theoretical cycle excluded from option valuation
2025-05-04,10:00,14:00,1746367200000,18,,1825.1,,,,,,,3523.6,,,0.027279,2.727937,-0.04386,-4.386005,true,false,missing_observed_option_instrument; synthetic/theoretical cycle excluded from option valuation
2025-05-05,10:00,14:00,1746453600000,18,,1814.2,,,,,,,3523.6,,,0.027279,2.727937,-0.04386,-4.386005,true,false,missing_observed_option_instrument; synthetic/theoretical cycle excluded from option valuation
2025-05-06,10:00,14:00,1746540000000,18,,1761.2,,,,,,,3523.6,,,0.027279,2.727937,-0.04386,-4.386005,true,false,missing_observed_option_instrument; synthetic/theoretical cycle excluded from option valuation
2025-05-07,10:00,14:00,1746626400000,18,,1828.8,,,,,,,3523.6,,,0.027279,2.727937,-0.04386,-4.386005,true,false,missing_observed_option_instrument; synthetic/theoretical cycle excluded from option valuation
2025-05-08,10:00,14:00,1746712800000,18,,1978.85,,,,,,,3523.6,,,0.027279,2.727937,-0.04386,-4.386005,true,false,missing_observed_option_instrument; synthetic/theoretical cycle excluded from option valuation
2025-05-09,10:00,14:00,1746799200000,19,ETH-16MAY25-2450-C,2363.75,63.82125,0.027,Deribit option 1-minute OHLC close at 10:00 NY snapshot; option-denominated close converted to USD with snapshot ETH-PERPETUAL close,2299.92875,,,3523.6,-0.347279,-34.727871,0.027279,2.727937,-0.04386,-4.386005,true,true,daily_return_not_computed_across_missing_mtm_gap
2025-05-10,10:00,14:00,1746885600000,19,ETH-16MAY25-2450-C,2440.3,82.9702,0.034,Deribit option 1-minute OHLC close at 10:00 NY snapshot; option-denominated close converted to USD with snapshot ETH-PERPETUAL close,2357.3298,0.024958,2.495775,3523.6,-0.330988,-33.098825,0.027146,2.714567,-0.04386,-4.386005,true,true,
2025-05-11,10:00,14:00,1746972000000,19,ETH-16MAY25-2450-C,2476.5,123.825,0.05,Deribit option 1-minute OHLC close at 10:00 NY snapshot; option-denominated close converted to USD with snapshot ETH-PERPETUAL close,2352.675,-0.001975,-0.197461,3523.6,-0.332309,-33.230929,0.026323,2.632315,-0.04386,-4.386005,true,true,
2025-05-12,10:00,14:00,1747058400000,19,ETH-16MAY25-2450-C,2555.75,167.401625,0.0655,Deribit option 1-minute OHLC close at 10:00 NY snapshot; option-denominated close converted to USD with snapshot ETH-PERPETUAL close,2388.348375,0.015163,1.51629,3523.6,-0.322185,-32.218516,0.02579,2.579008,-0.04386,-4.386005,true,true,
2025-05-13,10:00,14:00,1747144800000,19,ETH-16MAY25-2450-C,2547.4,71.3272,0.028,Deribit option 1-minute OHLC close at 10:00 NY snapshot; option-denominated close converted to USD with snapshot ETH-PERPETUAL close,2476.0728,0.03673,3.673016,3523.6,-0.297289,-29.728891,0.026574,2.65738,-0.04386,-4.386005,true,true,
2025-05-14,10:00,14:00,1747231200000,19,ETH-16MAY25-2450-C,2603.3,160.10295,0.0615,Deribit option 1-minute OHLC close at 10:00 NY snapshot; option-denominated close converted to USD with snapshot ETH-PERPETUAL close,2443.19705,-0.013277,-1.327738,3523.6,-0.306619,-30.661907,0.025969,2.596872,-0.04386,-4.386005,true,true,
2025-05-15,10:00,14:00,1747317600000,19,ETH-16MAY25-2450-C,2534.65,76.0395,0.03,Deribit option 1-minute OHLC close at 10:00 NY snapshot; option-denominated close converted to USD with snapshot ETH-PERPETUAL close,2458.6105,0.006309,0.630872,3523.6,-0.302245,-30.224472,0.025225,2.522498,-0.04386,-4.386005,true,true,
2025-05-16,10:00,14:00,1747404000000,20,ETH-23MAY25-2700-C,2596.25,61.011875,0.0235,Deribit option 1-minute OHLC close at 10:00 NY snapshot; option-denominated close converted to USD with snapshot ETH-PERPETUAL close,2535.238125,0.031167,3.116705,3523.6,-0.280498,-28.049775,0.02562,2.56204,-0.04386,-4.386005,true,true,
2025-05-17,10:00,14:00,1747490400000,20,ETH-23MAY25-2700-C,2464.55,18.484125,0.0075,Deribit option 1-minute OHLC close at 10:00 NY snapshot; option-denominated close converted to USD with snapshot ETH-PERPETUAL close,2446.065875,-0.035173,-3.517313,3523.6,-0.305805,-30.580489,0.026292,2.629163,-0.04386,-4.386005,true,true,
2025-05-18,10:00,14:00,1747576800000,20,ETH-23MAY25-2700-C,2545.95,28.00545,0.011,Deribit option 1-minute OHLC close at 10:00 NY snapshot; option-denominated close converted to USD with snapshot ETH-PERPETUAL close,2517.94455,0.029385,2.938542,3523.6,-0.285406,-28.540568,0.026487,2.648745,-0.04386,-4.386005,true,true,
2025-05-19,10:00,14:00,1747663200000,20,ETH-23MAY25-2700-C,2426.3,11.16098,0.0046,Deribit option 1-minute OHLC close at 10:00 NY snapshot; option-denominated close converted to USD with snapshot ETH-PERPETUAL close,2415.13902,-0.040829,-4.082915,3523.6,-0.314582,-31.458196,0.027559,2.755922,-0.04386,-4.386005,true,true,
2025-05-20,10:00,14:00,1747749600000,20,ETH-23MAY25-2700-C,2477.3,8.67055,0.0035,Deribit option 1-minute OHLC close at 10:00 NY snapshot; option-denominated close converted to USD with snapshot ETH-PERPETUAL close,2468.62945,0.022148,2.214797,3523.6,-0.299401,-29.940134,0.027265,2.726485,-0.045546,-4.554643,true,true,
2025-05-21,10:00,14:00,1747836000000,20,ETH-23MAY25-2700-C,2546.8,12.734,0.005,Deribit option 1-minute OHLC close at 10:00 NY snapshot; option-denominated close converted to USD with snapshot ETH-PERPETUAL close,2534.066,0.026507,2.650724,3523.6,-0.28083,-28.08304,0.02722,2.721999,-0.045546,-4.554643,true,true,
2025-05-22,10:00,14:00,1747922400000,20,ETH-23MAY25-2700-C,2648.75,19.865625,0.0075,Deribit option 1-minute OHLC close at 10:00 NY snapshot; option-denominated close converted to USD with snapshot ETH-PERPETUAL close,2628.884375,0.037417,3.741748,3523.6,-0.253921,-25.392088,0.027937,2.793701,-0.045546,-4.554643,true,true,
2025-05-23,10:00,14:00,1748008800000,21,ETH-30MAY25-2700-C,2586.95,60.793325,0.0235,Deribit option 1-minute OHLC close at 10:00 NY snapshot; option-denominated close converted to USD with snapshot ETH-PERPETUAL close,2526.156675,-0.039077,-3.907654,3523.6,-0.283075,-28.307507,0.028727,2.872745,-0.039143,-3.914277,true,true,
2025-05-24,10:00,14:00,1748095200000,21,ETH-30MAY25-2700-C,2544.55,38.16825,0.015,Deribit option 1-minute OHLC close at 10:00 NY snapshot; option-denominated close converted to USD with snapshot ETH-PERPETUAL close,2506.38175,-0.007828,-0.782807,3523.6,-0.288687,-28.868721,0.027918,2.791822,-0.04004,-4.004047,true,true,
2025-05-25,10:00,14:00,1748181600000,21,ETH-30MAY25-2700-C,2508.55,26.339775,0.0105,Deribit option 1-minute OHLC close at 10:00 NY snapshot; option-denominated close converted to USD with snapshot ETH-PERPETUAL close,2482.210225,-0.009644,-0.964399,3523.6,-0.295547,-29.55471,0.027171,2.71706,-0.038179,-3.817884,true,true,
2025-05-26,10:00,14:00,1748268000000,21,ETH-30MAY25-2700-C,2548.55,24.211225,0.0095,Deribit option 1-minute OHLC close at 10:00 NY snapshot; option-denominated close converted to USD with snapshot ETH-PERPETUAL close,2524.338775,0.016972,1.697219,3523.6,-0.283591,-28.359099,0.026669,2.666891,-0.038179,-3.817884,true,true,
2025-05-27,10:00,14:00,1748354400000,21,ETH-30MAY25-2700-C,2663,51.9285,0.0195,Deribit option 1-minute OHLC close at 10:00 NY snapshot; option-denominated close converted to USD with snapshot ETH-PERPETUAL close,2611.0715,0.034359,3.435859,3523.6,-0.258976,-25.897619,0.027192,2.719168,-0.03732,-3.732,true,true,
2025-05-28,10:00,14:00,1748440800000,21,ETH-30MAY25-2700-C,2657.05,43.841325,0.0165,Deribit option 1-minute OHLC close at 10:00 NY snapshot; option-denominated close converted to USD with snapshot ETH-PERPETUAL close,2613.208675,0.000819,0.08185,3523.6,-0.25837,-25.836966,0.026364,2.636408,-0.03732,-3.732,true,true,
2025-05-29,10:00,14:00,1748527200000,21,ETH-30MAY25-2700-C,2663.3,21.3064,0.008,Deribit option 1-minute OHLC close at 10:00 NY snapshot; option-denominated close converted to USD with snapshot ETH-PERPETUAL close,2641.9936,0.011015,1.101517,3523.6,-0.2502,-25.020048,0.025703,2.570293,-0.03732,-3.732,true,true,
2025-05-30,10:00,14:00,1748613600000,22,,2583.5,,,,,,,3523.6,,,0.025703,2.570293,-0.03732,-3.732,true,false,missing_observed_option_instrument; synthetic/theoretical cycle excluded from option valuation
2025-05-31,10:00,14:00,1748700000000,22,,2532.75,,,,,,,3523.6,,,0.025703,2.570293,-0.03732,-3.732,true,false,missing_observed_option_instrument; synthetic/theoretical cycle excluded from option valuation
2025-06-01,10:00,14:00,1748786400000,22,,2496.15,,,,,,,3523.6,,,0.025703,2.570293,-0.03732,-3.732,true,false,missing_observed_option_instrument; synthetic/theoretical cycle excluded from option valuation
2025-06-02,10:00,14:00,1748872800000,22,,2498.5,,,,,,,3523.6,,,0.025703,2.570293,-0.03732,-3.732,true,false,missing_observed_option_instrument; synthetic/theoretical cycle excluded from option valuation
2025-06-03,10:00,14:00,1748959200000,22,,2631.65,,,,,,,3523.6,,,0.025703,2.570293,-0.03732,-3.732,true,false,missing_observed_option_instrument; synthetic/theoretical cycle excluded from option valuation
2025-06-04,10:00,14:00,1749045600000,22,,2609.5,,,,,,,3523.6,,,0.025703,2.570293,-0.03732,-3.732,true,false,missing_observed_option_instrument; synthetic/theoretical cycle excluded from option valuation
2025-06-05,10:00,14:00,1749132000000,22,,2593.45,,,,,,,3523.6,,,0.025703,2.570293,-0.03732,-3.732,true,false,missing_observed_option_instrument; synthetic/theoretical cycle excluded from option valuation
2025-06-06,10:00,14:00,1749218400000,23,ETH-13JUN25-2550-C,2502.95,68.831125,0.0275,Deribit option 1-minute OHLC close at 10:00 NY snapshot; option-denominated close converted to USD with snapshot ETH-PERPETUAL close,2434.118875,,,3523.6,-0.309195,-30.919546,0.025703,2.570293,-0.03732,-3.732,true,true,daily_return_not_computed_across_missing_mtm_gap
2025-06-07,10:00,14:00,1749304800000,23,ETH-13JUN25-2550-C,2509.55,55.2101,0.022,Deribit option 1-minute OHLC close at 10:00 NY snapshot; option-denominated close converted to USD with snapshot ETH-PERPETUAL close,2454.3399,0.008307,0.830733,3523.6,-0.303457,-30.345672,0.025003,2.500286,-0.03732,-3.732,true,true,
2025-06-08,10:00,14:00,1749391200000,23,ETH-13JUN25-2550-C,2509,53.9435,0.0215,Deribit option 1-minute OHLC close at 10:00 NY snapshot; option-denominated close converted to USD with snapshot ETH-PERPETUAL close,2455.0565,0.000292,0.029197,3523.6,-0.303253,-30.325335,0.024241,2.424128,-0.03732,-3.732,true,true,
2025-06-09,10:00,14:00,1749477600000,23,ETH-13JUN25-2550-C,2522.25,50.445,0.02,Deribit option 1-minute OHLC close at 10:00 NY snapshot; option-denominated close converted to USD with snapshot ETH-PERPETUAL close,2471.805,0.006822,0.682204,3523.6,-0.2985,-29.850011,0.023562,2.356212,-0.03732,-3.732,true,true,
2025-06-10,10:00,14:00,1749564000000,23,ETH-13JUN25-2550-C,2744.25,236.0055,0.086,Deribit option 1-minute OHLC close at 10:00 NY snapshot; option-denominated close converted to USD with snapshot ETH-PERPETUAL close,2508.2445,0.014742,1.474206,3523.6,-0.288159,-28.815856,0.023128,2.312797,-0.03732,-3.732,true,true,
2025-06-11,10:00,14:00,1749650400000,23,ETH-13JUN25-2550-C,2801,228.2815,0.0815,Deribit option 1-minute OHLC close at 10:00 NY snapshot; option-denominated close converted to USD with snapshot ETH-PERPETUAL close,2572.7185,0.025705,2.570483,3523.6,-0.269861,-26.98608,0.023291,2.329062,-0.03732,-3.732,true,true,
2025-06-12,10:00,14:00,1749736800000,23,ETH-13JUN25-2550-C,2751.75,195.37425,0.071,Deribit option 1-minute OHLC close at 10:00 NY snapshot; option-denominated close converted to USD with snapshot ETH-PERPETUAL close,2556.37575,-0.006352,-0.635233,3523.6,-0.274499,-27.449888,0.022635,2.263464,-0.03732,-3.732,true,true,
2025-06-13,10:00,14:00,1749823200000,24,ETH-20JUN25-2600-C,2548.55,81.5536,0.032,Deribit option 1-minute OHLC close at 10:00 NY snapshot; option-denominated close converted to USD with snapshot ETH-PERPETUAL close,2466.9964,-0.034963,-3.496331,3523.6,-0.299865,-29.98648,0.023557,2.355702,-0.03732,-3.732,true,true,
2025-06-14,10:00,14:00,1749909600000,24,ETH-20JUN25-2600-C,2536,59.596,0.0235,Deribit option 1-minute OHLC close at 10:00 NY snapshot; option-denominated close converted to USD with snapshot ETH-PERPETUAL close,2476.404,0.003813,0.381338,3523.6,-0.297195,-29.719491,0.022858,2.285847,-0.03732,-3.732,true,true,
2025-06-15,10:00,14:00,1749996000000,24,ETH-20JUN25-2600-C,2543.25,54.679875,0.0215,Deribit option 1-minute OHLC close at 10:00 NY snapshot; option-denominated close converted to USD with snapshot ETH-PERPETUAL close,2488.570125,0.004913,0.491282,3523.6,-0.293742,-29.374216,0.022195,2.219476,-0.03732,-3.732,true,true,
2025-06-16,10:00,14:00,1750082400000,24,ETH-20JUN25-2600-C,2641.9,77.93605,0.0295,Deribit option 1-minute OHLC close at 10:00 NY snapshot; option-denominated close converted to USD with snapshot ETH-PERPETUAL close,2563.96395,0.030296,3.029604,3523.6,-0.272345,-27.234534,0.022762,2.276229,-0.03732,-3.732,true,true,
2025-06-17,10:00,14:00,1750168800000,24,ETH-20JUN25-2600-C,2554.8,43.4316,0.017,Deribit option 1-minute OHLC close at 10:00 NY snapshot; option-denominated close converted to USD with snapshot ETH-PERPETUAL close,2511.3684,-0.020513,-2.051337,3523.6,-0.287272,-28.727199,0.022634,2.263366,-0.03732,-3.732,true,true,
2025-06-18,10:00,14:00,1750255200000,24,ETH-20JUN25-2600-C,2498.8,14.9928,0.006,Deribit option 1-minute OHLC close at 10:00 NY snapshot; option-denominated close converted to USD with snapshot ETH-PERPETUAL close,2483.8072,-0.010975,-1.097457,3523.6,-0.295094,-29.509388,0.022108,2.210819,-0.03732,-3.732,true,true,
2025-06-19,10:00,14:00,1750341600000,24,ETH-20JUN25-2600-C,2511.2,3.26456,0.0013,Deribit option 1-minute OHLC close at 10:00 NY snapshot; option-denominated close converted to USD with snapshot ETH-PERPETUAL close,2507.93544,0.009714,0.971422,3523.6,-0.288246,-28.824627,0.021566,2.156635,-0.03732,-3.732,true,true,
2025-06-20,10:00,14:00,1750428000000,25,ETH-27JUN25-2600-C,2533.25,62.064625,0.0245,Deribit option 1-minute OHLC close at 10:00 NY snapshot; option-denominated close converted to USD with snapshot ETH-PERPETUAL close,2471.185375,-0.014654,-1.465351,3523.6,-0.298676,-29.867596,0.021215,2.12152,-0.03732,-3.732,true,true,
2025-06-21,10:00,14:00,1750514400000,25,ETH-27JUN25-2600-C,2421.45,21.79305,0.009,Deribit option 1-minute OHLC close at 10:00 NY snapshot; option-denominated close converted to USD with snapshot ETH-PERPETUAL close,2399.65695,-0.028945,-2.894499,3523.6,-0.318976,-31.897578,0.021757,2.175657,-0.03732,-3.732,true,true,
2025-06-22,10:00,14:00,1750600800000,25,ETH-27JUN25-2600-C,2199.85,5.939595,0.0027,Deribit option 1-minute OHLC close at 10:00 NY snapshot; option-denominated close converted to USD with snapshot ETH-PERPETUAL close,2193.910405,-0.08574,-8.573998,3523.6,-0.377367,-37.736678,0.029766,2.976622,-0.03732,-3.732,true,true,
2025-06-23,10:00,14:00,1750687200000,25,ETH-27JUN25-2600-C,2302.6,8.28936,0.0036,Deribit option 1-minute OHLC close at 10:00 NY snapshot; option-denominated close converted to USD with snapshot ETH-PERPETUAL close,2294.31064,0.045763,4.576314,3523.6,-0.348873,-34.887313,0.03096,3.096001,-0.04004,-4.004047,true,true,
2025-06-24,10:00,14:00,1750773600000,25,ETH-27JUN25-2600-C,2423.9,9.93799,0.0041,Deribit option 1-minute OHLC close at 10:00 NY snapshot; option-denominated close converted to USD with snapshot ETH-PERPETUAL close,2413.96201,0.052151,5.215134,3523.6,-0.314916,-31.491599,0.032622,3.262203,-0.04004,-4.004047,true,true,
2025-06-25,10:00,14:00,1750860000000,25,ETH-27JUN25-2600-C,2433.5,5.8404,0.0024,Deribit option 1-minute OHLC close at 10:00 NY snapshot; option-denominated close converted to USD with snapshot ETH-PERPETUAL close,2427.6596,0.005674,0.567432,3523.6,-0.311029,-31.102861,0.031659,3.165876,-0.04004,-4.004047,true,true,
2025-06-26,10:00,14:00,1750946400000,25,ETH-27JUN25-2600-C,2434.5,1.21725,0.0005,Deribit option 1-minute OHLC close at 10:00 NY snapshot; option-denominated close converted to USD with snapshot ETH-PERPETUAL close,2433.28275,0.002316,0.231628,3523.6,-0.309433,-30.943275,0.0307,3.069955,-0.04004,-4.004047,true,true,
2025-06-27,10:00,14:00,1751032800000,26,,2428.5,,,,,,,3523.6,,,0.0307,3.069955,-0.04004,-4.004047,true,false,missing_observed_option_instrument; synthetic/theoretical cycle excluded from option valuation
2025-06-28,10:00,14:00,1751119200000,26,,2423.55,,,,,,,3523.6,,,0.0307,3.069955,-0.04004,-4.004047,true,false,missing_observed_option_instrument; synthetic/theoretical cycle excluded from option valuation
2025-06-29,10:00,14:00,1751205600000,26,,2448.05,,,,,,,3523.6,,,0.0307,3.069955,-0.04004,-4.004047,true,false,missing_observed_option_instrument; synthetic/theoretical cycle excluded from option valuation
2025-06-30,10:00,14:00,1751292000000,26,,2462.8,,,,,,,3523.6,,,0.0307,3.069955,-0.04004,-4.004047,true,false,missing_observed_option_instrument; synthetic/theoretical cycle excluded from option valuation
2025-07-01,10:00,14:00,1751378400000,26,,2445.1,,,,,,,3523.6,,,0.0307,3.069955,-0.04004,-4.004047,true,false,missing_observed_option_instrument; synthetic/theoretical cycle excluded from option valuation
2025-07-02,10:00,14:00,1751464800000,26,,2453.6,,,,,,,3523.6,,,0.0307,3.069955,-0.04004,-4.004047,true,false,missing_observed_option_instrument; synthetic/theoretical cycle excluded from option valuation
2025-07-03,10:00,14:00,1751551200000,26,,2629.55,,,,,,,3523.6,,,0.0307,3.069955,-0.04004,-4.004047,true,false,missing_observed_option_instrument; synthetic/theoretical cycle excluded from option valuation
2025-07-04,10:00,14:00,1751637600000,27,ETH-11JUL25-2600-C,2526.95,44.221625,0.0175,Deribit option 1-minute OHLC close at 10:00 NY snapshot; option-denominated close converted to USD with snapshot ETH-PERPETUAL close,2482.728375,,,3523.6,-0.2954,-29.540005,0.0307,3.069955,-0.04004,-4.004047,true,true,daily_return_not_computed_across_missing_mtm_gap
2025-07-05,10:00,14:00,1751724000000,27,ETH-11JUL25-2600-C,2515.65,37.73475,0.015,Deribit option 1-minute OHLC close at 10:00 NY snapshot; option-denominated close converted to USD with snapshot ETH-PERPETUAL close,2477.91525,-0.001939,-0.193864,3523.6,-0.296766,-29.676602,0.029768,2.97681,-0.037226,-3.722558,true,true,
2025-07-06,10:00,14:00,1751810400000,27,ETH-11JUL25-2600-C,2563.45,51.269,0.02,Deribit option 1-minute OHLC close at 10:00 NY snapshot; option-denominated close converted to USD with snapshot ETH-PERPETUAL close,2512.181,0.013828,1.382846,3523.6,-0.287041,-28.704138,0.029059,2.905934,-0.037226,-3.722558,true,true,
2025-07-07,10:00,14:00,1751896800000,27,ETH-11JUL25-2600-C,2564.5,47.44325,0.0185,Deribit option 1-minute OHLC close at 10:00 NY snapshot; option-denominated close converted to USD with snapshot ETH-PERPETUAL close,2517.05675,0.001941,0.194084,3523.6,-0.285658,-28.565764,0.028178,2.817808,-0.037226,-3.722558,true,true,
2025-07-08,10:00,14:00,1751983200000,27,ETH-11JUL25-2600-C,2590.5,44.0385,0.017,Deribit option 1-minute OHLC close at 10:00 NY snapshot; option-denominated close converted to USD with snapshot ETH-PERPETUAL close,2546.4615,0.011682,1.16822,3523.6,-0.277313,-27.731255,0.027469,2.746912,-0.037226,-3.722558,true,true,
2025-07-09,10:00,14:00,1752069600000,27,ETH-11JUL25-2600-C,2654.95,87.61335,0.033,Deribit option 1-minute OHLC close at 10:00 NY snapshot; option-denominated close converted to USD with snapshot ETH-PERPETUAL close,2567.33665,0.008198,0.819771,3523.6,-0.271388,-27.138817,0.026708,2.670789,-0.032255,-3.225506,true,true,
2025-07-10,10:00,14:00,1752156000000,27,ETH-11JUL25-2600-C,2782.35,185.026275,0.0665,Deribit option 1-minute OHLC close at 10:00 NY snapshot; option-denominated close converted to USD with snapshot ETH-PERPETUAL close,2597.323725,0.01168,1.168023,3523.6,-0.262878,-26.287782,0.026052,2.605184,-0.032255,-3.225506,true,true,
2025-07-11,10:00,14:00,1752242400000,28,ETH-18JUL25-3050-C,3004.15,93.12865,0.031,Deribit option 1-minute OHLC close at 10:00 NY snapshot; option-denominated close converted to USD with snapshot ETH-PERPETUAL close,2911.02135,0.120777,12.077725,3523.6,-0.17385,-17.385022,0.0389,3.889994,-0.032255,-3.225506,true,true,
2025-07-12,10:00,14:00,1752328800000,28,ETH-18JUL25-3050-C,2940.25,54.394625,0.0185,Deribit option 1-minute OHLC close at 10:00 NY snapshot; option-denominated close converted to USD with snapshot ETH-PERPETUAL close,2885.855375,-0.008645,-0.864507,3523.6,-0.180992,-18.099234,0.037774,3.777429,-0.032255,-3.225506,true,true,
2025-07-13,10:00,14:00,1752415200000,28,ETH-18JUL25-3050-C,2992.6,62.8446,0.021,Deribit option 1-minute OHLC close at 10:00 NY snapshot; option-denominated close converted to USD with snapshot ETH-PERPETUAL close,2929.7554,0.015212,1.521214,3523.6,-0.168533,-16.853349,0.036813,3.681261,-0.032255,-3.225506,true,true,
2025-07-14,10:00,14:00,1752501600000,28,ETH-18JUL25-3050-C,3057,85.596,0.028,Deribit option 1-minute OHLC close at 10:00 NY snapshot; option-denominated close converted to USD with snapshot ETH-PERPETUAL close,2971.404,0.014216,1.421573,3523.6,-0.156714,-15.671359,0.035861,3.586061,-0.032255,-3.225506,true,true,
2025-07-15,10:00,14:00,1752588000000,28,ETH-18JUL25-3050-C,3049.8,76.245,0.025,Deribit option 1-minute OHLC close at 10:00 NY snapshot; option-denominated close converted to USD with snapshot ETH-PERPETUAL close,2973.555,0.000724,0.07239,3523.6,-0.156103,-15.610313,0.034769,3.47686,-0.032255,-3.225506,true,true,
2025-07-16,10:00,14:00,1752674400000,28,ETH-18JUL25-3050-C,3198.75,164.735625,0.0515,Deribit option 1-minute OHLC close at 10:00 NY snapshot; option-denominated close converted to USD with snapshot ETH-PERPETUAL close,3034.014375,0.020332,2.033235,3523.6,-0.138945,-13.894472,0.034075,3.407533,-0.032255,-3.225506,true,true,
2025-07-17,10:00,14:00,1752760800000,28,ETH-18JUL25-3050-C,3405.25,292.8515,0.086,Deribit option 1-minute OHLC close at 10:00 NY snapshot; option-denominated close converted to USD with snapshot ETH-PERPETUAL close,3112.3985,0.025835,2.583512,3523.6,-0.116699,-11.669926,0.033638,3.363789,-0.032255,-3.225506,true,true,
2025-07-18,10:00,14:00,1752847200000,29,ETH-25JUL25-3700-C,3642.25,120.19425,0.033,Deribit option 1-minute OHLC close at 10:00 NY snapshot; option-denominated close converted to USD with snapshot ETH-PERPETUAL close,3522.05575,0.131621,13.162108,3523.6,-0.000438,-0.043826,0.045859,4.585918,-0.032255,-3.225506,true,true,
2025-07-19,10:00,14:00,1752933600000,29,ETH-25JUL25-3700-C,3558.7,67.6153,0.019,Deribit option 1-minute OHLC close at 10:00 NY snapshot; option-denominated close converted to USD with snapshot ETH-PERPETUAL close,3491.0847,-0.008793,-0.879346,3523.6,-0.009228,-0.922786,0.044514,4.451426,-0.032255,-3.225506,true,true,
2025-07-20,10:00,14:00,1753020000000,29,ETH-25JUL25-3700-C,3752.45,159.479125,0.0425,Deribit option 1-minute OHLC close at 10:00 NY snapshot; option-denominated close converted to USD with snapshot ETH-PERPETUAL close,3592.970875,0.029185,2.918468,3592.970875,0,0,0.043746,4.374624,-0.032255,-3.225506,true,true,
2025-07-21,10:00,14:00,1753106400000,29,ETH-25JUL25-3700-C,3826.6,181.7635,0.0475,Deribit option 1-minute OHLC close at 10:00 NY snapshot; option-denominated close converted to USD with snapshot ETH-PERPETUAL close,3644.8365,0.014435,1.44353,3644.8365,0,0,0.042561,4.256068,-0.032255,-3.225506,true,true,
2025-07-22,10:00,14:00,1753192800000,29,ETH-25JUL25-3700-C,3646.25,85.686875,0.0235,Deribit option 1-minute OHLC close at 10:00 NY snapshot; option-denominated close converted to USD with snapshot ETH-PERPETUAL close,3560.563125,-0.023121,-2.31213,3644.8365,-0.023121,-2.31213,0.041651,4.165096,-0.025151,-2.515076,true,true,
2025-07-23,10:00,14:00,1753279200000,29,ETH-25JUL25-3700-C,3592.15,28.7372,0.008,Deribit option 1-minute OHLC close at 10:00 NY snapshot; option-denominated close converted to USD with snapshot ETH-PERPETUAL close,3563.4128,0.0008,0.080034,3644.8365,-0.022339,-2.233947,0.040383,4.038258,-0.026324,-2.632433,true,true,
2025-07-24,10:00,14:00,1753365600000,29,ETH-25JUL25-3700-C,3627.7,15.59911,0.0043,Deribit option 1-minute OHLC close at 10:00 NY snapshot; option-denominated close converted to USD with snapshot ETH-PERPETUAL close,3612.10089,0.013663,1.366333,3644.8365,-0.008981,-0.898137,0.039295,3.929515,-0.026324,-2.632433,true,true,
2025-07-25,10:00,14:00,1753452000000,30,,3708.2,,,,,,,3644.8365,,,0.039295,3.929515,-0.026324,-2.632433,true,false,missing_observed_option_instrument; synthetic/theoretical cycle excluded from option valuation
2025-07-26,10:00,14:00,1753538400000,30,,3747,,,,,,,3644.8365,,,0.039295,3.929515,-0.026324,-2.632433,true,false,missing_observed_option_instrument; synthetic/theoretical cycle excluded from option valuation
2025-07-27,10:00,14:00,1753624800000,30,,3814.15,,,,,,,3644.8365,,,0.039295,3.929515,-0.026324,-2.632433,true,false,missing_observed_option_instrument; synthetic/theoretical cycle excluded from option valuation
2025-07-28,10:00,14:00,1753711200000,30,,3843.55,,,,,,,3644.8365,,,0.039295,3.929515,-0.026324,-2.632433,true,false,missing_observed_option_instrument; synthetic/theoretical cycle excluded from option valuation
2025-07-29,10:00,14:00,1753797600000,30,,3833.4,,,,,,,3644.8365,,,0.039295,3.929515,-0.026324,-2.632433,true,false,missing_observed_option_instrument; synthetic/theoretical cycle excluded from option valuation
2025-07-30,10:00,14:00,1753884000000,30,,3764.25,,,,,,,3644.8365,,,0.039295,3.929515,-0.026324,-2.632433,true,false,missing_observed_option_instrument; synthetic/theoretical cycle excluded from option valuation
2025-07-31,10:00,14:00,1753970400000,30,,3810.8,,,,,,,3644.8365,,,0.039295,3.929515,-0.026324,-2.632433,true,false,missing_observed_option_instrument; synthetic/theoretical cycle excluded from option valuation
2025-08-01,10:00,14:00,1754056800000,31,,3592.55,,,,,,,3644.8365,,,0.039295,3.929515,-0.026324,-2.632433,true,false,missing_observed_option_instrument; synthetic/theoretical cycle excluded from option valuation
2025-08-02,10:00,14:00,1754143200000,31,,3507.35,,,,,,,3644.8365,,,0.039295,3.929515,-0.026324,-2.632433,true,false,missing_observed_option_instrument; synthetic/theoretical cycle excluded from option valuation
2025-08-03,10:00,14:00,1754229600000,31,,3492.6,,,,,,,3644.8365,,,0.039295,3.929515,-0.026324,-2.632433,true,false,missing_observed_option_instrument; synthetic/theoretical cycle excluded from option valuation
2025-08-04,10:00,14:00,1754316000000,31,,3621.75,,,,,,,3644.8365,,,0.039295,3.929515,-0.026324,-2.632433,true,false,missing_observed_option_instrument; synthetic/theoretical cycle excluded from option valuation
2025-08-05,10:00,14:00,1754402400000,31,,3645.25,,,,,,,3644.8365,,,0.039295,3.929515,-0.026324,-2.632433,true,false,missing_observed_option_instrument; synthetic/theoretical cycle excluded from option valuation
2025-08-06,10:00,14:00,1754488800000,31,,3607.45,,,,,,,3644.8365,,,0.039295,3.929515,-0.026324,-2.632433,true,false,missing_observed_option_instrument; synthetic/theoretical cycle excluded from option valuation
2025-08-07,10:00,14:00,1754575200000,31,,3857.8,,,,,,,3644.8365,,,0.039295,3.929515,-0.026324,-2.632433,true,false,missing_observed_option_instrument; synthetic/theoretical cycle excluded from option valuation
2025-08-08,10:00,14:00,1754661600000,32,ETH-15AUG25-4050-C,4000.5,116.0145,0.029,Deribit option 1-minute OHLC close at 10:00 NY snapshot; option-denominated close converted to USD with snapshot ETH-PERPETUAL close,3884.4855,,,3884.4855,0,0,0.039295,3.929515,-0.026324,-2.632433,true,true,daily_return_not_computed_across_missing_mtm_gap
2025-08-09,10:00,14:00,1754748000000,32,ETH-15AUG25-4050-C,4165.5,243.68175,0.0585,Deribit option 1-minute OHLC close at 10:00 NY snapshot; option-denominated close converted to USD with snapshot ETH-PERPETUAL close,3921.81825,0.009611,0.961073,3921.81825,0,0,0.038171,3.817073,-0.026324,-2.632433,true,true,
2025-08-10,10:00,14:00,1754834400000,32,ETH-15AUG25-4050-C,4168.5,212.5935,0.051,Deribit option 1-minute OHLC close at 10:00 NY snapshot; option-denominated close converted to USD with snapshot ETH-PERPETUAL close,3955.9065,0.008692,0.869195,3955.9065,0,0,0.037069,3.706909,-0.026324,-2.632433,true,true,
2025-08-11,10:00,14:00,1754920800000,32,ETH-15AUG25-4050-C,4288.65,259.463325,0.0605,Deribit option 1-minute OHLC close at 10:00 NY snapshot; option-denominated close converted to USD with snapshot ETH-PERPETUAL close,4029.186675,0.018524,1.852424,4029.186675,0,0,0.036225,3.622512,-0.026324,-2.632433,true,true,
2025-08-12,10:00,14:00,1755007200000,32,ETH-15AUG25-4050-C,4379.25,374.425875,0.0855,Deribit option 1-minute OHLC close at 10:00 NY snapshot; option-denominated close converted to USD with snapshot ETH-PERPETUAL close,4004.824125,-0.006047,-0.604652,4029.186675,-0.006047,-0.604652,0.035153,3.515277,-0.026324,-2.632433,true,true,
2025-08-13,10:00,14:00,1755093600000,32,ETH-15AUG25-4050-C,4678.55,662.014825,0.1415,Deribit option 1-minute OHLC close at 10:00 NY snapshot; option-denominated close converted to USD with snapshot ETH-PERPETUAL close,4016.535175,0.002924,0.292424,4029.186675,-0.00314,-0.313996,0.034089,3.40894,-0.026324,-2.632433,true,true,
2025-08-14,10:00,14:00,1755180000000,32,ETH-15AUG25-4050-C,4614.75,503.00775,0.109,Deribit option 1-minute OHLC close at 10:00 NY snapshot; option-denominated close converted to USD with snapshot ETH-PERPETUAL close,4111.74225,0.023704,2.370378,4111.74225,0,0,0.033557,3.355703,-0.016674,-1.667377,true,true,
2025-08-15,10:00,14:00,1755266400000,33,ETH-22AUG25-4800-C,4526.95,86.01205,0.019,Deribit option 1-minute OHLC close at 10:00 NY snapshot; option-denominated close converted to USD with snapshot ETH-PERPETUAL close,4440.93795,0.080062,8.006234,4440.93795,0,0,0.037988,3.798827,-0.008727,-0.872668,true,true,
2025-08-16,10:00,14:00,1755352800000,33,ETH-22AUG25-4800-C,4391,32.9325,0.0075,Deribit option 1-minute OHLC close at 10:00 NY snapshot; option-denominated close converted to USD with snapshot ETH-PERPETUAL close,4358.0675,-0.018661,-1.866057,4440.93795,-0.018661,-1.866057,0.037114,3.711354,-0.008727,-0.872668,true,true,
2025-08-17,10:00,14:00,1755439200000,33,ETH-22AUG25-4800-C,4536.65,52.171475,0.0115,Deribit option 1-minute OHLC close at 10:00 NY snapshot; option-denominated close converted to USD with snapshot ETH-PERPETUAL close,4484.478525,0.029006,2.900621,4484.478525,0,0,0.036678,3.667767,-0.01422,-1.422037,true,true,
2025-08-18,10:00,14:00,1755525600000,33,ETH-22AUG25-4800-C,4286.5,16.71735,0.0039,Deribit option 1-minute OHLC close at 10:00 NY snapshot; option-denominated close converted to USD with snapshot ETH-PERPETUAL close,4269.78265,-0.047875,-4.787533,4484.478525,-0.047875,-4.787533,0.037444,3.744408,-0.01422,-1.422037,true,true,
2025-08-19,10:00,14:00,1755612000000,33,ETH-22AUG25-4800-C,4291,3.4328,0.0008,Deribit option 1-minute OHLC close at 10:00 NY snapshot; option-denominated close converted to USD with snapshot ETH-PERPETUAL close,4287.5672,0.004165,0.416521,4484.478525,-0.04391,-4.390953,0.036318,3.631772,-0.021114,-2.111398,true,true,
2025-08-20,10:00,14:00,1755698400000,33,ETH-22AUG25-4800-C,4147.85,0.82957,0.0002,Deribit option 1-minute OHLC close at 10:00 NY snapshot; option-denominated close converted to USD with snapshot ETH-PERPETUAL close,4147.02043,-0.03278,-3.278007,4484.478525,-0.07525,-7.525024,0.036115,3.611523,-0.021114,-2.111398,true,true,
2025-08-21,10:00,14:00,1755784800000,33,ETH-22AUG25-4800-C,4270.2,0.42702,0.0001,Deribit option 1-minute OHLC close at 10:00 NY snapshot; option-denominated close converted to USD with snapshot ETH-PERPETUAL close,4269.77298,0.0296,2.960018,4484.478525,-0.047877,-4.787748,0.035758,3.575782,-0.028434,-2.843363,true,true,
2025-08-22,10:00,14:00,1755871200000,34,ETH-29AUG25-4450-C,4388.55,131.6565,0.03,Deribit option 1-minute OHLC close at 10:00 NY snapshot; option-denominated close converted to USD with snapshot ETH-PERPETUAL close,4256.8935,-0.003016,-0.301643,4484.478525,-0.050749,-5.07495,0.034676,3.467637,-0.028434,-2.843363,true,true,
2025-08-23,10:00,14:00,1755957600000,34,ETH-29AUG25-4450-C,4715.25,377.22,0.08,Deribit option 1-minute OHLC close at 10:00 NY snapshot; option-denominated close converted to USD with snapshot ETH-PERPETUAL close,4338.03,0.01906,1.906003,4484.478525,-0.032657,-3.265676,0.033943,3.39426,-0.028434,-2.843363,true,true,
2025-08-24,10:00,14:00,1756044000000,34,ETH-29AUG25-4450-C,4770.5,376.8695,0.079,Deribit option 1-minute OHLC close at 10:00 NY snapshot; option-denominated close converted to USD with snapshot ETH-PERPETUAL close,4393.6305,0.012817,1.281699,4484.478525,-0.020258,-2.025833,0.033058,3.305799,-0.028434,-2.843363,true,true,
2025-08-25,10:00,14:00,1756130400000,34,ETH-29AUG25-4450-C,4625.5,210.46025,0.0455,Deribit option 1-minute OHLC close at 10:00 NY snapshot; option-denominated close converted to USD with snapshot ETH-PERPETUAL close,4415.03975,0.004873,0.487279,4484.478525,-0.015484,-1.548425,0.032073,3.207313,-0.028434,-2.843363,true,true,
2025-08-26,10:00,14:00,1756216800000,34,ETH-29AUG25-4450-C,4485.15,112.12875,0.025,Deribit option 1-minute OHLC close at 10:00 NY snapshot; option-denominated close converted to USD with snapshot ETH-PERPETUAL close,4373.02125,-0.009517,-0.951713,4484.478525,-0.024854,-2.485401,0.031183,3.118331,-0.028434,-2.843363,true,true,
2025-08-27,10:00,14:00,1756303200000,34,ETH-29AUG25-4450-C,4600,170.2,0.037,Deribit option 1-minute OHLC close at 10:00 NY snapshot; option-denominated close converted to USD with snapshot ETH-PERPETUAL close,4429.8,0.012984,1.298387,4484.478525,-0.012193,-1.219284,0.0304,3.040016,-0.028434,-2.843363,true,true,
2025-08-28,10:00,14:00,1756389600000,34,ETH-29AUG25-4450-C,4568.75,166.759375,0.0365,Deribit option 1-minute OHLC close at 10:00 NY snapshot; option-denominated close converted to USD with snapshot ETH-PERPETUAL close,4401.990625,-0.006278,-0.627779,4484.478525,-0.018394,-1.839409,0.029514,2.951414,-0.028434,-2.843363,true,true,
2025-08-29,10:00,14:00,1756476000000,35,,4349.85,,,,,,,4484.478525,,,0.029514,2.951414,-0.028434,-2.843363,true,false,missing_observed_option_instrument; synthetic/theoretical cycle excluded from option valuation
2025-08-30,10:00,14:00,1756562400000,35,,4359.75,,,,,,,4484.478525,,,0.029514,2.951414,-0.028434,-2.843363,true,false,missing_observed_option_instrument; synthetic/theoretical cycle excluded from option valuation
2025-08-31,10:00,14:00,1756648800000,35,,4473,,,,,,,4484.478525,,,0.029514,2.951414,-0.028434,-2.843363,true,false,missing_observed_option_instrument; synthetic/theoretical cycle excluded from option valuation
2025-09-01,10:00,14:00,1756735200000,35,,4394,,,,,,,4484.478525,,,0.029514,2.951414,-0.028434,-2.843363,true,false,missing_observed_option_instrument; synthetic/theoretical cycle excluded from option valuation
2025-09-02,10:00,14:00,1756821600000,35,,4384.6,,,,,,,4484.478525,,,0.029514,2.951414,-0.028434,-2.843363,true,false,missing_observed_option_instrument; synthetic/theoretical cycle excluded from option valuation
2025-09-03,10:00,14:00,1756908000000,35,,4432.95,,,,,,,4484.478525,,,0.029514,2.951414,-0.028434,-2.843363,true,false,missing_observed_option_instrument; synthetic/theoretical cycle excluded from option valuation
2025-09-04,10:00,14:00,1756994400000,35,,4380.85,,,,,,,4484.478525,,,0.029514,2.951414,-0.028434,-2.843363,true,false,missing_observed_option_instrument; synthetic/theoretical cycle excluded from option valuation
2025-09-05,10:00,14:00,1757080800000,36,ETH-12SEP25-4550-C,4433,110.825,0.025,Deribit option 1-minute OHLC close at 10:00 NY snapshot; option-denominated close converted to USD with snapshot ETH-PERPETUAL close,4322.175,,,4484.478525,-0.036192,-3.619229,0.029514,2.951414,-0.028434,-2.843363,true,true,daily_return_not_computed_across_missing_mtm_gap
2025-09-06,10:00,14:00,1757167200000,36,ETH-12SEP25-4550-C,4292.25,40.776375,0.0095,Deribit option 1-minute OHLC close at 10:00 NY snapshot; option-denominated close converted to USD with snapshot ETH-PERPETUAL close,4251.473625,-0.016358,-1.635782,4484.478525,-0.051958,-5.195808,0.028894,2.889419,-0.028434,-2.843363,true,true,
2025-09-07,10:00,14:00,1757253600000,36,ETH-12SEP25-4550-C,4304.6,43.046,0.01,Deribit option 1-minute OHLC close at 10:00 NY snapshot; option-denominated close converted to USD with snapshot ETH-PERPETUAL close,4261.554,0.002371,0.237103,4484.478525,-0.04971,-4.971024,0.02802,2.801997,-0.028434,-2.843363,true,true,
2025-09-08,10:00,14:00,1757340000000,36,ETH-12SEP25-4550-C,4317.8,34.5424,0.008,Deribit option 1-minute OHLC close at 10:00 NY snapshot; option-denominated close converted to USD with snapshot ETH-PERPETUAL close,4283.2576,0.005093,0.509288,4484.478525,-0.044871,-4.487053,0.027195,2.7195,-0.028434,-2.843363,true,true,
2025-09-09,10:00,14:00,1757426400000,36,ETH-12SEP25-4550-C,4336.45,20.81496,0.0048,Deribit option 1-minute OHLC close at 10:00 NY snapshot; option-denominated close converted to USD with snapshot ETH-PERPETUAL close,4315.63504,0.007559,0.755907,4484.478525,-0.037651,-3.765064,0.026431,2.643147,-0.028434,-2.843363,true,true,
2025-09-10,10:00,14:00,1757512800000,36,ETH-12SEP25-4550-C,4427.35,24.350425,0.0055,Deribit option 1-minute OHLC close at 10:00 NY snapshot; option-denominated close converted to USD with snapshot ETH-PERPETUAL close,4402.999575,0.020244,2.024373,4484.478525,-0.018169,-1.81691,0.026102,2.61016,-0.028434,-2.843363,true,true,
2025-09-11,10:00,14:00,1757599200000,36,ETH-12SEP25-4550-C,4433.5,5.76355,0.0013,Deribit option 1-minute OHLC close at 10:00 NY snapshot; option-denominated close converted to USD with snapshot ETH-PERPETUAL close,4427.73645,0.005618,0.561819,4484.478525,-0.012653,-1.265299,0.025344,2.534383,-0.028434,-2.843363,true,true,
2025-09-12,10:00,14:00,1757685600000,37,ETH-19SEP25-4650-C,4542.2,99.9284,0.022,Deribit option 1-minute OHLC close at 10:00 NY snapshot; option-denominated close converted to USD with snapshot ETH-PERPETUAL close,4442.2716,0.003283,0.328275,4484.478525,-0.009412,-0.941178,0.024585,2.458491,-0.028434,-2.843363,true,true,
2025-09-13,10:00,14:00,1757772000000,37,ETH-19SEP25-4650-C,4684.25,152.238125,0.0325,Deribit option 1-minute OHLC close at 10:00 NY snapshot; option-denominated close converted to USD with snapshot ETH-PERPETUAL close,4532.011875,0.020201,2.020144,4532.011875,0,0,0.024344,2.434417,-0.028434,-2.843363,true,true,
2025-09-14,10:00,14:00,1757858400000,37,ETH-19SEP25-4650-C,4618.8,122.3982,0.0265,Deribit option 1-minute OHLC close at 10:00 NY snapshot; option-denominated close converted to USD with snapshot ETH-PERPETUAL close,4496.4018,-0.007857,-0.785745,4532.011875,-0.007857,-0.785745,0.023681,2.368089,-0.026426,-2.64263,true,true,
2025-09-15,10:00,14:00,1757944800000,37,ETH-19SEP25-4650-C,4518.15,65.513175,0.0145,Deribit option 1-minute OHLC close at 10:00 NY snapshot; option-denominated close converted to USD with snapshot ETH-PERPETUAL close,4452.636825,-0.009733,-0.973333,4532.011875,-0.017514,-1.751431,0.023083,2.308293,-0.026426,-2.64263,true,true,
2025-09-16,10:00,14:00,1758031200000,37,ETH-19SEP25-4650-C,4462.25,31.23575,0.007,Deribit option 1-minute OHLC close at 10:00 NY snapshot; option-denominated close converted to USD with snapshot ETH-PERPETUAL close,4431.01425,-0.004856,-0.485613,4532.011875,-0.022285,-2.228538,0.022411,2.241132,-0.026426,-2.64263,true,true,
2025-09-17,10:00,14:00,1758117600000,37,ETH-19SEP25-4650-C,4498.3,38.23555,0.0085,Deribit option 1-minute OHLC close at 10:00 NY snapshot; option-denominated close converted to USD with snapshot ETH-PERPETUAL close,4460.06445,0.006556,0.655611,4532.011875,-0.015875,-1.587538,0.021788,2.178785,-0.026426,-2.64263,true,true,
2025-09-18,10:00,14:00,1758204000000,37,ETH-19SEP25-4650-C,4600.25,15.180825,0.0033,Deribit option 1-minute OHLC close at 10:00 NY snapshot; option-denominated close converted to USD with snapshot ETH-PERPETUAL close,4585.069175,0.028028,2.802756,4585.069175,0,0,0.022212,2.221172,-0.026426,-2.64263,true,true,
2025-09-19,10:00,14:00,1758290400000,38,ETH-26SEP25-4700-C,4526.05,67.89075,0.015,Deribit option 1-minute OHLC close at 10:00 NY snapshot; option-denominated close converted to USD with snapshot ETH-PERPETUAL close,4458.15925,-0.027679,-2.767896,4585.069175,-0.027679,-2.767896,0.022577,2.257712,-0.026426,-2.64263,true,true,
2025-09-20,10:00,14:00,1758376800000,38,ETH-26SEP25-4700-C,4468.25,37.980125,0.0085,Deribit option 1-minute OHLC close at 10:00 NY snapshot; option-denominated close converted to USD with snapshot ETH-PERPETUAL close,4430.269875,-0.006256,-0.625581,4585.069175,-0.033762,-3.376161,0.021943,2.19429,-0.030485,-3.048457,true,true,
2025-09-21,10:00,14:00,1758463200000,38,ETH-26SEP25-4700-C,4477.65,31.34355,0.007,Deribit option 1-minute OHLC close at 10:00 NY snapshot; option-denominated close converted to USD with snapshot ETH-PERPETUAL close,4446.30645,0.00362,0.361977,4585.069175,-0.030264,-3.026404,0.021293,2.12929,-0.030485,-3.048457,true,true,
2025-09-22,10:00,14:00,1758549600000,38,ETH-26SEP25-4700-C,4207.8,7.15326,0.0017,Deribit option 1-minute OHLC close at 10:00 NY snapshot; option-denominated close converted to USD with snapshot ETH-PERPETUAL close,4200.64674,-0.05525,-5.525029,4585.069175,-0.083842,-8.384223,0.024685,2.468481,-0.030485,-3.048457,true,true,
2025-09-23,10:00,14:00,1758636000000,38,ETH-26SEP25-4700-C,4187.95,2.093975,0.0005,Deribit option 1-minute OHLC close at 10:00 NY snapshot; option-denominated close converted to USD with snapshot ETH-PERPETUAL close,4185.856025,-0.003521,-0.352106,4585.069175,-0.087068,-8.706808,0.023948,2.394835,-0.041082,-4.108246,true,true,
2025-09-24,10:00,14:00,1758722400000,38,ETH-26SEP25-4700-C,4153,0.8306,0.0002,Deribit option 1-minute OHLC close at 10:00 NY snapshot; option-denominated close converted to USD with snapshot ETH-PERPETUAL close,4152.1694,-0.008048,-0.804773,4585.069175,-0.094415,-9.44151,0.023302,2.330232,-0.041082,-4.108246,true,true,
2025-09-25,10:00,14:00,1758808800000,38,ETH-26SEP25-4700-C,3970.7,0.39707,0.0001,Deribit option 1-minute OHLC close at 10:00 NY snapshot; option-denominated close converted to USD with snapshot ETH-PERPETUAL close,3970.30293,-0.0438,-4.380035,4585.069175,-0.13408,-13.408004,0.025011,2.501052,-0.041082,-4.108246,true,true,
2025-09-26,10:00,14:00,1758895200000,39,,3977.4,,,,,,,4585.069175,,,0.025011,2.501052,-0.041082,-4.108246,true,false,missing_observed_option_instrument; synthetic/theoretical cycle excluded from option valuation
2025-09-27,10:00,14:00,1758981600000,39,,4022,,,,,,,4585.069175,,,0.025011,2.501052,-0.041082,-4.108246,true,false,missing_observed_option_instrument; synthetic/theoretical cycle excluded from option valuation
2025-09-28,10:00,14:00,1759068000000,39,,4017.45,,,,,,,4585.069175,,,0.025011,2.501052,-0.041082,-4.108246,true,false,missing_observed_option_instrument; synthetic/theoretical cycle excluded from option valuation
2025-09-29,10:00,14:00,1759154400000,39,,4168.55,,,,,,,4585.069175,,,0.025011,2.501052,-0.041082,-4.108246,true,false,missing_observed_option_instrument; synthetic/theoretical cycle excluded from option valuation
2025-09-30,10:00,14:00,1759240800000,39,,4154.55,,,,,,,4585.069175,,,0.025011,2.501052,-0.041082,-4.108246,true,false,missing_observed_option_instrument; synthetic/theoretical cycle excluded from option valuation
2025-10-01,10:00,14:00,1759327200000,39,,4300.3,,,,,,,4585.069175,,,0.025011,2.501052,-0.041082,-4.108246,true,false,missing_observed_option_instrument; synthetic/theoretical cycle excluded from option valuation
2025-10-02,10:00,14:00,1759413600000,39,,4421.75,,,,,,,4585.069175,,,0.025011,2.501052,-0.041082,-4.108246,true,false,missing_observed_option_instrument; synthetic/theoretical cycle excluded from option valuation
2025-10-03,10:00,14:00,1759500000000,40,ETH-10OCT25-4600-C,4467.95,80.4231,0.018,Deribit option 1-minute OHLC close at 10:00 NY snapshot; option-denominated close converted to USD with snapshot ETH-PERPETUAL close,4387.5269,,,4585.069175,-0.043084,-4.308382,0.025011,2.501052,-0.041082,-4.108246,true,true,daily_return_not_computed_across_missing_mtm_gap
2025-10-04,10:00,14:00,1759586400000,40,ETH-10OCT25-4600-C,4501.25,85.52375,0.019,Deribit option 1-minute OHLC close at 10:00 NY snapshot; option-denominated close converted to USD with snapshot ETH-PERPETUAL close,4415.72625,0.006427,0.642716,4585.069175,-0.036934,-3.693356,0.0243,2.429965,-0.038841,-3.884123,true,true,
2025-10-05,10:00,14:00,1759672800000,40,ETH-10OCT25-4600-C,4543.45,102.227625,0.0225,Deribit option 1-minute OHLC close at 10:00 NY snapshot; option-denominated close converted to USD with snapshot ETH-PERPETUAL close,4441.222375,0.005774,0.577394,4585.069175,-0.031373,-3.137287,0.023602,2.36018,-0.038841,-3.884123,true,true,
2025-10-06,10:00,14:00,1759759200000,40,ETH-10OCT25-4600-C,4640.7,122.97855,0.0265,Deribit option 1-minute OHLC close at 10:00 NY snapshot; option-denominated close converted to USD with snapshot ETH-PERPETUAL close,4517.72145,0.017225,1.722478,4585.069175,-0.014688,-1.468849,0.023269,2.326852,-0.036546,-3.654572,true,true,
2025-10-07,10:00,14:00,1759845600000,40,ETH-10OCT25-4600-C,4710.75,186.074625,0.0395,Deribit option 1-minute OHLC close at 10:00 NY snapshot; option-denominated close converted to USD with snapshot ETH-PERPETUAL close,4524.675375,0.001539,0.153925,4585.069175,-0.013172,-1.317184,0.022563,2.256282,-0.036546,-3.654572,true,true,
2025-10-08,10:00,14:00,1759932000000,40,ETH-10OCT25-4600-C,4499,26.994,0.006,Deribit option 1-minute OHLC close at 10:00 NY snapshot; option-denominated close converted to USD with snapshot ETH-PERPETUAL close,4472.006,-0.01164,-1.164048,4585.069175,-0.024659,-2.465899,0.022061,2.206051,-0.036546,-3.654572,true,true,
2025-10-09,10:00,14:00,1760018400000,40,ETH-10OCT25-4600-C,4341.95,1.73678,0.0004,Deribit option 1-minute OHLC close at 10:00 NY snapshot; option-denominated close converted to USD with snapshot ETH-PERPETUAL close,4340.21322,-0.029471,-2.947062,4585.069175,-0.053403,-5.340289,0.022574,2.257381,-0.036546,-3.654572,true,true,
2025-10-10,10:00,14:00,1760104800000,41,ETH-17OCT25-4450-C,4364,91.644,0.021,Deribit option 1-minute OHLC close at 10:00 NY snapshot; option-denominated close converted to USD with snapshot ETH-PERPETUAL close,4272.356,-0.015635,-1.563454,4585.069175,-0.068202,-6.82025,0.022219,2.221866,-0.037352,-3.735197,true,true,
2025-10-11,10:00,14:00,1760191200000,41,ETH-17OCT25-4450-C,3836.1,12.65913,0.0033,Deribit option 1-minute OHLC close at 10:00 NY snapshot; option-denominated close converted to USD with snapshot ETH-PERPETUAL close,3823.44087,-0.105074,-10.507437,4585.069175,-0.166111,-16.611054,0.033563,3.356316,-0.037352,-3.735197,true,true,
2025-10-12,10:00,14:00,1760277600000,41,ETH-17OCT25-4450-C,3814.35,6.484395,0.0017,Deribit option 1-minute OHLC close at 10:00 NY snapshot; option-denominated close converted to USD with snapshot ETH-PERPETUAL close,3807.865605,-0.004074,-0.407363,4585.069175,-0.169507,-16.950749,0.032556,3.255599,-0.050098,-5.009782,true,true,
2025-10-13,10:00,14:00,1760364000000,41,ETH-17OCT25-4450-C,4169.75,29.18825,0.007,Deribit option 1-minute OHLC close at 10:00 NY snapshot; option-denominated close converted to USD with snapshot ETH-PERPETUAL close,4140.56175,0.087371,8.737077,4585.069175,-0.096947,-9.694672,0.038136,3.813552,-0.050098,-5.009782,true,true,
2025-10-14,10:00,14:00,1760450400000,41,ETH-17OCT25-4450-C,3952,6.7184,0.0017,Deribit option 1-minute OHLC close at 10:00 NY snapshot; option-denominated close converted to USD with snapshot ETH-PERPETUAL close,3945.2816,-0.047163,-4.716272,4585.069175,-0.139537,-13.953717,0.038737,3.873652,-0.050098,-5.009782,true,true,
2025-10-15,10:00,14:00,1760536800000,41,ETH-17OCT25-4450-C,4064.8,4.0648,0.001,Deribit option 1-minute OHLC close at 10:00 NY snapshot; option-denominated close converted to USD with snapshot ETH-PERPETUAL close,4060.7352,0.029264,2.926372,4585.069175,-0.114357,-11.435683,0.038234,3.82344,-0.051611,-5.161088,true,true,
2025-10-16,10:00,14:00,1760623200000,41,ETH-17OCT25-4450-C,4022.9,0.80458,0.0002,Deribit option 1-minute OHLC close at 10:00 NY snapshot; option-denominated close converted to USD with snapshot ETH-PERPETUAL close,4022.09542,-0.009515,-0.951546,4585.069175,-0.122784,-12.278414,0.037143,3.714283,-0.051611,-5.161088,true,true,
2025-10-17,10:00,14:00,1760709600000,42,ETH-24OCT25-3850-C,3782,134.261,0.0355,Deribit option 1-minute OHLC close at 10:00 NY snapshot; option-denominated close converted to USD with snapshot ETH-PERPETUAL close,3647.739,-0.093075,-9.307497,4585.069175,-0.204431,-20.443098,0.042621,4.262149,-0.051611,-5.161088,true,true,
2025-10-18,10:00,14:00,1760796000000,42,ETH-24OCT25-3850-C,3872.1,164.56425,0.0425,Deribit option 1-minute OHLC close at 10:00 NY snapshot; option-denominated close converted to USD with snapshot ETH-PERPETUAL close,3707.53575,0.016393,1.639283,4585.069175,-0.191389,-19.138935,0.041518,4.15177,-0.076054,-7.605386,true,true,
2025-10-19,10:00,14:00,1760882400000,42,ETH-24OCT25-3850-C,3967.95,156.734025,0.0395,Deribit option 1-minute OHLC close at 10:00 NY snapshot; option-denominated close converted to USD with snapshot ETH-PERPETUAL close,3811.215975,0.027965,2.796473,4585.069175,-0.168777,-16.877678,0.040832,4.083158,-0.076054,-7.605386,true,true,
2025-10-20,10:00,14:00,1760968800000,42,ETH-24OCT25-3850-C,4041.05,228.319325,0.0565,Deribit option 1-minute OHLC close at 10:00 NY snapshot; option-denominated close converted to USD with snapshot ETH-PERPETUAL close,3812.730675,0.000397,0.039743,4585.069175,-0.168446,-16.844642,0.039588,3.95878,-0.076054,-7.605386,true,true,
2025-10-21,10:00,14:00,1761055200000,42,ETH-24OCT25-3850-C,3869.35,112.21115,0.029,Deribit option 1-minute OHLC close at 10:00 NY snapshot; option-denominated close converted to USD with snapshot ETH-PERPETUAL close,3757.13885,-0.014581,-1.458058,4585.069175,-0.180571,-18.057096,0.038548,3.854761,-0.076054,-7.605386,true,true,
2025-10-22,10:00,14:00,1761141600000,42,ETH-24OCT25-3850-C,3875.3,75.56835,0.0195,Deribit option 1-minute OHLC close at 10:00 NY snapshot; option-denominated close converted to USD with snapshot ETH-PERPETUAL close,3799.73165,0.011336,1.13365,4585.069175,-0.171281,-17.12815,0.037476,3.747631,-0.076054,-7.605386,true,true,
2025-10-23,10:00,14:00,1761228000000,42,ETH-24OCT25-3850-C,3849.7,46.1964,0.012,Deribit option 1-minute OHLC close at 10:00 NY snapshot; option-denominated close converted to USD with snapshot ETH-PERPETUAL close,3803.5036,0.000993,0.099269,4585.069175,-0.170459,-17.045884,0.036335,3.633545,-0.076054,-7.605386,true,true,
2025-10-24,10:00,14:00,1761314400000,43,ETH-31OCT25-4050-C,3946.25,110.495,0.028,Deribit option 1-minute OHLC close at 10:00 NY snapshot; option-denominated close converted to USD with snapshot ETH-PERPETUAL close,3835.755,0.008479,0.847939,4585.069175,-0.163425,-16.342484,0.03529,3.52897,-0.076054,-7.605386,true,true,
2025-10-25,10:00,14:00,1761400800000,43,ETH-31OCT25-4050-C,3944.6,76.9197,0.0195,Deribit option 1-minute OHLC close at 10:00 NY snapshot; option-denominated close converted to USD with snapshot ETH-PERPETUAL close,3867.6803,0.008323,0.832308,4585.069175,-0.156462,-15.646195,0.034275,3.427532,-0.076054,-7.605386,true,true,
2025-10-26,10:00,14:00,1761487200000,43,ETH-31OCT25-4050-C,4081.6,146.9376,0.036,Deribit option 1-minute OHLC close at 10:00 NY snapshot; option-denominated close converted to USD with snapshot ETH-PERPETUAL close,3934.6624,0.017318,1.731842,4585.069175,-0.141853,-14.185321,0.033501,3.350082,-0.076054,-7.605386,true,true,
2025-10-27,10:00,14:00,1761573600000,43,ETH-31OCT25-4050-C,4179,192.234,0.046,Deribit option 1-minute OHLC close at 10:00 NY snapshot; option-denominated close converted to USD with snapshot ETH-PERPETUAL close,3986.766,0.013242,1.32422,4585.069175,-0.130489,-13.048945,0.032642,3.264182,-0.076054,-7.605386,true,true,
2025-10-28,10:00,14:00,1761660000000,43,ETH-31OCT25-4050-C,4159.3,133.0976,0.032,Deribit option 1-minute OHLC close at 10:00 NY snapshot; option-denominated close converted to USD with snapshot ETH-PERPETUAL close,4026.2024,0.009892,0.989183,4585.069175,-0.121888,-12.188841,0.03174,3.174004,-0.076054,-7.605386,true,true,
2025-10-29,10:00,14:00,1761746400000,43,ETH-31OCT25-4050-C,3996,63.936,0.016,Deribit option 1-minute OHLC close at 10:00 NY snapshot; option-denominated close converted to USD with snapshot ETH-PERPETUAL close,3932.064,-0.023381,-2.338144,4585.069175,-0.14242,-14.241992,0.031302,3.130153,-0.076054,-7.605386,true,true,
2025-10-30,10:00,14:00,1761832800000,43,ETH-31OCT25-4050-C,3773.1,2.26386,0.0006,Deribit option 1-minute OHLC close at 10:00 NY snapshot; option-denominated close converted to USD with snapshot ETH-PERPETUAL close,3770.83614,-0.041003,-4.100337,4585.069175,-0.177584,-17.758359,0.031967,3.196678,-0.076054,-7.605386,true,true,
2025-10-31,10:00,14:00,1761919200000,44,,3855.3,,,,,,,4585.069175,,,0.031967,3.196678,-0.076054,-7.605386,true,false,missing_observed_option_instrument; synthetic/theoretical cycle excluded from option valuation
2025-11-01,10:00,14:00,1762005600000,44,,3872.25,,,,,,,4585.069175,,,0.031967,3.196678,-0.076054,-7.605386,true,false,missing_observed_option_instrument; synthetic/theoretical cycle excluded from option valuation
2025-11-02,10:00,15:00,1762095600000,44,,3851.15,,,,,,,4585.069175,,,0.031967,3.196678,-0.076054,-7.605386,true,false,missing_observed_option_instrument; synthetic/theoretical cycle excluded from option valuation
2025-11-03,10:00,15:00,1762182000000,44,,3726.05,,,,,,,4585.069175,,,0.031967,3.196678,-0.076054,-7.605386,true,false,missing_observed_option_instrument; synthetic/theoretical cycle excluded from option valuation
2025-11-04,10:00,15:00,1762268400000,44,,3558,,,,,,,4585.069175,,,0.031967,3.196678,-0.076054,-7.605386,true,false,missing_observed_option_instrument; synthetic/theoretical cycle excluded from option valuation
2025-11-05,10:00,15:00,1762354800000,44,,3343.25,,,,,,,4585.069175,,,0.031967,3.196678,-0.076054,-7.605386,true,false,missing_observed_option_instrument; synthetic/theoretical cycle excluded from option valuation
2025-11-06,10:00,15:00,1762441200000,44,,3326.3,,,,,,,4585.069175,,,0.031967,3.196678,-0.076054,-7.605386,true,false,missing_observed_option_instrument; synthetic/theoretical cycle excluded from option valuation
2025-11-07,10:00,15:00,1762527600000,45,ETH-14NOV25-3450-C,3278.9,44.26515,0.0135,Deribit option 1-minute OHLC close at 10:00 NY snapshot; option-denominated close converted to USD with snapshot ETH-PERPETUAL close,3234.63485,,,4585.069175,-0.294529,-29.452867,0.031967,3.196678,-0.076054,-7.605386,true,true,daily_return_not_computed_across_missing_mtm_gap
2025-11-08,10:00,15:00,1762614000000,45,ETH-14NOV25-3450-C,3400.15,117.305175,0.0345,Deribit option 1-minute OHLC close at 10:00 NY snapshot; option-denominated close converted to USD with snapshot ETH-PERPETUAL close,3282.844825,0.014904,1.49043,4585.069175,-0.284014,-28.401411,0.031207,3.120722,-0.072414,-7.241446,true,true,
2025-11-09,10:00,15:00,1762700400000,45,ETH-14NOV25-3450-C,3509.85,175.4925,0.05,Deribit option 1-minute OHLC close at 10:00 NY snapshot; option-denominated close converted to USD with snapshot ETH-PERPETUAL close,3334.3575,0.015691,1.569147,4585.069175,-0.272779,-27.277924,0.0305,3.049968,-0.072414,-7.241446,true,true,
2025-11-10,10:00,15:00,1762786800000,45,ETH-14NOV25-3450-C,3542.9,207.25965,0.0585,Deribit option 1-minute OHLC close at 10:00 NY snapshot; option-denominated close converted to USD with snapshot ETH-PERPETUAL close,3335.64035,0.000385,0.038474,4585.069175,-0.272499,-27.249945,0.029571,2.957069,-0.072414,-7.241446,true,true,
2025-11-11,10:00,15:00,1762873200000,45,ETH-14NOV25-3450-C,3523.6,142.7058,0.0405,Deribit option 1-minute OHLC close at 10:00 NY snapshot; option-denominated close converted to USD with snapshot ETH-PERPETUAL close,3380.8942,0.013567,1.356677,4585.069175,-0.26263,-26.262962,0.028862,2.88618,-0.072414,-7.241446,true,true,
2025-11-12,10:00,15:00,1762959600000,45,ETH-14NOV25-3450-C,3505.5,129.7035,0.037,Deribit option 1-minute OHLC close at 10:00 NY snapshot; option-denominated close converted to USD with snapshot ETH-PERPETUAL close,3375.7965,-0.001508,-0.15078,4585.069175,-0.263741,-26.374142,0.027985,2.798499,-0.072414,-7.241446,true,true,
2025-11-13,10:00,15:00,1763046000000,45,ETH-14NOV25-3450-C,3437.55,51.56325,0.015,Deribit option 1-minute OHLC close at 10:00 NY snapshot; option-denominated close converted to USD with snapshot ETH-PERPETUAL close,3385.98675,0.003019,0.301862,4585.069175,-0.261519,-26.151894,0.027143,2.714253,-0.072414,-7.241446,true,true,
2025-11-14,10:00,15:00,1763132400000,46,ETH-21NOV25-3300-C,3187.15,76.4916,0.024,Deribit option 1-minute OHLC close at 10:00 NY snapshot; option-denominated close converted to USD with snapshot ETH-PERPETUAL close,3110.6584,-0.081314,-8.131407,4585.069175,-0.321568,-32.156784,0.033004,3.300352,-0.072414,-7.241446,true,true,
2025-11-15,10:00,15:00,1763218800000,46,ETH-21NOV25-3300-C,3175.75,66.69075,0.021,Deribit option 1-minute OHLC close at 10:00 NY snapshot; option-denominated close converted to USD with snapshot ETH-PERPETUAL close,3109.05925,-0.000514,-0.051409,4585.069175,-0.321917,-32.191661,0.031998,3.199835,-0.087783,-8.778256,true,true,
2025-11-16,10:00,15:00,1763305200000,46,ETH-21NOV25-3300-C,3166.55,75.9972,0.024,Deribit option 1-minute OHLC close at 10:00 NY snapshot; option-denominated close converted to USD with snapshot ETH-PERPETUAL close,3090.5528,-0.005952,-0.595243,4585.069175,-0.325953,-32.595285,0.031058,3.10578,-0.087783,-8.778256,true,true,
2025-11-17,10:00,15:00,1763391600000,46,ETH-21NOV25-3300-C,3151.85,56.7333,0.018,Deribit option 1-minute OHLC close at 10:00 NY snapshot; option-denominated close converted to USD with snapshot ETH-PERPETUAL close,3095.1167,0.001477,0.147673,4585.069175,-0.324957,-32.495747,0.030114,3.011382,-0.087783,-8.778256,true,true,
2025-11-18,10:00,15:00,1763478000000,46,ETH-21NOV25-3300-C,3057.45,18.3447,0.006,Deribit option 1-minute OHLC close at 10:00 NY snapshot; option-denominated close converted to USD with snapshot ETH-PERPETUAL close,3039.1053,-0.018097,-1.80967,4585.069175,-0.337174,-33.717351,0.029531,2.953102,-0.087783,-8.778256,true,true,
2025-11-19,10:00,15:00,1763564400000,46,ETH-21NOV25-3300-C,3073.5,5.83965,0.0019,Deribit option 1-minute OHLC close at 10:00 NY snapshot; option-denominated close converted to USD with snapshot ETH-PERPETUAL close,3067.66035,0.009396,0.939587,4585.069175,-0.330946,-33.094568,0.028724,2.872374,-0.065946,-6.594596,true,true,
2025-11-20,10:00,15:00,1763650800000,46,ETH-21NOV25-3300-C,2995.65,0.299565,0.0001,Deribit option 1-minute OHLC close at 10:00 NY snapshot; option-denominated close converted to USD with snapshot ETH-PERPETUAL close,2995.350435,-0.023572,-2.357168,4585.069175,-0.346716,-34.671641,0.028441,2.844095,-0.065946,-6.594596,true,true,
2025-11-21,10:00,15:00,1763737200000,47,ETH-28NOV25-2800-C,2763.45,121.5918,0.044,Deribit option 1-minute OHLC close at 10:00 NY snapshot; option-denominated close converted to USD with snapshot ETH-PERPETUAL close,2641.8582,-0.118014,-11.801365,4585.069175,-0.423813,-42.381279,0.03995,3.994981,-0.065946,-6.594596,true,true,
2025-11-22,10:00,15:00,1763823600000,47,ETH-28NOV25-2800-C,2744.95,83.720975,0.0305,Deribit option 1-minute OHLC close at 10:00 NY snapshot; option-denominated close converted to USD with snapshot ETH-PERPETUAL close,2661.229025,0.007332,0.733227,4585.069175,-0.419588,-41.958803,0.038774,3.87744,-0.087783,-8.778256,true,true,
2025-11-23,10:00,15:00,1763910000000,47,ETH-28NOV25-2800-C,2812.8,111.1056,0.0395,Deribit option 1-minute OHLC close at 10:00 NY snapshot; option-denominated close converted to USD with snapshot ETH-PERPETUAL close,2701.6944,0.015206,1.520552,4585.069175,-0.410763,-41.076256,0.037777,3.777723,-0.087783,-8.778256,true,true,
2025-11-24,10:00,15:00,1763996400000,47,ETH-28NOV25-2800-C,2828.05,106.051875,0.0375,Deribit option 1-minute OHLC close at 10:00 NY snapshot; option-denominated close converted to USD with snapshot ETH-PERPETUAL close,2721.998125,0.007515,0.751518,4585.069175,-0.406334,-40.633434,0.036673,3.667262,-0.087783,-8.778256,true,true,
2025-11-25,10:00,15:00,1764082800000,47,ETH-28NOV25-2800-C,2872.6,112.0314,0.039,Deribit option 1-minute OHLC close at 10:00 NY snapshot; option-denominated close converted to USD with snapshot ETH-PERPETUAL close,2760.5686,0.01417,1.416991,4585.069175,-0.397922,-39.792215,0.035724,3.572443,-0.063174,-6.317425,true,true,
2025-11-26,10:00,15:00,1764169200000,47,ETH-28NOV25-2800-C,2913,174.78,0.06,Deribit option 1-minute OHLC close at 10:00 NY snapshot; option-denominated close converted to USD with snapshot ETH-PERPETUAL close,2738.22,-0.008096,-0.809565,4585.069175,-0.402796,-40.279636,0.034693,3.469284,-0.063174,-6.317425,true,true,
2025-11-27,10:00,15:00,1764255600000,47,ETH-28NOV25-2800-C,2995.3,193.19685,0.0645,Deribit option 1-minute OHLC close at 10:00 NY snapshot; option-denominated close converted to USD with snapshot ETH-PERPETUAL close,2802.10315,0.02333,2.333017,4585.069175,-0.388863,-38.88635,0.034118,3.411797,-0.063174,-6.317425,true,true,
2025-11-28,10:00,15:00,1764342000000,48,,3069.25,,,,,,,4585.069175,,,0.034118,3.411797,-0.063174,-6.317425,true,false,missing_observed_option_instrument; synthetic/theoretical cycle excluded from option valuation
2025-11-29,10:00,15:00,1764428400000,48,,2990.55,,,,,,,4585.069175,,,0.034118,3.411797,-0.063174,-6.317425,true,false,missing_observed_option_instrument; synthetic/theoretical cycle excluded from option valuation
2025-11-30,10:00,15:00,1764514800000,48,,3036,,,,,,,4585.069175,,,0.034118,3.411797,-0.063174,-6.317425,true,false,missing_observed_option_instrument; synthetic/theoretical cycle excluded from option valuation
2025-12-01,10:00,15:00,1764601200000,48,,2818.3,,,,,,,4585.069175,,,0.034118,3.411797,-0.063174,-6.317425,true,false,missing_observed_option_instrument; synthetic/theoretical cycle excluded from option valuation
2025-12-02,10:00,15:00,1764687600000,48,,2897.3,,,,,,,4585.069175,,,0.034118,3.411797,-0.063174,-6.317425,true,false,missing_observed_option_instrument; synthetic/theoretical cycle excluded from option valuation
2025-12-03,10:00,15:00,1764774000000,48,,3086.9,,,,,,,4585.069175,,,0.034118,3.411797,-0.063174,-6.317425,true,false,missing_observed_option_instrument; synthetic/theoretical cycle excluded from option valuation
2025-12-04,10:00,15:00,1764860400000,48,,3148.85,,,,,,,4585.069175,,,0.034118,3.411797,-0.063174,-6.317425,true,false,missing_observed_option_instrument; synthetic/theoretical cycle excluded from option valuation
2025-12-05,10:00,15:00,1764946800000,49,ETH-12DEC25-3250-C,3109.8,57.5313,0.0185,Deribit option 1-minute OHLC close at 10:00 NY snapshot; option-denominated close converted to USD with snapshot ETH-PERPETUAL close,3052.2687,,,4585.069175,-0.334303,-33.430258,0.034118,3.411797,-0.063174,-6.317425,true,true,daily_return_not_computed_across_missing_mtm_gap
2025-12-06,10:00,15:00,1765033200000,49,ETH-12DEC25-3250-C,3055.1,36.6612,0.012,Deribit option 1-minute OHLC close at 10:00 NY snapshot; option-denominated close converted to USD with snapshot ETH-PERPETUAL close,3018.4388,-0.011084,-1.108353,4585.069175,-0.341681,-34.168086,0.03319,3.318982,-0.063174,-6.317425,true,true,
2025-12-07,10:00,15:00,1765119600000,49,ETH-12DEC25-3250-C,2942.55,19.126575,0.0065,Deribit option 1-minute OHLC close at 10:00 NY snapshot; option-denominated close converted to USD with snapshot ETH-PERPETUAL close,2923.423425,-0.031478,-3.147832,4585.069175,-0.362404,-36.240364,0.03309,3.308963,-0.063174,-6.317425,true,true,
2025-12-08,10:00,15:00,1765206000000,49,ETH-12DEC25-3250-C,3131.35,50.1016,0.016,Deribit option 1-minute OHLC close at 10:00 NY snapshot; option-denominated close converted to USD with snapshot ETH-PERPETUAL close,3081.2484,0.053986,5.398636,4585.069175,-0.327982,-32.798213,0.0347,3.470014,-0.063174,-6.317425,true,true,
2025-12-09,10:00,15:00,1765292400000,49,ETH-12DEC25-3250-C,3121.6,34.3376,0.011,Deribit option 1-minute OHLC close at 10:00 NY snapshot; option-denominated close converted to USD with snapshot ETH-PERPETUAL close,3087.2624,0.001952,0.195181,4585.069175,-0.32667,-32.667049,0.033646,3.364643,-0.063174,-6.317425,true,true,
2025-12-10,10:00,15:00,1765378800000,49,ETH-12DEC25-3250-C,3319.4,134.4357,0.0405,Deribit option 1-minute OHLC close at 10:00 NY snapshot; option-denominated close converted to USD with snapshot ETH-PERPETUAL close,3184.9643,0.031647,3.164678,4585.069175,-0.305362,-30.536178,0.03353,3.352981,-0.063174,-6.317425,true,true,
2025-12-11,10:00,15:00,1765465200000,49,ETH-12DEC25-3250-C,3156.65,10.10128,0.0032,Deribit option 1-minute OHLC close at 10:00 NY snapshot; option-denominated close converted to USD with snapshot ETH-PERPETUAL close,3146.54872,-0.012062,-1.206154,4585.069175,-0.31374,-31.374019,0.032642,3.264234,-0.063174,-6.317425,true,true,
2025-12-12,10:00,15:00,1765551600000,50,ETH-19DEC25-3350-C,3223.95,64.479,0.02,Deribit option 1-minute OHLC close at 10:00 NY snapshot; option-denominated close converted to USD with snapshot ETH-PERPETUAL close,3159.471,0.004107,0.410681,4585.069175,-0.310922,-31.092185,0.031664,3.166391,-0.063174,-6.317425,true,true,
2025-12-13,10:00,15:00,1765638000000,50,ETH-19DEC25-3350-C,3113.5,26.46475,0.0085,Deribit option 1-minute OHLC close at 10:00 NY snapshot; option-denominated close converted to USD with snapshot ETH-PERPETUAL close,3087.03525,-0.022927,-2.292654,4585.069175,-0.32672,-32.672003,0.031209,3.120872,-0.063174,-6.317425,true,true,
2025-12-14,10:00,15:00,1765724400000,50,ETH-19DEC25-3350-C,3084.7,20.05055,0.0065,Deribit option 1-minute OHLC close at 10:00 NY snapshot; option-denominated close converted to USD with snapshot ETH-PERPETUAL close,3064.64945,-0.007252,-0.725155,4585.069175,-0.331602,-33.160235,0.03031,3.031007,-0.063174,-6.317425,true,true,
2025-12-15,10:00,15:00,1765810800000,50,ETH-19DEC25-3350-C,3033.35,19.716775,0.0065,Deribit option 1-minute OHLC close at 10:00 NY snapshot; option-denominated close converted to USD with snapshot ETH-PERPETUAL close,3013.633225,-0.016647,-1.664668,4585.069175,-0.342729,-34.272895,0.029668,2.966825,-0.063174,-6.317425,true,true,
2025-12-16,10:00,15:00,1765897200000,50,ETH-19DEC25-3350-C,2942,2.0594,0.0007,Deribit option 1-minute OHLC close at 10:00 NY snapshot; option-denominated close converted to USD with snapshot ETH-PERPETUAL close,2939.9406,-0.024453,-2.445308,4585.069175,-0.358801,-35.880126,0.029381,2.938146,-0.058888,-5.888798,true,true,
2025-12-17,10:00,15:00,1765983600000,50,ETH-19DEC25-3350-C,2988.2,1.4941,0.0005,Deribit option 1-minute OHLC close at 10:00 NY snapshot; option-denominated close converted to USD with snapshot ETH-PERPETUAL close,2986.7059,0.015907,1.590689,4585.069175,-0.348602,-34.860178,0.028752,2.875162,-0.058888,-5.888798,true,true,
2025-12-18,10:00,15:00,1766070000000,50,ETH-19DEC25-3350-C,2950.6,0.29506,0.0001,Deribit option 1-minute OHLC close at 10:00 NY snapshot; option-denominated close converted to USD with snapshot ETH-PERPETUAL close,2950.30494,-0.012188,-1.218766,4585.069175,-0.356541,-35.65408,0.028035,2.803513,-0.058888,-5.888798,true,true,
2025-12-19,10:00,15:00,1766156400000,51,ETH-26DEC25-3000-C,2973.5,90.69175,0.0305,Deribit option 1-minute OHLC close at 10:00 NY snapshot; option-denominated close converted to USD with snapshot ETH-PERPETUAL close,2882.80825,-0.022878,-2.287787,4585.069175,-0.371262,-37.126178,0.027753,2.775273,-0.058888,-5.888798,true,true,
2025-12-20,10:00,15:00,1766242800000,51,ETH-26DEC25-3000-C,2979.05,80.43435,0.027,Deribit option 1-minute OHLC close at 10:00 NY snapshot; option-denominated close converted to USD with snapshot ETH-PERPETUAL close,2898.61565,0.005483,0.548333,4585.069175,-0.367814,-36.781419,0.026941,2.694078,-0.058888,-5.888798,true,true,
2025-12-21,10:00,15:00,1766329200000,51,ETH-26DEC25-3000-C,2969,71.256,0.024,Deribit option 1-minute OHLC close at 10:00 NY snapshot; option-denominated close converted to USD with snapshot ETH-PERPETUAL close,2897.744,-0.000301,-0.030071,4585.069175,-0.368004,-36.80043,0.02612,2.612015,-0.058888,-5.888798,true,true,
2025-12-22,10:00,15:00,1766415600000,51,ETH-26DEC25-3000-C,3058.75,111.644375,0.0365,Deribit option 1-minute OHLC close at 10:00 NY snapshot; option-denominated close converted to USD with snapshot ETH-PERPETUAL close,2947.105625,0.017035,1.70345,4585.069175,-0.357239,-35.723857,0.025666,2.566588,-0.058888,-5.888798,true,true,
2025-12-23,10:00,15:00,1766502000000,51,ETH-26DEC25-3000-C,2915.75,23.326,0.008,Deribit option 1-minute OHLC close at 10:00 NY snapshot; option-denominated close converted to USD with snapshot ETH-PERPETUAL close,2892.424,-0.018554,-1.855435,4585.069175,-0.369165,-36.916459,0.025296,2.529563,-0.028317,-2.831696,true,true,
2025-12-24,10:00,15:00,1766588400000,51,ETH-26DEC25-3000-C,2919.3,10.21755,0.0035,Deribit option 1-minute OHLC close at 10:00 NY snapshot; option-denominated close converted to USD with snapshot ETH-PERPETUAL close,2909.08245,0.005759,0.575934,4585.069175,-0.365531,-36.553139,0.024566,2.456556,-0.028317,-2.831696,true,true,
2025-12-25,10:00,15:00,1766674800000,51,ETH-26DEC25-3000-C,2934,2.934,0.001,Deribit option 1-minute OHLC close at 10:00 NY snapshot; option-denominated close converted to USD with snapshot ETH-PERPETUAL close,2931.066,0.007557,0.755687,4585.069175,-0.360737,-36.07368,0.023889,2.388902,-0.028317,-2.831696,true,true,
