date,year,regime,damage_state,alert_state,drawdown_state,duration_state,var_state,ewma_state,tail_state,rolling_drawdown_pct,historical_var_loss_pct,ewma_vol_pct,daily_return_pct,underwater_duration_days,recent_tail_loss_days,alert_reason
2020-01-03,2020,Bull market,normal,normal,normal,normal,normal,normal,normal,0,,,,0,0,
2020-01-04,2020,Bull market,normal,normal,normal,normal,normal,normal,normal,0,,0.714534,0.714534,0,0,
2020-01-05,2020,Bull market,normal,normal,normal,normal,normal,normal,normal,0,,0.796906,1.60797,0,0,
2020-01-06,2020,Bull market,normal,normal,normal,normal,normal,normal,normal,0,,0.841516,1.36133,0,0,
2020-01-07,2020,Bull market,normal,normal,normal,normal,normal,normal,normal,0,,1.14642,3.287906,0,0,
2020-01-08,2020,Bull market,normal,normal,normal,normal,normal,normal,normal,0,,1.293744,2.702931,0,0,
2020-01-09,2020,Bull market,normal,normal,normal,normal,normal,normal,normal,-1.461171,,1.304395,-1.461171,1,0,
2020-01-10,2020,Bull market,normal,normal,normal,normal,normal,normal,normal,-2.475552,,1.289551,-1.029423,2,0,
2020-01-11,2020,Bull market,normal,normal,normal,normal,normal,normal,normal,-2.054175,,1.254738,0.432073,3,0,
2020-01-12,2020,Bull market,normal,normal,normal,normal,normal,normal,normal,-1.257696,,1.232713,0.813183,4,0,
2020-01-13,2020,Bull market,normal,normal,normal,normal,normal,normal,normal,-1.24671,,1.195163,0.011126,5,0,
2020-01-14,2020,Bull market,normal,normal,normal,normal,normal,normal,normal,0,,1.232299,1.71198,0,0,
2020-01-15,2020,Bull market,normal,normal,normal,normal,normal,normal,normal,0,,1.200903,0.49531,0,0,
2020-01-16,2020,Bull market,normal,normal,normal,normal,normal,normal,normal,-0.408659,,1.168614,-0.408659,1,0,
2020-01-17,2020,Bull market,normal,normal,normal,normal,normal,normal,normal,0,,2.030439,6.878665,0,0,
2020-01-18,2020,Bull market,normal,normal,normal,normal,normal,normal,normal,0,,2.005843,1.571027,0,0,
2020-01-19,2020,Bull market,normal,normal,normal,normal,normal,normal,watch,-2.015023,,2.006395,-2.015023,1,1,
2020-01-20,2020,Bull market,normal,normal,normal,normal,normal,normal,normal,-1.100432,,1.958662,0.933399,2,1,
2020-01-21,2020,Bull market,normal,normal,normal,normal,normal,normal,normal,-1.098067,,1.898994,0.002391,3,1,
2020-01-22,2020,Bull market,normal,normal,normal,normal,normal,normal,normal,-0.937253,,1.841574,0.162599,4,1,
2020-01-23,2020,Bull market,normal,normal,normal,normal,normal,normal,stress,-4.105044,,1.949731,-3.197762,5,2,
2020-01-24,2020,Bull market,normal,normal,normal,normal,normal,normal,stress,-3.417778,,1.898468,0.716686,6,2,
2020-01-25,2020,Bull market,normal,normal,normal,normal,normal,normal,stress,-4.830554,,1.875183,-1.46277,7,2,
2020-01-26,2020,Bull market,normal,normal,normal,normal,normal,normal,normal,-3.214405,,1.865037,1.698181,8,1,
2020-01-27,2020,Bull market,normal,normal,normal,normal,normal,normal,normal,-0.245724,,1.958099,3.067276,9,1,
2020-01-28,2020,Bull market,normal,normal,normal,normal,normal,normal,normal,0,,1.957633,1.950324,0,1,
2020-01-29,2020,Bull market,normal,normal,normal,normal,normal,normal,normal,0,,1.92938,1.414915,0,1,
2020-01-30,2020,Bull market,normal,normal,normal,normal,normal,normal,normal,-0.292166,,1.871972,-0.292166,1,0,
2020-01-31,2020,Bull market,normal,normal,normal,normal,normal,normal,normal,,,1.871972,,,0,
2020-02-01,2020,Bull market,normal,normal,normal,normal,normal,normal,normal,,,1.871972,,,0,
2020-02-02,2020,Bull market,normal,normal,normal,normal,normal,normal,normal,,,1.871972,,,0,
2020-02-03,2020,Bull market,normal,normal,normal,normal,normal,normal,normal,,,1.871972,,,0,
2020-02-04,2020,Bull market,normal,normal,normal,normal,normal,normal,normal,,,1.871972,,,0,
2020-02-05,2020,Bull market,normal,normal,normal,normal,normal,normal,normal,,,1.871972,,,0,
2020-02-06,2020,Bull market,normal,normal,normal,normal,normal,normal,normal,,,1.871972,,,0,
2020-02-07,2020,Bull market,normal,normal,normal,normal,normal,normal,normal,0,,1.871972,,0,0,
2020-02-08,2020,Bull market,normal,normal,normal,normal,normal,normal,normal,0,,1.817969,0.427934,0,0,
2020-02-09,2020,Bull market,normal,normal,normal,normal,normal,normal,normal,0,,1.810732,1.69333,0,0,
2020-02-10,2020,Bull market,normal,normal,normal,normal,normal,normal,normal,-0.674914,,1.763337,-0.674914,1,0,
2020-02-11,2020,Bull market,normal,normal,normal,normal,normal,normal,normal,-0.548922,1.766509,1.709901,0.126848,2,0,
2020-02-12,2020,Bull market,normal,normal,normal,normal,normal,normal,normal,0,1.766509,1.727112,1.977289,0,0,
2020-02-13,2020,Bull market,normal,normal,normal,normal,normal,normal,normal,0,1.766509,1.674676,0.099896,0,0,
2020-02-14,2020,Bull market,normal,normal,normal,normal,normal,normal,normal,0,1.766509,1.685163,1.841673,0,0,
2020-02-15,2020,Bull market,normal,normal,normal,normal,normal,normal,normal,0,1.766509,1.635014,0.254425,0,0,
2020-02-16,2020,Bull market,normal,normal,normal,normal,normal,normal,watch,-2.702761,1.766509,1.717897,-2.702761,1,1,
2020-02-17,2020,Bull market,normal,normal,normal,normal,normal,normal,stress,-5.434064,2.393279,1.801919,-2.807174,2,2,
2020-02-18,2020,Bull market,normal,normal,normal,normal,normal,normal,stress,-4.331648,2.760188,1.770208,1.165764,3,2,
2020-02-19,2020,Bull market,normal,normal,normal,normal,normal,normal,stress,-0.355604,2.760188,1.995494,4.15607,4,2,
2020-02-20,2020,Bull market,normal,normal,normal,normal,normal,normal,stress,-5.61763,2.760188,2.327292,-5.280805,5,3,
2020-02-21,2020,Bull market,normal,normal,normal,normal,normal,normal,stress,-6.13949,3.021998,2.260455,-0.552921,6,3,
2020-02-22,2020,Bull market,normal,normal,normal,normal,normal,normal,stress,-5.99118,3.021998,2.191934,0.158012,7,3,
2020-02-23,2020,Bull market,normal,normal,normal,normal,normal,normal,stress,-4.084508,3.021998,2.182455,2.028184,8,2,
2020-02-24,2020,Bull market,normal,normal,normal,normal,normal,normal,normal,-5.490693,3.021998,2.146226,-1.466067,9,1,
2020-02-25,2020,Bull market,normal,normal,normal,normal,normal,normal,stress,-7.956305,3.021998,2.176758,-2.608856,10,2,
2020-02-26,2020,Bull market,normal,normal,normal,normal,normal,normal,stress,-11.257797,3.021998,2.286027,-3.586874,11,3,
2020-02-27,2020,Bull market,normal,normal,normal,normal,normal,normal,stress,-12.889792,3.411774,2.2617,-1.83903,12,2,
2020-02-28,2020,Bull market,normal,normal,normal,normal,normal,normal,stress,,3.411774,2.2617,,,2,
2020-02-29,2020,Bull market,normal,normal,normal,normal,normal,normal,stress,,3.411774,2.2617,,,2,
2020-03-01,2020,Bull market,normal,normal,normal,normal,normal,normal,stress,,3.411774,2.2617,,,2,
2020-03-02,2020,Bull market,normal,normal,normal,normal,normal,normal,stress,,3.411774,2.2617,,,2,
2020-03-03,2020,Bull market,normal,normal,normal,normal,normal,normal,stress,,3.411774,2.2617,,,2,
2020-03-04,2020,Bull market,normal,normal,normal,normal,normal,normal,stress,,3.411774,2.2617,,,2,
2020-03-05,2020,Bull market,normal,normal,normal,normal,normal,normal,stress,,3.411774,2.2617,,,2,
2020-03-06,2020,Bull market,normal,normal,normal,normal,normal,normal,stress,-10.926247,3.411774,2.2617,,13,2,
2020-03-07,2020,Bull market,watch,watch,normal,watch,normal,normal,stress,-10.444396,3.411774,2.196799,0.540958,14,2,damage_watch_context
2020-03-08,2020,Bull market,watch,watch,normal,watch,normal,normal,stress,-14.870798,3.411774,2.449928,-4.94263,15,3,damage_watch_context
2020-03-09,2020,Bull market,watch,watch,watch,watch,normal,normal,stress,-22.927546,4.33254,3.319069,-9.464141,16,4,damage_watch_context
2020-03-10,2020,Bull market,watch,watch,watch,watch,normal,normal,stress,-20.617192,5.128626,3.300666,2.99764,17,4,damage_watch_context
2020-03-11,2020,Bull market,watch,watch,watch,watch,normal,normal,stress,-22.824318,5.128626,3.271782,-2.780358,18,4,damage_watch_context
2020-03-12,2020,Bull market,stress,stress,stress,watch,normal,stress,crisis,-41.600856,5.128626,6.751152,-24.329604,19,4,drawdown_stress
2020-03-13,2020,Bull market,stress,stress,stress,watch,watch,stress,crisis,-47.580424,7.58164,7.009549,-10.239136,20,5,drawdown_stress
2020-03-14,2020,Bull market,stress,stress,stress,stress,watch,stress,stress,-48.891997,9.890389,6.823589,-2.502068,21,6,drawdown_stress
2020-03-15,2020,Bull market,stress,stress,stress,stress,watch,stress,stress,-49.095811,9.890389,6.616436,-0.39879,22,5,drawdown_stress
2020-03-16,2020,Bull market,stress,stress,stress,stress,watch,stress,stress,-54.036507,9.890389,6.841259,-9.705874,23,5,drawdown_stress
2020-03-17,2020,Bull market,stress,stress,stress,stress,watch,stress,stress,-50.644907,9.999168,6.874704,7.378901,24,5,drawdown_stress
2020-03-18,2020,Bull market,stress,stress,stress,stress,watch,stress,stress,-48.038816,9.999168,6.789606,5.280287,25,4,drawdown_stress
2020-03-19,2020,Bull market,stress,stress,stress,stress,watch,stress,stress,-43.539264,9.999168,6.916067,8.659449,26,3,drawdown_stress
2020-03-20,2020,Bull market,stress,stress,watch,stress,watch,stress,stress,-39.221731,9.999168,6.962085,7.646965,27,2,drawdown_watch_plus_var_watch_plus_tail
2020-03-21,2020,Bull market,stress,stress,stress,stress,watch,stress,stress,-40.799017,9.999168,6.779858,-2.595148,28,2,drawdown_stress
2020-03-22,2020,Bull market,stress,stress,stress,stress,watch,stress,stress,-41.649107,9.999168,6.58272,-1.435939,29,2,drawdown_stress
2020-03-23,2020,Bull market,stress,stress,watch,stress,watch,stress,normal,-39.915538,9.999168,6.42354,2.970938,30,1,drawdown_watch_plus_duration_plus_risk_signal
2020-03-24,2020,Bull market,stress,stress,watch,stress,watch,stress,normal,-36.315739,9.999168,6.398425,5.991231,31,1,drawdown_watch_plus_duration_plus_risk_signal
2020-03-25,2020,Bull market,stress,stress,watch,stress,watch,stress,normal,-36.985635,9.999168,6.208852,-1.051901,32,1,drawdown_watch_plus_duration_plus_risk_signal
2020-03-26,2020,Bull market,stress,stress,watch,stress,watch,stress,normal,-35.216287,9.999168,6.058869,2.807849,33,1,drawdown_watch_plus_duration_plus_risk_signal
2020-03-27,2020,Bull market,stress,watch,normal,stress,watch,stress,normal,,9.999168,6.058869,,,1,damage_watch_context
2020-03-28,2020,Bull market,stress,watch,normal,stress,watch,stress,normal,,9.999168,6.058869,,,1,damage_watch_context
2020-03-29,2020,Bull market,stress,watch,normal,stress,watch,stress,normal,,9.999168,6.058869,,,1,damage_watch_context
2020-03-30,2020,Bull market,stress,watch,normal,stress,watch,stress,normal,,9.999168,6.058869,,,1,damage_watch_context
2020-03-31,2020,Bull market,stress,watch,normal,stress,watch,stress,normal,,9.999168,6.058869,,,1,damage_watch_context
2020-04-01,2020,Bull market,stress,watch,normal,stress,watch,stress,normal,,9.999168,6.058869,,,1,damage_watch_context
2020-04-02,2020,Bull market,stress,watch,normal,stress,watch,stress,normal,,9.999168,6.058869,,,1,damage_watch_context
2020-04-03,2020,Bull market,stress,stress,watch,stress,watch,stress,normal,-35.296934,9.999168,6.058869,,34,1,drawdown_watch_plus_duration_plus_risk_signal
2020-04-04,2020,Bull market,stress,stress,watch,stress,watch,watch,normal,-35.309893,9.999168,5.874293,-0.020029,35,1,drawdown_watch_plus_duration_plus_risk_signal
2020-04-05,2020,Bull market,stress,stress,watch,stress,watch,watch,normal,-34.561416,9.999168,5.702386,1.157019,36,0,drawdown_watch_plus_duration_plus_risk_signal
2020-04-06,2020,Bull market,stress,stress,watch,stress,watch,watch,normal,-32.779723,9.999168,5.568748,2.722694,37,0,drawdown_watch_plus_duration_plus_risk_signal
2020-04-07,2020,Bull market,stress,stress,watch,stress,watch,watch,normal,-31.449233,9.999168,5.420826,1.9793,38,0,drawdown_watch_plus_duration_plus_risk_signal
2020-04-08,2020,Bull market,stress,stress,watch,stress,watch,watch,normal,-31.830757,9.999168,5.257454,-0.556558,39,0,drawdown_watch_plus_duration_plus_risk_signal
2020-04-09,2020,Bull market,stress,stress,watch,stress,watch,watch,normal,-31.259684,9.999168,5.101419,0.837729,40,0,drawdown_watch_plus_duration_plus_risk_signal
2020-04-10,2020,Bull market,stress,stress,watch,stress,watch,watch,watch,-34.069689,9.999168,5.04635,-4.087856,41,1,drawdown_watch_plus_duration_plus_risk_signal
2020-04-11,2020,Bull market,stress,stress,watch,stress,watch,watch,normal,-34.157207,9.999168,4.892725,-0.132743,42,1,drawdown_watch_plus_duration_plus_risk_signal
2020-04-12,2020,Bull market,stress,stress,watch,stress,watch,watch,normal,-33.509868,9.999168,4.749782,0.983158,43,1,drawdown_watch_plus_duration_plus_risk_signal
2020-04-13,2020,Bull market,stress,stress,watch,stress,watch,watch,stress,-35.332356,9.999168,4.653771,-2.740991,44,2,drawdown_watch_plus_var_watch_plus_tail
2020-04-14,2020,Bull market,stress,stress,watch,stress,watch,watch,stress,-33.1628,9.999168,4.586226,3.354934,45,2,drawdown_watch_plus_var_watch_plus_tail
2020-04-15,2020,Bull market,stress,stress,watch,stress,watch,watch,stress,-34.182195,9.999168,4.462178,-1.525192,46,2,drawdown_watch_plus_var_watch_plus_tail
2020-04-16,2020,Bull market,stress,stress,watch,stress,watch,watch,stress,-32.021732,9.999168,4.400324,3.282491,47,2,drawdown_watch_plus_var_watch_plus_tail
2020-04-17,2020,Bull market,stress,stress,watch,stress,watch,watch,normal,-33.056318,9.999168,4.28253,-1.521936,48,1,drawdown_watch_plus_duration_plus_risk_signal
2020-04-18,2020,Bull market,stress,stress,watch,stress,watch,normal,normal,-32.268471,9.999168,4.162062,1.176879,49,1,drawdown_watch_plus_duration_plus_risk_signal
2020-04-19,2020,Bull market,stress,stress,watch,stress,watch,normal,normal,-33.065827,9.999168,4.045559,-1.17723,50,1,drawdown_watch_plus_duration_plus_risk_signal
2020-04-20,2020,Bull market,stress,stress,watch,stress,watch,normal,normal,-32.874699,7.177766,3.922938,0.285545,51,0,drawdown_watch_plus_duration_plus_risk_signal
2020-04-21,2020,Bull market,stress,watch,watch,stress,normal,normal,normal,-33.469335,3.481767,3.809615,-0.88586,52,0,damage_watch_context
2020-04-22,2020,Bull market,stress,watch,watch,stress,normal,normal,normal,-31.875008,3.481767,3.739911,2.39638,53,0,damage_watch_context
2020-04-23,2020,Bull market,stress,watch,watch,stress,normal,normal,normal,-31.335811,3.481767,3.631157,0.791482,54,0,damage_watch_context
2020-04-24,2020,Bull market,stress,watch,normal,stress,normal,normal,normal,,3.481767,3.631157,,,0,damage_watch_context
2020-04-25,2020,Bull market,stress,watch,normal,stress,normal,normal,normal,,3.481767,3.631157,,,0,damage_watch_context
2020-04-26,2020,Bull market,stress,watch,normal,stress,normal,normal,normal,,3.481767,3.631157,,,0,damage_watch_context
2020-04-27,2020,Bull market,stress,watch,normal,stress,normal,normal,normal,,3.481767,3.631157,,,0,damage_watch_context
2020-04-28,2020,Bull market,stress,watch,normal,stress,normal,normal,normal,,3.481767,3.631157,,,0,damage_watch_context
2020-04-29,2020,Bull market,stress,watch,normal,stress,normal,normal,normal,,3.481767,3.631157,,,0,damage_watch_context
2020-04-30,2020,Bull market,stress,watch,normal,stress,normal,normal,normal,,3.481767,3.631157,,,0,damage_watch_context
2020-05-01,2020,Bull market,stress,watch,normal,stress,normal,normal,normal,,3.481767,3.631157,,,0,damage_watch_context
2020-05-02,2020,Bull market,stress,watch,normal,stress,normal,normal,normal,,3.481767,3.631157,,,0,damage_watch_context
2020-05-03,2020,Bull market,stress,watch,normal,stress,normal,normal,normal,,3.481767,3.631157,,,0,damage_watch_context
2020-05-04,2020,Bull market,stress,watch,normal,stress,normal,normal,normal,,3.481767,3.631157,,,0,damage_watch_context
2020-05-05,2020,Bull market,stress,watch,normal,stress,normal,normal,normal,,3.481767,3.631157,,,0,damage_watch_context
2020-05-06,2020,Bull market,stress,watch,normal,stress,normal,normal,normal,,3.481767,3.631157,,,0,damage_watch_context
2020-05-07,2020,Bull market,stress,watch,normal,stress,normal,normal,normal,,3.481767,3.631157,,,0,damage_watch_context
2020-05-08,2020,Bull market,stress,watch,normal,stress,normal,normal,normal,-6.258963,3.481767,3.631157,,55,0,damage_watch_context
2020-05-09,2020,Bull market,stress,watch,normal,stress,normal,normal,normal,-6.371625,2.675362,3.520661,-0.120184,56,0,damage_watch_context
2020-05-10,2020,Bull market,stress,watch,normal,stress,normal,normal,stress,-14.391612,2.675362,4.006706,-8.565766,57,1,damage_watch_context
2020-05-11,2020,Bull market,stress,watch,normal,stress,normal,normal,normal,-13.454964,3.481767,3.893879,1.094109,58,1,damage_watch_context
2020-05-12,2020,Bull market,stress,watch,normal,stress,normal,normal,normal,-13.934538,3.481767,3.777695,-0.554133,59,1,damage_watch_context
2020-05-13,2020,Bull market,stress,watch,normal,stress,normal,normal,normal,-10.782897,3.481767,3.770848,3.661912,60,1,damage_watch_context
2020-05-14,2020,Bull market,stress,watch,normal,stress,normal,normal,normal,-5.835691,3.481767,3.900134,5.545131,61,1,damage_watch_context
2020-05-15,2020,Bull market,stress,watch,normal,stress,normal,normal,stress,-8.422131,3.481767,3.84071,-2.746731,62,2,damage_watch_context
2020-05-16,2020,Bull market,stress,watch,normal,stress,normal,normal,stress,-8.568125,3.48435,3.723912,-0.159421,63,2,damage_watch_context
2020-05-17,2020,Bull market,stress,watch,normal,stress,normal,normal,normal,-5.947045,3.48435,3.678117,2.866704,64,1,damage_watch_context
2020-05-18,2020,Bull market,stress,watch,normal,stress,normal,normal,normal,-6.951539,3.48435,3.57565,-1.068009,65,1,damage_watch_context
2020-05-19,2020,Bull market,stress,watch,normal,stress,normal,normal,normal,-6.413753,3.48435,3.469611,0.577963,66,1,damage_watch_context
2020-05-20,2020,Bull market,stress,watch,normal,stress,normal,normal,normal,-4.743259,3.48435,3.392208,1.784978,67,1,damage_watch_context
2020-05-21,2020,Bull market,stress,watch,normal,stress,normal,normal,stress,-8.642345,3.48435,3.438303,-4.093238,68,2,damage_watch_context
2020-05-22,2020,Bull market,stress,watch,normal,stress,normal,normal,stress,-11.129365,4.090816,3.399597,-2.72229,69,2,damage_watch_context
2020-05-23,2020,Bull market,stress,watch,normal,stress,normal,normal,stress,-10.632501,4.090816,3.298876,0.559087,70,2,damage_watch_context
2020-05-24,2020,Bull market,stress,watch,normal,stress,normal,normal,stress,-11.872917,4.090816,3.216398,-1.387994,71,2,damage_watch_context
2020-05-25,2020,Bull market,stress,watch,normal,stress,normal,normal,stress,-13.504118,4.090816,3.151201,-1.850965,72,2,damage_watch_context
2020-05-26,2020,Bull market,stress,watch,normal,stress,normal,normal,stress,-13.667514,3.48731,3.055553,-0.188907,73,2,damage_watch_context
2020-05-27,2020,Bull market,stress,watch,normal,stress,normal,normal,stress,-10.316845,3.48731,3.111271,3.881123,74,2,damage_watch_context
2020-05-28,2020,Bull market,stress,watch,normal,stress,normal,normal,normal,-7.455163,3.48731,3.116105,3.19088,75,1,damage_watch_context
2020-05-29,2020,Bull market,stress,watch,normal,stress,normal,normal,normal,,3.48731,3.116105,,,1,damage_watch_context
2020-05-30,2020,Bull market,stress,watch,normal,stress,normal,normal,normal,,3.48731,3.116105,,,1,damage_watch_context
2020-05-31,2020,Bull market,stress,watch,normal,stress,normal,normal,normal,,3.48731,3.116105,,,1,damage_watch_context
2020-06-01,2020,Bull market,stress,watch,normal,stress,normal,normal,normal,,3.48731,3.116105,,,1,damage_watch_context
2020-06-02,2020,Bull market,stress,watch,normal,stress,normal,normal,normal,,3.48731,3.116105,,,1,damage_watch_context
2020-06-03,2020,Bull market,stress,watch,normal,stress,normal,normal,normal,,3.48731,3.116105,,,1,damage_watch_context
2020-06-04,2020,Bull market,stress,watch,normal,stress,normal,normal,normal,,3.48731,3.116105,,,1,damage_watch_context
2020-06-05,2020,Bull market,stress,watch,normal,stress,normal,normal,normal,-6.367255,3.48731,3.116105,,76,1,damage_watch_context
2020-06-06,2020,Bull market,stress,watch,normal,stress,normal,normal,normal,-6.551775,3.48731,3.021562,-0.197068,77,0,damage_watch_context
2020-06-07,2020,Bull market,stress,watch,normal,stress,normal,normal,normal,-8.021109,3.48731,2.954722,-1.572351,78,0,damage_watch_context
2020-06-08,2020,Bull market,stress,watch,normal,stress,normal,normal,normal,-5.956192,3.48731,2.917012,2.24499,79,0,damage_watch_context
2020-06-09,2020,Bull market,stress,watch,normal,stress,normal,normal,normal,-5.482588,3.48731,2.830837,0.503599,80,0,damage_watch_context
2020-06-10,2020,Bull market,stress,watch,normal,stress,normal,normal,normal,-4.882048,3.48731,2.749007,0.635375,81,0,damage_watch_context
2020-06-11,2020,Bull market,stress,watch,normal,stress,normal,normal,normal,-5.685758,3.48731,2.673286,-0.844961,82,0,damage_watch_context
2020-06-12,2020,Bull market,stress,watch,normal,stress,normal,normal,normal,-7.115489,3.48731,2.618311,-1.515922,83,0,damage_watch_context
2020-06-13,2020,Bull market,stress,watch,normal,stress,normal,normal,normal,-7.857174,3.48731,2.54607,-0.798502,84,0,damage_watch_context
2020-06-14,2020,Bull market,stress,watch,normal,stress,normal,normal,normal,-8.091708,3.48731,2.469294,-0.254534,85,0,damage_watch_context
2020-06-15,2020,Bull market,stress,watch,normal,stress,normal,normal,normal,-9.751614,3.48731,2.4346,-1.806046,86,0,damage_watch_context
2020-06-16,2020,Bull market,stress,watch,normal,stress,normal,normal,normal,-6.672903,3.48731,2.503974,3.411375,87,0,damage_watch_context
2020-06-17,2020,Bull market,stress,watch,normal,stress,normal,normal,normal,-7.530946,3.48731,2.438116,-0.919393,88,0,damage_watch_context
2020-06-18,2020,Bull market,stress,watch,normal,stress,normal,normal,normal,-7.690996,2.735733,2.364222,-0.173085,89,0,damage_watch_context
2020-06-19,2020,Bull market,stress,watch,normal,stress,normal,normal,normal,-8.27959,2.735733,2.297513,-0.637635,90,0,damage_watch_context
2020-06-20,2020,Bull market,stress,watch,normal,stress,normal,normal,normal,-9.143706,2.735733,2.239444,-0.94212,91,0,damage_watch_context
2020-06-21,2020,Bull market,stress,watch,normal,stress,normal,normal,normal,-8.409059,2.735733,2.180236,0.808582,92,0,damage_watch_context
2020-06-22,2020,Bull market,stress,watch,normal,stress,normal,normal,normal,-7.245732,2.735733,2.13659,1.270133,93,0,damage_watch_context
2020-06-23,2020,Bull market,stress,watch,normal,stress,normal,normal,normal,-5.652991,2.330194,2.113773,1.717162,94,0,damage_watch_context
2020-06-24,2020,Bull market,stress,watch,normal,stress,normal,normal,watch,-8.375591,2.330194,2.167856,-2.885731,95,1,damage_watch_context
2020-06-25,2020,Bull market,stress,watch,normal,stress,normal,normal,normal,-9.571729,2.812182,2.126001,-1.305479,96,1,damage_watch_context
2020-06-26,2020,Bull market,stress,watch,normal,stress,normal,normal,normal,,2.812182,2.126001,,,1,damage_watch_context
2020-06-27,2020,Bull market,stress,watch,normal,stress,normal,normal,normal,,2.812182,2.126001,,,1,damage_watch_context
2020-06-28,2020,Bull market,stress,watch,normal,stress,normal,normal,normal,,2.812182,2.126001,,,1,damage_watch_context
2020-06-29,2020,Bull market,stress,watch,normal,stress,normal,normal,normal,,2.812182,2.126001,,,1,damage_watch_context
2020-06-30,2020,Bull market,stress,watch,normal,stress,normal,normal,normal,,2.812182,2.126001,,,1,damage_watch_context
2020-07-01,2020,Bull market,stress,watch,normal,stress,normal,normal,normal,,2.812182,2.126001,,,1,damage_watch_context
2020-07-02,2020,Bull market,stress,watch,normal,stress,normal,normal,normal,,2.812182,2.126001,,,1,damage_watch_context
2020-07-03,2020,Bull market,stress,watch,normal,stress,normal,normal,normal,-10.678215,2.812182,2.126001,,97,1,damage_watch_context
2020-07-04,2020,Bull market,stress,watch,normal,stress,normal,normal,normal,-10.816224,2.812182,2.061582,-0.154508,98,1,damage_watch_context
2020-07-05,2020,Bull market,stress,watch,normal,stress,normal,normal,normal,-11.52828,2.812182,2.008323,-0.798414,99,1,damage_watch_context
2020-07-06,2020,Bull market,stress,watch,normal,stress,normal,normal,normal,-9.10863,2.812182,2.059163,2.734942,100,1,damage_watch_context
2020-07-07,2020,Bull market,stress,watch,normal,stress,normal,normal,normal,-9.093906,2.330194,1.996437,0.0162,101,1,damage_watch_context
2020-07-08,2020,Bull market,stress,watch,normal,stress,normal,normal,normal,-7.066789,1.830751,2.011209,2.229901,102,1,damage_watch_context
2020-07-09,2020,Bull market,stress,watch,normal,stress,normal,normal,normal,-7.634964,1.830751,1.955682,-0.611379,103,0,damage_watch_context
2020-07-10,2020,Bull market,stress,watch,normal,stress,normal,normal,watch,-9.99895,1.830751,1.997058,-2.559396,104,1,damage_watch_context
2020-07-11,2020,Bull market,stress,watch,normal,stress,normal,normal,normal,-9.513519,2.220388,1.940722,0.539363,105,1,damage_watch_context
2020-07-12,2020,Bull market,stress,watch,normal,stress,normal,normal,normal,-9.655716,2.220388,1.881993,-0.157148,106,1,damage_watch_context
2020-07-13,2020,Bull market,stress,watch,normal,stress,normal,normal,normal,-8.5066,2.220388,1.851068,1.27193,107,1,damage_watch_context
2020-07-14,2020,Bull market,stress,watch,normal,stress,normal,normal,normal,-9.538355,2.220388,1.81581,-1.127682,108,1,damage_watch_context
2020-07-15,2020,Bull market,stress,watch,normal,stress,normal,normal,normal,-9.330862,2.220388,1.761389,0.229371,109,1,damage_watch_context
2020-07-16,2020,Bull market,stress,watch,normal,stress,normal,normal,normal,-10.726907,2.220388,1.748881,-1.539713,110,1,damage_watch_context
2020-07-17,2020,Bull market,stress,watch,normal,stress,normal,normal,normal,-10.095193,2.220388,1.70444,0.707619,111,0,damage_watch_context
2020-07-18,2020,Bull market,stress,watch,normal,stress,normal,normal,normal,-10.016661,2.220388,1.652654,0.087351,112,0,damage_watch_context
2020-07-19,2020,Bull market,stress,watch,normal,stress,normal,normal,normal,-10.305508,2.220388,1.604236,-0.321001,113,0,damage_watch_context
2020-07-20,2020,Bull market,stress,watch,normal,stress,normal,normal,normal,-10.088632,2.220388,1.556491,0.241794,114,0,damage_watch_context
2020-07-21,2020,Bull market,stress,watch,normal,stress,normal,normal,normal,-7.571791,2.220388,1.657544,2.799247,115,0,damage_watch_context
2020-07-22,2020,Bull market,stress,watch,normal,stress,normal,normal,normal,-8.216707,2.220388,1.616112,-0.697748,116,0,damage_watch_context
2020-07-23,2020,Bull market,stress,watch,normal,stress,normal,normal,normal,-6.560962,2.220388,1.627995,1.803972,117,0,damage_watch_context
2020-07-24,2020,Bull market,stress,watch,normal,stress,normal,normal,normal,-6.828192,2.100538,1.579953,-0.285994,118,0,damage_watch_context
2020-07-25,2020,Bull market,stress,watch,normal,stress,normal,normal,normal,-6.195886,2.100538,1.540815,0.678646,119,0,damage_watch_context
2020-07-26,2020,Bull market,stress,watch,normal,stress,normal,normal,normal,-4.345305,2.100538,1.57009,1.972814,120,0,damage_watch_context
2020-07-27,2020,Bull market,stress,watch,normal,stress,normal,normal,normal,-3.32091,2.100538,1.544696,1.07093,121,0,damage_watch_context
2020-07-28,2020,Bull market,stress,watch,normal,stress,normal,normal,normal,-1.661096,2.100538,1.555561,1.716829,122,0,damage_watch_context
2020-07-29,2020,Bull market,stress,watch,normal,stress,normal,normal,normal,-1.591578,2.100538,1.508272,0.070692,123,0,damage_watch_context
2020-07-30,2020,Bull market,stress,watch,normal,stress,normal,normal,normal,-1.871286,2.100538,1.46398,-0.284231,124,0,damage_watch_context
2020-07-31,2020,Bull market,stress,watch,normal,stress,normal,normal,normal,,2.100538,1.46398,,,0,damage_watch_context
2020-08-01,2020,Bull market,stress,watch,normal,stress,normal,normal,normal,,2.100538,1.46398,,,0,damage_watch_context
2020-08-02,2020,Bull market,stress,watch,normal,stress,normal,normal,normal,,2.100538,1.46398,,,0,damage_watch_context
2020-08-03,2020,Bull market,stress,watch,normal,stress,normal,normal,normal,,2.100538,1.46398,,,0,damage_watch_context
2020-08-04,2020,Bull market,stress,watch,normal,stress,normal,normal,normal,,2.100538,1.46398,,,0,damage_watch_context
2020-08-05,2020,Bull market,stress,watch,normal,stress,normal,normal,normal,,2.100538,1.46398,,,0,damage_watch_context
2020-08-06,2020,Bull market,stress,watch,normal,stress,normal,normal,normal,,2.100538,1.46398,,,0,damage_watch_context
2020-08-07,2020,Bull market,normal,normal,normal,normal,normal,normal,normal,0,2.100538,1.46398,,0,0,
2020-08-08,2020,Bull market,normal,normal,normal,normal,normal,normal,normal,0,2.100538,1.427763,0.630628,0,0,
2020-08-09,2020,Bull market,normal,normal,normal,normal,normal,normal,normal,-0.44118,2.100538,1.388479,-0.44118,1,0,
2020-08-10,2020,Bull market,normal,normal,normal,normal,normal,normal,normal,0,1.434308,1.40566,1.651652,0,0,
2020-08-11,2020,Bull market,normal,normal,normal,normal,normal,normal,normal,-1.02585,1.354299,1.38581,-1.02585,1,0,
2020-08-12,2020,Bull market,normal,normal,normal,normal,normal,normal,normal,-1.30356,1.354299,1.345349,-0.280589,2,0,
2020-08-13,2020,Bull market,normal,normal,normal,normal,normal,normal,normal,-1.632915,1.354299,1.306923,-0.333705,3,0,
2020-08-14,2020,Bull market,normal,normal,normal,normal,normal,normal,normal,-1.482965,1.354299,1.267659,0.152439,4,0,
2020-08-15,2020,Bull market,normal,normal,normal,normal,normal,normal,normal,-1.180667,1.354299,1.231337,0.306849,5,0,
2020-08-16,2020,Bull market,normal,normal,normal,normal,normal,normal,normal,-0.752526,1.354299,1.198533,0.433256,6,0,
2020-08-17,2020,Bull market,normal,normal,normal,normal,normal,normal,normal,0,1.354299,1.227735,1.617824,0,0,
2020-08-18,2020,Bull market,normal,normal,normal,normal,normal,normal,normal,0,1.081858,1.190561,0.095041,0,0,
2020-08-19,2020,Bull market,normal,normal,normal,normal,normal,normal,normal,-0.491573,1.081858,1.160555,-0.491573,1,0,
2020-08-20,2020,Bull market,normal,normal,normal,normal,normal,normal,normal,-0.32323,1.081858,1.125963,0.169174,2,0,
2020-08-21,2020,Bull market,normal,normal,normal,normal,normal,normal,watch,-2.331595,1.081858,1.198044,-2.014877,3,1,
2020-08-22,2020,Bull market,normal,normal,normal,normal,normal,normal,normal,-2.63464,1.308474,1.16403,-0.31028,4,1,
2020-08-23,2020,Bull market,normal,normal,normal,normal,normal,normal,normal,-2.743667,1.308474,1.128903,-0.111977,5,1,
2020-08-24,2020,Bull market,normal,normal,normal,normal,normal,normal,normal,-1.570375,0.878204,1.133701,1.206392,6,1,
2020-08-25,2020,Bull market,normal,normal,normal,normal,normal,normal,stress,-3.709416,0.878204,1.221279,-2.173168,7,2,
2020-08-26,2020,Bull market,normal,normal,normal,normal,normal,normal,stress,-3.586087,1.569815,1.184489,0.128081,8,2,
2020-08-27,2020,Bull market,normal,normal,normal,normal,normal,normal,stress,-3.584307,1.569815,1.148405,0.001846,9,2,
2020-08-28,2020,Bull market,normal,normal,normal,normal,normal,normal,stress,,1.569815,1.148405,,,2,
2020-08-29,2020,Bull market,normal,normal,normal,normal,normal,normal,stress,,1.569815,1.148405,,,2,
2020-08-30,2020,Bull market,normal,normal,normal,normal,normal,normal,stress,,1.569815,1.148405,,,2,
2020-08-31,2020,Bull market,normal,normal,normal,normal,normal,normal,stress,,1.569815,1.148405,,,2,
2020-09-01,2020,Bull market,normal,normal,normal,normal,normal,normal,stress,,1.569815,1.148405,,,2,
2020-09-02,2020,Bull market,normal,normal,normal,normal,normal,normal,stress,,1.569815,1.148405,,,2,
2020-09-03,2020,Bull market,normal,normal,normal,normal,normal,normal,stress,,1.569815,1.148405,,,2,
2020-09-04,2020,Bull market,normal,normal,normal,normal,normal,normal,stress,-12.849578,1.569815,1.148405,,10,2,
2020-09-05,2020,Bull market,normal,normal,normal,normal,normal,normal,normal,-13.335457,1.569815,1.121763,-0.557518,11,1,
2020-09-06,2020,Bull market,normal,normal,normal,normal,normal,normal,normal,-14.074357,1.569815,1.10746,-0.852598,12,1,
2020-09-07,2020,Bull market,normal,normal,normal,normal,normal,normal,normal,-15.064681,1.569815,1.110216,-1.152535,13,1,
2020-09-08,2020,Bull market,watch,watch,normal,watch,normal,normal,normal,-15.849957,1.626823,1.099961,-0.924558,14,1,damage_watch_context
2020-09-09,2020,Bull market,watch,watch,normal,watch,normal,normal,normal,-13.632458,1.626823,1.246582,2.635173,15,0,damage_watch_context
2020-09-10,2020,Bull market,watch,watch,normal,watch,normal,normal,normal,-11.387978,1.626823,1.365994,2.598753,16,0,damage_watch_context
2020-09-11,2020,Bull market,watch,watch,normal,watch,normal,normal,watch,-13.822376,1.626823,1.48554,-2.747254,17,1,damage_watch_context
2020-09-12,2020,Bull market,watch,watch,normal,watch,normal,normal,normal,-13.430255,2.101937,1.44459,0.455014,18,1,damage_watch_context
2020-09-13,2020,Bull market,watch,watch,normal,watch,normal,normal,normal,-13.142394,2.101937,1.402948,0.33252,19,1,damage_watch_context
2020-09-14,2020,Bull market,watch,watch,normal,watch,normal,normal,normal,-10.304114,2.101937,1.578244,3.267739,20,1,damage_watch_context
2020-09-15,2020,Bull market,stress,watch,normal,stress,normal,normal,normal,-9.379711,2.101937,1.550849,1.030597,21,1,damage_watch_context
2020-09-16,2020,Bull market,stress,watch,normal,stress,normal,normal,normal,-8.338025,2.101937,1.52974,1.149506,22,1,damage_watch_context
2020-09-17,2020,Bull market,stress,watch,normal,stress,normal,normal,normal,-8.737319,2.101937,1.486972,-0.435616,23,1,damage_watch_context
2020-09-18,2020,Bull market,stress,watch,normal,stress,normal,normal,normal,-7.942726,2.101937,1.457362,0.870666,24,0,damage_watch_context
2020-09-19,2020,Bull market,stress,watch,normal,stress,normal,normal,normal,-6.542733,2.101937,1.461245,1.520785,25,0,damage_watch_context
2020-09-20,2020,Bull market,stress,watch,normal,stress,normal,normal,normal,-8.344273,2.101937,1.493344,-1.927662,26,0,damage_watch_context
2020-09-21,2020,Bull market,stress,watch,normal,stress,normal,normal,watch,-10.535391,2.101937,1.561783,-2.390595,27,1,damage_watch_context
2020-09-22,2020,Bull market,stress,watch,normal,stress,normal,normal,normal,-11.499874,2.292753,1.537059,-1.078061,28,1,damage_watch_context
2020-09-23,2020,Bull market,stress,watch,normal,stress,normal,normal,normal,-11.284504,2.292753,1.491426,0.243355,29,1,damage_watch_context
2020-09-24,2020,Bull market,stress,watch,normal,stress,normal,normal,normal,-12.118913,2.292753,1.464229,-0.940545,30,1,damage_watch_context
2020-09-25,2020,Bull market,stress,watch,normal,stress,normal,normal,normal,,2.292753,1.464229,,,1,damage_watch_context
2020-09-26,2020,Bull market,stress,watch,normal,stress,normal,normal,normal,,2.292753,1.464229,,,1,damage_watch_context
2020-09-27,2020,Bull market,stress,watch,normal,stress,normal,normal,normal,,2.292753,1.464229,,,1,damage_watch_context
2020-09-28,2020,Bull market,stress,watch,normal,stress,normal,normal,normal,,2.292753,1.464229,,,1,damage_watch_context
2020-09-29,2020,Bull market,stress,watch,normal,stress,normal,normal,normal,,2.292753,1.464229,,,1,damage_watch_context
2020-09-30,2020,Bull market,stress,watch,normal,stress,normal,normal,normal,,2.292753,1.464229,,,1,damage_watch_context
2020-10-01,2020,Bull market,stress,watch,normal,stress,normal,normal,normal,,2.292753,1.464229,,,1,damage_watch_context
2020-10-02,2020,Bull market,stress,watch,normal,stress,normal,normal,normal,,2.292753,1.464229,,,1,damage_watch_context
2020-10-03,2020,Bull market,stress,watch,normal,stress,normal,normal,normal,,2.292753,1.464229,,,1,damage_watch_context
2020-10-04,2020,Bull market,stress,watch,normal,stress,normal,normal,normal,,2.292753,1.464229,,,1,damage_watch_context
2020-10-05,2020,Bull market,stress,watch,normal,stress,normal,normal,normal,,2.292753,1.464229,,,1,damage_watch_context
2020-10-06,2020,Bull market,stress,watch,normal,stress,normal,normal,normal,,2.292753,1.464229,,,1,damage_watch_context
2020-10-07,2020,Bull market,stress,watch,normal,stress,normal,normal,normal,,2.292753,1.464229,,,1,damage_watch_context
2020-10-08,2020,Bull market,stress,watch,normal,stress,normal,normal,normal,,2.292753,1.464229,,,1,damage_watch_context
2020-10-09,2020,Bull market,stress,watch,normal,stress,normal,normal,normal,-8.581303,2.292753,1.464229,,31,1,damage_watch_context
2020-10-10,2020,Bull market,stress,watch,normal,stress,normal,normal,normal,-7.675963,2.292753,1.440199,0.990323,32,1,damage_watch_context
2020-10-11,2020,Bull market,stress,watch,normal,stress,normal,normal,normal,-7.846736,2.292753,1.39706,-0.184972,33,1,damage_watch_context
2020-10-12,2020,Bull market,stress,watch,normal,stress,normal,normal,normal,-7.215527,2.292753,1.364851,0.684956,34,1,damage_watch_context
2020-10-13,2020,Bull market,stress,watch,normal,stress,normal,normal,normal,-7.443931,2.292753,1.324646,-0.246167,35,0,damage_watch_context
2020-10-14,2020,Bull market,stress,watch,normal,stress,normal,normal,normal,-7.395477,2.292753,1.284356,0.052351,36,0,damage_watch_context
2020-10-15,2020,Bull market,stress,watch,normal,stress,normal,normal,normal,-7.141877,2.292753,1.247034,0.273853,37,0,damage_watch_context
2020-10-16,2020,Bull market,stress,watch,normal,stress,normal,normal,normal,-4.234272,2.292753,1.431805,3.131234,38,0,damage_watch_context
2020-10-17,2020,Bull market,stress,watch,normal,stress,normal,normal,normal,-4.47719,2.292753,1.389577,-0.253659,39,0,damage_watch_context
2020-10-18,2020,Bull market,stress,watch,normal,stress,normal,normal,normal,-3.538882,2.182275,1.368562,0.982287,40,0,damage_watch_context
2020-10-19,2020,Bull market,stress,watch,normal,stress,normal,normal,normal,-1.796512,2.182275,1.398694,1.806293,41,0,damage_watch_context
2020-10-20,2020,Bull market,stress,watch,normal,stress,normal,normal,normal,-0.127303,2.182275,1.41856,1.699745,42,0,damage_watch_context
2020-10-21,2020,Bull market,normal,normal,normal,normal,normal,normal,normal,0,2.182275,1.410225,1.272539,0,0,
2020-10-22,2020,Bull market,normal,normal,normal,normal,normal,normal,normal,0,2.182275,1.375819,0.625384,0,0,
2020-10-23,2020,Bull market,normal,normal,normal,normal,normal,normal,normal,0,2.182275,2.177539,7.026583,0,0,
2020-10-24,2020,Bull market,normal,normal,normal,normal,normal,normal,normal,0,2.182275,2.114954,0.514051,0,0,
2020-10-25,2020,Bull market,normal,normal,normal,normal,normal,normal,normal,0,2.182275,2.050567,0.054071,0,0,
2020-10-26,2020,Bull market,normal,normal,normal,normal,normal,normal,normal,0,2.182275,2.031038,1.695978,0,0,
2020-10-27,2020,Bull market,normal,normal,normal,normal,normal,normal,normal,0,1.545341,1.999311,1.412072,0,0,
2020-10-28,2020,Bull market,normal,normal,normal,normal,normal,normal,normal,-1.668324,1.545341,1.981012,-1.668324,1,0,
2020-10-29,2020,Bull market,normal,normal,normal,normal,normal,normal,normal,-0.889863,1.81096,1.930427,0.791669,2,0,
2020-10-30,2020,Bull market,normal,normal,normal,normal,normal,normal,normal,,1.81096,1.930427,,,0,
2020-10-31,2020,Bull market,normal,normal,normal,normal,normal,normal,normal,,1.81096,1.930427,,,0,
2020-11-01,2020,Bull market,normal,normal,normal,normal,normal,normal,normal,,1.81096,1.930427,,,0,
2020-11-02,2020,Bull market,normal,normal,normal,normal,normal,normal,normal,,1.81096,1.930427,,,0,
2020-11-03,2020,Bull market,normal,normal,normal,normal,normal,normal,normal,,1.81096,1.930427,,,0,
2020-11-04,2020,Bull market,normal,normal,normal,normal,normal,normal,normal,,1.81096,1.930427,,,0,
2020-11-05,2020,Bull market,normal,normal,normal,normal,normal,normal,normal,,1.81096,1.930427,,,0,
2020-11-06,2020,Bull market,normal,normal,normal,normal,normal,normal,normal,0,1.81096,1.930427,,0,0,
2020-11-07,2020,Bull market,normal,normal,normal,normal,normal,normal,normal,-0.31202,1.81096,1.873178,-0.31202,1,0,
2020-11-08,2020,Bull market,normal,normal,normal,normal,normal,normal,normal,-0.038426,1.81096,1.817358,0.27445,2,0,
2020-11-09,2020,Bull market,normal,normal,normal,normal,normal,normal,watch,-2.225294,1.81096,1.84168,-2.187708,3,1,
2020-11-10,2020,Bull market,normal,normal,normal,normal,normal,normal,normal,-0.94887,2.070687,1.813983,1.305474,4,1,
2020-11-11,2020,Bull market,normal,normal,normal,normal,normal,normal,normal,0,2.070687,1.881077,2.724422,0,1,
2020-11-12,2020,Bull market,normal,normal,normal,normal,normal,normal,normal,0,2.070687,1.935561,2.646551,0,1,
2020-11-13,2020,Bull market,normal,normal,normal,normal,normal,normal,normal,-0.043632,1.953986,1.876627,-0.043632,1,1,
2020-11-14,2020,Bull market,normal,normal,normal,normal,normal,normal,normal,-0.821643,1.402706,1.829419,-0.77835,2,1,
2020-11-15,2020,Bull market,normal,normal,normal,normal,normal,normal,normal,-0.501855,1.340823,1.775445,0.322437,3,1,
2020-11-16,2020,Bull market,normal,normal,normal,normal,normal,normal,normal,0,1.340823,1.808401,2.262897,0,0,
2020-11-17,2020,Bull market,normal,normal,normal,normal,normal,normal,normal,0,1.267836,1.868973,2.64249,0,0,
2020-11-18,2020,Bull market,normal,normal,normal,normal,normal,normal,normal,0,1.267836,1.823616,0.837626,0,0,
2020-11-19,2020,Bull market,normal,normal,normal,normal,normal,normal,normal,0,1.267836,1.80521,1.487402,0,0,
2020-11-20,2020,Bull market,normal,normal,normal,normal,normal,normal,normal,0,1.267836,2.279613,5.962912,0,0,
2020-11-21,2020,Bull market,normal,normal,normal,normal,normal,normal,normal,-0.254008,1.267836,2.211042,-0.254008,1,0,
2020-11-22,2020,Bull market,normal,normal,normal,normal,normal,normal,normal,-1.455078,1.267836,2.163881,-1.204129,2,0,
2020-11-23,2020,Bull market,normal,normal,normal,normal,normal,normal,normal,-0.536009,1.459436,2.110362,0.93264,3,0,
2020-11-24,2020,Bull market,normal,normal,normal,normal,normal,normal,normal,0,1.459436,2.168731,2.935368,0,0,
2020-11-25,2020,Bull market,normal,normal,normal,normal,normal,normal,normal,0,1.459436,2.116529,0.987484,0,0,
2020-11-26,2020,Bull market,normal,normal,normal,normal,normal,normal,crisis,-10.44802,1.459436,3.280333,-10.44802,1,1,
2020-11-27,2020,Bull market,normal,normal,normal,normal,normal,normal,normal,,1.459436,3.280333,,,1,
2020-11-28,2020,Bull market,normal,normal,normal,normal,normal,normal,normal,,1.459436,3.280333,,,1,
2020-11-29,2020,Bull market,normal,normal,normal,normal,normal,normal,normal,,1.459436,3.280333,,,1,
2020-11-30,2020,Bull market,normal,normal,normal,normal,normal,normal,normal,,1.459436,3.280333,,,1,
2020-12-01,2020,Bull market,normal,normal,normal,normal,normal,normal,normal,,1.459436,3.280333,,,1,
2020-12-02,2020,Bull market,normal,normal,normal,normal,normal,normal,normal,,1.459436,3.280333,,,1,
2020-12-03,2020,Bull market,normal,normal,normal,normal,normal,normal,normal,,1.459436,3.280333,,,1,
2020-12-04,2020,Bull market,normal,normal,normal,normal,normal,normal,normal,-0.434601,1.459436,3.280333,,2,1,
2020-12-05,2020,Bull market,normal,normal,normal,normal,normal,normal,normal,0,1.953986,3.185436,0.730929,0,1,
2020-12-06,2020,Bull market,normal,normal,normal,normal,normal,normal,normal,0,1.953986,3.09007,0.415351,0,1,
2020-12-07,2020,Bull market,normal,normal,normal,normal,normal,normal,normal,0,1.953986,2.996373,0.209387,0,1,
2020-12-08,2020,Bull market,normal,normal,normal,normal,normal,normal,normal,-0.914488,1.953986,2.913715,-0.914488,1,1,
2020-12-09,2020,Bull market,normal,normal,normal,normal,normal,normal,normal,-2.656932,1.953986,2.857603,-1.758526,2,1,
2020-12-10,2020,Bull market,normal,normal,normal,normal,normal,normal,normal,-4.41235,1.994576,2.805541,-1.803331,3,1,
2020-12-11,2020,Bull market,normal,normal,normal,normal,normal,normal,normal,-5.668594,2.014738,2.739056,-1.314233,4,0,
2020-12-12,2020,Bull market,normal,normal,normal,normal,normal,normal,normal,-4.481187,2.014738,2.673453,1.258762,5,0,
2020-12-13,2020,Bull market,normal,normal,normal,normal,normal,normal,normal,-0.515957,2.014738,2.784329,4.151256,6,0,
2020-12-14,2020,Bull market,normal,normal,normal,normal,normal,normal,normal,-1.024728,2.014738,2.702412,-0.511411,7,0,
2020-12-15,2020,Bull market,normal,normal,normal,normal,normal,normal,normal,-0.338421,2.014738,2.625585,0.693413,8,0,
2020-12-16,2020,Bull market,normal,normal,normal,normal,normal,normal,normal,0,2.014738,2.555592,0.921719,0,0,
2020-12-17,2020,Bull market,normal,normal,normal,normal,normal,normal,normal,0,2.014738,2.568406,2.761413,0,0,
2020-12-18,2020,Bull market,normal,normal,normal,normal,normal,normal,normal,0,1.783169,4.122659,13.413556,0,0,
2020-12-19,2020,Bull market,normal,normal,normal,normal,normal,normal,normal,0,1.783169,4.040287,2.406188,0,0,
2020-12-20,2020,Bull market,normal,normal,normal,normal,normal,normal,normal,0,1.783169,3.919645,0.564669,0,0,
2020-12-21,2020,Bull market,normal,normal,normal,normal,normal,normal,normal,-0.347276,1.783169,3.801189,-0.347276,1,0,
2020-12-22,2020,Bull market,normal,normal,normal,normal,normal,normal,normal,0,1.783169,3.709775,1.733677,0,0,
2020-12-23,2020,Bull market,normal,normal,normal,normal,normal,normal,normal,0,1.783169,3.604786,0.981446,0,0,
2020-12-24,2020,Bull market,normal,normal,normal,normal,normal,normal,normal,-0.82037,1.783169,3.500742,-0.82037,1,0,
2021-01-01,2021,Bull market,normal,normal,normal,normal,normal,normal,normal,,,,,,0,
2021-01-02,2021,Bull market,normal,normal,normal,normal,normal,normal,normal,,,,,,0,
2021-01-03,2021,Bull market,normal,normal,normal,normal,normal,normal,normal,,,,,,0,
2021-01-04,2021,Bull market,normal,normal,normal,normal,normal,normal,normal,,,,,,0,
2021-01-05,2021,Bull market,normal,normal,normal,normal,normal,normal,normal,,,,,,0,
2021-01-06,2021,Bull market,normal,normal,normal,normal,normal,normal,normal,,,,,,0,
2021-01-07,2021,Bull market,normal,normal,normal,normal,normal,normal,normal,,,,,,0,
2021-01-08,2021,Bull market,normal,normal,normal,normal,normal,normal,normal,0,,,,0,0,
2021-01-09,2021,Bull market,normal,normal,normal,normal,normal,normal,normal,-1.302586,,1.302586,-1.302586,1,0,
2021-01-10,2021,Bull market,normal,normal,normal,normal,normal,normal,normal,-2.71835,,1.310872,-1.434449,2,0,
2021-01-11,2021,Bull market,normal,normal,normal,normal,normal,normal,crisis,-13.415148,,2.978189,-10.9957,3,1,
2021-01-12,2021,Bull market,normal,normal,normal,normal,normal,normal,normal,-12.730329,,2.893953,0.790923,4,1,
2021-01-13,2021,Bull market,normal,normal,normal,normal,normal,normal,normal,-10.561165,,2.87109,2.485588,5,1,
2021-01-14,2021,Bull market,normal,normal,normal,normal,normal,watch,normal,0,,4.329587,13.538071,0,1,
2021-01-15,2021,Bull market,normal,normal,normal,normal,normal,watch,crisis,-10.767556,,4.957522,-10.767556,1,2,
2021-01-16,2021,Bull market,normal,normal,normal,normal,normal,watch,stress,-8.129988,,4.860722,2.95584,2,2,
2021-01-17,2021,Bull market,normal,normal,normal,normal,normal,watch,stress,-12.176487,,4.834568,-4.404592,3,3,
2021-01-18,2021,Bull market,normal,normal,normal,normal,normal,watch,stress,-8.091011,,4.823804,4.651916,4,2,
2021-01-19,2021,Bull market,normal,normal,normal,normal,normal,watch,stress,-6.421342,,4.697974,1.816655,5,2,
2021-01-20,2021,Bull market,normal,normal,normal,normal,normal,watch,stress,-10.336388,,4.668715,-4.183695,6,3,
2021-01-21,2021,Bull market,normal,normal,normal,normal,normal,watch,crisis,-19.548703,,5.17907,-10.274308,7,4,
2021-01-22,2021,Bull market,watch,watch,watch,normal,normal,watch,stress,-21.553592,,5.058263,-2.492053,8,4,damage_watch_context
2021-01-23,2021,Bull market,watch,watch,watch,normal,normal,watch,stress,-22.580897,,4.914647,-1.309563,9,4,damage_watch_context
2021-01-24,2021,Bull market,watch,watch,watch,normal,normal,watch,stress,-21.521197,,4.776709,1.368783,10,3,damage_watch_context
2021-01-25,2021,Bull market,normal,normal,normal,normal,normal,watch,stress,-18.86114,,4.705025,3.389524,11,3,
2021-01-26,2021,Bull market,watch,watch,watch,normal,normal,watch,stress,-21.486221,,4.630017,-3.235295,12,4,damage_watch_context
2021-01-27,2021,Bull market,watch,watch,watch,normal,normal,watch,stress,-24.436585,,4.582366,-3.757765,13,4,damage_watch_context
2021-01-28,2021,Bull market,watch,watch,normal,watch,normal,watch,stress,-19.333777,,4.740716,6.753014,14,3,damage_watch_context
2021-01-29,2021,Bull market,watch,watch,normal,watch,normal,watch,stress,,,4.740716,,,3,damage_watch_context
2021-01-30,2021,Bull market,watch,watch,normal,watch,normal,watch,stress,,,4.740716,,,3,damage_watch_context
2021-01-31,2021,Bull market,watch,watch,normal,watch,normal,watch,stress,,,4.740716,,,3,damage_watch_context
2021-02-01,2021,Bull market,watch,watch,normal,watch,normal,watch,stress,,,4.740716,,,3,damage_watch_context
2021-02-02,2021,Bull market,watch,watch,normal,watch,normal,watch,stress,,,4.740716,,,3,damage_watch_context
2021-02-03,2021,Bull market,watch,watch,normal,watch,normal,watch,stress,,,4.740716,,,3,damage_watch_context
2021-02-04,2021,Bull market,watch,watch,normal,watch,normal,watch,stress,,,4.740716,,,3,damage_watch_context
2021-02-05,2021,Bull market,watch,watch,normal,watch,normal,watch,stress,-5.187736,,4.740716,,15,3,damage_watch_context
2021-02-06,2021,Bull market,watch,watch,normal,watch,normal,watch,stress,-2.171162,,4.661897,3.181628,16,2,damage_watch_context
2021-02-07,2021,Bull market,watch,watch,normal,watch,normal,watch,stress,-4.503983,,4.557463,-2.384594,17,3,damage_watch_context
2021-02-08,2021,Bull market,normal,normal,normal,normal,normal,watch,stress,0,,4.625082,5.578445,0,3,
2021-02-09,2021,Bull market,normal,normal,normal,normal,normal,watch,stress,0,,4.499262,1.502524,0,3,
2021-02-10,2021,Bull market,normal,normal,normal,normal,normal,watch,stress,0,,4.362803,0.297044,0,2,
2021-02-11,2021,Bull market,normal,normal,normal,normal,normal,normal,normal,0,,4.230028,0.137426,0,1,
2021-02-12,2021,Bull market,normal,normal,normal,normal,normal,watch,normal,0,,5.247104,13.361981,0,1,
2021-02-13,2021,Bull market,normal,normal,normal,normal,normal,watch,normal,0,,5.088876,0.524195,0,1,
2021-02-14,2021,Bull market,normal,normal,normal,normal,normal,watch,normal,0,,4.975761,2.631002,0,0,
2021-02-15,2021,Bull market,normal,normal,normal,normal,normal,watch,normal,-0.332309,,4.824866,-0.332309,1,0,
2021-02-16,2021,Bull market,normal,normal,normal,normal,stress,watch,normal,0,10.545595,4.70804,2.172073,0,0,
2021-02-17,2021,Bull market,normal,normal,normal,normal,stress,watch,normal,0,10.545595,4.670855,4.043882,0,0,
2021-02-18,2021,Bull market,normal,normal,normal,normal,stress,watch,normal,0,10.545595,4.530152,0.489956,0,0,
2021-02-19,2021,Bull market,normal,normal,normal,normal,watch,watch,normal,0,7.632936,4.412566,1.731082,0,0,
2021-02-20,2021,Bull market,normal,normal,normal,normal,watch,watch,normal,0,7.632936,4.305971,1.995382,0,0,
2021-02-21,2021,Bull market,normal,normal,normal,normal,watch,normal,normal,0,7.632936,4.210769,2.242293,0,0,
2021-02-22,2021,Bull market,normal,normal,normal,normal,watch,normal,watch,-2.664186,7.632936,4.134321,-2.664186,1,1,
2021-02-23,2021,Bull market,normal,normal,normal,normal,normal,watch,crisis,-12.400307,4.305188,4.697892,-10.00261,2,2,
2021-02-24,2021,Bull market,normal,normal,normal,normal,watch,watch,stress,-6.577356,7.483502,4.837056,6.647228,3,2,
2021-02-25,2021,Bull market,normal,normal,normal,normal,watch,watch,stress,-3.620725,7.384098,4.75334,3.164791,4,2,
2021-02-26,2021,Bull market,normal,normal,normal,normal,watch,watch,stress,,7.384098,4.75334,,,2,
2021-02-27,2021,Bull market,normal,normal,normal,normal,watch,watch,stress,,7.384098,4.75334,,,2,
2021-02-28,2021,Bull market,normal,normal,normal,normal,watch,watch,stress,,7.384098,4.75334,,,2,
2021-03-01,2021,Bull market,normal,normal,normal,normal,watch,watch,stress,,7.384098,4.75334,,,2,
2021-03-02,2021,Bull market,normal,normal,normal,normal,watch,watch,stress,,7.384098,4.75334,,,2,
2021-03-03,2021,Bull market,normal,normal,normal,normal,watch,watch,stress,,7.384098,4.75334,,,2,
2021-03-04,2021,Bull market,normal,normal,normal,normal,watch,watch,stress,,7.384098,4.75334,,,2,
2021-03-05,2021,Bull market,normal,normal,normal,normal,watch,watch,stress,-11.828143,7.384098,4.75334,,5,2,
2021-03-06,2021,Bull market,normal,normal,normal,normal,watch,watch,stress,-12.216182,7.384098,4.609795,-0.440095,6,2,
2021-03-07,2021,Bull market,normal,normal,normal,normal,watch,watch,stress,-8.050212,7.384098,4.618063,4.745716,7,2,
2021-03-08,2021,Bull market,normal,normal,normal,normal,watch,watch,stress,-8.00731,7.19243,4.477393,0.046657,8,2,
2021-03-09,2021,Bull market,normal,normal,normal,normal,normal,watch,normal,-6.108052,3.522654,4.370351,2.064575,9,1,
2021-03-10,2021,Bull market,normal,normal,normal,normal,normal,normal,normal,-5.365981,3.522654,4.241633,0.790346,10,0,
2021-03-11,2021,Bull market,normal,normal,normal,normal,normal,normal,normal,-2.760982,3.522654,4.167326,2.752709,11,0,
2021-03-12,2021,Bull market,normal,normal,normal,normal,normal,watch,normal,0,3.522654,4.378253,6.885357,0,0,
2021-03-13,2021,Bull market,normal,normal,normal,normal,normal,watch,normal,0,3.522654,4.338271,3.65522,0,0,
2021-03-14,2021,Bull market,normal,normal,normal,normal,normal,normal,normal,0,3.265654,4.217693,1.275281,0,0,
2021-03-15,2021,Bull market,normal,normal,normal,normal,normal,normal,watch,-3.28294,2.538369,4.167525,-3.28294,1,1,
2021-03-16,2021,Bull market,normal,normal,normal,normal,normal,normal,normal,-4.552764,3.004501,4.053344,-1.312926,2,1,
2021-03-17,2021,Bull market,normal,normal,normal,normal,normal,normal,normal,-4.811778,3.004501,3.930424,-0.271369,3,1,
2021-03-18,2021,Bull market,normal,normal,normal,normal,normal,normal,normal,0,3.004501,4.022157,5.254217,0,1,
2021-03-19,2021,Bull market,normal,normal,normal,normal,normal,normal,stress,-2.856969,3.004501,3.961921,-2.856969,1,2,
2021-03-20,2021,Bull market,normal,normal,normal,normal,normal,normal,stress,-1.728244,3.091253,3.851755,1.161921,2,2,
2021-03-21,2021,Bull market,normal,normal,normal,normal,normal,normal,stress,-2.620549,3.091253,3.741032,-0.907998,3,2,
2021-03-22,2021,Bull market,normal,normal,normal,normal,normal,normal,normal,-2.373042,3.091253,3.6276,0.254168,4,1,
2021-03-23,2021,Bull market,normal,normal,normal,normal,normal,normal,stress,-4.400205,3.091253,3.553675,-2.076438,5,2,
2021-03-24,2021,Bull market,normal,normal,normal,normal,normal,normal,stress,-1.677929,3.091253,3.515311,2.847575,6,2,
2021-03-25,2021,Bull market,normal,normal,normal,normal,normal,normal,stress,-10.290986,3.091253,4.027439,-8.760044,7,3,
2021-03-26,2021,Bull market,normal,normal,normal,normal,normal,normal,stress,,3.091253,4.027439,,,3,
2021-03-27,2021,Bull market,normal,normal,normal,normal,normal,normal,stress,,3.091253,4.027439,,,3,
2021-03-28,2021,Bull market,normal,normal,normal,normal,normal,normal,stress,,3.091253,4.027439,,,3,
2021-03-29,2021,Bull market,normal,normal,normal,normal,normal,normal,stress,,3.091253,4.027439,,,3,
2021-03-30,2021,Bull market,normal,normal,normal,normal,normal,normal,stress,,3.091253,4.027439,,,3,
2021-03-31,2021,Bull market,normal,normal,normal,normal,normal,normal,stress,,3.091253,4.027439,,,3,
2021-04-01,2021,Bull market,normal,normal,normal,normal,normal,normal,stress,,3.091253,4.027439,,,3,
2021-04-02,2021,Bull market,normal,normal,normal,normal,normal,normal,stress,,3.091253,4.027439,,,3,
2021-04-03,2021,Bull market,normal,normal,normal,normal,normal,normal,stress,,3.091253,4.027439,,,3,
2021-04-04,2021,Bull market,normal,normal,normal,normal,normal,normal,stress,,3.091253,4.027439,,,3,
2021-04-05,2021,Bull market,normal,normal,normal,normal,normal,normal,stress,,3.091253,4.027439,,,3,
2021-04-06,2021,Bull market,normal,normal,normal,normal,normal,normal,stress,,3.091253,4.027439,,,3,
2021-04-07,2021,Bull market,normal,normal,normal,normal,normal,normal,stress,,3.091253,4.027439,,,3,
2021-04-08,2021,Bull market,normal,normal,normal,normal,normal,normal,stress,,3.091253,4.027439,,,3,
2021-04-09,2021,Bull market,normal,normal,normal,normal,normal,normal,stress,-0.290586,3.091253,4.027439,,8,3,
2021-04-10,2021,Bull market,normal,normal,normal,normal,watch,normal,stress,0,6.295347,3.939671,2.136794,0,2,
2021-04-11,2021,Bull market,normal,normal,normal,normal,watch,normal,stress,-1.070294,6.295347,3.828639,-1.070294,1,2,
2021-04-12,2021,Bull market,normal,normal,normal,normal,watch,normal,stress,0,6.295347,3.737026,1.762534,0,2,
2021-04-13,2021,Bull market,normal,normal,normal,normal,watch,normal,stress,0,6.295347,3.674832,2.506488,0,2,
2021-04-14,2021,Bull market,normal,normal,normal,normal,watch,normal,normal,0,6.295347,3.574604,1.180874,0,1,
2021-04-15,2021,Bull market,normal,normal,normal,normal,watch,normal,normal,0,6.295347,3.4693,0.644415,0,1,
2021-04-16,2021,Bull market,normal,normal,normal,normal,watch,normal,watch,-2.378275,6.295347,3.413686,-2.378275,1,1,
2021-04-17,2021,Bull market,normal,normal,normal,normal,watch,normal,normal,-2.105589,6.295347,3.310398,0.27933,2,1,
2021-04-18,2021,Bull market,normal,normal,normal,normal,normal,normal,stress,-10.683139,3.091253,3.861038,-8.762042,3,2,
2021-04-19,2021,Bull market,normal,normal,normal,normal,watch,normal,stress,-8.423473,6.295347,3.794364,2.529943,4,2,
2021-04-20,2021,Bull market,normal,normal,normal,normal,watch,normal,stress,-8.65401,6.295347,3.679289,-0.251742,5,2,
2021-04-21,2021,Bull market,normal,normal,normal,normal,watch,normal,stress,-9.903181,6.295347,3.582896,-1.367516,6,2,
2021-04-22,2021,Bull market,normal,normal,normal,normal,watch,normal,stress,-11.847944,6.295347,3.513754,-2.158525,7,3,
2021-04-23,2021,Bull market,watch,stress,watch,normal,watch,watch,crisis,-23.076369,6.295347,4.619568,-12.737565,8,3,drawdown_watch_plus_var_watch_plus_tail
2021-04-24,2021,Bull market,watch,stress,watch,normal,watch,watch,stress,-22.783092,8.761143,4.479811,0.381257,9,3,drawdown_watch_plus_var_watch_plus_tail
2021-04-25,2021,Bull market,watch,stress,watch,normal,watch,watch,stress,-21.896691,8.761143,4.352431,1.147936,10,2,drawdown_watch_plus_var_watch_plus_tail
2021-04-26,2021,Bull market,normal,normal,normal,normal,watch,watch,stress,-19.688754,8.761143,4.276275,2.826945,11,2,
2021-04-27,2021,Bull market,normal,normal,normal,normal,watch,normal,stress,-19.548649,8.761143,4.146223,0.174452,12,2,
2021-04-28,2021,Bull market,normal,normal,normal,normal,watch,normal,stress,-19.443583,8.761143,4.02004,0.130596,13,2,
2021-04-29,2021,Bull market,watch,watch,normal,watch,watch,normal,normal,-19.074743,8.761143,3.899186,0.457865,14,1,damage_watch_context
2021-04-30,2021,Bull market,watch,watch,normal,watch,watch,normal,normal,,8.761143,3.899186,,,1,damage_watch_context
2021-05-01,2021,Bull market,watch,watch,normal,watch,watch,normal,normal,,8.761143,3.899186,,,1,damage_watch_context
2021-05-02,2021,Bull market,watch,watch,normal,watch,watch,normal,normal,,8.761143,3.899186,,,1,damage_watch_context
2021-05-03,2021,Bull market,watch,watch,normal,watch,watch,normal,normal,,8.761143,3.899186,,,1,damage_watch_context
2021-05-04,2021,Bull market,watch,watch,normal,watch,watch,normal,normal,,8.761143,3.899186,,,1,damage_watch_context
2021-05-05,2021,Bull market,watch,watch,normal,watch,watch,normal,normal,,8.761143,3.899186,,,1,damage_watch_context
2021-05-06,2021,Bull market,watch,watch,normal,watch,watch,normal,normal,,8.761143,3.899186,,,1,damage_watch_context
2021-05-07,2021,Bull market,watch,watch,normal,watch,watch,normal,normal,-10.133193,8.761143,3.899186,,15,1,damage_watch_context
2021-05-08,2021,Bull market,watch,watch,normal,watch,watch,normal,normal,-8.363374,8.761143,3.811055,1.96938,16,0,damage_watch_context
2021-05-09,2021,Bull market,watch,watch,normal,watch,watch,normal,normal,-9.70554,8.761143,3.712332,-1.464662,17,0,damage_watch_context
2021-05-10,2021,Bull market,watch,watch,normal,watch,watch,normal,normal,-9.733434,8.761143,3.599247,-0.030892,18,0,damage_watch_context
2021-05-11,2021,Bull market,watch,watch,normal,watch,watch,normal,normal,-10.348143,8.761143,3.493584,-0.680993,19,0,damage_watch_context
2021-05-12,2021,Bull market,watch,watch,normal,watch,watch,normal,normal,-8.911007,8.761143,3.409839,1.603019,20,0,damage_watch_context
2021-05-13,2021,Bull market,stress,watch,normal,stress,watch,normal,crisis,-18.100643,8.761143,4.127495,-10.088635,21,1,damage_watch_context
2021-05-14,2021,Bull market,stress,watch,normal,stress,watch,normal,normal,-19.258143,9.491668,4.016701,-1.413319,22,1,damage_watch_context
2021-05-15,2021,Bull market,stress,stress,watch,stress,watch,normal,stress,-21.605567,9.491668,3.958915,-2.90732,23,2,drawdown_watch_plus_var_watch_plus_tail
2021-05-16,2021,Bull market,stress,stress,watch,stress,watch,normal,stress,-21.629934,9.491668,3.838318,-0.031082,24,2,drawdown_watch_plus_var_watch_plus_tail
2021-05-17,2021,Bull market,stress,stress,watch,stress,watch,normal,stress,-27.406169,9.491668,4.1362,-7.370461,25,3,drawdown_watch_plus_var_watch_plus_tail
2021-05-18,2021,Bull market,stress,stress,watch,stress,watch,normal,stress,-29.638979,9.491668,4.080352,-3.075756,26,4,drawdown_watch_plus_var_watch_plus_tail
2021-05-19,2021,Bull market,stress,stress,stress,stress,watch,watch,crisis,-42.305372,9.491668,5.924073,-18.002004,27,5,drawdown_stress
2021-05-20,2021,Bull market,stress,stress,watch,stress,stress,stress,stress,-32.200376,11.545546,7.169009,17.514624,28,4,drawdown_watch_plus_var_watch_plus_tail
2021-05-21,2021,Bull market,stress,stress,watch,stress,stress,stress,stress,-35.780056,11.545546,7.069907,-5.279794,29,5,drawdown_watch_plus_var_watch_plus_tail
2021-05-22,2021,Bull market,stress,crisis,stress,stress,stress,stress,stress,-40.039848,11.545546,7.044464,-6.63313,30,5,drawdown_stress_plus_var_stress_plus_tail
2021-05-23,2021,Bull market,stress,crisis,stress,stress,stress,stress,crisis,-46.401867,11.545546,7.307657,-10.610411,31,6,drawdown_stress_plus_var_stress_plus_tail
2021-05-24,2021,Bull market,stress,stress,watch,stress,stress,stress,stress,-39.735961,11.780346,7.712212,12.436824,32,5,drawdown_watch_plus_var_watch_plus_tail
2021-05-25,2021,Bull market,stress,stress,watch,stress,stress,stress,stress,-39.543804,11.780346,7.477675,0.318859,33,4,drawdown_watch_plus_var_watch_plus_tail
2021-05-26,2021,Bull market,stress,stress,watch,stress,stress,stress,stress,-37.27112,11.780346,7.308118,3.759224,34,3,drawdown_watch_plus_var_watch_plus_tail
2021-05-27,2021,Bull market,stress,stress,watch,stress,stress,stress,stress,-35.456915,11.780346,7.120811,2.892136,35,3,drawdown_watch_plus_var_watch_plus_tail
2021-05-28,2021,Bull market,stress,watch,normal,stress,stress,stress,stress,,11.780346,7.120811,,,3,damage_watch_context
2021-05-29,2021,Bull market,stress,watch,normal,stress,stress,stress,stress,,11.780346,7.120811,,,3,damage_watch_context
2021-05-30,2021,Bull market,stress,watch,normal,stress,stress,stress,stress,,11.780346,7.120811,,,3,damage_watch_context
2021-05-31,2021,Bull market,stress,watch,normal,stress,stress,stress,stress,,11.780346,7.120811,,,3,damage_watch_context
2021-06-01,2021,Bull market,stress,watch,normal,stress,stress,stress,stress,,11.780346,7.120811,,,3,damage_watch_context
2021-06-02,2021,Bull market,stress,watch,normal,stress,stress,stress,stress,,11.780346,7.120811,,,3,damage_watch_context
2021-06-03,2021,Bull market,stress,watch,normal,stress,stress,stress,stress,,11.780346,7.120811,,,3,damage_watch_context
2021-06-04,2021,Bull market,stress,crisis,stress,stress,stress,stress,stress,-42.413499,11.780346,7.120811,,36,3,drawdown_stress_plus_var_stress_plus_tail
2021-06-05,2021,Bull market,stress,crisis,stress,stress,stress,stress,stress,-43.580154,11.780346,6.921694,-2.025917,37,3,drawdown_stress_plus_var_stress_plus_tail
2021-06-06,2021,Bull market,stress,crisis,stress,stress,stress,stress,stress,-43.457166,11.780346,6.711044,0.217986,38,2,drawdown_stress_plus_var_stress_plus_tail
2021-06-07,2021,Bull market,stress,stress,stress,stress,stress,stress,normal,-42.268449,11.780346,6.526945,2.102331,39,1,drawdown_stress
2021-06-08,2021,Bull market,stress,crisis,stress,stress,stress,stress,stress,-47.562128,11.780346,6.714887,-9.169472,40,2,drawdown_stress_plus_var_stress_plus_tail
2021-06-09,2021,Bull market,stress,crisis,stress,stress,stress,stress,stress,-43.44506,10.375612,6.78844,7.851325,41,2,drawdown_stress_plus_var_stress_plus_tail
2021-06-10,2021,Bull market,stress,stress,watch,stress,stress,stress,stress,-39.337865,10.375612,6.817801,7.262309,42,2,drawdown_watch_plus_var_watch_plus_tail
2021-06-11,2021,Bull market,stress,crisis,stress,stress,stress,stress,stress,-40.885703,10.375612,6.639586,-2.551572,43,3,drawdown_stress_plus_var_stress_plus_tail
2021-06-12,2021,Bull market,stress,crisis,stress,stress,stress,stress,stress,-42.526575,10.375612,6.473125,-2.775762,44,3,drawdown_stress_plus_var_stress_plus_tail
2021-06-13,2021,Bull market,stress,crisis,stress,stress,stress,stress,stress,-42.384801,10.375612,6.276218,0.246677,45,3,drawdown_stress_plus_var_stress_plus_tail
2021-06-14,2021,Bull market,stress,stress,watch,stress,stress,stress,stress,-38.840949,10.375612,6.26877,6.150899,46,3,drawdown_watch_plus_var_watch_plus_tail
2021-06-15,2021,Bull market,stress,stress,watch,stress,stress,stress,stress,-38.253818,10.375612,6.082345,0.960007,47,2,drawdown_watch_plus_var_watch_plus_tail
2021-06-16,2021,Bull market,stress,stress,watch,stress,stress,watch,stress,-38.192042,10.375612,5.897103,0.100048,48,2,drawdown_watch_plus_var_watch_plus_tail
2021-06-17,2021,Bull market,stress,stress,watch,stress,stress,watch,stress,-38.034491,10.375612,5.717795,0.254903,49,2,drawdown_watch_plus_var_watch_plus_tail
2021-06-18,2021,Bull market,stress,crisis,stress,stress,stress,watch,stress,-40.787194,10.375612,5.649392,-4.442314,50,2,drawdown_stress_plus_var_stress_plus_tail
2021-06-19,2021,Bull market,stress,crisis,stress,stress,stress,watch,stress,-42.469215,10.375612,5.521309,-2.840638,51,2,drawdown_stress_plus_var_stress_plus_tail
2021-06-20,2021,Bull market,stress,crisis,stress,stress,stress,watch,stress,-45.391416,10.375612,5.495795,-5.079369,52,3,drawdown_stress_plus_var_stress_plus_tail
2021-06-21,2021,Bull market,stress,stress,stress,stress,watch,watch,stress,-46.517265,9.961989,5.352248,-2.06167,53,4,drawdown_stress
2021-06-22,2021,Bull market,stress,stress,stress,stress,watch,watch,crisis,-52.446788,9.961989,5.856859,-11.086798,54,5,drawdown_stress
2021-06-23,2021,Bull market,stress,crisis,stress,stress,stress,stress,stress,-45.174287,10.872424,6.802787,15.293397,55,5,drawdown_stress_plus_var_stress_plus_tail
2021-06-24,2021,Bull market,stress,crisis,stress,stress,stress,stress,stress,-44.797226,10.872424,6.597697,0.687744,56,5,drawdown_stress_plus_var_stress_plus_tail
2021-06-25,2021,Bull market,stress,watch,normal,stress,stress,stress,stress,,10.872424,6.597697,,,5,damage_watch_context
2021-06-26,2021,Bull market,stress,watch,normal,stress,stress,stress,stress,,10.872424,6.597697,,,5,damage_watch_context
2021-06-27,2021,Bull market,stress,watch,normal,stress,stress,stress,stress,,10.872424,6.597697,,,5,damage_watch_context
2021-06-28,2021,Bull market,stress,watch,normal,stress,stress,stress,stress,,10.872424,6.597697,,,5,damage_watch_context
2021-06-29,2021,Bull market,stress,watch,normal,stress,stress,stress,stress,,10.872424,6.597697,,,5,damage_watch_context
2021-06-30,2021,Bull market,stress,watch,normal,stress,stress,stress,stress,,10.872424,6.597697,,,5,damage_watch_context
2021-07-01,2021,Bull market,stress,watch,normal,stress,stress,stress,stress,,10.872424,6.597697,,,5,damage_watch_context
2021-07-02,2021,Bull market,stress,watch,normal,stress,stress,stress,stress,,10.872424,6.597697,,,5,damage_watch_context
2021-07-03,2021,Bull market,stress,watch,normal,stress,stress,stress,stress,,10.872424,6.597697,,,5,damage_watch_context
2021-07-04,2021,Bull market,stress,watch,normal,stress,stress,stress,stress,,10.872424,6.597697,,,5,damage_watch_context
2021-07-05,2021,Bull market,stress,watch,normal,stress,stress,stress,stress,,10.872424,6.597697,,,5,damage_watch_context
2021-07-06,2021,Bull market,stress,watch,normal,stress,stress,stress,stress,,10.872424,6.597697,,,5,damage_watch_context
2021-07-07,2021,Bull market,stress,watch,normal,stress,stress,stress,stress,,10.872424,6.597697,,,5,damage_watch_context
2021-07-08,2021,Bull market,stress,watch,normal,stress,stress,stress,stress,,10.872424,6.597697,,,5,damage_watch_context
2021-07-09,2021,Bull market,stress,crisis,stress,stress,stress,stress,stress,-47.01208,10.872424,6.597697,,57,5,drawdown_stress_plus_var_stress_plus_tail
2021-07-10,2021,Bull market,stress,crisis,stress,stress,stress,stress,stress,-46.561404,10.872424,6.400097,0.850526,58,4,drawdown_stress_plus_var_stress_plus_tail
2021-07-11,2021,Bull market,stress,crisis,stress,stress,stress,stress,stress,-45.967009,10.872424,6.211103,1.112296,59,3,drawdown_stress_plus_var_stress_plus_tail
2021-07-12,2021,Bull market,stress,stress,stress,stress,watch,stress,stress,-46.295605,9.961989,6.02373,-0.60814,60,2,drawdown_stress
2021-07-13,2021,Bull market,stress,stress,stress,stress,watch,watch,stress,-47.427483,9.961989,5.862996,-2.107608,61,2,drawdown_stress
2021-07-14,2021,Bull market,stress,stress,stress,stress,watch,watch,normal,-46.968096,9.961989,5.688414,0.873816,62,1,drawdown_stress
2021-07-15,2021,Bull market,stress,stress,stress,stress,watch,watch,stress,-48.569402,9.961989,5.564496,-3.019515,63,2,drawdown_stress
2021-07-16,2021,Bull market,stress,stress,stress,stress,watch,watch,stress,-49.575142,7.328926,5.416202,-1.955529,64,2,drawdown_stress
2021-07-17,2021,Bull market,stress,stress,stress,stress,watch,watch,stress,-49.576323,7.328926,5.251203,-0.002341,65,2,drawdown_stress
2021-07-18,2021,Bull market,stress,stress,stress,stress,watch,watch,stress,-49.400487,7.328926,5.091946,0.348717,66,2,drawdown_stress
2021-07-19,2021,Bull market,stress,stress,stress,stress,watch,watch,stress,-50.681842,7.328926,4.975642,-2.532348,67,3,drawdown_stress
2021-07-20,2021,Bull market,stress,stress,stress,stress,watch,watch,stress,-52.350186,7.328926,4.894711,-3.382819,68,3,drawdown_stress
2021-07-21,2021,Bull market,stress,stress,stress,stress,watch,watch,stress,-49.310129,7.328926,4.996295,6.379999,69,3,drawdown_stress
2021-07-22,2021,Bull market,stress,stress,stress,stress,watch,watch,stress,-48.200915,7.328926,4.873653,2.188236,70,2,drawdown_stress
2021-07-23,2021,Bull market,stress,stress,stress,stress,watch,watch,stress,-48.150329,7.328926,4.725242,0.097657,71,2,drawdown_stress
2021-07-24,2021,Bull market,stress,stress,stress,stress,normal,watch,stress,-47.029152,4.792694,4.61181,2.162361,72,2,drawdown_stress
2021-07-25,2021,Bull market,stress,stress,stress,stress,normal,watch,stress,-46.44188,4.792694,4.479555,1.108671,73,2,drawdown_stress
2021-07-26,2021,Bull market,stress,stress,stress,stress,normal,watch,normal,-44.835248,4.792694,4.40481,2.999791,74,1,drawdown_stress
2021-07-27,2021,Bull market,stress,stress,stress,stress,normal,watch,normal,-45.29684,4.792694,4.275537,-0.836752,75,0,drawdown_stress
2021-07-28,2021,Bull market,stress,stress,stress,stress,normal,normal,normal,-45.430602,4.792694,4.14572,-0.244522,76,0,drawdown_stress
2021-07-29,2021,Bull market,stress,stress,stress,stress,normal,normal,normal,-44.77408,4.792694,4.030213,1.203096,77,0,drawdown_stress
2021-07-30,2021,Bull market,stress,watch,normal,stress,normal,normal,normal,,4.792694,4.030213,,,0,damage_watch_context
2021-07-31,2021,Bull market,stress,watch,normal,stress,normal,normal,normal,,4.792694,4.030213,,,0,damage_watch_context
2021-08-01,2021,Bull market,stress,watch,normal,stress,normal,normal,normal,,4.792694,4.030213,,,0,damage_watch_context
2021-08-02,2021,Bull market,stress,watch,normal,stress,normal,normal,normal,,4.792694,4.030213,,,0,damage_watch_context
2021-08-03,2021,Bull market,stress,watch,normal,stress,normal,normal,normal,,4.792694,4.030213,,,0,damage_watch_context
2021-08-04,2021,Bull market,stress,watch,normal,stress,normal,normal,normal,,4.792694,4.030213,,,0,damage_watch_context
2021-08-05,2021,Bull market,stress,watch,normal,stress,normal,normal,normal,,4.792694,4.030213,,,0,damage_watch_context
2021-08-06,2021,Bull market,stress,watch,watch,stress,normal,normal,normal,-35.234046,4.792694,4.030213,,78,0,damage_watch_context
2021-08-07,2021,Bull market,stress,watch,watch,stress,normal,normal,normal,-33.775159,4.792694,3.946201,2.252551,79,0,damage_watch_context
2021-08-08,2021,Bull market,stress,watch,watch,stress,normal,normal,normal,-32.070391,4.792694,3.877595,2.574214,80,0,damage_watch_context
2021-08-09,2021,Bull market,stress,watch,watch,stress,normal,normal,normal,-31.691454,4.792694,3.761951,0.557837,81,0,damage_watch_context
2021-08-10,2021,Bull market,stress,watch,watch,stress,normal,normal,normal,-32.598166,4.792694,3.66181,-1.327378,82,0,damage_watch_context
2021-08-11,2021,Bull market,stress,watch,watch,stress,normal,normal,normal,-30.249727,4.315922,3.651399,3.484237,83,0,damage_watch_context
2021-08-12,2021,Bull market,stress,watch,watch,stress,normal,normal,normal,-30.940051,4.315922,3.548454,-0.989708,84,0,damage_watch_context
2021-08-13,2021,Bull market,stress,watch,watch,stress,normal,normal,normal,-26.918608,3.219332,3.724319,5.823119,85,0,damage_watch_context
2021-08-14,2021,Bull market,stress,watch,watch,stress,normal,normal,normal,-26.822561,3.219332,3.611005,0.131425,86,0,damage_watch_context
2021-08-15,2021,Bull market,stress,watch,watch,stress,normal,normal,normal,-27.027356,2.80029,3.50167,-0.27986,87,0,damage_watch_context
2021-08-16,2021,Bull market,stress,watch,watch,stress,normal,normal,normal,-26.330945,2.80029,3.403034,0.954344,88,0,damage_watch_context
2021-08-17,2021,Bull market,stress,watch,watch,stress,normal,normal,normal,-25.938209,2.80029,3.301947,0.533109,89,0,damage_watch_context
2021-08-18,2021,Bull market,stress,watch,watch,stress,normal,normal,normal,-26.890877,2.80029,3.216824,-1.286316,90,0,damage_watch_context
2021-08-19,2021,Bull market,stress,watch,watch,stress,normal,normal,normal,-27.013532,2.80029,3.119098,-0.16777,91,0,damage_watch_context
2021-08-20,2021,Bull market,stress,watch,watch,stress,normal,normal,normal,-24.638156,2.80029,3.12739,3.254544,92,0,damage_watch_context
2021-08-21,2021,Bull market,stress,watch,watch,stress,normal,normal,normal,-22.959993,2.80029,3.080788,2.226808,93,0,damage_watch_context
2021-08-22,2021,Bull market,stress,watch,watch,stress,normal,normal,normal,-23.55768,2.80029,2.992974,-0.775814,94,0,damage_watch_context
2021-08-23,2021,Bull market,stress,watch,watch,stress,normal,normal,normal,-22.569862,2.272779,2.919009,1.29224,95,0,damage_watch_context
2021-08-24,2021,Bull market,stress,watch,watch,stress,normal,normal,normal,-23.245043,1.990111,2.838133,-0.871988,96,0,damage_watch_context
2021-08-25,2021,Bull market,stress,watch,watch,stress,normal,normal,normal,-23.712078,1.990111,2.755705,-0.608475,97,0,damage_watch_context
2021-08-26,2021,Bull market,stress,watch,watch,stress,normal,normal,normal,-23.677641,1.990111,2.671778,0.045141,98,0,damage_watch_context
2021-08-27,2021,Bull market,stress,watch,normal,stress,normal,normal,normal,,1.990111,2.671778,,,0,damage_watch_context
2021-08-28,2021,Bull market,stress,watch,normal,stress,normal,normal,normal,,1.990111,2.671778,,,0,damage_watch_context
2021-08-29,2021,Bull market,stress,watch,normal,stress,normal,normal,normal,,1.990111,2.671778,,,0,damage_watch_context
2021-08-30,2021,Bull market,stress,watch,normal,stress,normal,normal,normal,,1.990111,2.671778,,,0,damage_watch_context
2021-08-31,2021,Bull market,stress,watch,normal,stress,normal,normal,normal,,1.990111,2.671778,,,0,damage_watch_context
2021-09-01,2021,Bull market,stress,watch,normal,stress,normal,normal,normal,,1.990111,2.671778,,,0,damage_watch_context
2021-09-02,2021,Bull market,stress,watch,normal,stress,normal,normal,normal,,1.990111,2.671778,,,0,damage_watch_context
2021-09-03,2021,Bull market,stress,watch,watch,stress,normal,normal,normal,-20.409009,1.990111,2.671778,,99,0,damage_watch_context
2021-09-04,2021,Bull market,stress,watch,watch,stress,normal,normal,normal,-20.414825,1.3089,2.590386,-0.007307,100,0,damage_watch_context
2021-09-05,2021,Bull market,stress,watch,watch,stress,normal,normal,normal,-20.247835,1.152842,2.511998,0.209825,101,0,damage_watch_context
2021-09-06,2021,Bull market,stress,watch,normal,stress,normal,normal,normal,-18.690296,1.152842,2.48201,1.952973,102,0,damage_watch_context
2021-09-07,2021,Bull market,stress,watch,normal,stress,normal,normal,normal,-19.457862,1.152842,2.417482,-0.944002,103,0,damage_watch_context
2021-09-08,2021,Bull market,stress,stress,watch,stress,normal,normal,stress,-25.073089,1.152842,2.899985,-6.971788,104,1,drawdown_watch_plus_duration_plus_risk_signal
2021-09-09,2021,Bull market,stress,watch,watch,stress,normal,normal,normal,-23.821629,1.3089,2.84125,1.670241,105,1,damage_watch_context
2021-09-10,2021,Bull market,stress,stress,watch,stress,normal,normal,stress,-27.409269,1.3089,2.986489,-4.709526,106,2,drawdown_watch_plus_duration_plus_risk_signal
2021-09-11,2021,Bull market,stress,stress,watch,stress,normal,normal,stress,-27.406852,3.187559,2.895509,0.003329,107,2,drawdown_watch_plus_duration_plus_risk_signal
2021-09-12,2021,Bull market,stress,stress,watch,stress,normal,normal,stress,-26.571579,3.187559,2.821413,1.150623,108,2,drawdown_watch_plus_duration_plus_risk_signal
2021-09-13,2021,Bull market,stress,stress,watch,stress,normal,normal,stress,-26.472449,3.187559,2.735661,0.135001,109,2,drawdown_watch_plus_duration_plus_risk_signal
2021-09-14,2021,Bull market,stress,stress,watch,stress,normal,normal,stress,-26.025813,3.187559,2.656492,0.607441,110,2,drawdown_watch_plus_duration_plus_risk_signal
2021-09-15,2021,Bull market,stress,watch,watch,stress,normal,normal,normal,-23.924793,3.187559,2.667872,2.840207,111,1,damage_watch_context
2021-09-16,2021,Bull market,stress,watch,watch,stress,normal,normal,normal,-23.728306,3.187559,2.587371,0.258279,112,1,damage_watch_context
2021-09-17,2021,Bull market,stress,watch,watch,stress,normal,normal,normal,-24.801416,3.187559,2.532112,-1.406956,113,0,damage_watch_context
2021-09-18,2021,Bull market,stress,watch,watch,stress,normal,normal,normal,-23.028172,3.223369,2.522009,2.358081,114,0,damage_watch_context
2021-09-19,2021,Bull market,stress,watch,watch,stress,normal,normal,normal,-24.11138,3.223369,2.469357,-1.407278,115,0,damage_watch_context
2021-09-20,2021,Bull market,stress,stress,watch,stress,normal,normal,stress,-28.98099,3.223515,2.863978,-6.416786,116,1,drawdown_watch_plus_duration_plus_risk_signal
2021-09-21,2021,Bull market,stress,watch,watch,stress,normal,normal,normal,-30.294547,5.648519,2.813447,-1.849585,117,1,damage_watch_context
2021-09-22,2021,Bull market,stress,watch,watch,stress,normal,normal,normal,-31.331181,5.648519,2.751955,-1.487163,118,1,damage_watch_context
2021-09-23,2021,Bull market,stress,watch,watch,stress,normal,normal,normal,-28.764871,5.648519,2.820793,3.737227,119,1,damage_watch_context
2021-09-24,2021,Bull market,stress,watch,normal,stress,normal,normal,normal,,5.648519,2.820793,,,1,damage_watch_context
2021-09-25,2021,Bull market,stress,watch,normal,stress,normal,normal,normal,,5.648519,2.820793,,,1,damage_watch_context
2021-09-26,2021,Bull market,stress,watch,normal,stress,normal,normal,normal,,5.648519,2.820793,,,1,damage_watch_context
2021-09-27,2021,Bull market,stress,watch,normal,stress,normal,normal,normal,,5.648519,2.820793,,,1,damage_watch_context
2021-09-28,2021,Bull market,stress,watch,normal,stress,normal,normal,normal,,5.648519,2.820793,,,1,damage_watch_context
2021-09-29,2021,Bull market,stress,watch,normal,stress,normal,normal,normal,,5.648519,2.820793,,,1,damage_watch_context
2021-09-30,2021,Bull market,stress,watch,normal,stress,normal,normal,normal,,5.648519,2.820793,,,1,damage_watch_context
2021-10-01,2021,Bull market,stress,watch,normal,stress,normal,normal,normal,,5.648519,2.820793,,,1,damage_watch_context
2021-10-02,2021,Bull market,stress,watch,normal,stress,normal,normal,normal,,5.648519,2.820793,,,1,damage_watch_context
2021-10-03,2021,Bull market,stress,watch,normal,stress,normal,normal,normal,,5.648519,2.820793,,,1,damage_watch_context
2021-10-04,2021,Bull market,stress,watch,normal,stress,normal,normal,normal,,5.648519,2.820793,,,1,damage_watch_context
2021-10-05,2021,Bull market,stress,watch,normal,stress,normal,normal,normal,,5.648519,2.820793,,,1,damage_watch_context
2021-10-06,2021,Bull market,stress,watch,normal,stress,normal,normal,normal,,5.648519,2.820793,,,1,damage_watch_context
2021-10-07,2021,Bull market,stress,watch,normal,stress,normal,normal,normal,,5.648519,2.820793,,,1,damage_watch_context
2021-10-08,2021,Bull market,stress,watch,normal,stress,normal,normal,normal,-13.574803,5.648519,2.820793,,120,1,damage_watch_context
2021-10-09,2021,Bull market,stress,watch,normal,stress,normal,normal,normal,-11.955877,5.648519,2.773084,1.873211,121,1,damage_watch_context
2021-10-10,2021,Bull market,stress,watch,normal,stress,normal,normal,normal,-11.596629,5.648519,2.690462,0.408032,122,1,damage_watch_context
2021-10-11,2021,Bull market,stress,watch,normal,stress,normal,normal,normal,-9.509767,5.648519,2.671819,2.360613,123,1,damage_watch_context
2021-10-12,2021,Bull market,stress,watch,normal,stress,normal,normal,normal,-9.253424,5.648519,2.591354,0.283283,124,0,damage_watch_context
2021-10-13,2021,Bull market,stress,watch,normal,stress,normal,normal,watch,-11.665555,5.648519,2.595407,-2.658096,125,1,damage_watch_context
2021-10-14,2021,Bull market,stress,watch,normal,stress,normal,normal,normal,-7.683556,5.648519,2.747949,4.507867,126,1,damage_watch_context
2021-10-15,2021,Bull market,stress,watch,normal,stress,normal,normal,normal,-7.28816,5.648519,2.6663,0.428305,127,1,damage_watch_context
2021-10-16,2021,Bull market,stress,watch,normal,stress,normal,normal,normal,-4.713523,5.648519,2.673073,2.777031,128,1,damage_watch_context
2021-10-17,2021,Bull market,stress,watch,normal,stress,normal,normal,normal,-4.485414,5.648519,2.592304,0.239392,129,1,damage_watch_context
2021-10-18,2021,Bull market,stress,watch,normal,stress,normal,normal,normal,-2.665293,5.648519,2.556309,1.905595,130,1,damage_watch_context
2021-10-19,2021,Bull market,stress,watch,normal,stress,normal,normal,normal,-2.252033,5.648519,2.480614,0.424577,131,1,damage_watch_context
2021-10-20,2021,Bull market,normal,normal,normal,normal,normal,normal,normal,0,5.648519,2.48299,2.519911,0,0,
2021-10-21,2021,Bull market,normal,normal,normal,normal,normal,normal,normal,-1.264816,5.648519,2.427202,-1.264816,1,0,
2021-10-22,2021,Bull market,normal,normal,normal,normal,normal,normal,normal,-1.735037,5.648519,2.356149,-0.476245,2,0,
2021-10-23,2021,Bull market,normal,normal,normal,normal,normal,normal,normal,-2.15574,5.648519,2.286777,-0.428131,3,0,
2021-10-24,2021,Bull market,normal,normal,normal,normal,normal,normal,normal,-2.910935,3.786382,2.225159,-0.771834,4,0,
2021-10-25,2021,Bull market,normal,normal,normal,normal,normal,normal,normal,0,3.786382,2.344909,3.751321,0,0,
2021-10-26,2021,Bull market,normal,normal,normal,normal,normal,normal,normal,-0.97283,2.294266,2.285928,-0.97283,1,0,
2021-10-27,2021,Bull market,normal,normal,normal,normal,normal,normal,watch,-5.266534,2.294266,2.457627,-4.335885,2,1,
2021-10-28,2021,Bull market,normal,normal,normal,normal,normal,normal,normal,-1.249822,3.58088,2.599269,4.240014,3,1,
2021-10-29,2021,Bull market,normal,normal,normal,normal,normal,normal,normal,,3.58088,2.599269,,,1,
2021-10-30,2021,Bull market,normal,normal,normal,normal,normal,normal,normal,,3.58088,2.599269,,,1,
2021-10-31,2021,Bull market,normal,normal,normal,normal,normal,normal,normal,,3.58088,2.599269,,,1,
2021-11-01,2021,Bull market,normal,normal,normal,normal,normal,normal,normal,,3.58088,2.599269,,,1,
2021-11-02,2021,Bull market,normal,normal,normal,normal,normal,normal,normal,,3.58088,2.599269,,,1,
2021-11-03,2021,Bull market,normal,normal,normal,normal,normal,normal,normal,,3.58088,2.599269,,,1,
2021-11-04,2021,Bull market,normal,normal,normal,normal,normal,normal,normal,,3.58088,2.599269,,,1,
2021-11-05,2021,Bull market,normal,normal,normal,normal,normal,normal,normal,-2.496787,3.58088,2.599269,,4,1,
2021-11-06,2021,Bull market,normal,normal,normal,normal,normal,normal,normal,-3.899237,3.58088,2.544594,-1.438363,5,1,
2021-11-07,2021,Bull market,normal,normal,normal,normal,normal,normal,normal,-2.333606,3.58088,2.499142,1.629156,6,1,
2021-11-08,2021,Bull market,normal,normal,normal,normal,normal,normal,normal,0,3.58088,2.611274,3.974471,0,1,
2021-11-09,2021,Bull market,normal,normal,normal,normal,normal,normal,normal,0,3.58088,2.558308,1.501735,0,1,
2021-11-10,2021,Bull market,normal,normal,normal,normal,normal,normal,normal,0,3.58088,2.487971,0.793261,0,1,
2021-11-11,2021,Bull market,normal,normal,normal,normal,normal,normal,normal,-0.913402,3.58088,2.422531,-0.913402,1,0,
2021-11-12,2021,Bull market,normal,normal,normal,normal,normal,normal,watch,-3.368574,3.58088,2.425883,-2.477804,2,1,
2021-11-13,2021,Bull market,normal,normal,normal,normal,normal,normal,normal,-1.840887,2.576965,2.383648,1.580942,3,1,
2021-11-14,2021,Bull market,normal,normal,normal,normal,normal,normal,normal,-2.00184,2.576965,2.311382,-0.163972,4,1,
2021-11-15,2021,Bull market,normal,normal,normal,normal,normal,normal,normal,-1.074113,2.576965,2.252933,0.946678,5,1,
2021-11-16,2021,Bull market,normal,normal,normal,normal,normal,normal,stress,-6.125602,2.576965,2.517071,-5.106337,6,2,
2021-11-17,2021,Bull market,normal,normal,normal,normal,normal,normal,stress,-8.086305,3.58088,2.493442,-2.088645,7,3,
2021-11-18,2021,Bull market,normal,normal,normal,normal,normal,normal,stress,-8.957098,3.58088,2.428595,-0.947403,8,3,
2021-11-19,2021,Bull market,normal,normal,normal,normal,normal,normal,stress,-13.162302,3.58088,2.612328,-4.618925,9,3,
2021-11-20,2021,Bull market,normal,normal,normal,normal,normal,normal,stress,-12.720265,4.491557,2.535813,0.509037,10,3,
2021-11-21,2021,Bull market,normal,normal,normal,normal,normal,normal,stress,-11.707867,4.491557,2.474925,1.159947,11,3,
2021-11-22,2021,Bull market,normal,normal,normal,normal,normal,normal,stress,-12.160209,4.491557,2.402809,-0.512325,12,3,
2021-11-23,2021,Bull market,normal,normal,normal,normal,normal,normal,stress,-11.807969,4.491557,2.331679,0.401003,13,2,
2021-11-24,2021,Bull market,watch,watch,normal,watch,normal,normal,normal,-13.377487,4.491557,2.302294,-1.779659,14,1,damage_watch_context
2021-11-25,2021,Bull market,watch,watch,normal,watch,normal,normal,normal,-9.899683,4.491557,2.439198,4.014896,15,1,damage_watch_context
2021-11-26,2021,Bull market,watch,watch,normal,watch,normal,normal,normal,,4.491557,2.439198,,,1,damage_watch_context
2021-11-27,2021,Bull market,watch,watch,normal,watch,normal,normal,normal,,4.491557,2.439198,,,1,damage_watch_context
2021-11-28,2021,Bull market,watch,watch,normal,watch,normal,normal,normal,,4.491557,2.439198,,,1,damage_watch_context
2021-11-29,2021,Bull market,watch,watch,normal,watch,normal,normal,normal,,4.491557,2.439198,,,1,damage_watch_context
2021-11-30,2021,Bull market,watch,watch,normal,watch,normal,normal,normal,,4.491557,2.439198,,,1,damage_watch_context
2021-12-01,2021,Bull market,watch,watch,normal,watch,normal,normal,normal,,4.491557,2.439198,,,1,damage_watch_context
2021-12-02,2021,Bull market,watch,watch,normal,watch,normal,normal,normal,,4.491557,2.439198,,,1,damage_watch_context
2021-12-03,2021,Bull market,watch,watch,normal,watch,normal,normal,normal,-14.452604,4.491557,2.439198,,16,1,damage_watch_context
2021-12-04,2021,Bull market,watch,watch,watch,watch,normal,normal,crisis,-26.24721,4.491557,4.122857,-13.787219,17,1,damage_watch_context
2021-12-05,2021,Bull market,watch,watch,watch,watch,normal,normal,normal,-24.331233,4.887002,4.047592,2.597837,18,1,damage_watch_context
2021-12-06,2021,Bull market,watch,watch,watch,watch,normal,normal,normal,-25.4818,4.887002,3.941921,-1.52053,19,1,damage_watch_context
2021-12-07,2021,Bull market,watch,watch,watch,watch,normal,normal,normal,-20.481096,4.887002,4.160341,6.710714,20,1,damage_watch_context
2021-12-08,2021,Bull market,stress,watch,watch,stress,normal,normal,normal,-21.685741,4.887002,4.050633,-1.514916,21,1,damage_watch_context
2021-12-09,2021,Bull market,stress,stress,watch,stress,normal,normal,stress,-25.032662,4.887002,4.064363,-4.273706,22,2,drawdown_watch_plus_duration_plus_risk_signal
2021-12-10,2021,Bull market,stress,stress,watch,stress,normal,normal,stress,-27.291313,4.887002,4.009057,-3.012846,23,3,drawdown_watch_plus_duration_plus_risk_signal
2021-12-11,2021,Bull market,stress,stress,watch,stress,normal,normal,stress,-26.731385,4.887002,3.891499,0.770097,24,2,drawdown_watch_plus_duration_plus_risk_signal
2021-12-12,2021,Bull market,stress,stress,watch,stress,normal,normal,stress,-25.3071,4.887002,3.802877,1.943922,25,2,drawdown_watch_plus_duration_plus_risk_signal
2021-12-13,2021,Bull market,stress,stress,watch,stress,normal,normal,stress,-27.010438,4.887002,3.7291,-2.280454,26,3,drawdown_watch_plus_duration_plus_risk_signal
2021-12-14,2021,Bull market,stress,stress,watch,stress,normal,normal,stress,-27.365108,4.887002,3.617455,-0.485919,27,3,drawdown_watch_plus_duration_plus_risk_signal
2021-12-15,2021,Bull market,stress,stress,watch,stress,normal,normal,stress,-27.199672,4.887002,3.507697,0.227764,28,3,drawdown_watch_plus_duration_plus_risk_signal
2021-12-16,2021,Bull market,stress,stress,watch,stress,normal,normal,stress,-25.374187,4.887002,3.455859,2.507523,29,2,drawdown_watch_plus_duration_plus_risk_signal
2021-12-17,2021,Bull market,stress,stress,watch,stress,normal,normal,stress,-30.26582,4.887002,3.715423,-6.554881,30,2,drawdown_watch_plus_duration_plus_risk_signal
2021-12-18,2021,Bull market,stress,stress,watch,stress,normal,normal,stress,-28.608641,5.903036,3.648966,2.376424,31,2,drawdown_watch_plus_duration_plus_risk_signal
2021-12-19,2021,Bull market,stress,stress,watch,stress,normal,normal,stress,-28.568866,5.903036,3.53783,0.055714,32,2,drawdown_watch_plus_duration_plus_risk_signal
2021-12-20,2021,Bull market,stress,watch,watch,stress,normal,normal,normal,-29.250948,5.903036,3.438019,-0.954881,33,1,damage_watch_context
2021-12-21,2021,Bull market,stress,watch,watch,stress,normal,normal,normal,-26.342935,5.903036,3.482019,4.110321,34,1,damage_watch_context
2021-12-22,2021,Bull market,stress,watch,watch,stress,normal,normal,normal,-25.647951,5.903036,3.383845,0.94354,35,1,damage_watch_context
2021-12-23,2021,Bull market,stress,watch,watch,stress,normal,normal,normal,-25.367629,5.903036,3.282059,0.377019,36,1,damage_watch_context
2021-12-24,2021,Bull market,stress,watch,watch,stress,normal,normal,normal,-23.010016,5.903036,3.274804,3.158968,37,0,damage_watch_context
2021-12-25,2021,Bull market,stress,watch,watch,stress,normal,normal,normal,-22.633152,5.683701,3.177304,0.489498,38,0,damage_watch_context
2021-12-26,2021,Bull market,stress,watch,watch,stress,normal,normal,normal,-23.284769,5.683701,3.087411,-0.842244,39,0,damage_watch_context
2021-12-27,2021,Bull market,stress,watch,watch,stress,normal,normal,normal,-21.13458,5.683701,3.071079,2.802819,40,0,damage_watch_context
2021-12-28,2021,Bull market,stress,stress,watch,stress,normal,normal,watch,-24.223585,5.528352,3.128277,-3.916806,41,1,drawdown_watch_plus_duration_plus_risk_signal
2021-12-29,2021,Bull market,stress,stress,watch,stress,normal,normal,stress,-26.171711,5.528352,3.097663,-2.570887,42,2,drawdown_watch_plus_duration_plus_risk_signal
2021-12-30,2021,Bull market,stress,stress,watch,stress,normal,normal,stress,-26.81069,5.528352,3.010769,-0.865493,43,2,drawdown_watch_plus_duration_plus_risk_signal
2022-01-07,2022,Bear market,normal,normal,normal,normal,normal,normal,stress,0,,,,0,2,
2022-01-08,2022,Bear market,normal,normal,normal,normal,normal,normal,stress,0,,0.445357,0.445357,0,2,
2022-01-09,2022,Bear market,normal,normal,normal,normal,normal,normal,stress,-0.14295,,0.433207,-0.14295,1,2,
2022-01-10,2022,Bear market,normal,normal,normal,normal,normal,normal,stress,-1.697787,,0.56734,-1.557063,2,2,
2022-01-11,2022,Bear market,normal,normal,normal,normal,normal,normal,stress,0,,0.814281,2.451161,0,2,
2022-01-12,2022,Bear market,normal,normal,normal,normal,normal,normal,normal,0,,1.220181,3.79818,0,1,
2022-01-13,2022,Bear market,normal,normal,normal,normal,normal,normal,normal,0,,1.210717,1.051387,0,0,
2022-01-14,2022,Bear market,normal,normal,normal,normal,normal,normal,watch,-2.622547,,1.338114,-2.622547,1,1,
2022-01-15,2022,Bear market,normal,normal,normal,normal,normal,normal,normal,-1.783316,,1.314413,0.861833,2,1,
2022-01-16,2022,Bear market,normal,normal,normal,normal,normal,normal,normal,-1.761909,,1.274382,0.021795,3,1,
2022-01-17,2022,Bear market,normal,normal,normal,normal,normal,normal,normal,-2.694222,,1.257238,-0.949034,4,1,
2022-01-18,2022,Bear market,normal,normal,normal,normal,normal,normal,stress,-5.268819,,1.380525,-2.645883,5,2,
2022-01-19,2022,Bear market,normal,normal,normal,normal,normal,normal,stress,-2.73781,,1.489901,2.67178,6,2,
2022-01-20,2022,Bear market,normal,normal,normal,normal,normal,normal,stress,-1.417053,,1.482314,1.357935,7,2,
2022-01-21,2022,Bear market,normal,normal,normal,normal,normal,normal,crisis,-12.773785,,3.166703,-11.519976,8,2,
2022-01-22,2022,Bear market,normal,normal,normal,normal,normal,normal,stress,-19.664794,,3.629198,-7.900159,9,3,
2022-01-23,2022,Bear market,normal,normal,normal,normal,normal,normal,stress,-19.210339,,3.521366,0.565698,10,3,
2022-01-24,2022,Bear market,watch,watch,watch,normal,normal,normal,stress,-22.868191,,3.589704,-4.527624,11,4,damage_watch_context
2022-01-25,2022,Bear market,normal,normal,normal,normal,normal,normal,stress,-16.878394,,3.966252,7.765665,12,3,
2022-01-26,2022,Bear market,normal,normal,normal,normal,normal,normal,stress,-12.543579,,4.052046,5.215027,13,3,
2022-01-27,2022,Bear market,watch,watch,normal,watch,normal,normal,stress,-15.75674,,4.030364,-3.674014,14,4,damage_watch_context
2022-01-28,2022,Bear market,watch,watch,normal,watch,normal,normal,stress,,,4.030364,,,4,damage_watch_context
2022-01-29,2022,Bear market,watch,watch,normal,watch,normal,normal,stress,,,4.030364,,,4,damage_watch_context
2022-01-30,2022,Bear market,watch,watch,normal,watch,normal,normal,stress,,,4.030364,,,4,damage_watch_context
2022-01-31,2022,Bear market,watch,watch,normal,watch,normal,normal,stress,,,4.030364,,,4,damage_watch_context
2022-02-01,2022,Bear market,watch,watch,normal,watch,normal,normal,stress,,,4.030364,,,4,damage_watch_context
2022-02-02,2022,Bear market,watch,watch,normal,watch,normal,normal,stress,,,4.030364,,,4,damage_watch_context
2022-02-03,2022,Bear market,watch,watch,normal,watch,normal,normal,stress,,,4.030364,,,4,damage_watch_context
2022-02-04,2022,Bear market,watch,watch,normal,watch,normal,normal,stress,-13.766678,,4.030364,,15,4,damage_watch_context
2022-02-05,2022,Bear market,watch,watch,normal,watch,normal,normal,stress,-9.761766,,4.069811,4.644275,16,3,damage_watch_context
2022-02-06,2022,Bear market,watch,watch,normal,watch,normal,normal,stress,-10.10979,,3.946959,-0.385673,17,2,damage_watch_context
2022-02-07,2022,Bear market,watch,watch,normal,watch,normal,normal,stress,-7.600561,,3.887326,2.791438,18,2,damage_watch_context
2022-02-08,2022,Bear market,watch,watch,normal,watch,normal,normal,normal,-8.453133,,3.775673,-0.922703,19,1,damage_watch_context
2022-02-09,2022,Bear market,watch,watch,normal,watch,normal,normal,normal,-7.72212,,3.665872,0.798513,20,1,damage_watch_context
2022-02-10,2022,Bear market,stress,watch,normal,stress,normal,normal,normal,-7.304418,,3.555924,0.452656,21,1,damage_watch_context
2022-02-11,2022,Bear market,stress,watch,normal,stress,normal,normal,normal,-1.009874,,3.827874,6.790555,22,0,damage_watch_context
2022-02-12,2022,Bear market,stress,watch,normal,stress,normal,normal,watch,-3.689873,,3.770046,-2.707339,23,1,damage_watch_context
2022-02-13,2022,Bear market,stress,watch,normal,stress,normal,normal,normal,-2.902435,,3.660677,0.817606,24,1,damage_watch_context
2022-02-14,2022,Bear market,stress,watch,normal,stress,normal,normal,normal,-2.966795,,3.549195,-0.066284,25,1,damage_watch_context
2022-02-15,2022,Bear market,normal,normal,normal,normal,watch,normal,normal,0,6.382518,3.567358,3.840708,0,1,
2022-02-16,2022,Bear market,normal,normal,normal,normal,watch,normal,normal,-1.130611,6.382518,3.469752,-1.130611,1,1,
2022-02-17,2022,Bear market,normal,normal,normal,normal,watch,normal,stress,-4.670893,6.382518,3.476513,-3.580766,2,2,
2022-02-18,2022,Bear market,normal,normal,normal,normal,watch,normal,stress,-8.472114,6.382518,3.509269,-3.987471,3,3,
2022-02-19,2022,Bear market,normal,normal,normal,normal,watch,normal,stress,-9.693261,6.382518,3.418022,-1.33418,4,2,
2022-02-20,2022,Bear market,normal,normal,normal,normal,watch,normal,stress,-13.272267,6.382518,3.453158,-3.963166,5,3,
2022-02-21,2022,Bear market,normal,normal,normal,normal,watch,normal,stress,-12.229187,6.382518,3.360898,1.202706,6,3,
2022-02-22,2022,Bear market,normal,normal,normal,normal,watch,normal,stress,-13.494211,6.382518,3.27758,-1.441281,7,3,
2022-02-23,2022,Bear market,normal,normal,normal,normal,watch,normal,stress,-12.126734,6.382518,3.201236,1.580793,8,3,
2022-02-24,2022,Bear market,normal,normal,normal,normal,watch,normal,stress,-19.088904,6.382518,3.660525,-7.922967,9,3,
2022-02-25,2022,Bear market,normal,normal,normal,normal,watch,normal,stress,,6.382518,3.660525,,,3,
2022-02-26,2022,Bear market,normal,normal,normal,normal,watch,normal,stress,,6.382518,3.660525,,,3,
2022-02-27,2022,Bear market,normal,normal,normal,normal,watch,normal,stress,,6.382518,3.660525,,,3,
2022-02-28,2022,Bear market,normal,normal,normal,normal,watch,normal,stress,,6.382518,3.660525,,,3,
2022-03-01,2022,Bear market,normal,normal,normal,normal,watch,normal,stress,,6.382518,3.660525,,,3,
2022-03-02,2022,Bear market,normal,normal,normal,normal,watch,normal,stress,,6.382518,3.660525,,,3,
2022-03-03,2022,Bear market,normal,normal,normal,normal,watch,normal,stress,,6.382518,3.660525,,,3,
2022-03-04,2022,Bear market,normal,normal,normal,normal,watch,normal,stress,-7.506694,6.382518,3.660525,,10,3,
2022-03-05,2022,Bear market,normal,normal,normal,normal,watch,normal,stress,-11.382728,7.912703,3.694476,-4.19061,11,3,
2022-03-06,2022,Bear market,normal,normal,normal,normal,watch,normal,stress,-11.997817,7.912703,3.58596,-0.694097,12,3,
2022-03-07,2022,Bear market,normal,normal,normal,normal,watch,normal,stress,-11.820887,7.912703,3.477066,0.201052,13,2,
2022-03-08,2022,Bear market,watch,watch,normal,watch,watch,normal,stress,-11.944994,7.912703,3.371317,-0.140744,14,2,damage_watch_context
2022-03-09,2022,Bear market,watch,watch,normal,watch,watch,normal,stress,-4.511162,6.382518,3.867833,8.442259,15,2,damage_watch_context
2022-03-10,2022,Bear market,watch,watch,normal,watch,normal,normal,stress,-10.755391,4.375968,4.077771,-6.539224,16,3,damage_watch_context
2022-03-11,2022,Bear market,watch,watch,normal,watch,normal,normal,stress,-12.85549,5.634004,3.995344,-2.353194,17,3,damage_watch_context
2022-03-12,2022,Bear market,watch,watch,normal,watch,normal,normal,stress,-12.977975,5.482348,3.873782,-0.140554,18,2,damage_watch_context
2022-03-13,2022,Bear market,watch,watch,normal,watch,normal,normal,stress,-13.049027,5.482348,3.755825,-0.081648,19,2,damage_watch_context
2022-03-14,2022,Bear market,watch,watch,normal,watch,normal,normal,stress,-12.775625,5.482348,3.642221,0.314433,20,2,damage_watch_context
2022-03-15,2022,Bear market,stress,watch,normal,stress,normal,normal,stress,-12.582299,5.482348,3.531682,0.221642,21,2,damage_watch_context
2022-03-16,2022,Bear market,stress,watch,normal,stress,normal,normal,stress,-9.227431,5.482348,3.55079,3.837744,22,2,damage_watch_context
2022-03-17,2022,Bear market,stress,watch,normal,stress,normal,normal,normal,-7.558788,5.482348,3.471941,1.838267,23,1,damage_watch_context
2022-03-18,2022,Bear market,stress,watch,normal,stress,normal,normal,watch,-9.782727,5.482348,3.417365,-2.405787,24,1,damage_watch_context
2022-03-19,2022,Bear market,stress,watch,normal,stress,normal,normal,normal,-7.81862,5.482348,3.355899,2.177086,25,1,damage_watch_context
2022-03-20,2022,Bear market,stress,watch,normal,stress,normal,normal,normal,-8.173037,5.482348,3.255028,-0.384478,26,1,damage_watch_context
2022-03-21,2022,Bear market,stress,watch,normal,stress,normal,normal,normal,-8.175582,5.482348,3.155867,-0.002772,27,1,damage_watch_context
2022-03-22,2022,Bear market,stress,watch,normal,stress,normal,normal,normal,-5.66952,5.482348,3.131906,2.72919,28,1,damage_watch_context
2022-03-23,2022,Bear market,stress,watch,normal,stress,normal,normal,normal,-6.339239,5.482348,3.041471,-0.709971,29,1,damage_watch_context
2022-03-24,2022,Bear market,stress,watch,normal,stress,normal,normal,normal,-4.451999,5.482348,2.989836,2.014974,30,1,damage_watch_context
2022-03-25,2022,Bear market,stress,watch,normal,stress,normal,normal,normal,,5.482348,2.989836,,,1,damage_watch_context
2022-03-26,2022,Bear market,stress,watch,normal,stress,normal,normal,normal,,5.482348,2.989836,,,1,damage_watch_context
2022-03-27,2022,Bear market,stress,watch,normal,stress,normal,normal,normal,,5.482348,2.989836,,,1,damage_watch_context
2022-03-28,2022,Bear market,stress,watch,normal,stress,normal,normal,normal,,5.482348,2.989836,,,1,damage_watch_context
2022-03-29,2022,Bear market,stress,watch,normal,stress,normal,normal,normal,,5.482348,2.989836,,,1,damage_watch_context
2022-03-30,2022,Bear market,stress,watch,normal,stress,normal,normal,normal,,5.482348,2.989836,,,1,damage_watch_context
2022-03-31,2022,Bear market,stress,watch,normal,stress,normal,normal,normal,,5.482348,2.989836,,,1,damage_watch_context
2022-04-01,2022,Bear market,stress,watch,normal,stress,normal,normal,normal,,5.482348,2.989836,,,1,damage_watch_context
2022-04-02,2022,Bear market,stress,watch,normal,stress,normal,normal,normal,,5.482348,2.989836,,,1,damage_watch_context
2022-04-03,2022,Bear market,stress,watch,normal,stress,normal,normal,normal,,5.482348,2.989836,,,1,damage_watch_context
2022-04-04,2022,Bear market,stress,watch,normal,stress,normal,normal,normal,,5.482348,2.989836,,,1,damage_watch_context
2022-04-05,2022,Bear market,stress,watch,normal,stress,normal,normal,normal,,5.482348,2.989836,,,1,damage_watch_context
2022-04-06,2022,Bear market,stress,watch,normal,stress,normal,normal,normal,,5.482348,2.989836,,,1,damage_watch_context
2022-04-07,2022,Bear market,stress,watch,normal,stress,normal,normal,normal,,5.482348,2.989836,,,1,damage_watch_context
2022-04-08,2022,Bear market,stress,watch,normal,stress,normal,normal,normal,-2.862522,5.482348,2.989836,,31,1,damage_watch_context
2022-04-09,2022,Bear market,stress,watch,normal,stress,normal,normal,normal,-3.673714,5.482348,2.905962,-0.835097,32,0,damage_watch_context
2022-04-10,2022,Bear market,stress,watch,normal,stress,normal,normal,normal,-3.442806,5.482348,2.818047,0.239715,33,0,damage_watch_context
2022-04-11,2022,Bear market,stress,watch,normal,stress,normal,normal,watch,-6.623438,5.482348,2.84885,-3.294039,34,1,damage_watch_context
2022-04-12,2022,Bear market,stress,watch,normal,stress,normal,normal,normal,-8.282499,5.482348,2.79614,-1.776742,35,1,damage_watch_context
2022-04-13,2022,Bear market,stress,watch,normal,stress,normal,normal,normal,-7.724507,5.482348,2.715051,0.608381,36,1,damage_watch_context
2022-04-14,2022,Bear market,stress,watch,normal,stress,normal,normal,normal,-7.652911,5.482348,2.632408,0.077589,37,1,damage_watch_context
2022-04-15,2022,Bear market,stress,watch,normal,stress,normal,normal,stress,-9.652428,5.482348,2.606739,-2.165219,38,2,damage_watch_context
2022-04-16,2022,Bear market,stress,watch,normal,stress,normal,normal,stress,-8.854034,5.482348,2.53658,0.883691,39,2,damage_watch_context
2022-04-17,2022,Bear market,stress,watch,normal,stress,normal,normal,stress,-9.331135,5.482348,2.462646,-0.523447,40,2,damage_watch_context
2022-04-18,2022,Bear market,stress,watch,normal,stress,normal,normal,normal,-10.846507,5.482348,2.422467,-1.671326,41,1,damage_watch_context
2022-04-19,2022,Bear market,stress,watch,normal,stress,normal,normal,normal,-6.710223,3.787153,2.609166,4.639509,42,1,damage_watch_context
2022-04-20,2022,Bear market,stress,watch,normal,stress,normal,normal,normal,-6.207239,2.894326,2.533126,0.539162,43,1,damage_watch_context
2022-04-21,2022,Bear market,stress,watch,normal,stress,normal,normal,normal,-4.768949,2.894326,2.484515,1.533477,44,1,damage_watch_context
2022-04-22,2022,Bear market,stress,watch,normal,stress,normal,normal,watch,-8.750362,2.894326,2.617477,-4.180793,45,1,damage_watch_context
2022-04-23,2022,Bear market,stress,watch,normal,stress,normal,normal,normal,-9.868988,3.781754,2.555442,-1.225897,46,1,damage_watch_context
2022-04-24,2022,Bear market,stress,watch,normal,stress,normal,normal,normal,-10.172173,3.781754,2.478963,-0.336382,47,1,damage_watch_context
2022-04-25,2022,Bear market,stress,watch,normal,stress,normal,normal,stress,-12.136398,2.894326,2.462403,-2.186655,48,2,damage_watch_context
2022-04-26,2022,Bear market,stress,watch,normal,stress,normal,normal,stress,-9.715054,2.894326,2.480986,2.755798,49,2,damage_watch_context
2022-04-27,2022,Bear market,stress,watch,normal,stress,normal,normal,stress,-10.62811,2.894326,2.418127,-1.011304,50,2,damage_watch_context
2022-04-28,2022,Bear market,stress,watch,normal,stress,normal,normal,stress,-11.482713,2.894326,2.356132,-0.956232,51,2,damage_watch_context
2022-04-29,2022,Bear market,stress,watch,normal,stress,normal,normal,stress,,2.894326,2.356132,,,2,damage_watch_context
2022-04-30,2022,Bear market,stress,watch,normal,stress,normal,normal,stress,,2.894326,2.356132,,,2,damage_watch_context
2022-05-01,2022,Bear market,stress,watch,normal,stress,normal,normal,stress,,2.894326,2.356132,,,2,damage_watch_context
2022-05-02,2022,Bear market,stress,watch,normal,stress,normal,normal,stress,,2.894326,2.356132,,,2,damage_watch_context
2022-05-03,2022,Bear market,stress,watch,normal,stress,normal,normal,stress,,2.894326,2.356132,,,2,damage_watch_context
2022-05-04,2022,Bear market,stress,watch,normal,stress,normal,normal,stress,,2.894326,2.356132,,,2,damage_watch_context
2022-05-05,2022,Bear market,stress,watch,normal,stress,normal,normal,stress,,2.894326,2.356132,,,2,damage_watch_context
2022-05-06,2022,Bear market,stress,watch,normal,stress,normal,normal,stress,-19.43039,2.894326,2.356132,,52,2,damage_watch_context
2022-05-07,2022,Bear market,stress,watch,normal,stress,normal,normal,normal,-18.851393,2.894326,2.291127,0.71863,53,1,damage_watch_context
2022-05-08,2022,Bear market,stress,stress,watch,stress,normal,normal,stress,-21.93084,2.894326,2.407976,-3.794825,54,2,drawdown_watch_plus_duration_plus_risk_signal
2022-05-09,2022,Bear market,stress,stress,watch,stress,normal,normal,stress,-25.217649,3.569471,2.552245,-4.210124,55,3,drawdown_watch_plus_duration_plus_risk_signal
2022-05-10,2022,Bear market,stress,stress,watch,stress,normal,normal,stress,-27.899441,4.007107,2.625783,-3.586129,56,3,drawdown_watch_plus_duration_plus_risk_signal
2022-05-11,2022,Bear market,stress,stress,watch,stress,normal,normal,stress,-28.685,4.007107,2.559742,-1.089533,57,3,drawdown_watch_plus_duration_plus_risk_signal
2022-05-12,2022,Bear market,stress,stress,watch,stress,normal,normal,crisis,-36.480977,4.007107,3.650935,-10.931748,58,4,drawdown_watch_plus_duration_plus_risk_signal
2022-05-13,2022,Bear market,stress,stress,watch,stress,normal,normal,stress,-31.573449,4.196925,4.013864,7.726076,59,4,drawdown_watch_plus_duration_plus_risk_signal
2022-05-14,2022,Bear market,stress,stress,watch,stress,normal,normal,stress,-35.001773,4.196925,4.080512,-5.010225,60,5,drawdown_watch_plus_duration_plus_risk_signal
2022-05-15,2022,Bear market,stress,stress,watch,stress,normal,normal,stress,-32.186403,4.65018,4.096002,4.331456,61,4,drawdown_watch_plus_duration_plus_risk_signal
2022-05-16,2022,Bear market,stress,stress,watch,stress,normal,normal,stress,-33.571277,4.65018,4.002603,-2.042178,62,4,drawdown_watch_plus_duration_plus_risk_signal
2022-05-17,2022,Bear market,stress,stress,watch,stress,normal,normal,stress,-31.287279,4.65018,3.971005,3.438269,63,3,drawdown_watch_plus_duration_plus_risk_signal
2022-05-18,2022,Bear market,stress,stress,watch,stress,normal,normal,stress,-33.406551,4.65018,3.923456,-3.08425,64,4,drawdown_watch_plus_duration_plus_risk_signal
2022-05-19,2022,Bear market,stress,stress,watch,stress,normal,normal,stress,-32.869371,4.65018,3.80906,0.806655,65,3,drawdown_watch_plus_duration_plus_risk_signal
2022-05-20,2022,Bear market,stress,stress,watch,stress,normal,normal,stress,-32.056054,4.65018,3.704925,1.211544,66,3,drawdown_watch_plus_duration_plus_risk_signal
2022-05-21,2022,Bear market,stress,stress,watch,stress,normal,normal,stress,-33.803277,4.65018,3.64687,-2.571565,67,3,drawdown_watch_plus_duration_plus_risk_signal
2022-05-22,2022,Bear market,stress,stress,watch,stress,normal,normal,stress,-32.285323,4.65018,3.580109,2.293096,68,3,drawdown_watch_plus_duration_plus_risk_signal
2022-05-23,2022,Bear market,stress,stress,watch,stress,normal,normal,stress,-32.033971,4.65018,3.472235,0.371192,69,2,drawdown_watch_plus_duration_plus_risk_signal
2022-05-24,2022,Bear market,stress,stress,watch,stress,normal,normal,stress,-34.353359,4.65018,3.468684,-3.412569,70,3,drawdown_watch_plus_duration_plus_risk_signal
2022-05-25,2022,Bear market,stress,stress,watch,stress,normal,normal,stress,-32.603598,4.65018,3.425803,2.665422,71,2,drawdown_watch_plus_duration_plus_risk_signal
2022-05-26,2022,Bear market,stress,stress,watch,stress,normal,normal,stress,-34.412656,4.65018,3.385891,-2.684205,72,3,drawdown_watch_plus_duration_plus_risk_signal
2022-05-27,2022,Bear market,stress,watch,normal,stress,normal,normal,stress,,4.65018,3.385891,,,3,damage_watch_context
2022-05-28,2022,Bear market,stress,watch,normal,stress,normal,normal,stress,,4.65018,3.385891,,,3,damage_watch_context
2022-05-29,2022,Bear market,stress,watch,normal,stress,normal,normal,stress,,4.65018,3.385891,,,3,damage_watch_context
2022-05-30,2022,Bear market,stress,watch,normal,stress,normal,normal,stress,,4.65018,3.385891,,,3,damage_watch_context
2022-05-31,2022,Bear market,stress,watch,normal,stress,normal,normal,stress,,4.65018,3.385891,,,3,damage_watch_context
2022-06-01,2022,Bear market,stress,watch,normal,stress,normal,normal,stress,,4.65018,3.385891,,,3,damage_watch_context
2022-06-02,2022,Bear market,stress,watch,normal,stress,normal,normal,stress,,4.65018,3.385891,,,3,damage_watch_context
2022-06-03,2022,Bear market,stress,stress,watch,stress,normal,normal,stress,-32.987357,4.65018,3.385891,,73,3,drawdown_watch_plus_duration_plus_risk_signal
2022-06-04,2022,Bear market,stress,stress,watch,stress,normal,normal,stress,-33.011584,4.65018,3.282755,-0.036153,74,3,drawdown_watch_plus_duration_plus_risk_signal
2022-06-05,2022,Bear market,stress,stress,watch,stress,normal,normal,stress,-32.955794,4.65018,3.182815,0.083284,75,2,drawdown_watch_plus_duration_plus_risk_signal
2022-06-06,2022,Bear market,stress,stress,watch,stress,normal,normal,stress,-29.431757,4.65018,3.343681,5.256288,76,2,drawdown_watch_plus_duration_plus_risk_signal
2022-06-07,2022,Bear market,stress,stress,watch,stress,normal,normal,stress,-32.995082,4.65018,3.469758,-5.049473,77,3,drawdown_watch_plus_duration_plus_risk_signal
2022-06-08,2022,Bear market,stress,stress,watch,stress,normal,normal,stress,-30.551466,5.031812,3.480642,3.64692,78,2,drawdown_watch_plus_duration_plus_risk_signal
2022-06-09,2022,Bear market,stress,stress,watch,stress,normal,normal,stress,-31.467005,5.031812,3.390023,-1.318298,79,2,drawdown_watch_plus_duration_plus_risk_signal
2022-06-10,2022,Bear market,stress,stress,watch,stress,normal,normal,stress,-33.916756,5.031812,3.401377,-3.574558,80,2,drawdown_watch_plus_duration_plus_risk_signal
2022-06-11,2022,Bear market,stress,stress,watch,stress,normal,normal,stress,-34.889203,5.031812,3.317398,-1.471548,81,2,drawdown_watch_plus_duration_plus_risk_signal
2022-06-12,2022,Bear market,stress,stress,watch,stress,normal,normal,stress,-37.998471,5.031812,3.422435,-4.77535,82,3,drawdown_watch_plus_duration_plus_risk_signal
2022-06-13,2022,Bear market,stress,stress,stress,stress,normal,watch,crisis,-46.258904,5.031812,4.654067,-13.322949,83,4,drawdown_stress
2022-06-14,2022,Bear market,stress,stress,stress,stress,watch,watch,stress,-49.094797,8.284725,4.693772,-5.276955,84,4,drawdown_stress
2022-06-15,2022,Bear market,stress,stress,stress,stress,watch,watch,stress,-51.03536,8.387091,4.645593,-3.81211,85,5,drawdown_stress
2022-06-16,2022,Bear market,stress,stress,stress,stress,watch,watch,stress,-52.338856,8.387091,4.551028,-2.662118,86,6,drawdown_stress
2022-06-17,2022,Bear market,stress,stress,stress,stress,watch,watch,stress,-54.117715,8.387091,4.506101,-3.732304,87,6,drawdown_stress
2022-06-18,2022,Bear market,stress,stress,stress,stress,watch,watch,stress,-56.749462,8.387091,4.58919,-5.735867,88,7,drawdown_stress
2022-06-19,2022,Bear market,stress,stress,stress,stress,watch,watch,stress,-56.673115,8.593602,4.449595,0.176523,89,6,drawdown_stress
2022-06-20,2022,Bear market,stress,stress,stress,stress,normal,watch,stress,-54.157134,5.529357,4.54249,5.806972,90,5,drawdown_stress
2022-06-21,2022,Bear market,stress,stress,stress,stress,normal,watch,stress,-51.951648,5.529357,4.559044,4.810969,91,4,drawdown_stress
2022-06-22,2022,Bear market,stress,stress,stress,stress,normal,watch,stress,-52.979311,5.529357,4.451097,-2.138808,92,4,drawdown_stress
2022-06-23,2022,Bear market,stress,stress,stress,stress,normal,watch,stress,-53.604206,5.529357,4.327759,-1.328979,93,3,drawdown_stress
2022-06-24,2022,Bear market,stress,watch,normal,stress,normal,watch,stress,,5.529357,4.327759,,,3,damage_watch_context
2022-06-25,2022,Bear market,stress,watch,normal,stress,normal,watch,stress,,5.529357,4.327759,,,3,damage_watch_context
2022-06-26,2022,Bear market,stress,watch,normal,stress,normal,watch,stress,,5.529357,4.327759,,,3,damage_watch_context
2022-06-27,2022,Bear market,stress,watch,normal,stress,normal,watch,stress,,5.529357,4.327759,,,3,damage_watch_context
2022-06-28,2022,Bear market,stress,watch,normal,stress,normal,watch,stress,,5.529357,4.327759,,,3,damage_watch_context
2022-06-29,2022,Bear market,stress,watch,normal,stress,normal,watch,stress,,5.529357,4.327759,,,3,damage_watch_context
2022-06-30,2022,Bear market,stress,watch,normal,stress,normal,watch,stress,,5.529357,4.327759,,,3,damage_watch_context
2022-07-01,2022,Bear market,stress,watch,normal,stress,normal,watch,stress,,5.529357,4.327759,,,3,damage_watch_context
2022-07-02,2022,Bear market,stress,watch,normal,stress,normal,watch,stress,,5.529357,4.327759,,,3,damage_watch_context
2022-07-03,2022,Bear market,stress,watch,normal,stress,normal,watch,stress,,5.529357,4.327759,,,3,damage_watch_context
2022-07-04,2022,Bear market,stress,watch,normal,stress,normal,watch,stress,,5.529357,4.327759,,,3,damage_watch_context
2022-07-05,2022,Bear market,stress,watch,normal,stress,normal,watch,stress,,5.529357,4.327759,,,3,damage_watch_context
2022-07-06,2022,Bear market,stress,watch,normal,stress,normal,watch,stress,,5.529357,4.327759,,,3,damage_watch_context
2022-07-07,2022,Bear market,stress,watch,normal,stress,normal,watch,stress,,5.529357,4.327759,,,3,damage_watch_context
2022-07-08,2022,Bear market,stress,stress,stress,stress,normal,watch,stress,-52.402449,5.529357,4.327759,,94,3,drawdown_stress
2022-07-09,2022,Bear market,stress,stress,stress,stress,normal,normal,stress,-51.384732,5.529357,4.228479,2.138173,95,2,drawdown_stress
2022-07-10,2022,Bear market,stress,stress,stress,stress,normal,normal,stress,-52.38245,5.529357,4.130368,-2.052274,96,2,drawdown_stress
2022-07-11,2022,Bear market,stress,stress,stress,stress,normal,normal,stress,-53.840149,5.529357,4.074141,-3.061263,97,3,drawdown_stress
2022-07-12,2022,Bear market,stress,stress,stress,stress,normal,normal,stress,-55.186474,5.529357,4.014115,-2.91666,98,4,drawdown_stress
2022-07-13,2022,Bear market,stress,stress,stress,stress,normal,normal,stress,-56.282302,5.529357,3.937652,-2.445305,99,5,drawdown_stress
2022-07-14,2022,Bear market,stress,stress,stress,stress,normal,normal,stress,-55.119724,5.529357,3.872868,2.659284,100,4,drawdown_stress
2022-07-15,2022,Bear market,stress,stress,stress,stress,normal,normal,stress,-52.978433,5.529357,3.932553,4.771118,101,4,drawdown_stress
2022-07-16,2022,Bear market,stress,stress,stress,stress,normal,normal,stress,-53.227613,5.529357,3.814961,-0.529927,102,4,drawdown_stress
2022-07-17,2022,Bear market,stress,stress,stress,stress,normal,normal,stress,-52.722176,5.529357,3.708201,1.08063,103,3,drawdown_stress
2022-07-18,2022,Bear market,stress,stress,stress,stress,normal,normal,stress,-51.321316,5.529357,3.667763,2.963038,104,2,drawdown_stress
2022-07-19,2022,Bear market,stress,stress,stress,stress,normal,normal,normal,-50.801994,5.529357,3.565617,1.066836,105,1,drawdown_stress
2022-07-20,2022,Bear market,stress,stress,stress,stress,normal,normal,normal,-49.768834,5.529357,3.495055,2.100005,106,0,drawdown_stress
2022-07-21,2022,Bear market,stress,stress,stress,stress,normal,normal,normal,-50.332984,5.529357,3.399731,-1.123108,107,0,drawdown_stress
2022-07-22,2022,Bear market,stress,stress,stress,stress,normal,normal,normal,-48.411801,5.529357,3.429639,3.868127,108,0,drawdown_stress
2022-07-23,2022,Bear market,stress,stress,stress,stress,normal,normal,watch,-49.943328,5.529357,3.403746,-2.968755,109,1,drawdown_stress
2022-07-24,2022,Bear market,stress,stress,stress,stress,normal,normal,normal,-49.568029,5.529357,3.30516,0.749748,110,1,drawdown_stress
2022-07-25,2022,Bear market,stress,stress,stress,stress,normal,normal,normal,-50.468526,5.529357,3.234182,-1.785567,111,1,drawdown_stress
2022-07-26,2022,Bear market,stress,stress,stress,stress,normal,normal,stress,-52.538672,5.529357,3.298547,-4.179455,112,2,drawdown_stress
2022-07-27,2022,Bear market,stress,stress,stress,stress,normal,normal,stress,-51.266583,5.529357,3.264753,2.680264,113,2,drawdown_stress
2022-07-28,2022,Bear market,stress,stress,stress,stress,normal,normal,stress,-48.109741,5.529357,3.540733,6.477776,114,2,drawdown_stress
2022-07-29,2022,Bear market,stress,watch,normal,stress,normal,normal,stress,,5.529357,3.540733,,,2,damage_watch_context
2022-07-30,2022,Bear market,stress,watch,normal,stress,normal,normal,stress,,5.529357,3.540733,,,2,damage_watch_context
2022-07-31,2022,Bear market,stress,watch,normal,stress,normal,normal,stress,,5.529357,3.540733,,,2,damage_watch_context
2022-08-01,2022,Bear market,stress,watch,normal,stress,normal,normal,stress,,5.529357,3.540733,,,2,damage_watch_context
2022-08-02,2022,Bear market,stress,watch,normal,stress,normal,normal,stress,,5.529357,3.540733,,,2,damage_watch_context
2022-08-03,2022,Bear market,stress,watch,normal,stress,normal,normal,stress,,5.529357,3.540733,,,2,damage_watch_context
2022-08-04,2022,Bear market,stress,watch,normal,stress,normal,normal,stress,,5.529357,3.540733,,,2,damage_watch_context
2022-08-05,2022,Bear market,stress,stress,stress,stress,normal,normal,stress,-48.691863,5.529357,3.540733,,115,2,drawdown_stress
2022-08-06,2022,Bear market,stress,stress,stress,stress,normal,normal,stress,-48.211016,4.78308,3.440535,0.937175,116,2,drawdown_stress
2022-08-07,2022,Bear market,stress,stress,stress,stress,normal,normal,normal,-48.095775,4.01415,3.336168,0.22252,117,1,drawdown_stress
2022-08-08,2022,Bear market,stress,stress,stress,stress,normal,normal,normal,-46.63518,3.978237,3.307165,2.81402,118,1,drawdown_stress
2022-08-09,2022,Bear market,stress,stress,stress,stress,normal,normal,stress,-48.108904,3.978237,3.276993,-2.761602,119,2,drawdown_stress
2022-08-10,2022,Bear market,stress,stress,stress,stress,normal,normal,normal,-46.435022,3.676269,3.273942,3.225759,120,1,drawdown_stress
2022-08-11,2022,Bear market,stress,stress,stress,stress,normal,normal,normal,-45.261376,3.019635,3.219258,2.191071,121,1,drawdown_stress
2022-08-12,2022,Bear market,stress,stress,stress,stress,normal,normal,stress,-46.760659,3.019635,3.19248,-2.738985,122,2,drawdown_stress
2022-08-13,2022,Bear market,stress,stress,stress,stress,normal,normal,stress,-45.554549,3.019635,3.144574,2.265447,123,2,drawdown_stress
2022-08-14,2022,Bear market,stress,stress,stress,stress,normal,normal,stress,-45.366346,3.019635,3.049953,0.345673,124,2,drawdown_stress
2022-08-15,2022,Bear market,stress,stress,stress,stress,normal,normal,stress,-45.649012,3.019635,2.959754,-0.517385,125,2,drawdown_stress
2022-08-16,2022,Bear market,stress,stress,stress,stress,normal,normal,normal,-46.058499,3.019635,2.875516,-0.753411,126,1,drawdown_stress
2022-08-17,2022,Bear market,stress,stress,stress,stress,normal,normal,normal,-46.86207,3.019635,2.811695,-1.489709,127,1,drawdown_stress
2022-08-18,2022,Bear market,stress,stress,stress,stress,normal,normal,normal,-46.814623,3.019635,2.726127,0.089291,128,1,drawdown_stress
2022-08-19,2022,Bear market,stress,stress,stress,stress,normal,normal,stress,-51.980278,2.945312,3.556105,-9.712549,129,1,drawdown_stress
2022-08-20,2022,Bear market,stress,stress,stress,stress,normal,normal,normal,-51.902477,3.63464,3.448,0.162019,130,1,drawdown_stress
2022-08-21,2022,Bear market,stress,stress,stress,stress,normal,normal,normal,-51.676202,3.63464,3.344945,0.47045,131,1,drawdown_stress
2022-08-22,2022,Bear market,stress,stress,stress,stress,normal,normal,normal,-51.76286,3.63464,3.243342,-0.179326,132,1,drawdown_stress
2022-08-23,2022,Bear market,stress,stress,stress,stress,normal,normal,normal,-51.102715,3.63464,3.162355,1.368539,133,1,drawdown_stress
2022-08-24,2022,Bear market,stress,stress,stress,stress,normal,normal,normal,-51.218876,3.63464,3.066569,-0.237561,134,1,drawdown_stress
2022-08-25,2022,Bear market,stress,stress,stress,stress,normal,normal,normal,-50.64897,3.63464,2.986889,1.168292,135,1,drawdown_stress
2022-08-26,2022,Bear market,stress,watch,normal,stress,normal,normal,normal,,3.63464,2.986889,,,1,damage_watch_context
2022-08-27,2022,Bear market,stress,watch,normal,stress,normal,normal,normal,,3.63464,2.986889,,,1,damage_watch_context
2022-08-28,2022,Bear market,stress,watch,normal,stress,normal,normal,normal,,3.63464,2.986889,,,1,damage_watch_context
2022-08-29,2022,Bear market,stress,watch,normal,stress,normal,normal,normal,,3.63464,2.986889,,,1,damage_watch_context
2022-08-30,2022,Bear market,stress,watch,normal,stress,normal,normal,normal,,3.63464,2.986889,,,1,damage_watch_context
2022-08-31,2022,Bear market,stress,watch,normal,stress,normal,normal,normal,,3.63464,2.986889,,,1,damage_watch_context
2022-09-01,2022,Bear market,stress,watch,normal,stress,normal,normal,normal,,3.63464,2.986889,,,1,damage_watch_context
2022-09-02,2022,Bear market,stress,watch,normal,stress,normal,normal,normal,,3.63464,2.986889,,,1,damage_watch_context
2022-09-03,2022,Bear market,stress,watch,normal,stress,normal,normal,normal,,3.63464,2.986889,,,1,damage_watch_context
2022-09-04,2022,Bear market,stress,watch,normal,stress,normal,normal,normal,,3.63464,2.986889,,,1,damage_watch_context
2022-09-05,2022,Bear market,stress,watch,normal,stress,normal,normal,normal,,3.63464,2.986889,,,1,damage_watch_context
2022-09-06,2022,Bear market,stress,watch,normal,stress,normal,normal,normal,,3.63464,2.986889,,,1,damage_watch_context
2022-09-07,2022,Bear market,stress,watch,normal,stress,normal,normal,normal,,3.63464,2.986889,,,1,damage_watch_context
2022-09-08,2022,Bear market,stress,watch,normal,stress,normal,normal,normal,,3.63464,2.986889,,,1,damage_watch_context
2022-09-09,2022,Bear market,stress,stress,stress,stress,normal,normal,normal,-53.012356,3.63464,2.986889,,136,1,drawdown_stress
2022-09-10,2022,Bear market,stress,stress,stress,stress,normal,normal,normal,-52.689881,3.63464,2.900772,0.686298,137,0,drawdown_stress
2022-09-11,2022,Bear market,stress,stress,stress,stress,normal,normal,normal,-52.114287,3.63464,2.828148,1.216639,138,0,drawdown_stress
2022-09-12,2022,Bear market,stress,stress,stress,stress,normal,normal,normal,-50.917982,3.63464,2.809447,2.49825,139,0,drawdown_stress
2022-09-13,2022,Bear market,stress,stress,stress,stress,normal,normal,watch,-52.476554,3.63464,2.83274,-3.175443,140,1,drawdown_stress
2022-09-14,2022,Bear market,stress,stress,stress,stress,normal,normal,stress,-53.961565,3.72765,2.851108,-3.124797,141,2,drawdown_stress
2022-09-15,2022,Bear market,stress,stress,stress,stress,normal,normal,stress,-54.201481,3.72765,2.767197,-0.52112,142,2,drawdown_stress
2022-09-16,2022,Bear market,stress,stress,stress,stress,normal,normal,stress,-55.968414,3.72765,2.844471,-3.858058,143,3,drawdown_stress
2022-09-17,2022,Bear market,stress,stress,stress,stress,normal,normal,stress,-55.199603,4.034826,2.790784,1.746044,144,3,drawdown_stress
2022-09-18,2022,Bear market,stress,stress,stress,stress,normal,normal,stress,-55.156021,3.550881,2.70587,0.097282,145,3,drawdown_stress
2022-09-19,2022,Bear market,stress,stress,stress,stress,normal,normal,stress,-56.843076,3.550881,2.780578,-3.762055,146,4,drawdown_stress
2022-09-20,2022,Bear market,stress,stress,stress,stress,normal,normal,stress,-57.072964,3.814857,2.699026,-0.532679,147,3,drawdown_stress
2022-09-21,2022,Bear market,stress,stress,stress,stress,normal,normal,stress,-56.260153,3.814857,2.657587,1.893469,148,2,drawdown_stress
2022-09-22,2022,Bear market,stress,stress,stress,stress,normal,normal,stress,-57.095993,3.814857,2.618798,-1.910933,149,2,drawdown_stress
2022-09-23,2022,Bear market,stress,stress,stress,stress,normal,normal,stress,-58.048237,3.814857,2.596571,-2.219478,150,2,drawdown_stress
2022-09-24,2022,Bear market,stress,stress,stress,stress,normal,normal,stress,-57.097259,3.814857,2.577977,2.266839,151,2,drawdown_stress
2022-09-25,2022,Bear market,stress,stress,stress,stress,normal,normal,stress,-57.384467,3.814857,2.504814,-0.66944,152,2,drawdown_stress
2022-09-26,2022,Bear market,stress,stress,stress,stress,normal,normal,normal,-56.901991,3.814857,2.444291,1.132159,153,1,drawdown_stress
2022-09-27,2022,Bear market,stress,stress,stress,stress,normal,normal,normal,-55.522578,3.814857,2.496143,3.200643,154,1,drawdown_stress
2022-09-28,2022,Bear market,stress,stress,stress,stress,normal,normal,stress,-56.611495,3.814857,2.493295,-2.448246,155,2,drawdown_stress
2022-09-29,2022,Bear market,stress,stress,stress,stress,normal,normal,stress,-56.967487,3.814857,2.425679,-0.820477,156,2,drawdown_stress
2022-09-30,2022,Bear market,stress,watch,normal,stress,normal,normal,stress,,3.814857,2.425679,,,2,damage_watch_context
2022-10-01,2022,Bear market,stress,watch,normal,stress,normal,normal,stress,,3.814857,2.425679,,,2,damage_watch_context
2022-10-02,2022,Bear market,stress,watch,normal,stress,normal,normal,stress,,3.814857,2.425679,,,2,damage_watch_context
2022-10-03,2022,Bear market,stress,watch,normal,stress,normal,normal,stress,,3.814857,2.425679,,,2,damage_watch_context
2022-10-04,2022,Bear market,stress,watch,normal,stress,normal,normal,stress,,3.814857,2.425679,,,2,damage_watch_context
2022-10-05,2022,Bear market,stress,watch,normal,stress,normal,normal,stress,,3.814857,2.425679,,,2,damage_watch_context
2022-10-06,2022,Bear market,stress,watch,normal,stress,normal,normal,stress,,3.814857,2.425679,,,2,damage_watch_context
2022-10-07,2022,Bear market,stress,stress,stress,stress,normal,normal,stress,-55.774566,3.814857,2.425679,,157,2,drawdown_stress
2022-10-08,2022,Bear market,stress,stress,stress,stress,normal,normal,normal,-55.936095,3.814857,2.353485,-0.36524,158,1,drawdown_stress
2022-10-09,2022,Bear market,stress,stress,stress,stress,normal,normal,normal,-55.972297,3.814857,2.281877,-0.082159,159,1,drawdown_stress
2022-10-10,2022,Bear market,stress,stress,stress,stress,normal,normal,normal,-56.232947,3.814857,2.217109,-0.592014,160,1,drawdown_stress
2022-10-11,2022,Bear market,stress,stress,stress,stress,normal,normal,normal,-57.098047,3.814857,2.203419,-1.976601,161,1,drawdown_stress
2022-10-12,2022,Bear market,stress,stress,stress,stress,normal,normal,normal,-56.58246,3.49808,2.156481,1.20178,162,1,drawdown_stress
2022-10-13,2022,Bear market,stress,stress,stress,stress,normal,normal,watch,-58.190384,3.49808,2.279099,-3.703397,163,1,drawdown_stress
2022-10-14,2022,Bear market,stress,stress,stress,stress,normal,normal,normal,-55.75821,3.735659,2.629271,5.81726,164,1,drawdown_stress
2022-10-15,2022,Bear market,stress,stress,stress,stress,normal,normal,normal,-56.496807,3.735659,2.581764,-1.669457,165,1,drawdown_stress
2022-10-16,2022,Bear market,stress,stress,stress,stress,normal,normal,normal,-56.594148,3.735659,2.503713,-0.223756,166,1,drawdown_stress
2022-10-17,2022,Bear market,stress,stress,stress,stress,normal,normal,normal,-55.561857,3.735659,2.496362,2.37823,167,1,drawdown_stress
2022-10-18,2022,Bear market,stress,stress,stress,stress,normal,normal,normal,-55.601256,3.735659,2.420411,-0.088659,168,1,drawdown_stress
2022-10-19,2022,Bear market,stress,stress,stress,stress,normal,normal,stress,-56.563002,3.735659,2.405913,-2.166157,169,2,drawdown_stress
2022-10-20,2022,Bear market,stress,stress,stress,stress,normal,normal,normal,-56.393673,3.735659,2.334573,0.389828,170,1,drawdown_stress
2022-10-21,2022,Bear market,stress,stress,stress,stress,normal,normal,normal,-56.836628,3.735659,2.277088,-1.015805,171,1,drawdown_stress
2022-10-22,2022,Bear market,stress,stress,stress,stress,normal,normal,normal,-56.610257,3.735659,2.211453,0.524451,172,1,drawdown_stress
2022-10-23,2022,Bear market,stress,stress,stress,stress,normal,normal,normal,-56.616337,3.735659,2.144086,-0.014012,173,1,drawdown_stress
2022-10-24,2022,Bear market,stress,stress,stress,stress,normal,normal,normal,-56.279372,3.735659,2.087456,0.776709,174,1,drawdown_stress
2022-10-25,2022,Bear market,stress,stress,stress,stress,normal,normal,normal,-55.875692,3.138579,2.036462,0.923316,175,1,drawdown_stress
2022-10-26,2022,Bear market,stress,stress,stress,stress,normal,normal,normal,-54.548634,3.138579,2.107384,3.007544,176,0,drawdown_stress
2022-10-27,2022,Bear market,stress,stress,stress,stress,normal,normal,normal,-54.97649,3.138579,2.056154,-0.941349,177,0,drawdown_stress
2022-10-28,2022,Bear market,stress,watch,normal,stress,normal,normal,normal,,3.138579,2.056154,,,0,damage_watch_context
2022-10-29,2022,Bear market,stress,watch,normal,stress,normal,normal,normal,,3.138579,2.056154,,,0,damage_watch_context
2022-10-30,2022,Bear market,stress,watch,normal,stress,normal,normal,normal,,3.138579,2.056154,,,0,damage_watch_context
2022-10-31,2022,Bear market,stress,watch,normal,stress,normal,normal,normal,,3.138579,2.056154,,,0,damage_watch_context
2022-11-01,2022,Bear market,stress,watch,normal,stress,normal,normal,normal,,3.138579,2.056154,,,0,damage_watch_context
2022-11-02,2022,Bear market,stress,watch,normal,stress,normal,normal,normal,,3.138579,2.056154,,,0,damage_watch_context
2022-11-03,2022,Bear market,stress,watch,normal,stress,normal,normal,normal,,3.138579,2.056154,,,0,damage_watch_context
2022-11-04,2022,Bear market,stress,stress,stress,stress,normal,normal,normal,-53.127356,3.138579,2.056154,,178,0,drawdown_stress
2022-11-05,2022,Bear market,stress,stress,stress,stress,normal,normal,normal,-52.119288,2.3453,2.061946,2.150653,179,0,drawdown_stress
2022-11-06,2022,Bear market,stress,stress,stress,stress,normal,normal,normal,-52.151495,2.3453,1.999199,-0.067265,180,0,drawdown_stress
2022-11-07,2022,Bear market,stress,stress,stress,stress,normal,normal,watch,-53.192884,2.3453,2.010274,-2.176431,181,1,drawdown_stress
2022-11-08,2022,Bear market,stress,stress,stress,stress,normal,normal,stress,-55.863973,2.3453,2.398465,-5.706587,182,2,drawdown_stress
2022-11-09,2022,Bear market,stress,stress,stress,stress,normal,normal,stress,-59.897316,3.138579,3.227714,-9.138438,183,3,drawdown_stress
2022-11-10,2022,Bear market,crisis,stress,crisis,stress,normal,normal,stress,-60.210974,4.805151,3.135244,-0.782136,184,3,drawdown_stress
2022-11-11,2022,Bear market,crisis,stress,crisis,stress,normal,normal,stress,-62.256399,4.805151,3.290223,-5.140677,185,4,drawdown_stress
2022-11-12,2022,Bear market,crisis,stress,crisis,stress,normal,normal,stress,-62.053614,5.451927,3.192703,0.537271,186,4,drawdown_stress
2022-11-13,2022,Bear market,crisis,stress,crisis,stress,normal,normal,stress,-62.564118,5.451927,3.112932,-1.34533,187,4,drawdown_stress
2022-11-14,2022,Bear market,crisis,stress,crisis,stress,normal,normal,stress,-62.441654,5.451927,3.019163,0.327129,188,3,drawdown_stress
2022-11-15,2022,Bear market,crisis,stress,crisis,stress,normal,normal,stress,-61.7647,5.451927,2.960294,1.802407,189,2,drawdown_stress
2022-11-16,2022,Bear market,crisis,stress,crisis,stress,normal,normal,stress,-62.625836,5.451927,2.922651,-2.252201,190,2,drawdown_stress
2022-11-17,2022,Bear market,crisis,stress,crisis,stress,normal,normal,stress,-62.509991,5.451927,2.834632,0.309959,191,2,drawdown_stress
2022-11-18,2022,Bear market,crisis,stress,crisis,stress,normal,normal,normal,-62.322124,5.451927,2.751017,0.501111,192,1,drawdown_stress
2022-11-19,2022,Bear market,crisis,stress,crisis,stress,normal,normal,normal,-62.371394,5.451927,2.667403,-0.130765,193,1,drawdown_stress
2022-11-20,2022,Bear market,crisis,stress,crisis,stress,normal,normal,normal,-62.566529,5.451927,2.589261,-0.518583,194,1,drawdown_stress
2022-11-21,2022,Bear market,crisis,stress,crisis,stress,normal,normal,stress,-63.382128,5.451927,2.566485,-2.178795,195,2,drawdown_stress
2022-11-22,2022,Bear market,crisis,stress,crisis,stress,normal,normal,stress,-63.424948,5.451927,2.488464,-0.116937,196,2,drawdown_stress
2022-11-23,2022,Bear market,crisis,stress,crisis,stress,normal,normal,normal,-62.664547,5.451927,2.465815,2.079015,197,1,drawdown_stress
2022-11-24,2022,Bear market,crisis,stress,crisis,stress,normal,normal,normal,-62.457715,5.451927,2.394545,0.553983,198,1,drawdown_stress
2022-11-25,2022,Bear market,stress,watch,normal,stress,normal,normal,normal,,5.451927,2.394545,,,1,damage_watch_context
2022-11-26,2022,Bear market,stress,watch,normal,stress,normal,normal,normal,,5.451927,2.394545,,,1,damage_watch_context
2022-11-27,2022,Bear market,stress,watch,normal,stress,normal,normal,normal,,5.451927,2.394545,,,1,damage_watch_context
2022-11-28,2022,Bear market,stress,watch,normal,stress,normal,normal,normal,,5.451927,2.394545,,,1,damage_watch_context
2022-11-29,2022,Bear market,stress,watch,normal,stress,normal,normal,normal,,5.451927,2.394545,,,1,damage_watch_context
2022-11-30,2022,Bear market,stress,watch,normal,stress,normal,normal,normal,,5.451927,2.394545,,,1,damage_watch_context
2022-12-01,2022,Bear market,stress,watch,normal,stress,normal,normal,normal,,5.451927,2.394545,,,1,damage_watch_context
2022-12-02,2022,Bear market,stress,watch,normal,stress,normal,normal,normal,,5.451927,2.394545,,,1,damage_watch_context
2022-12-03,2022,Bear market,stress,watch,normal,stress,normal,normal,normal,,5.451927,2.394545,,,1,damage_watch_context
2022-12-04,2022,Bear market,stress,watch,normal,stress,normal,normal,normal,,5.451927,2.394545,,,1,damage_watch_context
2022-12-05,2022,Bear market,stress,watch,normal,stress,normal,normal,normal,,5.451927,2.394545,,,1,damage_watch_context
2022-12-06,2022,Bear market,stress,watch,normal,stress,normal,normal,normal,,5.451927,2.394545,,,1,damage_watch_context
2022-12-07,2022,Bear market,stress,watch,normal,stress,normal,normal,normal,,5.451927,2.394545,,,1,damage_watch_context
2022-12-08,2022,Bear market,stress,watch,normal,stress,normal,normal,normal,,5.451927,2.394545,,,1,damage_watch_context
2022-12-09,2022,Bear market,crisis,stress,crisis,stress,normal,normal,normal,-61.278131,5.451927,2.394545,,199,1,drawdown_stress
2022-12-10,2022,Bear market,crisis,stress,crisis,stress,normal,normal,normal,-61.197024,5.451927,2.322164,0.209461,200,1,drawdown_stress
2022-12-11,2022,Bear market,crisis,stress,crisis,stress,normal,normal,normal,-61.243657,5.451927,2.251614,-0.12018,201,1,drawdown_stress
2022-12-12,2022,Bear market,crisis,stress,crisis,stress,normal,normal,normal,-61.434069,5.451927,2.186335,-0.491307,202,1,drawdown_stress
2022-12-13,2022,Bear market,stress,stress,stress,stress,normal,normal,normal,-59.940233,5.451927,2.322387,3.87346,203,0,drawdown_stress
2022-12-14,2022,Bear market,stress,stress,stress,stress,normal,normal,normal,-59.688366,5.451927,2.256898,0.628729,204,0,drawdown_stress
2022-12-15,2022,Bear market,crisis,stress,crisis,stress,normal,normal,normal,-60.389395,5.451927,2.229221,-1.739023,205,0,drawdown_stress
2022-12-16,2022,Bear market,crisis,stress,crisis,stress,normal,normal,watch,-61.49862,5.451927,2.267547,-2.800323,206,1,drawdown_stress
2022-12-17,2022,Bear market,crisis,stress,crisis,stress,normal,normal,normal,-62.199735,5.451927,2.243263,-1.821014,207,1,drawdown_stress
2022-12-18,2022,Bear market,crisis,stress,crisis,stress,normal,normal,normal,-62.151757,5.451927,2.175146,0.126924,208,1,drawdown_stress
2022-12-19,2022,Bear market,crisis,stress,crisis,stress,normal,normal,normal,-62.037749,5.451927,2.110173,0.301225,209,1,drawdown_stress
2022-12-20,2022,Bear market,crisis,stress,crisis,stress,normal,normal,normal,-61.559847,5.451927,2.068997,1.258886,210,1,drawdown_stress
2022-12-21,2022,Bear market,crisis,stress,crisis,stress,normal,normal,normal,-61.855402,5.451927,2.014788,-0.768869,211,1,drawdown_stress
2022-12-22,2022,Bear market,crisis,stress,crisis,stress,normal,normal,normal,-62.125875,5.451927,1.961116,-0.709072,212,1,drawdown_stress
2022-12-23,2022,Bear market,crisis,stress,crisis,stress,normal,normal,normal,-61.895436,5.451927,1.907205,0.608433,213,0,drawdown_stress
2022-12-24,2022,Bear market,crisis,stress,crisis,stress,normal,normal,normal,-61.782306,4.087518,1.850533,0.296894,214,0,drawdown_stress
2022-12-25,2022,Bear market,crisis,stress,crisis,stress,normal,normal,normal,-61.811824,2.553668,1.794258,-0.077236,215,0,drawdown_stress
2022-12-26,2022,Bear market,crisis,stress,crisis,stress,normal,normal,normal,-61.794794,2.553668,1.739632,0.044594,216,0,drawdown_stress
2022-12-27,2022,Bear market,crisis,stress,crisis,stress,normal,normal,normal,-61.939228,2.219169,1.689176,-0.378048,217,0,drawdown_stress
2022-12-28,2022,Bear market,crisis,stress,crisis,stress,normal,normal,normal,-61.965353,2.219169,1.637803,-0.06864,218,0,drawdown_stress
2022-12-29,2022,Bear market,crisis,stress,crisis,stress,normal,normal,normal,-62.214517,2.219169,1.595996,-0.655096,219,0,drawdown_stress
2023-01-06,2023,Recovery,normal,normal,normal,normal,normal,normal,normal,0,,,,0,0,
2023-01-07,2023,Recovery,normal,normal,normal,normal,normal,normal,normal,0,,1.125676,1.125676,0,0,
2023-01-08,2023,Recovery,normal,normal,normal,normal,normal,normal,normal,0,,1.092188,0.171169,0,0,
2023-01-09,2023,Recovery,normal,normal,normal,normal,normal,normal,normal,0,,1.125836,1.561008,0,0,
2023-01-10,2023,Recovery,normal,normal,normal,normal,normal,normal,normal,0,,1.09305,0.234609,0,0,
2023-01-11,2023,Recovery,normal,normal,normal,normal,normal,normal,normal,0,,1.072167,0.664186,0,0,
2023-01-12,2023,Recovery,normal,normal,normal,normal,normal,normal,normal,0,,1.295288,3.154896,0,0,
2023-01-13,2023,Recovery,normal,normal,normal,normal,normal,normal,normal,0,,1.803818,5.28623,0,0,
2023-01-14,2023,Recovery,normal,normal,normal,normal,normal,normal,normal,0,,2.048268,4.352908,0,0,
2023-01-15,2023,Recovery,normal,normal,normal,normal,normal,normal,normal,0,,1.98897,0.453243,0,0,
2023-01-16,2023,Recovery,normal,normal,normal,normal,normal,normal,normal,0,,1.929917,0.31454,0,0,
2023-01-17,2023,Recovery,normal,normal,normal,normal,normal,normal,normal,-0.086787,,1.871245,-0.086787,1,0,
2023-01-18,2023,Recovery,normal,normal,normal,normal,normal,normal,normal,0,,1.821525,0.66446,0,0,
2023-01-19,2023,Recovery,normal,normal,normal,normal,normal,normal,normal,0,,1.767515,0.295357,0,0,
2023-01-20,2023,Recovery,normal,normal,normal,normal,normal,normal,normal,0,,2.050998,4.600595,0,0,
2023-01-21,2023,Recovery,normal,normal,normal,normal,normal,normal,normal,0,,2.194945,3.793821,0,0,
2023-01-22,2023,Recovery,normal,normal,normal,normal,normal,normal,normal,0,,2.136114,0.755731,0,0,
2023-01-23,2023,Recovery,normal,normal,normal,normal,normal,normal,normal,-1.928911,,2.124252,-1.928911,1,0,
2023-01-24,2023,Recovery,normal,normal,normal,normal,normal,normal,normal,-0.723935,,2.081412,1.228676,2,0,
2023-01-25,2023,Recovery,normal,normal,normal,normal,normal,normal,normal,-0.16337,,2.022738,0.564652,3,0,
2023-01-26,2023,Recovery,normal,normal,normal,normal,normal,normal,normal,0,,1.962583,0.309528,0,0,
2023-01-27,2023,Recovery,normal,normal,normal,normal,normal,normal,normal,,,1.962583,,,0,
2023-01-28,2023,Recovery,normal,normal,normal,normal,normal,normal,normal,,,1.962583,,,0,
2023-01-29,2023,Recovery,normal,normal,normal,normal,normal,normal,normal,,,1.962583,,,0,
2023-01-30,2023,Recovery,normal,normal,normal,normal,normal,normal,normal,,,1.962583,,,0,
2023-01-31,2023,Recovery,normal,normal,normal,normal,normal,normal,normal,,,1.962583,,,0,
2023-02-01,2023,Recovery,normal,normal,normal,normal,normal,normal,normal,,,1.962583,,,0,
2023-02-02,2023,Recovery,normal,normal,normal,normal,normal,normal,normal,,,1.962583,,,0,
2023-02-03,2023,Recovery,normal,normal,normal,normal,normal,normal,normal,0,,1.962583,,0,0,
2023-02-04,2023,Recovery,normal,normal,normal,normal,normal,normal,normal,0,,1.902985,0.10982,0,0,
2023-02-05,2023,Recovery,normal,normal,normal,normal,normal,normal,normal,-1.098682,,1.864536,-1.098682,1,0,
2023-02-06,2023,Recovery,normal,normal,normal,normal,normal,normal,normal,-2.226107,,1.829173,-1.139949,2,0,
2023-02-07,2023,Recovery,normal,normal,normal,normal,normal,normal,normal,-1.717121,,1.778028,0.520575,3,0,
2023-02-08,2023,Recovery,normal,normal,normal,normal,normal,normal,normal,-1.398199,,1.725693,0.324494,4,0,
2023-02-09,2023,Recovery,normal,normal,normal,normal,normal,normal,normal,-2.830344,,1.71053,-1.452453,5,0,
2023-02-10,2023,Recovery,normal,normal,normal,normal,normal,normal,watch,-7.316031,,2.007236,-4.616345,6,1,
2023-02-11,2023,Recovery,normal,normal,normal,normal,normal,normal,normal,-7.164362,,1.9465,0.16364,7,1,
2023-02-12,2023,Recovery,normal,normal,normal,normal,normal,normal,normal,-6.50274,,1.895259,0.712681,8,1,
2023-02-13,2023,Recovery,normal,normal,normal,normal,normal,normal,normal,-7.505329,,1.8562,-1.072319,9,1,
2023-02-14,2023,Recovery,normal,normal,normal,normal,normal,normal,normal,-5.238371,1.714505,1.897147,2.450907,10,1,
2023-02-15,2023,Recovery,normal,normal,normal,normal,normal,normal,normal,-3.542083,1.714505,1.890893,1.790057,11,1,
2023-02-16,2023,Recovery,normal,normal,normal,normal,normal,normal,normal,-1.638787,1.714505,1.895931,1.973188,12,1,
2023-02-17,2023,Recovery,normal,normal,normal,normal,normal,normal,normal,0,1.714505,1.948152,2.634433,0,0,
2023-02-18,2023,Recovery,normal,normal,normal,normal,normal,normal,normal,0,1.714505,1.986863,2.516763,0,0,
2023-02-19,2023,Recovery,normal,normal,normal,normal,normal,normal,normal,0,1.714505,1.927674,0.293326,0,0,
2023-02-20,2023,Recovery,normal,normal,normal,normal,normal,normal,normal,0,1.714505,1.874373,0.581658,0,0,
2023-02-21,2023,Recovery,normal,normal,normal,normal,normal,normal,normal,-0.106292,1.714505,1.817458,-0.106292,1,0,
2023-02-22,2023,Recovery,normal,normal,normal,normal,normal,normal,normal,-2.025092,1.714505,1.823826,-1.920841,2,0,
2023-02-23,2023,Recovery,normal,normal,normal,normal,normal,normal,normal,-1.510945,1.92528,1.772931,0.524774,3,0,
2023-02-24,2023,Recovery,normal,normal,normal,normal,normal,normal,normal,,1.92528,1.772931,,,0,
2023-02-25,2023,Recovery,normal,normal,normal,normal,normal,normal,normal,,1.92528,1.772931,,,0,
2023-02-26,2023,Recovery,normal,normal,normal,normal,normal,normal,normal,,1.92528,1.772931,,,0,
2023-02-27,2023,Recovery,normal,normal,normal,normal,normal,normal,normal,,1.92528,1.772931,,,0,
2023-02-28,2023,Recovery,normal,normal,normal,normal,normal,normal,normal,,1.92528,1.772931,,,0,
2023-03-01,2023,Recovery,normal,normal,normal,normal,normal,normal,normal,,1.92528,1.772931,,,0,
2023-03-02,2023,Recovery,normal,normal,normal,normal,normal,normal,normal,,1.92528,1.772931,,,0,
2023-03-03,2023,Recovery,normal,normal,normal,normal,normal,normal,normal,-9.445434,1.92528,1.772931,,4,0,
2023-03-04,2023,Recovery,normal,normal,normal,normal,normal,normal,normal,-9.126515,1.92528,1.721084,0.352185,5,0,
2023-03-05,2023,Recovery,normal,normal,normal,normal,normal,normal,normal,-8.713269,1.92528,1.672367,0.454748,6,0,
2023-03-06,2023,Recovery,normal,normal,normal,normal,normal,normal,normal,-8.661645,1.92528,1.621479,0.056552,7,0,
2023-03-07,2023,Recovery,normal,normal,normal,normal,normal,normal,normal,-9.821606,1.92528,1.602564,-1.269961,8,0,
2023-03-08,2023,Recovery,normal,normal,normal,normal,normal,normal,normal,-9.854194,1.92528,1.553768,-0.036138,9,0,
2023-03-09,2023,Recovery,normal,normal,normal,normal,normal,normal,normal,-10.932746,1.92528,1.534677,-1.196453,10,0,
2023-03-10,2023,Recovery,normal,normal,normal,normal,normal,normal,stress,-18.902711,1.92528,2.649188,-8.948255,11,1,
2023-03-11,2023,Recovery,normal,normal,normal,normal,normal,normal,normal,-18.166777,3.403368,2.578083,0.907471,12,1,
2023-03-12,2023,Recovery,normal,normal,normal,normal,normal,normal,normal,-17.228507,3.403368,2.515273,1.146564,13,1,
2023-03-13,2023,Recovery,watch,watch,normal,watch,normal,normal,normal,-14.879343,3.403368,2.535804,2.838132,14,1,damage_watch_context
2023-03-14,2023,Recovery,watch,watch,normal,watch,normal,normal,normal,-14.371156,3.403368,2.462899,0.597019,15,1,damage_watch_context
2023-03-15,2023,Recovery,watch,watch,normal,watch,normal,normal,stress,-17.59483,3.403368,2.559746,-3.764706,16,2,damage_watch_context
2023-03-16,2023,Recovery,watch,watch,normal,watch,normal,normal,stress,-11.996897,4.233107,2.987976,6.793182,17,2,damage_watch_context
2023-03-17,2023,Recovery,normal,normal,normal,normal,normal,watch,normal,0,4.233107,5.720382,20.137215,0,1,
2023-03-18,2023,Recovery,normal,normal,normal,normal,normal,watch,normal,0,4.233107,5.565868,1.912624,0,1,
2023-03-19,2023,Recovery,normal,normal,normal,normal,normal,watch,normal,-0.273737,4.233107,5.396726,-0.273737,1,1,
2023-03-20,2023,Recovery,normal,normal,normal,normal,normal,watch,normal,0,4.233107,5.233009,0.346681,0,1,
2023-03-21,2023,Recovery,normal,normal,normal,normal,normal,watch,normal,0,2.934967,5.092144,1.77301,0,1,
2023-03-22,2023,Recovery,normal,normal,normal,normal,normal,watch,normal,0,2.934967,4.937805,0.360028,0,0,
2023-03-23,2023,Recovery,normal,normal,normal,normal,normal,watch,normal,0,2.934967,4.78777,0.249692,0,0,
2023-03-24,2023,Recovery,normal,normal,normal,normal,normal,watch,normal,0,2.934967,4.682802,2.520772,0,0,
2023-03-25,2023,Recovery,normal,normal,normal,normal,normal,watch,normal,-0.585715,2.934967,4.542411,-0.585715,1,0,
2023-03-26,2023,Recovery,normal,normal,normal,normal,normal,watch,normal,0,2.934967,4.429805,1.94799,0,0,
2023-03-27,2023,Recovery,normal,normal,normal,normal,normal,watch,normal,-1.375056,2.934967,4.308042,-1.375056,1,0,
2023-03-28,2023,Recovery,normal,normal,normal,normal,normal,normal,watch,-4.091989,2.934967,4.230959,-2.754813,2,1,
2023-03-29,2023,Recovery,normal,normal,normal,normal,normal,watch,normal,0,3.310254,4.336268,5.739147,0,1,
2023-03-30,2023,Recovery,normal,normal,normal,normal,normal,normal,normal,0,3.310254,4.206047,0.513169,0,1,
2023-03-31,2023,Recovery,normal,normal,normal,normal,normal,normal,normal,,3.310254,4.206047,,,1,
2023-04-01,2023,Recovery,normal,normal,normal,normal,normal,normal,normal,,3.310254,4.206047,,,1,
2023-04-02,2023,Recovery,normal,normal,normal,normal,normal,normal,normal,,3.310254,4.206047,,,1,
2023-04-03,2023,Recovery,normal,normal,normal,normal,normal,normal,normal,,3.310254,4.206047,,,1,
2023-04-04,2023,Recovery,normal,normal,normal,normal,normal,normal,normal,,3.310254,4.206047,,,1,
2023-04-05,2023,Recovery,normal,normal,normal,normal,normal,normal,normal,,3.310254,4.206047,,,1,
2023-04-06,2023,Recovery,normal,normal,normal,normal,normal,normal,normal,,3.310254,4.206047,,,1,
2023-04-07,2023,Recovery,normal,normal,normal,normal,normal,normal,normal,-3.195303,3.310254,4.206047,,1,1,
2023-04-08,2023,Recovery,normal,normal,normal,normal,normal,normal,normal,-2.736852,3.310254,4.079563,0.473583,2,1,
2023-04-09,2023,Recovery,normal,normal,normal,normal,normal,normal,normal,-3.153681,3.310254,3.956676,-0.428558,3,1,
2023-04-10,2023,Recovery,normal,normal,normal,normal,normal,normal,normal,-2.351001,3.310254,3.841508,0.828818,4,1,
2023-04-11,2023,Recovery,normal,normal,normal,normal,normal,normal,normal,0,3.310254,3.830476,3.653292,0,1,
2023-04-12,2023,Recovery,normal,normal,normal,normal,normal,normal,normal,-0.296869,3.310254,3.714496,-0.296869,1,0,
2023-04-13,2023,Recovery,normal,normal,normal,normal,normal,normal,normal,0,3.310254,3.604936,0.657428,0,0,
2023-04-14,2023,Recovery,normal,normal,normal,normal,normal,normal,normal,0,3.310254,3.686942,4.791853,0,0,
2023-04-15,2023,Recovery,normal,normal,normal,normal,normal,normal,normal,-0.472327,3.310254,3.576495,-0.472327,1,0,
2023-04-16,2023,Recovery,normal,normal,normal,normal,normal,normal,normal,-0.697629,3.310254,3.467984,-0.226371,2,0,
2023-04-17,2023,Recovery,normal,normal,normal,normal,normal,normal,watch,-3.241447,3.310254,3.420385,-2.561689,3,1,
2023-04-18,2023,Recovery,normal,normal,normal,normal,normal,normal,normal,-0.141529,2.667907,3.407776,3.203767,4,1,
2023-04-19,2023,Recovery,normal,normal,normal,normal,normal,normal,stress,-3.346412,2.667907,3.396202,-3.209425,5,2,
2023-04-20,2023,Recovery,normal,normal,normal,normal,normal,normal,stress,-4.98056,3.00485,3.318682,-1.690727,6,2,
2023-04-21,2023,Recovery,normal,normal,normal,normal,normal,normal,stress,-7.811261,3.00485,3.299291,-2.979076,7,3,
2023-04-22,2023,Recovery,normal,normal,normal,normal,normal,normal,stress,-10.360898,3.105768,3.269731,-2.76567,8,4,
2023-04-23,2023,Recovery,normal,normal,normal,normal,normal,normal,stress,-9.126231,2.883043,3.188024,1.377375,9,4,
2023-04-24,2023,Recovery,normal,normal,normal,normal,normal,normal,stress,-9.04994,2.883043,3.090973,0.083952,10,3,
2023-04-25,2023,Recovery,normal,normal,normal,normal,normal,normal,stress,-9.817111,2.883043,3.003923,-0.843507,11,3,
2023-04-26,2023,Recovery,normal,normal,normal,normal,normal,normal,stress,-2.884961,2.883043,3.468044,7.686769,12,2,
2023-04-27,2023,Recovery,normal,normal,normal,normal,normal,normal,stress,-4.578632,2.883043,3.389421,-1.743985,13,2,
2023-04-28,2023,Recovery,normal,normal,normal,normal,normal,normal,stress,,2.883043,3.389421,,,2,
2023-04-29,2023,Recovery,normal,normal,normal,normal,normal,normal,stress,,2.883043,3.389421,,,2,
2023-04-30,2023,Recovery,normal,normal,normal,normal,normal,normal,stress,,2.883043,3.389421,,,2,
2023-05-01,2023,Recovery,normal,normal,normal,normal,normal,normal,stress,,2.883043,3.389421,,,2,
2023-05-02,2023,Recovery,normal,normal,normal,normal,normal,normal,stress,,2.883043,3.389421,,,2,
2023-05-03,2023,Recovery,normal,normal,normal,normal,normal,normal,stress,,2.883043,3.389421,,,2,
2023-05-04,2023,Recovery,normal,normal,normal,normal,normal,normal,stress,,2.883043,3.389421,,,2,
2023-05-05,2023,Recovery,watch,watch,normal,watch,normal,normal,stress,-4.398858,2.883043,3.389421,,14,2,damage_watch_context
2023-05-06,2023,Recovery,watch,watch,normal,watch,normal,normal,normal,-5.018063,2.883043,3.289993,-0.647696,15,1,damage_watch_context
2023-05-07,2023,Recovery,watch,watch,normal,watch,normal,normal,normal,-4.827145,2.883043,3.190147,0.201005,16,0,damage_watch_context
2023-05-08,2023,Recovery,watch,watch,normal,watch,normal,normal,watch,-8.171267,2.883043,3.210482,-3.513735,17,1,damage_watch_context
2023-05-09,2023,Recovery,watch,watch,normal,watch,normal,normal,normal,-9.019216,3.105768,3.120885,-0.923402,18,1,damage_watch_context
2023-05-10,2023,Recovery,watch,watch,normal,watch,normal,normal,normal,-7.036424,3.105768,3.07254,2.179352,19,1,damage_watch_context
2023-05-11,2023,Recovery,watch,watch,normal,watch,normal,normal,stress,-10.228942,3.105768,3.095429,-3.434161,20,2,damage_watch_context
2023-05-12,2023,Recovery,stress,watch,normal,stress,normal,normal,stress,-13.409025,3.33303,3.124054,-3.542436,21,3,damage_watch_context
2023-05-13,2023,Recovery,stress,watch,normal,stress,normal,normal,stress,-12.13022,3.477927,3.050408,1.476834,22,3,damage_watch_context
2023-05-14,2023,Recovery,stress,watch,normal,stress,normal,normal,stress,-11.828898,3.477927,2.958673,0.342919,23,3,damage_watch_context
2023-05-15,2023,Recovery,stress,watch,normal,stress,normal,normal,stress,-10.839628,3.477927,2.881676,1.121989,24,2,damage_watch_context
2023-05-16,2023,Recovery,stress,watch,normal,stress,normal,normal,stress,-11.582798,3.477927,2.801338,-0.833521,25,2,damage_watch_context
2023-05-17,2023,Recovery,stress,watch,normal,stress,normal,normal,stress,-12.292462,3.477927,2.723105,-0.802632,26,2,damage_watch_context
2023-05-18,2023,Recovery,stress,watch,normal,stress,normal,normal,normal,-10.233884,3.477927,2.70202,2.347094,27,1,damage_watch_context
2023-05-19,2023,Recovery,stress,watch,normal,stress,normal,normal,watch,-12.089404,3.477927,2.668187,-2.06706,28,1,damage_watch_context
2023-05-20,2023,Recovery,stress,watch,normal,stress,normal,normal,normal,-11.736774,3.477927,2.588769,0.401123,29,1,damage_watch_context
2023-05-21,2023,Recovery,stress,watch,normal,stress,normal,normal,normal,-11.794353,3.477927,2.509955,-0.065236,30,1,damage_watch_context
2023-05-22,2023,Recovery,stress,watch,normal,stress,normal,normal,normal,-11.388427,3.477927,2.436101,0.460204,31,1,damage_watch_context
2023-05-23,2023,Recovery,stress,watch,normal,stress,normal,normal,normal,-10.669827,3.477927,2.370226,0.810955,32,1,damage_watch_context
2023-05-24,2023,Recovery,stress,watch,normal,stress,normal,normal,stress,-13.010337,3.477927,2.385955,-2.620067,33,2,damage_watch_context
2023-05-25,2023,Recovery,stress,watch,normal,stress,normal,normal,stress,-13.055755,3.477927,2.313304,-0.05221,34,2,damage_watch_context
2023-05-26,2023,Recovery,stress,watch,normal,stress,normal,normal,stress,,3.477927,2.313304,,,2,damage_watch_context
2023-05-27,2023,Recovery,stress,watch,normal,stress,normal,normal,stress,,3.477927,2.313304,,,2,damage_watch_context
2023-05-28,2023,Recovery,stress,watch,normal,stress,normal,normal,stress,,3.477927,2.313304,,,2,damage_watch_context
2023-05-29,2023,Recovery,stress,watch,normal,stress,normal,normal,stress,,3.477927,2.313304,,,2,damage_watch_context
2023-05-30,2023,Recovery,stress,watch,normal,stress,normal,normal,stress,,3.477927,2.313304,,,2,damage_watch_context
2023-05-31,2023,Recovery,stress,watch,normal,stress,normal,normal,stress,,3.477927,2.313304,,,2,damage_watch_context
2023-06-01,2023,Recovery,stress,watch,normal,stress,normal,normal,stress,,3.477927,2.313304,,,2,damage_watch_context
2023-06-02,2023,Recovery,stress,watch,normal,stress,normal,normal,stress,,3.477927,2.313304,,,2,damage_watch_context
2023-06-03,2023,Recovery,stress,watch,normal,stress,normal,normal,stress,,3.477927,2.313304,,,2,damage_watch_context
2023-06-04,2023,Recovery,stress,watch,normal,stress,normal,normal,stress,,3.477927,2.313304,,,2,damage_watch_context
2023-06-05,2023,Recovery,stress,watch,normal,stress,normal,normal,stress,,3.477927,2.313304,,,2,damage_watch_context
2023-06-06,2023,Recovery,stress,watch,normal,stress,normal,normal,stress,,3.477927,2.313304,,,2,damage_watch_context
2023-06-07,2023,Recovery,stress,watch,normal,stress,normal,normal,stress,,3.477927,2.313304,,,2,damage_watch_context
2023-06-08,2023,Recovery,stress,watch,normal,stress,normal,normal,stress,,3.477927,2.313304,,,2,damage_watch_context
2023-06-09,2023,Recovery,stress,watch,normal,stress,normal,normal,stress,-12.517371,3.477927,2.313304,,35,2,damage_watch_context
2023-06-10,2023,Recovery,stress,watch,normal,stress,normal,normal,stress,-15.450454,3.477927,2.388463,-3.352761,36,2,damage_watch_context
2023-06-11,2023,Recovery,stress,watch,normal,stress,normal,normal,stress,-15.284157,3.477927,2.316202,0.196686,37,2,damage_watch_context
2023-06-12,2023,Recovery,stress,watch,normal,stress,normal,normal,stress,-15.122494,3.477927,2.246127,0.190831,38,2,damage_watch_context
2023-06-13,2023,Recovery,stress,watch,normal,stress,normal,normal,stress,-14.263449,3.477927,2.191767,1.012099,39,2,damage_watch_context
2023-06-14,2023,Recovery,stress,watch,normal,stress,normal,normal,stress,-14.370348,3.477927,2.125216,-0.124683,40,2,damage_watch_context
2023-06-15,2023,Recovery,stress,watch,normal,stress,normal,normal,stress,-17.579313,3.477927,2.255698,-3.747493,41,2,damage_watch_context
2023-06-16,2023,Recovery,stress,watch,normal,stress,normal,normal,stress,-16.296959,3.529521,2.219938,1.555865,42,2,damage_watch_context
2023-06-17,2023,Recovery,stress,watch,normal,stress,normal,normal,normal,-13.483131,3.529521,2.304451,3.36168,43,1,damage_watch_context
2023-06-18,2023,Recovery,stress,watch,normal,stress,normal,normal,normal,-13.518276,3.529521,2.23427,-0.040622,44,1,damage_watch_context
2023-06-19,2023,Recovery,stress,watch,normal,stress,normal,normal,normal,-13.248341,3.529521,2.167554,0.312129,45,1,damage_watch_context
2023-06-20,2023,Recovery,stress,watch,normal,stress,normal,normal,normal,-12.848774,3.529521,2.104548,0.460587,46,1,damage_watch_context
2023-06-21,2023,Recovery,stress,watch,normal,stress,normal,normal,normal,-11.401373,3.529521,2.080593,1.660792,47,1,damage_watch_context
2023-06-22,2023,Recovery,stress,watch,normal,stress,normal,normal,normal,-10.881528,3.529521,2.022323,0.586741,48,0,damage_watch_context
2023-06-23,2023,Recovery,stress,watch,normal,stress,normal,normal,normal,-2.259875,3.493712,3.075714,9.674373,49,0,damage_watch_context
2023-06-24,2023,Recovery,stress,watch,normal,stress,normal,normal,normal,-0.805512,3.493712,3.004207,1.487989,50,0,damage_watch_context
2023-06-25,2023,Recovery,stress,watch,normal,stress,normal,normal,normal,-0.331878,3.493712,2.915034,0.47748,51,0,damage_watch_context
2023-06-26,2023,Recovery,stress,watch,normal,stress,normal,normal,normal,-0.717714,3.457082,2.827821,-0.387121,52,0,damage_watch_context
2023-06-27,2023,Recovery,stress,watch,normal,stress,normal,normal,normal,-0.283337,3.023049,2.743768,0.437518,53,0,damage_watch_context
2023-06-28,2023,Recovery,stress,watch,normal,stress,normal,normal,normal,-0.951087,3.023049,2.665234,-0.669647,54,0,damage_watch_context
2023-06-29,2023,Recovery,normal,normal,normal,normal,normal,normal,normal,0,3.023049,2.610465,1.51254,0,0,
2023-06-30,2023,Recovery,normal,normal,normal,normal,normal,normal,normal,,3.023049,2.610465,,,0,
2023-07-01,2023,Recovery,normal,normal,normal,normal,normal,normal,normal,,3.023049,2.610465,,,0,
2023-07-02,2023,Recovery,normal,normal,normal,normal,normal,normal,normal,,3.023049,2.610465,,,0,
2023-07-03,2023,Recovery,normal,normal,normal,normal,normal,normal,normal,,3.023049,2.610465,,,0,
2023-07-04,2023,Recovery,normal,normal,normal,normal,normal,normal,normal,,3.023049,2.610465,,,0,
2023-07-05,2023,Recovery,normal,normal,normal,normal,normal,normal,normal,,3.023049,2.610465,,,0,
2023-07-06,2023,Recovery,normal,normal,normal,normal,normal,normal,normal,,3.023049,2.610465,,,0,
2023-07-07,2023,Recovery,normal,normal,normal,normal,normal,normal,normal,-0.90957,3.023049,2.610465,,1,0,
2023-07-08,2023,Recovery,normal,normal,normal,normal,normal,normal,normal,-1.200686,3.023049,2.531963,-0.293789,2,0,
2023-07-09,2023,Recovery,normal,normal,normal,normal,normal,normal,normal,-1.079775,3.023049,2.455012,0.122381,3,0,
2023-07-10,2023,Recovery,normal,normal,normal,normal,normal,normal,normal,-1.189585,3.023049,2.380378,-0.111009,4,0,
2023-07-11,2023,Recovery,normal,normal,normal,normal,normal,normal,normal,-0.326662,3.023049,2.317755,0.873312,5,0,
2023-07-12,2023,Recovery,normal,normal,normal,normal,normal,normal,normal,0,3.023049,2.253412,0.685524,0,0,
2023-07-13,2023,Recovery,normal,normal,normal,normal,normal,normal,normal,0,3.023049,2.185489,0.229887,0,0,
2023-07-14,2023,Recovery,normal,normal,normal,normal,normal,normal,normal,0,3.023049,2.136981,1.132153,0,0,
2023-07-15,2023,Recovery,normal,normal,normal,normal,normal,normal,watch,-2.360764,3.023049,2.151065,-2.360764,1,1,
2023-07-16,2023,Recovery,normal,normal,normal,normal,normal,normal,normal,-2.384657,3.023049,2.085543,-0.024471,2,1,
2023-07-17,2023,Recovery,normal,normal,normal,normal,normal,normal,normal,-2.505144,2.906362,2.022235,-0.12343,3,1,
2023-07-18,2023,Recovery,normal,normal,normal,normal,normal,normal,normal,-3.781703,2.906362,1.986689,-1.309361,4,1,
2023-07-19,2023,Recovery,normal,normal,normal,normal,normal,normal,normal,-3.226095,1.887633,1.931353,0.577446,5,1,
2023-07-20,2023,Recovery,normal,normal,normal,normal,normal,normal,normal,-2.575107,1.887633,1.879752,0.672689,6,1,
2023-07-21,2023,Recovery,normal,normal,normal,normal,normal,normal,stress,-4.562679,1.887633,1.889757,-2.040107,7,2,
2023-07-22,2023,Recovery,normal,normal,normal,normal,normal,normal,normal,-4.226156,2.216468,1.834222,0.352611,8,1,
2023-07-23,2023,Recovery,normal,normal,normal,normal,normal,normal,normal,-4.054494,2.216468,1.778886,0.179237,9,1,
2023-07-24,2023,Recovery,normal,normal,normal,normal,normal,normal,stress,-6.132515,1.711271,1.804445,-2.165835,10,2,
2023-07-25,2023,Recovery,normal,normal,normal,normal,normal,normal,stress,-5.766486,2.109257,1.75208,0.389942,11,2,
2023-07-26,2023,Recovery,normal,normal,normal,normal,normal,normal,stress,-5.633989,2.109257,1.699053,0.140605,12,2,
2023-07-27,2023,Recovery,normal,normal,normal,normal,normal,normal,stress,-5.130128,2.109257,1.652477,0.533944,13,2,
2023-07-28,2023,Recovery,normal,normal,normal,normal,normal,normal,stress,,2.109257,1.652477,,,2,
2023-07-29,2023,Recovery,normal,normal,normal,normal,normal,normal,stress,,2.109257,1.652477,,,2,
2023-07-30,2023,Recovery,normal,normal,normal,normal,normal,normal,stress,,2.109257,1.652477,,,2,
2023-07-31,2023,Recovery,normal,normal,normal,normal,normal,normal,stress,,2.109257,1.652477,,,2,
2023-08-01,2023,Recovery,normal,normal,normal,normal,normal,normal,stress,,2.109257,1.652477,,,2,
2023-08-02,2023,Recovery,normal,normal,normal,normal,normal,normal,stress,,2.109257,1.652477,,,2,
2023-08-03,2023,Recovery,normal,normal,normal,normal,normal,normal,stress,,2.109257,1.652477,,,2,
2023-08-04,2023,Recovery,watch,watch,normal,watch,normal,normal,stress,-6.09345,2.109257,1.652477,,14,2,damage_watch_context
2023-08-05,2023,Recovery,watch,watch,normal,watch,normal,normal,normal,-6.704122,2.109257,1.610035,-0.650298,15,1,damage_watch_context
2023-08-06,2023,Recovery,watch,watch,normal,watch,normal,normal,normal,-6.718183,2.109257,1.560991,-0.015072,16,1,damage_watch_context
2023-08-07,2023,Recovery,watch,watch,normal,watch,normal,normal,normal,-6.697199,2.109257,1.513447,0.022495,17,1,damage_watch_context
2023-08-08,2023,Recovery,watch,watch,normal,watch,normal,normal,normal,-5.603435,2.109257,1.495174,1.172274,18,0,damage_watch_context
2023-08-09,2023,Recovery,watch,watch,normal,watch,normal,normal,normal,-3.909968,2.109257,1.514766,1.793992,19,0,damage_watch_context
2023-08-10,2023,Recovery,watch,watch,normal,watch,normal,normal,normal,-4.321559,2.109257,1.472364,-0.428338,20,0,damage_watch_context
2023-08-11,2023,Recovery,stress,watch,normal,stress,normal,normal,normal,-5.41572,2.109257,1.454734,-1.143582,21,0,damage_watch_context
2023-08-12,2023,Recovery,stress,watch,normal,stress,normal,normal,normal,-5.405633,2.109257,1.410419,0.010664,22,0,damage_watch_context
2023-08-13,2023,Recovery,stress,watch,normal,stress,normal,normal,normal,-5.510345,2.109257,1.367721,-0.110695,23,0,damage_watch_context
2023-08-14,2023,Recovery,stress,watch,normal,stress,normal,normal,normal,-5.505234,2.109257,1.326055,0.005408,24,0,damage_watch_context
2023-08-15,2023,Recovery,stress,watch,normal,stress,normal,normal,normal,-5.606462,2.109257,1.285926,-0.107125,25,0,damage_watch_context
2023-08-16,2023,Recovery,stress,watch,normal,stress,normal,normal,normal,-6.362455,2.109257,1.262091,-0.800895,26,0,damage_watch_context
2023-08-17,2023,Recovery,stress,watch,normal,stress,normal,normal,watch,-8.598887,2.109257,1.356307,-2.388393,27,1,damage_watch_context
2023-08-18,2023,Recovery,stress,watch,normal,stress,normal,normal,stress,-15.935727,2.273046,2.365425,-8.027079,28,2,damage_watch_context
2023-08-19,2023,Recovery,stress,watch,normal,stress,normal,normal,stress,-16.628572,2.37596,2.302233,-0.824185,29,2,damage_watch_context
2023-08-20,2023,Recovery,stress,watch,normal,stress,normal,normal,stress,-15.929341,2.37596,2.241532,0.838694,30,2,damage_watch_context
2023-08-21,2023,Recovery,stress,watch,normal,stress,normal,normal,stress,-15.996031,2.37596,2.173332,-0.079327,31,2,damage_watch_context
2023-08-22,2023,Recovery,stress,watch,normal,stress,normal,normal,stress,-16.369248,2.37596,2.109932,-0.444285,32,2,damage_watch_context
2023-08-23,2023,Recovery,stress,watch,normal,stress,normal,normal,stress,-16.263279,2.288242,2.045891,0.126711,33,2,damage_watch_context
2023-08-24,2023,Recovery,stress,watch,normal,stress,normal,normal,normal,-15.127282,2.288242,2.011208,1.356629,34,1,damage_watch_context
2023-08-25,2023,Recovery,stress,watch,normal,stress,normal,normal,normal,,2.288242,2.011208,,,1,damage_watch_context
2023-08-26,2023,Recovery,stress,watch,normal,stress,normal,normal,normal,,2.288242,2.011208,,,1,damage_watch_context
2023-08-27,2023,Recovery,stress,watch,normal,stress,normal,normal,normal,,2.288242,2.011208,,,1,damage_watch_context
2023-08-28,2023,Recovery,stress,watch,normal,stress,normal,normal,normal,,2.288242,2.011208,,,1,damage_watch_context
2023-08-29,2023,Recovery,stress,watch,normal,stress,normal,normal,normal,,2.288242,2.011208,,,1,damage_watch_context
2023-08-30,2023,Recovery,stress,watch,normal,stress,normal,normal,normal,,2.288242,2.011208,,,1,damage_watch_context
2023-08-31,2023,Recovery,stress,watch,normal,stress,normal,normal,normal,,2.288242,2.011208,,,1,damage_watch_context
2023-09-01,2023,Recovery,stress,watch,normal,stress,normal,normal,normal,,2.288242,2.011208,,,1,damage_watch_context
2023-09-02,2023,Recovery,stress,watch,normal,stress,normal,normal,normal,,2.288242,2.011208,,,1,damage_watch_context
2023-09-03,2023,Recovery,stress,watch,normal,stress,normal,normal,normal,,2.288242,2.011208,,,1,damage_watch_context
2023-09-04,2023,Recovery,stress,watch,normal,stress,normal,normal,normal,,2.288242,2.011208,,,1,damage_watch_context
2023-09-05,2023,Recovery,stress,watch,normal,stress,normal,normal,normal,,2.288242,2.011208,,,1,damage_watch_context
2023-09-06,2023,Recovery,stress,watch,normal,stress,normal,normal,normal,,2.288242,2.011208,,,1,damage_watch_context
2023-09-07,2023,Recovery,stress,watch,normal,stress,normal,normal,normal,,2.288242,2.011208,,,1,damage_watch_context
2023-09-08,2023,Recovery,stress,watch,normal,stress,normal,normal,normal,-16.662435,2.288242,2.011208,,35,1,damage_watch_context
2023-09-09,2023,Recovery,stress,watch,normal,stress,normal,normal,normal,-16.873465,2.288242,1.950924,-0.253223,36,0,damage_watch_context
2023-09-10,2023,Recovery,stress,watch,normal,stress,normal,normal,normal,-16.912103,2.288242,1.891526,-0.046481,37,0,damage_watch_context
2023-09-11,2023,Recovery,stress,watch,normal,stress,normal,normal,normal,-17.521855,2.288242,1.842691,-0.733863,38,0,damage_watch_context
2023-09-12,2023,Recovery,stress,watch,normal,stress,normal,normal,normal,-15.290487,2.288242,1.905501,2.705404,39,0,damage_watch_context
2023-09-13,2023,Recovery,stress,watch,normal,stress,normal,normal,normal,-15.815867,2.288242,1.853687,-0.620213,40,0,damage_watch_context
2023-09-14,2023,Recovery,stress,watch,normal,stress,normal,normal,normal,-14.244485,2.288242,1.854465,1.866601,41,0,damage_watch_context
2023-09-15,2023,Recovery,stress,watch,normal,stress,normal,normal,normal,-15.137453,2.288242,1.815972,-1.041296,42,0,damage_watch_context
2023-09-16,2023,Recovery,stress,watch,normal,stress,normal,normal,normal,-14.5592,1.828228,1.768544,0.681399,43,0,damage_watch_context
2023-09-17,2023,Recovery,stress,watch,normal,stress,normal,normal,normal,-14.602105,1.828228,1.714711,-0.050216,44,0,damage_watch_context
2023-09-18,2023,Recovery,stress,watch,normal,stress,normal,normal,normal,-12.544823,1.828228,1.764095,2.409054,45,0,damage_watch_context
2023-09-19,2023,Recovery,stress,watch,normal,stress,normal,normal,normal,-13.39379,1.828228,1.726804,-0.970745,46,0,damage_watch_context
2023-09-20,2023,Recovery,stress,watch,normal,stress,normal,normal,normal,-12.771593,1.828228,1.683421,0.718421,47,0,damage_watch_context
2023-09-21,2023,Recovery,stress,watch,normal,stress,normal,normal,watch,-14.970127,1.828228,1.745001,-2.520434,48,1,damage_watch_context
2023-09-22,2023,Recovery,stress,watch,normal,stress,normal,normal,normal,-14.471812,2.461015,1.69792,0.586048,49,1,damage_watch_context
2023-09-23,2023,Recovery,stress,watch,normal,stress,normal,normal,normal,-14.456342,2.461015,1.646201,0.018088,50,1,damage_watch_context
2023-09-24,2023,Recovery,stress,watch,normal,stress,normal,normal,normal,-14.409123,2.461015,1.596108,0.055199,51,1,damage_watch_context
2023-09-25,2023,Recovery,stress,watch,normal,stress,normal,normal,normal,-15.760631,2.461015,1.595089,-1.579033,52,1,damage_watch_context
2023-09-26,2023,Recovery,stress,watch,normal,stress,normal,normal,normal,-15.6838,2.461015,1.546657,0.091204,53,1,damage_watch_context
2023-09-27,2023,Recovery,stress,watch,normal,stress,normal,normal,normal,-14.319654,2.461015,1.551024,1.617894,54,1,damage_watch_context
2023-09-28,2023,Recovery,stress,watch,normal,stress,normal,normal,normal,-14.292326,2.461015,1.503794,0.031895,55,0,damage_watch_context
2023-09-29,2023,Recovery,stress,watch,normal,stress,normal,normal,normal,,2.461015,1.503794,,,0,damage_watch_context
2023-09-30,2023,Recovery,stress,watch,normal,stress,normal,normal,normal,,2.461015,1.503794,,,0,damage_watch_context
2023-10-01,2023,Recovery,stress,watch,normal,stress,normal,normal,normal,,2.461015,1.503794,,,0,damage_watch_context
2023-10-02,2023,Recovery,stress,watch,normal,stress,normal,normal,normal,,2.461015,1.503794,,,0,damage_watch_context
2023-10-03,2023,Recovery,stress,watch,normal,stress,normal,normal,normal,,2.461015,1.503794,,,0,damage_watch_context
2023-10-04,2023,Recovery,stress,watch,normal,stress,normal,normal,normal,,2.461015,1.503794,,,0,damage_watch_context
2023-10-05,2023,Recovery,stress,watch,normal,stress,normal,normal,normal,,2.461015,1.503794,,,0,damage_watch_context
2023-10-06,2023,Recovery,stress,watch,normal,stress,normal,normal,normal,-11.516687,2.461015,1.503794,,56,0,damage_watch_context
2023-10-07,2023,Recovery,stress,watch,normal,stress,normal,normal,normal,-10.271947,2.461015,1.498148,1.406751,57,0,damage_watch_context
2023-10-08,2023,Recovery,stress,watch,normal,stress,normal,normal,normal,-10.268118,2.461015,1.452509,0.004268,58,0,damage_watch_context
2023-10-09,2023,Recovery,stress,watch,normal,stress,normal,normal,normal,-11.474729,2.461015,1.446266,-1.344684,59,0,damage_watch_context
2023-10-10,2023,Recovery,stress,watch,normal,stress,normal,normal,normal,-11.780464,2.096803,1.404757,-0.345365,60,0,damage_watch_context
2023-10-11,2023,Recovery,stress,watch,normal,stress,normal,normal,normal,-12.530535,1.473576,1.377794,-0.850232,61,0,damage_watch_context
2023-10-12,2023,Recovery,stress,watch,normal,stress,normal,normal,normal,-13.808447,1.473576,1.382926,-1.46098,62,0,damage_watch_context
2023-10-13,2023,Recovery,stress,watch,normal,stress,normal,normal,normal,-13.873039,1.525909,1.340922,-0.074941,63,0,damage_watch_context
2023-10-14,2023,Recovery,stress,watch,normal,stress,normal,normal,normal,-13.52088,1.525909,1.303924,0.408884,64,0,damage_watch_context
2023-10-15,2023,Recovery,stress,watch,normal,stress,normal,normal,normal,-13.603493,1.525909,1.264418,-0.09553,65,0,damage_watch_context
2023-10-16,2023,Recovery,stress,watch,normal,stress,normal,normal,normal,-11.431153,1.525909,1.371917,2.514384,66,0,damage_watch_context
2023-10-17,2023,Recovery,stress,watch,normal,stress,normal,normal,normal,-10.14162,1.525909,1.377104,1.455967,67,0,damage_watch_context
2023-10-18,2023,Recovery,stress,watch,normal,stress,normal,normal,normal,-10.294715,1.525909,1.335804,-0.170373,68,0,damage_watch_context
2023-10-19,2023,Recovery,stress,watch,normal,stress,normal,normal,normal,-9.662875,1.525909,1.306552,0.70435,69,0,damage_watch_context
2023-10-20,2023,Recovery,stress,watch,normal,stress,normal,normal,normal,-5.085722,1.525909,1.773406,5.066747,70,0,damage_watch_context
2023-10-21,2023,Recovery,stress,watch,normal,stress,normal,normal,normal,-4.58029,1.525909,1.724321,0.532514,71,0,damage_watch_context
2023-10-22,2023,Recovery,stress,watch,normal,stress,normal,normal,normal,-4.308176,1.525909,1.67325,0.285176,72,0,damage_watch_context
2023-10-23,2023,Recovery,stress,watch,normal,stress,normal,normal,normal,-2.562826,1.525909,1.682672,1.823928,73,0,damage_watch_context
2023-10-24,2023,Recovery,stress,watch,normal,stress,normal,normal,normal,-0.612505,1.525909,1.703493,2.001618,74,0,damage_watch_context
2023-10-25,2023,Recovery,stress,watch,normal,stress,normal,normal,normal,-0.318141,1.525909,1.653191,0.296179,75,0,damage_watch_context
2023-10-26,2023,Recovery,stress,watch,normal,stress,normal,normal,normal,-0.125313,1.525909,1.603528,0.193443,76,0,damage_watch_context
2023-10-27,2023,Recovery,stress,watch,normal,stress,normal,normal,normal,,1.525909,1.603528,,,0,damage_watch_context
2023-10-28,2023,Recovery,stress,watch,normal,stress,normal,normal,normal,,1.525909,1.603528,,,0,damage_watch_context
2023-10-29,2023,Recovery,stress,watch,normal,stress,normal,normal,normal,,1.525909,1.603528,,,0,damage_watch_context
2023-10-30,2023,Recovery,stress,watch,normal,stress,normal,normal,normal,,1.525909,1.603528,,,0,damage_watch_context
2023-10-31,2023,Recovery,stress,watch,normal,stress,normal,normal,normal,,1.525909,1.603528,,,0,damage_watch_context
2023-11-01,2023,Recovery,stress,watch,normal,stress,normal,normal,normal,,1.525909,1.603528,,,0,damage_watch_context
2023-11-02,2023,Recovery,stress,watch,normal,stress,normal,normal,normal,,1.525909,1.603528,,,0,damage_watch_context
2023-11-03,2023,Recovery,normal,normal,normal,normal,normal,normal,normal,0,1.525909,1.603528,,0,0,
2023-11-04,2023,Recovery,normal,normal,normal,normal,normal,normal,normal,0,1.525909,1.562216,0.625765,0,0,
2023-11-05,2023,Recovery,normal,normal,normal,normal,normal,normal,normal,0,1.525909,1.516481,0.30623,0,0,
2023-11-06,2023,Recovery,normal,normal,normal,normal,normal,normal,normal,0,1.525909,1.49248,1.046945,0,0,
2023-11-07,2023,Recovery,normal,normal,normal,normal,normal,normal,normal,-0.263075,1.408647,1.448447,-0.263075,1,0,
2023-11-08,2023,Recovery,normal,normal,normal,normal,normal,normal,normal,0,1.408647,1.431064,1.124153,0,0,
2023-11-09,2023,Recovery,normal,normal,normal,normal,normal,normal,normal,0,1.408647,1.503527,2.364761,0,0,
2023-11-10,2023,Recovery,normal,normal,normal,normal,normal,normal,normal,0,1.408647,1.484494,1.145752,0,0,
2023-11-11,2023,Recovery,normal,normal,normal,normal,normal,normal,normal,0,1.122181,1.449953,0.717231,0,0,
2023-11-12,2023,Recovery,normal,normal,normal,normal,normal,normal,normal,0,1.122181,1.407759,0.304556,0,0,
2023-11-13,2023,Recovery,normal,normal,normal,normal,normal,normal,normal,-0.603215,1.122181,1.372848,-0.603215,1,0,
2023-11-14,2023,Recovery,normal,normal,normal,normal,normal,normal,normal,-0.891577,1.122181,1.332921,-0.290111,2,0,
2023-11-15,2023,Recovery,normal,normal,normal,normal,normal,normal,normal,-1.802519,1.122181,1.31178,-0.919138,3,0,
2023-11-16,2023,Recovery,normal,normal,normal,normal,normal,normal,normal,-0.191781,1.153188,1.333775,1.640305,4,0,
2023-11-17,2023,Recovery,normal,normal,normal,normal,normal,normal,watch,-2.708751,0.88813,1.433105,-2.521806,5,1,
2023-11-18,2023,Recovery,normal,normal,normal,normal,normal,normal,normal,-1.388239,1.217151,1.428669,1.357278,6,1,
2023-11-19,2023,Recovery,normal,normal,normal,normal,normal,normal,normal,-1.351215,1.217151,1.385176,0.037545,7,1,
2023-11-20,2023,Recovery,normal,normal,normal,normal,normal,normal,normal,0,0.776973,1.400643,1.623831,0,1,
2023-11-21,2023,Recovery,normal,normal,normal,normal,normal,normal,normal,-0.988962,0.776973,1.379411,-0.988962,1,1,
2023-11-22,2023,Recovery,normal,normal,normal,normal,normal,normal,normal,-1.219968,0.957541,1.338609,-0.233314,2,1,
2023-11-23,2023,Recovery,normal,normal,normal,normal,normal,normal,normal,0,0.957541,1.400788,2.151919,0,1,
2023-11-24,2023,Recovery,normal,normal,normal,normal,normal,normal,normal,,0.957541,1.400788,,,1,
2023-11-25,2023,Recovery,normal,normal,normal,normal,normal,normal,normal,,0.957541,1.400788,,,1,
2023-11-26,2023,Recovery,normal,normal,normal,normal,normal,normal,normal,,0.957541,1.400788,,,1,
2023-11-27,2023,Recovery,normal,normal,normal,normal,normal,normal,normal,,0.957541,1.400788,,,1,
2023-11-28,2023,Recovery,normal,normal,normal,normal,normal,normal,normal,,0.957541,1.400788,,,1,
2023-11-29,2023,Recovery,normal,normal,normal,normal,normal,normal,normal,,0.957541,1.400788,,,1,
2023-11-30,2023,Recovery,normal,normal,normal,normal,normal,normal,normal,,0.957541,1.400788,,,1,
2023-12-01,2023,Recovery,normal,normal,normal,normal,normal,normal,normal,,0.957541,1.400788,,,1,
2023-12-02,2023,Recovery,normal,normal,normal,normal,normal,normal,normal,,0.957541,1.400788,,,1,
2023-12-03,2023,Recovery,normal,normal,normal,normal,normal,normal,normal,,0.957541,1.400788,,,1,
2023-12-04,2023,Recovery,normal,normal,normal,normal,normal,normal,normal,,0.957541,1.400788,,,1,
2023-12-05,2023,Recovery,normal,normal,normal,normal,normal,normal,normal,,0.957541,1.400788,,,1,
2023-12-06,2023,Recovery,normal,normal,normal,normal,normal,normal,normal,,0.957541,1.400788,,,1,
2023-12-07,2023,Recovery,normal,normal,normal,normal,normal,normal,normal,,0.957541,1.400788,,,1,
2023-12-08,2023,Recovery,normal,normal,normal,normal,normal,normal,normal,0,0.957541,1.400788,,0,1,
2023-12-09,2023,Recovery,normal,normal,normal,normal,normal,normal,normal,0,0.957541,1.359211,0.222821,0,0,
2023-12-10,2023,Recovery,normal,normal,normal,normal,normal,normal,normal,-0.141142,0.957541,1.318257,-0.141142,1,0,
2023-12-11,2023,Recovery,normal,normal,normal,normal,normal,normal,watch,-3.762328,0.957541,1.556451,-3.626304,2,1,
2023-12-12,2023,Recovery,normal,normal,normal,normal,normal,normal,normal,-4.658308,1.832026,1.526169,-0.931008,3,1,
2023-12-13,2023,Recovery,normal,normal,normal,normal,normal,normal,normal,-4.572926,1.832026,1.479839,0.089554,4,1,
2023-12-14,2023,Recovery,normal,normal,normal,normal,normal,normal,normal,-1.630845,1.832026,1.621372,3.083068,5,1,
2023-12-15,2023,Recovery,normal,normal,normal,normal,normal,normal,normal,-3.211007,1.832026,1.620475,-1.60636,6,1,
2023-12-16,2023,Recovery,normal,normal,normal,normal,normal,normal,normal,-2.738381,2.109855,1.575655,0.488306,7,1,
2023-12-17,2023,Recovery,normal,normal,normal,normal,normal,normal,normal,-4.354855,2.109855,1.580968,-1.661985,8,1,
2023-12-18,2023,Recovery,normal,normal,normal,normal,normal,normal,normal,-4.21413,2.134887,1.533229,0.147132,9,0,
2023-12-19,2023,Recovery,normal,normal,normal,normal,normal,normal,normal,-2.840569,2.134887,1.527456,1.433991,10,0,
2023-12-20,2023,Recovery,normal,normal,normal,normal,normal,normal,normal,0,2.134887,1.700475,3.411938,0,0,
2023-12-21,2023,Recovery,normal,normal,normal,normal,normal,normal,normal,-0.107475,2.134887,1.648882,-0.107475,1,0,
2023-12-22,2023,Recovery,normal,normal,normal,normal,normal,normal,normal,-0.714245,2.134887,1.605559,-0.607422,2,0,
2023-12-23,2023,Recovery,normal,normal,normal,normal,normal,normal,normal,-0.092325,2.134887,1.564191,0.626394,3,0,
2023-12-24,2023,Recovery,normal,normal,normal,normal,normal,normal,normal,-0.116194,2.134887,1.516551,-0.023892,4,0,
2023-12-25,2023,Recovery,normal,normal,normal,normal,normal,normal,normal,-0.085959,2.134887,1.470369,0.03027,5,0,
2023-12-26,2023,Recovery,normal,normal,normal,normal,normal,normal,watch,-2.380466,2.134887,1.532545,-2.296481,6,1,
2023-12-27,2023,Recovery,normal,normal,normal,normal,normal,normal,normal,-1.572546,2.42041,1.499624,0.827621,7,1,
2023-12-28,2023,Recovery,normal,normal,normal,normal,normal,normal,normal,-2.008645,2.42041,1.457984,-0.443066,8,1,
2024-01-05,2024,ETF/Bull,normal,normal,normal,normal,normal,normal,normal,0,,,,0,1,
2024-01-06,2024,ETF/Bull,normal,normal,normal,normal,normal,normal,normal,0,,0.82006,0.82006,0,1,
2024-01-07,2024,ETF/Bull,normal,normal,normal,normal,normal,normal,normal,0,,0.8077,0.580664,0,1,
2024-01-08,2024,ETF/Bull,normal,normal,normal,normal,normal,normal,normal,0,,0.828264,1.101398,0,1,
2024-01-09,2024,ETF/Bull,normal,normal,normal,normal,normal,normal,normal,0,,1.046704,2.740833,0,1,
2024-01-10,2024,ETF/Bull,normal,normal,normal,normal,normal,normal,normal,-1.687038,,1.095728,-1.687038,1,0,
2024-01-11,2024,ETF/Bull,normal,normal,normal,normal,normal,normal,normal,0,,1.458818,4.081598,0,0,
2024-01-12,2024,ETF/Bull,normal,normal,normal,normal,normal,normal,normal,-1.742786,,1.477396,-1.742786,1,0,
2024-01-13,2024,ETF/Bull,normal,normal,normal,normal,normal,normal,watch,-6.638932,,1.8819,-4.982989,2,1,
2024-01-14,2024,ETF/Bull,normal,normal,normal,normal,normal,normal,normal,-6.696772,,1.824633,-0.061953,3,1,
2024-01-15,2024,ETF/Bull,normal,normal,normal,normal,normal,normal,normal,-7.930577,,1.798457,-1.322361,4,1,
2024-01-16,2024,ETF/Bull,normal,normal,normal,normal,normal,normal,normal,-6.936116,,1.763627,1.080121,5,1,
2024-01-17,2024,ETF/Bull,normal,normal,normal,normal,normal,normal,normal,-7.243091,,1.711807,-0.329854,6,1,
2024-01-18,2024,ETF/Bull,normal,normal,normal,normal,normal,normal,normal,-6.684288,,1.666206,0.602438,7,1,
2024-01-19,2024,ETF/Bull,normal,normal,normal,normal,normal,normal,stress,-11.236221,,2.009318,-4.877992,8,2,
2024-01-20,2024,ETF/Bull,normal,normal,normal,normal,normal,normal,normal,-10.193163,,1.969255,1.175094,9,1,
2024-01-21,2024,ETF/Bull,normal,normal,normal,normal,normal,normal,normal,-9.794709,,1.912354,0.443679,10,1,
2024-01-22,2024,ETF/Bull,normal,normal,normal,normal,normal,normal,normal,-11.418559,,1.90581,-1.800171,11,1,
2024-01-23,2024,ETF/Bull,normal,normal,normal,normal,normal,normal,stress,-15.374203,,2.147242,-4.465545,12,2,
2024-01-24,2024,ETF/Bull,normal,normal,normal,normal,normal,normal,stress,-12.973903,,2.1947,2.836369,13,2,
2024-01-25,2024,ETF/Bull,watch,watch,normal,watch,normal,normal,stress,-12.67505,,2.129503,0.343406,14,2,damage_watch_context
2024-01-26,2024,ETF/Bull,watch,watch,normal,watch,normal,normal,stress,,,2.129503,,,2,damage_watch_context
2024-01-27,2024,ETF/Bull,watch,watch,normal,watch,normal,normal,stress,,,2.129503,,,2,damage_watch_context
2024-01-28,2024,ETF/Bull,watch,watch,normal,watch,normal,normal,stress,,,2.129503,,,2,damage_watch_context
2024-01-29,2024,ETF/Bull,watch,watch,normal,watch,normal,normal,stress,,,2.129503,,,2,damage_watch_context
2024-01-30,2024,ETF/Bull,watch,watch,normal,watch,normal,normal,stress,,,2.129503,,,2,damage_watch_context
2024-01-31,2024,ETF/Bull,watch,watch,normal,watch,normal,normal,stress,,,2.129503,,,2,damage_watch_context
2024-02-01,2024,ETF/Bull,watch,watch,normal,watch,normal,normal,stress,,,2.129503,,,2,damage_watch_context
2024-02-02,2024,ETF/Bull,watch,watch,normal,watch,normal,normal,stress,,,2.129503,,,2,damage_watch_context
2024-02-03,2024,ETF/Bull,watch,watch,normal,watch,normal,normal,stress,,,2.129503,,,2,damage_watch_context
2024-02-04,2024,ETF/Bull,watch,watch,normal,watch,normal,normal,stress,,,2.129503,,,2,damage_watch_context
2024-02-05,2024,ETF/Bull,watch,watch,normal,watch,normal,normal,stress,,,2.129503,,,2,damage_watch_context
2024-02-06,2024,ETF/Bull,watch,watch,normal,watch,normal,normal,stress,,,2.129503,,,2,damage_watch_context
2024-02-07,2024,ETF/Bull,watch,watch,normal,watch,normal,normal,stress,,,2.129503,,,2,damage_watch_context
2024-02-08,2024,ETF/Bull,watch,watch,normal,watch,normal,normal,stress,,,2.129503,,,2,damage_watch_context
2024-02-09,2024,ETF/Bull,normal,normal,normal,normal,normal,normal,stress,0,,2.129503,,0,2,
2024-02-10,2024,ETF/Bull,normal,normal,normal,normal,normal,normal,normal,0,,2.07643,0.902468,0,1,
2024-02-11,2024,ETF/Bull,normal,normal,normal,normal,normal,normal,normal,0,,2.030666,1.085771,0,1,
2024-02-12,2024,ETF/Bull,normal,normal,normal,normal,normal,normal,normal,0,,1.971676,0.434364,0,1,
2024-02-13,2024,ETF/Bull,normal,normal,normal,normal,normal,normal,normal,0,,1.91304,0.301814,0,1,
2024-02-14,2024,ETF/Bull,normal,normal,normal,normal,normal,normal,normal,0,,1.867275,0.881084,0,0,
2024-02-15,2024,ETF/Bull,normal,normal,normal,normal,normal,normal,normal,0,,1.833664,1.188899,0,0,
2024-02-16,2024,ETF/Bull,normal,normal,normal,normal,normal,normal,normal,0,,2.251874,5.642622,0,0,
2024-02-17,2024,ETF/Bull,normal,normal,normal,normal,normal,normal,normal,-1.358005,,2.208468,-1.358005,1,0,
2024-02-18,2024,ETF/Bull,normal,normal,normal,normal,normal,normal,normal,0,,2.176461,1.593167,0,0,
2024-02-19,2024,ETF/Bull,normal,normal,normal,normal,normal,normal,normal,0,,2.112515,0.407428,0,0,
2024-02-20,2024,ETF/Bull,normal,normal,normal,normal,normal,normal,normal,0,4.692391,2.049224,0.269607,0,0,
2024-02-21,2024,ETF/Bull,normal,normal,normal,normal,normal,normal,normal,-1.636429,4.692391,2.026829,-1.636429,1,0,
2024-02-22,2024,ETF/Bull,normal,normal,normal,normal,normal,normal,normal,-0.717223,4.692391,1.97837,0.934498,2,0,
2024-02-23,2024,ETF/Bull,normal,normal,normal,normal,normal,normal,normal,,4.692391,1.97837,,,0,
2024-02-24,2024,ETF/Bull,normal,normal,normal,normal,normal,normal,normal,,4.692391,1.97837,,,0,
2024-02-25,2024,ETF/Bull,normal,normal,normal,normal,normal,normal,normal,,4.692391,1.97837,,,0,
2024-02-26,2024,ETF/Bull,normal,normal,normal,normal,normal,normal,normal,,4.692391,1.97837,,,0,
2024-02-27,2024,ETF/Bull,normal,normal,normal,normal,normal,normal,normal,,4.692391,1.97837,,,0,
2024-02-28,2024,ETF/Bull,normal,normal,normal,normal,normal,normal,normal,,4.692391,1.97837,,,0,
2024-02-29,2024,ETF/Bull,normal,normal,normal,normal,normal,normal,normal,,4.692391,1.97837,,,0,
2024-03-01,2024,ETF/Bull,normal,normal,normal,normal,normal,normal,normal,,4.692391,1.97837,,,0,
2024-03-02,2024,ETF/Bull,normal,normal,normal,normal,normal,normal,normal,,4.692391,1.97837,,,0,
2024-03-03,2024,ETF/Bull,normal,normal,normal,normal,normal,normal,normal,,4.692391,1.97837,,,0,
2024-03-04,2024,ETF/Bull,normal,normal,normal,normal,normal,normal,normal,,4.692391,1.97837,,,0,
2024-03-05,2024,ETF/Bull,normal,normal,normal,normal,normal,normal,normal,,4.692391,1.97837,,,0,
2024-03-06,2024,ETF/Bull,normal,normal,normal,normal,normal,normal,normal,,4.692391,1.97837,,,0,
2024-03-07,2024,ETF/Bull,normal,normal,normal,normal,normal,normal,normal,,4.692391,1.97837,,,0,
2024-03-08,2024,ETF/Bull,normal,normal,normal,normal,normal,normal,normal,0,4.692391,1.97837,,0,0,
2024-03-09,2024,ETF/Bull,normal,normal,normal,normal,normal,normal,normal,-0.194397,4.692391,1.918692,-0.194397,1,0,
2024-03-10,2024,ETF/Bull,normal,normal,normal,normal,normal,normal,normal,0,4.692391,1.865488,0.570808,0,0,
2024-03-11,2024,ETF/Bull,normal,normal,normal,normal,normal,normal,normal,0,4.692391,1.837379,1.321103,0,0,
2024-03-12,2024,ETF/Bull,normal,normal,normal,normal,normal,normal,normal,0,4.692391,1.855181,2.114595,0,0,
2024-03-13,2024,ETF/Bull,normal,normal,normal,normal,normal,normal,normal,0,4.692391,1.799266,0.190009,0,0,
2024-03-14,2024,ETF/Bull,normal,normal,normal,normal,normal,normal,normal,0,3.266127,1.763241,1.04803,0,0,
2024-03-15,2024,ETF/Bull,normal,normal,normal,normal,normal,normal,watch,-4.867118,3.266127,2.084181,-4.867118,1,1,
2024-03-16,2024,ETF/Bull,normal,normal,normal,normal,normal,normal,normal,-5.243542,4.686411,2.023011,-0.395682,2,1,
2024-03-17,2024,ETF/Bull,normal,normal,normal,normal,normal,normal,normal,-5.756688,4.686411,1.965863,-0.541542,3,1,
2024-03-18,2024,ETF/Bull,normal,normal,normal,normal,normal,normal,normal,-5.390522,4.686411,1.908349,0.388533,4,1,
2024-03-19,2024,ETF/Bull,normal,normal,normal,normal,normal,normal,stress,-10.15348,4.686411,2.223502,-5.034335,5,2,
2024-03-20,2024,ETF/Bull,normal,normal,normal,normal,normal,normal,stress,-9.804152,4.686411,2.157868,0.388805,6,2,
2024-03-21,2024,ETF/Bull,normal,normal,normal,normal,normal,normal,stress,-5.540542,4.686411,2.391174,4.727059,7,2,
2024-03-22,2024,ETF/Bull,normal,normal,normal,normal,normal,normal,stress,-10.843526,4.686411,2.695495,-5.614032,8,2,
2024-03-23,2024,ETF/Bull,normal,normal,normal,normal,normal,normal,stress,-8.967163,4.959088,2.663739,2.104572,9,2,
2024-03-24,2024,ETF/Bull,normal,normal,normal,normal,normal,normal,stress,-8.023157,4.959088,2.595052,1.036995,10,2,
2024-03-25,2024,ETF/Bull,normal,normal,normal,normal,normal,normal,stress,-4.637024,4.959088,2.672723,3.681506,11,2,
2024-03-26,2024,ETF/Bull,normal,normal,normal,normal,normal,normal,normal,-2.596373,4.959088,2.643782,2.139878,12,1,
2024-03-27,2024,ETF/Bull,normal,normal,normal,normal,normal,normal,normal,-2.388753,4.959088,2.563774,0.213155,13,1,
2024-03-28,2024,ETF/Bull,watch,watch,normal,watch,normal,normal,normal,-1.318148,4.959088,2.500148,1.096805,14,1,damage_watch_context
2024-03-29,2024,ETF/Bull,watch,watch,normal,watch,normal,normal,normal,,4.959088,2.500148,,,1,damage_watch_context
2024-03-30,2024,ETF/Bull,watch,watch,normal,watch,normal,normal,normal,,4.959088,2.500148,,,1,damage_watch_context
2024-03-31,2024,ETF/Bull,watch,watch,normal,watch,normal,normal,normal,,4.959088,2.500148,,,1,damage_watch_context
2024-04-01,2024,ETF/Bull,watch,watch,normal,watch,normal,normal,normal,,4.959088,2.500148,,,1,damage_watch_context
2024-04-02,2024,ETF/Bull,watch,watch,normal,watch,normal,normal,normal,,4.959088,2.500148,,,1,damage_watch_context
2024-04-03,2024,ETF/Bull,watch,watch,normal,watch,normal,normal,normal,,4.959088,2.500148,,,1,damage_watch_context
2024-04-04,2024,ETF/Bull,watch,watch,normal,watch,normal,normal,normal,,4.959088,2.500148,,,1,damage_watch_context
2024-04-05,2024,ETF/Bull,watch,watch,normal,watch,normal,normal,normal,-6.009562,4.959088,2.500148,,15,1,damage_watch_context
2024-04-06,2024,ETF/Bull,watch,watch,normal,watch,normal,normal,normal,-5.409404,4.959088,2.429024,0.638531,16,0,damage_watch_context
2024-04-07,2024,ETF/Bull,watch,watch,normal,watch,normal,normal,normal,-4.04354,4.959088,2.381439,1.443973,17,0,damage_watch_context
2024-04-08,2024,ETF/Bull,watch,watch,normal,watch,normal,normal,normal,-2.819973,4.959088,2.329921,1.275128,18,0,damage_watch_context
2024-04-09,2024,ETF/Bull,watch,watch,normal,watch,normal,normal,normal,-3.606301,4.959088,2.267621,-0.809146,19,0,damage_watch_context
2024-04-10,2024,ETF/Bull,watch,watch,normal,watch,normal,normal,normal,-4.021148,4.959088,2.201066,-0.430366,20,0,damage_watch_context
2024-04-11,2024,ETF/Bull,stress,watch,normal,stress,normal,normal,normal,-1.74397,4.959088,2.211732,2.372583,21,0,damage_watch_context
2024-04-12,2024,ETF/Bull,stress,watch,normal,stress,normal,normal,normal,-1.865352,4.959088,2.144567,-0.123536,22,0,damage_watch_context
2024-04-13,2024,ETF/Bull,stress,watch,normal,stress,normal,normal,watch,-4.53381,4.959088,2.183313,-2.719181,23,1,damage_watch_context
2024-04-14,2024,ETF/Bull,stress,watch,normal,stress,normal,normal,stress,-8.880418,4.959088,2.392624,-4.553033,24,2,damage_watch_context
2024-04-15,2024,ETF/Bull,stress,watch,normal,stress,normal,normal,stress,-6.702774,4.959088,2.392459,2.389874,25,2,damage_watch_context
2024-04-16,2024,ETF/Bull,stress,watch,normal,stress,normal,normal,stress,-10.985621,4.959088,2.577754,-4.59054,26,3,damage_watch_context
2024-04-17,2024,ETF/Bull,stress,watch,normal,stress,normal,normal,stress,-11.163105,4.959088,2.499702,-0.199388,27,3,damage_watch_context
2024-04-18,2024,ETF/Bull,stress,watch,normal,stress,normal,normal,stress,-10.842023,4.959088,2.425167,0.361429,28,3,damage_watch_context
2024-04-19,2024,ETF/Bull,stress,watch,normal,stress,normal,normal,stress,-9.559332,4.959088,2.377549,1.438672,29,3,damage_watch_context
2024-04-20,2024,ETF/Bull,stress,watch,normal,stress,normal,normal,stress,-10.14198,4.959088,2.310514,-0.644232,30,2,damage_watch_context
2024-04-21,2024,ETF/Bull,stress,watch,normal,stress,normal,normal,normal,-9.076261,4.959088,2.258885,1.186003,31,1,damage_watch_context
2024-04-22,2024,ETF/Bull,stress,watch,normal,stress,normal,normal,normal,-7.398485,4.959088,2.236226,1.845256,32,1,damage_watch_context
2024-04-23,2024,ETF/Bull,stress,watch,normal,stress,normal,normal,normal,-6.72139,4.834627,2.175487,0.731192,33,0,damage_watch_context
2024-04-24,2024,ETF/Bull,stress,watch,normal,stress,normal,normal,normal,-6.653728,4.834627,2.109288,0.072538,34,0,damage_watch_context
2024-04-25,2024,ETF/Bull,stress,watch,normal,stress,normal,normal,watch,-10.085719,4.834627,2.234548,-3.676624,35,1,damage_watch_context
2024-04-26,2024,ETF/Bull,stress,watch,normal,stress,normal,normal,normal,,4.834627,2.234548,,,1,damage_watch_context
2024-04-27,2024,ETF/Bull,stress,watch,normal,stress,normal,normal,normal,,4.834627,2.234548,,,1,damage_watch_context
2024-04-28,2024,ETF/Bull,stress,watch,normal,stress,normal,normal,normal,,4.834627,2.234548,,,1,damage_watch_context
2024-04-29,2024,ETF/Bull,stress,watch,normal,stress,normal,normal,normal,,4.834627,2.234548,,,1,damage_watch_context
2024-04-30,2024,ETF/Bull,stress,watch,normal,stress,normal,normal,normal,,4.834627,2.234548,,,1,damage_watch_context
2024-05-01,2024,ETF/Bull,stress,watch,normal,stress,normal,normal,normal,,4.834627,2.234548,,,1,damage_watch_context
2024-05-02,2024,ETF/Bull,stress,watch,normal,stress,normal,normal,normal,,4.834627,2.234548,,,1,damage_watch_context
2024-05-03,2024,ETF/Bull,stress,watch,normal,stress,normal,normal,normal,-14.640039,4.834627,2.234548,,36,1,damage_watch_context
2024-05-04,2024,ETF/Bull,stress,watch,normal,stress,normal,normal,normal,-13.588235,4.834627,2.187398,1.232197,37,1,damage_watch_context
2024-05-05,2024,ETF/Bull,stress,watch,normal,stress,normal,normal,normal,-12.798982,4.573662,2.132529,0.913364,38,1,damage_watch_context
2024-05-06,2024,ETF/Bull,stress,watch,normal,stress,normal,normal,stress,-14.550987,4.573662,2.125329,-2.009157,39,2,damage_watch_context
2024-05-07,2024,ETF/Bull,stress,watch,normal,stress,normal,normal,stress,-13.061559,4.573662,2.104352,1.743061,40,2,damage_watch_context
2024-05-08,2024,ETF/Bull,stress,watch,normal,stress,normal,normal,stress,-12.480307,4.158649,2.046807,0.668578,41,2,damage_watch_context
2024-05-09,2024,ETF/Bull,stress,watch,normal,stress,normal,normal,stress,-13.443847,4.158649,2.002693,-1.10094,42,2,damage_watch_context
2024-05-10,2024,ETF/Bull,stress,watch,normal,stress,normal,normal,normal,-11.564084,4.158649,2.013235,2.171727,43,1,damage_watch_context
2024-05-11,2024,ETF/Bull,stress,watch,normal,stress,normal,normal,stress,-13.675984,4.158649,2.03767,-2.388057,44,2,damage_watch_context
2024-05-12,2024,ETF/Bull,stress,watch,normal,stress,normal,normal,stress,-13.33203,4.158649,1.978003,0.398445,45,2,damage_watch_context
2024-05-13,2024,ETF/Bull,stress,watch,normal,stress,normal,normal,normal,-11.364695,4.158649,1.996725,2.269968,46,1,damage_watch_context
2024-05-14,2024,ETF/Bull,stress,watch,normal,stress,normal,normal,normal,-12.634075,4.158649,1.967424,-1.432138,47,1,damage_watch_context
2024-05-15,2024,ETF/Bull,stress,watch,normal,stress,normal,normal,normal,-9.23394,4.158649,2.132439,3.891832,48,1,damage_watch_context
2024-05-16,2024,ETF/Bull,stress,watch,normal,stress,normal,normal,normal,-6.58272,4.158649,2.187777,2.920937,49,1,damage_watch_context
2024-05-17,2024,ETF/Bull,stress,watch,normal,stress,normal,normal,normal,-6.941638,4.158649,2.123216,-0.384209,50,1,damage_watch_context
2024-05-18,2024,ETF/Bull,stress,watch,normal,stress,normal,normal,normal,-5.759361,4.158649,2.081924,1.270468,51,0,damage_watch_context
2024-05-19,2024,ETF/Bull,stress,watch,normal,stress,normal,normal,normal,-5.399899,4.158649,2.020661,0.38143,52,0,damage_watch_context
2024-05-20,2024,ETF/Bull,stress,watch,normal,stress,normal,normal,normal,-5.290468,4.158649,1.959309,0.115678,53,0,damage_watch_context
2024-05-21,2024,ETF/Bull,stress,watch,normal,stress,normal,normal,normal,-2.677821,4.158649,2.016221,2.758589,54,0,damage_watch_context
2024-05-22,2024,ETF/Bull,stress,watch,normal,stress,normal,normal,normal,-2.373278,4.158649,1.956301,0.312922,55,0,damage_watch_context
2024-05-23,2024,ETF/Bull,stress,watch,normal,stress,normal,normal,normal,-3.655418,3.096769,1.923791,-1.313308,56,0,damage_watch_context
2024-05-24,2024,ETF/Bull,stress,watch,normal,stress,normal,normal,normal,-5.359721,3.096769,1.914855,-1.768967,57,0,damage_watch_context
2024-05-25,2024,ETF/Bull,stress,watch,normal,stress,normal,normal,normal,-3.54899,2.217552,1.91476,1.913278,58,0,damage_watch_context
2024-05-26,2024,ETF/Bull,stress,watch,normal,stress,normal,normal,normal,-3.275405,2.217552,1.857729,0.283651,59,0,damage_watch_context
2024-05-27,2024,ETF/Bull,stress,watch,normal,stress,normal,normal,normal,-3.193862,2.217552,1.801253,0.084305,60,0,damage_watch_context
2024-05-28,2024,ETF/Bull,stress,watch,normal,stress,normal,normal,normal,-4.536635,2.217552,1.779123,-1.387074,61,0,damage_watch_context
2024-05-29,2024,ETF/Bull,stress,watch,normal,stress,normal,normal,normal,-3.955427,2.217552,1.731359,0.608829,62,0,damage_watch_context
2024-05-30,2024,ETF/Bull,stress,watch,normal,stress,normal,normal,normal,-2.65185,2.217552,1.711221,1.357262,63,0,damage_watch_context
2024-05-31,2024,ETF/Bull,stress,watch,normal,stress,normal,normal,normal,,2.217552,1.711221,,,0,damage_watch_context
2024-06-01,2024,ETF/Bull,stress,watch,normal,stress,normal,normal,normal,,2.217552,1.711221,,,0,damage_watch_context
2024-06-02,2024,ETF/Bull,stress,watch,normal,stress,normal,normal,normal,,2.217552,1.711221,,,0,damage_watch_context
2024-06-03,2024,ETF/Bull,stress,watch,normal,stress,normal,normal,normal,,2.217552,1.711221,,,0,damage_watch_context
2024-06-04,2024,ETF/Bull,stress,watch,normal,stress,normal,normal,normal,,2.217552,1.711221,,,0,damage_watch_context
2024-06-05,2024,ETF/Bull,stress,watch,normal,stress,normal,normal,normal,,2.217552,1.711221,,,0,damage_watch_context
2024-06-06,2024,ETF/Bull,stress,watch,normal,stress,normal,normal,normal,,2.217552,1.711221,,,0,damage_watch_context
2024-06-07,2024,ETF/Bull,normal,normal,normal,normal,normal,normal,normal,0,2.217552,1.711221,,0,0,
2024-06-08,2024,ETF/Bull,normal,normal,normal,normal,normal,normal,watch,-2.167619,2.217552,1.74198,-2.167619,1,1,
2024-06-09,2024,ETF/Bull,normal,normal,normal,normal,normal,normal,normal,-2.099258,2.28886,1.688999,0.069876,2,1,
2024-06-10,2024,ETF/Bull,normal,normal,normal,normal,normal,normal,normal,-2.300262,2.28886,1.638318,-0.205315,3,1,
2024-06-11,2024,ETF/Bull,normal,normal,normal,normal,normal,normal,stress,-5.625271,2.096311,1.793874,-3.403293,4,2,
2024-06-12,2024,ETF/Bull,normal,normal,normal,normal,normal,normal,stress,-2.147857,2.28886,1.959469,3.684687,5,2,
2024-06-13,2024,ETF/Bull,normal,normal,normal,normal,normal,normal,stress,-4.581451,2.28886,1.995059,-2.487011,6,3,
2024-06-14,2024,ETF/Bull,normal,normal,normal,normal,normal,normal,stress,-6.022066,2.442482,1.969318,-1.509785,7,3,
2024-06-15,2024,ETF/Bull,normal,normal,normal,normal,normal,normal,stress,-6.725254,2.442482,1.918101,-0.748249,8,2,
2024-06-16,2024,ETF/Bull,normal,normal,normal,normal,normal,normal,stress,-6.225222,2.442482,1.864299,0.536085,9,2,
2024-06-17,2024,ETF/Bull,normal,normal,normal,normal,normal,normal,stress,-8.128284,2.442482,1.874615,-2.029396,10,3,
2024-06-18,2024,ETF/Bull,normal,normal,normal,normal,normal,normal,stress,-8.503374,2.442482,1.820256,-0.408275,11,2,
2024-06-19,2024,ETF/Bull,normal,normal,normal,normal,normal,normal,stress,-8.130661,2.343285,1.767622,0.407351,12,2,
2024-06-20,2024,ETF/Bull,normal,normal,normal,normal,normal,normal,normal,-7.992208,2.343285,1.71417,0.150707,13,1,
2024-06-21,2024,ETF/Bull,watch,watch,normal,watch,normal,normal,stress,-10.693685,2.343285,1.810893,-2.936139,14,2,damage_watch_context
2024-06-22,2024,ETF/Bull,watch,watch,normal,watch,normal,normal,stress,-9.673174,2.734032,1.777897,1.142708,15,2,damage_watch_context
2024-06-23,2024,ETF/Bull,watch,watch,normal,watch,normal,normal,stress,-9.623267,2.734032,1.723789,0.055252,16,2,damage_watch_context
2024-06-24,2024,ETF/Bull,watch,watch,normal,watch,normal,normal,stress,-13.02819,2.734032,1.909134,-3.767477,17,2,damage_watch_context
2024-06-25,2024,ETF/Bull,watch,watch,normal,watch,normal,normal,stress,-13.585606,3.193074,1.85762,-0.640916,18,2,damage_watch_context
2024-06-26,2024,ETF/Bull,watch,watch,normal,watch,normal,normal,stress,-12.80523,3.193074,1.814563,0.903062,19,2,damage_watch_context
2024-06-27,2024,ETF/Bull,watch,watch,normal,watch,normal,normal,stress,-12.314807,3.193074,1.76467,0.562446,20,2,damage_watch_context
2024-06-28,2024,ETF/Bull,watch,watch,normal,watch,normal,normal,stress,,3.193074,1.76467,,,2,damage_watch_context
2024-06-29,2024,ETF/Bull,watch,watch,normal,watch,normal,normal,stress,,3.193074,1.76467,,,2,damage_watch_context
2024-06-30,2024,ETF/Bull,watch,watch,normal,watch,normal,normal,stress,,3.193074,1.76467,,,2,damage_watch_context
2024-07-01,2024,ETF/Bull,watch,watch,normal,watch,normal,normal,stress,,3.193074,1.76467,,,2,damage_watch_context
2024-07-02,2024,ETF/Bull,watch,watch,normal,watch,normal,normal,stress,,3.193074,1.76467,,,2,damage_watch_context
2024-07-03,2024,ETF/Bull,watch,watch,normal,watch,normal,normal,stress,,3.193074,1.76467,,,2,damage_watch_context
2024-07-04,2024,ETF/Bull,watch,watch,normal,watch,normal,normal,stress,,3.193074,1.76467,,,2,damage_watch_context
2024-07-05,2024,ETF/Bull,stress,stress,watch,stress,normal,normal,stress,-22.322262,3.193074,1.76467,,21,2,drawdown_watch_plus_duration_plus_risk_signal
2024-07-06,2024,ETF/Bull,stress,watch,watch,stress,normal,normal,normal,-21.435236,3.193074,1.733626,1.141932,22,1,damage_watch_context
2024-07-07,2024,ETF/Bull,stress,watch,watch,stress,normal,normal,normal,-21.539585,3.193074,1.681127,-0.13282,23,1,damage_watch_context
2024-07-08,2024,ETF/Bull,stress,watch,watch,stress,normal,normal,normal,-21.20294,3.193074,1.633298,0.429064,24,1,damage_watch_context
2024-07-09,2024,ETF/Bull,stress,watch,watch,stress,normal,normal,normal,-21.053696,3.193074,1.584221,0.189403,25,0,damage_watch_context
2024-07-10,2024,ETF/Bull,stress,watch,watch,stress,normal,normal,normal,-20.205129,3.193074,1.558361,1.074866,26,0,damage_watch_context
2024-07-11,2024,ETF/Bull,stress,watch,watch,stress,normal,normal,normal,-20.029334,3.193074,1.511851,0.220309,27,0,damage_watch_context
2024-07-12,2024,ETF/Bull,stress,watch,normal,stress,normal,normal,normal,-19.003658,3.193074,1.499083,1.282565,28,0,damage_watch_context
2024-07-13,2024,ETF/Bull,stress,watch,normal,stress,normal,normal,normal,-18.204322,3.193074,1.473381,0.986879,29,0,damage_watch_context
2024-07-14,2024,ETF/Bull,stress,watch,normal,stress,normal,normal,normal,-17.575036,3.193074,1.440872,0.769339,30,0,damage_watch_context
2024-07-15,2024,ETF/Bull,stress,watch,normal,stress,normal,normal,normal,-15.585055,3.193074,1.516995,2.414293,31,0,damage_watch_context
2024-07-16,2024,ETF/Bull,stress,watch,normal,stress,normal,normal,normal,-15.693089,3.193074,1.471116,-0.12798,32,0,damage_watch_context
2024-07-17,2024,ETF/Bull,stress,watch,normal,stress,normal,normal,normal,-14.683201,3.193074,1.456167,1.197871,33,0,damage_watch_context
2024-07-18,2024,ETF/Bull,stress,watch,normal,stress,normal,normal,normal,-15.709327,3.193074,1.442217,-1.202724,34,0,damage_watch_context
2024-07-19,2024,ETF/Bull,stress,watch,normal,stress,normal,normal,normal,-9.470552,3.193074,2.289569,7.401501,35,0,damage_watch_context
2024-07-20,2024,ETF/Bull,stress,watch,normal,stress,normal,normal,normal,-8.183589,2.734032,2.246965,1.421595,36,0,damage_watch_context
2024-07-21,2024,ETF/Bull,stress,watch,normal,stress,normal,normal,normal,-7.954323,2.734032,2.179372,0.249701,37,0,damage_watch_context
2024-07-22,2024,ETF/Bull,stress,watch,normal,stress,normal,normal,normal,-7.774313,2.528105,2.113523,0.195566,38,0,damage_watch_context
2024-07-23,2024,ETF/Bull,stress,watch,normal,stress,normal,normal,normal,-7.891405,2.528105,2.049372,-0.126963,39,0,damage_watch_context
2024-07-24,2024,ETF/Bull,stress,watch,normal,stress,normal,normal,normal,-6.988104,2.528105,2.001409,0.980692,40,0,damage_watch_context
2024-07-25,2024,ETF/Bull,stress,watch,normal,stress,normal,normal,watch,-9.739004,2.528105,2.071264,-2.957578,41,1,damage_watch_context
2024-07-26,2024,ETF/Bull,stress,watch,normal,stress,normal,normal,normal,,2.528105,2.071264,,,1,damage_watch_context
2024-07-27,2024,ETF/Bull,stress,watch,normal,stress,normal,normal,normal,,2.528105,2.071264,,,1,damage_watch_context
2024-07-28,2024,ETF/Bull,stress,watch,normal,stress,normal,normal,normal,,2.528105,2.071264,,,1,damage_watch_context
2024-07-29,2024,ETF/Bull,stress,watch,normal,stress,normal,normal,normal,,2.528105,2.071264,,,1,damage_watch_context
2024-07-30,2024,ETF/Bull,stress,watch,normal,stress,normal,normal,normal,,2.528105,2.071264,,,1,damage_watch_context
2024-07-31,2024,ETF/Bull,stress,watch,normal,stress,normal,normal,normal,,2.528105,2.071264,,,1,damage_watch_context
2024-08-01,2024,ETF/Bull,stress,watch,normal,stress,normal,normal,normal,,2.528105,2.071264,,,1,damage_watch_context
2024-08-02,2024,ETF/Bull,stress,watch,normal,stress,normal,normal,normal,,2.528105,2.071264,,,1,damage_watch_context
2024-08-03,2024,ETF/Bull,stress,watch,normal,stress,normal,normal,normal,,2.528105,2.071264,,,1,damage_watch_context
2024-08-04,2024,ETF/Bull,stress,watch,normal,stress,normal,normal,normal,,2.528105,2.071264,,,1,damage_watch_context
2024-08-05,2024,ETF/Bull,stress,watch,normal,stress,normal,normal,normal,,2.528105,2.071264,,,1,damage_watch_context
2024-08-06,2024,ETF/Bull,stress,watch,normal,stress,normal,normal,normal,,2.528105,2.071264,,,1,damage_watch_context
2024-08-07,2024,ETF/Bull,stress,watch,normal,stress,normal,normal,normal,,2.528105,2.071264,,,1,damage_watch_context
2024-08-08,2024,ETF/Bull,stress,watch,normal,stress,normal,normal,normal,,2.528105,2.071264,,,1,damage_watch_context
2024-08-09,2024,ETF/Bull,stress,watch,normal,stress,normal,normal,normal,-15.203664,2.528105,2.071264,,42,1,damage_watch_context
2024-08-10,2024,ETF/Bull,stress,watch,normal,stress,normal,normal,normal,-15.293275,2.947931,2.008332,-0.105679,43,1,damage_watch_context
2024-08-11,2024,ETF/Bull,stress,watch,normal,stress,normal,normal,normal,-15.242132,2.947931,1.947206,0.060377,44,1,damage_watch_context
2024-08-12,2024,ETF/Bull,stress,watch,normal,stress,normal,normal,stress,-18.30136,2.947931,2.084651,-3.609373,45,2,damage_watch_context
2024-08-13,2024,ETF/Bull,stress,watch,normal,stress,normal,normal,stress,-16.255628,3.316066,2.112161,2.503997,46,2,damage_watch_context
2024-08-14,2024,ETF/Bull,stress,watch,normal,stress,normal,normal,stress,-16.115181,3.316066,2.048228,0.167709,47,2,damage_watch_context
2024-08-15,2024,ETF/Bull,stress,watch,normal,stress,normal,normal,stress,-16.012324,3.316066,1.986058,0.122617,48,2,damage_watch_context
2024-08-16,2024,ETF/Bull,stress,watch,normal,stress,normal,normal,stress,-18.727535,3.316066,2.082029,-3.232869,49,2,damage_watch_context
2024-08-17,2024,ETF/Bull,stress,watch,normal,stress,normal,normal,stress,-17.055848,3.108988,2.08053,2.056892,50,2,damage_watch_context
2024-08-18,2024,ETF/Bull,stress,watch,normal,stress,normal,normal,stress,-16.793049,3.108988,2.018641,0.316839,51,2,damage_watch_context
2024-08-19,2024,ETF/Bull,stress,watch,normal,stress,normal,normal,normal,-18.360903,3.108988,2.010832,-1.884282,52,1,damage_watch_context
2024-08-20,2024,ETF/Bull,stress,watch,normal,stress,normal,normal,normal,-15.537432,3.108988,2.125678,3.458479,53,1,damage_watch_context
2024-08-21,2024,ETF/Bull,stress,watch,normal,stress,normal,normal,normal,-15.900565,3.108988,2.06361,-0.429934,54,1,damage_watch_context
2024-08-22,2024,ETF/Bull,stress,watch,normal,stress,normal,normal,normal,-14.741069,3.108988,2.029046,1.378721,55,1,damage_watch_context
2024-08-23,2024,ETF/Bull,stress,watch,normal,stress,normal,normal,normal,-14.291148,3.108988,1.971475,0.527711,56,0,damage_watch_context
2024-08-24,2024,ETF/Bull,stress,watch,normal,stress,normal,normal,normal,-11.678599,3.108988,2.05207,3.048167,57,0,damage_watch_context
2024-08-25,2024,ETF/Bull,stress,watch,normal,stress,normal,normal,normal,-11.575208,3.108988,1.989762,0.117062,58,0,damage_watch_context
2024-08-26,2024,ETF/Bull,stress,watch,normal,stress,normal,normal,normal,-11.336907,3.108988,1.930275,0.269496,59,0,damage_watch_context
2024-08-27,2024,ETF/Bull,stress,watch,normal,stress,normal,normal,normal,-12.652566,3.108988,1.906442,-1.483885,60,0,damage_watch_context
2024-08-28,2024,ETF/Bull,stress,watch,normal,stress,normal,normal,watch,-16.340943,3.108988,2.118088,-4.222651,61,1,damage_watch_context
2024-08-29,2024,ETF/Bull,stress,watch,normal,stress,normal,normal,normal,-14.271377,3.439946,2.141098,2.473811,62,1,damage_watch_context
2024-08-30,2024,ETF/Bull,stress,watch,normal,stress,normal,normal,normal,,3.439946,2.141098,,,1,damage_watch_context
2024-08-31,2024,ETF/Bull,stress,watch,normal,stress,normal,normal,normal,,3.439946,2.141098,,,1,damage_watch_context
2024-09-01,2024,ETF/Bull,stress,watch,normal,stress,normal,normal,normal,,3.439946,2.141098,,,1,damage_watch_context
2024-09-02,2024,ETF/Bull,stress,watch,normal,stress,normal,normal,normal,,3.439946,2.141098,,,1,damage_watch_context
2024-09-03,2024,ETF/Bull,stress,watch,normal,stress,normal,normal,normal,,3.439946,2.141098,,,1,damage_watch_context
2024-09-04,2024,ETF/Bull,stress,watch,normal,stress,normal,normal,normal,,3.439946,2.141098,,,1,damage_watch_context
2024-09-05,2024,ETF/Bull,stress,watch,normal,stress,normal,normal,normal,,3.439946,2.141098,,,1,damage_watch_context
2024-09-06,2024,ETF/Bull,stress,watch,watch,stress,normal,normal,normal,-22.075113,3.439946,2.141098,,63,1,damage_watch_context
2024-09-07,2024,ETF/Bull,stress,watch,watch,stress,normal,normal,normal,-23.30342,3.439946,2.111474,-1.576271,64,1,damage_watch_context
2024-09-08,2024,ETF/Bull,stress,watch,watch,stress,normal,normal,normal,-23.419236,3.439946,2.047484,-0.151005,65,1,damage_watch_context
2024-09-09,2024,ETF/Bull,stress,watch,watch,stress,normal,normal,normal,-21.869344,3.439946,2.046075,2.023866,66,1,damage_watch_context
2024-09-10,2024,ETF/Bull,stress,watch,watch,stress,normal,normal,normal,-20.45046,3.439946,2.033007,1.816041,67,1,damage_watch_context
2024-09-11,2024,ETF/Bull,stress,watch,watch,stress,normal,normal,normal,-21.367906,3.439946,1.991215,-1.153301,68,1,damage_watch_context
2024-09-12,2024,ETF/Bull,stress,watch,normal,stress,normal,normal,normal,-18.662022,3.439946,2.106549,3.441195,69,0,damage_watch_context
2024-09-13,2024,ETF/Bull,stress,watch,normal,stress,normal,normal,normal,-18.784975,3.439946,2.042711,-0.151164,70,0,damage_watch_context
2024-09-14,2024,ETF/Bull,stress,watch,normal,stress,normal,normal,normal,-16.839785,3.439946,2.065551,2.395111,71,0,damage_watch_context
2024-09-15,2024,ETF/Bull,stress,watch,normal,stress,normal,normal,normal,-16.394441,3.439946,2.006917,0.535526,72,0,damage_watch_context
2024-09-16,2024,ETF/Bull,stress,watch,normal,stress,normal,normal,normal,-17.950083,3.439946,1.998446,-1.860692,73,0,damage_watch_context
2024-09-17,2024,ETF/Bull,stress,watch,normal,stress,normal,normal,normal,-17.533553,3.439946,1.941551,0.507654,74,0,damage_watch_context
2024-09-18,2024,ETF/Bull,stress,watch,normal,stress,normal,normal,normal,-16.817357,3.439946,1.894386,0.86847,75,0,damage_watch_context
2024-09-19,2024,ETF/Bull,stress,watch,normal,stress,normal,normal,normal,-13.674003,3.439946,2.056736,3.778857,76,0,damage_watch_context
2024-09-20,2024,ETF/Bull,stress,watch,normal,stress,normal,normal,normal,-11.939984,2.626005,2.053884,2.008687,77,0,damage_watch_context
2024-09-21,2024,ETF/Bull,stress,watch,normal,stress,normal,normal,normal,-11.008216,2.626005,2.008111,1.058106,78,0,damage_watch_context
2024-09-22,2024,ETF/Bull,stress,watch,normal,stress,normal,normal,normal,-11.884347,2.626005,1.961814,-0.984508,79,0,damage_watch_context
2024-09-23,2024,ETF/Bull,stress,watch,normal,stress,normal,normal,normal,-11.022709,2.626005,1.917072,0.977849,80,0,damage_watch_context
2024-09-24,2024,ETF/Bull,stress,watch,normal,stress,normal,normal,normal,-10.614082,1.873667,1.862071,0.459249,81,0,damage_watch_context
2024-09-25,2024,ETF/Bull,stress,watch,normal,stress,normal,normal,normal,-10.04993,1.873667,1.811952,0.631141,82,0,damage_watch_context
2024-09-26,2024,ETF/Bull,stress,watch,normal,stress,normal,normal,normal,-9.048152,1.873667,1.777808,1.113705,83,0,damage_watch_context
2024-09-27,2024,ETF/Bull,stress,watch,normal,stress,normal,normal,normal,,1.873667,1.777808,,,0,damage_watch_context
2024-09-28,2024,ETF/Bull,stress,watch,normal,stress,normal,normal,normal,,1.873667,1.777808,,,0,damage_watch_context
2024-09-29,2024,ETF/Bull,stress,watch,normal,stress,normal,normal,normal,,1.873667,1.777808,,,0,damage_watch_context
2024-09-30,2024,ETF/Bull,stress,watch,normal,stress,normal,normal,normal,,1.873667,1.777808,,,0,damage_watch_context
2024-10-01,2024,ETF/Bull,stress,watch,normal,stress,normal,normal,normal,,1.873667,1.777808,,,0,damage_watch_context
2024-10-02,2024,ETF/Bull,stress,watch,normal,stress,normal,normal,normal,,1.873667,1.777808,,,0,damage_watch_context
2024-10-03,2024,ETF/Bull,stress,watch,normal,stress,normal,normal,normal,,1.873667,1.777808,,,0,damage_watch_context
2024-10-04,2024,ETF/Bull,stress,watch,normal,stress,normal,normal,normal,-14.1173,1.873667,1.777808,,84,0,damage_watch_context
2024-10-05,2024,ETF/Bull,stress,watch,normal,stress,normal,normal,normal,-13.155708,1.732702,1.745332,1.119658,85,0,damage_watch_context
2024-10-06,2024,ETF/Bull,stress,watch,normal,stress,normal,normal,normal,-12.977678,1.732702,1.692907,0.204999,86,0,damage_watch_context
2024-10-07,2024,ETF/Bull,stress,watch,normal,stress,normal,normal,normal,-11.254171,1.732702,1.711528,1.980535,87,0,damage_watch_context
2024-10-08,2024,ETF/Bull,stress,watch,normal,stress,normal,normal,normal,-11.623208,1.732702,1.662511,-0.415836,88,0,damage_watch_context
2024-10-09,2024,ETF/Bull,stress,watch,normal,stress,normal,normal,normal,-12.869445,1.732702,1.648459,-1.41014,89,0,damage_watch_context
2024-10-10,2024,ETF/Bull,stress,watch,normal,stress,normal,normal,normal,-13.871647,1.732702,1.622884,-1.15023,90,0,damage_watch_context
2024-10-11,2024,ETF/Bull,stress,watch,normal,stress,normal,normal,normal,-13.604164,1.732702,1.575283,0.310563,91,0,damage_watch_context
2024-10-12,2024,ETF/Bull,stress,watch,normal,stress,normal,normal,normal,-12.071402,1.732702,1.587915,1.774116,92,0,damage_watch_context
2024-10-13,2024,ETF/Bull,stress,watch,normal,stress,normal,normal,normal,-12.433832,1.732702,1.542848,-0.412188,93,0,damage_watch_context
2024-10-14,2024,ETF/Bull,stress,watch,normal,stress,normal,normal,normal,-10.519418,1.501512,1.588816,2.186249,94,0,damage_watch_context
2024-10-15,2024,ETF/Bull,stress,watch,normal,stress,normal,normal,normal,-9.868935,1.501512,1.550672,0.726955,95,0,damage_watch_context
2024-10-16,2024,ETF/Bull,stress,watch,normal,stress,normal,normal,normal,-9.769566,1.294563,1.503675,0.110249,96,0,damage_watch_context
2024-10-17,2024,ETF/Bull,stress,watch,normal,stress,normal,normal,normal,-9.862986,1.294563,1.458088,-0.103536,97,0,damage_watch_context
2024-10-18,2024,ETF/Bull,stress,watch,normal,stress,normal,normal,normal,-4.415972,1.294563,2.046841,6.043038,98,0,damage_watch_context
2024-10-19,2024,ETF/Bull,stress,watch,normal,stress,normal,normal,normal,-4.417385,1.294563,1.984486,-0.001477,99,0,damage_watch_context
2024-10-20,2024,ETF/Bull,stress,watch,normal,stress,normal,normal,normal,-4.018879,1.293181,1.926739,0.416923,100,0,damage_watch_context
2024-10-21,2024,ETF/Bull,stress,watch,normal,stress,normal,normal,normal,-5.346516,1.293181,1.898521,-1.383228,101,0,damage_watch_context
2024-10-22,2024,ETF/Bull,stress,watch,normal,stress,normal,normal,normal,-5.660753,1.39803,1.84248,-0.331987,102,0,damage_watch_context
2024-10-23,2024,ETF/Bull,stress,watch,normal,stress,normal,normal,normal,-5.828627,1.39803,1.786882,-0.177947,103,0,damage_watch_context
2024-10-24,2024,ETF/Bull,stress,watch,normal,stress,normal,normal,normal,-4.146366,1.39803,1.786852,1.786383,104,0,damage_watch_context
2024-10-25,2024,ETF/Bull,stress,watch,normal,stress,normal,normal,normal,,1.39803,1.786852,,,0,damage_watch_context
2024-10-26,2024,ETF/Bull,stress,watch,normal,stress,normal,normal,normal,,1.39803,1.786852,,,0,damage_watch_context
2024-10-27,2024,ETF/Bull,stress,watch,normal,stress,normal,normal,normal,,1.39803,1.786852,,,0,damage_watch_context
2024-10-28,2024,ETF/Bull,stress,watch,normal,stress,normal,normal,normal,,1.39803,1.786852,,,0,damage_watch_context
2024-10-29,2024,ETF/Bull,stress,watch,normal,stress,normal,normal,normal,,1.39803,1.786852,,,0,damage_watch_context
2024-10-30,2024,ETF/Bull,stress,watch,normal,stress,normal,normal,normal,,1.39803,1.786852,,,0,damage_watch_context
2024-10-31,2024,ETF/Bull,stress,watch,normal,stress,normal,normal,normal,,1.39803,1.786852,,,0,damage_watch_context
2024-11-01,2024,ETF/Bull,stress,watch,normal,stress,normal,normal,normal,,1.39803,1.786852,,,0,damage_watch_context
2024-11-02,2024,ETF/Bull,stress,watch,normal,stress,normal,normal,normal,,1.39803,1.786852,,,0,damage_watch_context
2024-11-03,2024,ETF/Bull,stress,watch,normal,stress,normal,normal,normal,,1.39803,1.786852,,,0,damage_watch_context
2024-11-04,2024,ETF/Bull,stress,watch,normal,stress,normal,normal,normal,,1.39803,1.786852,,,0,damage_watch_context
2024-11-05,2024,ETF/Bull,stress,watch,normal,stress,normal,normal,normal,,1.39803,1.786852,,,0,damage_watch_context
2024-11-06,2024,ETF/Bull,stress,watch,normal,stress,normal,normal,normal,,1.39803,1.786852,,,0,damage_watch_context
2024-11-07,2024,ETF/Bull,stress,watch,normal,stress,normal,normal,normal,,1.39803,1.786852,,,0,damage_watch_context
2024-11-08,2024,ETF/Bull,normal,normal,normal,normal,normal,normal,normal,0,1.39803,1.786852,,0,0,
2024-11-09,2024,ETF/Bull,normal,normal,normal,normal,normal,normal,normal,0,1.278379,1.738377,0.587161,0,0,
2024-11-10,2024,ETF/Bull,normal,normal,normal,normal,normal,normal,normal,0,1.278379,1.801319,2.595221,0,0,
2024-11-11,2024,ETF/Bull,normal,normal,normal,normal,normal,normal,normal,0,1.278379,1.801562,1.805376,0,0,
2024-11-12,2024,ETF/Bull,normal,normal,normal,normal,normal,normal,normal,0,1.278379,1.812815,1.98078,0,0,
2024-11-13,2024,ETF/Bull,normal,normal,normal,normal,normal,normal,normal,0,1.278379,1.801638,1.616474,0,0,
2024-11-14,2024,ETF/Bull,normal,normal,normal,normal,normal,normal,watch,-4.242077,1.278379,2.032452,-4.242077,1,1,
2024-11-15,2024,ETF/Bull,normal,normal,normal,normal,normal,normal,normal,0,1.39803,3.355019,11.085385,0,1,
2024-11-16,2024,ETF/Bull,normal,normal,normal,normal,normal,normal,normal,0,1.39803,3.28008,1.723098,0,1,
2024-11-17,2024,ETF/Bull,normal,normal,normal,normal,normal,normal,normal,-0.359614,1.39803,3.181376,-0.359614,1,1,
2024-11-18,2024,ETF/Bull,normal,normal,normal,normal,normal,normal,normal,-0.039147,1.39803,3.085464,0.321624,2,1,
2024-11-19,2024,ETF/Bull,normal,normal,normal,normal,normal,normal,normal,0,1.39803,3.005469,1.182947,0,1,
2024-11-20,2024,ETF/Bull,normal,normal,normal,normal,normal,normal,normal,0,1.39803,2.974311,2.434652,0,1,
2024-11-21,2024,ETF/Bull,normal,normal,normal,normal,normal,normal,normal,-0.789839,1.39803,2.890184,-0.789839,1,0,
2024-11-22,2024,ETF/Bull,normal,normal,normal,normal,normal,normal,normal,0,1.39803,3.09096,5.326129,0,0,
2024-11-23,2024,ETF/Bull,normal,normal,normal,normal,normal,normal,normal,0,1.39803,3.030273,1.833766,0,0,
2024-11-24,2024,ETF/Bull,normal,normal,normal,normal,normal,normal,normal,-1.421748,1.278379,2.958527,-1.421748,1,0,
2024-11-25,2024,ETF/Bull,normal,normal,normal,normal,normal,normal,normal,-2.650332,1.404414,2.884598,-1.246303,2,0,
2024-11-26,2024,ETF/Bull,normal,normal,normal,normal,normal,normal,watch,-4.940193,1.404414,2.855455,-2.352202,3,1,
2024-11-27,2024,ETF/Bull,normal,normal,normal,normal,normal,normal,normal,-3.092187,1.933498,2.809122,1.944046,4,1,
2024-11-28,2024,ETF/Bull,normal,normal,normal,normal,normal,normal,normal,-2.498861,1.933498,2.727671,0.612258,5,1,
2024-11-29,2024,ETF/Bull,normal,normal,normal,normal,normal,normal,normal,,1.933498,2.727671,,,1,
2024-11-30,2024,ETF/Bull,normal,normal,normal,normal,normal,normal,normal,,1.933498,2.727671,,,1,
2024-12-01,2024,ETF/Bull,normal,normal,normal,normal,normal,normal,normal,,1.933498,2.727671,,,1,
2024-12-02,2024,ETF/Bull,normal,normal,normal,normal,normal,normal,normal,,1.933498,2.727671,,,1,
2024-12-03,2024,ETF/Bull,normal,normal,normal,normal,normal,normal,normal,,1.933498,2.727671,,,1,
2024-12-04,2024,ETF/Bull,normal,normal,normal,normal,normal,normal,normal,,1.933498,2.727671,,,1,
2024-12-05,2024,ETF/Bull,normal,normal,normal,normal,normal,normal,normal,,1.933498,2.727671,,,1,
2024-12-06,2024,ETF/Bull,normal,normal,normal,normal,normal,normal,normal,0,1.933498,2.727671,,0,1,
2024-12-07,2024,ETF/Bull,normal,normal,normal,normal,normal,normal,normal,0,1.933498,2.644608,0.054398,0,1,
2024-12-08,2024,ETF/Bull,normal,normal,normal,normal,normal,normal,normal,0,1.933498,2.565461,0.348157,0,1,
2024-12-09,2024,ETF/Bull,normal,normal,normal,normal,normal,normal,normal,0,1.933498,2.491364,0.580251,0,1,
2024-12-10,2024,ETF/Bull,normal,normal,normal,normal,normal,normal,normal,-1.710874,1.933498,2.451552,-1.710874,1,1,
2024-12-11,2024,ETF/Bull,normal,normal,normal,normal,normal,normal,normal,0,2.063605,2.417166,1.794406,0,0,
2024-12-12,2024,ETF/Bull,normal,normal,normal,normal,normal,normal,normal,0,2.063605,2.390698,1.929178,0,0,
2024-12-13,2024,ETF/Bull,normal,normal,normal,normal,normal,normal,normal,-1.195266,2.063605,2.336285,-1.195266,1,0,
2024-12-14,2024,ETF/Bull,normal,normal,normal,normal,normal,normal,normal,-0.717339,2.063605,2.268209,0.483708,2,0,
2024-12-15,2024,ETF/Bull,normal,normal,normal,normal,normal,normal,normal,0,2.063605,2.211645,0.95991,0,0,
2024-12-16,2024,ETF/Bull,normal,normal,normal,normal,normal,normal,normal,0,2.063605,2.171812,1.40759,0,0,
2024-12-17,2024,ETF/Bull,normal,normal,normal,normal,normal,normal,normal,0,2.063605,2.14104,1.582661,0,0,
2024-12-18,2024,ETF/Bull,normal,normal,normal,normal,normal,normal,normal,-1.563757,2.063605,2.11086,-1.563757,1,0,
2024-12-19,2024,ETF/Bull,normal,normal,normal,normal,normal,normal,normal,-3.269408,2.063605,2.090103,-1.732747,2,0,
2024-12-20,2024,ETF/Bull,normal,normal,normal,normal,normal,normal,stress,-9.312182,2.073448,2.539277,-6.247014,3,1,
2024-12-21,2024,ETF/Bull,normal,normal,normal,normal,normal,normal,normal,-7.730029,3.391634,2.498735,1.744614,4,1,
2024-12-22,2024,ETF/Bull,normal,normal,normal,normal,normal,normal,normal,-9.071568,3.391634,2.44865,-1.453928,5,1,
2024-12-23,2024,ETF/Bull,normal,normal,normal,normal,normal,normal,normal,-10.212435,2.073448,2.393865,-1.254686,6,1,
2024-12-24,2024,ETF/Bull,normal,normal,normal,normal,normal,normal,normal,-7.219731,2.073448,2.460351,3.333094,7,1,
2024-12-25,2024,ETF/Bull,normal,normal,normal,normal,normal,normal,normal,-5.815079,2.073448,2.414052,1.513955,8,1,
2024-12-26,2024,ETF/Bull,normal,normal,normal,normal,normal,normal,stress,-8.592718,2.073448,2.449456,-2.949134,9,2,
2025-01-03,2025,Mixed,normal,normal,normal,normal,normal,normal,stress,0,,,,0,2,
2025-01-04,2025,Mixed,normal,normal,normal,normal,normal,normal,normal,0,,1.159182,1.159182,0,1,
2025-01-05,2025,Mixed,normal,normal,normal,normal,normal,normal,normal,-0.175421,,1.12469,-0.175421,1,1,
2025-01-06,2025,Mixed,normal,normal,normal,normal,normal,normal,normal,0,,1.16457,1.669293,0,1,
2025-01-07,2025,Mixed,normal,normal,normal,normal,normal,normal,normal,0,,1.131857,0.322733,0,1,
2025-01-08,2025,Mixed,normal,normal,normal,normal,normal,normal,stress,-3.621218,,1.411038,-3.621218,1,2,
2025-01-09,2025,Mixed,normal,normal,normal,normal,normal,normal,stress,-6.079945,,1.504013,-2.551108,2,3,
2025-01-10,2025,Mixed,normal,normal,normal,normal,normal,normal,stress,-6.108888,,1.458214,-0.030817,3,2,
2025-01-11,2025,Mixed,normal,normal,normal,normal,normal,normal,stress,-5.083877,,1.438859,1.091702,4,2,
2025-01-12,2025,Mixed,normal,normal,normal,normal,normal,normal,stress,-4.935618,,1.39555,0.1562,5,2,
2025-01-13,2025,Mixed,normal,normal,normal,normal,normal,normal,stress,-7.36726,,1.491065,-2.55789,6,3,
2025-01-14,2025,Mixed,normal,normal,normal,normal,normal,normal,stress,-3.711972,,1.739003,3.946001,7,3,
2025-01-15,2025,Mixed,normal,normal,normal,normal,normal,normal,stress,-0.720889,,1.849774,3.106391,8,2,
2025-01-16,2025,Mixed,normal,normal,normal,normal,normal,normal,normal,-1.718161,,1.810223,-1.004513,9,1,
2025-01-17,2025,Mixed,normal,normal,normal,normal,normal,normal,normal,0,,2.101418,4.718166,0,1,
2025-01-18,2025,Mixed,normal,normal,normal,normal,normal,normal,normal,0,,2.038146,0.224967,0,1,
2025-01-19,2025,Mixed,normal,normal,normal,normal,normal,normal,normal,0,,1.976459,0.163055,0,1,
2025-01-20,2025,Mixed,normal,normal,normal,normal,normal,normal,normal,0,,1.933579,1.054519,0,0,
2025-01-21,2025,Mixed,normal,normal,normal,normal,normal,normal,normal,-1.504516,,1.910554,-1.504516,1,0,
2025-01-22,2025,Mixed,normal,normal,normal,normal,normal,normal,normal,0,,1.899453,1.716184,0,0,
2025-01-23,2025,Mixed,normal,normal,normal,normal,normal,normal,normal,0,,1.857009,0.974995,0,0,
2025-01-24,2025,Mixed,normal,normal,normal,normal,normal,normal,normal,-0.228445,,1.801307,-0.228445,1,0,
2025-01-25,2025,Mixed,normal,normal,normal,normal,normal,normal,normal,-0.633795,,1.749265,-0.406278,2,0,
2025-01-26,2025,Mixed,normal,normal,normal,normal,normal,normal,normal,-0.352452,,1.697393,0.283137,3,0,
2025-01-27,2025,Mixed,normal,normal,normal,normal,normal,normal,watch,-2.812589,,1.753278,-2.468839,4,1,
2025-01-28,2025,Mixed,normal,normal,normal,normal,normal,normal,normal,-1.705775,,1.722603,1.138846,5,1,
2025-01-29,2025,Mixed,normal,normal,normal,normal,normal,normal,normal,-2.33325,,1.67743,-0.638364,6,1,
2025-01-30,2025,Mixed,normal,normal,normal,normal,normal,normal,normal,0,,1.885331,3.893428,0,1,
2025-01-31,2025,Mixed,normal,normal,normal,normal,normal,normal,normal,,,1.885331,,,1,
2025-02-01,2025,Mixed,normal,normal,normal,normal,normal,normal,normal,,,1.885331,,,1,
2025-02-02,2025,Mixed,normal,normal,normal,normal,normal,normal,normal,,,1.885331,,,1,
2025-02-03,2025,Mixed,normal,normal,normal,normal,normal,normal,normal,,,1.885331,,,1,
2025-02-04,2025,Mixed,normal,normal,normal,normal,normal,normal,normal,,,1.885331,,,1,
2025-02-05,2025,Mixed,normal,normal,normal,normal,normal,normal,normal,,,1.885331,,,1,
2025-02-06,2025,Mixed,normal,normal,normal,normal,normal,normal,normal,,,1.885331,,,1,
2025-02-07,2025,Mixed,normal,normal,normal,normal,normal,normal,normal,-7.620952,,1.885331,,1,1,
2025-02-08,2025,Mixed,normal,normal,normal,normal,normal,normal,stress,-9.630408,,1.90397,-2.175229,2,2,
2025-02-09,2025,Mixed,normal,normal,normal,normal,normal,normal,stress,-9.503728,,1.846286,0.14018,3,2,
2025-02-10,2025,Mixed,normal,normal,normal,normal,normal,normal,stress,-8.48622,,1.811104,1.124364,4,2,
2025-02-11,2025,Mixed,normal,normal,normal,normal,normal,normal,normal,-8.54369,2.554838,1.755998,-0.062799,5,1,
2025-02-12,2025,Mixed,normal,normal,normal,normal,normal,normal,normal,-9.880229,2.554838,1.739729,-1.461396,6,1,
2025-02-13,2025,Mixed,normal,normal,normal,normal,normal,normal,normal,-9.512662,2.554838,1.689686,0.407864,7,1,
2025-02-14,2025,Mixed,normal,normal,normal,normal,normal,normal,normal,-8.758802,2.554838,1.650873,0.833112,8,1,
2025-02-15,2025,Mixed,normal,normal,normal,normal,normal,normal,normal,-8.351106,2.554838,1.604319,0.446833,9,0,
2025-02-16,2025,Mixed,normal,normal,normal,normal,normal,normal,normal,-8.806476,2.514087,1.560199,-0.496864,10,0,
2025-02-17,2025,Mixed,normal,normal,normal,normal,normal,normal,normal,-8.795607,2.336715,1.512672,0.011919,11,0,
2025-02-18,2025,Mixed,normal,normal,normal,normal,normal,normal,normal,-9.963264,2.336715,1.499743,-1.280264,12,0,
2025-02-19,2025,Mixed,normal,normal,normal,normal,normal,normal,normal,-9.594254,2.336715,1.457517,0.409844,13,0,
2025-02-20,2025,Mixed,watch,watch,normal,watch,normal,normal,normal,-8.400578,2.336715,1.449653,1.320354,14,0,damage_watch_context
2025-02-21,2025,Mixed,watch,watch,normal,watch,normal,normal,normal,-7.410074,1.873408,1.430231,1.081343,15,0,damage_watch_context
2025-02-22,2025,Mixed,watch,watch,normal,watch,normal,normal,normal,-9.119248,1.873408,1.458521,-1.845962,16,0,damage_watch_context
2025-02-23,2025,Mixed,watch,watch,normal,watch,normal,normal,normal,-9.920489,2.027059,1.430484,-0.881639,17,0,damage_watch_context
2025-02-24,2025,Mixed,watch,watch,normal,watch,normal,normal,normal,-10.67547,2.027059,1.402018,-0.838127,18,0,damage_watch_context
2025-02-25,2025,Mixed,watch,watch,normal,watch,normal,normal,stress,-18.380947,2.027059,2.512486,-8.626384,19,1,damage_watch_context
2025-02-26,2025,Mixed,watch,watch,normal,watch,normal,normal,normal,-17.126572,2.336715,2.464862,1.536865,20,1,damage_watch_context
2025-02-27,2025,Mixed,stress,watch,normal,stress,normal,normal,stress,-19.993622,2.336715,2.535572,-3.459553,21,2,damage_watch_context
2025-02-28,2025,Mixed,stress,watch,normal,stress,normal,normal,stress,,2.336715,2.535572,,,2,damage_watch_context
2025-03-01,2025,Mixed,stress,watch,normal,stress,normal,normal,stress,,2.336715,2.535572,,,2,damage_watch_context
2025-03-02,2025,Mixed,stress,watch,normal,stress,normal,normal,stress,,2.336715,2.535572,,,2,damage_watch_context
2025-03-03,2025,Mixed,stress,watch,normal,stress,normal,normal,stress,,2.336715,2.535572,,,2,damage_watch_context
2025-03-04,2025,Mixed,stress,watch,normal,stress,normal,normal,stress,,2.336715,2.535572,,,2,damage_watch_context
2025-03-05,2025,Mixed,stress,watch,normal,stress,normal,normal,stress,,2.336715,2.535572,,,2,damage_watch_context
2025-03-06,2025,Mixed,stress,watch,normal,stress,normal,normal,stress,,2.336715,2.535572,,,2,damage_watch_context
2025-03-07,2025,Mixed,stress,watch,normal,stress,normal,normal,stress,-16.617865,2.336715,2.535572,,22,2,damage_watch_context
2025-03-08,2025,Mixed,stress,watch,normal,stress,normal,normal,stress,-18.869781,3.013732,2.545783,-2.700717,23,3,damage_watch_context
2025-03-09,2025,Mixed,stress,stress,watch,stress,normal,normal,stress,-21.25729,3.118077,2.571334,-2.942812,24,4,drawdown_watch_plus_duration_plus_risk_signal
2025-03-10,2025,Mixed,stress,stress,watch,stress,normal,normal,stress,-23.183875,3.227019,2.564026,-2.446683,25,5,drawdown_watch_plus_duration_plus_risk_signal
2025-03-11,2025,Mixed,stress,stress,watch,stress,normal,normal,stress,-23.341457,3.227019,2.486423,-0.205142,26,5,drawdown_watch_plus_duration_plus_risk_signal
2025-03-12,2025,Mixed,stress,stress,watch,stress,normal,normal,stress,-22.013611,3.227019,2.44773,1.732157,27,4,drawdown_watch_plus_duration_plus_risk_signal
2025-03-13,2025,Mixed,stress,stress,watch,stress,normal,normal,stress,-22.863818,3.227019,2.38814,-1.090199,28,4,drawdown_watch_plus_duration_plus_risk_signal
2025-03-14,2025,Mixed,stress,stress,watch,stress,normal,normal,stress,-22.84702,3.227019,2.315394,0.021777,29,3,drawdown_watch_plus_duration_plus_risk_signal
2025-03-15,2025,Mixed,stress,stress,watch,stress,normal,normal,stress,-21.591537,3.227019,2.27997,1.627264,30,2,drawdown_watch_plus_duration_plus_risk_signal
2025-03-16,2025,Mixed,stress,watch,watch,stress,normal,normal,normal,-22.75626,3.227019,2.24026,-1.485455,31,1,damage_watch_context
2025-03-17,2025,Mixed,stress,watch,watch,stress,normal,normal,normal,-22.334952,3.227019,2.176117,0.545427,32,0,damage_watch_context
2025-03-18,2025,Mixed,stress,watch,watch,stress,normal,normal,normal,-23.467478,3.227019,2.139846,-1.458219,33,0,damage_watch_context
2025-03-19,2025,Mixed,stress,watch,watch,stress,normal,normal,normal,-21.070419,3.227019,2.211968,3.132079,34,0,damage_watch_context
2025-03-20,2025,Mixed,stress,watch,normal,stress,normal,normal,normal,-19.690652,3.227019,2.186912,1.748099,35,0,damage_watch_context
2025-03-21,2025,Mixed,stress,stress,watch,stress,normal,normal,watch,-21.403685,3.227019,2.183717,-2.133043,36,1,drawdown_watch_plus_duration_plus_risk_signal
2025-03-22,2025,Mixed,stress,watch,watch,stress,normal,normal,normal,-21.041097,3.227019,2.120206,0.461329,37,1,damage_watch_context
2025-03-23,2025,Mixed,stress,watch,watch,stress,normal,normal,normal,-20.194962,3.227019,2.072307,1.071615,38,1,damage_watch_context
2025-03-24,2025,Mixed,stress,watch,normal,stress,normal,normal,normal,-18.429635,3.227019,2.080957,2.21205,39,1,damage_watch_context
2025-03-25,2025,Mixed,stress,watch,normal,stress,normal,normal,normal,-18.103471,3.227019,2.019938,0.399856,40,1,damage_watch_context
2025-03-26,2025,Mixed,stress,watch,normal,stress,normal,normal,normal,-18.409146,3.227019,1.960536,-0.373246,41,1,damage_watch_context
2025-03-27,2025,Mixed,stress,watch,normal,stress,normal,normal,normal,-18.347233,3.227019,1.900901,0.075882,42,1,damage_watch_context
2025-03-28,2025,Mixed,stress,watch,normal,stress,normal,normal,normal,,3.227019,1.900901,,,1,damage_watch_context
2025-03-29,2025,Mixed,stress,watch,normal,stress,normal,normal,normal,,3.227019,1.900901,,,1,damage_watch_context
2025-03-30,2025,Mixed,stress,watch,normal,stress,normal,normal,normal,,3.227019,1.900901,,,1,damage_watch_context
2025-03-31,2025,Mixed,stress,watch,normal,stress,normal,normal,normal,,3.227019,1.900901,,,1,damage_watch_context
2025-04-01,2025,Mixed,stress,watch,normal,stress,normal,normal,normal,,3.227019,1.900901,,,1,damage_watch_context
2025-04-02,2025,Mixed,stress,watch,normal,stress,normal,normal,normal,,3.227019,1.900901,,,1,damage_watch_context
2025-04-03,2025,Mixed,stress,watch,normal,stress,normal,normal,normal,,3.227019,1.900901,,,1,damage_watch_context
2025-04-04,2025,Mixed,stress,watch,watch,stress,normal,normal,normal,-21.785747,3.227019,1.900901,,43,1,damage_watch_context
2025-04-05,2025,Mixed,stress,watch,watch,stress,normal,normal,normal,-22.299249,3.227019,1.849995,-0.656533,44,0,damage_watch_context
2025-04-06,2025,Mixed,stress,watch,watch,stress,normal,normal,normal,-22.797783,3.227019,1.800509,-0.641608,45,0,damage_watch_context
2025-04-07,2025,Mixed,stress,stress,watch,stress,normal,normal,watch,-25.878051,3.227019,2.000616,-3.98987,46,1,drawdown_watch_plus_duration_plus_risk_signal
2025-04-08,2025,Mixed,stress,watch,watch,stress,normal,normal,normal,-24.672281,3.751227,1.980175,1.626739,47,1,damage_watch_context
2025-04-09,2025,Mixed,stress,stress,watch,stress,normal,normal,stress,-26.397829,3.751227,2.000168,-2.290722,48,2,drawdown_watch_plus_duration_plus_risk_signal
2025-04-10,2025,Mixed,stress,stress,watch,stress,normal,normal,stress,-23.716653,3.751227,2.134673,3.642795,49,2,drawdown_watch_plus_duration_plus_risk_signal
2025-04-11,2025,Mixed,stress,stress,watch,stress,normal,normal,stress,-23.498559,3.751227,2.070827,0.285899,50,2,drawdown_watch_plus_duration_plus_risk_signal
2025-04-12,2025,Mixed,stress,stress,watch,stress,normal,normal,stress,-22.349092,3.751227,2.041196,1.502543,51,2,drawdown_watch_plus_duration_plus_risk_signal
2025-04-13,2025,Mixed,stress,stress,watch,stress,normal,normal,stress,-22.86922,3.227019,1.985803,-0.669828,52,2,drawdown_watch_plus_duration_plus_risk_signal
2025-04-14,2025,Mixed,stress,watch,watch,stress,normal,normal,normal,-22.21878,3.227019,1.936357,0.843294,53,1,damage_watch_context
2025-04-15,2025,Mixed,stress,watch,watch,stress,normal,normal,normal,-21.137471,2.833869,1.908001,1.390194,54,1,damage_watch_context
2025-04-16,2025,Mixed,stress,watch,watch,stress,normal,normal,normal,-21.296968,2.719554,1.850539,-0.202247,55,0,damage_watch_context
2025-04-17,2025,Mixed,stress,watch,watch,stress,normal,normal,normal,-20.587933,2.376501,1.807684,0.9009,56,0,damage_watch_context
2025-04-18,2025,Mixed,stress,watch,watch,stress,normal,normal,normal,-20.518702,2.219766,1.752745,0.087178,57,0,damage_watch_context
2025-04-19,2025,Mixed,stress,watch,normal,stress,normal,normal,normal,-19.669553,2.219766,1.719381,1.068364,58,0,damage_watch_context
2025-04-20,2025,Mixed,stress,watch,watch,stress,normal,normal,normal,-20.676506,2.219766,1.695044,-1.253514,59,0,damage_watch_context
2025-04-21,2025,Mixed,stress,watch,normal,stress,normal,normal,normal,-18.657982,2.219766,1.757642,2.544674,60,0,damage_watch_context
2025-04-22,2025,Mixed,stress,watch,normal,stress,normal,normal,normal,-16.831119,2.219766,1.790696,2.245904,61,0,damage_watch_context
2025-04-23,2025,Mixed,stress,watch,normal,stress,normal,normal,normal,-16.829766,2.219766,1.736144,0.001627,62,0,damage_watch_context
2025-04-24,2025,Mixed,stress,watch,normal,stress,normal,normal,normal,-16.507992,2.219766,1.68592,0.386886,63,0,damage_watch_context
2025-04-25,2025,Mixed,stress,watch,normal,stress,normal,normal,normal,,2.219766,1.68592,,,0,damage_watch_context
2025-04-26,2025,Mixed,stress,watch,normal,stress,normal,normal,normal,,2.219766,1.68592,,,0,damage_watch_context
2025-04-27,2025,Mixed,stress,watch,normal,stress,normal,normal,normal,,2.219766,1.68592,,,0,damage_watch_context
2025-04-28,2025,Mixed,stress,watch,normal,stress,normal,normal,normal,,2.219766,1.68592,,,0,damage_watch_context
2025-04-29,2025,Mixed,stress,watch,normal,stress,normal,normal,normal,,2.219766,1.68592,,,0,damage_watch_context
2025-04-30,2025,Mixed,stress,watch,normal,stress,normal,normal,normal,,2.219766,1.68592,,,0,damage_watch_context
2025-05-01,2025,Mixed,stress,watch,normal,stress,normal,normal,normal,,2.219766,1.68592,,,0,damage_watch_context
2025-05-02,2025,Mixed,stress,watch,normal,stress,normal,normal,normal,,2.219766,1.68592,,,0,damage_watch_context
2025-05-03,2025,Mixed,stress,watch,normal,stress,normal,normal,normal,,2.219766,1.68592,,,0,damage_watch_context
2025-05-04,2025,Mixed,stress,watch,normal,stress,normal,normal,normal,,2.219766,1.68592,,,0,damage_watch_context
2025-05-05,2025,Mixed,stress,watch,normal,stress,normal,normal,normal,,2.219766,1.68592,,,0,damage_watch_context
2025-05-06,2025,Mixed,stress,watch,normal,stress,normal,normal,normal,,2.219766,1.68592,,,0,damage_watch_context
2025-05-07,2025,Mixed,stress,watch,normal,stress,normal,normal,normal,,2.219766,1.68592,,,0,damage_watch_context
2025-05-08,2025,Mixed,stress,watch,normal,stress,normal,normal,normal,,2.219766,1.68592,,,0,damage_watch_context
2025-05-09,2025,Mixed,stress,watch,normal,stress,normal,normal,normal,-3.114556,2.219766,1.68592,,64,0,damage_watch_context
2025-05-10,2025,Mixed,stress,watch,normal,stress,normal,normal,normal,-2.841809,2.219766,1.636014,0.281514,65,0,damage_watch_context
2025-05-11,2025,Mixed,stress,watch,normal,stress,normal,normal,normal,-2.604649,2.219766,1.587301,0.244097,66,0,damage_watch_context
2025-05-12,2025,Mixed,stress,watch,normal,stress,normal,normal,normal,-2.348484,2.219766,1.540293,0.263015,67,0,damage_watch_context
2025-05-13,2025,Mixed,stress,watch,normal,stress,normal,normal,normal,-2.283442,2.219766,1.493458,0.066607,68,0,damage_watch_context
2025-05-14,2025,Mixed,stress,watch,normal,stress,normal,normal,normal,-1.965469,1.823978,1.450154,0.325403,69,0,damage_watch_context
2025-05-15,2025,Mixed,stress,watch,normal,stress,normal,normal,normal,-3.457089,1.823978,1.454535,-1.521524,70,0,damage_watch_context
2025-05-16,2025,Mixed,stress,watch,normal,stress,normal,normal,normal,-2.380227,1.944583,1.436448,1.115423,71,0,damage_watch_context
2025-05-17,2025,Mixed,stress,watch,normal,stress,normal,normal,normal,-3.165881,1.944583,1.406571,-0.80481,72,0,damage_watch_context
2025-05-18,2025,Mixed,stress,watch,normal,stress,normal,normal,normal,-1.540661,1.944583,1.424341,1.678354,73,0,damage_watch_context
2025-05-19,2025,Mixed,stress,watch,normal,stress,normal,normal,normal,-2.5355,1.944583,1.402953,-1.010405,74,0,damage_watch_context
2025-05-20,2025,Mixed,stress,watch,normal,stress,normal,normal,normal,-1.538129,1.944583,1.383117,1.023317,75,0,damage_watch_context
2025-05-21,2025,Mixed,normal,normal,normal,normal,normal,normal,normal,0,1.944583,1.445205,2.199951,0,0,
2025-05-22,2025,Mixed,normal,normal,normal,normal,normal,normal,normal,0,1.944583,1.475161,1.883255,0,0,
2025-05-23,2025,Mixed,normal,normal,normal,normal,normal,normal,normal,0,1.40092,1.436372,0.542049,0,0,
2025-05-24,2025,Mixed,normal,normal,normal,normal,normal,normal,normal,-0.849751,1.40092,1.408083,-0.849751,1,0,
2025-05-25,2025,Mixed,normal,normal,normal,normal,normal,normal,normal,-1.95113,1.144115,1.392039,-1.110818,2,0,
2025-05-26,2025,Mixed,normal,normal,normal,normal,normal,normal,normal,-0.031966,1.189301,1.432264,1.957355,3,0,
2025-05-27,2025,Mixed,normal,normal,normal,normal,normal,normal,normal,0,1.189301,1.394657,0.528696,0,0,
2025-05-28,2025,Mixed,normal,normal,normal,normal,normal,normal,normal,-1.50568,1.189301,1.401566,-1.50568,1,0,
2025-05-29,2025,Mixed,normal,normal,normal,normal,normal,normal,normal,-1.836701,1.392205,1.36136,-0.336081,2,0,
2025-05-30,2025,Mixed,normal,normal,normal,normal,normal,normal,normal,,1.392205,1.36136,,,0,
2025-05-31,2025,Mixed,normal,normal,normal,normal,normal,normal,normal,,1.392205,1.36136,,,0,
2025-06-01,2025,Mixed,normal,normal,normal,normal,normal,normal,normal,,1.392205,1.36136,,,0,
2025-06-02,2025,Mixed,normal,normal,normal,normal,normal,normal,normal,,1.392205,1.36136,,,0,
2025-06-03,2025,Mixed,normal,normal,normal,normal,normal,normal,normal,,1.392205,1.36136,,,0,
2025-06-04,2025,Mixed,normal,normal,normal,normal,normal,normal,normal,,1.392205,1.36136,,,0,
2025-06-05,2025,Mixed,normal,normal,normal,normal,normal,normal,normal,,1.392205,1.36136,,,0,
2025-06-06,2025,Mixed,normal,normal,normal,normal,normal,normal,normal,-5.614361,1.392205,1.36136,,3,0,
2025-06-07,2025,Mixed,normal,normal,normal,normal,normal,normal,normal,-4.419733,1.392205,1.35581,1.265688,4,0,
2025-06-08,2025,Mixed,normal,normal,normal,normal,normal,normal,normal,-4.509498,1.392205,1.314708,-0.093916,5,0,
2025-06-09,2025,Mixed,normal,normal,normal,normal,normal,normal,normal,-3.608478,1.392205,1.295442,0.943571,6,0,
2025-06-10,2025,Mixed,normal,normal,normal,normal,normal,normal,normal,-2.533964,1.392205,1.285316,1.11474,7,0,
2025-06-11,2025,Mixed,normal,normal,normal,normal,normal,normal,normal,-1.938073,1.392205,1.255127,0.611383,8,0,
2025-06-12,2025,Mixed,normal,normal,normal,normal,normal,normal,normal,-2.687488,1.392205,1.231205,-0.764226,9,0,
2025-06-13,2025,Mixed,normal,normal,normal,normal,normal,normal,watch,-4.875912,1.327992,1.31467,-2.248862,10,1,
2025-06-14,2025,Mixed,normal,normal,normal,normal,normal,normal,normal,-4.563431,1.514395,1.277157,0.328498,11,1,
2025-06-15,2025,Mixed,normal,normal,normal,normal,normal,normal,normal,-4.152852,1.514395,1.242725,0.430211,12,1,
2025-06-16,2025,Mixed,normal,normal,normal,normal,normal,normal,normal,-2.785771,1.514395,1.254499,1.426314,13,1,
2025-06-17,2025,Mixed,watch,watch,normal,watch,normal,normal,normal,-4.019379,1.514395,1.255371,-1.268958,14,1,damage_watch_context
2025-06-18,2025,Mixed,watch,watch,normal,watch,normal,normal,normal,-4.848777,1.514395,1.235395,-0.86413,15,1,damage_watch_context
2025-06-19,2025,Mixed,watch,watch,normal,watch,normal,normal,normal,-4.867223,1.514395,1.19777,-0.019386,16,1,damage_watch_context
2025-06-20,2025,Mixed,watch,watch,normal,watch,normal,normal,normal,-4.079768,1.514395,1.178848,0.827743,17,0,damage_watch_context
2025-06-21,2025,Mixed,watch,watch,normal,watch,normal,normal,normal,-5.707489,1.514395,1.216175,-1.696953,18,0,damage_watch_context
2025-06-22,2025,Mixed,watch,watch,normal,watch,normal,normal,watch,-8.121291,1.61801,1.335486,-2.559908,19,1,damage_watch_context
2025-06-23,2025,Mixed,watch,watch,normal,watch,normal,normal,normal,-6.850018,2.000503,1.338425,1.383642,20,1,damage_watch_context
2025-06-24,2025,Mixed,stress,watch,normal,stress,normal,normal,normal,-4.205923,2.000503,1.472187,2.838536,21,1,damage_watch_context
2025-06-25,2025,Mixed,stress,watch,normal,stress,normal,normal,normal,-1.798585,2.000503,1.554418,2.513034,22,1,damage_watch_context
2025-06-26,2025,Mixed,stress,watch,normal,stress,normal,normal,normal,-2.41419,2.000503,1.514867,-0.62688,23,1,damage_watch_context
2025-06-27,2025,Mixed,stress,watch,normal,stress,normal,normal,normal,,2.000503,1.514867,,,1,damage_watch_context
2025-06-28,2025,Mixed,stress,watch,normal,stress,normal,normal,normal,,2.000503,1.514867,,,1,damage_watch_context
2025-06-29,2025,Mixed,stress,watch,normal,stress,normal,normal,normal,,2.000503,1.514867,,,1,damage_watch_context
2025-06-30,2025,Mixed,stress,watch,normal,stress,normal,normal,normal,,2.000503,1.514867,,,1,damage_watch_context
2025-07-01,2025,Mixed,stress,watch,normal,stress,normal,normal,normal,,2.000503,1.514867,,,1,damage_watch_context
2025-07-02,2025,Mixed,stress,watch,normal,stress,normal,normal,normal,,2.000503,1.514867,,,1,damage_watch_context
2025-07-03,2025,Mixed,stress,watch,normal,stress,normal,normal,normal,,2.000503,1.514867,,,1,damage_watch_context
2025-07-04,2025,Mixed,stress,watch,normal,stress,normal,normal,normal,-1.760351,2.000503,1.514867,,24,1,damage_watch_context
2025-07-05,2025,Mixed,stress,watch,normal,stress,normal,normal,normal,-1.541087,2.000503,1.469735,0.223192,25,1,damage_watch_context
2025-07-06,2025,Mixed,stress,watch,normal,stress,normal,normal,normal,-0.977253,2.000503,1.431848,0.572659,26,1,damage_watch_context
2025-07-07,2025,Mixed,stress,watch,normal,stress,normal,normal,normal,-1.167384,2.000503,1.389025,-0.192007,27,0,damage_watch_context
2025-07-08,2025,Mixed,stress,watch,normal,stress,normal,normal,normal,-0.58528,2.000503,1.354415,0.58898,28,0,damage_watch_context
2025-07-09,2025,Mixed,stress,watch,normal,stress,normal,normal,normal,-0.448679,2.000503,1.313586,0.137405,29,0,damage_watch_context
2025-07-10,2025,Mixed,normal,normal,normal,normal,normal,normal,normal,0,2.000503,1.31777,1.381675,0,0,
2025-07-11,2025,Mixed,normal,normal,normal,normal,normal,normal,normal,0,2.000503,1.973332,6.13964,0,0,
2025-07-12,2025,Mixed,normal,normal,normal,normal,normal,normal,normal,-0.273573,2.000503,1.914389,-0.273573,1,0,
2025-07-13,2025,Mixed,normal,normal,normal,normal,normal,normal,normal,0,2.000503,1.862623,0.637335,0,0,
2025-07-14,2025,Mixed,normal,normal,normal,normal,normal,normal,normal,0,2.000503,1.889214,2.265423,0,0,
2025-07-15,2025,Mixed,normal,normal,normal,normal,normal,normal,watch,-2.202626,2.000503,1.90947,-2.202626,1,1,
2025-07-16,2025,Mixed,normal,normal,normal,normal,normal,normal,normal,-1.604005,2.228056,1.857362,0.612104,2,1,
2025-07-17,2025,Mixed,normal,normal,normal,normal,normal,normal,normal,-1.855867,2.228056,1.80187,-0.255968,3,1,
2025-07-18,2025,Mixed,normal,normal,normal,normal,normal,normal,normal,-1.910746,2.228056,1.747032,-0.055917,4,1,
2025-07-19,2025,Mixed,normal,normal,normal,normal,normal,normal,normal,-2.188341,2.228056,1.695228,-0.283002,5,1,
2025-07-20,2025,Mixed,normal,normal,normal,normal,normal,normal,normal,-2.026531,2.228056,1.644084,0.16543,6,1,
2025-07-21,2025,Mixed,normal,normal,normal,normal,normal,normal,normal,-1.49757,2.228056,1.599475,0.539903,7,1,
2025-07-22,2025,Mixed,normal,normal,normal,normal,normal,normal,normal,-2.21303,1.975073,1.560921,-0.726338,8,0,
2025-07-23,2025,Mixed,normal,normal,normal,normal,normal,normal,normal,-2.690227,1.975073,1.518083,-0.487997,9,0,
2025-07-24,2025,Mixed,normal,normal,normal,normal,normal,normal,normal,-1.905878,1.975073,1.485019,0.806033,10,0,
2025-07-25,2025,Mixed,normal,normal,normal,normal,normal,normal,normal,,1.975073,1.485019,,,0,
2025-07-26,2025,Mixed,normal,normal,normal,normal,normal,normal,normal,,1.975073,1.485019,,,0,
2025-07-27,2025,Mixed,normal,normal,normal,normal,normal,normal,normal,,1.975073,1.485019,,,0,
2025-07-28,2025,Mixed,normal,normal,normal,normal,normal,normal,normal,,1.975073,1.485019,,,0,
2025-07-29,2025,Mixed,normal,normal,normal,normal,normal,normal,normal,,1.975073,1.485019,,,0,
2025-07-30,2025,Mixed,normal,normal,normal,normal,normal,normal,normal,,1.975073,1.485019,,,0,
2025-07-31,2025,Mixed,normal,normal,normal,normal,normal,normal,normal,,1.975073,1.485019,,,0,
2025-08-01,2025,Mixed,normal,normal,normal,normal,normal,normal,normal,,1.975073,1.485019,,,0,
2025-08-02,2025,Mixed,normal,normal,normal,normal,normal,normal,normal,,1.975073,1.485019,,,0,
2025-08-03,2025,Mixed,normal,normal,normal,normal,normal,normal,normal,,1.975073,1.485019,,,0,
2025-08-04,2025,Mixed,normal,normal,normal,normal,normal,normal,normal,,1.975073,1.485019,,,0,
2025-08-05,2025,Mixed,normal,normal,normal,normal,normal,normal,normal,,1.975073,1.485019,,,0,
2025-08-06,2025,Mixed,normal,normal,normal,normal,normal,normal,normal,,1.975073,1.485019,,,0,
2025-08-07,2025,Mixed,normal,normal,normal,normal,normal,normal,normal,,1.975073,1.485019,,,0,
2025-08-08,2025,Mixed,normal,normal,normal,normal,normal,normal,normal,-3.129918,1.975073,1.485019,,11,0,
2025-08-09,2025,Mixed,normal,normal,normal,normal,normal,normal,normal,-3.192282,1.975073,1.439866,-0.064378,12,0,
2025-08-10,2025,Mixed,normal,normal,normal,normal,normal,normal,normal,-2.154639,1.975073,1.420477,1.071859,13,0,
2025-08-11,2025,Mixed,watch,watch,normal,watch,normal,normal,normal,-0.854469,1.975073,1.415144,1.3288,14,0,damage_watch_context
2025-08-12,2025,Mixed,watch,watch,normal,watch,normal,normal,normal,-1.65094,1.975073,1.386072,-0.803335,15,0,damage_watch_context
2025-08-13,2025,Mixed,normal,normal,normal,normal,normal,normal,normal,0,1.975073,1.450888,2.232914,0,0,
2025-08-14,2025,Mixed,normal,normal,normal,normal,normal,normal,watch,-2.318051,1.572945,1.516962,-2.318051,1,1,
2025-08-15,2025,Mixed,normal,normal,normal,normal,normal,normal,normal,-3.035959,1.572945,1.481726,-0.734945,2,1,
2025-08-16,2025,Mixed,normal,normal,normal,normal,normal,normal,normal,-3.030167,1.572945,1.436588,0.005974,3,1,
2025-08-17,2025,Mixed,normal,normal,normal,normal,normal,normal,normal,-2.390588,1.572945,1.402162,0.659565,4,1,
2025-08-18,2025,Mixed,normal,normal,normal,normal,normal,normal,stress,-5.266235,1.572945,1.539109,-2.946075,5,2,
2025-08-19,2025,Mixed,normal,normal,normal,normal,normal,normal,stress,-4.966925,2.26611,1.494227,0.315949,6,2,
2025-08-20,2025,Mixed,normal,normal,normal,normal,normal,normal,stress,-6.941291,2.26611,1.535489,-2.077557,7,3,
2025-08-21,2025,Mixed,normal,normal,normal,normal,normal,normal,stress,-6.317381,2.26611,1.497743,0.670448,8,2,
2025-08-22,2025,Mixed,normal,normal,normal,normal,normal,normal,stress,-6.648098,2.26611,1.454688,-0.353019,9,2,
2025-08-23,2025,Mixed,normal,normal,normal,normal,normal,normal,stress,-5.625107,2.26611,1.435689,1.095844,10,2,
2025-08-24,2025,Mixed,normal,normal,normal,normal,normal,normal,stress,-5.788114,2.26611,1.392595,-0.172723,11,2,
2025-08-25,2025,Mixed,normal,normal,normal,normal,normal,normal,stress,-8.209252,2.26611,1.489704,-2.569885,12,2,
2025-08-26,2025,Mixed,normal,normal,normal,normal,normal,normal,stress,-9.138825,2.45656,1.465469,-1.012709,13,2,
2025-08-27,2025,Mixed,watch,watch,normal,watch,normal,normal,normal,-8.025659,2.45656,1.452171,1.225129,14,1,damage_watch_context
2025-08-28,2025,Mixed,watch,watch,normal,watch,normal,normal,normal,-6.985646,2.45656,1.434918,1.130764,15,1,damage_watch_context
2025-08-29,2025,Mixed,watch,watch,normal,watch,normal,normal,normal,,2.45656,1.434918,,,1,damage_watch_context
2025-08-30,2025,Mixed,watch,watch,normal,watch,normal,normal,normal,,2.45656,1.434918,,,1,damage_watch_context
2025-08-31,2025,Mixed,watch,watch,normal,watch,normal,normal,normal,,2.45656,1.434918,,,1,damage_watch_context
2025-09-01,2025,Mixed,watch,watch,normal,watch,normal,normal,normal,,2.45656,1.434918,,,1,damage_watch_context
2025-09-02,2025,Mixed,watch,watch,normal,watch,normal,normal,normal,,2.45656,1.434918,,,1,damage_watch_context
2025-09-03,2025,Mixed,watch,watch,normal,watch,normal,normal,normal,,2.45656,1.434918,,,1,damage_watch_context
2025-09-04,2025,Mixed,watch,watch,normal,watch,normal,normal,normal,,2.45656,1.434918,,,1,damage_watch_context
2025-09-05,2025,Mixed,watch,watch,normal,watch,normal,normal,normal,-7.086604,2.45656,1.434918,,16,1,damage_watch_context
2025-09-06,2025,Mixed,watch,watch,normal,watch,normal,normal,normal,-8.580512,2.45656,1.445878,-1.60785,17,1,damage_watch_context
2025-09-07,2025,Mixed,watch,watch,normal,watch,normal,normal,normal,-8.35426,2.45656,1.403141,0.247488,18,1,damage_watch_context
2025-09-08,2025,Mixed,watch,watch,normal,watch,normal,normal,normal,-7.693613,2.45656,1.371807,0.72087,19,1,damage_watch_context
2025-09-09,2025,Mixed,watch,watch,normal,watch,normal,normal,normal,-7.149994,2.45656,1.337817,0.588929,20,0,damage_watch_context
2025-09-10,2025,Mixed,stress,watch,normal,stress,normal,normal,normal,-5.959074,2.45656,1.33457,1.282628,21,0,damage_watch_context
2025-09-11,2025,Mixed,stress,watch,normal,stress,normal,normal,normal,-5.503749,2.45656,1.299337,0.484177,22,0,damage_watch_context
2025-09-12,2025,Mixed,stress,watch,normal,stress,normal,normal,normal,-5.26167,2.45656,1.261316,0.256179,23,0,damage_watch_context
2025-09-13,2025,Mixed,stress,watch,normal,stress,normal,normal,normal,-4.885427,2.45656,1.226754,0.397138,24,0,damage_watch_context
2025-09-14,2025,Mixed,stress,watch,normal,stress,normal,normal,normal,-5.108722,2.45656,1.190772,-0.234764,25,0,damage_watch_context
2025-09-15,2025,Mixed,stress,watch,normal,stress,normal,normal,normal,-5.637216,2.45656,1.162529,-0.556947,26,0,damage_watch_context
2025-09-16,2025,Mixed,stress,watch,normal,stress,normal,normal,normal,-5.132645,2.45656,1.134698,0.534714,27,0,damage_watch_context
2025-09-17,2025,Mixed,stress,watch,normal,stress,normal,normal,normal,-4.446808,2.45656,1.114292,0.722943,28,0,damage_watch_context
2025-09-18,2025,Mixed,stress,watch,normal,stress,normal,normal,normal,-3.02405,2.45656,1.14025,1.48897,29,0,damage_watch_context
2025-09-19,2025,Mixed,stress,watch,normal,stress,normal,normal,normal,-4.205659,2.45656,1.145093,-1.218456,30,0,damage_watch_context
2025-09-20,2025,Mixed,stress,watch,normal,stress,normal,normal,normal,-4.467656,2.45656,1.112228,-0.273499,31,0,damage_watch_context
2025-09-21,2025,Mixed,stress,watch,normal,stress,normal,normal,normal,-4.674827,2.45656,1.079653,-0.21686,32,0,damage_watch_context
2025-09-22,2025,Mixed,stress,watch,normal,stress,normal,normal,watch,-6.668131,2.348338,1.165359,-2.091057,33,1,damage_watch_context
2025-09-23,2025,Mixed,stress,watch,normal,stress,normal,normal,normal,-6.807109,2.354413,1.130446,-0.148907,34,1,damage_watch_context
2025-09-24,2025,Mixed,stress,watch,normal,stress,normal,normal,normal,-6.844218,2.354413,1.096052,-0.03982,35,1,damage_watch_context
2025-09-25,2025,Mixed,stress,watch,normal,stress,normal,normal,normal,-8.410553,2.354413,1.139684,-1.681414,36,1,damage_watch_context
2025-09-26,2025,Mixed,stress,watch,normal,stress,normal,normal,normal,,2.354413,1.139684,,,1,damage_watch_context
2025-09-27,2025,Mixed,stress,watch,normal,stress,normal,normal,normal,,2.354413,1.139684,,,1,damage_watch_context
2025-09-28,2025,Mixed,stress,watch,normal,stress,normal,normal,normal,,2.354413,1.139684,,,1,damage_watch_context
2025-09-29,2025,Mixed,stress,watch,normal,stress,normal,normal,normal,,2.354413,1.139684,,,1,damage_watch_context
2025-09-30,2025,Mixed,stress,watch,normal,stress,normal,normal,normal,,2.354413,1.139684,,,1,damage_watch_context
2025-10-01,2025,Mixed,stress,watch,normal,stress,normal,normal,normal,,2.354413,1.139684,,,1,damage_watch_context
2025-10-02,2025,Mixed,stress,watch,normal,stress,normal,normal,normal,,2.354413,1.139684,,,1,damage_watch_context
2025-10-03,2025,Mixed,stress,watch,normal,stress,normal,normal,normal,-1.1636,2.354413,1.139684,,37,1,damage_watch_context
2025-10-04,2025,Mixed,normal,normal,normal,normal,normal,normal,normal,0,2.084982,1.168327,1.549422,0,1,
2025-10-05,2025,Mixed,normal,normal,normal,normal,normal,normal,normal,0,2.084982,1.138821,0.480011,0,1,
2025-10-06,2025,Mixed,normal,normal,normal,normal,normal,normal,normal,0,1.906718,1.138479,1.133113,0,1,
2025-10-07,2025,Mixed,normal,normal,normal,normal,normal,normal,normal,-0.342567,1.906718,1.106982,-0.342567,1,0,
2025-10-08,2025,Mixed,normal,normal,normal,normal,normal,normal,normal,-0.66729,1.906718,1.076222,-0.32584,2,0,
2025-10-09,2025,Mixed,normal,normal,normal,normal,normal,normal,normal,-1.260125,1.906718,1.053627,-0.596817,3,0,
2025-10-10,2025,Mixed,normal,normal,normal,normal,normal,normal,normal,-2.048339,1.906718,1.040075,-0.798273,4,0,
2025-10-11,2025,Mixed,normal,normal,normal,normal,normal,normal,stress,-9.265605,1.64831,2.06743,-7.368192,5,1,
2025-10-12,2025,Mixed,normal,normal,normal,normal,normal,normal,normal,-10.059003,1.906718,2.015859,-0.874418,6,1,
2025-10-13,2025,Mixed,normal,normal,normal,normal,normal,normal,normal,-6.691765,1.906718,2.158898,3.74383,7,1,
2025-10-14,2025,Mixed,normal,normal,normal,normal,normal,normal,stress,-10.22004,1.906718,2.288906,-3.781311,8,2,
2025-10-15,2025,Mixed,normal,normal,normal,normal,normal,normal,stress,-9.727822,3.020697,2.223236,0.54825,9,2,
2025-10-16,2025,Mixed,normal,normal,normal,normal,normal,normal,stress,-10.266769,3.020697,2.160463,-0.597024,10,2,
2025-10-17,2025,Mixed,normal,normal,normal,normal,normal,normal,stress,-15.226599,3.020697,2.494115,-5.527306,11,3,
2025-10-18,2025,Mixed,normal,normal,normal,normal,normal,normal,stress,-14.124156,4.741608,2.439025,1.300458,12,2,
2025-10-19,2025,Mixed,normal,normal,normal,normal,normal,normal,stress,-13.48581,4.741608,2.371722,0.743336,13,2,
2025-10-20,2025,Mixed,watch,watch,normal,watch,normal,normal,stress,-11.496354,4.741608,2.367455,2.299573,14,2,damage_watch_context
2025-10-21,2025,Mixed,watch,watch,normal,watch,normal,normal,normal,-12.702098,4.741608,2.319465,-1.362367,15,1,damage_watch_context
2025-10-22,2025,Mixed,watch,watch,normal,watch,normal,normal,normal,-12.517119,4.741608,2.249403,0.211894,16,1,damage_watch_context
2025-10-23,2025,Mixed,watch,watch,normal,watch,normal,normal,normal,-11.689329,4.741608,2.193159,0.946231,17,1,damage_watch_context
2025-10-24,2025,Mixed,watch,watch,normal,watch,normal,normal,normal,-10.676185,4.741608,2.144836,1.14725,18,0,damage_watch_context
2025-10-25,2025,Mixed,watch,watch,normal,watch,normal,normal,normal,-10.066469,4.741608,2.086207,0.682591,19,0,damage_watch_context
2025-10-26,2025,Mixed,watch,watch,normal,watch,normal,normal,normal,-8.830006,4.741608,2.050497,1.374863,20,0,damage_watch_context
2025-10-27,2025,Mixed,stress,watch,normal,stress,normal,normal,normal,-7.680542,4.741608,2.011875,1.260791,21,0,damage_watch_context
2025-10-28,2025,Mixed,stress,watch,normal,stress,normal,normal,normal,-7.271017,4.741608,1.953609,0.443595,22,0,damage_watch_context
2025-10-29,2025,Mixed,stress,watch,normal,stress,normal,normal,normal,-8.916528,4.741608,1.94333,-1.774538,23,0,damage_watch_context
2025-10-30,2025,Mixed,stress,watch,normal,stress,normal,normal,watch,-12.83033,4.741608,2.158185,-4.29694,24,1,damage_watch_context
2025-10-31,2025,Mixed,stress,watch,normal,stress,normal,normal,normal,,4.741608,2.158185,,,1,damage_watch_context
2025-11-01,2025,Mixed,stress,watch,normal,stress,normal,normal,normal,,4.741608,2.158185,,,1,damage_watch_context
2025-11-02,2025,Mixed,stress,watch,normal,stress,normal,normal,normal,,4.741608,2.158185,,,1,damage_watch_context
2025-11-03,2025,Mixed,stress,watch,normal,stress,normal,normal,normal,,4.741608,2.158185,,,1,damage_watch_context
2025-11-04,2025,Mixed,stress,watch,normal,stress,normal,normal,normal,,4.741608,2.158185,,,1,damage_watch_context
2025-11-05,2025,Mixed,stress,watch,normal,stress,normal,normal,normal,,4.741608,2.158185,,,1,damage_watch_context
2025-11-06,2025,Mixed,stress,watch,normal,stress,normal,normal,normal,,4.741608,2.158185,,,1,damage_watch_context
2025-11-07,2025,Mixed,stress,watch,normal,stress,normal,normal,normal,-18.962159,4.741608,2.158185,,25,1,damage_watch_context
2025-11-08,2025,Mixed,stress,watch,normal,stress,normal,normal,normal,-17.984657,4.973641,2.113196,1.206229,26,1,damage_watch_context
2025-11-09,2025,Mixed,stress,watch,normal,stress,normal,normal,normal,-17.14938,4.973641,2.063951,1.018439,27,1,damage_watch_context
2025-11-10,2025,Mixed,stress,watch,normal,stress,normal,normal,normal,-15.970596,4.973641,2.031196,1.422783,28,1,damage_watch_context
2025-11-11,2025,Mixed,stress,watch,normal,stress,normal,normal,normal,-15.945243,4.973641,1.969332,0.030171,29,1,damage_watch_context
2025-11-12,2025,Mixed,stress,watch,normal,stress,normal,normal,normal,-16.120972,4.973641,1.910025,-0.209065,30,1,damage_watch_context
2025-11-13,2025,Mixed,stress,watch,normal,stress,normal,normal,normal,-16.967271,4.973641,1.868256,-1.008951,31,1,damage_watch_context
2025-11-14,2025,Mixed,stress,stress,watch,stress,normal,normal,stress,-22.623263,4.973641,2.462715,-6.811762,32,1,drawdown_watch_plus_duration_plus_risk_signal
2025-11-15,2025,Mixed,stress,stress,watch,stress,watch,normal,normal,-22.629551,6.233757,2.387692,-0.008127,33,1,drawdown_watch_plus_duration_plus_risk_signal
2025-11-16,2025,Mixed,stress,stress,watch,stress,watch,normal,normal,-23.249223,6.233757,2.323251,-0.800915,34,1,drawdown_watch_plus_duration_plus_risk_signal
2025-11-17,2025,Mixed,stress,stress,watch,stress,watch,normal,normal,-23.593558,6.233757,2.255154,-0.448641,35,1,drawdown_watch_plus_duration_plus_risk_signal
2025-11-18,2025,Mixed,stress,watch,normal,stress,watch,normal,normal,,6.233757,2.255154,,,1,damage_watch_context
2025-11-19,2025,Mixed,stress,stress,watch,stress,watch,normal,normal,-25.797864,6.233757,2.255154,,36,1,drawdown_watch_plus_duration_plus_risk_signal
2025-11-20,2025,Mixed,stress,stress,watch,stress,watch,normal,normal,-26.491777,6.233757,2.19842,-0.935165,37,1,drawdown_watch_plus_duration_plus_risk_signal
2025-11-21,2025,Mixed,stress,stress,watch,stress,normal,normal,stress,-32.756283,4.973641,2.983408,-8.522184,38,2,drawdown_watch_plus_duration_plus_risk_signal
2025-11-22,2025,Mixed,stress,stress,watch,stress,watch,normal,stress,-32.496245,6.233757,2.894072,0.38671,39,2,drawdown_watch_plus_var_watch_plus_tail
2025-11-23,2025,Mixed,stress,stress,watch,stress,watch,normal,normal,-31.474683,6.233757,2.830287,1.513341,40,1,drawdown_watch_plus_duration_plus_risk_signal
2025-11-24,2025,Mixed,stress,stress,watch,stress,watch,normal,normal,-31.160195,6.233757,2.746367,0.458937,41,1,drawdown_watch_plus_duration_plus_risk_signal
2025-11-25,2025,Mixed,stress,stress,watch,stress,watch,normal,normal,-30.747663,6.233757,2.666745,0.599263,42,1,drawdown_watch_plus_duration_plus_risk_signal
2025-11-26,2025,Mixed,stress,stress,watch,stress,watch,normal,normal,-30.109171,6.233757,2.595349,0.92198,43,1,drawdown_watch_plus_duration_plus_risk_signal
2025-11-27,2025,Mixed,stress,watch,watch,stress,normal,normal,normal,-28.814619,5.680092,2.556861,1.852249,44,1,damage_watch_context
2025-11-28,2025,Mixed,stress,watch,normal,stress,normal,normal,normal,,5.680092,2.556861,,,1,damage_watch_context
2025-11-29,2025,Mixed,stress,watch,normal,stress,normal,normal,normal,,5.680092,2.556861,,,1,damage_watch_context
2025-11-30,2025,Mixed,stress,watch,normal,stress,normal,normal,normal,,5.680092,2.556861,,,1,damage_watch_context
2025-12-01,2025,Mixed,stress,watch,normal,stress,normal,normal,normal,,5.680092,2.556861,,,1,damage_watch_context
2025-12-02,2025,Mixed,stress,watch,normal,stress,normal,normal,normal,,5.680092,2.556861,,,1,damage_watch_context
2025-12-03,2025,Mixed,stress,watch,normal,stress,normal,normal,normal,,5.680092,2.556861,,,1,damage_watch_context
2025-12-04,2025,Mixed,stress,watch,normal,stress,normal,normal,normal,,5.680092,2.556861,,,1,damage_watch_context
2025-12-05,2025,Mixed,stress,watch,watch,stress,normal,normal,normal,-27.279236,5.680092,2.556861,,45,1,damage_watch_context
2025-12-06,2025,Mixed,stress,watch,watch,stress,normal,normal,normal,-27.526768,5.680092,2.48037,-0.340386,46,0,damage_watch_context
2025-12-07,2025,Mixed,stress,watch,watch,stress,normal,normal,normal,-28.898934,5.680092,2.44912,-1.893342,47,0,damage_watch_context
2025-12-08,2025,Mixed,stress,watch,watch,stress,normal,normal,normal,-26.81444,5.680092,2.480726,2.931734,48,0,damage_watch_context
2025-12-09,2025,Mixed,stress,watch,watch,stress,normal,normal,normal,-27.034644,5.680092,2.406282,-0.300884,49,0,damage_watch_context
2025-12-10,2025,Mixed,stress,watch,watch,stress,normal,normal,normal,-25.93639,5.680092,2.36193,1.505172,50,0,damage_watch_context
2025-12-11,2025,Mixed,stress,stress,watch,stress,normal,normal,watch,-27.676409,5.680092,2.361177,-2.349357,51,1,drawdown_watch_plus_duration_plus_risk_signal
2025-12-12,2025,Mixed,stress,watch,watch,stress,normal,normal,normal,-25.723797,5.680092,2.382854,2.699827,52,1,damage_watch_context
2025-12-13,2025,Mixed,stress,stress,watch,stress,normal,normal,stress,-27.247318,5.680092,2.364265,-2.051156,53,2,drawdown_watch_plus_duration_plus_risk_signal
2025-12-14,2025,Mixed,stress,stress,watch,stress,normal,normal,stress,-28.128943,5.680092,2.311379,-1.211811,54,2,drawdown_watch_plus_duration_plus_risk_signal
2025-12-15,2025,Mixed,stress,stress,watch,stress,normal,normal,stress,-28.981144,5.680092,2.259708,-1.185736,55,2,drawdown_watch_plus_duration_plus_risk_signal
2025-12-16,2025,Mixed,stress,stress,watch,stress,normal,normal,stress,-29.410852,5.680092,2.195876,-0.605062,56,2,drawdown_watch_plus_duration_plus_risk_signal
2025-12-17,2025,Mixed,stress,stress,watch,stress,normal,normal,stress,-27.512562,5.680092,2.228558,2.689209,57,2,drawdown_watch_plus_duration_plus_risk_signal
2025-12-18,2025,Mixed,stress,watch,watch,stress,normal,normal,normal,-28.510907,4.80368,2.186846,-1.377267,58,1,damage_watch_context
2025-12-19,2025,Mixed,stress,watch,watch,stress,normal,normal,normal,-29.304047,4.80368,2.137571,-1.109456,59,1,damage_watch_context
2025-12-20,2025,Mixed,stress,watch,watch,stress,normal,normal,normal,-29.039742,4.80368,2.074474,0.373862,60,0,damage_watch_context
2025-12-21,2025,Mixed,stress,watch,watch,stress,normal,normal,normal,-29.24905,4.80368,2.012575,-0.294965,61,0,damage_watch_context
2025-12-22,2025,Mixed,stress,watch,watch,stress,normal,normal,normal,-27.795273,4.80368,2.015132,2.054782,62,0,damage_watch_context
2025-12-23,2025,Mixed,stress,stress,watch,stress,normal,normal,watch,-29.897676,4.80368,2.079856,-2.911726,63,1,drawdown_watch_plus_duration_plus_risk_signal
2025-12-24,2025,Mixed,stress,watch,watch,stress,normal,normal,normal,-29.601842,5.056746,2.019143,0.422003,64,1,damage_watch_context
2025-12-25,2025,Mixed,stress,watch,watch,stress,normal,normal,normal,-29.080802,2.65866,1.966008,0.740134,65,1,damage_watch_context
