date,snapshot_time_ny,snapshot_time_utc,snapshot_timestamp,cycle_id,instrument_name,underlying_price,option_price_proxy,option_price_proxy_underlying,option_price_proxy_source,approximate_CCW_value,daily_return,daily_return_pct,rolling_peak,rolling_drawdown,rolling_drawdown_pct,EWMA_vol,EWMA_vol_pct,historical_VaR,historical_VaR_pct,underlying_price_found,option_price_found,notes
2025-01-03,10:00,15:00,1735916400000,1,ETH-10JAN25-3600-C,3523.9,82.81165,0.0235,Deribit option 1-minute OHLC close at 10:00 NY snapshot; option-denominated close converted to USD with snapshot ETH-PERPETUAL close,3441.08835,,,3441.08835,0,0,,,,,true,true,
2025-01-04,10:00,15:00,1736002800000,1,ETH-10JAN25-3600-C,3635.8,103.6203,0.0285,Deribit option 1-minute OHLC close at 10:00 NY snapshot; option-denominated close converted to USD with snapshot ETH-PERPETUAL close,3532.1797,0.026472,2.647167,3532.1797,0,0,0.026472,2.647167,,,true,true,
2025-01-05,10:00,15:00,1736089200000,1,ETH-10JAN25-3600-C,3625.4,103.3239,0.0285,Deribit option 1-minute OHLC close at 10:00 NY snapshot; option-denominated close converted to USD with snapshot ETH-PERPETUAL close,3522.0761,-0.00286,-0.286044,3532.1797,-0.00286,-0.286044,0.025675,2.56748,,,true,true,
2025-01-06,10:00,15:00,1736175600000,1,ETH-10JAN25-3600-C,3680,112.24,0.0305,Deribit option 1-minute OHLC close at 10:00 NY snapshot; option-denominated close converted to USD with snapshot ETH-PERPETUAL close,3567.76,0.012971,1.297073,3567.76,0,0,0.025095,2.509458,,,true,true,
2025-01-07,10:00,15:00,1736262000000,1,ETH-10JAN25-3600-C,3569.3,46.4009,0.013,Deribit option 1-minute OHLC close at 10:00 NY snapshot; option-denominated close converted to USD with snapshot ETH-PERPETUAL close,3522.8991,-0.012574,-1.257397,3567.76,-0.012574,-1.257397,0.024524,2.452427,,,true,true,
2025-01-08,10:00,15:00,1736348400000,1,ETH-10JAN25-3600-C,3371.35,6.405565,0.0019,Deribit option 1-minute OHLC close at 10:00 NY snapshot; option-denominated close converted to USD with snapshot ETH-PERPETUAL close,3364.944435,-0.044837,-4.483656,3567.76,-0.056847,-5.684675,0.026191,2.619108,,,true,true,
2025-01-09,10:00,15:00,1736434800000,1,ETH-10JAN25-3600-C,3249.05,0.324905,0.0001,Deribit option 1-minute OHLC close at 10:00 NY snapshot; option-denominated close converted to USD with snapshot ETH-PERPETUAL close,3248.725095,-0.034538,-3.453826,3567.76,-0.089422,-8.942163,0.026765,2.676542,,,true,true,
2025-01-10,10:00,15:00,1736521200000,2,ETH-17JAN25-3450-C,3239.95,50.219225,0.0155,Deribit option 1-minute OHLC close at 10:00 NY snapshot; option-denominated close converted to USD with snapshot ETH-PERPETUAL close,3189.730775,-0.018159,-1.815922,3567.76,-0.105957,-10.595702,0.026328,2.63285,,,true,true,
2025-01-11,10:00,15:00,1736607600000,2,ETH-17JAN25-3450-C,3275.7,39.3084,0.012,Deribit option 1-minute OHLC close at 10:00 NY snapshot; option-denominated close converted to USD with snapshot ETH-PERPETUAL close,3236.3916,0.014628,1.462845,3567.76,-0.092879,-9.287856,0.025777,2.577669,,,true,true,
2025-01-12,10:00,15:00,1736694000000,2,ETH-17JAN25-3450-C,3268.85,35.95735,0.011,Deribit option 1-minute OHLC close at 10:00 NY snapshot; option-denominated close converted to USD with snapshot ETH-PERPETUAL close,3232.89265,-0.001081,-0.108113,3567.76,-0.093859,-9.385927,0.024993,2.499283,,,true,true,
2025-01-13,10:00,15:00,1736780400000,2,ETH-17JAN25-3450-C,3038.8,8.50864,0.0028,Deribit option 1-minute OHLC close at 10:00 NY snapshot; option-denominated close converted to USD with snapshot ETH-PERPETUAL close,3030.29136,-0.062669,-6.266873,3567.76,-0.150646,-15.064596,0.028685,2.868459,,,true,true,
2025-01-14,10:00,15:00,1736866800000,2,ETH-17JAN25-3450-C,3186.4,22.3048,0.007,Deribit option 1-minute OHLC close at 10:00 NY snapshot; option-denominated close converted to USD with snapshot ETH-PERPETUAL close,3164.0952,0.044155,4.415544,3567.76,-0.113142,-11.314236,0.02984,2.98399,,,true,true,
2025-01-15,10:00,15:00,1736953200000,2,ETH-17JAN25-3450-C,3342.35,25.067625,0.0075,Deribit option 1-minute OHLC close at 10:00 NY snapshot; option-denominated close converted to USD with snapshot ETH-PERPETUAL close,3317.282375,0.048414,4.841421,3567.76,-0.070206,-7.020585,0.031267,3.126708,,,true,true,
2025-01-16,10:00,15:00,1737039600000,2,ETH-17JAN25-3450-C,3275.1,2.94759,0.0009,Deribit option 1-minute OHLC close at 10:00 NY snapshot; option-denominated close converted to USD with snapshot ETH-PERPETUAL close,3272.15241,-0.013604,-1.36045,3567.76,-0.082855,-8.285523,0.030497,3.049717,,,true,true,
2025-01-17,10:00,15:00,1737126000000,3,ETH-24JAN25-3550-C,3430.05,78.89115,0.023,Deribit option 1-minute OHLC close at 10:00 NY snapshot; option-denominated close converted to USD with snapshot ETH-PERPETUAL close,3351.15885,0.024145,2.41451,3567.76,-0.060711,-6.071068,0.030154,3.01538,,,true,true,
2025-01-18,10:00,15:00,1737212400000,3,ETH-24JAN25-3550-C,3295.85,47.789825,0.0145,Deribit option 1-minute OHLC close at 10:00 NY snapshot; option-denominated close converted to USD with snapshot ETH-PERPETUAL close,3248.060175,-0.030765,-3.076508,3567.76,-0.089608,-8.9608,0.030191,3.019083,,,true,true,
2025-01-19,10:00,15:00,1737298800000,3,ETH-24JAN25-3550-C,3378.95,72.647425,0.0215,Deribit option 1-minute OHLC close at 10:00 NY snapshot; option-denominated close converted to USD with snapshot ETH-PERPETUAL close,3306.302575,0.017931,1.793144,3567.76,-0.073283,-7.328336,0.029599,2.959881,,,true,true,
2025-01-20,10:00,15:00,1737385200000,3,ETH-24JAN25-3550-C,3344.95,61.881575,0.0185,Deribit option 1-minute OHLC close at 10:00 NY snapshot; option-denominated close converted to USD with snapshot ETH-PERPETUAL close,3283.068425,-0.007027,-0.702723,3567.76,-0.079796,-7.979561,0.028749,2.874868,,,true,true,
2025-01-21,10:00,15:00,1737471600000,3,ETH-24JAN25-3550-C,3290.35,21.387275,0.0065,Deribit option 1-minute OHLC close at 10:00 NY snapshot; option-denominated close converted to USD with snapshot ETH-PERPETUAL close,3268.962725,-0.004296,-0.42965,3567.76,-0.083749,-8.374926,0.027893,2.789274,,,true,true,
2025-01-22,10:00,15:00,1737558000000,3,ETH-24JAN25-3550-C,3289.75,6.250525,0.0019,Deribit option 1-minute OHLC close at 10:00 NY snapshot; option-denominated close converted to USD with snapshot ETH-PERPETUAL close,3283.499475,0.004447,0.44469,3567.76,-0.079675,-7.967479,0.027065,2.706495,,,true,true,
2025-01-23,10:00,15:00,1737644400000,3,ETH-24JAN25-3550-C,3275.5,0.98265,0.0003,Deribit option 1-minute OHLC close at 10:00 NY snapshot; option-denominated close converted to USD with snapshot ETH-PERPETUAL close,3274.51735,-0.002736,-0.273553,3567.76,-0.082192,-8.219237,0.026249,2.624899,,,true,true,
2025-01-24,10:00,15:00,1737730800000,4,ETH-31JAN25-3500-C,3403.2,76.572,0.0225,Deribit option 1-minute OHLC close at 10:00 NY snapshot; option-denominated close converted to USD with snapshot ETH-PERPETUAL close,3326.628,0.015914,1.591399,3567.76,-0.067586,-6.758638,0.025746,2.574615,,,true,true,
2025-01-25,10:00,15:00,1737817200000,4,ETH-31JAN25-3500-C,3317.1,36.4881,0.011,Deribit option 1-minute OHLC close at 10:00 NY snapshot; option-denominated close converted to USD with snapshot ETH-PERPETUAL close,3280.6119,-0.013833,-1.383266,3567.76,-0.080484,-8.048414,0.025191,2.519073,,,true,true,
2025-01-26,10:00,15:00,1737903600000,4,ETH-31JAN25-3500-C,3308.45,28.121825,0.0085,Deribit option 1-minute OHLC close at 10:00 NY snapshot; option-denominated close converted to USD with snapshot ETH-PERPETUAL close,3280.328175,-0.000086,-0.008649,3567.76,-0.080564,-8.056367,0.024423,2.442333,,,true,true,
2025-01-27,10:00,15:00,1737990000000,4,ETH-31JAN25-3500-C,3136.15,9.40845,0.003,Deribit option 1-minute OHLC close at 10:00 NY snapshot; option-denominated close converted to USD with snapshot ETH-PERPETUAL close,3126.74155,-0.046821,-4.682051,3567.76,-0.123612,-12.361214,0.02631,2.631043,,,true,true,
2025-01-28,10:00,15:00,1738076400000,4,ETH-31JAN25-3500-C,3176.25,6.670125,0.0021,Deribit option 1-minute OHLC close at 10:00 NY snapshot; option-denominated close converted to USD with snapshot ETH-PERPETUAL close,3169.579875,0.013701,1.370063,3567.76,-0.111605,-11.160508,0.025729,2.572872,,,true,true,
2025-01-29,10:00,15:00,1738162800000,4,ETH-31JAN25-3500-C,3094.75,2.166325,0.0007,Deribit option 1-minute OHLC close at 10:00 NY snapshot; option-denominated close converted to USD with snapshot ETH-PERPETUAL close,3092.583675,-0.024292,-2.429224,3567.76,-0.133186,-13.318618,0.025645,2.56448,,,true,true,
2025-01-30,10:00,15:00,1738249200000,4,ETH-31JAN25-3500-C,3271.2,3.92544,0.0012,Deribit option 1-minute OHLC close at 10:00 NY snapshot; option-denominated close converted to USD with snapshot ETH-PERPETUAL close,3267.27456,0.056487,5.648704,3567.76,-0.084222,-8.422244,0.028454,2.845423,,,true,true,
2025-01-31,10:00,15:00,1738335600000,5,,3353.2,,,,,,,3567.76,,,0.028454,2.845423,,,true,false,missing_observed_option_instrument; synthetic/theoretical cycle excluded from option valuation
2025-02-01,10:00,15:00,1738422000000,5,,3238.35,,,,,,,3567.76,,,0.028454,2.845423,,,true,false,missing_observed_option_instrument; synthetic/theoretical cycle excluded from option valuation
2025-02-02,10:00,15:00,1738508400000,5,,3080.4,,,,,,,3567.76,,,0.028454,2.845423,,,true,false,missing_observed_option_instrument; synthetic/theoretical cycle excluded from option valuation
2025-02-03,10:00,15:00,1738594800000,5,,2615.1,,,,,,,3567.76,,,0.028454,2.845423,,,true,false,missing_observed_option_instrument; synthetic/theoretical cycle excluded from option valuation
2025-02-04,10:00,15:00,1738681200000,5,,2822.2,,,,,,,3567.76,,,0.028454,2.845423,,,true,false,missing_observed_option_instrument; synthetic/theoretical cycle excluded from option valuation
2025-02-05,10:00,15:00,1738767600000,5,,2792.4,,,,,,,3567.76,,,0.028454,2.845423,,,true,false,missing_observed_option_instrument; synthetic/theoretical cycle excluded from option valuation
2025-02-06,10:00,15:00,1738854000000,5,,2754.6,,,,,,,3567.76,,,0.028454,2.845423,,,true,false,missing_observed_option_instrument; synthetic/theoretical cycle excluded from option valuation
2025-02-07,10:00,15:00,1738940400000,6,ETH-14FEB25-2850-C,2770.65,73.422225,0.0265,Deribit option 1-minute OHLC close at 10:00 NY snapshot; option-denominated close converted to USD with snapshot ETH-PERPETUAL close,2697.227775,,,3567.76,-0.244,-24.399966,0.028454,2.845423,,,true,true,daily_return_not_computed_across_missing_mtm_gap
2025-02-08,10:00,15:00,1739026800000,6,ETH-14FEB25-2850-C,2615.75,20.926,0.008,Deribit option 1-minute OHLC close at 10:00 NY snapshot; option-denominated close converted to USD with snapshot ETH-PERPETUAL close,2594.824,-0.037966,-3.796631,3567.76,-0.272702,-27.27022,0.029113,2.911273,,,true,true,
2025-02-09,10:00,15:00,1739113200000,6,ETH-14FEB25-2850-C,2628.5,22.34225,0.0085,Deribit option 1-minute OHLC close at 10:00 NY snapshot; option-denominated close converted to USD with snapshot ETH-PERPETUAL close,2606.15775,0.004368,0.436783,3567.76,-0.269525,-26.952549,0.028246,2.824611,,,true,true,
2025-02-10,10:00,15:00,1739199600000,6,ETH-14FEB25-2850-C,2653.8,18.5766,0.007,Deribit option 1-minute OHLC close at 10:00 NY snapshot; option-denominated close converted to USD with snapshot ETH-PERPETUAL close,2635.2234,0.011153,1.115268,3567.76,-0.261379,-26.137874,0.027522,2.752154,,,true,true,
2025-02-11,10:00,15:00,1739286000000,6,ETH-14FEB25-2850-C,2668.25,10.673,0.004,Deribit option 1-minute OHLC close at 10:00 NY snapshot; option-denominated close converted to USD with snapshot ETH-PERPETUAL close,2657.577,0.008483,0.848262,3567.76,-0.255113,-25.511329,0.026764,2.67639,-0.045928,-4.592773,true,true,
2025-02-12,10:00,15:00,1739372400000,6,ETH-14FEB25-2850-C,2598.5,3.6379,0.0014,Deribit option 1-minute OHLC close at 10:00 NY snapshot; option-denominated close converted to USD with snapshot ETH-PERPETUAL close,2594.8621,-0.023599,-2.359853,3567.76,-0.272692,-27.269152,0.026585,2.658461,-0.045928,-4.592773,true,true,
2025-02-13,10:00,15:00,1739458800000,6,ETH-14FEB25-2850-C,2632.35,0.789705,0.0003,Deribit option 1-minute OHLC close at 10:00 NY snapshot; option-denominated close converted to USD with snapshot ETH-PERPETUAL close,2631.560295,0.014143,1.414264,3567.76,-0.262405,-26.240546,0.026006,2.60065,-0.045928,-4.592773,true,true,
2025-02-14,10:00,15:00,1739545200000,7,ETH-21FEB25-2850-C,2718.2,43.4912,0.016,Deribit option 1-minute OHLC close at 10:00 NY snapshot; option-denominated close converted to USD with snapshot ETH-PERPETUAL close,2674.7088,0.016397,1.639655,3567.76,-0.250311,-25.031146,0.025532,2.55321,-0.045928,-4.592773,true,true,
2025-02-15,10:00,15:00,1739631600000,7,ETH-21FEB25-2850-C,2690.9,28.25445,0.0105,Deribit option 1-minute OHLC close at 10:00 NY snapshot; option-denominated close converted to USD with snapshot ETH-PERPETUAL close,2662.64555,-0.00451,-0.451012,3567.76,-0.253693,-25.369264,0.024779,2.477893,-0.045928,-4.592773,true,true,
2025-02-16,10:00,15:00,1739718000000,7,ETH-21FEB25-2850-C,2690.55,22.869675,0.0085,Deribit option 1-minute OHLC close at 10:00 NY snapshot; option-denominated close converted to USD with snapshot ETH-PERPETUAL close,2667.680325,0.001891,0.189089,3567.76,-0.252281,-25.228145,0.024029,2.402853,-0.042836,-4.283612,true,true,
2025-02-17,10:00,15:00,1739804400000,7,ETH-21FEB25-2850-C,2843.5,61.13525,0.0215,Deribit option 1-minute OHLC close at 10:00 NY snapshot; option-denominated close converted to USD with snapshot ETH-PERPETUAL close,2782.36475,0.04299,4.299032,3567.76,-0.220137,-22.013679,0.025566,2.556596,-0.042836,-4.283612,true,true,
2025-02-18,10:00,15:00,1739890800000,7,ETH-21FEB25-2850-C,2683.15,21.4652,0.008,Deribit option 1-minute OHLC close at 10:00 NY snapshot; option-denominated close converted to USD with snapshot ETH-PERPETUAL close,2661.6848,-0.043373,-4.337316,3567.76,-0.253962,-25.396193,0.026968,2.696804,-0.042836,-4.283612,true,true,
2025-02-19,10:00,15:00,1739977200000,7,ETH-21FEB25-2850-C,2691.5,6.9979,0.0026,Deribit option 1-minute OHLC close at 10:00 NY snapshot; option-denominated close converted to USD with snapshot ETH-PERPETUAL close,2684.5021,0.008573,0.85725,3567.76,-0.247567,-24.756651,0.026231,2.623066,-0.045269,-4.52692,true,true,
2025-02-20,10:00,15:00,1740063600000,7,ETH-21FEB25-2850-C,2729.95,2.18396,0.0008,Deribit option 1-minute OHLC close at 10:00 NY snapshot; option-denominated close converted to USD with snapshot ETH-PERPETUAL close,2727.76604,0.016116,1.611619,3567.76,-0.23544,-23.544015,0.025736,2.573614,-0.045269,-4.52692,true,true,
2025-02-21,10:00,15:00,1740150000000,8,ETH-28FEB25-2900-C,2808,42.12,0.015,Deribit option 1-minute OHLC close at 10:00 NY snapshot; option-denominated close converted to USD with snapshot ETH-PERPETUAL close,2765.88,0.013973,1.397259,3567.76,-0.224757,-22.475727,0.025186,2.518575,-0.04094,-4.094008,true,true,
2025-02-22,10:00,15:00,1740236400000,8,ETH-28FEB25-2900-C,2738.45,28.753725,0.0105,Deribit option 1-minute OHLC close at 10:00 NY snapshot; option-denominated close converted to USD with snapshot ETH-PERPETUAL close,2709.696275,-0.020313,-2.031315,3567.76,-0.240505,-24.050489,0.02492,2.492027,-0.04094,-4.094008,true,true,
2025-02-23,10:00,15:00,1740322800000,8,ETH-28FEB25-2900-C,2791.45,41.87175,0.015,Deribit option 1-minute OHLC close at 10:00 NY snapshot; option-denominated close converted to USD with snapshot ETH-PERPETUAL close,2749.57825,0.014718,1.471825,3567.76,-0.229326,-22.932645,0.024429,2.44286,-0.04094,-4.094008,true,true,
2025-02-24,10:00,15:00,1740409200000,8,ETH-28FEB25-2900-C,2659.05,8.774865,0.0033,Deribit option 1-minute OHLC close at 10:00 NY snapshot; option-denominated close converted to USD with snapshot ETH-PERPETUAL close,2650.275135,-0.036116,-3.611576,3567.76,-0.25716,-25.715992,0.025283,2.528264,-0.04094,-4.094008,true,true,
2025-02-25,10:00,15:00,1740495600000,8,ETH-28FEB25-2900-C,2361.65,0.94466,0.0004,Deribit option 1-minute OHLC close at 10:00 NY snapshot; option-denominated close converted to USD with snapshot ETH-PERPETUAL close,2360.70534,-0.10926,-10.926028,3567.76,-0.338323,-33.832283,0.036292,3.629225,-0.04094,-4.094008,true,true,
2025-02-26,10:00,15:00,1740582000000,8,ETH-28FEB25-2900-C,2438.75,0.731625,0.0003,Deribit option 1-minute OHLC close at 10:00 NY snapshot; option-denominated close converted to USD with snapshot ETH-PERPETUAL close,2438.018375,0.03275,3.274997,3567.76,-0.316653,-31.665292,0.03609,3.608952,-0.045269,-4.52692,true,true,
2025-02-27,10:00,15:00,1740668400000,8,ETH-28FEB25-2900-C,2295.5,0.4591,0.0002,Deribit option 1-minute OHLC close at 10:00 NY snapshot; option-denominated close converted to USD with snapshot ETH-PERPETUAL close,2295.0409,-0.058645,-5.864495,3567.76,-0.356728,-35.672778,0.037824,3.782407,-0.045269,-4.52692,true,true,
2025-02-28,10:00,15:00,1740754800000,9,,2169.4,,,,,,,3567.76,,,0.037824,3.782407,-0.045269,-4.52692,true,false,missing_observed_option_instrument; synthetic/theoretical cycle excluded from option valuation
2025-03-01,10:00,15:00,1740841200000,9,,2161.05,,,,,,,3567.76,,,0.037824,3.782407,-0.045269,-4.52692,true,false,missing_observed_option_instrument; synthetic/theoretical cycle excluded from option valuation
2025-03-02,10:00,15:00,1740927600000,9,,2200.85,,,,,,,3567.76,,,0.037824,3.782407,-0.045269,-4.52692,true,false,missing_observed_option_instrument; synthetic/theoretical cycle excluded from option valuation
2025-03-03,10:00,15:00,1741014000000,9,,2286.85,,,,,,,3567.76,,,0.037824,3.782407,-0.045269,-4.52692,true,false,missing_observed_option_instrument; synthetic/theoretical cycle excluded from option valuation
2025-03-04,10:00,15:00,1741100400000,9,,2068.1,,,,,,,3567.76,,,0.037824,3.782407,-0.045269,-4.52692,true,false,missing_observed_option_instrument; synthetic/theoretical cycle excluded from option valuation
2025-03-05,10:00,15:00,1741186800000,9,,2190.35,,,,,,,3567.76,,,0.037824,3.782407,-0.045269,-4.52692,true,false,missing_observed_option_instrument; synthetic/theoretical cycle excluded from option valuation
2025-03-06,10:00,15:00,1741273200000,9,,2229.05,,,,,,,3567.76,,,0.037824,3.782407,-0.045269,-4.52692,true,false,missing_observed_option_instrument; synthetic/theoretical cycle excluded from option valuation
2025-03-07,10:00,15:00,1741359600000,10,ETH-14MAR25-2300-C,2218.1,55.4525,0.025,Deribit option 1-minute OHLC close at 10:00 NY snapshot; option-denominated close converted to USD with snapshot ETH-PERPETUAL close,2162.6475,,,3567.76,-0.393836,-39.383605,0.037824,3.782407,-0.045269,-4.52692,true,true,daily_return_not_computed_across_missing_mtm_gap
2025-03-08,10:00,15:00,1741446000000,10,ETH-14MAR25-2300-C,2174.25,29.352375,0.0135,Deribit option 1-minute OHLC close at 10:00 NY snapshot; option-denominated close converted to USD with snapshot ETH-PERPETUAL close,2144.897625,-0.008207,-0.820747,3567.76,-0.398811,-39.881112,0.036727,3.672686,-0.053324,-5.332395,true,true,
2025-03-09,10:00,14:00,1741528800000,10,ETH-14MAR25-2300-C,2110,18.99,0.009,Deribit option 1-minute OHLC close at 10:00 NY snapshot; option-denominated close converted to USD with snapshot ETH-PERPETUAL close,2091.01,-0.025124,-2.512363,3567.76,-0.413915,-41.391517,0.036136,3.613589,-0.053324,-5.332395,true,true,
2025-03-10,10:00,14:00,1741615200000,10,ETH-14MAR25-2300-C,2082.3,18.7407,0.009,Deribit option 1-minute OHLC close at 10:00 NY snapshot; option-denominated close converted to USD with snapshot ETH-PERPETUAL close,2063.5593,-0.013128,-1.312796,3567.76,-0.421609,-42.160927,0.035182,3.518231,-0.053324,-5.332395,true,true,
2025-03-11,10:00,14:00,1741701600000,10,ETH-14MAR25-2300-C,1908.3,2.09913,0.0011,Deribit option 1-minute OHLC close at 10:00 NY snapshot; option-denominated close converted to USD with snapshot ETH-PERPETUAL close,1906.20087,-0.076256,-7.625583,3567.76,-0.465715,-46.571494,0.03889,3.88899,-0.053324,-5.332395,true,true,
2025-03-12,10:00,14:00,1741788000000,10,ETH-14MAR25-2300-C,1885.75,1.5086,0.0008,Deribit option 1-minute OHLC close at 10:00 NY snapshot; option-denominated close converted to USD with snapshot ETH-PERPETUAL close,1884.2414,-0.01152,-1.152002,3567.76,-0.47187,-47.186991,0.037811,3.78106,-0.068331,-6.833094,true,true,
2025-03-13,10:00,14:00,1741874400000,10,ETH-14MAR25-2300-C,1869.4,0.18694,0.0001,Deribit option 1-minute OHLC close at 10:00 NY snapshot; option-denominated close converted to USD with snapshot ETH-PERPETUAL close,1869.21306,-0.007976,-0.79758,3567.76,-0.476082,-47.608217,0.036711,3.671076,-0.068331,-6.833094,true,true,
2025-03-14,10:00,14:00,1741960800000,11,ETH-21MAR25-2000-C,1889.45,34.954825,0.0185,Deribit option 1-minute OHLC close at 10:00 NY snapshot; option-denominated close converted to USD with snapshot ETH-PERPETUAL close,1854.495175,-0.007874,-0.787384,3567.76,-0.480207,-48.020742,0.035645,3.564462,-0.068331,-6.833094,true,true,
2025-03-15,10:00,14:00,1742047200000,11,ETH-21MAR25-2000-C,1929.05,35.687425,0.0185,Deribit option 1-minute OHLC close at 10:00 NY snapshot; option-denominated close converted to USD with snapshot ETH-PERPETUAL close,1893.362575,0.020958,2.095848,3567.76,-0.469313,-46.931336,0.034938,3.493797,-0.068331,-6.833094,true,true,
2025-03-16,10:00,14:00,1742133600000,11,ETH-21MAR25-2000-C,1880.7,24.4491,0.013,Deribit option 1-minute OHLC close at 10:00 NY snapshot; option-denominated close converted to USD with snapshot ETH-PERPETUAL close,1856.2509,-0.019601,-1.960093,3567.76,-0.479715,-47.971531,0.034212,3.421219,-0.068331,-6.833094,true,true,
2025-03-17,10:00,14:00,1742220000000,11,ETH-21MAR25-2000-C,1898.25,21.829875,0.0115,Deribit option 1-minute OHLC close at 10:00 NY snapshot; option-denominated close converted to USD with snapshot ETH-PERPETUAL close,1876.420125,0.010866,1.086557,3567.76,-0.474062,-47.406212,0.033277,3.327656,-0.068331,-6.833094,true,true,
2025-03-18,10:00,14:00,1742306400000,11,ETH-21MAR25-2000-C,1877.95,9.38975,0.005,Deribit option 1-minute OHLC close at 10:00 NY snapshot; option-denominated close converted to USD with snapshot ETH-PERPETUAL close,1868.56025,-0.004189,-0.418876,3567.76,-0.476265,-47.626515,0.032279,3.227913,-0.068331,-6.833094,true,true,
2025-03-19,10:00,14:00,1742392800000,11,ETH-21MAR25-2000-C,2018,49.441,0.0245,Deribit option 1-minute OHLC close at 10:00 NY snapshot; option-denominated close converted to USD with snapshot ETH-PERPETUAL close,1968.559,0.053516,5.351647,3567.76,-0.448237,-44.823671,0.03393,3.393032,-0.068331,-6.833094,true,true,
2025-03-20,10:00,14:00,1742479200000,11,ETH-21MAR25-2000-C,1990.4,14.928,0.0075,Deribit option 1-minute OHLC close at 10:00 NY snapshot; option-denominated close converted to USD with snapshot ETH-PERPETUAL close,1975.472,0.003512,0.351171,3567.76,-0.446299,-44.629908,0.032908,3.290791,-0.068331,-6.833094,true,true,
2025-03-21,10:00,14:00,1742565600000,12,ETH-28MAR25-2050-C,1949.1,26.31285,0.0135,Deribit option 1-minute OHLC close at 10:00 NY snapshot; option-denominated close converted to USD with snapshot ETH-PERPETUAL close,1922.78715,-0.026669,-2.66695,3567.76,-0.461066,-46.106601,0.032567,3.256732,-0.068331,-6.833094,true,true,
2025-03-22,10:00,14:00,1742652000000,12,ETH-28MAR25-2050-C,1989.45,33.82065,0.017,Deribit option 1-minute OHLC close at 10:00 NY snapshot; option-denominated close converted to USD with snapshot ETH-PERPETUAL close,1955.62935,0.017081,1.708052,3567.76,-0.451861,-45.186073,0.031851,3.185117,-0.068331,-6.833094,true,true,
2025-03-23,10:00,14:00,1742738400000,12,ETH-28MAR25-2050-C,2019.2,41.3936,0.0205,Deribit option 1-minute OHLC close at 10:00 NY snapshot; option-denominated close converted to USD with snapshot ETH-PERPETUAL close,1977.8064,0.01134,1.134011,3567.76,-0.445645,-44.564477,0.031006,3.100554,-0.068331,-6.833094,true,true,
2025-03-24,10:00,14:00,1742824800000,12,ETH-28MAR25-2050-C,2082.55,69.765425,0.0335,Deribit option 1-minute OHLC close at 10:00 NY snapshot; option-denominated close converted to USD with snapshot ETH-PERPETUAL close,2012.784575,0.017685,1.768534,3567.76,-0.435841,-43.584081,0.030372,3.037151,-0.068331,-6.833094,true,true,
2025-03-25,10:00,14:00,1742911200000,12,ETH-28MAR25-2050-C,2060.75,44.306125,0.0215,Deribit option 1-minute OHLC close at 10:00 NY snapshot; option-denominated close converted to USD with snapshot ETH-PERPETUAL close,2016.443875,0.001818,0.181803,3567.76,-0.434815,-43.481516,0.02945,2.944964,-0.068331,-6.833094,true,true,
2025-03-26,10:00,14:00,1742997600000,12,ETH-28MAR25-2050-C,2031.2,21.3276,0.0105,Deribit option 1-minute OHLC close at 10:00 NY snapshot; option-denominated close converted to USD with snapshot ETH-PERPETUAL close,2009.8724,-0.003259,-0.325894,3567.76,-0.436657,-43.665706,0.028564,2.856365,-0.068331,-6.833094,true,true,
2025-03-27,10:00,14:00,1743084000000,12,ETH-28MAR25-2050-C,2007.2,5.82088,0.0029,Deribit option 1-minute OHLC close at 10:00 NY snapshot; option-denominated close converted to USD with snapshot ETH-PERPETUAL close,2001.37912,-0.004226,-0.422578,3567.76,-0.439038,-43.903763,0.027713,2.771282,-0.068331,-6.833094,true,true,
2025-03-28,10:00,14:00,1743170400000,13,,1886.85,,,,,,,3567.76,,,0.027713,2.771282,-0.068331,-6.833094,true,false,missing_observed_option_instrument; synthetic/theoretical cycle excluded from option valuation
2025-03-29,10:00,14:00,1743256800000,13,,1856.1,,,,,,,3567.76,,,0.027713,2.771282,-0.068331,-6.833094,true,false,missing_observed_option_instrument; synthetic/theoretical cycle excluded from option valuation
2025-03-30,10:00,14:00,1743343200000,13,,1805.6,,,,,,,3567.76,,,0.027713,2.771282,-0.068331,-6.833094,true,false,missing_observed_option_instrument; synthetic/theoretical cycle excluded from option valuation
2025-03-31,10:00,14:00,1743429600000,13,,1821.45,,,,,,,3567.76,,,0.027713,2.771282,-0.068331,-6.833094,true,false,missing_observed_option_instrument; synthetic/theoretical cycle excluded from option valuation
2025-04-01,10:00,14:00,1743516000000,13,,1869.9,,,,,,,3567.76,,,0.027713,2.771282,-0.068331,-6.833094,true,false,missing_observed_option_instrument; synthetic/theoretical cycle excluded from option valuation
2025-04-02,10:00,14:00,1743602400000,13,,1878.1,,,,,,,3567.76,,,0.027713,2.771282,-0.068331,-6.833094,true,false,missing_observed_option_instrument; synthetic/theoretical cycle excluded from option valuation
2025-04-03,10:00,14:00,1743688800000,13,,1781,,,,,,,3567.76,,,0.027713,2.771282,-0.068331,-6.833094,true,false,missing_observed_option_instrument; synthetic/theoretical cycle excluded from option valuation
2025-04-04,10:00,14:00,1743775200000,14,ETH-11APR25-1900-C,1803.5,32.463,0.018,Deribit option 1-minute OHLC close at 10:00 NY snapshot; option-denominated close converted to USD with snapshot ETH-PERPETUAL close,1771.037,,,3567.76,-0.5036,-50.359974,0.027713,2.771282,-0.068331,-6.833094,true,true,daily_return_not_computed_across_missing_mtm_gap
2025-04-05,10:00,14:00,1743861600000,14,ETH-11APR25-1900-C,1786.1,23.2193,0.013,Deribit option 1-minute OHLC close at 10:00 NY snapshot; option-denominated close converted to USD with snapshot ETH-PERPETUAL close,1762.8807,-0.004605,-0.460538,3567.76,-0.505886,-50.588585,0.026892,2.689225,-0.068331,-6.833094,true,true,
2025-04-06,10:00,14:00,1743948000000,14,ETH-11APR25-1900-C,1749.2,19.2412,0.011,Deribit option 1-minute OHLC close at 10:00 NY snapshot; option-denominated close converted to USD with snapshot ETH-PERPETUAL close,1729.9588,-0.018675,-1.867506,3567.76,-0.515113,-51.511346,0.026471,2.647124,-0.068331,-6.833094,true,true,
2025-04-07,10:00,14:00,1744034400000,14,ETH-11APR25-1900-C,1554.5,2.4872,0.0016,Deribit option 1-minute OHLC close at 10:00 NY snapshot; option-denominated close converted to USD with snapshot ETH-PERPETUAL close,1552.0128,-0.102861,-10.286141,3567.76,-0.56499,-56.498957,0.035965,3.596542,-0.068331,-6.833094,true,true,
2025-04-08,10:00,14:00,1744120800000,14,ETH-11APR25-1900-C,1568.7,1.41183,0.0009,Deribit option 1-minute OHLC close at 10:00 NY snapshot; option-denominated close converted to USD with snapshot ETH-PERPETUAL close,1567.28817,0.009842,0.98423,3567.76,-0.560708,-56.070807,0.034953,3.495301,-0.090889,-9.08889,true,true,
2025-04-09,10:00,14:00,1744207200000,14,ETH-11APR25-1900-C,1490.6,0.89436,0.0006,Deribit option 1-minute OHLC close at 10:00 NY snapshot; option-denominated close converted to USD with snapshot ETH-PERPETUAL close,1489.70564,-0.049501,-4.950113,3567.76,-0.582454,-58.245352,0.035992,3.599211,-0.090889,-9.08889,true,true,
2025-04-10,10:00,14:00,1744293600000,14,ETH-11APR25-1900-C,1565.45,0.31309,0.0002,Deribit option 1-minute OHLC close at 10:00 NY snapshot; option-denominated close converted to USD with snapshot ETH-PERPETUAL close,1565.13691,0.050635,5.063502,3567.76,-0.561311,-56.131104,0.037034,3.703431,-0.090889,-9.08889,true,true,
2025-04-11,10:00,14:00,1744380000000,15,ETH-18APR25-1650-C,1560.3,33.54645,0.0215,Deribit option 1-minute OHLC close at 10:00 NY snapshot; option-denominated close converted to USD with snapshot ETH-PERPETUAL close,1526.75355,-0.024524,-2.452396,3567.76,-0.572069,-57.206944,0.036405,3.640513,-0.090889,-9.08889,true,true,
2025-04-12,10:00,14:00,1744466400000,15,ETH-18APR25-1650-C,1636.15,35.9953,0.022,Deribit option 1-minute OHLC close at 10:00 NY snapshot; option-denominated close converted to USD with snapshot ETH-PERPETUAL close,1600.1547,0.048077,4.807662,3567.76,-0.551496,-55.149598,0.037209,3.72088,-0.090889,-9.08889,true,true,
2025-04-13,10:00,14:00,1744552800000,15,ETH-18APR25-1650-C,1572.65,32.239325,0.0205,Deribit option 1-minute OHLC close at 10:00 NY snapshot; option-denominated close converted to USD with snapshot ETH-PERPETUAL close,1540.410675,-0.037336,-3.733641,3567.76,-0.568242,-56.824151,0.037216,3.721647,-0.068331,-6.833094,true,true,
2025-04-14,10:00,14:00,1744639200000,15,ETH-18APR25-1650-C,1656.25,60.453125,0.0365,Deribit option 1-minute OHLC close at 10:00 NY snapshot; option-denominated close converted to USD with snapshot ETH-PERPETUAL close,1595.796875,0.035955,3.595548,3567.76,-0.552717,-55.271743,0.037142,3.714202,-0.068331,-6.833094,true,true,
2025-04-15,10:00,14:00,1744725600000,15,ETH-18APR25-1650-C,1628.95,31.764525,0.0195,Deribit option 1-minute OHLC close at 10:00 NY snapshot; option-denominated close converted to USD with snapshot ETH-PERPETUAL close,1597.185475,0.00087,0.087016,3567.76,-0.552328,-55.232822,0.036011,3.601115,-0.064216,-6.421621,true,true,
2025-04-16,10:00,14:00,1744812000000,15,ETH-18APR25-1650-C,1569.55,6.90602,0.0044,Deribit option 1-minute OHLC close at 10:00 NY snapshot; option-denominated close converted to USD with snapshot ETH-PERPETUAL close,1562.64398,-0.021626,-2.162648,3567.76,-0.56201,-56.200978,0.035314,3.53137,-0.064216,-6.421621,true,true,
2025-04-17,10:00,14:00,1744898400000,15,ETH-18APR25-1650-C,1593.05,3.50471,0.0022,Deribit option 1-minute OHLC close at 10:00 NY snapshot; option-denominated close converted to USD with snapshot ETH-PERPETUAL close,1589.54529,0.017215,1.721525,3567.76,-0.55447,-55.446967,0.034497,3.44966,-0.064216,-6.421621,true,true,
2025-04-18,10:00,14:00,1744984800000,16,ETH-25APR25-1700-C,1592.75,15.9275,0.01,Deribit option 1-minute OHLC close at 10:00 NY snapshot; option-denominated close converted to USD with snapshot ETH-PERPETUAL close,1576.8225,-0.008004,-0.800404,3567.76,-0.558036,-55.803571,0.033503,3.350311,-0.064216,-6.421621,true,true,
2025-04-19,10:00,14:00,1745071200000,16,ETH-25APR25-1700-C,1605.45,17.65995,0.011,Deribit option 1-minute OHLC close at 10:00 NY snapshot; option-denominated close converted to USD with snapshot ETH-PERPETUAL close,1587.79005,0.006955,0.695548,3567.76,-0.554962,-55.496164,0.032527,3.252713,-0.044027,-4.4027,true,true,
2025-04-20,10:00,14:00,1745157600000,16,ETH-25APR25-1700-C,1576.85,11.826375,0.0075,Deribit option 1-minute OHLC close at 10:00 NY snapshot; option-denominated close converted to USD with snapshot ETH-PERPETUAL close,1565.023625,-0.014338,-1.433844,3567.76,-0.561343,-56.13428,0.031731,3.173119,-0.044027,-4.4027,true,true,
2025-04-21,10:00,14:00,1745244000000,16,ETH-25APR25-1700-C,1609.2,13.6782,0.0085,Deribit option 1-minute OHLC close at 10:00 NY snapshot; option-denominated close converted to USD with snapshot ETH-PERPETUAL close,1595.5218,0.019487,1.948736,3567.76,-0.552795,-55.279453,0.031133,3.113265,-0.044027,-4.4027,true,true,
2025-04-22,10:00,14:00,1745330400000,16,ETH-25APR25-1700-C,1646.35,18.10985,0.011,Deribit option 1-minute OHLC close at 10:00 NY snapshot; option-denominated close converted to USD with snapshot ETH-PERPETUAL close,1628.24015,0.020506,2.050636,3567.76,-0.543624,-54.362397,0.030599,3.059931,-0.044027,-4.4027,true,true,
2025-04-23,10:00,14:00,1745416800000,16,ETH-25APR25-1700-C,1789.3,123.4617,0.069,Deribit option 1-minute OHLC close at 10:00 NY snapshot; option-denominated close converted to USD with snapshot ETH-PERPETUAL close,1665.8383,0.023091,2.309128,3567.76,-0.533086,-53.308566,0.030202,3.020151,-0.044027,-4.4027,true,true,
2025-04-24,10:00,14:00,1745503200000,16,ETH-25APR25-1700-C,1755.9,53.55495,0.0305,Deribit option 1-minute OHLC close at 10:00 NY snapshot; option-denominated close converted to USD with snapshot ETH-PERPETUAL close,1702.34505,0.021915,2.191494,3567.76,-0.522853,-52.285326,0.029769,2.976944,-0.044027,-4.4027,true,true,
2025-04-25,10:00,14:00,1745589600000,17,,1773.2,,,,,,,3567.76,,,0.029769,2.976944,-0.044027,-4.4027,true,false,missing_observed_option_instrument; synthetic/theoretical cycle excluded from option valuation
2025-04-26,10:00,14:00,1745676000000,17,,1789.3,,,,,,,3567.76,,,0.029769,2.976944,-0.044027,-4.4027,true,false,missing_observed_option_instrument; synthetic/theoretical cycle excluded from option valuation
2025-04-27,10:00,14:00,1745762400000,17,,1797.45,,,,,,,3567.76,,,0.029769,2.976944,-0.044027,-4.4027,true,false,missing_observed_option_instrument; synthetic/theoretical cycle excluded from option valuation
2025-04-28,10:00,14:00,1745848800000,17,,1783.6,,,,,,,3567.76,,,0.029769,2.976944,-0.044027,-4.4027,true,false,missing_observed_option_instrument; synthetic/theoretical cycle excluded from option valuation
2025-04-29,10:00,14:00,1745935200000,17,,1813.25,,,,,,,3567.76,,,0.029769,2.976944,-0.044027,-4.4027,true,false,missing_observed_option_instrument; synthetic/theoretical cycle excluded from option valuation
2025-04-30,10:00,14:00,1746021600000,17,,1745.95,,,,,,,3567.76,,,0.029769,2.976944,-0.044027,-4.4027,true,false,missing_observed_option_instrument; synthetic/theoretical cycle excluded from option valuation
2025-05-01,10:00,14:00,1746108000000,17,,1833.25,,,,,,,3567.76,,,0.029769,2.976944,-0.044027,-4.4027,true,false,missing_observed_option_instrument; synthetic/theoretical cycle excluded from option valuation
2025-05-02,10:00,14:00,1746194400000,18,,1836.25,,,,,,,3567.76,,,0.029769,2.976944,-0.044027,-4.4027,true,false,missing_observed_option_instrument; synthetic/theoretical cycle excluded from option valuation
2025-05-03,10:00,14:00,1746280800000,18,,1834.55,,,,,,,3567.76,,,0.029769,2.976944,-0.044027,-4.4027,true,false,missing_observed_option_instrument; synthetic/theoretical cycle excluded from option valuation
2025-05-04,10:00,14:00,1746367200000,18,,1825.1,,,,,,,3567.76,,,0.029769,2.976944,-0.044027,-4.4027,true,false,missing_observed_option_instrument; synthetic/theoretical cycle excluded from option valuation
2025-05-05,10:00,14:00,1746453600000,18,,1814.2,,,,,,,3567.76,,,0.029769,2.976944,-0.044027,-4.4027,true,false,missing_observed_option_instrument; synthetic/theoretical cycle excluded from option valuation
2025-05-06,10:00,14:00,1746540000000,18,,1761.2,,,,,,,3567.76,,,0.029769,2.976944,-0.044027,-4.4027,true,false,missing_observed_option_instrument; synthetic/theoretical cycle excluded from option valuation
2025-05-07,10:00,14:00,1746626400000,18,,1828.8,,,,,,,3567.76,,,0.029769,2.976944,-0.044027,-4.4027,true,false,missing_observed_option_instrument; synthetic/theoretical cycle excluded from option valuation
2025-05-08,10:00,14:00,1746712800000,18,,1978.85,,,,,,,3567.76,,,0.029769,2.976944,-0.044027,-4.4027,true,false,missing_observed_option_instrument; synthetic/theoretical cycle excluded from option valuation
2025-05-09,10:00,14:00,1746799200000,19,ETH-16MAY25-2500-C,2363.75,48.456875,0.0205,Deribit option 1-minute OHLC close at 10:00 NY snapshot; option-denominated close converted to USD with snapshot ETH-PERPETUAL close,2315.293125,,,3567.76,-0.351051,-35.105132,0.029769,2.976944,-0.044027,-4.4027,true,true,daily_return_not_computed_across_missing_mtm_gap
2025-05-10,10:00,14:00,1746885600000,19,ETH-16MAY25-2500-C,2440.3,67.10825,0.0275,Deribit option 1-minute OHLC close at 10:00 NY snapshot; option-denominated close converted to USD with snapshot ETH-PERPETUAL close,2373.19175,0.025007,2.500704,3567.76,-0.334823,-33.482304,0.029505,2.950538,-0.044027,-4.4027,true,true,
2025-05-11,10:00,14:00,1746972000000,19,ETH-16MAY25-2500-C,2476.5,90.39225,0.0365,Deribit option 1-minute OHLC close at 10:00 NY snapshot; option-denominated close converted to USD with snapshot ETH-PERPETUAL close,2386.10775,0.005442,0.544246,3567.76,-0.331203,-33.120284,0.028638,2.863757,-0.044027,-4.4027,true,true,
2025-05-12,10:00,14:00,1747058400000,19,ETH-16MAY25-2500-C,2555.75,112.453,0.044,Deribit option 1-minute OHLC close at 10:00 NY snapshot; option-denominated close converted to USD with snapshot ETH-PERPETUAL close,2443.297,0.023968,2.396759,3567.76,-0.315173,-31.517339,0.028379,2.837905,-0.044027,-4.4027,true,true,
2025-05-13,10:00,14:00,1747144800000,19,ETH-16MAY25-2500-C,2547.4,89.159,0.035,Deribit option 1-minute OHLC close at 10:00 NY snapshot; option-denominated close converted to USD with snapshot ETH-PERPETUAL close,2458.241,0.006116,0.611633,3567.76,-0.310985,-31.098476,0.027555,2.755527,-0.044027,-4.4027,true,true,
2025-05-14,10:00,14:00,1747231200000,19,ETH-16MAY25-2500-C,2603.3,114.5452,0.044,Deribit option 1-minute OHLC close at 10:00 NY snapshot; option-denominated close converted to USD with snapshot ETH-PERPETUAL close,2488.7548,0.012413,1.241286,3567.76,-0.302432,-30.243211,0.026888,2.688829,-0.044027,-4.4027,true,true,
2025-05-15,10:00,14:00,1747317600000,19,ETH-16MAY25-2500-C,2534.65,46.891025,0.0185,Deribit option 1-minute OHLC close at 10:00 NY snapshot; option-denominated close converted to USD with snapshot ETH-PERPETUAL close,2487.758975,-0.0004,-0.040013,3567.76,-0.302711,-30.271123,0.026069,2.606935,-0.044027,-4.4027,true,true,
2025-05-16,10:00,14:00,1747404000000,20,ETH-23MAY25-2750-C,2596.25,48.030625,0.0185,Deribit option 1-minute OHLC close at 10:00 NY snapshot; option-denominated close converted to USD with snapshot ETH-PERPETUAL close,2548.219375,0.024303,2.430316,3567.76,-0.285765,-28.576491,0.025967,2.596676,-0.044027,-4.4027,true,true,
2025-05-17,10:00,14:00,1747490400000,20,ETH-23MAY25-2750-C,2464.55,13.555025,0.0055,Deribit option 1-minute OHLC close at 10:00 NY snapshot; option-denominated close converted to USD with snapshot ETH-PERPETUAL close,2450.994975,-0.038154,-3.815386,3567.76,-0.313016,-31.301574,0.026854,2.685441,-0.044027,-4.4027,true,true,
2025-05-18,10:00,14:00,1747576800000,20,ETH-23MAY25-2750-C,2545.95,19.094625,0.0075,Deribit option 1-minute OHLC close at 10:00 NY snapshot; option-denominated close converted to USD with snapshot ETH-PERPETUAL close,2526.855375,0.030951,3.095086,3567.76,-0.291753,-29.175298,0.027118,2.711766,-0.044395,-4.439486,true,true,
2025-05-19,10:00,14:00,1747663200000,20,ETH-23MAY25-2750-C,2426.3,8.49205,0.0035,Deribit option 1-minute OHLC close at 10:00 NY snapshot; option-denominated close converted to USD with snapshot ETH-PERPETUAL close,2417.80795,-0.043155,-4.315539,3567.76,-0.322318,-32.231766,0.028337,2.833705,-0.044395,-4.439486,true,true,
2025-05-20,10:00,14:00,1747749600000,20,ETH-23MAY25-2750-C,2477.3,6.68871,0.0027,Deribit option 1-minute OHLC close at 10:00 NY snapshot; option-denominated close converted to USD with snapshot ETH-PERPETUAL close,2470.61129,0.021839,2.183934,3567.76,-0.307518,-30.751752,0.02799,2.798976,-0.046646,-4.664554,true,true,
2025-05-21,10:00,14:00,1747836000000,20,ETH-23MAY25-2750-C,2546.8,7.13104,0.0028,Deribit option 1-minute OHLC close at 10:00 NY snapshot; option-denominated close converted to USD with snapshot ETH-PERPETUAL close,2539.66896,0.027952,2.795165,3567.76,-0.288161,-28.816149,0.027987,2.798747,-0.046646,-4.664554,true,true,
2025-05-22,10:00,14:00,1747922400000,20,ETH-23MAY25-2750-C,2648.75,10.595,0.004,Deribit option 1-minute OHLC close at 10:00 NY snapshot; option-denominated close converted to USD with snapshot ETH-PERPETUAL close,2638.155,0.038779,3.877909,3567.76,-0.260557,-26.055704,0.028749,2.874943,-0.046646,-4.664554,true,true,
2025-05-23,10:00,14:00,1748008800000,21,ETH-30MAY25-2800-C,2586.95,38.80425,0.015,Deribit option 1-minute OHLC close at 10:00 NY snapshot; option-denominated close converted to USD with snapshot ETH-PERPETUAL close,2548.14575,-0.034118,-3.411826,3567.76,-0.285786,-28.578555,0.0291,2.909951,-0.040905,-4.09047,true,true,
2025-05-24,10:00,14:00,1748095200000,21,ETH-30MAY25-2800-C,2544.55,20.3564,0.008,Deribit option 1-minute OHLC close at 10:00 NY snapshot; option-denominated close converted to USD with snapshot ETH-PERPETUAL close,2524.1936,-0.0094,-0.939984,3567.76,-0.292499,-29.249905,0.028307,2.830682,-0.040905,-4.09047,true,true,
2025-05-25,10:00,14:00,1748181600000,21,ETH-30MAY25-2800-C,2508.55,13.797025,0.0055,Deribit option 1-minute OHLC close at 10:00 NY snapshot; option-denominated close converted to USD with snapshot ETH-PERPETUAL close,2494.752975,-0.011663,-1.166338,3567.76,-0.300751,-30.07509,0.027593,2.759278,-0.037786,-3.7786,true,true,
2025-05-26,10:00,14:00,1748268000000,21,ETH-30MAY25-2800-C,2548.55,11.72333,0.0046,Deribit option 1-minute OHLC close at 10:00 NY snapshot; option-denominated close converted to USD with snapshot ETH-PERPETUAL close,2536.82667,0.016865,1.686487,3567.76,-0.288958,-28.895815,0.027069,2.706927,-0.037786,-3.7786,true,true,
2025-05-27,10:00,14:00,1748354400000,21,ETH-30MAY25-2800-C,2663,26.63,0.01,Deribit option 1-minute OHLC close at 10:00 NY snapshot; option-denominated close converted to USD with snapshot ETH-PERPETUAL close,2636.37,0.039239,3.923931,3567.76,-0.261057,-26.105736,0.027949,2.794931,-0.037786,-3.7786,true,true,
2025-05-28,10:00,14:00,1748440800000,21,ETH-30MAY25-2800-C,2657.05,15.9423,0.006,Deribit option 1-minute OHLC close at 10:00 NY snapshot; option-denominated close converted to USD with snapshot ETH-PERPETUAL close,2641.1077,0.001797,0.179705,3567.76,-0.259729,-25.972944,0.027101,2.710143,-0.037786,-3.7786,true,true,
2025-05-29,10:00,14:00,1748527200000,21,ETH-30MAY25-2800-C,2663.3,4.52761,0.0017,Deribit option 1-minute OHLC close at 10:00 NY snapshot; option-denominated close converted to USD with snapshot ETH-PERPETUAL close,2658.77239,0.006688,0.668836,3567.76,-0.254778,-25.477824,0.026327,2.632684,-0.036338,-3.633784,true,true,
2025-05-30,10:00,14:00,1748613600000,22,,2583.5,,,,,,,3567.76,,,0.026327,2.632684,-0.036338,-3.633784,true,false,missing_observed_option_instrument; synthetic/theoretical cycle excluded from option valuation
2025-05-31,10:00,14:00,1748700000000,22,,2532.75,,,,,,,3567.76,,,0.026327,2.632684,-0.036338,-3.633784,true,false,missing_observed_option_instrument; synthetic/theoretical cycle excluded from option valuation
2025-06-01,10:00,14:00,1748786400000,22,,2496.15,,,,,,,3567.76,,,0.026327,2.632684,-0.036338,-3.633784,true,false,missing_observed_option_instrument; synthetic/theoretical cycle excluded from option valuation
2025-06-02,10:00,14:00,1748872800000,22,,2498.5,,,,,,,3567.76,,,0.026327,2.632684,-0.036338,-3.633784,true,false,missing_observed_option_instrument; synthetic/theoretical cycle excluded from option valuation
2025-06-03,10:00,14:00,1748959200000,22,,2631.65,,,,,,,3567.76,,,0.026327,2.632684,-0.036338,-3.633784,true,false,missing_observed_option_instrument; synthetic/theoretical cycle excluded from option valuation
2025-06-04,10:00,14:00,1749045600000,22,,2609.5,,,,,,,3567.76,,,0.026327,2.632684,-0.036338,-3.633784,true,false,missing_observed_option_instrument; synthetic/theoretical cycle excluded from option valuation
2025-06-05,10:00,14:00,1749132000000,22,,2593.45,,,,,,,3567.76,,,0.026327,2.632684,-0.036338,-3.633784,true,false,missing_observed_option_instrument; synthetic/theoretical cycle excluded from option valuation
2025-06-06,10:00,14:00,1749218400000,23,ETH-13JUN25-2600-C,2502.95,50.059,0.02,Deribit option 1-minute OHLC close at 10:00 NY snapshot; option-denominated close converted to USD with snapshot ETH-PERPETUAL close,2452.891,,,3567.76,-0.312484,-31.24843,0.026327,2.632684,-0.036338,-3.633784,true,true,daily_return_not_computed_across_missing_mtm_gap
2025-06-07,10:00,14:00,1749304800000,23,ETH-13JUN25-2600-C,2509.55,36.388475,0.0145,Deribit option 1-minute OHLC close at 10:00 NY snapshot; option-denominated close converted to USD with snapshot ETH-PERPETUAL close,2473.161525,0.008264,0.826393,3567.76,-0.306803,-30.680272,0.025605,2.560496,-0.036338,-3.633784,true,true,
2025-06-08,10:00,14:00,1749391200000,23,ETH-13JUN25-2600-C,2509,37.635,0.015,Deribit option 1-minute OHLC close at 10:00 NY snapshot; option-denominated close converted to USD with snapshot ETH-PERPETUAL close,2471.365,-0.000726,-0.072641,3567.76,-0.307306,-30.730626,0.024826,2.482557,-0.036338,-3.633784,true,true,
2025-06-09,10:00,14:00,1749477600000,23,ETH-13JUN25-2600-C,2522.25,32.78925,0.013,Deribit option 1-minute OHLC close at 10:00 NY snapshot; option-denominated close converted to USD with snapshot ETH-PERPETUAL close,2489.46075,0.007322,0.732217,3567.76,-0.302234,-30.223425,0.024136,2.413601,-0.036338,-3.633784,true,true,
2025-06-10,10:00,14:00,1749564000000,23,ETH-13JUN25-2600-C,2744.25,177.004125,0.0645,Deribit option 1-minute OHLC close at 10:00 NY snapshot; option-denominated close converted to USD with snapshot ETH-PERPETUAL close,2567.245875,0.031246,3.124577,3567.76,-0.280432,-28.043201,0.024621,2.462056,-0.036338,-3.633784,true,true,
2025-06-11,10:00,14:00,1749650400000,23,ETH-13JUN25-2600-C,2801,190.468,0.068,Deribit option 1-minute OHLC close at 10:00 NY snapshot; option-denominated close converted to USD with snapshot ETH-PERPETUAL close,2610.532,0.016861,1.686092,3567.76,-0.268299,-26.829944,0.024225,2.422518,-0.036338,-3.633784,true,true,
2025-06-12,10:00,14:00,1749736800000,23,ETH-13JUN25-2600-C,2751.75,148.5945,0.054,Deribit option 1-minute OHLC close at 10:00 NY snapshot; option-denominated close converted to USD with snapshot ETH-PERPETUAL close,2603.1555,-0.002826,-0.282567,3567.76,-0.270367,-27.036698,0.023497,2.349738,-0.036338,-3.633784,true,true,
2025-06-13,10:00,14:00,1749823200000,24,ETH-20JUN25-2650-C,2548.55,63.71375,0.025,Deribit option 1-minute OHLC close at 10:00 NY snapshot; option-denominated close converted to USD with snapshot ETH-PERPETUAL close,2484.83625,-0.045452,-4.545224,3567.76,-0.30353,-30.353044,0.025357,2.535653,-0.036338,-3.633784,true,true,
2025-06-14,10:00,14:00,1749909600000,24,ETH-20JUN25-2650-C,2536,46.916,0.0185,Deribit option 1-minute OHLC close at 10:00 NY snapshot; option-denominated close converted to USD with snapshot ETH-PERPETUAL close,2489.084,0.001709,0.170947,3567.76,-0.30234,-30.233984,0.024588,2.458763,-0.040905,-4.09047,true,true,
2025-06-15,10:00,14:00,1749996000000,24,ETH-20JUN25-2650-C,2543.25,40.692,0.016,Deribit option 1-minute OHLC close at 10:00 NY snapshot; option-denominated close converted to USD with snapshot ETH-PERPETUAL close,2502.558,0.005413,0.541324,3567.76,-0.298563,-29.856324,0.023875,2.387544,-0.040905,-4.09047,true,true,
2025-06-16,10:00,14:00,1750082400000,24,ETH-20JUN25-2650-C,2641.9,75.29415,0.0285,Deribit option 1-minute OHLC close at 10:00 NY snapshot; option-denominated close converted to USD with snapshot ETH-PERPETUAL close,2566.60585,0.025593,2.559295,3567.76,-0.280611,-28.061141,0.023982,2.398196,-0.040905,-4.09047,true,true,
2025-06-17,10:00,14:00,1750168800000,24,ETH-20JUN25-2650-C,2554.8,28.1028,0.011,Deribit option 1-minute OHLC close at 10:00 NY snapshot; option-denominated close converted to USD with snapshot ETH-PERPETUAL close,2526.6972,-0.015549,-1.554919,3567.76,-0.291797,-29.179732,0.023561,2.356126,-0.040905,-4.09047,true,true,
2025-06-18,10:00,14:00,1750255200000,24,ETH-20JUN25-2650-C,2498.8,9.49544,0.0038,Deribit option 1-minute OHLC close at 10:00 NY snapshot; option-denominated close converted to USD with snapshot ETH-PERPETUAL close,2489.30456,-0.014799,-1.479902,3567.76,-0.302278,-30.227802,0.023129,2.312933,-0.040905,-4.09047,true,true,
2025-06-19,10:00,14:00,1750341600000,24,ETH-20JUN25-2650-C,2511.2,1.00448,0.0004,Deribit option 1-minute OHLC close at 10:00 NY snapshot; option-denominated close converted to USD with snapshot ETH-PERPETUAL close,2510.19552,0.008392,0.839229,3567.76,-0.296423,-29.642254,0.022519,2.251874,-0.040905,-4.09047,true,true,
2025-06-20,10:00,14:00,1750428000000,25,ETH-27JUN25-2700-C,2533.25,32.93225,0.013,Deribit option 1-minute OHLC close at 10:00 NY snapshot; option-denominated close converted to USD with snapshot ETH-PERPETUAL close,2500.31775,-0.003935,-0.393506,3567.76,-0.299191,-29.919116,0.021854,2.1854,-0.040905,-4.09047,true,true,
2025-06-21,10:00,14:00,1750514400000,25,ETH-27JUN25-2700-C,2421.45,12.10725,0.005,Deribit option 1-minute OHLC close at 10:00 NY snapshot; option-denominated close converted to USD with snapshot ETH-PERPETUAL close,2409.34275,-0.036385,-3.638538,3567.76,-0.32469,-32.469035,0.022986,2.298641,-0.040905,-4.09047,true,true,
2025-06-22,10:00,14:00,1750600800000,25,ETH-27JUN25-2700-C,2199.85,4.3997,0.002,Deribit option 1-minute OHLC close at 10:00 NY snapshot; option-denominated close converted to USD with snapshot ETH-PERPETUAL close,2195.4503,-0.088776,-8.877626,3567.76,-0.384642,-38.464182,0.031138,3.113753,-0.040905,-4.09047,true,true,
2025-06-23,10:00,14:00,1750687200000,25,ETH-27JUN25-2700-C,2302.6,2.99338,0.0013,Deribit option 1-minute OHLC close at 10:00 NY snapshot; option-denominated close converted to USD with snapshot ETH-PERPETUAL close,2299.60662,0.047442,4.744189,3567.76,-0.355448,-35.544806,0.032348,3.234837,-0.044419,-4.441866,true,true,
2025-06-24,10:00,14:00,1750773600000,25,ETH-27JUN25-2700-C,2423.9,4.12063,0.0017,Deribit option 1-minute OHLC close at 10:00 NY snapshot; option-denominated close converted to USD with snapshot ETH-PERPETUAL close,2419.77937,0.052258,5.225796,3567.76,-0.321765,-32.176509,0.033875,3.387456,-0.044419,-4.441866,true,true,
2025-06-25,10:00,14:00,1750860000000,25,ETH-27JUN25-2700-C,2433.5,1.70345,0.0007,Deribit option 1-minute OHLC close at 10:00 NY snapshot; option-denominated close converted to USD with snapshot ETH-PERPETUAL close,2431.79655,0.004966,0.496623,3567.76,-0.318397,-31.839682,0.032865,3.286513,-0.044419,-4.441866,true,true,
2025-06-26,10:00,14:00,1750946400000,25,ETH-27JUN25-2700-C,2434.5,0.24345,0.0001,Deribit option 1-minute OHLC close at 10:00 NY snapshot; option-denominated close converted to USD with snapshot ETH-PERPETUAL close,2434.25655,0.001012,0.10116,3567.76,-0.317707,-31.770731,0.031865,3.186489,-0.044419,-4.441866,true,true,
2025-06-27,10:00,14:00,1751032800000,26,,2428.5,,,,,,,3567.76,,,0.031865,3.186489,-0.044419,-4.441866,true,false,missing_observed_option_instrument; synthetic/theoretical cycle excluded from option valuation
2025-06-28,10:00,14:00,1751119200000,26,,2423.55,,,,,,,3567.76,,,0.031865,3.186489,-0.044419,-4.441866,true,false,missing_observed_option_instrument; synthetic/theoretical cycle excluded from option valuation
2025-06-29,10:00,14:00,1751205600000,26,,2448.05,,,,,,,3567.76,,,0.031865,3.186489,-0.044419,-4.441866,true,false,missing_observed_option_instrument; synthetic/theoretical cycle excluded from option valuation
2025-06-30,10:00,14:00,1751292000000,26,,2462.8,,,,,,,3567.76,,,0.031865,3.186489,-0.044419,-4.441866,true,false,missing_observed_option_instrument; synthetic/theoretical cycle excluded from option valuation
2025-07-01,10:00,14:00,1751378400000,26,,2445.1,,,,,,,3567.76,,,0.031865,3.186489,-0.044419,-4.441866,true,false,missing_observed_option_instrument; synthetic/theoretical cycle excluded from option valuation
2025-07-02,10:00,14:00,1751464800000,26,,2453.6,,,,,,,3567.76,,,0.031865,3.186489,-0.044419,-4.441866,true,false,missing_observed_option_instrument; synthetic/theoretical cycle excluded from option valuation
2025-07-03,10:00,14:00,1751551200000,26,,2629.55,,,,,,,3567.76,,,0.031865,3.186489,-0.044419,-4.441866,true,false,missing_observed_option_instrument; synthetic/theoretical cycle excluded from option valuation
2025-07-04,10:00,14:00,1751637600000,27,ETH-11JUL25-2650-C,2526.95,31.586875,0.0125,Deribit option 1-minute OHLC close at 10:00 NY snapshot; option-denominated close converted to USD with snapshot ETH-PERPETUAL close,2495.363125,,,3567.76,-0.30058,-30.057988,0.031865,3.186489,-0.044419,-4.441866,true,true,daily_return_not_computed_across_missing_mtm_gap
2025-07-05,10:00,14:00,1751724000000,27,ETH-11JUL25-2650-C,2515.65,25.1565,0.01,Deribit option 1-minute OHLC close at 10:00 NY snapshot; option-denominated close converted to USD with snapshot ETH-PERPETUAL close,2490.4935,-0.001951,-0.195147,3567.76,-0.301945,-30.194478,0.030898,3.089785,-0.041372,-4.137215,true,true,
2025-07-06,10:00,14:00,1751810400000,27,ETH-11JUL25-2650-C,2563.45,37.170025,0.0145,Deribit option 1-minute OHLC close at 10:00 NY snapshot; option-denominated close converted to USD with snapshot ETH-PERPETUAL close,2526.279975,0.014369,1.436923,3567.76,-0.291914,-29.191426,0.030163,3.016264,-0.041372,-4.137215,true,true,
2025-07-07,10:00,14:00,1751896800000,27,ETH-11JUL25-2650-C,2564.5,30.774,0.012,Deribit option 1-minute OHLC close at 10:00 NY snapshot; option-denominated close converted to USD with snapshot ETH-PERPETUAL close,2533.726,0.002947,0.294743,3567.76,-0.289827,-28.982723,0.029253,2.925268,-0.041372,-4.137215,true,true,
2025-07-08,10:00,14:00,1751983200000,27,ETH-11JUL25-2650-C,2590.5,28.4955,0.011,Deribit option 1-minute OHLC close at 10:00 NY snapshot; option-denominated close converted to USD with snapshot ETH-PERPETUAL close,2562.0045,0.011161,1.116084,3567.76,-0.281901,-28.190111,0.028493,2.849298,-0.041372,-4.137215,true,true,
2025-07-09,10:00,14:00,1752069600000,27,ETH-11JUL25-2650-C,2654.95,49.116575,0.0185,Deribit option 1-minute OHLC close at 10:00 NY snapshot; option-denominated close converted to USD with snapshot ETH-PERPETUAL close,2605.833425,0.017107,1.710728,3567.76,-0.269616,-26.961639,0.027941,2.794098,-0.041372,-4.137215,true,true,
2025-07-10,10:00,14:00,1752156000000,27,ETH-11JUL25-2650-C,2782.35,133.5528,0.048,Deribit option 1-minute OHLC close at 10:00 NY snapshot; option-denominated close converted to USD with snapshot ETH-PERPETUAL close,2648.7972,0.016488,1.648754,3567.76,-0.257574,-25.757416,0.027389,2.738917,-0.041372,-4.137215,true,true,
2025-07-11,10:00,14:00,1752242400000,28,ETH-18JUL25-3100-C,3004.15,67.593375,0.0225,Deribit option 1-minute OHLC close at 10:00 NY snapshot; option-denominated close converted to USD with snapshot ETH-PERPETUAL close,2936.556625,0.108638,10.863777,3567.76,-0.176919,-17.691868,0.037594,3.759371,-0.041372,-4.137215,true,true,
2025-07-12,10:00,14:00,1752328800000,28,ETH-18JUL25-3100-C,2940.25,44.10375,0.015,Deribit option 1-minute OHLC close at 10:00 NY snapshot; option-denominated close converted to USD with snapshot ETH-PERPETUAL close,2896.14625,-0.013761,-1.376114,3567.76,-0.188245,-18.824522,0.036604,3.660398,-0.041372,-4.137215,true,true,
2025-07-13,10:00,14:00,1752415200000,28,ETH-18JUL25-3100-C,2992.6,58.3557,0.0195,Deribit option 1-minute OHLC close at 10:00 NY snapshot; option-denominated close converted to USD with snapshot ETH-PERPETUAL close,2934.2443,0.013155,1.315474,3567.76,-0.177567,-17.756679,0.035635,3.563486,-0.041372,-4.137215,true,true,
2025-07-14,10:00,14:00,1752501600000,28,ETH-18JUL25-3100-C,3057,65.7255,0.0215,Deribit option 1-minute OHLC close at 10:00 NY snapshot; option-denominated close converted to USD with snapshot ETH-PERPETUAL close,2991.2745,0.019436,1.943608,3567.76,-0.161582,-16.158192,0.034876,3.487576,-0.041372,-4.137215,true,true,
2025-07-15,10:00,14:00,1752588000000,28,ETH-18JUL25-3100-C,3049.8,51.8466,0.017,Deribit option 1-minute OHLC close at 10:00 NY snapshot; option-denominated close converted to USD with snapshot ETH-PERPETUAL close,2997.9534,0.002233,0.223279,3567.76,-0.15971,-15.97099,0.033818,3.381772,-0.041372,-4.137215,true,true,
2025-07-16,10:00,14:00,1752674400000,28,ETH-18JUL25-3100-C,3198.75,124.75125,0.039,Deribit option 1-minute OHLC close at 10:00 NY snapshot; option-denominated close converted to USD with snapshot ETH-PERPETUAL close,3073.99875,0.025366,2.536575,3567.76,-0.138395,-13.839531,0.033371,3.337103,-0.041372,-4.137215,true,true,
2025-07-17,10:00,14:00,1752760800000,28,ETH-18JUL25-3100-C,3405.25,343.93025,0.101,Deribit option 1-minute OHLC close at 10:00 NY snapshot; option-denominated close converted to USD with snapshot ETH-PERPETUAL close,3061.31975,-0.004125,-0.41246,3567.76,-0.141949,-14.194908,0.03237,3.237018,-0.041372,-4.137215,true,true,
2025-07-18,10:00,14:00,1752847200000,29,ETH-25JUL25-3800-C,3642.25,80.1295,0.022,Deribit option 1-minute OHLC close at 10:00 NY snapshot; option-denominated close converted to USD with snapshot ETH-PERPETUAL close,3562.1205,0.16359,16.358982,3567.76,-0.001581,-0.158068,0.050898,5.089849,-0.041372,-4.137215,true,true,
2025-07-19,10:00,14:00,1752933600000,29,ETH-25JUL25-3800-C,3558.7,40.92505,0.0115,Deribit option 1-minute OHLC close at 10:00 NY snapshot; option-denominated close converted to USD with snapshot ETH-PERPETUAL close,3517.77495,-0.012449,-1.24492,3567.76,-0.01401,-1.401021,0.049442,4.944205,-0.041372,-4.137215,true,true,
2025-07-20,10:00,14:00,1753020000000,29,ETH-25JUL25-3800-C,3752.45,116.32595,0.031,Deribit option 1-minute OHLC close at 10:00 NY snapshot; option-denominated close converted to USD with snapshot ETH-PERPETUAL close,3636.12405,0.033643,3.364317,3636.12405,0,0,0.048639,4.863905,-0.041372,-4.137215,true,true,
2025-07-21,10:00,14:00,1753106400000,29,ETH-25JUL25-3800-C,3826.6,114.798,0.03,Deribit option 1-minute OHLC close at 10:00 NY snapshot; option-denominated close converted to USD with snapshot ETH-PERPETUAL close,3711.802,0.020813,2.081281,3711.802,0,0,0.047432,4.743208,-0.041372,-4.137215,true,true,
2025-07-22,10:00,14:00,1753192800000,29,ETH-25JUL25-3800-C,3646.25,34.639375,0.0095,Deribit option 1-minute OHLC close at 10:00 NY snapshot; option-denominated close converted to USD with snapshot ETH-PERPETUAL close,3611.610625,-0.026993,-2.699265,3711.802,-0.026993,-2.699265,0.04646,4.645998,-0.027009,-2.700909,true,true,
2025-07-23,10:00,14:00,1753279200000,29,ETH-25JUL25-3800-C,3592.15,12.572525,0.0035,Deribit option 1-minute OHLC close at 10:00 NY snapshot; option-denominated close converted to USD with snapshot ETH-PERPETUAL close,3579.577475,-0.008869,-0.886949,3711.802,-0.035623,-3.562273,0.045097,4.509699,-0.032159,-3.215865,true,true,
2025-07-24,10:00,14:00,1753365600000,29,ETH-25JUL25-3800-C,3627.7,4.35324,0.0012,Deribit option 1-minute OHLC close at 10:00 NY snapshot; option-denominated close converted to USD with snapshot ETH-PERPETUAL close,3623.34676,0.012228,1.22275,3711.802,-0.023831,-2.383081,0.043826,4.382562,-0.032159,-3.215865,true,true,
2025-07-25,10:00,14:00,1753452000000,30,,3708.2,,,,,,,3711.802,,,0.043826,4.382562,-0.032159,-3.215865,true,false,missing_observed_option_instrument; synthetic/theoretical cycle excluded from option valuation
2025-07-26,10:00,14:00,1753538400000,30,,3747,,,,,,,3711.802,,,0.043826,4.382562,-0.032159,-3.215865,true,false,missing_observed_option_instrument; synthetic/theoretical cycle excluded from option valuation
2025-07-27,10:00,14:00,1753624800000,30,,3814.15,,,,,,,3711.802,,,0.043826,4.382562,-0.032159,-3.215865,true,false,missing_observed_option_instrument; synthetic/theoretical cycle excluded from option valuation
2025-07-28,10:00,14:00,1753711200000,30,,3843.55,,,,,,,3711.802,,,0.043826,4.382562,-0.032159,-3.215865,true,false,missing_observed_option_instrument; synthetic/theoretical cycle excluded from option valuation
2025-07-29,10:00,14:00,1753797600000,30,,3833.4,,,,,,,3711.802,,,0.043826,4.382562,-0.032159,-3.215865,true,false,missing_observed_option_instrument; synthetic/theoretical cycle excluded from option valuation
2025-07-30,10:00,14:00,1753884000000,30,,3764.25,,,,,,,3711.802,,,0.043826,4.382562,-0.032159,-3.215865,true,false,missing_observed_option_instrument; synthetic/theoretical cycle excluded from option valuation
2025-07-31,10:00,14:00,1753970400000,30,,3810.8,,,,,,,3711.802,,,0.043826,4.382562,-0.032159,-3.215865,true,false,missing_observed_option_instrument; synthetic/theoretical cycle excluded from option valuation
2025-08-01,10:00,14:00,1754056800000,31,,3592.55,,,,,,,3711.802,,,0.043826,4.382562,-0.032159,-3.215865,true,false,missing_observed_option_instrument; synthetic/theoretical cycle excluded from option valuation
2025-08-02,10:00,14:00,1754143200000,31,,3507.35,,,,,,,3711.802,,,0.043826,4.382562,-0.032159,-3.215865,true,false,missing_observed_option_instrument; synthetic/theoretical cycle excluded from option valuation
2025-08-03,10:00,14:00,1754229600000,31,,3492.6,,,,,,,3711.802,,,0.043826,4.382562,-0.032159,-3.215865,true,false,missing_observed_option_instrument; synthetic/theoretical cycle excluded from option valuation
2025-08-04,10:00,14:00,1754316000000,31,,3621.75,,,,,,,3711.802,,,0.043826,4.382562,-0.032159,-3.215865,true,false,missing_observed_option_instrument; synthetic/theoretical cycle excluded from option valuation
2025-08-05,10:00,14:00,1754402400000,31,,3645.25,,,,,,,3711.802,,,0.043826,4.382562,-0.032159,-3.215865,true,false,missing_observed_option_instrument; synthetic/theoretical cycle excluded from option valuation
2025-08-06,10:00,14:00,1754488800000,31,,3607.45,,,,,,,3711.802,,,0.043826,4.382562,-0.032159,-3.215865,true,false,missing_observed_option_instrument; synthetic/theoretical cycle excluded from option valuation
2025-08-07,10:00,14:00,1754575200000,31,,3857.8,,,,,,,3711.802,,,0.043826,4.382562,-0.032159,-3.215865,true,false,missing_observed_option_instrument; synthetic/theoretical cycle excluded from option valuation
2025-08-08,10:00,14:00,1754661600000,32,ETH-15AUG25-4100-C,4000.5,96.012,0.024,Deribit option 1-minute OHLC close at 10:00 NY snapshot; option-denominated close converted to USD with snapshot ETH-PERPETUAL close,3904.488,,,3904.488,0,0,0.043826,4.382562,-0.032159,-3.215865,true,true,daily_return_not_computed_across_missing_mtm_gap
2025-08-09,10:00,14:00,1754748000000,32,ETH-15AUG25-4100-C,4165.5,179.1165,0.043,Deribit option 1-minute OHLC close at 10:00 NY snapshot; option-denominated close converted to USD with snapshot ETH-PERPETUAL close,3986.3835,0.020975,2.097471,3986.3835,0,0,0.0428,4.28,-0.032159,-3.215865,true,true,
2025-08-10,10:00,14:00,1754834400000,32,ETH-15AUG25-4100-C,4168.5,187.5825,0.045,Deribit option 1-minute OHLC close at 10:00 NY snapshot; option-denominated close converted to USD with snapshot ETH-PERPETUAL close,3980.9175,-0.001371,-0.137117,3986.3835,-0.001371,-0.137117,0.041497,4.14975,-0.032159,-3.215865,true,true,
2025-08-11,10:00,14:00,1754920800000,32,ETH-15AUG25-4100-C,4288.65,235.87575,0.055,Deribit option 1-minute OHLC close at 10:00 NY snapshot; option-denominated close converted to USD with snapshot ETH-PERPETUAL close,4052.77425,0.01805,1.80503,4052.77425,0,0,0.040476,4.047553,-0.032159,-3.215865,true,true,
2025-08-12,10:00,14:00,1755007200000,32,ETH-15AUG25-4100-C,4379.25,295.599375,0.0675,Deribit option 1-minute OHLC close at 10:00 NY snapshot; option-denominated close converted to USD with snapshot ETH-PERPETUAL close,4083.650625,0.007619,0.761858,4083.650625,0,0,0.039287,3.928683,-0.032159,-3.215865,true,true,
2025-08-13,10:00,14:00,1755093600000,32,ETH-15AUG25-4100-C,4678.55,612.89005,0.131,Deribit option 1-minute OHLC close at 10:00 NY snapshot; option-denominated close converted to USD with snapshot ETH-PERPETUAL close,4065.65995,-0.004406,-0.440554,4083.650625,-0.004406,-0.440554,0.038105,3.810528,-0.032159,-3.215865,true,true,
2025-08-14,10:00,14:00,1755180000000,32,ETH-15AUG25-4100-C,4614.75,452.2455,0.098,Deribit option 1-minute OHLC close at 10:00 NY snapshot; option-denominated close converted to USD with snapshot ETH-PERPETUAL close,4162.5045,0.02382,2.382013,4162.5045,0,0,0.037402,3.740235,-0.021038,-2.103847,true,true,
2025-08-15,10:00,14:00,1755266400000,33,ETH-22AUG25-4900-C,4526.95,54.3234,0.012,Deribit option 1-minute OHLC close at 10:00 NY snapshot; option-denominated close converted to USD with snapshot ETH-PERPETUAL close,4472.6266,0.074504,7.450373,4472.6266,0,0,0.040596,4.059615,-0.013171,-1.317077,true,true,
2025-08-16,10:00,14:00,1755352800000,33,ETH-22AUG25-4900-C,4391,24.1505,0.0055,Deribit option 1-minute OHLC close at 10:00 NY snapshot; option-denominated close converted to USD with snapshot ETH-PERPETUAL close,4366.8495,-0.02365,-2.364988,4472.6266,-0.02365,-2.364988,0.039783,3.978346,-0.013171,-1.317077,true,true,
2025-08-17,10:00,14:00,1755439200000,33,ETH-22AUG25-4900-C,4536.65,31.75655,0.007,Deribit option 1-minute OHLC close at 10:00 NY snapshot; option-denominated close converted to USD with snapshot ETH-PERPETUAL close,4504.89345,0.031612,3.161179,4504.89345,0,0,0.039341,3.934106,-0.0192,-1.919995,true,true,
2025-08-18,10:00,14:00,1755525600000,33,ETH-22AUG25-4900-C,4286.5,8.573,0.002,Deribit option 1-minute OHLC close at 10:00 NY snapshot; option-denominated close converted to USD with snapshot ETH-PERPETUAL close,4277.927,-0.050382,-5.03822,4504.89345,-0.050382,-5.03822,0.040089,4.008937,-0.0192,-1.919995,true,true,
2025-08-19,10:00,14:00,1755612000000,33,ETH-22AUG25-4900-C,4291,2.1455,0.0005,Deribit option 1-minute OHLC close at 10:00 NY snapshot; option-denominated close converted to USD with snapshot ETH-PERPETUAL close,4288.8545,0.002554,0.255439,4504.89345,-0.047957,-4.795651,0.038873,3.887312,-0.025488,-2.548841,true,true,
2025-08-20,10:00,14:00,1755698400000,33,ETH-22AUG25-4900-C,4147.85,1.65914,0.0004,Deribit option 1-minute OHLC close at 10:00 NY snapshot; option-denominated close converted to USD with snapshot ETH-PERPETUAL close,4146.19086,-0.033264,-3.326381,4504.89345,-0.079625,-7.96251,0.03856,3.855958,-0.025488,-2.548841,true,true,
2025-08-21,10:00,14:00,1755784800000,33,ETH-22AUG25-4900-C,4270.2,1.28106,0.0003,Deribit option 1-minute OHLC close at 10:00 NY snapshot; option-denominated close converted to USD with snapshot ETH-PERPETUAL close,4268.91894,0.0296,2.96002,4504.89345,-0.052382,-5.238182,0.038082,3.808151,-0.030442,-3.044179,true,true,
2025-08-22,10:00,14:00,1755871200000,34,ETH-29AUG25-4550-C,4388.55,72.411075,0.0165,Deribit option 1-minute OHLC close at 10:00 NY snapshot; option-denominated close converted to USD with snapshot ETH-PERPETUAL close,4316.138925,0.011061,1.106134,4504.89345,-0.0419,-4.189989,0.037021,3.702067,-0.030442,-3.044179,true,true,
2025-08-23,10:00,14:00,1755957600000,34,ETH-29AUG25-4550-C,4715.25,311.2065,0.066,Deribit option 1-minute OHLC close at 10:00 NY snapshot; option-denominated close converted to USD with snapshot ETH-PERPETUAL close,4404.0435,0.020366,2.036648,4504.89345,-0.022387,-2.238676,0.036238,3.623791,-0.030442,-3.044179,true,true,
2025-08-24,10:00,14:00,1756044000000,34,ETH-29AUG25-4550-C,4770.5,274.30375,0.0575,Deribit option 1-minute OHLC close at 10:00 NY snapshot; option-denominated close converted to USD with snapshot ETH-PERPETUAL close,4496.19625,0.020925,2.092458,4504.89345,-0.001931,-0.193061,0.035506,3.550585,-0.030442,-3.044179,true,true,
2025-08-25,10:00,14:00,1756130400000,34,ETH-29AUG25-4550-C,4625.5,164.20525,0.0355,Deribit option 1-minute OHLC close at 10:00 NY snapshot; option-denominated close converted to USD with snapshot ETH-PERPETUAL close,4461.29475,-0.007762,-0.776245,4504.89345,-0.009678,-0.967808,0.034477,3.447667,-0.030442,-3.044179,true,true,
2025-08-26,10:00,14:00,1756216800000,34,ETH-29AUG25-4550-C,4485.15,85.21785,0.019,Deribit option 1-minute OHLC close at 10:00 NY snapshot; option-denominated close converted to USD with snapshot ETH-PERPETUAL close,4399.93215,-0.013754,-1.375444,4504.89345,-0.023299,-2.32994,0.033596,3.359573,-0.030442,-3.044179,true,true,
2025-08-27,10:00,14:00,1756303200000,34,ETH-29AUG25-4550-C,4600,121.9,0.0265,Deribit option 1-minute OHLC close at 10:00 NY snapshot; option-denominated close converted to USD with snapshot ETH-PERPETUAL close,4478.1,0.017766,1.776569,4504.89345,-0.005948,-0.594763,0.032862,3.286168,-0.030442,-3.044179,true,true,
2025-08-28,10:00,14:00,1756389600000,34,ETH-29AUG25-4550-C,4568.75,61.678125,0.0135,Deribit option 1-minute OHLC close at 10:00 NY snapshot; option-denominated close converted to USD with snapshot ETH-PERPETUAL close,4507.071875,0.00647,0.646968,4507.071875,0,0,0.0319,3.189997,-0.030442,-3.044179,true,true,
2025-08-29,10:00,14:00,1756476000000,35,,4349.85,,,,,,,4507.071875,,,0.0319,3.189997,-0.030442,-3.044179,true,false,missing_observed_option_instrument; synthetic/theoretical cycle excluded from option valuation
2025-08-30,10:00,14:00,1756562400000,35,,4359.75,,,,,,,4507.071875,,,0.0319,3.189997,-0.030442,-3.044179,true,false,missing_observed_option_instrument; synthetic/theoretical cycle excluded from option valuation
2025-08-31,10:00,14:00,1756648800000,35,,4473,,,,,,,4507.071875,,,0.0319,3.189997,-0.030442,-3.044179,true,false,missing_observed_option_instrument; synthetic/theoretical cycle excluded from option valuation
2025-09-01,10:00,14:00,1756735200000,35,,4394,,,,,,,4507.071875,,,0.0319,3.189997,-0.030442,-3.044179,true,false,missing_observed_option_instrument; synthetic/theoretical cycle excluded from option valuation
2025-09-02,10:00,14:00,1756821600000,35,,4384.6,,,,,,,4507.071875,,,0.0319,3.189997,-0.030442,-3.044179,true,false,missing_observed_option_instrument; synthetic/theoretical cycle excluded from option valuation
2025-09-03,10:00,14:00,1756908000000,35,,4432.95,,,,,,,4507.071875,,,0.0319,3.189997,-0.030442,-3.044179,true,false,missing_observed_option_instrument; synthetic/theoretical cycle excluded from option valuation
2025-09-04,10:00,14:00,1756994400000,35,,4380.85,,,,,,,4507.071875,,,0.0319,3.189997,-0.030442,-3.044179,true,false,missing_observed_option_instrument; synthetic/theoretical cycle excluded from option valuation
2025-09-05,10:00,14:00,1757080800000,36,ETH-12SEP25-4650-C,4433,77.5775,0.0175,Deribit option 1-minute OHLC close at 10:00 NY snapshot; option-denominated close converted to USD with snapshot ETH-PERPETUAL close,4355.4225,,,4507.071875,-0.033647,-3.364698,0.0319,3.189997,-0.030442,-3.044179,true,true,daily_return_not_computed_across_missing_mtm_gap
2025-09-06,10:00,14:00,1757167200000,36,ETH-12SEP25-4650-C,4292.25,27.899625,0.0065,Deribit option 1-minute OHLC close at 10:00 NY snapshot; option-denominated close converted to USD with snapshot ETH-PERPETUAL close,4264.350375,-0.02091,-2.091006,4507.071875,-0.053853,-5.385348,0.031349,3.134941,-0.030442,-3.044179,true,true,
2025-09-07,10:00,14:00,1757253600000,36,ETH-12SEP25-4650-C,4304.6,21.523,0.005,Deribit option 1-minute OHLC close at 10:00 NY snapshot; option-denominated close converted to USD with snapshot ETH-PERPETUAL close,4283.077,0.004391,0.439144,4507.071875,-0.049699,-4.969854,0.030413,3.041341,-0.030442,-3.044179,true,true,
2025-09-08,10:00,14:00,1757340000000,36,ETH-12SEP25-4650-C,4317.8,20.29366,0.0047,Deribit option 1-minute OHLC close at 10:00 NY snapshot; option-denominated close converted to USD with snapshot ETH-PERPETUAL close,4297.50634,0.003369,0.336892,4507.071875,-0.046497,-4.649705,0.029498,2.949844,-0.030442,-3.044179,true,true,
2025-09-09,10:00,14:00,1757426400000,36,ETH-12SEP25-4650-C,4336.45,11.27477,0.0026,Deribit option 1-minute OHLC close at 10:00 NY snapshot; option-denominated close converted to USD with snapshot ETH-PERPETUAL close,4325.17523,0.006438,0.643836,4507.071875,-0.040358,-4.035805,0.028643,2.864325,-0.030442,-3.044179,true,true,
2025-09-10,10:00,14:00,1757512800000,36,ETH-12SEP25-4650-C,4427.35,7.08376,0.0016,Deribit option 1-minute OHLC close at 10:00 NY snapshot; option-denominated close converted to USD with snapshot ETH-PERPETUAL close,4420.26624,0.021985,2.198547,4507.071875,-0.01926,-1.925987,0.028288,2.8288,-0.030442,-3.044179,true,true,
2025-09-11,10:00,14:00,1757599200000,36,ETH-12SEP25-4650-C,4433.5,1.7734,0.0004,Deribit option 1-minute OHLC close at 10:00 NY snapshot; option-denominated close converted to USD with snapshot ETH-PERPETUAL close,4431.7266,0.002593,0.259269,4507.071875,-0.016717,-1.671712,0.027434,2.743359,-0.030442,-3.044179,true,true,
2025-09-12,10:00,14:00,1757685600000,37,ETH-19SEP25-4750-C,4542.2,68.133,0.015,Deribit option 1-minute OHLC close at 10:00 NY snapshot; option-denominated close converted to USD with snapshot ETH-PERPETUAL close,4474.067,0.009554,0.955393,4507.071875,-0.007323,-0.732291,0.026701,2.67006,-0.030442,-3.044179,true,true,
2025-09-13,10:00,14:00,1757772000000,37,ETH-19SEP25-4750-C,4684.25,128.816875,0.0275,Deribit option 1-minute OHLC close at 10:00 NY snapshot; option-denominated close converted to USD with snapshot ETH-PERPETUAL close,4555.433125,0.018186,1.818617,4555.433125,0,0,0.026268,2.626768,-0.030442,-3.044179,true,true,
2025-09-14,10:00,14:00,1757858400000,37,ETH-19SEP25-4750-C,4618.8,87.7572,0.019,Deribit option 1-minute OHLC close at 10:00 NY snapshot; option-denominated close converted to USD with snapshot ETH-PERPETUAL close,4531.0428,-0.005354,-0.535412,4555.433125,-0.005354,-0.535412,0.025501,2.550121,-0.028938,-2.893754,true,true,
2025-09-15,10:00,14:00,1757944800000,37,ETH-19SEP25-4750-C,4518.15,40.66335,0.009,Deribit option 1-minute OHLC close at 10:00 NY snapshot; option-denominated close converted to USD with snapshot ETH-PERPETUAL close,4477.48665,-0.01182,-1.181983,4555.433125,-0.017111,-1.711066,0.024893,2.489328,-0.028938,-2.893754,true,true,
2025-09-16,10:00,14:00,1758031200000,37,ETH-19SEP25-4750-C,4462.25,15.617875,0.0035,Deribit option 1-minute OHLC close at 10:00 NY snapshot; option-denominated close converted to USD with snapshot ETH-PERPETUAL close,4446.632125,-0.006891,-0.689104,4555.433125,-0.023884,-2.388379,0.024194,2.419389,-0.028938,-2.893754,true,true,
2025-09-17,10:00,14:00,1758117600000,37,ETH-19SEP25-4750-C,4498.3,20.69218,0.0046,Deribit option 1-minute OHLC close at 10:00 NY snapshot; option-denominated close converted to USD with snapshot ETH-PERPETUAL close,4477.60782,0.006966,0.69661,4555.433125,-0.017084,-1.708406,0.023519,2.351882,-0.028938,-2.893754,true,true,
2025-09-18,10:00,14:00,1758204000000,37,ETH-19SEP25-4750-C,4600.25,4.140225,0.0009,Deribit option 1-minute OHLC close at 10:00 NY snapshot; option-denominated close converted to USD with snapshot ETH-PERPETUAL close,4596.109775,0.026465,2.646546,4596.109775,0,0,0.023706,2.370595,-0.028938,-2.893754,true,true,
2025-09-19,10:00,14:00,1758290400000,38,ETH-26SEP25-4800-C,4526.05,42.997475,0.0095,Deribit option 1-minute OHLC close at 10:00 NY snapshot; option-denominated close converted to USD with snapshot ETH-PERPETUAL close,4483.052525,-0.024598,-2.459847,4596.109775,-0.024598,-2.459847,0.02376,2.376045,-0.028938,-2.893754,true,true,
2025-09-20,10:00,14:00,1758376800000,38,ETH-26SEP25-4800-C,4468.25,24.575375,0.0055,Deribit option 1-minute OHLC close at 10:00 NY snapshot; option-denominated close converted to USD with snapshot ETH-PERPETUAL close,4443.674625,-0.008784,-0.878372,4596.109775,-0.033166,-3.316612,0.023137,2.313687,-0.029364,-2.936441,true,true,
2025-09-21,10:00,14:00,1758463200000,38,ETH-26SEP25-4800-C,4477.65,15.671775,0.0035,Deribit option 1-minute OHLC close at 10:00 NY snapshot; option-denominated close converted to USD with snapshot ETH-PERPETUAL close,4461.978225,0.004119,0.411902,4596.109775,-0.029184,-2.918371,0.022455,2.24547,-0.029364,-2.936441,true,true,
2025-09-22,10:00,14:00,1758549600000,38,ETH-26SEP25-4800-C,4207.8,5.04936,0.0012,Deribit option 1-minute OHLC close at 10:00 NY snapshot; option-denominated close converted to USD with snapshot ETH-PERPETUAL close,4202.75064,-0.058097,-5.809701,4596.109775,-0.085585,-8.558523,0.026009,2.600916,-0.029364,-2.936441,true,true,
2025-09-23,10:00,14:00,1758636000000,38,ETH-26SEP25-4800-C,4187.95,1.67518,0.0004,Deribit option 1-minute OHLC close at 10:00 NY snapshot; option-denominated close converted to USD with snapshot ETH-PERPETUAL close,4186.27482,-0.00392,-0.392025,4596.109775,-0.08917,-8.916997,0.025235,2.52351,-0.042679,-4.267893,true,true,
2025-09-24,10:00,14:00,1758722400000,38,ETH-26SEP25-4800-C,4153,1.2459,0.0003,Deribit option 1-minute OHLC close at 10:00 NY snapshot; option-denominated close converted to USD with snapshot ETH-PERPETUAL close,4151.7541,-0.008246,-0.824617,4596.109775,-0.096681,-9.668082,0.02455,2.454957,-0.042679,-4.267893,true,true,
2025-09-25,10:00,14:00,1758808800000,38,ETH-26SEP25-4800-C,3970.7,0.39707,0.0001,Deribit option 1-minute OHLC close at 10:00 NY snapshot; option-denominated close converted to USD with snapshot ETH-PERPETUAL close,3970.30293,-0.043705,-4.37047,4596.109775,-0.13616,-13.616012,0.026098,2.60984,-0.042679,-4.267893,true,true,
2025-09-26,10:00,14:00,1758895200000,39,,3977.4,,,,,,,4596.109775,,,0.026098,2.60984,-0.042679,-4.267893,true,false,missing_observed_option_instrument; synthetic/theoretical cycle excluded from option valuation
2025-09-27,10:00,14:00,1758981600000,39,,4022,,,,,,,4596.109775,,,0.026098,2.60984,-0.042679,-4.267893,true,false,missing_observed_option_instrument; synthetic/theoretical cycle excluded from option valuation
2025-09-28,10:00,14:00,1759068000000,39,,4017.45,,,,,,,4596.109775,,,0.026098,2.60984,-0.042679,-4.267893,true,false,missing_observed_option_instrument; synthetic/theoretical cycle excluded from option valuation
2025-09-29,10:00,14:00,1759154400000,39,,4168.55,,,,,,,4596.109775,,,0.026098,2.60984,-0.042679,-4.267893,true,false,missing_observed_option_instrument; synthetic/theoretical cycle excluded from option valuation
2025-09-30,10:00,14:00,1759240800000,39,,4154.55,,,,,,,4596.109775,,,0.026098,2.60984,-0.042679,-4.267893,true,false,missing_observed_option_instrument; synthetic/theoretical cycle excluded from option valuation
2025-10-01,10:00,14:00,1759327200000,39,,4300.3,,,,,,,4596.109775,,,0.026098,2.60984,-0.042679,-4.267893,true,false,missing_observed_option_instrument; synthetic/theoretical cycle excluded from option valuation
2025-10-02,10:00,14:00,1759413600000,39,,4421.75,,,,,,,4596.109775,,,0.026098,2.60984,-0.042679,-4.267893,true,false,missing_observed_option_instrument; synthetic/theoretical cycle excluded from option valuation
2025-10-03,10:00,14:00,1759500000000,40,ETH-10OCT25-4700-C,4467.95,55.849375,0.0125,Deribit option 1-minute OHLC close at 10:00 NY snapshot; option-denominated close converted to USD with snapshot ETH-PERPETUAL close,4412.100625,,,4596.109775,-0.040036,-4.003585,0.026098,2.60984,-0.042679,-4.267893,true,true,daily_return_not_computed_across_missing_mtm_gap
2025-10-04,10:00,14:00,1759586400000,40,ETH-10OCT25-4700-C,4501.25,49.51375,0.011,Deribit option 1-minute OHLC close at 10:00 NY snapshot; option-denominated close converted to USD with snapshot ETH-PERPETUAL close,4451.73625,0.008983,0.898339,4596.109775,-0.031412,-3.141211,0.025399,2.539884,-0.039006,-3.90063,true,true,
2025-10-05,10:00,14:00,1759672800000,40,ETH-10OCT25-4700-C,4543.45,81.7821,0.018,Deribit option 1-minute OHLC close at 10:00 NY snapshot; option-denominated close converted to USD with snapshot ETH-PERPETUAL close,4461.6679,0.002231,0.223096,4596.109775,-0.029251,-2.925123,0.024631,2.463115,-0.039006,-3.90063,true,true,
2025-10-06,10:00,14:00,1759759200000,40,ETH-10OCT25-4700-C,4640.7,81.21225,0.0175,Deribit option 1-minute OHLC close at 10:00 NY snapshot; option-denominated close converted to USD with snapshot ETH-PERPETUAL close,4559.48775,0.021925,2.19245,4596.109775,-0.007968,-0.796805,0.024477,2.44772,-0.035107,-3.51069,true,true,
2025-10-07,10:00,14:00,1759845600000,40,ETH-10OCT25-4700-C,4710.75,98.92575,0.021,Deribit option 1-minute OHLC close at 10:00 NY snapshot; option-denominated close converted to USD with snapshot ETH-PERPETUAL close,4611.82425,0.011479,1.147859,4611.82425,0,0,0.023898,2.38975,-0.035107,-3.51069,true,true,
2025-10-08,10:00,14:00,1759932000000,40,ETH-10OCT25-4700-C,4499,8.998,0.002,Deribit option 1-minute OHLC close at 10:00 NY snapshot; option-denominated close converted to USD with snapshot ETH-PERPETUAL close,4490.002,-0.026415,-2.64152,4611.82425,-0.026415,-2.64152,0.024056,2.4056,-0.035107,-3.51069,true,true,
2025-10-09,10:00,14:00,1760018400000,40,ETH-10OCT25-4700-C,4341.95,0.434195,0.0001,Deribit option 1-minute OHLC close at 10:00 NY snapshot; option-denominated close converted to USD with snapshot ETH-PERPETUAL close,4341.515805,-0.03307,-3.307041,4611.82425,-0.058612,-5.861204,0.02469,2.468985,-0.035924,-3.592442,true,true,
2025-10-10,10:00,14:00,1760104800000,41,ETH-17OCT25-4550-C,4364,67.642,0.0155,Deribit option 1-minute OHLC close at 10:00 NY snapshot; option-denominated close converted to USD with snapshot ETH-PERPETUAL close,4296.358,-0.010401,-1.040139,4611.82425,-0.068404,-6.840379,0.024073,2.40729,-0.038919,-3.891927,true,true,
2025-10-11,10:00,14:00,1760191200000,41,ETH-17OCT25-4550-C,3836.1,8.82303,0.0023,Deribit option 1-minute OHLC close at 10:00 NY snapshot; option-denominated close converted to USD with snapshot ETH-PERPETUAL close,3827.27697,-0.109181,-10.918109,4611.82425,-0.170116,-17.011647,0.035496,3.549598,-0.038919,-3.891927,true,true,
2025-10-12,10:00,14:00,1760277600000,41,ETH-17OCT25-4550-C,3814.35,4.195785,0.0011,Deribit option 1-minute OHLC close at 10:00 NY snapshot; option-denominated close converted to USD with snapshot ETH-PERPETUAL close,3810.154215,-0.004474,-0.447387,4611.82425,-0.173829,-17.382927,0.034432,3.443208,-0.05162,-5.162047,true,true,
2025-10-13,10:00,14:00,1760364000000,41,ETH-17OCT25-4550-C,4169.75,13.760175,0.0033,Deribit option 1-minute OHLC close at 10:00 NY snapshot; option-denominated close converted to USD with snapshot ETH-PERPETUAL close,4155.989825,0.090767,9.076683,4611.82425,-0.09884,-9.884037,0.040109,4.010924,-0.05162,-5.162047,true,true,
2025-10-14,10:00,14:00,1760450400000,41,ETH-17OCT25-4550-C,3952,5.1376,0.0013,Deribit option 1-minute OHLC close at 10:00 NY snapshot; option-denominated close converted to USD with snapshot ETH-PERPETUAL close,3946.8624,-0.05032,-5.031952,4611.82425,-0.144186,-14.418629,0.040794,4.079398,-0.05162,-5.162047,true,true,
2025-10-15,10:00,14:00,1760536800000,41,ETH-17OCT25-4550-C,4064.8,2.43888,0.0006,Deribit option 1-minute OHLC close at 10:00 NY snapshot; option-denominated close converted to USD with snapshot ETH-PERPETUAL close,4062.36112,0.029263,2.926343,4611.82425,-0.119142,-11.914225,0.040196,4.019553,-0.054597,-5.459714,true,true,
2025-10-16,10:00,14:00,1760623200000,41,ETH-17OCT25-4550-C,4022.9,0.40229,0.0001,Deribit option 1-minute OHLC close at 10:00 NY snapshot; option-denominated close converted to USD with snapshot ETH-PERPETUAL close,4022.49771,-0.009813,-0.981287,4611.82425,-0.127786,-12.778599,0.039045,3.904507,-0.054597,-5.459714,true,true,
2025-10-17,10:00,14:00,1760709600000,42,ETH-24OCT25-3950-C,3782,100.223,0.0265,Deribit option 1-minute OHLC close at 10:00 NY snapshot; option-denominated close converted to USD with snapshot ETH-PERPETUAL close,3681.777,-0.084704,-8.470377,4611.82425,-0.201666,-20.166581,0.043169,4.316863,-0.054597,-5.459714,true,true,
2025-10-18,10:00,14:00,1760796000000,42,ETH-24OCT25-3950-C,3872.1,106.48275,0.0275,Deribit option 1-minute OHLC close at 10:00 NY snapshot; option-denominated close converted to USD with snapshot ETH-PERPETUAL close,3765.61725,0.022772,2.277168,4611.82425,-0.183486,-18.348639,0.042224,4.222359,-0.072731,-7.273073,true,true,
2025-10-19,10:00,14:00,1760882400000,42,ETH-24OCT25-3950-C,3967.95,138.87825,0.035,Deribit option 1-minute OHLC close at 10:00 NY snapshot; option-denominated close converted to USD with snapshot ETH-PERPETUAL close,3829.07175,0.016851,1.685102,4611.82425,-0.169727,-16.97273,0.041145,4.114485,-0.072731,-7.273073,true,true,
2025-10-20,10:00,14:00,1760968800000,42,ETH-24OCT25-3950-C,4041.05,169.7241,0.042,Deribit option 1-minute OHLC close at 10:00 NY snapshot; option-denominated close converted to USD with snapshot ETH-PERPETUAL close,3871.3259,0.011035,1.103509,4611.82425,-0.160565,-16.056517,0.039983,3.998289,-0.072731,-7.273073,true,true,
2025-10-21,10:00,14:00,1761055200000,42,ETH-24OCT25-3950-C,3869.35,54.1709,0.014,Deribit option 1-minute OHLC close at 10:00 NY snapshot; option-denominated close converted to USD with snapshot ETH-PERPETUAL close,3815.1791,-0.014503,-1.450325,4611.82425,-0.17274,-17.27397,0.038927,3.892729,-0.072731,-7.273073,true,true,
2025-10-22,10:00,14:00,1761141600000,42,ETH-24OCT25-3950-C,3875.3,42.6283,0.011,Deribit option 1-minute OHLC close at 10:00 NY snapshot; option-denominated close converted to USD with snapshot ETH-PERPETUAL close,3832.6717,0.004585,0.4585,4611.82425,-0.168947,-16.894671,0.037758,3.775812,-0.072731,-7.273073,true,true,
2025-10-23,10:00,14:00,1761228000000,42,ETH-24OCT25-3950-C,3849.7,10.00922,0.0026,Deribit option 1-minute OHLC close at 10:00 NY snapshot; option-denominated close converted to USD with snapshot ETH-PERPETUAL close,3839.69078,0.001831,0.183138,4611.82425,-0.167425,-16.742474,0.036611,3.66106,-0.072731,-7.273073,true,true,
2025-10-24,10:00,14:00,1761314400000,43,ETH-31OCT25-4150-C,3946.25,73.005625,0.0185,Deribit option 1-minute OHLC close at 10:00 NY snapshot; option-denominated close converted to USD with snapshot ETH-PERPETUAL close,3873.244375,0.008739,0.873862,4611.82425,-0.160149,-16.014918,0.03556,3.555978,-0.072731,-7.273073,true,true,
2025-10-25,10:00,14:00,1761400800000,43,ETH-31OCT25-4150-C,3944.6,49.3075,0.0125,Deribit option 1-minute OHLC close at 10:00 NY snapshot; option-denominated close converted to USD with snapshot ETH-PERPETUAL close,3895.2925,0.005692,0.569242,4611.82425,-0.155368,-15.53684,0.034505,3.450467,-0.072731,-7.273073,true,true,
2025-10-26,10:00,14:00,1761487200000,43,ETH-31OCT25-4150-C,4081.6,95.9176,0.0235,Deribit option 1-minute OHLC close at 10:00 NY snapshot; option-denominated close converted to USD with snapshot ETH-PERPETUAL close,3985.6824,0.023205,2.320491,4611.82425,-0.135769,-13.57688,0.033933,3.393296,-0.072731,-7.273073,true,true,
2025-10-27,10:00,14:00,1761573600000,43,ETH-31OCT25-4150-C,4179,114.9225,0.0275,Deribit option 1-minute OHLC close at 10:00 NY snapshot; option-denominated close converted to USD with snapshot ETH-PERPETUAL close,4064.0775,0.019669,1.966918,4611.82425,-0.11877,-11.877008,0.03325,3.325014,-0.072731,-7.273073,true,true,
2025-10-28,10:00,14:00,1761660000000,43,ETH-31OCT25-4150-C,4159.3,99.8232,0.024,Deribit option 1-minute OHLC close at 10:00 NY snapshot; option-denominated close converted to USD with snapshot ETH-PERPETUAL close,4059.4768,-0.001132,-0.113204,4611.82425,-0.119768,-11.976767,0.032238,3.22384,-0.072731,-7.273073,true,true,
2025-10-29,10:00,14:00,1761746400000,43,ETH-31OCT25-4150-C,3996,31.968,0.008,Deribit option 1-minute OHLC close at 10:00 NY snapshot; option-denominated close converted to USD with snapshot ETH-PERPETUAL close,3964.032,-0.023512,-2.35116,4611.82425,-0.140463,-14.046334,0.031782,3.178244,-0.072731,-7.273073,true,true,
2025-10-30,10:00,14:00,1761832800000,43,ETH-31OCT25-4150-C,3773.1,0.75462,0.0002,Deribit option 1-minute OHLC close at 10:00 NY snapshot; option-denominated close converted to USD with snapshot ETH-PERPETUAL close,3772.34538,-0.048356,-4.835648,4611.82425,-0.182028,-18.202751,0.033012,3.301237,-0.072731,-7.273073,true,true,
2025-10-31,10:00,14:00,1761919200000,44,,3855.3,,,,,,,4611.82425,,,0.033012,3.301237,-0.072731,-7.273073,true,false,missing_observed_option_instrument; synthetic/theoretical cycle excluded from option valuation
2025-11-01,10:00,14:00,1762005600000,44,,3872.25,,,,,,,4611.82425,,,0.033012,3.301237,-0.072731,-7.273073,true,false,missing_observed_option_instrument; synthetic/theoretical cycle excluded from option valuation
2025-11-02,10:00,15:00,1762095600000,44,,3851.15,,,,,,,4611.82425,,,0.033012,3.301237,-0.072731,-7.273073,true,false,missing_observed_option_instrument; synthetic/theoretical cycle excluded from option valuation
2025-11-03,10:00,15:00,1762182000000,44,,3726.05,,,,,,,4611.82425,,,0.033012,3.301237,-0.072731,-7.273073,true,false,missing_observed_option_instrument; synthetic/theoretical cycle excluded from option valuation
2025-11-04,10:00,15:00,1762268400000,44,,3558,,,,,,,4611.82425,,,0.033012,3.301237,-0.072731,-7.273073,true,false,missing_observed_option_instrument; synthetic/theoretical cycle excluded from option valuation
2025-11-05,10:00,15:00,1762354800000,44,,3343.25,,,,,,,4611.82425,,,0.033012,3.301237,-0.072731,-7.273073,true,false,missing_observed_option_instrument; synthetic/theoretical cycle excluded from option valuation
2025-11-06,10:00,15:00,1762441200000,44,,3326.3,,,,,,,4611.82425,,,0.033012,3.301237,-0.072731,-7.273073,true,false,missing_observed_option_instrument; synthetic/theoretical cycle excluded from option valuation
2025-11-07,10:00,15:00,1762527600000,45,ETH-14NOV25-3500-C,3278.9,45.9046,0.014,Deribit option 1-minute OHLC close at 10:00 NY snapshot; option-denominated close converted to USD with snapshot ETH-PERPETUAL close,3232.9954,,,4611.82425,-0.298977,-29.897689,0.033012,3.301237,-0.072731,-7.273073,true,true,daily_return_not_computed_across_missing_mtm_gap
2025-11-08,10:00,15:00,1762614000000,45,ETH-14NOV25-3500-C,3400.15,71.40315,0.021,Deribit option 1-minute OHLC close at 10:00 NY snapshot; option-denominated close converted to USD with snapshot ETH-PERPETUAL close,3328.74685,0.029617,2.961695,4611.82425,-0.278215,-27.821472,0.032819,3.281856,-0.069231,-6.923086,true,true,
2025-11-09,10:00,15:00,1762700400000,45,ETH-14NOV25-3500-C,3509.85,135.129225,0.0385,Deribit option 1-minute OHLC close at 10:00 NY snapshot; option-denominated close converted to USD with snapshot ETH-PERPETUAL close,3374.720775,0.013811,1.381118,4611.82425,-0.268246,-26.824601,0.031998,3.199811,-0.069231,-6.923086,true,true,
2025-11-10,10:00,15:00,1762786800000,45,ETH-14NOV25-3500-C,3542.9,180.6879,0.051,Deribit option 1-minute OHLC close at 10:00 NY snapshot; option-denominated close converted to USD with snapshot ETH-PERPETUAL close,3362.2121,-0.003707,-0.370658,4611.82425,-0.270958,-27.095832,0.031037,3.10366,-0.069231,-6.923086,true,true,
2025-11-11,10:00,15:00,1762873200000,45,ETH-14NOV25-3500-C,3523.6,103.9462,0.0295,Deribit option 1-minute OHLC close at 10:00 NY snapshot; option-denominated close converted to USD with snapshot ETH-PERPETUAL close,3419.6538,0.017084,1.70845,4611.82425,-0.258503,-25.850301,0.030381,3.03807,-0.069231,-6.923086,true,true,
2025-11-12,10:00,15:00,1762959600000,45,ETH-14NOV25-3500-C,3505.5,101.6595,0.029,Deribit option 1-minute OHLC close at 10:00 NY snapshot; option-denominated close converted to USD with snapshot ETH-PERPETUAL close,3403.8405,-0.004624,-0.462424,4611.82425,-0.261932,-26.193187,0.029477,2.947696,-0.069231,-6.923086,true,true,
2025-11-13,10:00,15:00,1763046000000,45,ETH-14NOV25-3500-C,3437.55,18.906525,0.0055,Deribit option 1-minute OHLC close at 10:00 NY snapshot; option-denominated close converted to USD with snapshot ETH-PERPETUAL close,3418.643475,0.004349,0.43489,4611.82425,-0.258722,-25.872208,0.028599,2.859882,-0.069231,-6.923086,true,true,
2025-11-14,10:00,15:00,1763132400000,46,ETH-21NOV25-3350-C,3187.15,81.272325,0.0255,Deribit option 1-minute OHLC close at 10:00 NY snapshot; option-denominated close converted to USD with snapshot ETH-PERPETUAL close,3105.877675,-0.091488,-9.148828,4611.82425,-0.32654,-32.654032,0.035651,3.565144,-0.069231,-6.923086,true,true,
2025-11-15,10:00,15:00,1763218800000,46,ETH-21NOV25-3350-C,3175.75,50.812,0.016,Deribit option 1-minute OHLC close at 10:00 NY snapshot; option-denominated close converted to USD with snapshot ETH-PERPETUAL close,3124.938,0.006137,0.613686,4611.82425,-0.322407,-32.24074,0.034598,3.459802,-0.088435,-8.843525,true,true,
2025-11-16,10:00,15:00,1763305200000,46,ETH-21NOV25-3350-C,3166.55,41.16515,0.013,Deribit option 1-minute OHLC close at 10:00 NY snapshot; option-denominated close converted to USD with snapshot ETH-PERPETUAL close,3125.38485,0.000143,0.014299,4611.82425,-0.322311,-32.23105,0.033544,3.354405,-0.088435,-8.843525,true,true,
2025-11-17,10:00,15:00,1763391600000,46,ETH-21NOV25-3350-C,3151.85,42.549975,0.0135,Deribit option 1-minute OHLC close at 10:00 NY snapshot; option-denominated close converted to USD with snapshot ETH-PERPETUAL close,3109.300025,-0.005147,-0.514651,4611.82425,-0.325798,-32.579824,0.032547,3.254658,-0.088435,-8.843525,true,true,
2025-11-18,10:00,15:00,1763478000000,46,ETH-21NOV25-3350-C,3057.45,11.61831,0.0038,Deribit option 1-minute OHLC close at 10:00 NY snapshot; option-denominated close converted to USD with snapshot ETH-PERPETUAL close,3045.83169,-0.020412,-2.041242,4611.82425,-0.33956,-33.956033,0.031949,3.194876,-0.088435,-8.843525,true,true,
2025-11-19,10:00,15:00,1763564400000,46,ETH-21NOV25-3350-C,3073.5,4.9176,0.0016,Deribit option 1-minute OHLC close at 10:00 NY snapshot; option-denominated close converted to USD with snapshot ETH-PERPETUAL close,3068.5824,0.007469,0.746946,4611.82425,-0.334627,-33.46272,0.031029,3.102946,-0.069231,-6.923086,true,true,
2025-11-20,10:00,15:00,1763650800000,46,ETH-21NOV25-3350-C,2995.65,0.59913,0.0002,Deribit option 1-minute OHLC close at 10:00 NY snapshot; option-denominated close converted to USD with snapshot ETH-PERPETUAL close,2995.05087,-0.023963,-2.39627,4611.82425,-0.350571,-35.057133,0.030651,3.065143,-0.069231,-6.923086,true,true,
2025-11-21,10:00,15:00,1763737200000,47,ETH-28NOV25-2850-C,2763.45,93.9573,0.034,Deribit option 1-minute OHLC close at 10:00 NY snapshot; option-denominated close converted to USD with snapshot ETH-PERPETUAL close,2669.4927,-0.108699,-10.869871,4611.82425,-0.421163,-42.116339,0.039901,3.990068,-0.069231,-6.923086,true,true,
2025-11-22,10:00,15:00,1763823600000,47,ETH-28NOV25-2850-C,2744.95,59.016425,0.0215,Deribit option 1-minute OHLC close at 10:00 NY snapshot; option-denominated close converted to USD with snapshot ETH-PERPETUAL close,2685.933575,0.006159,0.61588,4611.82425,-0.417598,-41.759845,0.038715,3.871455,-0.088435,-8.843525,true,true,
2025-11-23,10:00,15:00,1763910000000,47,ETH-28NOV25-2850-C,2812.8,91.416,0.0325,Deribit option 1-minute OHLC close at 10:00 NY snapshot; option-denominated close converted to USD with snapshot ETH-PERPETUAL close,2721.384,0.013199,1.319855,4611.82425,-0.409912,-40.99116,0.037674,3.767412,-0.088435,-8.843525,true,true,
2025-11-24,10:00,15:00,1763996400000,47,ETH-28NOV25-2850-C,2828.05,84.8415,0.03,Deribit option 1-minute OHLC close at 10:00 NY snapshot; option-denominated close converted to USD with snapshot ETH-PERPETUAL close,2743.2085,0.00802,0.801963,4611.82425,-0.405179,-40.517931,0.036579,3.65792,-0.088435,-8.843525,true,true,
2025-11-25,10:00,15:00,1764082800000,47,ETH-28NOV25-2850-C,2872.6,83.3054,0.029,Deribit option 1-minute OHLC close at 10:00 NY snapshot; option-denominated close converted to USD with snapshot ETH-PERPETUAL close,2789.2946,0.0168,1.680007,4611.82425,-0.395186,-39.518628,0.035703,3.57028,-0.072079,-7.207897,true,true,
2025-11-26,10:00,15:00,1764169200000,47,ETH-28NOV25-2850-C,2913,104.868,0.036,Deribit option 1-minute OHLC close at 10:00 NY snapshot; option-denominated close converted to USD with snapshot ETH-PERPETUAL close,2808.132,0.006753,0.675346,4611.82425,-0.391102,-39.110169,0.034655,3.465466,-0.072079,-7.207897,true,true,
2025-11-27,10:00,15:00,1764255600000,47,ETH-28NOV25-2850-C,2995.3,148.26735,0.0495,Deribit option 1-minute OHLC close at 10:00 NY snapshot; option-denominated close converted to USD with snapshot ETH-PERPETUAL close,2847.03265,0.013853,1.385286,4611.82425,-0.382667,-38.266671,0.03377,3.376985,-0.072079,-7.207897,true,true,
2025-11-28,10:00,15:00,1764342000000,48,,3069.25,,,,,,,4611.82425,,,0.03377,3.376985,-0.072079,-7.207897,true,false,missing_observed_option_instrument; synthetic/theoretical cycle excluded from option valuation
2025-11-29,10:00,15:00,1764428400000,48,,2990.55,,,,,,,4611.82425,,,0.03377,3.376985,-0.072079,-7.207897,true,false,missing_observed_option_instrument; synthetic/theoretical cycle excluded from option valuation
2025-11-30,10:00,15:00,1764514800000,48,,3036,,,,,,,4611.82425,,,0.03377,3.376985,-0.072079,-7.207897,true,false,missing_observed_option_instrument; synthetic/theoretical cycle excluded from option valuation
2025-12-01,10:00,15:00,1764601200000,48,,2818.3,,,,,,,4611.82425,,,0.03377,3.376985,-0.072079,-7.207897,true,false,missing_observed_option_instrument; synthetic/theoretical cycle excluded from option valuation
2025-12-02,10:00,15:00,1764687600000,48,,2897.3,,,,,,,4611.82425,,,0.03377,3.376985,-0.072079,-7.207897,true,false,missing_observed_option_instrument; synthetic/theoretical cycle excluded from option valuation
2025-12-03,10:00,15:00,1764774000000,48,,3086.9,,,,,,,4611.82425,,,0.03377,3.376985,-0.072079,-7.207897,true,false,missing_observed_option_instrument; synthetic/theoretical cycle excluded from option valuation
2025-12-04,10:00,15:00,1764860400000,48,,3148.85,,,,,,,4611.82425,,,0.03377,3.376985,-0.072079,-7.207897,true,false,missing_observed_option_instrument; synthetic/theoretical cycle excluded from option valuation
2025-12-05,10:00,15:00,1764946800000,49,ETH-12DEC25-3350-C,3109.8,32.6529,0.0105,Deribit option 1-minute OHLC close at 10:00 NY snapshot; option-denominated close converted to USD with snapshot ETH-PERPETUAL close,3077.1471,,,4611.82425,-0.33277,-33.277009,0.03377,3.376985,-0.072079,-7.207897,true,true,daily_return_not_computed_across_missing_mtm_gap
2025-12-06,10:00,15:00,1765033200000,49,ETH-12DEC25-3350-C,3055.1,19.85815,0.0065,Deribit option 1-minute OHLC close at 10:00 NY snapshot; option-denominated close converted to USD with snapshot ETH-PERPETUAL close,3035.24185,-0.013618,-1.361821,4611.82425,-0.341857,-34.185657,0.032911,3.291058,-0.072079,-7.207897,true,true,
2025-12-07,10:00,15:00,1765119600000,49,ETH-12DEC25-3350-C,2942.55,12.652965,0.0043,Deribit option 1-minute OHLC close at 10:00 NY snapshot; option-denominated close converted to USD with snapshot ETH-PERPETUAL close,2929.897035,-0.034707,-3.470722,4611.82425,-0.364699,-36.46989,0.033021,3.302113,-0.072079,-7.207897,true,true,
2025-12-08,10:00,15:00,1765206000000,49,ETH-12DEC25-3350-C,3131.35,32.879175,0.0105,Deribit option 1-minute OHLC close at 10:00 NY snapshot; option-denominated close converted to USD with snapshot ETH-PERPETUAL close,3098.470825,0.057536,5.753574,4611.82425,-0.328146,-32.814638,0.03498,3.497989,-0.072079,-7.207897,true,true,
2025-12-09,10:00,15:00,1765292400000,49,ETH-12DEC25-3350-C,3121.6,13.42288,0.0043,Deribit option 1-minute OHLC close at 10:00 NY snapshot; option-denominated close converted to USD with snapshot ETH-PERPETUAL close,3108.17712,0.003133,0.313261,4611.82425,-0.326042,-32.604172,0.033923,3.392295,-0.072079,-7.207897,true,true,
2025-12-10,10:00,15:00,1765378800000,49,ETH-12DEC25-3350-C,3319.4,61.4089,0.0185,Deribit option 1-minute OHLC close at 10:00 NY snapshot; option-denominated close converted to USD with snapshot ETH-PERPETUAL close,3257.9911,0.0482,4.819995,4611.82425,-0.293557,-29.355697,0.034944,3.494445,-0.072079,-7.207897,true,true,
2025-12-11,10:00,15:00,1765465200000,49,ETH-12DEC25-3350-C,3156.65,3.15665,0.001,Deribit option 1-minute OHLC close at 10:00 NY snapshot; option-denominated close converted to USD with snapshot ETH-PERPETUAL close,3153.49335,-0.032074,-3.207429,4611.82425,-0.316216,-31.621563,0.034779,3.477892,-0.072079,-7.207897,true,true,
2025-12-12,10:00,15:00,1765551600000,50,ETH-19DEC25-3400-C,3223.95,43.523325,0.0135,Deribit option 1-minute OHLC close at 10:00 NY snapshot; option-denominated close converted to USD with snapshot ETH-PERPETUAL close,3180.426675,0.008541,0.854079,4611.82425,-0.310376,-31.037557,0.033784,3.378425,-0.072079,-7.207897,true,true,
2025-12-13,10:00,15:00,1765638000000,50,ETH-19DEC25-3400-C,3113.5,17.12425,0.0055,Deribit option 1-minute OHLC close at 10:00 NY snapshot; option-denominated close converted to USD with snapshot ETH-PERPETUAL close,3096.37575,-0.026428,-2.642756,4611.82425,-0.328601,-32.860066,0.033389,3.338859,-0.072079,-7.207897,true,true,
2025-12-14,10:00,15:00,1765724400000,50,ETH-19DEC25-3400-C,3084.7,13.88115,0.0045,Deribit option 1-minute OHLC close at 10:00 NY snapshot; option-denominated close converted to USD with snapshot ETH-PERPETUAL close,3070.81885,-0.008254,-0.825381,4611.82425,-0.334142,-33.414226,0.032435,3.243451,-0.072079,-7.207897,true,true,
2025-12-15,10:00,15:00,1765810800000,50,ETH-19DEC25-3400-C,3033.35,13.95341,0.0046,Deribit option 1-minute OHLC close at 10:00 NY snapshot; option-denominated close converted to USD with snapshot ETH-PERPETUAL close,3019.39659,-0.016745,-1.674546,4611.82425,-0.345292,-34.529236,0.031713,3.171281,-0.072079,-7.207897,true,true,
2025-12-16,10:00,15:00,1765897200000,50,ETH-19DEC25-3400-C,2942,1.7652,0.0006,Deribit option 1-minute OHLC close at 10:00 NY snapshot; option-denominated close converted to USD with snapshot ETH-PERPETUAL close,2940.2348,-0.026218,-2.621775,4611.82425,-0.362457,-36.245732,0.03141,3.141023,-0.065937,-6.59368,true,true,
2025-12-17,10:00,15:00,1765983600000,50,ETH-19DEC25-3400-C,2988.2,0.59764,0.0002,Deribit option 1-minute OHLC close at 10:00 NY snapshot; option-denominated close converted to USD with snapshot ETH-PERPETUAL close,2987.60236,0.01611,1.611013,4611.82425,-0.352186,-35.218642,0.030708,3.070795,-0.065937,-6.59368,true,true,
2025-12-18,10:00,15:00,1766070000000,50,ETH-19DEC25-3400-C,2950.6,0.29506,0.0001,Deribit option 1-minute OHLC close at 10:00 NY snapshot; option-denominated close converted to USD with snapshot ETH-PERPETUAL close,2950.30494,-0.012484,-1.248406,4611.82425,-0.360274,-36.027377,0.029929,2.99291,-0.065937,-6.59368,true,true,
2025-12-19,10:00,15:00,1766156400000,51,ETH-26DEC25-3100-C,2973.5,50.5495,0.017,Deribit option 1-minute OHLC close at 10:00 NY snapshot; option-denominated close converted to USD with snapshot ETH-PERPETUAL close,2922.9505,-0.009272,-0.927173,4611.82425,-0.366205,-36.620514,0.029106,2.910608,-0.065937,-6.59368,true,true,
2025-12-20,10:00,15:00,1766242800000,51,ETH-26DEC25-3100-C,2979.05,41.7067,0.014,Deribit option 1-minute OHLC close at 10:00 NY snapshot; option-denominated close converted to USD with snapshot ETH-PERPETUAL close,2937.3433,0.004924,0.492407,4611.82425,-0.363084,-36.308429,0.028245,2.824515,-0.065937,-6.59368,true,true,
2025-12-21,10:00,15:00,1766329200000,51,ETH-26DEC25-3100-C,2969,32.659,0.011,Deribit option 1-minute OHLC close at 10:00 NY snapshot; option-denominated close converted to USD with snapshot ETH-PERPETUAL close,2936.341,-0.000341,-0.034123,4611.82425,-0.363302,-36.330163,0.027385,2.738482,-0.065937,-6.59368,true,true,
2025-12-22,10:00,15:00,1766415600000,51,ETH-26DEC25-3100-C,3058.75,59.645625,0.0195,Deribit option 1-minute OHLC close at 10:00 NY snapshot; option-denominated close converted to USD with snapshot ETH-PERPETUAL close,2999.104375,0.021375,2.137469,4611.82425,-0.349692,-34.96924,0.027062,2.706188,-0.065937,-6.59368,true,true,
2025-12-23,10:00,15:00,1766502000000,51,ETH-26DEC25-3100-C,2915.75,9.91355,0.0034,Deribit option 1-minute OHLC close at 10:00 NY snapshot; option-denominated close converted to USD with snapshot ETH-PERPETUAL close,2905.83645,-0.031099,-3.109859,4611.82425,-0.369916,-36.991605,0.027321,2.732091,-0.033522,-3.35224,true,true,
2025-12-24,10:00,15:00,1766588400000,51,ETH-26DEC25-3100-C,2919.3,1.75158,0.0006,Deribit option 1-minute OHLC close at 10:00 NY snapshot; option-denominated close converted to USD with snapshot ETH-PERPETUAL close,2917.54842,0.00403,0.40305,4611.82425,-0.367376,-36.73765,0.026507,2.650699,-0.033522,-3.35224,true,true,
2025-12-25,10:00,15:00,1766674800000,51,ETH-26DEC25-3100-C,2934,0.2934,0.0001,Deribit option 1-minute OHLC close at 10:00 NY snapshot; option-denominated close converted to USD with snapshot ETH-PERPETUAL close,2933.7066,0.005538,0.553827,4611.82425,-0.363873,-36.387285,0.025735,2.573526,-0.033522,-3.35224,true,true,
