date,snapshot_time_ny,snapshot_time_utc,snapshot_timestamp,cycle_id,instrument_name,underlying_price,option_price_proxy,option_price_proxy_underlying,option_price_proxy_source,approximate_CCW_value,daily_return,daily_return_pct,rolling_peak,rolling_drawdown,rolling_drawdown_pct,EWMA_vol,EWMA_vol_pct,historical_VaR,historical_VaR_pct,underlying_price_found,option_price_found,notes
2020-01-03,10:00,15:00,1578063600000,1,BTC-10JAN20-8000-C,7254.5,18.13625,0.0025,Deribit option 1-minute OHLC close at 10:00 NY snapshot; option-denominated close converted to USD with snapshot BTC-PERPETUAL close,7236.36375,,,7236.36375,0,0,,,,,true,true,
2020-01-04,10:00,15:00,1578150000000,1,BTC-10JAN20-8000-C,7310,21.93,0.003,Deribit option 1-minute OHLC close at 10:00 NY snapshot; option-denominated close converted to USD with snapshot BTC-PERPETUAL close,7288.07,0.007145,0.714534,7288.07,0,0,0.007145,0.714534,,,true,true,
2020-01-05,10:00,15:00,1578236400000,1,BTC-10JAN20-8000-C,7435,29.74,0.004,Deribit option 1-minute OHLC close at 10:00 NY snapshot; option-denominated close converted to USD with snapshot BTC-PERPETUAL close,7405.26,0.01608,1.60797,7405.26,0,0,0.007969,0.796906,,,true,true,
2020-01-06,10:00,15:00,1578322800000,1,BTC-10JAN20-8000-C,7540,33.93,0.0045,Deribit option 1-minute OHLC close at 10:00 NY snapshot; option-denominated close converted to USD with snapshot BTC-PERPETUAL close,7506.07,0.013613,1.36133,7506.07,0,0,0.008415,0.841516,,,true,true,
2020-01-07,10:00,15:00,1578409200000,1,BTC-10JAN20-8000-C,7851,98.1375,0.0125,Deribit option 1-minute OHLC close at 10:00 NY snapshot; option-denominated close converted to USD with snapshot BTC-PERPETUAL close,7752.8625,0.032879,3.287906,7752.8625,0,0,0.011464,1.14642,,,true,true,
2020-01-08,10:00,15:00,1578495600000,1,BTC-10JAN20-8000-C,8311.5,349.083,0.042,Deribit option 1-minute OHLC close at 10:00 NY snapshot; option-denominated close converted to USD with snapshot BTC-PERPETUAL close,7962.417,0.027029,2.702931,7962.417,0,0,0.012937,1.293744,,,true,true,
2020-01-09,10:00,15:00,1578582000000,1,BTC-10JAN20-8000-C,7885.5,39.4275,0.005,Deribit option 1-minute OHLC close at 10:00 NY snapshot; option-denominated close converted to USD with snapshot BTC-PERPETUAL close,7846.0725,-0.014612,-1.461171,7962.417,-0.014612,-1.461171,0.013044,1.304395,,,true,true,
2020-01-10,10:00,15:00,1578668400000,2,BTC-17JAN20-8000-C,7968.5,203.19675,0.0255,Deribit option 1-minute OHLC close at 10:00 NY snapshot; option-denominated close converted to USD with snapshot BTC-PERPETUAL close,7765.30325,-0.010294,-1.029423,7962.417,-0.024756,-2.475552,0.012896,1.289551,,,true,true,
2020-01-11,10:00,15:00,1578754800000,2,BTC-17JAN20-8000-C,8065,266.145,0.033,Deribit option 1-minute OHLC close at 10:00 NY snapshot; option-denominated close converted to USD with snapshot BTC-PERPETUAL close,7798.855,0.004321,0.432073,7962.417,-0.020542,-2.054175,0.012547,1.254738,,,true,true,
2020-01-12,10:00,15:00,1578841200000,2,BTC-17JAN20-8000-C,8139,276.726,0.034,Deribit option 1-minute OHLC close at 10:00 NY snapshot; option-denominated close converted to USD with snapshot BTC-PERPETUAL close,7862.274,0.008132,0.813183,7962.417,-0.012577,-1.257696,0.012327,1.232713,,,true,true,
2020-01-13,10:00,15:00,1578927600000,2,BTC-17JAN20-8000-C,8085.5,222.35125,0.0275,Deribit option 1-minute OHLC close at 10:00 NY snapshot; option-denominated close converted to USD with snapshot BTC-PERPETUAL close,7863.14875,0.000111,0.011126,7962.417,-0.012467,-1.24671,0.011952,1.195163,,,true,true,
2020-01-14,10:00,15:00,1579014000000,2,BTC-17JAN20-8000-C,8688.5,690.73575,0.0795,Deribit option 1-minute OHLC close at 10:00 NY snapshot; option-denominated close converted to USD with snapshot BTC-PERPETUAL close,7997.76425,0.01712,1.71198,7997.76425,0,0,0.012323,1.232299,,,true,true,
2020-01-15,10:00,15:00,1579100400000,2,BTC-17JAN20-8000-C,8842,804.622,0.091,Deribit option 1-minute OHLC close at 10:00 NY snapshot; option-denominated close converted to USD with snapshot BTC-PERPETUAL close,8037.378,0.004953,0.49531,8037.378,0,0,0.012009,1.200903,,,true,true,
2020-01-16,10:00,15:00,1579186800000,2,BTC-17JAN20-8000-C,8677,672.4675,0.0775,Deribit option 1-minute OHLC close at 10:00 NY snapshot; option-denominated close converted to USD with snapshot BTC-PERPETUAL close,8004.5325,-0.004087,-0.408659,8037.378,-0.004087,-0.408659,0.011686,1.168614,,,true,true,
2020-01-17,10:00,15:00,1579273200000,3,BTC-24JAN20-9000-C,8774.5,219.3625,0.025,Deribit option 1-minute OHLC close at 10:00 NY snapshot; option-denominated close converted to USD with snapshot BTC-PERPETUAL close,8555.1375,0.068787,6.878665,8555.1375,0,0,0.020304,2.030439,,,true,true,
2020-01-18,10:00,15:00,1579359600000,3,BTC-24JAN20-9000-C,8921.5,231.959,0.026,Deribit option 1-minute OHLC close at 10:00 NY snapshot; option-denominated close converted to USD with snapshot BTC-PERPETUAL close,8689.541,0.01571,1.571027,8689.541,0,0,0.020058,2.005843,,,true,true,
2020-01-19,10:00,15:00,1579446000000,3,BTC-24JAN20-9000-C,8613.5,99.05525,0.0115,Deribit option 1-minute OHLC close at 10:00 NY snapshot; option-denominated close converted to USD with snapshot BTC-PERPETUAL close,8514.44475,-0.02015,-2.015023,8689.541,-0.02015,-2.015023,0.020064,2.006395,,,true,true,
2020-01-20,10:00,15:00,1579532400000,3,BTC-24JAN20-9000-C,8654.5,60.5815,0.007,Deribit option 1-minute OHLC close at 10:00 NY snapshot; option-denominated close converted to USD with snapshot BTC-PERPETUAL close,8593.9185,0.009334,0.933399,8689.541,-0.011004,-1.100432,0.019587,1.958662,,,true,true,
2020-01-21,10:00,15:00,1579618800000,3,BTC-24JAN20-9000-C,8646,51.876,0.006,Deribit option 1-minute OHLC close at 10:00 NY snapshot; option-denominated close converted to USD with snapshot BTC-PERPETUAL close,8594.124,0.000024,0.002391,8689.541,-0.010981,-1.098067,0.01899,1.898994,,,true,true,
2020-01-22,10:00,15:00,1579705200000,3,BTC-24JAN20-9000-C,8634,25.902,0.003,Deribit option 1-minute OHLC close at 10:00 NY snapshot; option-denominated close converted to USD with snapshot BTC-PERPETUAL close,8608.098,0.001626,0.162599,8689.541,-0.009373,-0.937253,0.018416,1.841574,,,true,true,
2020-01-23,10:00,15:00,1579791600000,3,BTC-24JAN20-9000-C,8337,4.1685,0.0005,Deribit option 1-minute OHLC close at 10:00 NY snapshot; option-denominated close converted to USD with snapshot BTC-PERPETUAL close,8332.8315,-0.031978,-3.197762,8689.541,-0.04105,-4.105044,0.019497,1.949731,,,true,true,
2020-01-24,10:00,15:00,1579878000000,4,BTC-31JAN20-9000-C,8464.5,71.94825,0.0085,Deribit option 1-minute OHLC close at 10:00 NY snapshot; option-denominated close converted to USD with snapshot BTC-PERPETUAL close,8392.55175,0.007167,0.716686,8689.541,-0.034178,-3.417778,0.018985,1.898468,,,true,true,
2020-01-25,10:00,15:00,1579964400000,4,BTC-31JAN20-9000-C,8303,33.212,0.004,Deribit option 1-minute OHLC close at 10:00 NY snapshot; option-denominated close converted to USD with snapshot BTC-PERPETUAL close,8269.788,-0.014628,-1.46277,8689.541,-0.048306,-4.830554,0.018752,1.875183,,,true,true,
2020-01-26,10:00,15:00,1580050800000,4,BTC-31JAN20-9000-C,8444,33.776,0.004,Deribit option 1-minute OHLC close at 10:00 NY snapshot; option-denominated close converted to USD with snapshot BTC-PERPETUAL close,8410.224,0.016982,1.698181,8689.541,-0.032144,-3.214405,0.01865,1.865037,,,true,true,
2020-01-27,10:00,15:00,1580137200000,4,BTC-31JAN20-9000-C,8742.5,74.31125,0.0085,Deribit option 1-minute OHLC close at 10:00 NY snapshot; option-denominated close converted to USD with snapshot BTC-PERPETUAL close,8668.18875,0.030673,3.067276,8689.541,-0.002457,-0.245724,0.019581,1.958099,,,true,true,
2020-01-28,10:00,15:00,1580223600000,4,BTC-31JAN20-9000-C,9013,175.7535,0.0195,Deribit option 1-minute OHLC close at 10:00 NY snapshot; option-denominated close converted to USD with snapshot BTC-PERPETUAL close,8837.2465,0.019503,1.950324,8837.2465,0,0,0.019576,1.957633,,,true,true,
2020-01-29,10:00,15:00,1580310000000,4,BTC-31JAN20-9000-C,9326,363.714,0.039,Deribit option 1-minute OHLC close at 10:00 NY snapshot; option-denominated close converted to USD with snapshot BTC-PERPETUAL close,8962.286,0.014149,1.414915,8962.286,0,0,0.019294,1.92938,,,true,true,
2020-01-30,10:00,15:00,1580396400000,4,BTC-31JAN20-9000-C,9342.5,406.39875,0.0435,Deribit option 1-minute OHLC close at 10:00 NY snapshot; option-denominated close converted to USD with snapshot BTC-PERPETUAL close,8936.10125,-0.002922,-0.292166,8962.286,-0.002922,-0.292166,0.01872,1.871972,,,true,true,
2020-01-31,10:00,15:00,1580482800000,5,,9249.5,,,,,,,8962.286,,,0.01872,1.871972,,,true,false,missing_observed_option_instrument; synthetic/theoretical cycle excluded from option valuation
2020-02-01,10:00,15:00,1580569200000,5,,9340,,,,,,,8962.286,,,0.01872,1.871972,,,true,false,missing_observed_option_instrument; synthetic/theoretical cycle excluded from option valuation
2020-02-02,10:00,15:00,1580655600000,5,,9470.5,,,,,,,8962.286,,,0.01872,1.871972,,,true,false,missing_observed_option_instrument; synthetic/theoretical cycle excluded from option valuation
2020-02-03,10:00,15:00,1580742000000,5,,9335.5,,,,,,,8962.286,,,0.01872,1.871972,,,true,false,missing_observed_option_instrument; synthetic/theoretical cycle excluded from option valuation
2020-02-04,10:00,15:00,1580828400000,5,,9137.5,,,,,,,8962.286,,,0.01872,1.871972,,,true,false,missing_observed_option_instrument; synthetic/theoretical cycle excluded from option valuation
2020-02-05,10:00,15:00,1580914800000,5,,9452,,,,,,,8962.286,,,0.01872,1.871972,,,true,false,missing_observed_option_instrument; synthetic/theoretical cycle excluded from option valuation
2020-02-06,10:00,15:00,1581001200000,5,,9841,,,,,,,8962.286,,,0.01872,1.871972,,,true,false,missing_observed_option_instrument; synthetic/theoretical cycle excluded from option valuation
2020-02-07,10:00,15:00,1581087600000,6,BTC-14FEB20-10000-C,9825,221.0625,0.0225,Deribit option 1-minute OHLC close at 10:00 NY snapshot; option-denominated close converted to USD with snapshot BTC-PERPETUAL close,9603.9375,,,9603.9375,0,0,0.01872,1.871972,,,true,true,daily_return_not_computed_across_missing_mtm_gap
2020-02-08,10:00,15:00,1581174000000,6,BTC-14FEB20-10000-C,9862,216.964,0.022,Deribit option 1-minute OHLC close at 10:00 NY snapshot; option-denominated close converted to USD with snapshot BTC-PERPETUAL close,9645.036,0.004279,0.427934,9645.036,0,0,0.01818,1.817969,,,true,true,
2020-02-09,10:00,15:00,1581260400000,6,BTC-14FEB20-10000-C,10106.5,298.14175,0.0295,Deribit option 1-minute OHLC close at 10:00 NY snapshot; option-denominated close converted to USD with snapshot BTC-PERPETUAL close,9808.35825,0.016933,1.69333,9808.35825,0,0,0.018107,1.810732,,,true,true,
2020-02-10,10:00,15:00,1581346800000,6,BTC-14FEB20-10000-C,9885.5,143.33975,0.0145,Deribit option 1-minute OHLC close at 10:00 NY snapshot; option-denominated close converted to USD with snapshot BTC-PERPETUAL close,9742.16025,-0.006749,-0.674914,9808.35825,-0.006749,-0.674914,0.017633,1.763337,,,true,true,
2020-02-11,10:00,15:00,1581433200000,6,BTC-14FEB20-10000-C,9868,113.482,0.0115,Deribit option 1-minute OHLC close at 10:00 NY snapshot; option-denominated close converted to USD with snapshot BTC-PERPETUAL close,9754.518,0.001268,0.126848,9808.35825,-0.005489,-0.548922,0.017099,1.709901,-0.017665,-1.766509,true,true,
2020-02-12,10:00,15:00,1581519600000,6,BTC-14FEB20-10000-C,10383.5,436.107,0.042,Deribit option 1-minute OHLC close at 10:00 NY snapshot; option-denominated close converted to USD with snapshot BTC-PERPETUAL close,9947.393,0.019773,1.977289,9947.393,0,0,0.017271,1.727112,-0.017665,-1.766509,true,true,
2020-02-13,10:00,15:00,1581606000000,6,BTC-14FEB20-10000-C,10260,302.67,0.0295,Deribit option 1-minute OHLC close at 10:00 NY snapshot; option-denominated close converted to USD with snapshot BTC-PERPETUAL close,9957.33,0.000999,0.099896,9957.33,0,0,0.016747,1.674676,-0.017665,-1.766509,true,true,
2020-02-14,10:00,15:00,1581692400000,7,BTC-21FEB20-11000-C,10253.5,112.7885,0.011,Deribit option 1-minute OHLC close at 10:00 NY snapshot; option-denominated close converted to USD with snapshot BTC-PERPETUAL close,10140.7115,0.018417,1.841673,10140.7115,0,0,0.016852,1.685163,-0.017665,-1.766509,true,true,
2020-02-15,10:00,15:00,1581778800000,7,BTC-21FEB20-11000-C,10248.5,81.988,0.008,Deribit option 1-minute OHLC close at 10:00 NY snapshot; option-denominated close converted to USD with snapshot BTC-PERPETUAL close,10166.512,0.002544,0.254425,10166.512,0,0,0.01635,1.635014,-0.017665,-1.766509,true,true,
2020-02-16,10:00,15:00,1581865200000,7,BTC-21FEB20-11000-C,9921.5,29.7645,0.003,Deribit option 1-minute OHLC close at 10:00 NY snapshot; option-denominated close converted to USD with snapshot BTC-PERPETUAL close,9891.7355,-0.027028,-2.702761,10166.512,-0.027028,-2.702761,0.017179,1.717897,-0.017665,-1.766509,true,true,
2020-02-17,10:00,15:00,1581951600000,7,BTC-21FEB20-11000-C,9628.5,14.44275,0.0015,Deribit option 1-minute OHLC close at 10:00 NY snapshot; option-denominated close converted to USD with snapshot BTC-PERPETUAL close,9614.05725,-0.028072,-2.807174,10166.512,-0.054341,-5.434064,0.018019,1.801919,-0.023933,-2.393279,true,true,
2020-02-18,10:00,15:00,1582038000000,7,BTC-21FEB20-11000-C,9731,4.8655,0.0005,Deribit option 1-minute OHLC close at 10:00 NY snapshot; option-denominated close converted to USD with snapshot BTC-PERPETUAL close,9726.1345,0.011658,1.165764,10166.512,-0.043316,-4.331648,0.017702,1.770208,-0.027602,-2.760188,true,true,
2020-02-19,10:00,15:00,1582124400000,7,BTC-21FEB20-11000-C,10140.5,10.1405,0.001,Deribit option 1-minute OHLC close at 10:00 NY snapshot; option-denominated close converted to USD with snapshot BTC-PERPETUAL close,10130.3595,0.041561,4.15607,10166.512,-0.003556,-0.355604,0.019955,1.995494,-0.027602,-2.760188,true,true,
2020-02-20,10:00,15:00,1582210800000,7,BTC-21FEB20-11000-C,9605,9.605,0.001,Deribit option 1-minute OHLC close at 10:00 NY snapshot; option-denominated close converted to USD with snapshot BTC-PERPETUAL close,9595.395,-0.052808,-5.280805,10166.512,-0.056176,-5.61763,0.023273,2.327292,-0.027602,-2.760188,true,true,
2020-02-21,10:00,15:00,1582297200000,8,BTC-28FEB20-10000-C,9697.5,155.16,0.016,Deribit option 1-minute OHLC close at 10:00 NY snapshot; option-denominated close converted to USD with snapshot BTC-PERPETUAL close,9542.34,-0.005529,-0.552921,10166.512,-0.061395,-6.13949,0.022605,2.260455,-0.03022,-3.021998,true,true,
2020-02-22,10:00,15:00,1582383600000,8,BTC-28FEB20-10000-C,9673.5,116.082,0.012,Deribit option 1-minute OHLC close at 10:00 NY snapshot; option-denominated close converted to USD with snapshot BTC-PERPETUAL close,9557.418,0.00158,0.158012,10166.512,-0.059912,-5.99118,0.021919,2.191934,-0.03022,-3.021998,true,true,
2020-02-23,10:00,15:00,1582470000000,8,BTC-28FEB20-10000-C,9930,178.74,0.018,Deribit option 1-minute OHLC close at 10:00 NY snapshot; option-denominated close converted to USD with snapshot BTC-PERPETUAL close,9751.26,0.020282,2.028184,10166.512,-0.040845,-4.084508,0.021825,2.182455,-0.03022,-3.021998,true,true,
2020-02-24,10:00,15:00,1582556400000,8,BTC-28FEB20-10000-C,9725,116.7,0.012,Deribit option 1-minute OHLC close at 10:00 NY snapshot; option-denominated close converted to USD with snapshot BTC-PERPETUAL close,9608.3,-0.014661,-1.466067,10166.512,-0.054907,-5.490693,0.021462,2.146226,-0.03022,-3.021998,true,true,
2020-02-25,10:00,15:00,1582642800000,8,BTC-28FEB20-10000-C,9390.5,32.86675,0.0035,Deribit option 1-minute OHLC close at 10:00 NY snapshot; option-denominated close converted to USD with snapshot BTC-PERPETUAL close,9357.63325,-0.026089,-2.608856,10166.512,-0.079563,-7.956305,0.021768,2.176758,-0.03022,-3.021998,true,true,
2020-02-26,10:00,15:00,1582729200000,8,BTC-28FEB20-10000-C,9026.5,4.51325,0.0005,Deribit option 1-minute OHLC close at 10:00 NY snapshot; option-denominated close converted to USD with snapshot BTC-PERPETUAL close,9021.98675,-0.035869,-3.586874,10166.512,-0.112578,-11.257797,0.02286,2.286027,-0.03022,-3.021998,true,true,
2020-02-27,10:00,15:00,1582815600000,8,BTC-28FEB20-10000-C,8860.5,4.43025,0.0005,Deribit option 1-minute OHLC close at 10:00 NY snapshot; option-denominated close converted to USD with snapshot BTC-PERPETUAL close,8856.06975,-0.01839,-1.83903,10166.512,-0.128898,-12.889792,0.022617,2.2617,-0.034118,-3.411774,true,true,
2020-02-28,10:00,15:00,1582902000000,9,,8660,,,,,,,10166.512,,,0.022617,2.2617,-0.034118,-3.411774,true,false,missing_observed_option_instrument; synthetic/theoretical cycle excluded from option valuation
2020-02-29,10:00,15:00,1582988400000,9,,8633,,,,,,,10166.512,,,0.022617,2.2617,-0.034118,-3.411774,true,false,missing_observed_option_instrument; synthetic/theoretical cycle excluded from option valuation
2020-03-01,10:00,15:00,1583074800000,9,,8563.5,,,,,,,10166.512,,,0.022617,2.2617,-0.034118,-3.411774,true,false,missing_observed_option_instrument; synthetic/theoretical cycle excluded from option valuation
2020-03-02,10:00,15:00,1583161200000,9,,8825,,,,,,,10166.512,,,0.022617,2.2617,-0.034118,-3.411774,true,false,missing_observed_option_instrument; synthetic/theoretical cycle excluded from option valuation
2020-03-03,10:00,15:00,1583247600000,9,,8768.5,,,,,,,10166.512,,,0.022617,2.2617,-0.034118,-3.411774,true,false,missing_observed_option_instrument; synthetic/theoretical cycle excluded from option valuation
2020-03-04,10:00,15:00,1583334000000,9,,8727.5,,,,,,,10166.512,,,0.022617,2.2617,-0.034118,-3.411774,true,false,missing_observed_option_instrument; synthetic/theoretical cycle excluded from option valuation
2020-03-05,10:00,15:00,1583420400000,9,,9040.5,,,,,,,10166.512,,,0.022617,2.2617,-0.034118,-3.411774,true,false,missing_observed_option_instrument; synthetic/theoretical cycle excluded from option valuation
2020-03-06,10:00,15:00,1583506800000,10,BTC-13MAR20-10000-C,9087.5,31.80625,0.0035,Deribit option 1-minute OHLC close at 10:00 NY snapshot; option-denominated close converted to USD with snapshot BTC-PERPETUAL close,9055.69375,,,10166.512,-0.109262,-10.926247,0.022617,2.2617,-0.034118,-3.411774,true,true,daily_return_not_computed_across_missing_mtm_gap
2020-03-07,10:00,15:00,1583593200000,10,BTC-13MAR20-10000-C,9127.5,22.81875,0.0025,Deribit option 1-minute OHLC close at 10:00 NY snapshot; option-denominated close converted to USD with snapshot BTC-PERPETUAL close,9104.68125,0.00541,0.540958,10166.512,-0.104444,-10.444396,0.021968,2.196799,-0.034118,-3.411774,true,true,
2020-03-08,10:00,14:00,1583676000000,10,BTC-13MAR20-10000-C,8659,4.3295,0.0005,Deribit option 1-minute OHLC close at 10:00 NY snapshot; option-denominated close converted to USD with snapshot BTC-PERPETUAL close,8654.6705,-0.049426,-4.94263,10166.512,-0.148708,-14.870798,0.024499,2.449928,-0.034118,-3.411774,true,true,
2020-03-09,10:00,14:00,1583762400000,10,BTC-13MAR20-10000-C,7839.5,3.91975,0.0005,Deribit option 1-minute OHLC close at 10:00 NY snapshot; option-denominated close converted to USD with snapshot BTC-PERPETUAL close,7835.58025,-0.094641,-9.464141,10166.512,-0.229275,-22.927546,0.033191,3.319069,-0.043325,-4.33254,true,true,
2020-03-10,10:00,14:00,1583848800000,10,BTC-13MAR20-10000-C,8074.5,4.03725,0.0005,Deribit option 1-minute OHLC close at 10:00 NY snapshot; option-denominated close converted to USD with snapshot BTC-PERPETUAL close,8070.46275,0.029976,2.99764,10166.512,-0.206172,-20.617192,0.033007,3.300666,-0.051286,-5.128626,true,true,
2020-03-11,10:00,14:00,1583935200000,10,BTC-13MAR20-10000-C,7850,3.925,0.0005,Deribit option 1-minute OHLC close at 10:00 NY snapshot; option-denominated close converted to USD with snapshot BTC-PERPETUAL close,7846.075,-0.027804,-2.780358,10166.512,-0.228243,-22.824318,0.032718,3.271782,-0.051286,-5.128626,true,true,
2020-03-12,10:00,14:00,1584021600000,10,BTC-13MAR20-10000-C,5976,38.844,0.0065,Deribit option 1-minute OHLC close at 10:00 NY snapshot; option-denominated close converted to USD with snapshot BTC-PERPETUAL close,5937.156,-0.243296,-24.329604,10166.512,-0.416009,-41.600856,0.067512,6.751152,-0.051286,-5.128626,true,true,
2020-03-13,10:00,14:00,1584108000000,11,BTC-20MAR20-6000-C,5627.5,298.2575,0.053,Deribit option 1-minute OHLC close at 10:00 NY snapshot; option-denominated close converted to USD with snapshot BTC-PERPETUAL close,5329.2425,-0.102391,-10.239136,10166.512,-0.475804,-47.580424,0.070095,7.009549,-0.075816,-7.58164,true,true,
2020-03-14,10:00,14:00,1584194400000,11,BTC-20MAR20-6000-C,5315.5,119.59875,0.0225,Deribit option 1-minute OHLC close at 10:00 NY snapshot; option-denominated close converted to USD with snapshot BTC-PERPETUAL close,5195.90125,-0.025021,-2.502068,10166.512,-0.48892,-48.891997,0.068236,6.823589,-0.098904,-9.890389,true,true,
2020-03-15,10:00,14:00,1584280800000,11,BTC-20MAR20-6000-C,5327,151.8195,0.0285,Deribit option 1-minute OHLC close at 10:00 NY snapshot; option-denominated close converted to USD with snapshot BTC-PERPETUAL close,5175.1805,-0.003988,-0.39879,10166.512,-0.490958,-49.095811,0.066164,6.616436,-0.098904,-9.890389,true,true,
2020-03-16,10:00,14:00,1584367200000,11,BTC-20MAR20-6000-C,4778,105.116,0.022,Deribit option 1-minute OHLC close at 10:00 NY snapshot; option-denominated close converted to USD with snapshot BTC-PERPETUAL close,4672.884,-0.097059,-9.705874,10166.512,-0.540365,-54.036507,0.068413,6.841259,-0.098904,-9.890389,true,true,
2020-03-17,10:00,14:00,1584453600000,11,BTC-20MAR20-6000-C,5073.5,55.8085,0.011,Deribit option 1-minute OHLC close at 10:00 NY snapshot; option-denominated close converted to USD with snapshot BTC-PERPETUAL close,5017.6915,0.073789,7.378901,10166.512,-0.506449,-50.644907,0.068747,6.874704,-0.099992,-9.999168,true,true,
2020-03-18,10:00,14:00,1584540000000,11,BTC-20MAR20-6000-C,5336,53.36,0.01,Deribit option 1-minute OHLC close at 10:00 NY snapshot; option-denominated close converted to USD with snapshot BTC-PERPETUAL close,5282.64,0.052803,5.280287,10166.512,-0.480388,-48.038816,0.067896,6.789606,-0.099992,-9.999168,true,true,
2020-03-19,10:00,14:00,1584626400000,11,BTC-20MAR20-6000-C,5827.5,87.4125,0.015,Deribit option 1-minute OHLC close at 10:00 NY snapshot; option-denominated close converted to USD with snapshot BTC-PERPETUAL close,5740.0875,0.086594,8.659449,10166.512,-0.435393,-43.539264,0.069161,6.916067,-0.099992,-9.999168,true,true,
2020-03-20,10:00,14:00,1584712800000,12,BTC-27MAR20-7000-C,6556,376.97,0.0575,Deribit option 1-minute OHLC close at 10:00 NY snapshot; option-denominated close converted to USD with snapshot BTC-PERPETUAL close,6179.03,0.07647,7.646965,10166.512,-0.392217,-39.221731,0.069621,6.962085,-0.099992,-9.999168,true,true,
2020-03-21,10:00,14:00,1584799200000,12,BTC-27MAR20-7000-C,6173,154.325,0.025,Deribit option 1-minute OHLC close at 10:00 NY snapshot; option-denominated close converted to USD with snapshot BTC-PERPETUAL close,6018.675,-0.025951,-2.595148,10166.512,-0.40799,-40.799017,0.067799,6.779858,-0.099992,-9.999168,true,true,
2020-03-22,10:00,14:00,1584885600000,12,BTC-27MAR20-7000-C,6059.5,127.2495,0.021,Deribit option 1-minute OHLC close at 10:00 NY snapshot; option-denominated close converted to USD with snapshot BTC-PERPETUAL close,5932.2505,-0.014359,-1.435939,10166.512,-0.416491,-41.649107,0.065827,6.58272,-0.099992,-9.999168,true,true,
2020-03-23,10:00,14:00,1584972000000,12,BTC-27MAR20-7000-C,6278,169.506,0.027,Deribit option 1-minute OHLC close at 10:00 NY snapshot; option-denominated close converted to USD with snapshot BTC-PERPETUAL close,6108.494,0.029709,2.970938,10166.512,-0.399155,-39.915538,0.064235,6.42354,-0.099992,-9.999168,true,true,
2020-03-24,10:00,14:00,1585058400000,12,BTC-27MAR20-7000-C,6688.5,214.032,0.032,Deribit option 1-minute OHLC close at 10:00 NY snapshot; option-denominated close converted to USD with snapshot BTC-PERPETUAL close,6474.468,0.059912,5.991231,10166.512,-0.363157,-36.315739,0.063984,6.398425,-0.099992,-9.999168,true,true,
2020-03-25,10:00,14:00,1585144800000,12,BTC-27MAR20-7000-C,6574,167.637,0.0255,Deribit option 1-minute OHLC close at 10:00 NY snapshot; option-denominated close converted to USD with snapshot BTC-PERPETUAL close,6406.363,-0.010519,-1.051901,10166.512,-0.369856,-36.985635,0.062089,6.208852,-0.099992,-9.999168,true,true,
2020-03-26,10:00,14:00,1585231200000,12,BTC-27MAR20-7000-C,6626,39.756,0.006,Deribit option 1-minute OHLC close at 10:00 NY snapshot; option-denominated close converted to USD with snapshot BTC-PERPETUAL close,6586.244,0.028078,2.807849,10166.512,-0.352163,-35.216287,0.060589,6.058869,-0.099992,-9.999168,true,true,
2020-03-27,10:00,14:00,1585317600000,13,,6596.5,,,,,,,10166.512,,,0.060589,6.058869,-0.099992,-9.999168,true,false,missing_observed_option_instrument; synthetic/theoretical cycle excluded from option valuation
2020-03-28,10:00,14:00,1585404000000,13,,6239.5,,,,,,,10166.512,,,0.060589,6.058869,-0.099992,-9.999168,true,false,missing_observed_option_instrument; synthetic/theoretical cycle excluded from option valuation
2020-03-29,10:00,14:00,1585490400000,13,,6128,,,,,,,10166.512,,,0.060589,6.058869,-0.099992,-9.999168,true,false,missing_observed_option_instrument; synthetic/theoretical cycle excluded from option valuation
2020-03-30,10:00,14:00,1585576800000,13,,6315.5,,,,,,,10166.512,,,0.060589,6.058869,-0.099992,-9.999168,true,false,missing_observed_option_instrument; synthetic/theoretical cycle excluded from option valuation
2020-03-31,10:00,14:00,1585663200000,13,,6435.5,,,,,,,10166.512,,,0.060589,6.058869,-0.099992,-9.999168,true,false,missing_observed_option_instrument; synthetic/theoretical cycle excluded from option valuation
2020-04-01,10:00,14:00,1585749600000,13,,6213.5,,,,,,,10166.512,,,0.060589,6.058869,-0.099992,-9.999168,true,false,missing_observed_option_instrument; synthetic/theoretical cycle excluded from option valuation
2020-04-02,10:00,14:00,1585836000000,13,,6650,,,,,,,10166.512,,,0.060589,6.058869,-0.099992,-9.999168,true,false,missing_observed_option_instrument; synthetic/theoretical cycle excluded from option valuation
2020-04-03,10:00,14:00,1585922400000,14,BTC-10APR20-7000-C,6845,266.955,0.039,Deribit option 1-minute OHLC close at 10:00 NY snapshot; option-denominated close converted to USD with snapshot BTC-PERPETUAL close,6578.045,,,10166.512,-0.352969,-35.296934,0.060589,6.058869,-0.099992,-9.999168,true,true,daily_return_not_computed_across_missing_mtm_gap
2020-04-04,10:00,14:00,1586008800000,14,BTC-10APR20-7000-C,6735,158.2725,0.0235,Deribit option 1-minute OHLC close at 10:00 NY snapshot; option-denominated close converted to USD with snapshot BTC-PERPETUAL close,6576.7275,-0.0002,-0.020029,10166.512,-0.353099,-35.309893,0.058743,5.874293,-0.099992,-9.999168,true,true,
2020-04-05,10:00,14:00,1586095200000,14,BTC-10APR20-7000-C,6799,146.1785,0.0215,Deribit option 1-minute OHLC close at 10:00 NY snapshot; option-denominated close converted to USD with snapshot BTC-PERPETUAL close,6652.8215,0.01157,1.157019,10166.512,-0.345614,-34.561416,0.057024,5.702386,-0.099992,-9.999168,true,true,
2020-04-06,10:00,14:00,1586181600000,14,BTC-10APR20-7000-C,7115,281.0425,0.0395,Deribit option 1-minute OHLC close at 10:00 NY snapshot; option-denominated close converted to USD with snapshot BTC-PERPETUAL close,6833.9575,0.027227,2.722694,10166.512,-0.327797,-32.779723,0.055687,5.568748,-0.099992,-9.999168,true,true,
2020-04-07,10:00,14:00,1586268000000,14,BTC-10APR20-7000-C,7351.5,382.278,0.052,Deribit option 1-minute OHLC close at 10:00 NY snapshot; option-denominated close converted to USD with snapshot BTC-PERPETUAL close,6969.222,0.019793,1.9793,10166.512,-0.314492,-31.449233,0.054208,5.420826,-0.099992,-9.999168,true,true,
2020-04-08,10:00,14:00,1586354400000,14,BTC-10APR20-7000-C,7230.5,300.06575,0.0415,Deribit option 1-minute OHLC close at 10:00 NY snapshot; option-denominated close converted to USD with snapshot BTC-PERPETUAL close,6930.43425,-0.005566,-0.556558,10166.512,-0.318308,-31.830757,0.052575,5.257454,-0.099992,-9.999168,true,true,
2020-04-09,10:00,14:00,1586440800000,14,BTC-10APR20-7000-C,7337,348.5075,0.0475,Deribit option 1-minute OHLC close at 10:00 NY snapshot; option-denominated close converted to USD with snapshot BTC-PERPETUAL close,6988.4925,0.008377,0.837729,10166.512,-0.312597,-31.259684,0.051014,5.101419,-0.099992,-9.999168,true,true,
2020-04-10,10:00,14:00,1586527200000,15,BTC-17APR20-7000-C,6903,200.187,0.029,Deribit option 1-minute OHLC close at 10:00 NY snapshot; option-denominated close converted to USD with snapshot BTC-PERPETUAL close,6702.813,-0.040879,-4.087856,10166.512,-0.340697,-34.069689,0.050463,5.04635,-0.099992,-9.999168,true,true,
2020-04-11,10:00,14:00,1586613600000,15,BTC-17APR20-7000-C,6851.5,157.5845,0.023,Deribit option 1-minute OHLC close at 10:00 NY snapshot; option-denominated close converted to USD with snapshot BTC-PERPETUAL close,6693.9155,-0.001327,-0.132743,10166.512,-0.341572,-34.157207,0.048927,4.892725,-0.099992,-9.999168,true,true,
2020-04-12,10:00,14:00,1586700000000,15,BTC-17APR20-7000-C,6929.5,169.77275,0.0245,Deribit option 1-minute OHLC close at 10:00 NY snapshot; option-denominated close converted to USD with snapshot BTC-PERPETUAL close,6759.72725,0.009832,0.983158,10166.512,-0.335099,-33.509868,0.047498,4.749782,-0.099992,-9.999168,true,true,
2020-04-13,10:00,14:00,1586786400000,15,BTC-17APR20-7000-C,6637.5,63.05625,0.0095,Deribit option 1-minute OHLC close at 10:00 NY snapshot; option-denominated close converted to USD with snapshot BTC-PERPETUAL close,6574.44375,-0.02741,-2.740991,10166.512,-0.353324,-35.332356,0.046538,4.653771,-0.099992,-9.999168,true,true,
2020-04-14,10:00,14:00,1586872800000,15,BTC-17APR20-7000-C,6905.5,110.488,0.016,Deribit option 1-minute OHLC close at 10:00 NY snapshot; option-denominated close converted to USD with snapshot BTC-PERPETUAL close,6795.012,0.033549,3.354934,10166.512,-0.331628,-33.1628,0.045862,4.586226,-0.099992,-9.999168,true,true,
2020-04-15,10:00,14:00,1586959200000,15,BTC-17APR20-7000-C,6725,33.625,0.005,Deribit option 1-minute OHLC close at 10:00 NY snapshot; option-denominated close converted to USD with snapshot BTC-PERPETUAL close,6691.375,-0.015252,-1.525192,10166.512,-0.341822,-34.182195,0.044622,4.462178,-0.099992,-9.999168,true,true,
2020-04-16,10:00,14:00,1587045600000,15,BTC-17APR20-7000-C,6998.5,87.48125,0.0125,Deribit option 1-minute OHLC close at 10:00 NY snapshot; option-denominated close converted to USD with snapshot BTC-PERPETUAL close,6911.01875,0.032825,3.282491,10166.512,-0.320217,-32.021732,0.044003,4.400324,-0.099992,-9.999168,true,true,
2020-04-17,10:00,14:00,1587132000000,16,BTC-24APR20-7000-C,7071,265.1625,0.0375,Deribit option 1-minute OHLC close at 10:00 NY snapshot; option-denominated close converted to USD with snapshot BTC-PERPETUAL close,6805.8375,-0.015219,-1.521936,10166.512,-0.330563,-33.056318,0.042825,4.28253,-0.099992,-9.999168,true,true,
2020-04-18,10:00,14:00,1587218400000,16,BTC-24APR20-7000-C,7279,393.066,0.054,Deribit option 1-minute OHLC close at 10:00 NY snapshot; option-denominated close converted to USD with snapshot BTC-PERPETUAL close,6885.934,0.011769,1.176879,10166.512,-0.322685,-32.268471,0.041621,4.162062,-0.099992,-9.999168,true,true,
2020-04-19,10:00,14:00,1587304800000,16,BTC-24APR20-7000-C,7099.5,294.62925,0.0415,Deribit option 1-minute OHLC close at 10:00 NY snapshot; option-denominated close converted to USD with snapshot BTC-PERPETUAL close,6804.87075,-0.011772,-1.17723,10166.512,-0.330658,-33.065827,0.040456,4.045559,-0.099992,-9.999168,true,true,
2020-04-20,10:00,14:00,1587391200000,16,BTC-24APR20-7000-C,7024.5,200.19825,0.0285,Deribit option 1-minute OHLC close at 10:00 NY snapshot; option-denominated close converted to USD with snapshot BTC-PERPETUAL close,6824.30175,0.002855,0.285545,10166.512,-0.328747,-32.874699,0.039229,3.922938,-0.071778,-7.177766,true,true,
2020-04-21,10:00,14:00,1587477600000,16,BTC-24APR20-7000-C,6846,82.152,0.012,Deribit option 1-minute OHLC close at 10:00 NY snapshot; option-denominated close converted to USD with snapshot BTC-PERPETUAL close,6763.848,-0.008859,-0.88586,10166.512,-0.334693,-33.469335,0.038096,3.809615,-0.034818,-3.481767,true,true,
2020-04-22,10:00,14:00,1587564000000,16,BTC-24APR20-7000-C,7074.5,148.5645,0.021,Deribit option 1-minute OHLC close at 10:00 NY snapshot; option-denominated close converted to USD with snapshot BTC-PERPETUAL close,6925.9355,0.023964,2.39638,10166.512,-0.31875,-31.875008,0.037399,3.739911,-0.034818,-3.481767,true,true,
2020-04-23,10:00,14:00,1587650400000,16,BTC-24APR20-7000-C,7256.5,275.747,0.038,Deribit option 1-minute OHLC close at 10:00 NY snapshot; option-denominated close converted to USD with snapshot BTC-PERPETUAL close,6980.753,0.007915,0.791482,10166.512,-0.313358,-31.335811,0.036312,3.631157,-0.034818,-3.481767,true,true,
2020-04-24,10:00,14:00,1587736800000,17,,7488.5,,,,,,,10166.512,,,0.036312,3.631157,-0.034818,-3.481767,true,false,missing_observed_option_instrument; synthetic/theoretical cycle excluded from option valuation
2020-04-25,10:00,14:00,1587823200000,17,,7604,,,,,,,10166.512,,,0.036312,3.631157,-0.034818,-3.481767,true,false,missing_observed_option_instrument; synthetic/theoretical cycle excluded from option valuation
2020-04-26,10:00,14:00,1587909600000,17,,7710,,,,,,,10166.512,,,0.036312,3.631157,-0.034818,-3.481767,true,false,missing_observed_option_instrument; synthetic/theoretical cycle excluded from option valuation
2020-04-27,10:00,14:00,1587996000000,17,,7694,,,,,,,10166.512,,,0.036312,3.631157,-0.034818,-3.481767,true,false,missing_observed_option_instrument; synthetic/theoretical cycle excluded from option valuation
2020-04-28,10:00,14:00,1588082400000,17,,7732.5,,,,,,,10166.512,,,0.036312,3.631157,-0.034818,-3.481767,true,false,missing_observed_option_instrument; synthetic/theoretical cycle excluded from option valuation
2020-04-29,10:00,14:00,1588168800000,17,,8305,,,,,,,10166.512,,,0.036312,3.631157,-0.034818,-3.481767,true,false,missing_observed_option_instrument; synthetic/theoretical cycle excluded from option valuation
2020-04-30,10:00,14:00,1588255200000,17,,8895,,,,,,,10166.512,,,0.036312,3.631157,-0.034818,-3.481767,true,false,missing_observed_option_instrument; synthetic/theoretical cycle excluded from option valuation
2020-05-01,10:00,14:00,1588341600000,18,,8787.5,,,,,,,10166.512,,,0.036312,3.631157,-0.034818,-3.481767,true,false,missing_observed_option_instrument; synthetic/theoretical cycle excluded from option valuation
2020-05-02,10:00,14:00,1588428000000,18,,8928,,,,,,,10166.512,,,0.036312,3.631157,-0.034818,-3.481767,true,false,missing_observed_option_instrument; synthetic/theoretical cycle excluded from option valuation
2020-05-03,10:00,14:00,1588514400000,18,,8919,,,,,,,10166.512,,,0.036312,3.631157,-0.034818,-3.481767,true,false,missing_observed_option_instrument; synthetic/theoretical cycle excluded from option valuation
2020-05-04,10:00,14:00,1588600800000,18,,8828,,,,,,,10166.512,,,0.036312,3.631157,-0.034818,-3.481767,true,false,missing_observed_option_instrument; synthetic/theoretical cycle excluded from option valuation
2020-05-05,10:00,14:00,1588687200000,18,,8919.5,,,,,,,10166.512,,,0.036312,3.631157,-0.034818,-3.481767,true,false,missing_observed_option_instrument; synthetic/theoretical cycle excluded from option valuation
2020-05-06,10:00,14:00,1588773600000,18,,9231,,,,,,,10166.512,,,0.036312,3.631157,-0.034818,-3.481767,true,false,missing_observed_option_instrument; synthetic/theoretical cycle excluded from option valuation
2020-05-07,10:00,14:00,1588860000000,18,,9516,,,,,,,10166.512,,,0.036312,3.631157,-0.034818,-3.481767,true,false,missing_observed_option_instrument; synthetic/theoretical cycle excluded from option valuation
2020-05-08,10:00,14:00,1588946400000,19,BTC-15MAY20-10000-C,9901.5,371.30625,0.0375,Deribit option 1-minute OHLC close at 10:00 NY snapshot; option-denominated close converted to USD with snapshot BTC-PERPETUAL close,9530.19375,,,10166.512,-0.06259,-6.258963,0.036312,3.631157,-0.034818,-3.481767,true,true,daily_return_not_computed_across_missing_mtm_gap
2020-05-09,10:00,14:00,1589032800000,19,BTC-15MAY20-10000-C,9713,194.26,0.02,Deribit option 1-minute OHLC close at 10:00 NY snapshot; option-denominated close converted to USD with snapshot BTC-PERPETUAL close,9518.74,-0.001202,-0.120184,10166.512,-0.063716,-6.371625,0.035207,3.520661,-0.026754,-2.675362,true,true,
2020-05-10,10:00,14:00,1589119200000,19,BTC-15MAY20-10000-C,8778,74.613,0.0085,Deribit option 1-minute OHLC close at 10:00 NY snapshot; option-denominated close converted to USD with snapshot BTC-PERPETUAL close,8703.387,-0.085658,-8.565766,10166.512,-0.143916,-14.391612,0.040067,4.006706,-0.026754,-2.675362,true,true,
2020-05-11,10:00,14:00,1589205600000,19,BTC-15MAY20-10000-C,8883,84.3885,0.0095,Deribit option 1-minute OHLC close at 10:00 NY snapshot; option-denominated close converted to USD with snapshot BTC-PERPETUAL close,8798.6115,0.010941,1.094109,10166.512,-0.13455,-13.454964,0.038939,3.893879,-0.034818,-3.481767,true,true,
2020-05-12,10:00,14:00,1589292000000,19,BTC-15MAY20-10000-C,8763,13.1445,0.0015,Deribit option 1-minute OHLC close at 10:00 NY snapshot; option-denominated close converted to USD with snapshot BTC-PERPETUAL close,8749.8555,-0.005541,-0.554133,10166.512,-0.139345,-13.934538,0.037777,3.777695,-0.034818,-3.481767,true,true,
2020-05-13,10:00,14:00,1589378400000,19,BTC-15MAY20-10000-C,9093,22.7325,0.0025,Deribit option 1-minute OHLC close at 10:00 NY snapshot; option-denominated close converted to USD with snapshot BTC-PERPETUAL close,9070.2675,0.036619,3.661912,10166.512,-0.107829,-10.782897,0.037708,3.770848,-0.034818,-3.481767,true,true,
2020-05-14,10:00,14:00,1589464800000,19,BTC-15MAY20-10000-C,9616.5,43.27425,0.0045,Deribit option 1-minute OHLC close at 10:00 NY snapshot; option-denominated close converted to USD with snapshot BTC-PERPETUAL close,9573.22575,0.055451,5.545131,10166.512,-0.058357,-5.835691,0.039001,3.900134,-0.034818,-3.481767,true,true,
2020-05-15,10:00,14:00,1589551200000,20,BTC-22MAY20-10000-C,9549,238.725,0.025,Deribit option 1-minute OHLC close at 10:00 NY snapshot; option-denominated close converted to USD with snapshot BTC-PERPETUAL close,9310.275,-0.027467,-2.746731,10166.512,-0.084221,-8.422131,0.038407,3.84071,-0.034818,-3.481767,true,true,
2020-05-16,10:00,14:00,1589637600000,20,BTC-22MAY20-10000-C,9461,165.5675,0.0175,Deribit option 1-minute OHLC close at 10:00 NY snapshot; option-denominated close converted to USD with snapshot BTC-PERPETUAL close,9295.4325,-0.001594,-0.159421,10166.512,-0.085681,-8.568125,0.037239,3.723912,-0.034843,-3.48435,true,true,
2020-05-17,10:00,14:00,1589724000000,20,BTC-22MAY20-10000-C,9782,220.095,0.0225,Deribit option 1-minute OHLC close at 10:00 NY snapshot; option-denominated close converted to USD with snapshot BTC-PERPETUAL close,9561.905,0.028667,2.866704,10166.512,-0.05947,-5.947045,0.036781,3.678117,-0.034843,-3.48435,true,true,
2020-05-18,10:00,14:00,1589810400000,20,BTC-22MAY20-10000-C,9643,183.217,0.019,Deribit option 1-minute OHLC close at 10:00 NY snapshot; option-denominated close converted to USD with snapshot BTC-PERPETUAL close,9459.783,-0.01068,-1.068009,10166.512,-0.069515,-6.951539,0.035756,3.57565,-0.034843,-3.48435,true,true,
2020-05-19,10:00,14:00,1589896800000,20,BTC-22MAY20-10000-C,9679,164.543,0.017,Deribit option 1-minute OHLC close at 10:00 NY snapshot; option-denominated close converted to USD with snapshot BTC-PERPETUAL close,9514.457,0.00578,0.577963,10166.512,-0.064138,-6.413753,0.034696,3.469611,-0.034843,-3.48435,true,true,
2020-05-20,10:00,14:00,1589983200000,20,BTC-22MAY20-10000-C,9792,107.712,0.011,Deribit option 1-minute OHLC close at 10:00 NY snapshot; option-denominated close converted to USD with snapshot BTC-PERPETUAL close,9684.288,0.01785,1.784978,10166.512,-0.047433,-4.743259,0.033922,3.392208,-0.034843,-3.48435,true,true,
2020-05-21,10:00,14:00,1590069600000,20,BTC-22MAY20-10000-C,9306.5,18.613,0.002,Deribit option 1-minute OHLC close at 10:00 NY snapshot; option-denominated close converted to USD with snapshot BTC-PERPETUAL close,9287.887,-0.040932,-4.093238,10166.512,-0.086423,-8.642345,0.034383,3.438303,-0.034843,-3.48435,true,true,
2020-05-22,10:00,14:00,1590156000000,21,BTC-29MAY20-10000-C,9112.5,77.45625,0.0085,Deribit option 1-minute OHLC close at 10:00 NY snapshot; option-denominated close converted to USD with snapshot BTC-PERPETUAL close,9035.04375,-0.027223,-2.72229,10166.512,-0.111294,-11.129365,0.033996,3.399597,-0.040908,-4.090816,true,true,
2020-05-23,10:00,14:00,1590242400000,21,BTC-29MAY20-10000-C,9145,59.4425,0.0065,Deribit option 1-minute OHLC close at 10:00 NY snapshot; option-denominated close converted to USD with snapshot BTC-PERPETUAL close,9085.5575,0.005591,0.559087,10166.512,-0.106325,-10.632501,0.032989,3.298876,-0.040908,-4.090816,true,true,
2020-05-24,10:00,14:00,1590328800000,21,BTC-29MAY20-10000-C,9009,49.5495,0.0055,Deribit option 1-minute OHLC close at 10:00 NY snapshot; option-denominated close converted to USD with snapshot BTC-PERPETUAL close,8959.4505,-0.01388,-1.387994,10166.512,-0.118729,-11.872917,0.032164,3.216398,-0.040908,-4.090816,true,true,
2020-05-25,10:00,14:00,1590415200000,21,BTC-29MAY20-10000-C,8824.5,30.88575,0.0035,Deribit option 1-minute OHLC close at 10:00 NY snapshot; option-denominated close converted to USD with snapshot BTC-PERPETUAL close,8793.61425,-0.01851,-1.850965,10166.512,-0.135041,-13.504118,0.031512,3.151201,-0.040908,-4.090816,true,true,
2020-05-26,10:00,14:00,1590501600000,21,BTC-29MAY20-10000-C,8799,21.9975,0.0025,Deribit option 1-minute OHLC close at 10:00 NY snapshot; option-denominated close converted to USD with snapshot BTC-PERPETUAL close,8777.0025,-0.001889,-0.188907,10166.512,-0.136675,-13.667514,0.030556,3.055553,-0.034873,-3.48731,true,true,
2020-05-27,10:00,14:00,1590588000000,21,BTC-29MAY20-10000-C,9140.5,22.85125,0.0025,Deribit option 1-minute OHLC close at 10:00 NY snapshot; option-denominated close converted to USD with snapshot BTC-PERPETUAL close,9117.64875,0.038811,3.881123,10166.512,-0.103168,-10.316845,0.031113,3.111271,-0.034873,-3.48731,true,true,
2020-05-28,10:00,14:00,1590674400000,21,BTC-29MAY20-10000-C,9418,9.418,0.001,Deribit option 1-minute OHLC close at 10:00 NY snapshot; option-denominated close converted to USD with snapshot BTC-PERPETUAL close,9408.582,0.031909,3.19088,10166.512,-0.074552,-7.455163,0.031161,3.116105,-0.034873,-3.48731,true,true,
2020-05-29,10:00,14:00,1590760800000,22,,9430,,,,,,,10166.512,,,0.031161,3.116105,-0.034873,-3.48731,true,false,missing_observed_option_instrument; synthetic/theoretical cycle excluded from option valuation
2020-05-30,10:00,14:00,1590847200000,22,,9570.5,,,,,,,10166.512,,,0.031161,3.116105,-0.034873,-3.48731,true,false,missing_observed_option_instrument; synthetic/theoretical cycle excluded from option valuation
2020-05-31,10:00,14:00,1590933600000,22,,9538.5,,,,,,,10166.512,,,0.031161,3.116105,-0.034873,-3.48731,true,false,missing_observed_option_instrument; synthetic/theoretical cycle excluded from option valuation
2020-06-01,10:00,14:00,1591020000000,22,,9555.5,,,,,,,10166.512,,,0.031161,3.116105,-0.034873,-3.48731,true,false,missing_observed_option_instrument; synthetic/theoretical cycle excluded from option valuation
2020-06-02,10:00,14:00,1591106400000,22,,10162.5,,,,,,,10166.512,,,0.031161,3.116105,-0.034873,-3.48731,true,false,missing_observed_option_instrument; synthetic/theoretical cycle excluded from option valuation
2020-06-03,10:00,14:00,1591192800000,22,,9595,,,,,,,10166.512,,,0.031161,3.116105,-0.034873,-3.48731,true,false,missing_observed_option_instrument; synthetic/theoretical cycle excluded from option valuation
2020-06-04,10:00,14:00,1591279200000,22,,9780,,,,,,,10166.512,,,0.031161,3.116105,-0.034873,-3.48731,true,false,missing_observed_option_instrument; synthetic/theoretical cycle excluded from option valuation
2020-06-05,10:00,14:00,1591365600000,23,BTC-12JUN20-10000-C,9708.5,189.31575,0.0195,Deribit option 1-minute OHLC close at 10:00 NY snapshot; option-denominated close converted to USD with snapshot BTC-PERPETUAL close,9519.18425,,,10166.512,-0.063673,-6.367255,0.031161,3.116105,-0.034873,-3.48731,true,true,daily_return_not_computed_across_missing_mtm_gap
2020-06-06,10:00,14:00,1591452000000,23,BTC-12JUN20-10000-C,9650,149.575,0.0155,Deribit option 1-minute OHLC close at 10:00 NY snapshot; option-denominated close converted to USD with snapshot BTC-PERPETUAL close,9500.425,-0.001971,-0.197068,10166.512,-0.065518,-6.551775,0.030216,3.021562,-0.034873,-3.48731,true,true,
2020-06-07,10:00,14:00,1591538400000,23,BTC-12JUN20-10000-C,9445.5,94.455,0.01,Deribit option 1-minute OHLC close at 10:00 NY snapshot; option-denominated close converted to USD with snapshot BTC-PERPETUAL close,9351.045,-0.015724,-1.572351,10166.512,-0.080211,-8.021109,0.029547,2.954722,-0.034873,-3.48731,true,true,
2020-06-08,10:00,14:00,1591624800000,23,BTC-12JUN20-10000-C,9682,121.025,0.0125,Deribit option 1-minute OHLC close at 10:00 NY snapshot; option-denominated close converted to USD with snapshot BTC-PERPETUAL close,9560.975,0.02245,2.24499,10166.512,-0.059562,-5.956192,0.02917,2.917012,-0.034873,-3.48731,true,true,
2020-06-09,10:00,14:00,1591711200000,23,BTC-12JUN20-10000-C,9716,106.876,0.011,Deribit option 1-minute OHLC close at 10:00 NY snapshot; option-denominated close converted to USD with snapshot BTC-PERPETUAL close,9609.124,0.005036,0.503599,10166.512,-0.054826,-5.482588,0.028308,2.830837,-0.034873,-3.48731,true,true,
2020-06-10,10:00,14:00,1591797600000,23,BTC-12JUN20-10000-C,9758,87.822,0.009,Deribit option 1-minute OHLC close at 10:00 NY snapshot; option-denominated close converted to USD with snapshot BTC-PERPETUAL close,9670.178,0.006354,0.635375,10166.512,-0.04882,-4.882048,0.02749,2.749007,-0.034873,-3.48731,true,true,
2020-06-11,10:00,14:00,1591884000000,23,BTC-12JUN20-10000-C,9612.5,24.03125,0.0025,Deribit option 1-minute OHLC close at 10:00 NY snapshot; option-denominated close converted to USD with snapshot BTC-PERPETUAL close,9588.46875,-0.00845,-0.844961,10166.512,-0.056858,-5.685758,0.026733,2.673286,-0.034873,-3.48731,true,true,
2020-06-12,10:00,14:00,1591970400000,24,BTC-19JUN20-10000-C,9538.5,95.385,0.01,Deribit option 1-minute OHLC close at 10:00 NY snapshot; option-denominated close converted to USD with snapshot BTC-PERPETUAL close,9443.115,-0.015159,-1.515922,10166.512,-0.071155,-7.115489,0.026183,2.618311,-0.034873,-3.48731,true,true,
2020-06-13,10:00,14:00,1592056800000,24,BTC-19JUN20-10000-C,9429,61.2885,0.0065,Deribit option 1-minute OHLC close at 10:00 NY snapshot; option-denominated close converted to USD with snapshot BTC-PERPETUAL close,9367.7115,-0.007985,-0.798502,10166.512,-0.078572,-7.857174,0.025461,2.54607,-0.034873,-3.48731,true,true,
2020-06-14,10:00,14:00,1592143200000,24,BTC-19JUN20-10000-C,9405,61.1325,0.0065,Deribit option 1-minute OHLC close at 10:00 NY snapshot; option-denominated close converted to USD with snapshot BTC-PERPETUAL close,9343.8675,-0.002545,-0.254534,10166.512,-0.080917,-8.091708,0.024693,2.469294,-0.034873,-3.48731,true,true,
2020-06-15,10:00,14:00,1592229600000,24,BTC-19JUN20-10000-C,9193.5,18.387,0.002,Deribit option 1-minute OHLC close at 10:00 NY snapshot; option-denominated close converted to USD with snapshot BTC-PERPETUAL close,9175.113,-0.01806,-1.806046,10166.512,-0.097516,-9.751614,0.024346,2.4346,-0.034873,-3.48731,true,true,
2020-06-16,10:00,14:00,1592316000000,24,BTC-19JUN20-10000-C,9531,42.8895,0.0045,Deribit option 1-minute OHLC close at 10:00 NY snapshot; option-denominated close converted to USD with snapshot BTC-PERPETUAL close,9488.1105,0.034114,3.411375,10166.512,-0.066729,-6.672903,0.02504,2.503974,-0.034873,-3.48731,true,true,
2020-06-17,10:00,14:00,1592402400000,24,BTC-19JUN20-10000-C,9415,14.1225,0.0015,Deribit option 1-minute OHLC close at 10:00 NY snapshot; option-denominated close converted to USD with snapshot BTC-PERPETUAL close,9400.8775,-0.009194,-0.919393,10166.512,-0.075309,-7.530946,0.024381,2.438116,-0.034873,-3.48731,true,true,
2020-06-18,10:00,14:00,1592488800000,24,BTC-19JUN20-10000-C,9394,9.394,0.001,Deribit option 1-minute OHLC close at 10:00 NY snapshot; option-denominated close converted to USD with snapshot BTC-PERPETUAL close,9384.606,-0.001731,-0.173085,10166.512,-0.07691,-7.690996,0.023642,2.364222,-0.027357,-2.735733,true,true,
2020-06-19,10:00,14:00,1592575200000,25,BTC-26JUN20-10000-C,9390.5,65.7335,0.007,Deribit option 1-minute OHLC close at 10:00 NY snapshot; option-denominated close converted to USD with snapshot BTC-PERPETUAL close,9324.7665,-0.006376,-0.637635,10166.512,-0.082796,-8.27959,0.022975,2.297513,-0.027357,-2.735733,true,true,
2020-06-20,10:00,14:00,1592661600000,25,BTC-26JUN20-10000-C,9288,51.084,0.0055,Deribit option 1-minute OHLC close at 10:00 NY snapshot; option-denominated close converted to USD with snapshot BTC-PERPETUAL close,9236.916,-0.009421,-0.94212,10166.512,-0.091437,-9.143706,0.022394,2.239444,-0.027357,-2.735733,true,true,
2020-06-21,10:00,14:00,1592748000000,25,BTC-26JUN20-10000-C,9349,37.396,0.004,Deribit option 1-minute OHLC close at 10:00 NY snapshot; option-denominated close converted to USD with snapshot BTC-PERPETUAL close,9311.604,0.008086,0.808582,10166.512,-0.084091,-8.409059,0.021802,2.180236,-0.027357,-2.735733,true,true,
2020-06-22,10:00,14:00,1592834400000,25,BTC-26JUN20-10000-C,9472.5,42.62625,0.0045,Deribit option 1-minute OHLC close at 10:00 NY snapshot; option-denominated close converted to USD with snapshot BTC-PERPETUAL close,9429.87375,0.012701,1.270133,10166.512,-0.072457,-7.245732,0.021366,2.13659,-0.027357,-2.735733,true,true,
2020-06-23,10:00,14:00,1592920800000,25,BTC-26JUN20-10000-C,9640,48.2,0.005,Deribit option 1-minute OHLC close at 10:00 NY snapshot; option-denominated close converted to USD with snapshot BTC-PERPETUAL close,9591.8,0.017172,1.717162,10166.512,-0.05653,-5.652991,0.021138,2.113773,-0.023302,-2.330194,true,true,
2020-06-24,10:00,14:00,1593007200000,25,BTC-26JUN20-10000-C,9329,13.9935,0.0015,Deribit option 1-minute OHLC close at 10:00 NY snapshot; option-denominated close converted to USD with snapshot BTC-PERPETUAL close,9315.0065,-0.028857,-2.885731,10166.512,-0.083756,-8.375591,0.021679,2.167856,-0.023302,-2.330194,true,true,
2020-06-25,10:00,14:00,1593093600000,25,BTC-26JUN20-10000-C,9198,4.599,0.0005,Deribit option 1-minute OHLC close at 10:00 NY snapshot; option-denominated close converted to USD with snapshot BTC-PERPETUAL close,9193.401,-0.013055,-1.305479,10166.512,-0.095717,-9.571729,0.02126,2.126001,-0.028122,-2.812182,true,true,
2020-06-26,10:00,14:00,1593180000000,26,,9129.5,,,,,,,10166.512,,,0.02126,2.126001,-0.028122,-2.812182,true,false,missing_observed_option_instrument; synthetic/theoretical cycle excluded from option valuation
2020-06-27,10:00,14:00,1593266400000,26,,9146.5,,,,,,,10166.512,,,0.02126,2.126001,-0.028122,-2.812182,true,false,missing_observed_option_instrument; synthetic/theoretical cycle excluded from option valuation
2020-06-28,10:00,14:00,1593352800000,26,,9050,,,,,,,10166.512,,,0.02126,2.126001,-0.028122,-2.812182,true,false,missing_observed_option_instrument; synthetic/theoretical cycle excluded from option valuation
2020-06-29,10:00,14:00,1593439200000,26,,9044,,,,,,,10166.512,,,0.02126,2.126001,-0.028122,-2.812182,true,false,missing_observed_option_instrument; synthetic/theoretical cycle excluded from option valuation
2020-06-30,10:00,14:00,1593525600000,26,,9126,,,,,,,10166.512,,,0.02126,2.126001,-0.028122,-2.812182,true,false,missing_observed_option_instrument; synthetic/theoretical cycle excluded from option valuation
2020-07-01,10:00,14:00,1593612000000,26,,9228,,,,,,,10166.512,,,0.02126,2.126001,-0.028122,-2.812182,true,false,missing_observed_option_instrument; synthetic/theoretical cycle excluded from option valuation
2020-07-02,10:00,14:00,1593698400000,26,,9253.5,,,,,,,10166.512,,,0.02126,2.126001,-0.028122,-2.812182,true,false,missing_observed_option_instrument; synthetic/theoretical cycle excluded from option valuation
2020-07-03,10:00,14:00,1593784800000,27,BTC-10JUL20-10000-C,9090,9.09,0.001,Deribit option 1-minute OHLC close at 10:00 NY snapshot; option-denominated close converted to USD with snapshot BTC-PERPETUAL close,9080.91,,,10166.512,-0.106782,-10.678215,0.02126,2.126001,-0.028122,-2.812182,true,true,daily_return_not_computed_across_missing_mtm_gap
2020-07-04,10:00,14:00,1593871200000,27,BTC-10JUL20-10000-C,9080.5,13.62075,0.0015,Deribit option 1-minute OHLC close at 10:00 NY snapshot; option-denominated close converted to USD with snapshot BTC-PERPETUAL close,9066.87925,-0.001545,-0.154508,10166.512,-0.108162,-10.816224,0.020616,2.061582,-0.028122,-2.812182,true,true,
2020-07-05,10:00,14:00,1593957600000,27,BTC-10JUL20-10000-C,9008,13.512,0.0015,Deribit option 1-minute OHLC close at 10:00 NY snapshot; option-denominated close converted to USD with snapshot BTC-PERPETUAL close,8994.488,-0.007984,-0.798414,10166.512,-0.115283,-11.52828,0.020083,2.008323,-0.028122,-2.812182,true,true,
2020-07-06,10:00,14:00,1594044000000,27,BTC-10JUL20-10000-C,9259,18.518,0.002,Deribit option 1-minute OHLC close at 10:00 NY snapshot; option-denominated close converted to USD with snapshot BTC-PERPETUAL close,9240.482,0.027349,2.734942,10166.512,-0.091086,-9.10863,0.020592,2.059163,-0.028122,-2.812182,true,true,
2020-07-07,10:00,14:00,1594130400000,27,BTC-10JUL20-10000-C,9260.5,18.521,0.002,Deribit option 1-minute OHLC close at 10:00 NY snapshot; option-denominated close converted to USD with snapshot BTC-PERPETUAL close,9241.979,0.000162,0.0162,10166.512,-0.090939,-9.093906,0.019964,1.996437,-0.023302,-2.330194,true,true,
2020-07-08,10:00,14:00,1594216800000,27,BTC-10JUL20-10000-C,9467,18.934,0.002,Deribit option 1-minute OHLC close at 10:00 NY snapshot; option-denominated close converted to USD with snapshot BTC-PERPETUAL close,9448.066,0.022299,2.229901,10166.512,-0.070668,-7.066789,0.020112,2.011209,-0.018308,-1.830751,true,true,
2020-07-09,10:00,14:00,1594303200000,27,BTC-10JUL20-10000-C,9395,4.6975,0.0005,Deribit option 1-minute OHLC close at 10:00 NY snapshot; option-denominated close converted to USD with snapshot BTC-PERPETUAL close,9390.3025,-0.006114,-0.611379,10166.512,-0.07635,-7.634964,0.019557,1.955682,-0.018308,-1.830751,true,true,
2020-07-10,10:00,14:00,1594389600000,28,BTC-17JUL20-10000-C,9177.5,27.5325,0.003,Deribit option 1-minute OHLC close at 10:00 NY snapshot; option-denominated close converted to USD with snapshot BTC-PERPETUAL close,9149.9675,-0.025594,-2.559396,10166.512,-0.09999,-9.99895,0.019971,1.997058,-0.018308,-1.830751,true,true,
2020-07-11,10:00,14:00,1594476000000,28,BTC-17JUL20-10000-C,9227,27.681,0.003,Deribit option 1-minute OHLC close at 10:00 NY snapshot; option-denominated close converted to USD with snapshot BTC-PERPETUAL close,9199.319,0.005394,0.539363,10166.512,-0.095135,-9.513519,0.019407,1.940722,-0.022204,-2.220388,true,true,
2020-07-12,10:00,14:00,1594562400000,28,BTC-17JUL20-10000-C,9212.5,27.6375,0.003,Deribit option 1-minute OHLC close at 10:00 NY snapshot; option-denominated close converted to USD with snapshot BTC-PERPETUAL close,9184.8625,-0.001571,-0.157148,10166.512,-0.096557,-9.655716,0.01882,1.881993,-0.022204,-2.220388,true,true,
2020-07-13,10:00,14:00,1594648800000,28,BTC-17JUL20-10000-C,9325,23.3125,0.0025,Deribit option 1-minute OHLC close at 10:00 NY snapshot; option-denominated close converted to USD with snapshot BTC-PERPETUAL close,9301.6875,0.012719,1.27193,10166.512,-0.085066,-8.5066,0.018511,1.851068,-0.022204,-2.220388,true,true,
2020-07-14,10:00,14:00,1594735200000,28,BTC-17JUL20-10000-C,9206,9.206,0.001,Deribit option 1-minute OHLC close at 10:00 NY snapshot; option-denominated close converted to USD with snapshot BTC-PERPETUAL close,9196.794,-0.011277,-1.127682,10166.512,-0.095384,-9.538355,0.018158,1.81581,-0.022204,-2.220388,true,true,
2020-07-15,10:00,14:00,1594821600000,28,BTC-17JUL20-10000-C,9222.5,4.61125,0.0005,Deribit option 1-minute OHLC close at 10:00 NY snapshot; option-denominated close converted to USD with snapshot BTC-PERPETUAL close,9217.88875,0.002294,0.229371,10166.512,-0.093309,-9.330862,0.017614,1.761389,-0.022204,-2.220388,true,true,
2020-07-16,10:00,14:00,1594908000000,28,BTC-17JUL20-10000-C,9080.5,4.54025,0.0005,Deribit option 1-minute OHLC close at 10:00 NY snapshot; option-denominated close converted to USD with snapshot BTC-PERPETUAL close,9075.95975,-0.015397,-1.539713,10166.512,-0.107269,-10.726907,0.017489,1.748881,-0.022204,-2.220388,true,true,
2020-07-17,10:00,14:00,1594994400000,29,BTC-24JUL20-10000-C,9158.5,18.317,0.002,Deribit option 1-minute OHLC close at 10:00 NY snapshot; option-denominated close converted to USD with snapshot BTC-PERPETUAL close,9140.183,0.007076,0.707619,10166.512,-0.100952,-10.095193,0.017044,1.70444,-0.022204,-2.220388,true,true,
2020-07-18,10:00,14:00,1595080800000,29,BTC-24JUL20-10000-C,9166.5,18.333,0.002,Deribit option 1-minute OHLC close at 10:00 NY snapshot; option-denominated close converted to USD with snapshot BTC-PERPETUAL close,9148.167,0.000874,0.087351,10166.512,-0.100167,-10.016661,0.016527,1.652654,-0.022204,-2.220388,true,true,
2020-07-19,10:00,14:00,1595167200000,29,BTC-24JUL20-10000-C,9132.5,13.69875,0.0015,Deribit option 1-minute OHLC close at 10:00 NY snapshot; option-denominated close converted to USD with snapshot BTC-PERPETUAL close,9118.80125,-0.00321,-0.321001,10166.512,-0.103055,-10.305508,0.016042,1.604236,-0.022204,-2.220388,true,true,
2020-07-20,10:00,14:00,1595253600000,29,BTC-24JUL20-10000-C,9150,9.15,0.001,Deribit option 1-minute OHLC close at 10:00 NY snapshot; option-denominated close converted to USD with snapshot BTC-PERPETUAL close,9140.85,0.002418,0.241794,10166.512,-0.100886,-10.088632,0.015565,1.556491,-0.022204,-2.220388,true,true,
2020-07-21,10:00,14:00,1595340000000,29,BTC-24JUL20-10000-C,9425,28.275,0.003,Deribit option 1-minute OHLC close at 10:00 NY snapshot; option-denominated close converted to USD with snapshot BTC-PERPETUAL close,9396.725,0.027992,2.799247,10166.512,-0.075718,-7.571791,0.016575,1.657544,-0.022204,-2.220388,true,true,
2020-07-22,10:00,14:00,1595426400000,29,BTC-24JUL20-10000-C,9340.5,9.3405,0.001,Deribit option 1-minute OHLC close at 10:00 NY snapshot; option-denominated close converted to USD with snapshot BTC-PERPETUAL close,9331.1595,-0.006977,-0.697748,10166.512,-0.082167,-8.216707,0.016161,1.616112,-0.022204,-2.220388,true,true,
2020-07-23,10:00,14:00,1595512800000,29,BTC-24JUL20-10000-C,9509,9.509,0.001,Deribit option 1-minute OHLC close at 10:00 NY snapshot; option-denominated close converted to USD with snapshot BTC-PERPETUAL close,9499.491,0.01804,1.803972,10166.512,-0.06561,-6.560962,0.01628,1.627995,-0.022204,-2.220388,true,true,
2020-07-24,10:00,14:00,1595599200000,30,BTC-31JUL20-10000-C,9529.5,57.177,0.006,Deribit option 1-minute OHLC close at 10:00 NY snapshot; option-denominated close converted to USD with snapshot BTC-PERPETUAL close,9472.323,-0.00286,-0.285994,10166.512,-0.068282,-6.828192,0.0158,1.579953,-0.021005,-2.100538,true,true,
2020-07-25,10:00,14:00,1595685600000,30,BTC-31JUL20-10000-C,9599,62.3935,0.0065,Deribit option 1-minute OHLC close at 10:00 NY snapshot; option-denominated close converted to USD with snapshot BTC-PERPETUAL close,9536.6065,0.006786,0.678646,10166.512,-0.061959,-6.195886,0.015408,1.540815,-0.021005,-2.100538,true,true,
2020-07-26,10:00,14:00,1595772000000,30,BTC-31JUL20-10000-C,9903,178.254,0.018,Deribit option 1-minute OHLC close at 10:00 NY snapshot; option-denominated close converted to USD with snapshot BTC-PERPETUAL close,9724.746,0.019728,1.972814,10166.512,-0.043453,-4.345305,0.015701,1.57009,-0.021005,-2.100538,true,true,
2020-07-27,10:00,14:00,1595858400000,30,BTC-31JUL20-10000-C,10373.5,544.60875,0.0525,Deribit option 1-minute OHLC close at 10:00 NY snapshot; option-denominated close converted to USD with snapshot BTC-PERPETUAL close,9828.89125,0.010709,1.07093,10166.512,-0.033209,-3.32091,0.015447,1.544696,-0.021005,-2.100538,true,true,
2020-07-28,10:00,14:00,1595944800000,30,BTC-31JUL20-10000-C,10998.5,1000.8635,0.091,Deribit option 1-minute OHLC close at 10:00 NY snapshot; option-denominated close converted to USD with snapshot BTC-PERPETUAL close,9997.6365,0.017168,1.716829,10166.512,-0.016611,-1.661096,0.015556,1.555561,-0.021005,-2.100538,true,true,
2020-07-29,10:00,14:00,1596031200000,30,BTC-31JUL20-10000-C,11104,1099.296,0.099,Deribit option 1-minute OHLC close at 10:00 NY snapshot; option-denominated close converted to USD with snapshot BTC-PERPETUAL close,10004.704,0.000707,0.070692,10166.512,-0.015916,-1.591578,0.015083,1.508272,-0.021005,-2.100538,true,true,
2020-07-30,10:00,14:00,1596117600000,30,BTC-31JUL20-10000-C,11023.5,1047.2325,0.095,Deribit option 1-minute OHLC close at 10:00 NY snapshot; option-denominated close converted to USD with snapshot BTC-PERPETUAL close,9976.2675,-0.002842,-0.284231,10166.512,-0.018713,-1.871286,0.01464,1.46398,-0.021005,-2.100538,true,true,
2020-07-31,10:00,14:00,1596204000000,31,,11163,,,,,,,10166.512,,,0.01464,1.46398,-0.021005,-2.100538,true,false,missing_observed_option_instrument; synthetic/theoretical cycle excluded from option valuation
2020-08-01,10:00,14:00,1596290400000,31,,11557,,,,,,,10166.512,,,0.01464,1.46398,-0.021005,-2.100538,true,false,missing_observed_option_instrument; synthetic/theoretical cycle excluded from option valuation
2020-08-02,10:00,14:00,1596376800000,31,,11110,,,,,,,10166.512,,,0.01464,1.46398,-0.021005,-2.100538,true,false,missing_observed_option_instrument; synthetic/theoretical cycle excluded from option valuation
2020-08-03,10:00,14:00,1596463200000,31,,11281.5,,,,,,,10166.512,,,0.01464,1.46398,-0.021005,-2.100538,true,false,missing_observed_option_instrument; synthetic/theoretical cycle excluded from option valuation
2020-08-04,10:00,14:00,1596549600000,31,,11155,,,,,,,10166.512,,,0.01464,1.46398,-0.021005,-2.100538,true,false,missing_observed_option_instrument; synthetic/theoretical cycle excluded from option valuation
2020-08-05,10:00,14:00,1596636000000,31,,11632,,,,,,,10166.512,,,0.01464,1.46398,-0.021005,-2.100538,true,false,missing_observed_option_instrument; synthetic/theoretical cycle excluded from option valuation
2020-08-06,10:00,14:00,1596722400000,31,,11863,,,,,,,10166.512,,,0.01464,1.46398,-0.021005,-2.100538,true,false,missing_observed_option_instrument; synthetic/theoretical cycle excluded from option valuation
2020-08-07,10:00,14:00,1596808800000,32,BTC-14AUG20-12000-C,11746,240.793,0.0205,Deribit option 1-minute OHLC close at 10:00 NY snapshot; option-denominated close converted to USD with snapshot BTC-PERPETUAL close,11505.207,,,11505.207,0,0,0.01464,1.46398,-0.021005,-2.100538,true,true,daily_return_not_computed_across_missing_mtm_gap
2020-08-08,10:00,14:00,1596895200000,32,BTC-14AUG20-12000-C,11772,194.238,0.0165,Deribit option 1-minute OHLC close at 10:00 NY snapshot; option-denominated close converted to USD with snapshot BTC-PERPETUAL close,11577.762,0.006306,0.630628,11577.762,0,0,0.014278,1.427763,-0.021005,-2.100538,true,true,
2020-08-09,10:00,14:00,1596981600000,32,BTC-14AUG20-12000-C,11625.5,98.81675,0.0085,Deribit option 1-minute OHLC close at 10:00 NY snapshot; option-denominated close converted to USD with snapshot BTC-PERPETUAL close,11526.68325,-0.004412,-0.44118,11577.762,-0.004412,-0.44118,0.013885,1.388479,-0.021005,-2.100538,true,true,
2020-08-10,10:00,14:00,1597068000000,32,BTC-14AUG20-12000-C,11944,226.936,0.019,Deribit option 1-minute OHLC close at 10:00 NY snapshot; option-denominated close converted to USD with snapshot BTC-PERPETUAL close,11717.064,0.016517,1.651652,11717.064,0,0,0.014057,1.40566,-0.014343,-1.434308,true,true,
2020-08-11,10:00,14:00,1597154400000,32,BTC-14AUG20-12000-C,11661,64.1355,0.0055,Deribit option 1-minute OHLC close at 10:00 NY snapshot; option-denominated close converted to USD with snapshot BTC-PERPETUAL close,11596.8645,-0.010258,-1.02585,11717.064,-0.010258,-1.02585,0.013858,1.38581,-0.013543,-1.354299,true,true,
2020-08-12,10:00,14:00,1597240800000,32,BTC-14AUG20-12000-C,11587.5,23.175,0.002,Deribit option 1-minute OHLC close at 10:00 NY snapshot; option-denominated close converted to USD with snapshot BTC-PERPETUAL close,11564.325,-0.002806,-0.280589,11717.064,-0.013036,-1.30356,0.013453,1.345349,-0.013543,-1.354299,true,true,
2020-08-13,10:00,14:00,1597327200000,32,BTC-14AUG20-12000-C,11531.5,5.76575,0.0005,Deribit option 1-minute OHLC close at 10:00 NY snapshot; option-denominated close converted to USD with snapshot BTC-PERPETUAL close,11525.73425,-0.003337,-0.333705,11717.064,-0.016329,-1.632915,0.013069,1.306923,-0.013543,-1.354299,true,true,
2020-08-14,10:00,14:00,1597413600000,33,BTC-21AUG20-12000-C,11731,187.696,0.016,Deribit option 1-minute OHLC close at 10:00 NY snapshot; option-denominated close converted to USD with snapshot BTC-PERPETUAL close,11543.304,0.001524,0.152439,11717.064,-0.01483,-1.482965,0.012677,1.267659,-0.013543,-1.354299,true,true,
2020-08-15,10:00,14:00,1597500000000,33,BTC-21AUG20-12000-C,11809,230.2755,0.0195,Deribit option 1-minute OHLC close at 10:00 NY snapshot; option-denominated close converted to USD with snapshot BTC-PERPETUAL close,11578.7245,0.003068,0.306849,11717.064,-0.011807,-1.180667,0.012313,1.231337,-0.013543,-1.354299,true,true,
2020-08-16,10:00,14:00,1597586400000,33,BTC-21AUG20-12000-C,11830,201.11,0.017,Deribit option 1-minute OHLC close at 10:00 NY snapshot; option-denominated close converted to USD with snapshot BTC-PERPETUAL close,11628.89,0.004333,0.433256,11717.064,-0.007525,-0.752526,0.011985,1.198533,-0.013543,-1.354299,true,true,
2020-08-17,10:00,14:00,1597672800000,33,BTC-21AUG20-12000-C,12182.5,365.475,0.03,Deribit option 1-minute OHLC close at 10:00 NY snapshot; option-denominated close converted to USD with snapshot BTC-PERPETUAL close,11817.025,0.016178,1.617824,11817.025,0,0,0.012277,1.227735,-0.013543,-1.354299,true,true,
2020-08-18,10:00,14:00,1597759200000,33,BTC-21AUG20-12000-C,12144,315.744,0.026,Deribit option 1-minute OHLC close at 10:00 NY snapshot; option-denominated close converted to USD with snapshot BTC-PERPETUAL close,11828.256,0.00095,0.095041,11828.256,0,0,0.011906,1.190561,-0.010819,-1.081858,true,true,
2020-08-19,10:00,14:00,1597845600000,33,BTC-21AUG20-12000-C,11883,112.8885,0.0095,Deribit option 1-minute OHLC close at 10:00 NY snapshot; option-denominated close converted to USD with snapshot BTC-PERPETUAL close,11770.1115,-0.004916,-0.491573,11828.256,-0.004916,-0.491573,0.011606,1.160555,-0.010819,-1.081858,true,true,
2020-08-20,10:00,14:00,1597932000000,33,BTC-21AUG20-12000-C,11825.5,35.4765,0.003,Deribit option 1-minute OHLC close at 10:00 NY snapshot; option-denominated close converted to USD with snapshot BTC-PERPETUAL close,11790.0235,0.001692,0.169174,11828.256,-0.003232,-0.32323,0.01126,1.125963,-0.010819,-1.081858,true,true,
2020-08-21,10:00,14:00,1598018400000,34,BTC-28AUG20-12000-C,11716.5,164.031,0.014,Deribit option 1-minute OHLC close at 10:00 NY snapshot; option-denominated close converted to USD with snapshot BTC-PERPETUAL close,11552.469,-0.020149,-2.014877,11828.256,-0.023316,-2.331595,0.01198,1.198044,-0.010819,-1.081858,true,true,
2020-08-22,10:00,14:00,1598104800000,34,BTC-28AUG20-12000-C,11609.5,92.876,0.008,Deribit option 1-minute OHLC close at 10:00 NY snapshot; option-denominated close converted to USD with snapshot BTC-PERPETUAL close,11516.624,-0.003103,-0.31028,11828.256,-0.026346,-2.63464,0.01164,1.16403,-0.013085,-1.308474,true,true,
2020-08-23,10:00,14:00,1598191200000,34,BTC-28AUG20-12000-C,11596.5,92.772,0.008,Deribit option 1-minute OHLC close at 10:00 NY snapshot; option-denominated close converted to USD with snapshot BTC-PERPETUAL close,11503.728,-0.00112,-0.111977,11828.256,-0.027437,-2.743667,0.011289,1.128903,-0.013085,-1.308474,true,true,
2020-08-24,10:00,14:00,1598277600000,34,BTC-28AUG20-12000-C,11772,129.492,0.011,Deribit option 1-minute OHLC close at 10:00 NY snapshot; option-denominated close converted to USD with snapshot BTC-PERPETUAL close,11642.508,0.012064,1.206392,11828.256,-0.015704,-1.570375,0.011337,1.133701,-0.008782,-0.878204,true,true,
2020-08-25,10:00,14:00,1598364000000,34,BTC-28AUG20-12000-C,11429.5,40.00325,0.0035,Deribit option 1-minute OHLC close at 10:00 NY snapshot; option-denominated close converted to USD with snapshot BTC-PERPETUAL close,11389.49675,-0.021732,-2.173168,11828.256,-0.037094,-3.709416,0.012213,1.221279,-0.008782,-0.878204,true,true,
2020-08-26,10:00,14:00,1598450400000,34,BTC-28AUG20-12000-C,11415.5,11.4155,0.001,Deribit option 1-minute OHLC close at 10:00 NY snapshot; option-denominated close converted to USD with snapshot BTC-PERPETUAL close,11404.0845,0.001281,0.128081,11828.256,-0.035861,-3.586087,0.011845,1.184489,-0.015698,-1.569815,true,true,
2020-08-27,10:00,14:00,1598536800000,34,BTC-28AUG20-12000-C,11410,5.705,0.0005,Deribit option 1-minute OHLC close at 10:00 NY snapshot; option-denominated close converted to USD with snapshot BTC-PERPETUAL close,11404.295,0.000018,0.001846,11828.256,-0.035843,-3.584307,0.011484,1.148405,-0.015698,-1.569815,true,true,
2020-08-28,10:00,14:00,1598623200000,35,,11462.5,,,,,,,11828.256,,,0.011484,1.148405,-0.015698,-1.569815,true,false,missing_observed_option_instrument; synthetic/theoretical cycle excluded from option valuation
2020-08-29,10:00,14:00,1598709600000,35,,11445,,,,,,,11828.256,,,0.011484,1.148405,-0.015698,-1.569815,true,false,missing_observed_option_instrument; synthetic/theoretical cycle excluded from option valuation
2020-08-30,10:00,14:00,1598796000000,35,,11643,,,,,,,11828.256,,,0.011484,1.148405,-0.015698,-1.569815,true,false,missing_observed_option_instrument; synthetic/theoretical cycle excluded from option valuation
2020-08-31,10:00,14:00,1598882400000,35,,11731.5,,,,,,,11828.256,,,0.011484,1.148405,-0.015698,-1.569815,true,false,missing_observed_option_instrument; synthetic/theoretical cycle excluded from option valuation
2020-09-01,10:00,14:00,1598968800000,35,,11897.5,,,,,,,11828.256,,,0.011484,1.148405,-0.015698,-1.569815,true,false,missing_observed_option_instrument; synthetic/theoretical cycle excluded from option valuation
2020-09-02,10:00,14:00,1599055200000,35,,11349,,,,,,,11828.256,,,0.011484,1.148405,-0.015698,-1.569815,true,false,missing_observed_option_instrument; synthetic/theoretical cycle excluded from option valuation
2020-09-03,10:00,14:00,1599141600000,35,,10919.5,,,,,,,11828.256,,,0.011484,1.148405,-0.015698,-1.569815,true,false,missing_observed_option_instrument; synthetic/theoretical cycle excluded from option valuation
2020-09-04,10:00,14:00,1599228000000,36,BTC-11SEP20-11000-C,10412.5,104.125,0.01,Deribit option 1-minute OHLC close at 10:00 NY snapshot; option-denominated close converted to USD with snapshot BTC-PERPETUAL close,10308.375,,,11828.256,-0.128496,-12.849578,0.011484,1.148405,-0.015698,-1.569815,true,true,daily_return_not_computed_across_missing_mtm_gap
2020-09-05,10:00,14:00,1599314400000,36,BTC-11SEP20-11000-C,10344,93.096,0.009,Deribit option 1-minute OHLC close at 10:00 NY snapshot; option-denominated close converted to USD with snapshot BTC-PERPETUAL close,10250.904,-0.005575,-0.557518,11828.256,-0.133355,-13.335457,0.011218,1.121763,-0.015698,-1.569815,true,true,
2020-09-06,10:00,14:00,1599400800000,36,BTC-11SEP20-11000-C,10230,66.495,0.0065,Deribit option 1-minute OHLC close at 10:00 NY snapshot; option-denominated close converted to USD with snapshot BTC-PERPETUAL close,10163.505,-0.008526,-0.852598,11828.256,-0.140744,-14.074357,0.011075,1.10746,-0.015698,-1.569815,true,true,
2020-09-07,10:00,14:00,1599487200000,36,BTC-11SEP20-11000-C,10066.5,20.133,0.002,Deribit option 1-minute OHLC close at 10:00 NY snapshot; option-denominated close converted to USD with snapshot BTC-PERPETUAL close,10046.367,-0.011525,-1.152535,11828.256,-0.150647,-15.064681,0.011102,1.110216,-0.015698,-1.569815,true,true,
2020-09-08,10:00,14:00,1599573600000,36,BTC-11SEP20-11000-C,10003.5,50.0175,0.005,Deribit option 1-minute OHLC close at 10:00 NY snapshot; option-denominated close converted to USD with snapshot BTC-PERPETUAL close,9953.4825,-0.009246,-0.924558,11828.256,-0.1585,-15.849957,0.011,1.099961,-0.016268,-1.626823,true,true,
2020-09-09,10:00,14:00,1599660000000,36,BTC-11SEP20-11000-C,10226,10.226,0.001,Deribit option 1-minute OHLC close at 10:00 NY snapshot; option-denominated close converted to USD with snapshot BTC-PERPETUAL close,10215.774,0.026352,2.635173,11828.256,-0.136325,-13.632458,0.012466,1.246582,-0.016268,-1.626823,true,true,
2020-09-10,10:00,14:00,1599746400000,36,BTC-11SEP20-11000-C,10486.5,5.24325,0.0005,Deribit option 1-minute OHLC close at 10:00 NY snapshot; option-denominated close converted to USD with snapshot BTC-PERPETUAL close,10481.25675,0.025988,2.598753,11828.256,-0.11388,-11.387978,0.01366,1.365994,-0.016268,-1.626823,true,true,
2020-09-11,10:00,14:00,1599832800000,37,BTC-18SEP20-11000-C,10260,66.69,0.0065,Deribit option 1-minute OHLC close at 10:00 NY snapshot; option-denominated close converted to USD with snapshot BTC-PERPETUAL close,10193.31,-0.027473,-2.747254,11828.256,-0.138224,-13.822376,0.014855,1.48554,-0.016268,-1.626823,true,true,
2020-09-12,10:00,14:00,1599919200000,37,BTC-18SEP20-11000-C,10301.5,61.809,0.006,Deribit option 1-minute OHLC close at 10:00 NY snapshot; option-denominated close converted to USD with snapshot BTC-PERPETUAL close,10239.691,0.00455,0.455014,11828.256,-0.134303,-13.430255,0.014446,1.44459,-0.021019,-2.101937,true,true,
2020-09-13,10:00,14:00,1600005600000,37,BTC-18SEP20-11000-C,10315,41.26,0.004,Deribit option 1-minute OHLC close at 10:00 NY snapshot; option-denominated close converted to USD with snapshot BTC-PERPETUAL close,10273.74,0.003325,0.33252,11828.256,-0.131424,-13.142394,0.014029,1.402948,-0.021019,-2.101937,true,true,
2020-09-14,10:00,14:00,1600092000000,37,BTC-18SEP20-11000-C,10673.5,64.041,0.006,Deribit option 1-minute OHLC close at 10:00 NY snapshot; option-denominated close converted to USD with snapshot BTC-PERPETUAL close,10609.459,0.032677,3.267739,11828.256,-0.103041,-10.304114,0.015782,1.578244,-0.021019,-2.101937,true,true,
2020-09-15,10:00,14:00,1600178400000,37,BTC-18SEP20-11000-C,10843.5,124.70025,0.0115,Deribit option 1-minute OHLC close at 10:00 NY snapshot; option-denominated close converted to USD with snapshot BTC-PERPETUAL close,10718.79975,0.010306,1.030597,11828.256,-0.093797,-9.379711,0.015508,1.550849,-0.021019,-2.101937,true,true,
2020-09-16,10:00,14:00,1600264800000,37,BTC-18SEP20-11000-C,10946,103.987,0.0095,Deribit option 1-minute OHLC close at 10:00 NY snapshot; option-denominated close converted to USD with snapshot BTC-PERPETUAL close,10842.013,0.011495,1.149506,11828.256,-0.08338,-8.338025,0.015297,1.52974,-0.021019,-2.101937,true,true,
2020-09-17,10:00,14:00,1600351200000,37,BTC-18SEP20-11000-C,10811,16.2165,0.0015,Deribit option 1-minute OHLC close at 10:00 NY snapshot; option-denominated close converted to USD with snapshot BTC-PERPETUAL close,10794.7835,-0.004356,-0.435616,11828.256,-0.087373,-8.737319,0.01487,1.486972,-0.021019,-2.101937,true,true,
2020-09-18,10:00,14:00,1600437600000,38,BTC-25SEP20-12000-C,10932.5,43.73,0.004,Deribit option 1-minute OHLC close at 10:00 NY snapshot; option-denominated close converted to USD with snapshot BTC-PERPETUAL close,10888.77,0.008707,0.870666,11828.256,-0.079427,-7.942726,0.014574,1.457362,-0.021019,-2.101937,true,true,
2020-09-19,10:00,14:00,1600524000000,38,BTC-25SEP20-12000-C,11115.5,61.13525,0.0055,Deribit option 1-minute OHLC close at 10:00 NY snapshot; option-denominated close converted to USD with snapshot BTC-PERPETUAL close,11054.36475,0.015208,1.520785,11828.256,-0.065427,-6.542733,0.014612,1.461245,-0.021019,-2.101937,true,true,
2020-09-20,10:00,14:00,1600610400000,38,BTC-25SEP20-12000-C,10863,21.726,0.002,Deribit option 1-minute OHLC close at 10:00 NY snapshot; option-denominated close converted to USD with snapshot BTC-PERPETUAL close,10841.274,-0.019277,-1.927662,11828.256,-0.083443,-8.344273,0.014933,1.493344,-0.021019,-2.101937,true,true,
2020-09-21,10:00,14:00,1600696800000,38,BTC-25SEP20-12000-C,10598,15.897,0.0015,Deribit option 1-minute OHLC close at 10:00 NY snapshot; option-denominated close converted to USD with snapshot BTC-PERPETUAL close,10582.103,-0.023906,-2.390595,11828.256,-0.105354,-10.535391,0.015618,1.561783,-0.021019,-2.101937,true,true,
2020-09-22,10:00,14:00,1600783200000,38,BTC-25SEP20-12000-C,10478.5,10.4785,0.001,Deribit option 1-minute OHLC close at 10:00 NY snapshot; option-denominated close converted to USD with snapshot BTC-PERPETUAL close,10468.0215,-0.010781,-1.078061,11828.256,-0.114999,-11.499874,0.015371,1.537059,-0.022928,-2.292753,true,true,
2020-09-23,10:00,14:00,1600869600000,38,BTC-25SEP20-12000-C,10504,10.504,0.001,Deribit option 1-minute OHLC close at 10:00 NY snapshot; option-denominated close converted to USD with snapshot BTC-PERPETUAL close,10493.496,0.002434,0.243355,11828.256,-0.112845,-11.284504,0.014914,1.491426,-0.022928,-2.292753,true,true,
2020-09-24,10:00,14:00,1600956000000,38,BTC-25SEP20-12000-C,10400,5.2,0.0005,Deribit option 1-minute OHLC close at 10:00 NY snapshot; option-denominated close converted to USD with snapshot BTC-PERPETUAL close,10394.8,-0.009405,-0.940545,11828.256,-0.121189,-12.118913,0.014642,1.464229,-0.022928,-2.292753,true,true,
2020-09-25,10:00,14:00,1601042400000,39,,10611.5,,,,,,,11828.256,,,0.014642,1.464229,-0.022928,-2.292753,true,false,missing_observed_option_instrument; synthetic/theoretical cycle excluded from option valuation
2020-09-26,10:00,14:00,1601128800000,39,,10681,,,,,,,11828.256,,,0.014642,1.464229,-0.022928,-2.292753,true,false,missing_observed_option_instrument; synthetic/theoretical cycle excluded from option valuation
2020-09-27,10:00,14:00,1601215200000,39,,10675.5,,,,,,,11828.256,,,0.014642,1.464229,-0.022928,-2.292753,true,false,missing_observed_option_instrument; synthetic/theoretical cycle excluded from option valuation
2020-09-28,10:00,14:00,1601301600000,39,,10888,,,,,,,11828.256,,,0.014642,1.464229,-0.022928,-2.292753,true,false,missing_observed_option_instrument; synthetic/theoretical cycle excluded from option valuation
2020-09-29,10:00,14:00,1601388000000,39,,10757,,,,,,,11828.256,,,0.014642,1.464229,-0.022928,-2.292753,true,false,missing_observed_option_instrument; synthetic/theoretical cycle excluded from option valuation
2020-09-30,10:00,14:00,1601474400000,39,,10746.5,,,,,,,11828.256,,,0.014642,1.464229,-0.022928,-2.292753,true,false,missing_observed_option_instrument; synthetic/theoretical cycle excluded from option valuation
2020-10-01,10:00,14:00,1601560800000,39,,10868.5,,,,,,,11828.256,,,0.014642,1.464229,-0.022928,-2.292753,true,false,missing_observed_option_instrument; synthetic/theoretical cycle excluded from option valuation
2020-10-02,10:00,14:00,1601647200000,40,,10534,,,,,,,11828.256,,,0.014642,1.464229,-0.022928,-2.292753,true,false,missing_observed_option_instrument; synthetic/theoretical cycle excluded from option valuation
2020-10-03,10:00,14:00,1601733600000,40,,10531,,,,,,,11828.256,,,0.014642,1.464229,-0.022928,-2.292753,true,false,missing_observed_option_instrument; synthetic/theoretical cycle excluded from option valuation
2020-10-04,10:00,14:00,1601820000000,40,,10604,,,,,,,11828.256,,,0.014642,1.464229,-0.022928,-2.292753,true,false,missing_observed_option_instrument; synthetic/theoretical cycle excluded from option valuation
2020-10-05,10:00,14:00,1601906400000,40,,10762.5,,,,,,,11828.256,,,0.014642,1.464229,-0.022928,-2.292753,true,false,missing_observed_option_instrument; synthetic/theoretical cycle excluded from option valuation
2020-10-06,10:00,14:00,1601992800000,40,,10681.5,,,,,,,11828.256,,,0.014642,1.464229,-0.022928,-2.292753,true,false,missing_observed_option_instrument; synthetic/theoretical cycle excluded from option valuation
2020-10-07,10:00,14:00,1602079200000,40,,10620.5,,,,,,,11828.256,,,0.014642,1.464229,-0.022928,-2.292753,true,false,missing_observed_option_instrument; synthetic/theoretical cycle excluded from option valuation
2020-10-08,10:00,14:00,1602165600000,40,,10749.5,,,,,,,11828.256,,,0.014642,1.464229,-0.022928,-2.292753,true,false,missing_observed_option_instrument; synthetic/theoretical cycle excluded from option valuation
2020-10-09,10:00,14:00,1602252000000,41,BTC-16OCT20-11000-C,11090.5,277.2625,0.025,Deribit option 1-minute OHLC close at 10:00 NY snapshot; option-denominated close converted to USD with snapshot BTC-PERPETUAL close,10813.2375,,,11828.256,-0.085813,-8.581303,0.014642,1.464229,-0.022928,-2.292753,true,true,daily_return_not_computed_across_missing_mtm_gap
2020-10-10,10:00,14:00,1602338400000,41,BTC-16OCT20-11000-C,11363.5,443.1765,0.039,Deribit option 1-minute OHLC close at 10:00 NY snapshot; option-denominated close converted to USD with snapshot BTC-PERPETUAL close,10920.3235,0.009903,0.990323,11828.256,-0.07676,-7.675963,0.014402,1.440199,-0.022928,-2.292753,true,true,
2020-10-11,10:00,14:00,1602424800000,41,BTC-16OCT20-11000-C,11378,477.876,0.042,Deribit option 1-minute OHLC close at 10:00 NY snapshot; option-denominated close converted to USD with snapshot BTC-PERPETUAL close,10900.124,-0.00185,-0.184972,11828.256,-0.078467,-7.846736,0.013971,1.39706,-0.022928,-2.292753,true,true,
2020-10-12,10:00,14:00,1602511200000,41,BTC-16OCT20-11000-C,11510,535.215,0.0465,Deribit option 1-minute OHLC close at 10:00 NY snapshot; option-denominated close converted to USD with snapshot BTC-PERPETUAL close,10974.785,0.00685,0.684956,11828.256,-0.072155,-7.215527,0.013649,1.364851,-0.022928,-2.292753,true,true,
2020-10-13,10:00,14:00,1602597600000,41,BTC-16OCT20-11000-C,11362.5,414.73125,0.0365,Deribit option 1-minute OHLC close at 10:00 NY snapshot; option-denominated close converted to USD with snapshot BTC-PERPETUAL close,10947.76875,-0.002462,-0.246167,11828.256,-0.074439,-7.443931,0.013246,1.324646,-0.022928,-2.292753,true,true,
2020-10-14,10:00,14:00,1602684000000,41,BTC-16OCT20-11000-C,11530,576.5,0.05,Deribit option 1-minute OHLC close at 10:00 NY snapshot; option-denominated close converted to USD with snapshot BTC-PERPETUAL close,10953.5,0.000524,0.052351,11828.256,-0.073955,-7.395477,0.012844,1.284356,-0.022928,-2.292753,true,true,
2020-10-15,10:00,14:00,1602770400000,41,BTC-16OCT20-11000-C,11405.5,422.0035,0.037,Deribit option 1-minute OHLC close at 10:00 NY snapshot; option-denominated close converted to USD with snapshot BTC-PERPETUAL close,10983.4965,0.002739,0.273853,11828.256,-0.071419,-7.141877,0.01247,1.247034,-0.022928,-2.292753,true,true,
2020-10-16,10:00,14:00,1602856800000,42,BTC-23OCT20-12000-C,11361.5,34.0845,0.003,Deribit option 1-minute OHLC close at 10:00 NY snapshot; option-denominated close converted to USD with snapshot BTC-PERPETUAL close,11327.4155,0.031312,3.131234,11828.256,-0.042343,-4.234272,0.014318,1.431805,-0.022928,-2.292753,true,true,
2020-10-17,10:00,14:00,1602943200000,42,BTC-23OCT20-12000-C,11327,28.3175,0.0025,Deribit option 1-minute OHLC close at 10:00 NY snapshot; option-denominated close converted to USD with snapshot BTC-PERPETUAL close,11298.6825,-0.002537,-0.253659,11828.256,-0.044772,-4.47719,0.013896,1.389577,-0.022928,-2.292753,true,true,
2020-10-18,10:00,14:00,1603029600000,42,BTC-23OCT20-12000-C,11444,34.332,0.003,Deribit option 1-minute OHLC close at 10:00 NY snapshot; option-denominated close converted to USD with snapshot BTC-PERPETUAL close,11409.668,0.009823,0.982287,11828.256,-0.035389,-3.538882,0.013686,1.368562,-0.021823,-2.182275,true,true,
2020-10-19,10:00,14:00,1603116000000,42,BTC-23OCT20-12000-C,11680,64.24,0.0055,Deribit option 1-minute OHLC close at 10:00 NY snapshot; option-denominated close converted to USD with snapshot BTC-PERPETUAL close,11615.76,0.018063,1.806293,11828.256,-0.017965,-1.796512,0.013987,1.398694,-0.021823,-2.182275,true,true,
2020-10-20,10:00,14:00,1603202400000,42,BTC-23OCT20-12000-C,11926.5,113.30175,0.0095,Deribit option 1-minute OHLC close at 10:00 NY snapshot; option-denominated close converted to USD with snapshot BTC-PERPETUAL close,11813.19825,0.016997,1.699745,11828.256,-0.001273,-0.127303,0.014186,1.41856,-0.021823,-2.182275,true,true,
2020-10-21,10:00,14:00,1603288800000,42,BTC-23OCT20-12000-C,12468.5,504.97425,0.0405,Deribit option 1-minute OHLC close at 10:00 NY snapshot; option-denominated close converted to USD with snapshot BTC-PERPETUAL close,11963.52575,0.012725,1.272539,11963.52575,0,0,0.014102,1.410225,-0.021823,-2.182275,true,true,
2020-10-22,10:00,14:00,1603375200000,42,BTC-23OCT20-12000-C,12937.5,899.15625,0.0695,Deribit option 1-minute OHLC close at 10:00 NY snapshot; option-denominated close converted to USD with snapshot BTC-PERPETUAL close,12038.34375,0.006254,0.625384,12038.34375,0,0,0.013758,1.375819,-0.021823,-2.182275,true,true,
2020-10-23,10:00,14:00,1603461600000,43,BTC-30OCT20-14000-C,12962,77.772,0.006,Deribit option 1-minute OHLC close at 10:00 NY snapshot; option-denominated close converted to USD with snapshot BTC-PERPETUAL close,12884.228,0.070266,7.026583,12884.228,0,0,0.021775,2.177539,-0.021823,-2.182275,true,true,
2020-10-24,10:00,14:00,1603548000000,43,BTC-30OCT20-14000-C,13009,58.5405,0.0045,Deribit option 1-minute OHLC close at 10:00 NY snapshot; option-denominated close converted to USD with snapshot BTC-PERPETUAL close,12950.4595,0.005141,0.514051,12950.4595,0,0,0.02115,2.114954,-0.021823,-2.182275,true,true,
2020-10-25,10:00,14:00,1603634400000,43,BTC-30OCT20-14000-C,13009.5,52.038,0.004,Deribit option 1-minute OHLC close at 10:00 NY snapshot; option-denominated close converted to USD with snapshot BTC-PERPETUAL close,12957.462,0.000541,0.054071,12957.462,0,0,0.020506,2.050567,-0.021823,-2.182275,true,true,
2020-10-26,10:00,14:00,1603720800000,43,BTC-30OCT20-14000-C,13223.5,46.28225,0.0035,Deribit option 1-minute OHLC close at 10:00 NY snapshot; option-denominated close converted to USD with snapshot BTC-PERPETUAL close,13177.21775,0.01696,1.695978,13177.21775,0,0,0.02031,2.031038,-0.021823,-2.182275,true,true,
2020-10-27,10:00,14:00,1603807200000,43,BTC-30OCT20-14000-C,13403.5,40.2105,0.003,Deribit option 1-minute OHLC close at 10:00 NY snapshot; option-denominated close converted to USD with snapshot BTC-PERPETUAL close,13363.2895,0.014121,1.412072,13363.2895,0,0,0.019993,1.999311,-0.015453,-1.545341,true,true,
2020-10-28,10:00,14:00,1603893600000,43,BTC-30OCT20-14000-C,13153.5,13.1535,0.001,Deribit option 1-minute OHLC close at 10:00 NY snapshot; option-denominated close converted to USD with snapshot BTC-PERPETUAL close,13140.3465,-0.016683,-1.668324,13363.2895,-0.016683,-1.668324,0.01981,1.981012,-0.015453,-1.545341,true,true,
2020-10-29,10:00,14:00,1603980000000,43,BTC-30OCT20-14000-C,13251,6.6255,0.0005,Deribit option 1-minute OHLC close at 10:00 NY snapshot; option-denominated close converted to USD with snapshot BTC-PERPETUAL close,13244.3745,0.007917,0.791669,13363.2895,-0.008899,-0.889863,0.019304,1.930427,-0.01811,-1.81096,true,true,
2020-10-30,10:00,14:00,1604066400000,44,,13276.5,,,,,,,13363.2895,,,0.019304,1.930427,-0.01811,-1.81096,true,false,missing_observed_option_instrument; synthetic/theoretical cycle excluded from option valuation
2020-10-31,10:00,14:00,1604152800000,44,,13876,,,,,,,13363.2895,,,0.019304,1.930427,-0.01811,-1.81096,true,false,missing_observed_option_instrument; synthetic/theoretical cycle excluded from option valuation
2020-11-01,10:00,15:00,1604242800000,44,,13820,,,,,,,13363.2895,,,0.019304,1.930427,-0.01811,-1.81096,true,false,missing_observed_option_instrument; synthetic/theoretical cycle excluded from option valuation
2020-11-02,10:00,15:00,1604329200000,44,,13481,,,,,,,13363.2895,,,0.019304,1.930427,-0.01811,-1.81096,true,false,missing_observed_option_instrument; synthetic/theoretical cycle excluded from option valuation
2020-11-03,10:00,15:00,1604415600000,44,,13796.5,,,,,,,13363.2895,,,0.019304,1.930427,-0.01811,-1.81096,true,false,missing_observed_option_instrument; synthetic/theoretical cycle excluded from option valuation
2020-11-04,10:00,15:00,1604502000000,44,,13864.5,,,,,,,13363.2895,,,0.019304,1.930427,-0.01811,-1.81096,true,false,missing_observed_option_instrument; synthetic/theoretical cycle excluded from option valuation
2020-11-05,10:00,15:00,1604588400000,44,,14912,,,,,,,13363.2895,,,0.019304,1.930427,-0.01811,-1.81096,true,false,missing_observed_option_instrument; synthetic/theoretical cycle excluded from option valuation
2020-11-06,10:00,15:00,1604674800000,45,BTC-13NOV20-17000-C,15506,155.06,0.01,Deribit option 1-minute OHLC close at 10:00 NY snapshot; option-denominated close converted to USD with snapshot BTC-PERPETUAL close,15350.94,,,15350.94,0,0,0.019304,1.930427,-0.01811,-1.81096,true,true,daily_return_not_computed_across_missing_mtm_gap
2020-11-07,10:00,15:00,1604761200000,45,BTC-13NOV20-17000-C,15364.5,61.458,0.004,Deribit option 1-minute OHLC close at 10:00 NY snapshot; option-denominated close converted to USD with snapshot BTC-PERPETUAL close,15303.042,-0.00312,-0.31202,15350.94,-0.00312,-0.31202,0.018732,1.873178,-0.01811,-1.81096,true,true,
2020-11-08,10:00,15:00,1604847600000,45,BTC-13NOV20-17000-C,15383.5,38.45875,0.0025,Deribit option 1-minute OHLC close at 10:00 NY snapshot; option-denominated close converted to USD with snapshot BTC-PERPETUAL close,15345.04125,0.002745,0.27445,15350.94,-0.000384,-0.038426,0.018174,1.817358,-0.01811,-1.81096,true,true,
2020-11-09,10:00,15:00,1604934000000,45,BTC-13NOV20-17000-C,15054.5,45.1635,0.003,Deribit option 1-minute OHLC close at 10:00 NY snapshot; option-denominated close converted to USD with snapshot BTC-PERPETUAL close,15009.3365,-0.021877,-2.187708,15350.94,-0.022253,-2.225294,0.018417,1.84168,-0.01811,-1.81096,true,true,
2020-11-10,10:00,15:00,1605020400000,45,BTC-13NOV20-17000-C,15220.5,15.2205,0.001,Deribit option 1-minute OHLC close at 10:00 NY snapshot; option-denominated close converted to USD with snapshot BTC-PERPETUAL close,15205.2795,0.013055,1.305474,15350.94,-0.009489,-0.94887,0.01814,1.813983,-0.020707,-2.070687,true,true,
2020-11-11,10:00,15:00,1605106800000,45,BTC-13NOV20-17000-C,15643,23.4645,0.0015,Deribit option 1-minute OHLC close at 10:00 NY snapshot; option-denominated close converted to USD with snapshot BTC-PERPETUAL close,15619.5355,0.027244,2.724422,15619.5355,0,0,0.018811,1.881077,-0.020707,-2.070687,true,true,
2020-11-12,10:00,15:00,1605193200000,45,BTC-13NOV20-17000-C,16057,24.0855,0.0015,Deribit option 1-minute OHLC close at 10:00 NY snapshot; option-denominated close converted to USD with snapshot BTC-PERPETUAL close,16032.9145,0.026466,2.646551,16032.9145,0,0,0.019356,1.935561,-0.020707,-2.070687,true,true,
2020-11-13,10:00,15:00,1605279600000,46,BTC-20NOV20-17000-C,16237,211.081,0.013,Deribit option 1-minute OHLC close at 10:00 NY snapshot; option-denominated close converted to USD with snapshot BTC-PERPETUAL close,16025.919,-0.000436,-0.043632,16032.9145,-0.000436,-0.043632,0.018766,1.876627,-0.01954,-1.953986,true,true,
2020-11-14,10:00,15:00,1605366000000,46,BTC-20NOV20-17000-C,16037.5,136.31875,0.0085,Deribit option 1-minute OHLC close at 10:00 NY snapshot; option-denominated close converted to USD with snapshot BTC-PERPETUAL close,15901.18125,-0.007784,-0.77835,16032.9145,-0.008216,-0.821643,0.018294,1.829419,-0.014027,-1.402706,true,true,
2020-11-15,10:00,15:00,1605452400000,46,BTC-20NOV20-17000-C,16073,120.5475,0.0075,Deribit option 1-minute OHLC close at 10:00 NY snapshot; option-denominated close converted to USD with snapshot BTC-PERPETUAL close,15952.4525,0.003224,0.322437,16032.9145,-0.005019,-0.501855,0.017754,1.775445,-0.013408,-1.340823,true,true,
2020-11-16,10:00,15:00,1605538800000,46,BTC-20NOV20-17000-C,16445,131.56,0.008,Deribit option 1-minute OHLC close at 10:00 NY snapshot; option-denominated close converted to USD with snapshot BTC-PERPETUAL close,16313.44,0.022629,2.262897,16313.44,0,0,0.018084,1.808401,-0.013408,-1.340823,true,true,
2020-11-17,10:00,15:00,1605625200000,46,BTC-20NOV20-17000-C,17191.5,446.979,0.026,Deribit option 1-minute OHLC close at 10:00 NY snapshot; option-denominated close converted to USD with snapshot BTC-PERPETUAL close,16744.521,0.026425,2.64249,16744.521,0,0,0.01869,1.868973,-0.012678,-1.267836,true,true,
2020-11-18,10:00,15:00,1605711600000,46,BTC-20NOV20-17000-C,17717.5,832.7225,0.047,Deribit option 1-minute OHLC close at 10:00 NY snapshot; option-denominated close converted to USD with snapshot BTC-PERPETUAL close,16884.7775,0.008376,0.837626,16884.7775,0,0,0.018236,1.823616,-0.012678,-1.267836,true,true,
2020-11-19,10:00,15:00,1605798000000,46,BTC-20NOV20-17000-C,18191,1055.078,0.058,Deribit option 1-minute OHLC close at 10:00 NY snapshot; option-denominated close converted to USD with snapshot BTC-PERPETUAL close,17135.922,0.014874,1.487402,17135.922,0,0,0.018052,1.80521,-0.012678,-1.267836,true,true,
2020-11-20,10:00,15:00,1605884400000,47,BTC-27NOV20-19000-C,18652,494.278,0.0265,Deribit option 1-minute OHLC close at 10:00 NY snapshot; option-denominated close converted to USD with snapshot BTC-PERPETUAL close,18157.722,0.059629,5.962912,18157.722,0,0,0.022796,2.279613,-0.012678,-1.267836,true,true,
2020-11-21,10:00,15:00,1605970800000,47,BTC-27NOV20-19000-C,18720,608.4,0.0325,Deribit option 1-minute OHLC close at 10:00 NY snapshot; option-denominated close converted to USD with snapshot BTC-PERPETUAL close,18111.6,-0.00254,-0.254008,18157.722,-0.00254,-0.254008,0.02211,2.211042,-0.012678,-1.267836,true,true,
2020-11-22,10:00,15:00,1606057200000,47,BTC-27NOV20-19000-C,18221.5,327.987,0.018,Deribit option 1-minute OHLC close at 10:00 NY snapshot; option-denominated close converted to USD with snapshot BTC-PERPETUAL close,17893.513,-0.012041,-1.204129,18157.722,-0.014551,-1.455078,0.021639,2.163881,-0.012678,-1.267836,true,true,
2020-11-23,10:00,15:00,1606143600000,47,BTC-27NOV20-19000-C,18542.5,482.105,0.026,Deribit option 1-minute OHLC close at 10:00 NY snapshot; option-denominated close converted to USD with snapshot BTC-PERPETUAL close,18060.395,0.009326,0.93264,18157.722,-0.00536,-0.536009,0.021104,2.110362,-0.014594,-1.459436,true,true,
2020-11-24,10:00,15:00,1606230000000,47,BTC-27NOV20-19000-C,19436,845.466,0.0435,Deribit option 1-minute OHLC close at 10:00 NY snapshot; option-denominated close converted to USD with snapshot BTC-PERPETUAL close,18590.534,0.029354,2.935368,18590.534,0,0,0.021687,2.168731,-0.014594,-1.459436,true,true,
2020-11-25,10:00,15:00,1606316400000,47,BTC-27NOV20-19000-C,19305,530.8875,0.0275,Deribit option 1-minute OHLC close at 10:00 NY snapshot; option-denominated close converted to USD with snapshot BTC-PERPETUAL close,18774.1125,0.009875,0.987484,18774.1125,0,0,0.021165,2.116529,-0.014594,-1.459436,true,true,
2020-11-26,10:00,15:00,1606402800000,47,BTC-27NOV20-19000-C,16821,8.4105,0.0005,Deribit option 1-minute OHLC close at 10:00 NY snapshot; option-denominated close converted to USD with snapshot BTC-PERPETUAL close,16812.5895,-0.10448,-10.44802,18774.1125,-0.10448,-10.44802,0.032803,3.280333,-0.014594,-1.459436,true,true,
2020-11-27,10:00,15:00,1606489200000,48,,16725.5,,,,,,,18774.1125,,,0.032803,3.280333,-0.014594,-1.459436,true,false,missing_observed_option_instrument; synthetic/theoretical cycle excluded from option valuation
2020-11-28,10:00,15:00,1606575600000,48,,17379.5,,,,,,,18774.1125,,,0.032803,3.280333,-0.014594,-1.459436,true,false,missing_observed_option_instrument; synthetic/theoretical cycle excluded from option valuation
2020-11-29,10:00,15:00,1606662000000,48,,18038,,,,,,,18774.1125,,,0.032803,3.280333,-0.014594,-1.459436,true,false,missing_observed_option_instrument; synthetic/theoretical cycle excluded from option valuation
2020-11-30,10:00,15:00,1606748400000,48,,19581,,,,,,,18774.1125,,,0.032803,3.280333,-0.014594,-1.459436,true,false,missing_observed_option_instrument; synthetic/theoretical cycle excluded from option valuation
2020-12-01,10:00,15:00,1606834800000,48,,19268.5,,,,,,,18774.1125,,,0.032803,3.280333,-0.014594,-1.459436,true,false,missing_observed_option_instrument; synthetic/theoretical cycle excluded from option valuation
2020-12-02,10:00,15:00,1606921200000,48,,18905.5,,,,,,,18774.1125,,,0.032803,3.280333,-0.014594,-1.459436,true,false,missing_observed_option_instrument; synthetic/theoretical cycle excluded from option valuation
2020-12-03,10:00,15:00,1607007600000,48,,19376,,,,,,,18774.1125,,,0.032803,3.280333,-0.014594,-1.459436,true,false,missing_observed_option_instrument; synthetic/theoretical cycle excluded from option valuation
2020-12-04,10:00,15:00,1607094000000,49,BTC-11DEC20-20000-C,19074,381.48,0.02,Deribit option 1-minute OHLC close at 10:00 NY snapshot; option-denominated close converted to USD with snapshot BTC-PERPETUAL close,18692.52,,,18774.1125,-0.004346,-0.434601,0.032803,3.280333,-0.014594,-1.459436,true,true,daily_return_not_computed_across_missing_mtm_gap
2020-12-05,10:00,15:00,1607180400000,49,BTC-11DEC20-20000-C,19096.5,267.351,0.014,Deribit option 1-minute OHLC close at 10:00 NY snapshot; option-denominated close converted to USD with snapshot BTC-PERPETUAL close,18829.149,0.007309,0.730929,18829.149,0,0,0.031854,3.185436,-0.01954,-1.953986,true,true,
2020-12-06,10:00,15:00,1607266800000,49,BTC-11DEC20-20000-C,19137,229.644,0.012,Deribit option 1-minute OHLC close at 10:00 NY snapshot; option-denominated close converted to USD with snapshot BTC-PERPETUAL close,18907.356,0.004154,0.415351,18907.356,0,0,0.030901,3.09007,-0.01954,-1.953986,true,true,
2020-12-07,10:00,15:00,1607353200000,49,BTC-11DEC20-20000-C,19196.5,249.5545,0.013,Deribit option 1-minute OHLC close at 10:00 NY snapshot; option-denominated close converted to USD with snapshot BTC-PERPETUAL close,18946.9455,0.002094,0.209387,18946.9455,0,0,0.029964,2.996373,-0.01954,-1.953986,true,true,
2020-12-08,10:00,15:00,1607439600000,49,BTC-11DEC20-20000-C,18887,113.322,0.006,Deribit option 1-minute OHLC close at 10:00 NY snapshot; option-denominated close converted to USD with snapshot BTC-PERPETUAL close,18773.678,-0.009145,-0.914488,18946.9455,-0.009145,-0.914488,0.029137,2.913715,-0.01954,-1.953986,true,true,
2020-12-09,10:00,15:00,1607526000000,49,BTC-11DEC20-20000-C,18462,18.462,0.001,Deribit option 1-minute OHLC close at 10:00 NY snapshot; option-denominated close converted to USD with snapshot BTC-PERPETUAL close,18443.538,-0.017585,-1.758526,18946.9455,-0.026569,-2.656932,0.028576,2.857603,-0.01954,-1.953986,true,true,
2020-12-10,10:00,15:00,1607612400000,49,BTC-11DEC20-20000-C,18120,9.06,0.0005,Deribit option 1-minute OHLC close at 10:00 NY snapshot; option-denominated close converted to USD with snapshot BTC-PERPETUAL close,18110.94,-0.018033,-1.803331,18946.9455,-0.044123,-4.41235,0.028055,2.805541,-0.019946,-1.994576,true,true,
2020-12-11,10:00,15:00,1607698800000,50,BTC-18DEC20-19000-C,18090,217.08,0.012,Deribit option 1-minute OHLC close at 10:00 NY snapshot; option-denominated close converted to USD with snapshot BTC-PERPETUAL close,17872.92,-0.013142,-1.314233,18946.9455,-0.056686,-5.668594,0.027391,2.739056,-0.020147,-2.014738,true,true,
2020-12-12,10:00,15:00,1607785200000,50,BTC-18DEC20-19000-C,18373.5,275.6025,0.015,Deribit option 1-minute OHLC close at 10:00 NY snapshot; option-denominated close converted to USD with snapshot BTC-PERPETUAL close,18097.8975,0.012588,1.258762,18946.9455,-0.044812,-4.481187,0.026735,2.673453,-0.020147,-2.014738,true,true,
2020-12-13,10:00,15:00,1607871600000,50,BTC-18DEC20-19000-C,19332.5,483.3125,0.025,Deribit option 1-minute OHLC close at 10:00 NY snapshot; option-denominated close converted to USD with snapshot BTC-PERPETUAL close,18849.1875,0.041513,4.151256,18946.9455,-0.00516,-0.515957,0.027843,2.784329,-0.020147,-2.014738,true,true,
2020-12-14,10:00,15:00,1607958000000,50,BTC-18DEC20-19000-C,19243.5,490.70925,0.0255,Deribit option 1-minute OHLC close at 10:00 NY snapshot; option-denominated close converted to USD with snapshot BTC-PERPETUAL close,18752.79075,-0.005114,-0.511411,18946.9455,-0.010247,-1.024728,0.027024,2.702412,-0.020147,-2.014738,true,true,
2020-12-15,10:00,15:00,1608044400000,50,BTC-18DEC20-19000-C,19367,484.175,0.025,Deribit option 1-minute OHLC close at 10:00 NY snapshot; option-denominated close converted to USD with snapshot BTC-PERPETUAL close,18882.825,0.006934,0.693413,18946.9455,-0.003384,-0.338421,0.026256,2.625585,-0.020147,-2.014738,true,true,
2020-12-16,10:00,15:00,1608130800000,50,BTC-18DEC20-19000-C,20691.5,1634.6285,0.079,Deribit option 1-minute OHLC close at 10:00 NY snapshot; option-denominated close converted to USD with snapshot BTC-PERPETUAL close,19056.8715,0.009217,0.921719,19056.8715,0,0,0.025556,2.555592,-0.020147,-2.014738,true,true,
2020-12-17,10:00,15:00,1608217200000,50,BTC-18DEC20-19000-C,23189,3605.8895,0.1555,Deribit option 1-minute OHLC close at 10:00 NY snapshot; option-denominated close converted to USD with snapshot BTC-PERPETUAL close,19583.1105,0.027614,2.761413,19583.1105,0,0,0.025684,2.568406,-0.020147,-2.014738,true,true,
2020-12-18,10:00,15:00,1608303600000,51,BTC-25DEC20-24000-C,22594,384.098,0.017,Deribit option 1-minute OHLC close at 10:00 NY snapshot; option-denominated close converted to USD with snapshot BTC-PERPETUAL close,22209.902,0.134136,13.413556,22209.902,0,0,0.041227,4.122659,-0.017832,-1.783169,true,true,
2020-12-19,10:00,15:00,1608390000000,51,BTC-25DEC20-24000-C,23399.5,655.186,0.028,Deribit option 1-minute OHLC close at 10:00 NY snapshot; option-denominated close converted to USD with snapshot BTC-PERPETUAL close,22744.314,0.024062,2.406188,22744.314,0,0,0.040403,4.040287,-0.017832,-1.783169,true,true,
2020-12-20,10:00,15:00,1608476400000,51,BTC-25DEC20-24000-C,23568,695.256,0.0295,Deribit option 1-minute OHLC close at 10:00 NY snapshot; option-denominated close converted to USD with snapshot BTC-PERPETUAL close,22872.744,0.005647,0.564669,22872.744,0,0,0.039196,3.919645,-0.017832,-1.783169,true,true,
2020-12-21,10:00,15:00,1608562800000,51,BTC-25DEC20-24000-C,23187.5,394.1875,0.017,Deribit option 1-minute OHLC close at 10:00 NY snapshot; option-denominated close converted to USD with snapshot BTC-PERPETUAL close,22793.3125,-0.003473,-0.347276,22872.744,-0.003473,-0.347276,0.038012,3.801189,-0.017832,-1.783169,true,true,
2020-12-22,10:00,15:00,1608649200000,51,BTC-25DEC20-24000-C,23482,293.525,0.0125,Deribit option 1-minute OHLC close at 10:00 NY snapshot; option-denominated close converted to USD with snapshot BTC-PERPETUAL close,23188.475,0.017337,1.733677,23188.475,0,0,0.037098,3.709775,-0.017832,-1.783169,true,true,
2020-12-23,10:00,15:00,1608735600000,51,BTC-25DEC20-24000-C,23736.5,320.44275,0.0135,Deribit option 1-minute OHLC close at 10:00 NY snapshot; option-denominated close converted to USD with snapshot BTC-PERPETUAL close,23416.05725,0.009814,0.981446,23416.05725,0,0,0.036048,3.604786,-0.017832,-1.783169,true,true,
2020-12-24,10:00,15:00,1608822000000,51,BTC-25DEC20-24000-C,23270.5,46.541,0.002,Deribit option 1-minute OHLC close at 10:00 NY snapshot; option-denominated close converted to USD with snapshot BTC-PERPETUAL close,23223.959,-0.008204,-0.82037,23416.05725,-0.008204,-0.82037,0.035007,3.500742,-0.017832,-1.783169,true,true,
