date,snapshot_time_ny,snapshot_time_utc,snapshot_timestamp,cycle_id,instrument_name,underlying_price,option_price_proxy,option_price_proxy_underlying,option_price_proxy_source,approximate_CCW_value,daily_return,daily_return_pct,rolling_peak,rolling_drawdown,rolling_drawdown_pct,EWMA_vol,EWMA_vol_pct,historical_VaR,historical_VaR_pct,underlying_price_found,option_price_found,notes
2021-01-01,10:00,15:00,1609513200000,1,,29426,,,,,,,,,,,,,,true,false,missing_observed_option_instrument; synthetic/theoretical cycle excluded from option valuation
2021-01-02,10:00,15:00,1609599600000,1,,31386.5,,,,,,,,,,,,,,true,false,missing_observed_option_instrument; synthetic/theoretical cycle excluded from option valuation
2021-01-03,10:00,15:00,1609686000000,1,,33963.5,,,,,,,,,,,,,,true,false,missing_observed_option_instrument; synthetic/theoretical cycle excluded from option valuation
2021-01-04,10:00,15:00,1609772400000,1,,32214.5,,,,,,,,,,,,,,true,false,missing_observed_option_instrument; synthetic/theoretical cycle excluded from option valuation
2021-01-05,10:00,15:00,1609858800000,1,,32322.5,,,,,,,,,,,,,,true,false,missing_observed_option_instrument; synthetic/theoretical cycle excluded from option valuation
2021-01-06,10:00,15:00,1609945200000,1,,34403.5,,,,,,,,,,,,,,true,false,missing_observed_option_instrument; synthetic/theoretical cycle excluded from option valuation
2021-01-07,10:00,15:00,1610031600000,1,,38520.5,,,,,,,,,,,,,,true,false,missing_observed_option_instrument; synthetic/theoretical cycle excluded from option valuation
2021-01-08,10:00,15:00,1610118000000,2,BTC-15JAN21-41000-C,41747,3465.001,0.083,Deribit option 1-minute OHLC close at 10:00 NY snapshot; option-denominated close converted to USD with snapshot BTC-PERPETUAL close,38281.999,,,38281.999,0,0,,,,,true,true,
2021-01-09,10:00,15:00,1610204400000,2,BTC-15JAN21-41000-C,41002,3218.657,0.0785,Deribit option 1-minute OHLC close at 10:00 NY snapshot; option-denominated close converted to USD with snapshot BTC-PERPETUAL close,37783.343,-0.013026,-1.302586,38281.999,-0.013026,-1.302586,0.013026,1.302586,,,true,true,
2021-01-10,10:00,15:00,1610290800000,2,BTC-15JAN21-41000-C,39471.5,2230.13975,0.0565,Deribit option 1-minute OHLC close at 10:00 NY snapshot; option-denominated close converted to USD with snapshot BTC-PERPETUAL close,37241.36025,-0.014344,-1.434449,38281.999,-0.027184,-2.71835,0.013109,1.310872,,,true,true,
2021-01-11,10:00,15:00,1610377200000,2,BTC-15JAN21-41000-C,33549,402.588,0.012,Deribit option 1-minute OHLC close at 10:00 NY snapshot; option-denominated close converted to USD with snapshot BTC-PERPETUAL close,33146.412,-0.109957,-10.9957,38281.999,-0.134151,-13.415148,0.029782,2.978189,,,true,true,
2021-01-12,10:00,15:00,1610463600000,2,BTC-15JAN21-41000-C,33729,320.4255,0.0095,Deribit option 1-minute OHLC close at 10:00 NY snapshot; option-denominated close converted to USD with snapshot BTC-PERPETUAL close,33408.5745,0.007909,0.790923,38281.999,-0.127303,-12.730329,0.02894,2.893953,,,true,true,
2021-01-13,10:00,15:00,1610550000000,2,BTC-15JAN21-41000-C,34342,103.026,0.003,Deribit option 1-minute OHLC close at 10:00 NY snapshot; option-denominated close converted to USD with snapshot BTC-PERPETUAL close,34238.974,0.024856,2.485588,38281.999,-0.105612,-10.561165,0.028711,2.87109,,,true,true,
2021-01-14,10:00,15:00,1610636400000,2,BTC-15JAN21-41000-C,39607,732.7295,0.0185,Deribit option 1-minute OHLC close at 10:00 NY snapshot; option-denominated close converted to USD with snapshot BTC-PERPETUAL close,38874.2705,0.135381,13.538071,38874.2705,0,0,0.043296,4.329587,,,true,true,
2021-01-15,10:00,15:00,1610722800000,3,BTC-22JAN21-40000-C,36883,2194.5385,0.0595,Deribit option 1-minute OHLC close at 10:00 NY snapshot; option-denominated close converted to USD with snapshot BTC-PERPETUAL close,34688.4615,-0.107676,-10.767556,38874.2705,-0.107676,-10.767556,0.049575,4.957522,,,true,true,
2021-01-16,10:00,15:00,1610809200000,3,BTC-22JAN21-40000-C,37338,1624.203,0.0435,Deribit option 1-minute OHLC close at 10:00 NY snapshot; option-denominated close converted to USD with snapshot BTC-PERPETUAL close,35713.797,0.029558,2.95584,38874.2705,-0.0813,-8.129988,0.048607,4.860722,,,true,true,
2021-01-17,10:00,15:00,1610895600000,3,BTC-22JAN21-40000-C,34837.5,696.75,0.02,Deribit option 1-minute OHLC close at 10:00 NY snapshot; option-denominated close converted to USD with snapshot BTC-PERPETUAL close,34140.75,-0.044046,-4.404592,38874.2705,-0.121765,-12.176487,0.048346,4.834568,,,true,true,
2021-01-18,10:00,15:00,1610982000000,3,BTC-22JAN21-40000-C,36514,785.051,0.0215,Deribit option 1-minute OHLC close at 10:00 NY snapshot; option-denominated close converted to USD with snapshot BTC-PERPETUAL close,35728.949,0.046519,4.651916,38874.2705,-0.08091,-8.091011,0.048238,4.823804,,,true,true,
2021-01-19,10:00,15:00,1611068400000,3,BTC-22JAN21-40000-C,37101.5,723.47925,0.0195,Deribit option 1-minute OHLC close at 10:00 NY snapshot; option-denominated close converted to USD with snapshot BTC-PERPETUAL close,36378.02075,0.018167,1.816655,38874.2705,-0.064213,-6.421342,0.04698,4.697974,,,true,true,
2021-01-20,10:00,15:00,1611154800000,3,BTC-22JAN21-40000-C,34978.5,122.42475,0.0035,Deribit option 1-minute OHLC close at 10:00 NY snapshot; option-denominated close converted to USD with snapshot BTC-PERPETUAL close,34856.07525,-0.041837,-4.183695,38874.2705,-0.103364,-10.336388,0.046687,4.668715,,,true,true,
2021-01-21,10:00,15:00,1611241200000,3,BTC-22JAN21-40000-C,31290.5,15.64525,0.0005,Deribit option 1-minute OHLC close at 10:00 NY snapshot; option-denominated close converted to USD with snapshot BTC-PERPETUAL close,31274.85475,-0.102743,-10.274308,38874.2705,-0.195487,-19.548703,0.051791,5.17907,,,true,true,
2021-01-22,10:00,15:00,1611327600000,4,BTC-29JAN21-32000-C,32528.5,2033.03125,0.0625,Deribit option 1-minute OHLC close at 10:00 NY snapshot; option-denominated close converted to USD with snapshot BTC-PERPETUAL close,30495.46875,-0.024921,-2.492053,38874.2705,-0.215536,-21.553592,0.050583,5.058263,,,true,true,
2021-01-23,10:00,15:00,1611414000000,4,BTC-29JAN21-32000-C,31713.5,1617.3885,0.051,Deribit option 1-minute OHLC close at 10:00 NY snapshot; option-denominated close converted to USD with snapshot BTC-PERPETUAL close,30096.1115,-0.013096,-1.309563,38874.2705,-0.225809,-22.580897,0.049146,4.914647,,,true,true,
2021-01-24,10:00,15:00,1611500400000,4,BTC-29JAN21-32000-C,32181.5,1673.438,0.052,Deribit option 1-minute OHLC close at 10:00 NY snapshot; option-denominated close converted to USD with snapshot BTC-PERPETUAL close,30508.062,0.013688,1.368783,38874.2705,-0.215212,-21.521197,0.047767,4.776709,,,true,true,
2021-01-25,10:00,15:00,1611586800000,4,BTC-29JAN21-32000-C,34510,2967.86,0.086,Deribit option 1-minute OHLC close at 10:00 NY snapshot; option-denominated close converted to USD with snapshot BTC-PERPETUAL close,31542.14,0.033895,3.389524,38874.2705,-0.188611,-18.86114,0.04705,4.705025,,,true,true,
2021-01-26,10:00,15:00,1611673200000,4,BTC-29JAN21-32000-C,31352.5,830.84125,0.0265,Deribit option 1-minute OHLC close at 10:00 NY snapshot; option-denominated close converted to USD with snapshot BTC-PERPETUAL close,30521.65875,-0.032353,-3.235295,38874.2705,-0.214862,-21.486221,0.0463,4.630017,,,true,true,
2021-01-27,10:00,15:00,1611759600000,4,BTC-29JAN21-32000-C,29641.5,266.7735,0.009,Deribit option 1-minute OHLC close at 10:00 NY snapshot; option-denominated close converted to USD with snapshot BTC-PERPETUAL close,29374.7265,-0.037578,-3.757765,38874.2705,-0.244366,-24.436585,0.045824,4.582366,,,true,true,
2021-01-28,10:00,15:00,1611846000000,4,BTC-29JAN21-32000-C,31884.5,526.09425,0.0165,Deribit option 1-minute OHLC close at 10:00 NY snapshot; option-denominated close converted to USD with snapshot BTC-PERPETUAL close,31358.40575,0.06753,6.753014,38874.2705,-0.193338,-19.333777,0.047407,4.740716,,,true,true,
2021-01-29,10:00,15:00,1611932400000,5,,37400,,,,,,,38874.2705,,,0.047407,4.740716,,,true,false,missing_observed_option_instrument; synthetic/theoretical cycle excluded from option valuation
2021-01-30,10:00,15:00,1612018800000,5,,34243.5,,,,,,,38874.2705,,,0.047407,4.740716,,,true,false,missing_observed_option_instrument; synthetic/theoretical cycle excluded from option valuation
2021-01-31,10:00,15:00,1612105200000,5,,33410,,,,,,,38874.2705,,,0.047407,4.740716,,,true,false,missing_observed_option_instrument; synthetic/theoretical cycle excluded from option valuation
2021-02-01,10:00,15:00,1612191600000,5,,33526,,,,,,,38874.2705,,,0.047407,4.740716,,,true,false,missing_observed_option_instrument; synthetic/theoretical cycle excluded from option valuation
2021-02-02,10:00,15:00,1612278000000,5,,34870,,,,,,,38874.2705,,,0.047407,4.740716,,,true,false,missing_observed_option_instrument; synthetic/theoretical cycle excluded from option valuation
2021-02-03,10:00,15:00,1612364400000,5,,36647.5,,,,,,,38874.2705,,,0.047407,4.740716,,,true,false,missing_observed_option_instrument; synthetic/theoretical cycle excluded from option valuation
2021-02-04,10:00,15:00,1612450800000,5,,36960,,,,,,,38874.2705,,,0.047407,4.740716,,,true,false,missing_observed_option_instrument; synthetic/theoretical cycle excluded from option valuation
2021-02-05,10:00,15:00,1612537200000,6,BTC-12FEB21-40000-C,38234,1376.424,0.036,Deribit option 1-minute OHLC close at 10:00 NY snapshot; option-denominated close converted to USD with snapshot BTC-PERPETUAL close,36857.576,,,38874.2705,-0.051877,-5.187736,0.047407,4.740716,,,true,true,daily_return_not_computed_across_missing_mtm_gap
2021-02-06,10:00,15:00,1612623600000,6,BTC-12FEB21-40000-C,40329,2298.753,0.057,Deribit option 1-minute OHLC close at 10:00 NY snapshot; option-denominated close converted to USD with snapshot BTC-PERPETUAL close,38030.247,0.031816,3.181628,38874.2705,-0.021712,-2.171162,0.046619,4.661897,,,true,true,
2021-02-07,10:00,15:00,1612710000000,6,BTC-12FEB21-40000-C,38430,1306.62,0.034,Deribit option 1-minute OHLC close at 10:00 NY snapshot; option-denominated close converted to USD with snapshot BTC-PERPETUAL close,37123.38,-0.023846,-2.384594,38874.2705,-0.04504,-4.503983,0.045575,4.557463,,,true,true,
2021-02-08,10:00,15:00,1612796400000,6,BTC-12FEB21-40000-C,43792.5,4598.2125,0.105,Deribit option 1-minute OHLC close at 10:00 NY snapshot; option-denominated close converted to USD with snapshot BTC-PERPETUAL close,39194.2875,0.055784,5.578445,39194.2875,0,0,0.046251,4.625082,,,true,true,
2021-02-09,10:00,15:00,1612882800000,6,BTC-12FEB21-40000-C,46666.5,6883.30875,0.1475,Deribit option 1-minute OHLC close at 10:00 NY snapshot; option-denominated close converted to USD with snapshot BTC-PERPETUAL close,39783.19125,0.015025,1.502524,39783.19125,0,0,0.044993,4.499262,,,true,true,
2021-02-10,10:00,15:00,1612969200000,6,BTC-12FEB21-40000-C,45010,5108.635,0.1135,Deribit option 1-minute OHLC close at 10:00 NY snapshot; option-denominated close converted to USD with snapshot BTC-PERPETUAL close,39901.365,0.00297,0.297044,39901.365,0,0,0.043628,4.362803,,,true,true,
2021-02-11,10:00,15:00,1613055600000,6,BTC-12FEB21-40000-C,48140,8183.8,0.17,Deribit option 1-minute OHLC close at 10:00 NY snapshot; option-denominated close converted to USD with snapshot BTC-PERPETUAL close,39956.2,0.001374,0.137426,39956.2,0,0,0.0423,4.230028,,,true,true,
2021-02-12,10:00,15:00,1613142000000,7,BTC-19FEB21-50000-C,46792.5,1497.36,0.032,Deribit option 1-minute OHLC close at 10:00 NY snapshot; option-denominated close converted to USD with snapshot BTC-PERPETUAL close,45295.14,0.13362,13.361981,45295.14,0,0,0.052471,5.247104,,,true,true,
2021-02-13,10:00,15:00,1613228400000,7,BTC-19FEB21-50000-C,47013.5,1480.92525,0.0315,Deribit option 1-minute OHLC close at 10:00 NY snapshot; option-denominated close converted to USD with snapshot BTC-PERPETUAL close,45532.57475,0.005242,0.524195,45532.57475,0,0,0.050889,5.088876,,,true,true,
2021-02-14,10:00,15:00,1613314800000,7,BTC-19FEB21-50000-C,48932.5,2201.9625,0.045,Deribit option 1-minute OHLC close at 10:00 NY snapshot; option-denominated close converted to USD with snapshot BTC-PERPETUAL close,46730.5375,0.02631,2.631002,46730.5375,0,0,0.049758,4.975761,,,true,true,
2021-02-15,10:00,15:00,1613401200000,7,BTC-19FEB21-50000-C,47745,1169.7525,0.0245,Deribit option 1-minute OHLC close at 10:00 NY snapshot; option-denominated close converted to USD with snapshot BTC-PERPETUAL close,46575.2475,-0.003323,-0.332309,46730.5375,-0.003323,-0.332309,0.048249,4.824866,,,true,true,
2021-02-16,10:00,15:00,1613487600000,7,BTC-19FEB21-50000-C,49364,1777.104,0.036,Deribit option 1-minute OHLC close at 10:00 NY snapshot; option-denominated close converted to USD with snapshot BTC-PERPETUAL close,47586.896,0.021721,2.172073,47586.896,0,0,0.04708,4.70804,-0.105456,-10.545595,true,true,
2021-02-17,10:00,15:00,1613574000000,7,BTC-19FEB21-50000-C,51467,1955.746,0.038,Deribit option 1-minute OHLC close at 10:00 NY snapshot; option-denominated close converted to USD with snapshot BTC-PERPETUAL close,49511.254,0.040439,4.043882,49511.254,0,0,0.046709,4.670855,-0.105456,-10.545595,true,true,
2021-02-18,10:00,15:00,1613660400000,7,BTC-19FEB21-50000-C,52235,2481.1625,0.0475,Deribit option 1-minute OHLC close at 10:00 NY snapshot; option-denominated close converted to USD with snapshot BTC-PERPETUAL close,49753.8375,0.0049,0.489956,49753.8375,0,0,0.045302,4.530152,-0.105456,-10.545595,true,true,
2021-02-19,10:00,15:00,1613746800000,8,BTC-26FEB21-54000-C,53083.5,2468.38275,0.0465,Deribit option 1-minute OHLC close at 10:00 NY snapshot; option-denominated close converted to USD with snapshot BTC-PERPETUAL close,50615.11725,0.017311,1.731082,50615.11725,0,0,0.044126,4.412566,-0.076329,-7.632936,true,true,
2021-02-20,10:00,15:00,1613833200000,8,BTC-26FEB21-54000-C,56513.5,4888.41775,0.0865,Deribit option 1-minute OHLC close at 10:00 NY snapshot; option-denominated close converted to USD with snapshot BTC-PERPETUAL close,51625.08225,0.019954,1.995382,51625.08225,0,0,0.04306,4.305971,-0.076329,-7.632936,true,true,
2021-02-21,10:00,15:00,1613919600000,8,BTC-26FEB21-54000-C,57623,4840.332,0.084,Deribit option 1-minute OHLC close at 10:00 NY snapshot; option-denominated close converted to USD with snapshot BTC-PERPETUAL close,52782.668,0.022423,2.242293,52782.668,0,0,0.042108,4.210769,-0.076329,-7.632936,true,true,
2021-02-22,10:00,15:00,1614006000000,8,BTC-26FEB21-54000-C,53825.5,2449.06025,0.0455,Deribit option 1-minute OHLC close at 10:00 NY snapshot; option-denominated close converted to USD with snapshot BTC-PERPETUAL close,51376.43975,-0.026642,-2.664186,52782.668,-0.026642,-2.664186,0.041343,4.134321,-0.076329,-7.632936,true,true,
2021-02-23,10:00,15:00,1614092400000,8,BTC-26FEB21-54000-C,46704.5,467.045,0.01,Deribit option 1-minute OHLC close at 10:00 NY snapshot; option-denominated close converted to USD with snapshot BTC-PERPETUAL close,46237.455,-0.100026,-10.00261,52782.668,-0.124003,-12.400307,0.046979,4.697892,-0.043052,-4.305188,true,true,
2021-02-24,10:00,15:00,1614178800000,8,BTC-26FEB21-54000-C,49509,198.036,0.004,Deribit option 1-minute OHLC close at 10:00 NY snapshot; option-denominated close converted to USD with snapshot BTC-PERPETUAL close,49310.964,0.066472,6.647228,52782.668,-0.065774,-6.577356,0.048371,4.837056,-0.074835,-7.483502,true,true,
2021-02-25,10:00,15:00,1614265200000,8,BTC-26FEB21-54000-C,50973.5,101.947,0.002,Deribit option 1-minute OHLC close at 10:00 NY snapshot; option-denominated close converted to USD with snapshot BTC-PERPETUAL close,50871.553,0.031648,3.164791,52782.668,-0.036207,-3.620725,0.047533,4.75334,-0.073841,-7.384098,true,true,
2021-02-26,10:00,15:00,1614351600000,9,,46884.5,,,,,,,52782.668,,,0.047533,4.75334,-0.073841,-7.384098,true,false,missing_observed_option_instrument; synthetic/theoretical cycle excluded from option valuation
2021-02-27,10:00,15:00,1614438000000,9,,47067.5,,,,,,,52782.668,,,0.047533,4.75334,-0.073841,-7.384098,true,false,missing_observed_option_instrument; synthetic/theoretical cycle excluded from option valuation
2021-02-28,10:00,15:00,1614524400000,9,,44515,,,,,,,52782.668,,,0.047533,4.75334,-0.073841,-7.384098,true,false,missing_observed_option_instrument; synthetic/theoretical cycle excluded from option valuation
2021-03-01,10:00,15:00,1614610800000,9,,48362.5,,,,,,,52782.668,,,0.047533,4.75334,-0.073841,-7.384098,true,false,missing_observed_option_instrument; synthetic/theoretical cycle excluded from option valuation
2021-03-02,10:00,15:00,1614697200000,9,,49004.5,,,,,,,52782.668,,,0.047533,4.75334,-0.073841,-7.384098,true,false,missing_observed_option_instrument; synthetic/theoretical cycle excluded from option valuation
2021-03-03,10:00,15:00,1614783600000,9,,50912,,,,,,,52782.668,,,0.047533,4.75334,-0.073841,-7.384098,true,false,missing_observed_option_instrument; synthetic/theoretical cycle excluded from option valuation
2021-03-04,10:00,15:00,1614870000000,9,,49357.5,,,,,,,52782.668,,,0.047533,4.75334,-0.073841,-7.384098,true,false,missing_observed_option_instrument; synthetic/theoretical cycle excluded from option valuation
2021-03-05,10:00,15:00,1614956400000,10,BTC-12MAR21-50000-C,48302.5,1763.04125,0.0365,Deribit option 1-minute OHLC close at 10:00 NY snapshot; option-denominated close converted to USD with snapshot BTC-PERPETUAL close,46539.45875,,,52782.668,-0.118281,-11.828143,0.047533,4.75334,-0.073841,-7.384098,true,true,daily_return_not_computed_across_missing_mtm_gap
2021-03-06,10:00,15:00,1615042800000,10,BTC-12MAR21-50000-C,47571.5,1236.859,0.026,Deribit option 1-minute OHLC close at 10:00 NY snapshot; option-denominated close converted to USD with snapshot BTC-PERPETUAL close,46334.641,-0.004401,-0.440095,52782.668,-0.122162,-12.216182,0.046098,4.609795,-0.073841,-7.384098,true,true,
2021-03-07,10:00,15:00,1615129200000,10,BTC-12MAR21-50000-C,50608.5,2074.9485,0.041,Deribit option 1-minute OHLC close at 10:00 NY snapshot; option-denominated close converted to USD with snapshot BTC-PERPETUAL close,48533.5515,0.047457,4.745716,52782.668,-0.080502,-8.050212,0.046181,4.618063,-0.073841,-7.384098,true,true,
2021-03-08,10:00,15:00,1615215600000,10,BTC-12MAR21-50000-C,50791,2234.804,0.044,Deribit option 1-minute OHLC close at 10:00 NY snapshot; option-denominated close converted to USD with snapshot BTC-PERPETUAL close,48556.196,0.000467,0.046657,52782.668,-0.080073,-8.00731,0.044774,4.477393,-0.071924,-7.19243,true,true,
2021-03-09,10:00,15:00,1615302000000,10,BTC-12MAR21-50000-C,54550,4991.325,0.0915,Deribit option 1-minute OHLC close at 10:00 NY snapshot; option-denominated close converted to USD with snapshot BTC-PERPETUAL close,49558.675,0.020646,2.064575,52782.668,-0.061081,-6.108052,0.043704,4.370351,-0.035227,-3.522654,true,true,
2021-03-10,10:00,15:00,1615388400000,10,BTC-12MAR21-50000-C,56124,6173.64,0.11,Deribit option 1-minute OHLC close at 10:00 NY snapshot; option-denominated close converted to USD with snapshot BTC-PERPETUAL close,49950.36,0.007903,0.790346,52782.668,-0.05366,-5.365981,0.042416,4.241633,-0.035227,-3.522654,true,true,
2021-03-11,10:00,15:00,1615474800000,10,BTC-12MAR21-50000-C,56996.5,5671.15175,0.0995,Deribit option 1-minute OHLC close at 10:00 NY snapshot; option-denominated close converted to USD with snapshot BTC-PERPETUAL close,51325.34825,0.027527,2.752709,52782.668,-0.02761,-2.760982,0.041673,4.167326,-0.035227,-3.522654,true,true,
2021-03-12,10:00,15:00,1615561200000,11,BTC-19MAR21-60000-C,56179.5,1320.21825,0.0235,Deribit option 1-minute OHLC close at 10:00 NY snapshot; option-denominated close converted to USD with snapshot BTC-PERPETUAL close,54859.28175,0.068854,6.885357,54859.28175,0,0,0.043783,4.378253,-0.035227,-3.522654,true,true,
2021-03-13,10:00,15:00,1615647600000,11,BTC-19MAR21-60000-C,60047,3182.491,0.053,Deribit option 1-minute OHLC close at 10:00 NY snapshot; option-denominated close converted to USD with snapshot BTC-PERPETUAL close,56864.509,0.036552,3.65522,56864.509,0,0,0.043383,4.338271,-0.035227,-3.522654,true,true,
2021-03-14,10:00,14:00,1615730400000,11,BTC-19MAR21-60000-C,60114.5,2524.809,0.042,Deribit option 1-minute OHLC close at 10:00 NY snapshot; option-denominated close converted to USD with snapshot BTC-PERPETUAL close,57589.691,0.012753,1.275281,57589.691,0,0,0.042177,4.217693,-0.032657,-3.265654,true,true,
2021-03-15,10:00,14:00,1615816800000,11,BTC-19MAR21-60000-C,56952,1252.944,0.022,Deribit option 1-minute OHLC close at 10:00 NY snapshot; option-denominated close converted to USD with snapshot BTC-PERPETUAL close,55699.056,-0.032829,-3.28294,57589.691,-0.032829,-3.28294,0.041675,4.167525,-0.025384,-2.538369,true,true,
2021-03-16,10:00,14:00,1615903200000,11,BTC-19MAR21-60000-C,55439,471.2315,0.0085,Deribit option 1-minute OHLC close at 10:00 NY snapshot; option-denominated close converted to USD with snapshot BTC-PERPETUAL close,54967.7685,-0.013129,-1.312926,57589.691,-0.045528,-4.552764,0.040533,4.053344,-0.030045,-3.004501,true,true,
2021-03-17,10:00,14:00,1615989600000,11,BTC-19MAR21-60000-C,55149.5,330.897,0.006,Deribit option 1-minute OHLC close at 10:00 NY snapshot; option-denominated close converted to USD with snapshot BTC-PERPETUAL close,54818.603,-0.002714,-0.271369,57589.691,-0.048118,-4.811778,0.039304,3.930424,-0.030045,-3.004501,true,true,
2021-03-18,10:00,14:00,1616076000000,11,BTC-19MAR21-60000-C,57843.5,144.60875,0.0025,Deribit option 1-minute OHLC close at 10:00 NY snapshot; option-denominated close converted to USD with snapshot BTC-PERPETUAL close,57698.89125,0.052542,5.254217,57698.89125,0,0,0.040222,4.022157,-0.030045,-3.004501,true,true,
2021-03-19,10:00,14:00,1616162400000,12,BTC-26MAR21-60000-C,58204,2153.548,0.037,Deribit option 1-minute OHLC close at 10:00 NY snapshot; option-denominated close converted to USD with snapshot BTC-PERPETUAL close,56050.452,-0.02857,-2.856969,57698.89125,-0.02857,-2.856969,0.039619,3.961921,-0.030045,-3.004501,true,true,
2021-03-20,10:00,14:00,1616248800000,12,BTC-26MAR21-60000-C,59218.5,2516.78625,0.0425,Deribit option 1-minute OHLC close at 10:00 NY snapshot; option-denominated close converted to USD with snapshot BTC-PERPETUAL close,56701.71375,0.011619,1.161921,57698.89125,-0.017282,-1.728244,0.038518,3.851755,-0.030913,-3.091253,true,true,
2021-03-21,10:00,14:00,1616335200000,12,BTC-26MAR21-60000-C,57129.5,942.63675,0.0165,Deribit option 1-minute OHLC close at 10:00 NY snapshot; option-denominated close converted to USD with snapshot BTC-PERPETUAL close,56186.86325,-0.00908,-0.907998,57698.89125,-0.026205,-2.620549,0.03741,3.741032,-0.030913,-3.091253,true,true,
2021-03-22,10:00,14:00,1616421600000,12,BTC-26MAR21-60000-C,56985,655.3275,0.0115,Deribit option 1-minute OHLC close at 10:00 NY snapshot; option-denominated close converted to USD with snapshot BTC-PERPETUAL close,56329.6725,0.002542,0.254168,57698.89125,-0.02373,-2.373042,0.036276,3.6276,-0.030913,-3.091253,true,true,
2021-03-23,10:00,14:00,1616508000000,12,BTC-26MAR21-60000-C,55326,165.978,0.003,Deribit option 1-minute OHLC close at 10:00 NY snapshot; option-denominated close converted to USD with snapshot BTC-PERPETUAL close,55160.022,-0.020764,-2.076438,57698.89125,-0.044002,-4.400205,0.035537,3.553675,-0.030913,-3.091253,true,true,
2021-03-24,10:00,14:00,1616594400000,12,BTC-26MAR21-60000-C,56930,199.255,0.0035,Deribit option 1-minute OHLC close at 10:00 NY snapshot; option-denominated close converted to USD with snapshot BTC-PERPETUAL close,56730.745,0.028476,2.847575,57698.89125,-0.016779,-1.677929,0.035153,3.515311,-0.030913,-3.091253,true,true,
2021-03-25,10:00,14:00,1616680800000,12,BTC-26MAR21-60000-C,51787,25.8935,0.0005,Deribit option 1-minute OHLC close at 10:00 NY snapshot; option-denominated close converted to USD with snapshot BTC-PERPETUAL close,51761.1065,-0.0876,-8.760044,57698.89125,-0.10291,-10.290986,0.040274,4.027439,-0.030913,-3.091253,true,true,
2021-03-26,10:00,14:00,1616767200000,13,,53464,,,,,,,57698.89125,,,0.040274,4.027439,-0.030913,-3.091253,true,false,missing_observed_option_instrument; synthetic/theoretical cycle excluded from option valuation
2021-03-27,10:00,14:00,1616853600000,13,,54709,,,,,,,57698.89125,,,0.040274,4.027439,-0.030913,-3.091253,true,false,missing_observed_option_instrument; synthetic/theoretical cycle excluded from option valuation
2021-03-28,10:00,14:00,1616940000000,13,,55674,,,,,,,57698.89125,,,0.040274,4.027439,-0.030913,-3.091253,true,false,missing_observed_option_instrument; synthetic/theoretical cycle excluded from option valuation
2021-03-29,10:00,14:00,1617026400000,13,,58079,,,,,,,57698.89125,,,0.040274,4.027439,-0.030913,-3.091253,true,false,missing_observed_option_instrument; synthetic/theoretical cycle excluded from option valuation
2021-03-30,10:00,14:00,1617112800000,13,,59032,,,,,,,57698.89125,,,0.040274,4.027439,-0.030913,-3.091253,true,false,missing_observed_option_instrument; synthetic/theoretical cycle excluded from option valuation
2021-03-31,10:00,14:00,1617199200000,13,,58625.5,,,,,,,57698.89125,,,0.040274,4.027439,-0.030913,-3.091253,true,false,missing_observed_option_instrument; synthetic/theoretical cycle excluded from option valuation
2021-04-01,10:00,14:00,1617285600000,13,,58971,,,,,,,57698.89125,,,0.040274,4.027439,-0.030913,-3.091253,true,false,missing_observed_option_instrument; synthetic/theoretical cycle excluded from option valuation
2021-04-02,10:00,14:00,1617372000000,14,,59237.5,,,,,,,57698.89125,,,0.040274,4.027439,-0.030913,-3.091253,true,false,missing_observed_option_instrument; synthetic/theoretical cycle excluded from option valuation
2021-04-03,10:00,14:00,1617458400000,14,,59521,,,,,,,57698.89125,,,0.040274,4.027439,-0.030913,-3.091253,true,false,missing_observed_option_instrument; synthetic/theoretical cycle excluded from option valuation
2021-04-04,10:00,14:00,1617544800000,14,,58298.5,,,,,,,57698.89125,,,0.040274,4.027439,-0.030913,-3.091253,true,false,missing_observed_option_instrument; synthetic/theoretical cycle excluded from option valuation
2021-04-05,10:00,14:00,1617631200000,14,,58267,,,,,,,57698.89125,,,0.040274,4.027439,-0.030913,-3.091253,true,false,missing_observed_option_instrument; synthetic/theoretical cycle excluded from option valuation
2021-04-06,10:00,14:00,1617717600000,14,,58366.5,,,,,,,57698.89125,,,0.040274,4.027439,-0.030913,-3.091253,true,false,missing_observed_option_instrument; synthetic/theoretical cycle excluded from option valuation
2021-04-07,10:00,14:00,1617804000000,14,,56732.5,,,,,,,57698.89125,,,0.040274,4.027439,-0.030913,-3.091253,true,false,missing_observed_option_instrument; synthetic/theoretical cycle excluded from option valuation
2021-04-08,10:00,14:00,1617890400000,14,,57506.5,,,,,,,57698.89125,,,0.040274,4.027439,-0.030913,-3.091253,true,false,missing_observed_option_instrument; synthetic/theoretical cycle excluded from option valuation
2021-04-09,10:00,14:00,1617976800000,15,BTC-16APR21-62000-C,58437,905.7735,0.0155,Deribit option 1-minute OHLC close at 10:00 NY snapshot; option-denominated close converted to USD with snapshot BTC-PERPETUAL close,57531.2265,,,57698.89125,-0.002906,-0.290586,0.040274,4.027439,-0.030913,-3.091253,true,true,daily_return_not_computed_across_missing_mtm_gap
2021-04-10,10:00,14:00,1618063200000,15,BTC-16APR21-62000-C,60515.5,1754.9495,0.029,Deribit option 1-minute OHLC close at 10:00 NY snapshot; option-denominated close converted to USD with snapshot BTC-PERPETUAL close,58760.5505,0.021368,2.136794,58760.5505,0,0,0.039397,3.939671,-0.062953,-6.295347,true,true,
2021-04-11,10:00,14:00,1618149600000,15,BTC-16APR21-62000-C,59318,1186.36,0.02,Deribit option 1-minute OHLC close at 10:00 NY snapshot; option-denominated close converted to USD with snapshot BTC-PERPETUAL close,58131.64,-0.010703,-1.070294,58760.5505,-0.010703,-1.070294,0.038286,3.828639,-0.062953,-6.295347,true,true,
2021-04-12,10:00,14:00,1618236000000,15,BTC-16APR21-62000-C,60363.5,1207.27,0.02,Deribit option 1-minute OHLC close at 10:00 NY snapshot; option-denominated close converted to USD with snapshot BTC-PERPETUAL close,59156.23,0.017625,1.762534,59156.23,0,0,0.03737,3.737026,-0.062953,-6.295347,true,true,
2021-04-13,10:00,14:00,1618322400000,15,BTC-16APR21-62000-C,62903.5,2264.526,0.036,Deribit option 1-minute OHLC close at 10:00 NY snapshot; option-denominated close converted to USD with snapshot BTC-PERPETUAL close,60638.974,0.025065,2.506488,60638.974,0,0,0.036748,3.674832,-0.062953,-6.295347,true,true,
2021-04-14,10:00,14:00,1618408800000,15,BTC-16APR21-62000-C,63745.5,2390.45625,0.0375,Deribit option 1-minute OHLC close at 10:00 NY snapshot; option-denominated close converted to USD with snapshot BTC-PERPETUAL close,61355.04375,0.011809,1.180874,61355.04375,0,0,0.035746,3.574604,-0.062953,-6.295347,true,true,
2021-04-15,10:00,14:00,1618495200000,15,BTC-16APR21-62000-C,63075,1324.575,0.021,Deribit option 1-minute OHLC close at 10:00 NY snapshot; option-denominated close converted to USD with snapshot BTC-PERPETUAL close,61750.425,0.006444,0.644415,61750.425,0,0,0.034693,3.4693,-0.062953,-6.295347,true,true,
2021-04-16,10:00,14:00,1618581600000,16,BTC-23APR21-65000-C,60860,578.17,0.0095,Deribit option 1-minute OHLC close at 10:00 NY snapshot; option-denominated close converted to USD with snapshot BTC-PERPETUAL close,60281.83,-0.023783,-2.378275,61750.425,-0.023783,-2.378275,0.034137,3.413686,-0.062953,-6.295347,true,true,
2021-04-17,10:00,14:00,1618668000000,16,BTC-23APR21-65000-C,61030,579.785,0.0095,Deribit option 1-minute OHLC close at 10:00 NY snapshot; option-denominated close converted to USD with snapshot BTC-PERPETUAL close,60450.215,0.002793,0.27933,61750.425,-0.021056,-2.105589,0.033104,3.310398,-0.062953,-6.295347,true,true,
2021-04-18,10:00,14:00,1618754400000,16,BTC-23APR21-65000-C,55319.5,165.9585,0.003,Deribit option 1-minute OHLC close at 10:00 NY snapshot; option-denominated close converted to USD with snapshot BTC-PERPETUAL close,55153.5415,-0.08762,-8.762042,61750.425,-0.106831,-10.683139,0.03861,3.861038,-0.030913,-3.091253,true,true,
2021-04-19,10:00,14:00,1618840800000,16,BTC-23APR21-65000-C,56605.5,56.6055,0.001,Deribit option 1-minute OHLC close at 10:00 NY snapshot; option-denominated close converted to USD with snapshot BTC-PERPETUAL close,56548.8945,0.025299,2.529943,61750.425,-0.084235,-8.423473,0.037944,3.794364,-0.062953,-6.295347,true,true,
2021-04-20,10:00,14:00,1618927200000,16,BTC-23APR21-65000-C,56463,56.463,0.001,Deribit option 1-minute OHLC close at 10:00 NY snapshot; option-denominated close converted to USD with snapshot BTC-PERPETUAL close,56406.537,-0.002517,-0.251742,61750.425,-0.08654,-8.65401,0.036793,3.679289,-0.062953,-6.295347,true,true,
2021-04-21,10:00,14:00,1619013600000,16,BTC-23APR21-65000-C,55663,27.8315,0.0005,Deribit option 1-minute OHLC close at 10:00 NY snapshot; option-denominated close converted to USD with snapshot BTC-PERPETUAL close,55635.1685,-0.013675,-1.367516,61750.425,-0.099032,-9.903181,0.035829,3.582896,-0.062953,-6.295347,true,true,
2021-04-22,10:00,14:00,1619100000000,16,BTC-23APR21-65000-C,54461.5,27.23075,0.0005,Deribit option 1-minute OHLC close at 10:00 NY snapshot; option-denominated close converted to USD with snapshot BTC-PERPETUAL close,54434.26925,-0.021585,-2.158525,61750.425,-0.118479,-11.847944,0.035138,3.513754,-0.062953,-6.295347,true,true,
2021-04-23,10:00,14:00,1619186400000,17,BTC-30APR21-50000-C,49198,1697.331,0.0345,Deribit option 1-minute OHLC close at 10:00 NY snapshot; option-denominated close converted to USD with snapshot BTC-PERPETUAL close,47500.669,-0.127376,-12.737565,61750.425,-0.230764,-23.076369,0.046196,4.619568,-0.062953,-6.295347,true,true,
2021-04-24,10:00,14:00,1619272800000,17,BTC-30APR21-50000-C,49539.5,1857.73125,0.0375,Deribit option 1-minute OHLC close at 10:00 NY snapshot; option-denominated close converted to USD with snapshot BTC-PERPETUAL close,47681.76875,0.003813,0.381257,61750.425,-0.227831,-22.783092,0.044798,4.479811,-0.087611,-8.761143,true,true,
2021-04-25,10:00,14:00,1619359200000,17,BTC-30APR21-50000-C,49875,1645.875,0.033,Deribit option 1-minute OHLC close at 10:00 NY snapshot; option-denominated close converted to USD with snapshot BTC-PERPETUAL close,48229.125,0.011479,1.147936,61750.425,-0.218967,-21.896691,0.043524,4.352431,-0.087611,-8.761143,true,true,
2021-04-26,10:00,14:00,1619445600000,17,BTC-30APR21-50000-C,53788,4195.464,0.078,Deribit option 1-minute OHLC close at 10:00 NY snapshot; option-denominated close converted to USD with snapshot BTC-PERPETUAL close,49592.536,0.028269,2.826945,61750.425,-0.196888,-19.688754,0.042763,4.276275,-0.087611,-8.761143,true,true,
2021-04-27,10:00,14:00,1619532000000,17,BTC-30APR21-50000-C,54682.5,5003.44875,0.0915,Deribit option 1-minute OHLC close at 10:00 NY snapshot; option-denominated close converted to USD with snapshot BTC-PERPETUAL close,49679.05125,0.001745,0.174452,61750.425,-0.195486,-19.548649,0.041462,4.146223,-0.087611,-8.761143,true,true,
2021-04-28,10:00,14:00,1619618400000,17,BTC-30APR21-50000-C,54905,5161.07,0.094,Deribit option 1-minute OHLC close at 10:00 NY snapshot; option-denominated close converted to USD with snapshot BTC-PERPETUAL close,49743.93,0.001306,0.130596,61750.425,-0.194436,-19.443583,0.0402,4.02004,-0.087611,-8.761143,true,true,
2021-04-29,10:00,14:00,1619704800000,17,BTC-30APR21-50000-C,53733,3761.31,0.07,Deribit option 1-minute OHLC close at 10:00 NY snapshot; option-denominated close converted to USD with snapshot BTC-PERPETUAL close,49971.69,0.004579,0.457865,61750.425,-0.190747,-19.074743,0.038992,3.899186,-0.087611,-8.761143,true,true,
2021-04-30,10:00,14:00,1619791200000,18,,56197,,,,,,,61750.425,,,0.038992,3.899186,-0.087611,-8.761143,true,false,missing_observed_option_instrument; synthetic/theoretical cycle excluded from option valuation
2021-05-01,10:00,14:00,1619877600000,18,,57789,,,,,,,61750.425,,,0.038992,3.899186,-0.087611,-8.761143,true,false,missing_observed_option_instrument; synthetic/theoretical cycle excluded from option valuation
2021-05-02,10:00,14:00,1619964000000,18,,56751,,,,,,,61750.425,,,0.038992,3.899186,-0.087611,-8.761143,true,false,missing_observed_option_instrument; synthetic/theoretical cycle excluded from option valuation
2021-05-03,10:00,14:00,1620050400000,18,,57871.5,,,,,,,61750.425,,,0.038992,3.899186,-0.087611,-8.761143,true,false,missing_observed_option_instrument; synthetic/theoretical cycle excluded from option valuation
2021-05-04,10:00,14:00,1620136800000,18,,55549.5,,,,,,,61750.425,,,0.038992,3.899186,-0.087611,-8.761143,true,false,missing_observed_option_instrument; synthetic/theoretical cycle excluded from option valuation
2021-05-05,10:00,14:00,1620223200000,18,,56280.5,,,,,,,61750.425,,,0.038992,3.899186,-0.087611,-8.761143,true,false,missing_observed_option_instrument; synthetic/theoretical cycle excluded from option valuation
2021-05-06,10:00,14:00,1620309600000,18,,57436.5,,,,,,,61750.425,,,0.038992,3.899186,-0.087611,-8.761143,true,false,missing_observed_option_instrument; synthetic/theoretical cycle excluded from option valuation
2021-05-07,10:00,14:00,1620396000000,19,BTC-14MAY21-58000-C,57150.5,1657.3645,0.029,Deribit option 1-minute OHLC close at 10:00 NY snapshot; option-denominated close converted to USD with snapshot BTC-PERPETUAL close,55493.1355,,,61750.425,-0.101332,-10.133193,0.038992,3.899186,-0.087611,-8.761143,true,true,daily_return_not_computed_across_missing_mtm_gap
2021-05-08,10:00,14:00,1620482400000,19,BTC-14MAY21-58000-C,59036,2449.994,0.0415,Deribit option 1-minute OHLC close at 10:00 NY snapshot; option-denominated close converted to USD with snapshot BTC-PERPETUAL close,56586.006,0.019694,1.96938,61750.425,-0.083634,-8.363374,0.038111,3.811055,-0.087611,-8.761143,true,true,
2021-05-09,10:00,14:00,1620568800000,19,BTC-14MAY21-58000-C,57275,1517.7875,0.0265,Deribit option 1-minute OHLC close at 10:00 NY snapshot; option-denominated close converted to USD with snapshot BTC-PERPETUAL close,55757.2125,-0.014647,-1.464662,61750.425,-0.097055,-9.70554,0.037123,3.712332,-0.087611,-8.761143,true,true,
2021-05-10,10:00,14:00,1620655200000,19,BTC-14MAY21-58000-C,57672,1932.012,0.0335,Deribit option 1-minute OHLC close at 10:00 NY snapshot; option-denominated close converted to USD with snapshot BTC-PERPETUAL close,55739.988,-0.000309,-0.030892,61750.425,-0.097334,-9.733434,0.035992,3.599247,-0.087611,-8.761143,true,true,
2021-05-11,10:00,14:00,1620741600000,19,BTC-14MAY21-58000-C,55835,474.5975,0.0085,Deribit option 1-minute OHLC close at 10:00 NY snapshot; option-denominated close converted to USD with snapshot BTC-PERPETUAL close,55360.4025,-0.00681,-0.680993,61750.425,-0.103481,-10.348143,0.034936,3.493584,-0.087611,-8.761143,true,true,
2021-05-12,10:00,14:00,1620828000000,19,BTC-14MAY21-58000-C,56816,568.16,0.01,Deribit option 1-minute OHLC close at 10:00 NY snapshot; option-denominated close converted to USD with snapshot BTC-PERPETUAL close,56247.84,0.01603,1.603019,61750.425,-0.08911,-8.911007,0.034098,3.409839,-0.087611,-8.761143,true,true,
2021-05-13,10:00,14:00,1620914400000,19,BTC-14MAY21-58000-C,50598.5,25.29925,0.0005,Deribit option 1-minute OHLC close at 10:00 NY snapshot; option-denominated close converted to USD with snapshot BTC-PERPETUAL close,50573.20075,-0.100886,-10.088635,61750.425,-0.181006,-18.100643,0.041275,4.127495,-0.087611,-8.761143,true,true,
2021-05-14,10:00,14:00,1621000800000,20,BTC-21MAY21-53000-C,50980,1121.56,0.022,Deribit option 1-minute OHLC close at 10:00 NY snapshot; option-denominated close converted to USD with snapshot BTC-PERPETUAL close,49858.44,-0.014133,-1.413319,61750.425,-0.192581,-19.258143,0.040167,4.016701,-0.094917,-9.491668,true,true,
2021-05-15,10:00,14:00,1621087200000,20,BTC-21MAY21-53000-C,49046.5,637.6045,0.013,Deribit option 1-minute OHLC close at 10:00 NY snapshot; option-denominated close converted to USD with snapshot BTC-PERPETUAL close,48408.8955,-0.029073,-2.90732,61750.425,-0.216056,-21.605567,0.039589,3.958915,-0.094917,-9.491668,true,true,
2021-05-16,10:00,14:00,1621173600000,20,BTC-21MAY21-53000-C,48858,464.151,0.0095,Deribit option 1-minute OHLC close at 10:00 NY snapshot; option-denominated close converted to USD with snapshot BTC-PERPETUAL close,48393.849,-0.000311,-0.031082,61750.425,-0.216299,-21.629934,0.038383,3.838318,-0.094917,-9.491668,true,true,
2021-05-17,10:00,14:00,1621260000000,20,BTC-21MAY21-53000-C,45143,316.001,0.007,Deribit option 1-minute OHLC close at 10:00 NY snapshot; option-denominated close converted to USD with snapshot BTC-PERPETUAL close,44826.999,-0.073705,-7.370461,61750.425,-0.274062,-27.406169,0.041362,4.1362,-0.094917,-9.491668,true,true,
2021-05-18,10:00,14:00,1621346400000,20,BTC-21MAY21-53000-C,43513.5,65.27025,0.0015,Deribit option 1-minute OHLC close at 10:00 NY snapshot; option-denominated close converted to USD with snapshot BTC-PERPETUAL close,43448.22975,-0.030758,-3.075756,61750.425,-0.29639,-29.638979,0.040804,4.080352,-0.094917,-9.491668,true,true,
2021-05-19,10:00,14:00,1621432800000,20,BTC-21MAY21-53000-C,35644.5,17.82225,0.0005,Deribit option 1-minute OHLC close at 10:00 NY snapshot; option-denominated close converted to USD with snapshot BTC-PERPETUAL close,35626.67775,-0.18002,-18.002004,61750.425,-0.423054,-42.305372,0.059241,5.924073,-0.094917,-9.491668,true,true,
2021-05-20,10:00,14:00,1621519200000,20,BTC-21MAY21-53000-C,41887.5,20.94375,0.0005,Deribit option 1-minute OHLC close at 10:00 NY snapshot; option-denominated close converted to USD with snapshot BTC-PERPETUAL close,41866.55625,0.175146,17.514624,61750.425,-0.322004,-32.200376,0.07169,7.169009,-0.115455,-11.545546,true,true,
2021-05-21,10:00,14:00,1621605600000,21,BTC-28MAY21-42000-C,41351.5,1695.4115,0.041,Deribit option 1-minute OHLC close at 10:00 NY snapshot; option-denominated close converted to USD with snapshot BTC-PERPETUAL close,39656.0885,-0.052798,-5.279794,61750.425,-0.357801,-35.780056,0.070699,7.069907,-0.115455,-11.545546,true,true,
2021-05-22,10:00,14:00,1621692000000,21,BTC-28MAY21-42000-C,38309,1283.3515,0.0335,Deribit option 1-minute OHLC close at 10:00 NY snapshot; option-denominated close converted to USD with snapshot BTC-PERPETUAL close,37025.6485,-0.066331,-6.63313,61750.425,-0.400398,-40.039848,0.070445,7.044464,-0.115455,-11.545546,true,true,
2021-05-23,10:00,14:00,1621778400000,21,BTC-28MAY21-42000-C,33550,452.925,0.0135,Deribit option 1-minute OHLC close at 10:00 NY snapshot; option-denominated close converted to USD with snapshot BTC-PERPETUAL close,33097.075,-0.106104,-10.610411,61750.425,-0.464019,-46.401867,0.073077,7.307657,-0.115455,-11.545546,true,true,
2021-05-24,10:00,14:00,1621864800000,21,BTC-28MAY21-42000-C,37780,566.7,0.015,Deribit option 1-minute OHLC close at 10:00 NY snapshot; option-denominated close converted to USD with snapshot BTC-PERPETUAL close,37213.3,0.124368,12.436824,61750.425,-0.39736,-39.735961,0.077122,7.712212,-0.117803,-11.780346,true,true,
2021-05-25,10:00,14:00,1621951200000,21,BTC-28MAY21-42000-C,37652,320.042,0.0085,Deribit option 1-minute OHLC close at 10:00 NY snapshot; option-denominated close converted to USD with snapshot BTC-PERPETUAL close,37331.958,0.003189,0.318859,61750.425,-0.395438,-39.543804,0.074777,7.477675,-0.117803,-11.780346,true,true,
2021-05-26,10:00,14:00,1622037600000,21,BTC-28MAY21-42000-C,38930,194.65,0.005,Deribit option 1-minute OHLC close at 10:00 NY snapshot; option-denominated close converted to USD with snapshot BTC-PERPETUAL close,38735.35,0.037592,3.759224,61750.425,-0.372711,-37.27112,0.073081,7.308118,-0.117803,-11.780346,true,true,
2021-05-27,10:00,14:00,1622124000000,21,BTC-28MAY21-42000-C,39935.5,79.871,0.002,Deribit option 1-minute OHLC close at 10:00 NY snapshot; option-denominated close converted to USD with snapshot BTC-PERPETUAL close,39855.629,0.028921,2.892136,61750.425,-0.354569,-35.456915,0.071208,7.120811,-0.117803,-11.780346,true,true,
2021-05-28,10:00,14:00,1622210400000,22,,36937,,,,,,,61750.425,,,0.071208,7.120811,-0.117803,-11.780346,true,false,missing_observed_option_instrument; synthetic/theoretical cycle excluded from option valuation
2021-05-29,10:00,14:00,1622296800000,22,,34867,,,,,,,61750.425,,,0.071208,7.120811,-0.117803,-11.780346,true,false,missing_observed_option_instrument; synthetic/theoretical cycle excluded from option valuation
2021-05-30,10:00,14:00,1622383200000,22,,35641.5,,,,,,,61750.425,,,0.071208,7.120811,-0.117803,-11.780346,true,false,missing_observed_option_instrument; synthetic/theoretical cycle excluded from option valuation
2021-05-31,10:00,14:00,1622469600000,22,,36801.5,,,,,,,61750.425,,,0.071208,7.120811,-0.117803,-11.780346,true,false,missing_observed_option_instrument; synthetic/theoretical cycle excluded from option valuation
2021-06-01,10:00,14:00,1622556000000,22,,37082.5,,,,,,,61750.425,,,0.071208,7.120811,-0.117803,-11.780346,true,false,missing_observed_option_instrument; synthetic/theoretical cycle excluded from option valuation
2021-06-02,10:00,14:00,1622642400000,22,,37528.5,,,,,,,61750.425,,,0.071208,7.120811,-0.117803,-11.780346,true,false,missing_observed_option_instrument; synthetic/theoretical cycle excluded from option valuation
2021-06-03,10:00,14:00,1622728800000,22,,38532,,,,,,,61750.425,,,0.071208,7.120811,-0.117803,-11.780346,true,false,missing_observed_option_instrument; synthetic/theoretical cycle excluded from option valuation
2021-06-04,10:00,14:00,1622815200000,23,BTC-11JUN21-38000-C,36811.5,1251.591,0.034,Deribit option 1-minute OHLC close at 10:00 NY snapshot; option-denominated close converted to USD with snapshot BTC-PERPETUAL close,35559.909,,,61750.425,-0.424135,-42.413499,0.071208,7.120811,-0.117803,-11.780346,true,true,daily_return_not_computed_across_missing_mtm_gap
2021-06-05,10:00,14:00,1622901600000,23,BTC-11JUN21-38000-C,35714.5,875.00525,0.0245,Deribit option 1-minute OHLC close at 10:00 NY snapshot; option-denominated close converted to USD with snapshot BTC-PERPETUAL close,34839.49475,-0.020259,-2.025917,61750.425,-0.435802,-43.580154,0.069217,6.921694,-0.117803,-11.780346,true,true,
2021-06-06,10:00,14:00,1622988000000,23,BTC-11JUN21-38000-C,35628,712.56,0.02,Deribit option 1-minute OHLC close at 10:00 NY snapshot; option-denominated close converted to USD with snapshot BTC-PERPETUAL close,34915.44,0.00218,0.217986,61750.425,-0.434572,-43.457166,0.06711,6.711044,-0.117803,-11.780346,true,true,
2021-06-07,10:00,14:00,1623074400000,23,BTC-11JUN21-38000-C,36266,616.522,0.017,Deribit option 1-minute OHLC close at 10:00 NY snapshot; option-denominated close converted to USD with snapshot BTC-PERPETUAL close,35649.478,0.021023,2.102331,61750.425,-0.422684,-42.268449,0.065269,6.526945,-0.117803,-11.780346,true,true,
2021-06-08,10:00,14:00,1623160800000,23,BTC-11JUN21-38000-C,32445.5,64.891,0.002,Deribit option 1-minute OHLC close at 10:00 NY snapshot; option-denominated close converted to USD with snapshot BTC-PERPETUAL close,32380.609,-0.091695,-9.169472,61750.425,-0.475621,-47.562128,0.067149,6.714887,-0.117803,-11.780346,true,true,
2021-06-09,10:00,14:00,1623247200000,23,BTC-11JUN21-38000-C,35028,105.084,0.003,Deribit option 1-minute OHLC close at 10:00 NY snapshot; option-denominated close converted to USD with snapshot BTC-PERPETUAL close,34922.916,0.078513,7.851325,61750.425,-0.434451,-43.44506,0.067884,6.78844,-0.103756,-10.375612,true,true,
2021-06-10,10:00,14:00,1623333600000,23,BTC-11JUN21-38000-C,37991,531.874,0.014,Deribit option 1-minute OHLC close at 10:00 NY snapshot; option-denominated close converted to USD with snapshot BTC-PERPETUAL close,37459.126,0.072623,7.262309,61750.425,-0.393379,-39.337865,0.068178,6.817801,-0.103756,-10.375612,true,true,
2021-06-11,10:00,14:00,1623420000000,24,BTC-18JUN21-39000-C,37497,993.6705,0.0265,Deribit option 1-minute OHLC close at 10:00 NY snapshot; option-denominated close converted to USD with snapshot BTC-PERPETUAL close,36503.3295,-0.025516,-2.551572,61750.425,-0.408857,-40.885703,0.066396,6.639586,-0.103756,-10.375612,true,true,
2021-06-12,10:00,14:00,1623506400000,24,BTC-18JUN21-39000-C,35994,503.916,0.014,Deribit option 1-minute OHLC close at 10:00 NY snapshot; option-denominated close converted to USD with snapshot BTC-PERPETUAL close,35490.084,-0.027758,-2.775762,61750.425,-0.425266,-42.526575,0.064731,6.473125,-0.103756,-10.375612,true,true,
2021-06-13,10:00,14:00,1623592800000,24,BTC-18JUN21-39000-C,35937,359.37,0.01,Deribit option 1-minute OHLC close at 10:00 NY snapshot; option-denominated close converted to USD with snapshot BTC-PERPETUAL close,35577.63,0.002467,0.246677,61750.425,-0.423848,-42.384801,0.062762,6.276218,-0.103756,-10.375612,true,true,
2021-06-14,10:00,14:00,1623679200000,24,BTC-18JUN21-39000-C,40478,2712.026,0.067,Deribit option 1-minute OHLC close at 10:00 NY snapshot; option-denominated close converted to USD with snapshot BTC-PERPETUAL close,37765.974,0.061509,6.150899,61750.425,-0.388409,-38.840949,0.062688,6.26877,-0.103756,-10.375612,true,true,
2021-06-15,10:00,14:00,1623765600000,24,BTC-18JUN21-39000-C,40305,2176.47,0.054,Deribit option 1-minute OHLC close at 10:00 NY snapshot; option-denominated close converted to USD with snapshot BTC-PERPETUAL close,38128.53,0.0096,0.960007,61750.425,-0.382538,-38.253818,0.060823,6.082345,-0.103756,-10.375612,true,true,
2021-06-16,10:00,14:00,1623852000000,24,BTC-18JUN21-39000-C,39185.5,1018.823,0.026,Deribit option 1-minute OHLC close at 10:00 NY snapshot; option-denominated close converted to USD with snapshot BTC-PERPETUAL close,38166.677,0.001,0.100048,61750.425,-0.38192,-38.192042,0.058971,5.897103,-0.103756,-10.375612,true,true,
2021-06-17,10:00,14:00,1623938400000,24,BTC-18JUN21-39000-C,38670,406.035,0.0105,Deribit option 1-minute OHLC close at 10:00 NY snapshot; option-denominated close converted to USD with snapshot BTC-PERPETUAL close,38263.965,0.002549,0.254903,61750.425,-0.380345,-38.034491,0.057178,5.717795,-0.103756,-10.375612,true,true,
2021-06-18,10:00,14:00,1624024800000,25,BTC-25JUN21-40000-C,37196.5,632.3405,0.017,Deribit option 1-minute OHLC close at 10:00 NY snapshot; option-denominated close converted to USD with snapshot BTC-PERPETUAL close,36564.1595,-0.044423,-4.442314,61750.425,-0.407872,-40.787194,0.056494,5.649392,-0.103756,-10.375612,true,true,
2021-06-19,10:00,14:00,1624111200000,25,BTC-25JUN21-40000-C,35812,286.496,0.008,Deribit option 1-minute OHLC close at 10:00 NY snapshot; option-denominated close converted to USD with snapshot BTC-PERPETUAL close,35525.504,-0.028406,-2.840638,61750.425,-0.424692,-42.469215,0.055213,5.521309,-0.103756,-10.375612,true,true,
2021-06-20,10:00,14:00,1624197600000,25,BTC-25JUN21-40000-C,33822.5,101.4675,0.003,Deribit option 1-minute OHLC close at 10:00 NY snapshot; option-denominated close converted to USD with snapshot BTC-PERPETUAL close,33721.0325,-0.050794,-5.079369,61750.425,-0.453914,-45.391416,0.054958,5.495795,-0.103756,-10.375612,true,true,
2021-06-21,10:00,14:00,1624284000000,25,BTC-25JUN21-40000-C,33092,66.184,0.002,Deribit option 1-minute OHLC close at 10:00 NY snapshot; option-denominated close converted to USD with snapshot BTC-PERPETUAL close,33025.816,-0.020617,-2.06167,61750.425,-0.465173,-46.517265,0.053522,5.352248,-0.09962,-9.961989,true,true,
2021-06-22,10:00,14:00,1624370400000,25,BTC-25JUN21-40000-C,29379,14.6895,0.0005,Deribit option 1-minute OHLC close at 10:00 NY snapshot; option-denominated close converted to USD with snapshot BTC-PERPETUAL close,29364.3105,-0.110868,-11.086798,61750.425,-0.524468,-52.446788,0.058569,5.856859,-0.09962,-9.961989,true,true,
2021-06-23,10:00,14:00,1624456800000,25,BTC-25JUN21-40000-C,33889,33.889,0.001,Deribit option 1-minute OHLC close at 10:00 NY snapshot; option-denominated close converted to USD with snapshot BTC-PERPETUAL close,33855.111,0.152934,15.293397,61750.425,-0.451743,-45.174287,0.068028,6.802787,-0.108724,-10.872424,true,true,
2021-06-24,10:00,14:00,1624543200000,25,BTC-25JUN21-40000-C,34105,17.0525,0.0005,Deribit option 1-minute OHLC close at 10:00 NY snapshot; option-denominated close converted to USD with snapshot BTC-PERPETUAL close,34087.9475,0.006877,0.687744,61750.425,-0.447972,-44.797226,0.065977,6.597697,-0.108724,-10.872424,true,true,
2021-06-25,10:00,14:00,1624629600000,26,,33048.5,,,,,,,61750.425,,,0.065977,6.597697,-0.108724,-10.872424,true,false,missing_observed_option_instrument; synthetic/theoretical cycle excluded from option valuation
2021-06-26,10:00,14:00,1624716000000,26,,30744.5,,,,,,,61750.425,,,0.065977,6.597697,-0.108724,-10.872424,true,false,missing_observed_option_instrument; synthetic/theoretical cycle excluded from option valuation
2021-06-27,10:00,14:00,1624802400000,26,,33040.5,,,,,,,61750.425,,,0.065977,6.597697,-0.108724,-10.872424,true,false,missing_observed_option_instrument; synthetic/theoretical cycle excluded from option valuation
2021-06-28,10:00,14:00,1624888800000,26,,34232,,,,,,,61750.425,,,0.065977,6.597697,-0.108724,-10.872424,true,false,missing_observed_option_instrument; synthetic/theoretical cycle excluded from option valuation
2021-06-29,10:00,14:00,1624975200000,26,,36280.5,,,,,,,61750.425,,,0.065977,6.597697,-0.108724,-10.872424,true,false,missing_observed_option_instrument; synthetic/theoretical cycle excluded from option valuation
2021-06-30,10:00,14:00,1625061600000,26,,34761,,,,,,,61750.425,,,0.065977,6.597697,-0.108724,-10.872424,true,false,missing_observed_option_instrument; synthetic/theoretical cycle excluded from option valuation
2021-07-01,10:00,14:00,1625148000000,26,,33710,,,,,,,61750.425,,,0.065977,6.597697,-0.108724,-10.872424,true,false,missing_observed_option_instrument; synthetic/theoretical cycle excluded from option valuation
2021-07-02,10:00,14:00,1625234400000,27,,33472.5,,,,,,,61750.425,,,0.065977,6.597697,-0.108724,-10.872424,true,false,missing_observed_option_instrument; synthetic/theoretical cycle excluded from option valuation
2021-07-03,10:00,14:00,1625320800000,27,,34673,,,,,,,61750.425,,,0.065977,6.597697,-0.108724,-10.872424,true,false,missing_observed_option_instrument; synthetic/theoretical cycle excluded from option valuation
2021-07-04,10:00,14:00,1625407200000,27,,35361.5,,,,,,,61750.425,,,0.065977,6.597697,-0.108724,-10.872424,true,false,missing_observed_option_instrument; synthetic/theoretical cycle excluded from option valuation
2021-07-05,10:00,14:00,1625493600000,27,,33584,,,,,,,61750.425,,,0.065977,6.597697,-0.108724,-10.872424,true,false,missing_observed_option_instrument; synthetic/theoretical cycle excluded from option valuation
2021-07-06,10:00,14:00,1625580000000,27,,34185.5,,,,,,,61750.425,,,0.065977,6.597697,-0.108724,-10.872424,true,false,missing_observed_option_instrument; synthetic/theoretical cycle excluded from option valuation
2021-07-07,10:00,14:00,1625666400000,27,,34860,,,,,,,61750.425,,,0.065977,6.597697,-0.108724,-10.872424,true,false,missing_observed_option_instrument; synthetic/theoretical cycle excluded from option valuation
2021-07-08,10:00,14:00,1625752800000,27,,32594,,,,,,,61750.425,,,0.065977,6.597697,-0.108724,-10.872424,true,false,missing_observed_option_instrument; synthetic/theoretical cycle excluded from option valuation
2021-07-09,10:00,14:00,1625839200000,28,BTC-16JUL21-35000-C,33371,650.7345,0.0195,Deribit option 1-minute OHLC close at 10:00 NY snapshot; option-denominated close converted to USD with snapshot BTC-PERPETUAL close,32720.2655,,,61750.425,-0.470121,-47.01208,0.065977,6.597697,-0.108724,-10.872424,true,true,daily_return_not_computed_across_missing_mtm_gap
2021-07-10,10:00,14:00,1625925600000,28,BTC-16JUL21-35000-C,33672,673.44,0.02,Deribit option 1-minute OHLC close at 10:00 NY snapshot; option-denominated close converted to USD with snapshot BTC-PERPETUAL close,32998.56,0.008505,0.850526,61750.425,-0.465614,-46.561404,0.064001,6.400097,-0.108724,-10.872424,true,true,
2021-07-11,10:00,14:00,1626012000000,28,BTC-16JUL21-35000-C,33994.5,628.89825,0.0185,Deribit option 1-minute OHLC close at 10:00 NY snapshot; option-denominated close converted to USD with snapshot BTC-PERPETUAL close,33365.60175,0.011123,1.112296,61750.425,-0.45967,-45.967009,0.062111,6.211103,-0.108724,-10.872424,true,true,
2021-07-12,10:00,14:00,1626098400000,28,BTC-16JUL21-35000-C,33548.5,385.80775,0.0115,Deribit option 1-minute OHLC close at 10:00 NY snapshot; option-denominated close converted to USD with snapshot BTC-PERPETUAL close,33162.69225,-0.006081,-0.60814,61750.425,-0.462956,-46.295605,0.060237,6.02373,-0.09962,-9.961989,true,true,
2021-07-13,10:00,14:00,1626184800000,28,BTC-16JUL21-35000-C,32610.5,146.74725,0.0045,Deribit option 1-minute OHLC close at 10:00 NY snapshot; option-denominated close converted to USD with snapshot BTC-PERPETUAL close,32463.75275,-0.021076,-2.107608,61750.425,-0.474275,-47.427483,0.05863,5.862996,-0.09962,-9.961989,true,true,
2021-07-14,10:00,14:00,1626271200000,28,BTC-16JUL21-35000-C,32829.5,82.07375,0.0025,Deribit option 1-minute OHLC close at 10:00 NY snapshot; option-denominated close converted to USD with snapshot BTC-PERPETUAL close,32747.42625,0.008738,0.873816,61750.425,-0.469681,-46.968096,0.056884,5.688414,-0.09962,-9.961989,true,true,
2021-07-15,10:00,14:00,1626357600000,28,BTC-16JUL21-35000-C,31774.5,15.88725,0.0005,Deribit option 1-minute OHLC close at 10:00 NY snapshot; option-denominated close converted to USD with snapshot BTC-PERPETUAL close,31758.61275,-0.030195,-3.019515,61750.425,-0.485694,-48.569402,0.055645,5.564496,-0.09962,-9.961989,true,true,
2021-07-16,10:00,14:00,1626444000000,29,BTC-23JUL21-33000-C,31838,700.436,0.022,Deribit option 1-minute OHLC close at 10:00 NY snapshot; option-denominated close converted to USD with snapshot BTC-PERPETUAL close,31137.564,-0.019555,-1.955529,61750.425,-0.495751,-49.575142,0.054162,5.416202,-0.073289,-7.328926,true,true,
2021-07-17,10:00,14:00,1626530400000,29,BTC-23JUL21-33000-C,31611,474.165,0.015,Deribit option 1-minute OHLC close at 10:00 NY snapshot; option-denominated close converted to USD with snapshot BTC-PERPETUAL close,31136.835,-0.000023,-0.002341,61750.425,-0.495763,-49.576323,0.052512,5.251203,-0.073289,-7.328926,true,true,
2021-07-18,10:00,14:00,1626616800000,29,BTC-23JUL21-33000-C,31673,427.5855,0.0135,Deribit option 1-minute OHLC close at 10:00 NY snapshot; option-denominated close converted to USD with snapshot BTC-PERPETUAL close,31245.4145,0.003487,0.348717,61750.425,-0.494005,-49.400487,0.050919,5.091946,-0.073289,-7.328926,true,true,
2021-07-19,10:00,14:00,1626703200000,29,BTC-23JUL21-33000-C,30638,183.828,0.006,Deribit option 1-minute OHLC close at 10:00 NY snapshot; option-denominated close converted to USD with snapshot BTC-PERPETUAL close,30454.172,-0.025323,-2.532348,61750.425,-0.506818,-50.681842,0.049756,4.975642,-0.073289,-7.328926,true,true,
2021-07-20,10:00,14:00,1626789600000,29,BTC-23JUL21-33000-C,29512.5,88.5375,0.003,Deribit option 1-minute OHLC close at 10:00 NY snapshot; option-denominated close converted to USD with snapshot BTC-PERPETUAL close,29423.9625,-0.033828,-3.382819,61750.425,-0.523502,-52.350186,0.048947,4.894711,-0.073289,-7.328926,true,true,
2021-07-21,10:00,14:00,1626876000000,29,BTC-23JUL21-33000-C,31506,204.789,0.0065,Deribit option 1-minute OHLC close at 10:00 NY snapshot; option-denominated close converted to USD with snapshot BTC-PERPETUAL close,31301.211,0.0638,6.379999,61750.425,-0.493101,-49.310129,0.049963,4.996295,-0.073289,-7.328926,true,true,
2021-07-22,10:00,14:00,1626962400000,29,BTC-23JUL21-33000-C,32098.5,112.34475,0.0035,Deribit option 1-minute OHLC close at 10:00 NY snapshot; option-denominated close converted to USD with snapshot BTC-PERPETUAL close,31986.15525,0.021882,2.188236,61750.425,-0.482009,-48.200915,0.048737,4.873653,-0.073289,-7.328926,true,true,
2021-07-23,10:00,14:00,1627048800000,30,BTC-30JUL21-34000-C,32538,520.608,0.016,Deribit option 1-minute OHLC close at 10:00 NY snapshot; option-denominated close converted to USD with snapshot BTC-PERPETUAL close,32017.392,0.000977,0.097657,61750.425,-0.481503,-48.150329,0.047252,4.725242,-0.073289,-7.328926,true,true,
2021-07-24,10:00,14:00,1627135200000,30,BTC-30JUL21-34000-C,33808.5,1098.77625,0.0325,Deribit option 1-minute OHLC close at 10:00 NY snapshot; option-denominated close converted to USD with snapshot BTC-PERPETUAL close,32709.72375,0.021624,2.162361,61750.425,-0.470292,-47.029152,0.046118,4.61181,-0.047927,-4.792694,true,true,
2021-07-25,10:00,14:00,1627221600000,30,BTC-30JUL21-34000-C,34201,1128.633,0.033,Deribit option 1-minute OHLC close at 10:00 NY snapshot; option-denominated close converted to USD with snapshot BTC-PERPETUAL close,33072.367,0.011087,1.108671,61750.425,-0.464419,-46.44188,0.044796,4.479555,-0.047927,-4.792694,true,true,
2021-07-26,10:00,14:00,1627308000000,30,BTC-30JUL21-34000-C,38382.5,4318.03125,0.1125,Deribit option 1-minute OHLC close at 10:00 NY snapshot; option-denominated close converted to USD with snapshot BTC-PERPETUAL close,34064.46875,0.029998,2.999791,61750.425,-0.448352,-44.835248,0.044048,4.40481,-0.047927,-4.792694,true,true,
2021-07-27,10:00,14:00,1627394400000,30,BTC-30JUL21-34000-C,38539,4759.5665,0.1235,Deribit option 1-minute OHLC close at 10:00 NY snapshot; option-denominated close converted to USD with snapshot BTC-PERPETUAL close,33779.4335,-0.008368,-0.836752,61750.425,-0.452968,-45.29684,0.042755,4.275537,-0.047927,-4.792694,true,true,
2021-07-28,10:00,14:00,1627480800000,30,BTC-30JUL21-34000-C,39573.5,5876.66475,0.1485,Deribit option 1-minute OHLC close at 10:00 NY snapshot; option-denominated close converted to USD with snapshot BTC-PERPETUAL close,33696.83525,-0.002445,-0.244522,61750.425,-0.454306,-45.430602,0.041457,4.14572,-0.047927,-4.792694,true,true,
2021-07-29,10:00,14:00,1627567200000,30,BTC-30JUL21-34000-C,39909,5806.7595,0.1455,Deribit option 1-minute OHLC close at 10:00 NY snapshot; option-denominated close converted to USD with snapshot BTC-PERPETUAL close,34102.2405,0.012031,1.203096,61750.425,-0.447741,-44.77408,0.040302,4.030213,-0.047927,-4.792694,true,true,
2021-07-30,10:00,14:00,1627653600000,31,,38878,,,,,,,61750.425,,,0.040302,4.030213,-0.047927,-4.792694,true,false,missing_observed_option_instrument; synthetic/theoretical cycle excluded from option valuation
2021-07-31,10:00,14:00,1627740000000,31,,41369.5,,,,,,,61750.425,,,0.040302,4.030213,-0.047927,-4.792694,true,false,missing_observed_option_instrument; synthetic/theoretical cycle excluded from option valuation
2021-08-01,10:00,14:00,1627826400000,31,,41381.5,,,,,,,61750.425,,,0.040302,4.030213,-0.047927,-4.792694,true,false,missing_observed_option_instrument; synthetic/theoretical cycle excluded from option valuation
2021-08-02,10:00,14:00,1627912800000,31,,39619,,,,,,,61750.425,,,0.040302,4.030213,-0.047927,-4.792694,true,false,missing_observed_option_instrument; synthetic/theoretical cycle excluded from option valuation
2021-08-03,10:00,14:00,1627999200000,31,,38465.5,,,,,,,61750.425,,,0.040302,4.030213,-0.047927,-4.792694,true,false,missing_observed_option_instrument; synthetic/theoretical cycle excluded from option valuation
2021-08-04,10:00,14:00,1628085600000,31,,39021.5,,,,,,,61750.425,,,0.040302,4.030213,-0.047927,-4.792694,true,false,missing_observed_option_instrument; synthetic/theoretical cycle excluded from option valuation
2021-08-05,10:00,14:00,1628172000000,31,,37995,,,,,,,61750.425,,,0.040302,4.030213,-0.047927,-4.792694,true,false,missing_observed_option_instrument; synthetic/theoretical cycle excluded from option valuation
2021-08-06,10:00,14:00,1628258400000,32,BTC-13AUG21-43000-C,40872,878.748,0.0215,Deribit option 1-minute OHLC close at 10:00 NY snapshot; option-denominated close converted to USD with snapshot BTC-PERPETUAL close,39993.252,,,61750.425,-0.35234,-35.234046,0.040302,4.030213,-0.047927,-4.792694,true,true,daily_return_not_computed_across_missing_mtm_gap
2021-08-07,10:00,14:00,1628344800000,32,BTC-13AUG21-43000-C,43343,2448.8795,0.0565,Deribit option 1-minute OHLC close at 10:00 NY snapshot; option-denominated close converted to USD with snapshot BTC-PERPETUAL close,40894.1205,0.022526,2.252551,61750.425,-0.337752,-33.775159,0.039462,3.946201,-0.047927,-4.792694,true,true,
2021-08-08,10:00,14:00,1628431200000,32,BTC-13AUG21-43000-C,44935,2988.1775,0.0665,Deribit option 1-minute OHLC close at 10:00 NY snapshot; option-denominated close converted to USD with snapshot BTC-PERPETUAL close,41946.8225,0.025742,2.574214,61750.425,-0.320704,-32.070391,0.038776,3.877595,-0.047927,-4.792694,true,true,
2021-08-09,10:00,14:00,1628517600000,32,BTC-13AUG21-43000-C,45502.5,3321.6825,0.073,Deribit option 1-minute OHLC close at 10:00 NY snapshot; option-denominated close converted to USD with snapshot BTC-PERPETUAL close,42180.8175,0.005578,0.557837,61750.425,-0.316915,-31.691454,0.03762,3.761951,-0.047927,-4.792694,true,true,
2021-08-10,10:00,14:00,1628604000000,32,BTC-13AUG21-43000-C,45462.5,3841.58125,0.0845,Deribit option 1-minute OHLC close at 10:00 NY snapshot; option-denominated close converted to USD with snapshot BTC-PERPETUAL close,41620.91875,-0.013274,-1.327378,61750.425,-0.325982,-32.598166,0.036618,3.66181,-0.047927,-4.792694,true,true,
2021-08-11,10:00,14:00,1628690400000,32,BTC-13AUG21-43000-C,46313,3241.91,0.07,Deribit option 1-minute OHLC close at 10:00 NY snapshot; option-denominated close converted to USD with snapshot BTC-PERPETUAL close,43071.09,0.034842,3.484237,61750.425,-0.302497,-30.249727,0.036514,3.651399,-0.043159,-4.315922,true,true,
2021-08-12,10:00,14:00,1628776800000,32,BTC-13AUG21-43000-C,44468,1823.188,0.041,Deribit option 1-minute OHLC close at 10:00 NY snapshot; option-denominated close converted to USD with snapshot BTC-PERPETUAL close,42644.812,-0.009897,-0.989708,61750.425,-0.309401,-30.940051,0.035485,3.548454,-0.043159,-4.315922,true,true,
2021-08-13,10:00,14:00,1628863200000,33,BTC-20AUG21-48000-C,46644,1515.93,0.0325,Deribit option 1-minute OHLC close at 10:00 NY snapshot; option-denominated close converted to USD with snapshot BTC-PERPETUAL close,45128.07,0.058231,5.823119,61750.425,-0.269186,-26.918608,0.037243,3.724319,-0.032193,-3.219332,true,true,
2021-08-14,10:00,14:00,1628949600000,33,BTC-20AUG21-48000-C,46513,1325.6205,0.0285,Deribit option 1-minute OHLC close at 10:00 NY snapshot; option-denominated close converted to USD with snapshot BTC-PERPETUAL close,45187.3795,0.001314,0.131425,61750.425,-0.268226,-26.822561,0.03611,3.611005,-0.032193,-3.219332,true,true,
2021-08-15,10:00,14:00,1629036000000,33,BTC-20AUG21-48000-C,46004,943.082,0.0205,Deribit option 1-minute OHLC close at 10:00 NY snapshot; option-denominated close converted to USD with snapshot BTC-PERPETUAL close,45060.918,-0.002799,-0.27986,61750.425,-0.270274,-27.027356,0.035017,3.50167,-0.028003,-2.80029,true,true,
2021-08-16,10:00,14:00,1629122400000,33,BTC-20AUG21-48000-C,46490.5,999.54575,0.0215,Deribit option 1-minute OHLC close at 10:00 NY snapshot; option-denominated close converted to USD with snapshot BTC-PERPETUAL close,45490.95425,0.009543,0.954344,61750.425,-0.263309,-26.330945,0.03403,3.403034,-0.028003,-2.80029,true,true,
2021-08-17,10:00,14:00,1629208800000,33,BTC-20AUG21-48000-C,46453.5,720.02925,0.0155,Deribit option 1-minute OHLC close at 10:00 NY snapshot; option-denominated close converted to USD with snapshot BTC-PERPETUAL close,45733.47075,0.005331,0.533109,61750.425,-0.259382,-25.938209,0.033019,3.301947,-0.028003,-2.80029,true,true,
2021-08-18,10:00,14:00,1629295200000,33,BTC-20AUG21-48000-C,45326.5,181.306,0.004,Deribit option 1-minute OHLC close at 10:00 NY snapshot; option-denominated close converted to USD with snapshot BTC-PERPETUAL close,45145.194,-0.012863,-1.286316,61750.425,-0.268909,-26.890877,0.032168,3.216824,-0.028003,-2.80029,true,true,
2021-08-19,10:00,14:00,1629381600000,33,BTC-20AUG21-48000-C,45092,22.546,0.0005,Deribit option 1-minute OHLC close at 10:00 NY snapshot; option-denominated close converted to USD with snapshot BTC-PERPETUAL close,45069.454,-0.001678,-0.16777,61750.425,-0.270135,-27.013532,0.031191,3.119098,-0.028003,-2.80029,true,true,
2021-08-20,10:00,14:00,1629468000000,34,BTC-27AUG21-49000-C,47778.5,1242.241,0.026,Deribit option 1-minute OHLC close at 10:00 NY snapshot; option-denominated close converted to USD with snapshot BTC-PERPETUAL close,46536.259,0.032545,3.254544,61750.425,-0.246382,-24.638156,0.031274,3.12739,-0.028003,-2.80029,true,true,
2021-08-21,10:00,14:00,1629554400000,34,BTC-27AUG21-49000-C,49196,1623.468,0.033,Deribit option 1-minute OHLC close at 10:00 NY snapshot; option-denominated close converted to USD with snapshot BTC-PERPETUAL close,47572.532,0.022268,2.226808,61750.425,-0.2296,-22.959993,0.030808,3.080788,-0.028003,-2.80029,true,true,
2021-08-22,10:00,14:00,1629640800000,34,BTC-27AUG21-49000-C,48915.5,1712.0425,0.035,Deribit option 1-minute OHLC close at 10:00 NY snapshot; option-denominated close converted to USD with snapshot BTC-PERPETUAL close,47203.4575,-0.007758,-0.775814,61750.425,-0.235577,-23.55768,0.02993,2.992974,-0.028003,-2.80029,true,true,
2021-08-23,10:00,14:00,1629727200000,34,BTC-27AUG21-49000-C,50171.5,2358.0605,0.047,Deribit option 1-minute OHLC close at 10:00 NY snapshot; option-denominated close converted to USD with snapshot BTC-PERPETUAL close,47813.4395,0.012922,1.29224,61750.425,-0.225699,-22.569862,0.02919,2.919009,-0.022728,-2.272779,true,true,
2021-08-24,10:00,14:00,1629813600000,34,BTC-27AUG21-49000-C,48562,1165.488,0.024,Deribit option 1-minute OHLC close at 10:00 NY snapshot; option-denominated close converted to USD with snapshot BTC-PERPETUAL close,47396.512,-0.00872,-0.871988,61750.425,-0.23245,-23.245043,0.028381,2.838133,-0.019901,-1.990111,true,true,
2021-08-25,10:00,14:00,1629900000000,34,BTC-27AUG21-49000-C,47608,499.884,0.0105,Deribit option 1-minute OHLC close at 10:00 NY snapshot; option-denominated close converted to USD with snapshot BTC-PERPETUAL close,47108.116,-0.006085,-0.608475,61750.425,-0.237121,-23.712078,0.027557,2.755705,-0.019901,-1.990111,true,true,
2021-08-26,10:00,14:00,1629986400000,34,BTC-27AUG21-49000-C,47247.5,118.11875,0.0025,Deribit option 1-minute OHLC close at 10:00 NY snapshot; option-denominated close converted to USD with snapshot BTC-PERPETUAL close,47129.38125,0.000451,0.045141,61750.425,-0.236776,-23.677641,0.026718,2.671778,-0.019901,-1.990111,true,true,
2021-08-27,10:00,14:00,1630072800000,35,,47400,,,,,,,61750.425,,,0.026718,2.671778,-0.019901,-1.990111,true,false,missing_observed_option_instrument; synthetic/theoretical cycle excluded from option valuation
2021-08-28,10:00,14:00,1630159200000,35,,48766,,,,,,,61750.425,,,0.026718,2.671778,-0.019901,-1.990111,true,false,missing_observed_option_instrument; synthetic/theoretical cycle excluded from option valuation
2021-08-29,10:00,14:00,1630245600000,35,,48372,,,,,,,61750.425,,,0.026718,2.671778,-0.019901,-1.990111,true,false,missing_observed_option_instrument; synthetic/theoretical cycle excluded from option valuation
2021-08-30,10:00,14:00,1630332000000,35,,47776,,,,,,,61750.425,,,0.026718,2.671778,-0.019901,-1.990111,true,false,missing_observed_option_instrument; synthetic/theoretical cycle excluded from option valuation
2021-08-31,10:00,14:00,1630418400000,35,,48103,,,,,,,61750.425,,,0.026718,2.671778,-0.019901,-1.990111,true,false,missing_observed_option_instrument; synthetic/theoretical cycle excluded from option valuation
2021-09-01,10:00,14:00,1630504800000,35,,47530.5,,,,,,,61750.425,,,0.026718,2.671778,-0.019901,-1.990111,true,false,missing_observed_option_instrument; synthetic/theoretical cycle excluded from option valuation
2021-09-02,10:00,14:00,1630591200000,35,,50167.5,,,,,,,61750.425,,,0.026718,2.671778,-0.019901,-1.990111,true,false,missing_observed_option_instrument; synthetic/theoretical cycle excluded from option valuation
2021-09-03,10:00,14:00,1630677600000,36,BTC-10SEP21-52000-C,50825,1677.225,0.033,Deribit option 1-minute OHLC close at 10:00 NY snapshot; option-denominated close converted to USD with snapshot BTC-PERPETUAL close,49147.775,,,61750.425,-0.20409,-20.409009,0.026718,2.671778,-0.019901,-1.990111,true,true,daily_return_not_computed_across_missing_mtm_gap
2021-09-04,10:00,14:00,1630764000000,36,BTC-10SEP21-52000-C,50224,1079.816,0.0215,Deribit option 1-minute OHLC close at 10:00 NY snapshot; option-denominated close converted to USD with snapshot BTC-PERPETUAL close,49144.184,-0.000073,-0.007307,61750.425,-0.204148,-20.414825,0.025904,2.590386,-0.013089,-1.3089,true,true,
2021-09-05,10:00,14:00,1630850400000,36,BTC-10SEP21-52000-C,50278,1030.699,0.0205,Deribit option 1-minute OHLC close at 10:00 NY snapshot; option-denominated close converted to USD with snapshot BTC-PERPETUAL close,49247.301,0.002098,0.209825,61750.425,-0.202478,-20.247835,0.02512,2.511998,-0.011528,-1.152842,true,true,
2021-09-06,10:00,14:00,1630936800000,36,BTC-10SEP21-52000-C,51496.5,1287.4125,0.025,Deribit option 1-minute OHLC close at 10:00 NY snapshot; option-denominated close converted to USD with snapshot BTC-PERPETUAL close,50209.0875,0.01953,1.952973,61750.425,-0.186903,-18.690296,0.02482,2.48201,-0.011528,-1.152842,true,true,
2021-09-07,10:00,14:00,1631023200000,36,BTC-10SEP21-52000-C,50492.5,757.3875,0.015,Deribit option 1-minute OHLC close at 10:00 NY snapshot; option-denominated close converted to USD with snapshot BTC-PERPETUAL close,49735.1125,-0.00944,-0.944002,61750.425,-0.194579,-19.457862,0.024175,2.417482,-0.011528,-1.152842,true,true,
2021-09-08,10:00,14:00,1631109600000,36,BTC-10SEP21-52000-C,46314,46.314,0.001,Deribit option 1-minute OHLC close at 10:00 NY snapshot; option-denominated close converted to USD with snapshot BTC-PERPETUAL close,46267.686,-0.069718,-6.971788,61750.425,-0.250731,-25.073089,0.029,2.899985,-0.011528,-1.152842,true,true,
2021-09-09,10:00,14:00,1631196000000,36,BTC-10SEP21-52000-C,47064,23.532,0.0005,Deribit option 1-minute OHLC close at 10:00 NY snapshot; option-denominated close converted to USD with snapshot BTC-PERPETUAL close,47040.468,0.016702,1.670241,61750.425,-0.238216,-23.821629,0.028413,2.84125,-0.013089,-1.3089,true,true,
2021-09-10,10:00,14:00,1631282400000,37,BTC-17SEP21-48000-C,45810,984.915,0.0215,Deribit option 1-minute OHLC close at 10:00 NY snapshot; option-denominated close converted to USD with snapshot BTC-PERPETUAL close,44825.085,-0.047095,-4.709526,61750.425,-0.274093,-27.409269,0.029865,2.986489,-0.013089,-1.3089,true,true,
2021-09-11,10:00,14:00,1631368800000,37,BTC-17SEP21-48000-C,45671.5,844.92275,0.0185,Deribit option 1-minute OHLC close at 10:00 NY snapshot; option-denominated close converted to USD with snapshot BTC-PERPETUAL close,44826.57725,0.000033,0.003329,61750.425,-0.274069,-27.406852,0.028955,2.895509,-0.031876,-3.187559,true,true,
2021-09-12,10:00,14:00,1631455200000,37,BTC-17SEP21-48000-C,46009.5,667.13775,0.0145,Deribit option 1-minute OHLC close at 10:00 NY snapshot; option-denominated close converted to USD with snapshot BTC-PERPETUAL close,45342.36225,0.011506,1.150623,61750.425,-0.265716,-26.571579,0.028214,2.821413,-0.031876,-3.187559,true,true,
2021-09-13,10:00,14:00,1631541600000,37,BTC-17SEP21-48000-C,46095,691.425,0.015,Deribit option 1-minute OHLC close at 10:00 NY snapshot; option-denominated close converted to USD with snapshot BTC-PERPETUAL close,45403.575,0.00135,0.135001,61750.425,-0.264724,-26.472449,0.027357,2.735661,-0.031876,-3.187559,true,true,
2021-09-14,10:00,14:00,1631628000000,37,BTC-17SEP21-48000-C,46375,695.625,0.015,Deribit option 1-minute OHLC close at 10:00 NY snapshot; option-denominated close converted to USD with snapshot BTC-PERPETUAL close,45679.375,0.006074,0.607441,61750.425,-0.260258,-26.025813,0.026565,2.656492,-0.031876,-3.187559,true,true,
2021-09-15,10:00,14:00,1631714400000,37,BTC-17SEP21-48000-C,47813.5,836.73625,0.0175,Deribit option 1-minute OHLC close at 10:00 NY snapshot; option-denominated close converted to USD with snapshot BTC-PERPETUAL close,46976.76375,0.028402,2.840207,61750.425,-0.239248,-23.924793,0.026679,2.667872,-0.031876,-3.187559,true,true,
2021-09-16,10:00,14:00,1631800800000,37,BTC-17SEP21-48000-C,47454,355.905,0.0075,Deribit option 1-minute OHLC close at 10:00 NY snapshot; option-denominated close converted to USD with snapshot BTC-PERPETUAL close,47098.095,0.002583,0.258279,61750.425,-0.237283,-23.728306,0.025874,2.587371,-0.031876,-3.187559,true,true,
2021-09-17,10:00,14:00,1631887200000,38,BTC-24SEP21-50000-C,47238.5,803.0545,0.017,Deribit option 1-minute OHLC close at 10:00 NY snapshot; option-denominated close converted to USD with snapshot BTC-PERPETUAL close,46435.4455,-0.01407,-1.406956,61750.425,-0.248014,-24.801416,0.025321,2.532112,-0.031876,-3.187559,true,true,
2021-09-18,10:00,14:00,1631973600000,38,BTC-24SEP21-50000-C,48451,920.569,0.019,Deribit option 1-minute OHLC close at 10:00 NY snapshot; option-denominated close converted to USD with snapshot BTC-PERPETUAL close,47530.431,0.023581,2.358081,61750.425,-0.230282,-23.028172,0.02522,2.522009,-0.032234,-3.223369,true,true,
2021-09-19,10:00,14:00,1632060000000,38,BTC-24SEP21-50000-C,47311,449.4545,0.0095,Deribit option 1-minute OHLC close at 10:00 NY snapshot; option-denominated close converted to USD with snapshot BTC-PERPETUAL close,46861.5455,-0.014073,-1.407278,61750.425,-0.241114,-24.11138,0.024694,2.469357,-0.032234,-3.223369,true,true,
2021-09-20,10:00,14:00,1632146400000,38,BTC-24SEP21-50000-C,43986.5,131.9595,0.003,Deribit option 1-minute OHLC close at 10:00 NY snapshot; option-denominated close converted to USD with snapshot BTC-PERPETUAL close,43854.5405,-0.064168,-6.416786,61750.425,-0.28981,-28.98099,0.02864,2.863978,-0.032235,-3.223515,true,true,
2021-09-21,10:00,14:00,1632232800000,38,BTC-24SEP21-50000-C,43086.5,43.0865,0.001,Deribit option 1-minute OHLC close at 10:00 NY snapshot; option-denominated close converted to USD with snapshot BTC-PERPETUAL close,43043.4135,-0.018496,-1.849585,61750.425,-0.302945,-30.294547,0.028134,2.813447,-0.056485,-5.648519,true,true,
2021-09-22,10:00,14:00,1632319200000,38,BTC-24SEP21-50000-C,42424.5,21.21225,0.0005,Deribit option 1-minute OHLC close at 10:00 NY snapshot; option-denominated close converted to USD with snapshot BTC-PERPETUAL close,42403.28775,-0.014872,-1.487163,61750.425,-0.313312,-31.331181,0.02752,2.751955,-0.056485,-5.648519,true,true,
2021-09-23,10:00,14:00,1632405600000,38,BTC-24SEP21-50000-C,44010,22.005,0.0005,Deribit option 1-minute OHLC close at 10:00 NY snapshot; option-denominated close converted to USD with snapshot BTC-PERPETUAL close,43987.995,0.037372,3.737227,61750.425,-0.287649,-28.764871,0.028208,2.820793,-0.056485,-5.648519,true,true,
2021-09-24,10:00,14:00,1632492000000,39,,41953,,,,,,,61750.425,,,0.028208,2.820793,-0.056485,-5.648519,true,false,missing_observed_option_instrument; synthetic/theoretical cycle excluded from option valuation
2021-09-25,10:00,14:00,1632578400000,39,,42499,,,,,,,61750.425,,,0.028208,2.820793,-0.056485,-5.648519,true,false,missing_observed_option_instrument; synthetic/theoretical cycle excluded from option valuation
2021-09-26,10:00,14:00,1632664800000,39,,43217,,,,,,,61750.425,,,0.028208,2.820793,-0.056485,-5.648519,true,false,missing_observed_option_instrument; synthetic/theoretical cycle excluded from option valuation
2021-09-27,10:00,14:00,1632751200000,39,,43515,,,,,,,61750.425,,,0.028208,2.820793,-0.056485,-5.648519,true,false,missing_observed_option_instrument; synthetic/theoretical cycle excluded from option valuation
2021-09-28,10:00,14:00,1632837600000,39,,41942.5,,,,,,,61750.425,,,0.028208,2.820793,-0.056485,-5.648519,true,false,missing_observed_option_instrument; synthetic/theoretical cycle excluded from option valuation
2021-09-29,10:00,14:00,1632924000000,39,,42207.5,,,,,,,61750.425,,,0.028208,2.820793,-0.056485,-5.648519,true,false,missing_observed_option_instrument; synthetic/theoretical cycle excluded from option valuation
2021-09-30,10:00,14:00,1633010400000,39,,42973,,,,,,,61750.425,,,0.028208,2.820793,-0.056485,-5.648519,true,false,missing_observed_option_instrument; synthetic/theoretical cycle excluded from option valuation
2021-10-01,10:00,14:00,1633096800000,40,,47093.5,,,,,,,61750.425,,,0.028208,2.820793,-0.056485,-5.648519,true,false,missing_observed_option_instrument; synthetic/theoretical cycle excluded from option valuation
2021-10-02,10:00,14:00,1633183200000,40,,47916,,,,,,,61750.425,,,0.028208,2.820793,-0.056485,-5.648519,true,false,missing_observed_option_instrument; synthetic/theoretical cycle excluded from option valuation
2021-10-03,10:00,14:00,1633269600000,40,,48115.5,,,,,,,61750.425,,,0.028208,2.820793,-0.056485,-5.648519,true,false,missing_observed_option_instrument; synthetic/theoretical cycle excluded from option valuation
2021-10-04,10:00,14:00,1633356000000,40,,48344,,,,,,,61750.425,,,0.028208,2.820793,-0.056485,-5.648519,true,false,missing_observed_option_instrument; synthetic/theoretical cycle excluded from option valuation
2021-10-05,10:00,14:00,1633442400000,40,,50294,,,,,,,61750.425,,,0.028208,2.820793,-0.056485,-5.648519,true,false,missing_observed_option_instrument; synthetic/theoretical cycle excluded from option valuation
2021-10-06,10:00,14:00,1633528800000,40,,53974.5,,,,,,,61750.425,,,0.028208,2.820793,-0.056485,-5.648519,true,false,missing_observed_option_instrument; synthetic/theoretical cycle excluded from option valuation
2021-10-07,10:00,14:00,1633615200000,40,,54565.5,,,,,,,61750.425,,,0.028208,2.820793,-0.056485,-5.648519,true,false,missing_observed_option_instrument; synthetic/theoretical cycle excluded from option valuation
2021-10-08,10:00,14:00,1633701600000,41,BTC-15OCT21-58000-C,54318.5,950.57375,0.0175,Deribit option 1-minute OHLC close at 10:00 NY snapshot; option-denominated close converted to USD with snapshot BTC-PERPETUAL close,53367.92625,,,61750.425,-0.135748,-13.574803,0.028208,2.820793,-0.056485,-5.648519,true,true,daily_return_not_computed_across_missing_mtm_gap
2021-10-09,10:00,14:00,1633788000000,41,BTC-15OCT21-58000-C,55336,968.38,0.0175,Deribit option 1-minute OHLC close at 10:00 NY snapshot; option-denominated close converted to USD with snapshot BTC-PERPETUAL close,54367.62,0.018732,1.873211,61750.425,-0.119559,-11.955877,0.027731,2.773084,-0.056485,-5.648519,true,true,
2021-10-10,10:00,14:00,1633874400000,41,BTC-15OCT21-58000-C,55336.5,747.04275,0.0135,Deribit option 1-minute OHLC close at 10:00 NY snapshot; option-denominated close converted to USD with snapshot BTC-PERPETUAL close,54589.45725,0.00408,0.408032,61750.425,-0.115966,-11.596629,0.026905,2.690462,-0.056485,-5.648519,true,true,
2021-10-11,10:00,14:00,1633960800000,41,BTC-15OCT21-58000-C,57281.5,1403.39675,0.0245,Deribit option 1-minute OHLC close at 10:00 NY snapshot; option-denominated close converted to USD with snapshot BTC-PERPETUAL close,55878.10325,0.023606,2.360613,61750.425,-0.095098,-9.509767,0.026718,2.671819,-0.056485,-5.648519,true,true,
2021-10-12,10:00,14:00,1634047200000,41,BTC-15OCT21-58000-C,57034.5,998.10375,0.0175,Deribit option 1-minute OHLC close at 10:00 NY snapshot; option-denominated close converted to USD with snapshot BTC-PERPETUAL close,56036.39625,0.002833,0.283283,61750.425,-0.092534,-9.253424,0.025914,2.591354,-0.056485,-5.648519,true,true,
2021-10-13,10:00,14:00,1634133600000,41,BTC-15OCT21-58000-C,54821,274.105,0.005,Deribit option 1-minute OHLC close at 10:00 NY snapshot; option-denominated close converted to USD with snapshot BTC-PERPETUAL close,54546.895,-0.026581,-2.658096,61750.425,-0.116656,-11.665555,0.025954,2.595407,-0.056485,-5.648519,true,true,
2021-10-14,10:00,14:00,1634220000000,41,BTC-15OCT21-58000-C,57494.5,488.70325,0.0085,Deribit option 1-minute OHLC close at 10:00 NY snapshot; option-denominated close converted to USD with snapshot BTC-PERPETUAL close,57005.79675,0.045079,4.507867,61750.425,-0.076836,-7.683556,0.027479,2.747949,-0.056485,-5.648519,true,true,
2021-10-15,10:00,14:00,1634306400000,42,BTC-22OCT21-62000-C,59979,2729.0445,0.0455,Deribit option 1-minute OHLC close at 10:00 NY snapshot; option-denominated close converted to USD with snapshot BTC-PERPETUAL close,57249.9555,0.004283,0.428305,61750.425,-0.072882,-7.28816,0.026663,2.6663,-0.056485,-5.648519,true,true,
2021-10-16,10:00,14:00,1634392800000,42,BTC-22OCT21-62000-C,61005.5,2165.69525,0.0355,Deribit option 1-minute OHLC close at 10:00 NY snapshot; option-denominated close converted to USD with snapshot BTC-PERPETUAL close,58839.80475,0.02777,2.777031,61750.425,-0.047135,-4.713523,0.026731,2.673073,-0.056485,-5.648519,true,true,
2021-10-17,10:00,14:00,1634479200000,42,BTC-22OCT21-62000-C,61025,2044.3375,0.0335,Deribit option 1-minute OHLC close at 10:00 NY snapshot; option-denominated close converted to USD with snapshot BTC-PERPETUAL close,58980.6625,0.002394,0.239392,61750.425,-0.044854,-4.485414,0.025923,2.592304,-0.056485,-5.648519,true,true,
2021-10-18,10:00,14:00,1634565600000,42,BTC-22OCT21-62000-C,61963.5,1858.905,0.03,Deribit option 1-minute OHLC close at 10:00 NY snapshot; option-denominated close converted to USD with snapshot BTC-PERPETUAL close,60104.595,0.019056,1.905595,61750.425,-0.026653,-2.665293,0.025563,2.556309,-0.056485,-5.648519,true,true,
2021-10-19,10:00,14:00,1634652000000,42,BTC-22OCT21-62000-C,62549,2189.215,0.035,Deribit option 1-minute OHLC close at 10:00 NY snapshot; option-denominated close converted to USD with snapshot BTC-PERPETUAL close,60359.785,0.004246,0.424577,61750.425,-0.02252,-2.252033,0.024806,2.480614,-0.056485,-5.648519,true,true,
2021-10-20,10:00,14:00,1634738400000,42,BTC-22OCT21-62000-C,65971,4090.202,0.062,Deribit option 1-minute OHLC close at 10:00 NY snapshot; option-denominated close converted to USD with snapshot BTC-PERPETUAL close,61880.798,0.025199,2.519911,61880.798,0,0,0.02483,2.48299,-0.056485,-5.648519,true,true,
2021-10-21,10:00,14:00,1634824800000,42,BTC-22OCT21-62000-C,64860,3761.88,0.058,Deribit option 1-minute OHLC close at 10:00 NY snapshot; option-denominated close converted to USD with snapshot BTC-PERPETUAL close,61098.12,-0.012648,-1.264816,61880.798,-0.012648,-1.264816,0.024272,2.427202,-0.056485,-5.648519,true,true,
2021-10-22,10:00,14:00,1634911200000,43,BTC-29OCT21-66000-C,62270.5,1463.35675,0.0235,Deribit option 1-minute OHLC close at 10:00 NY snapshot; option-denominated close converted to USD with snapshot BTC-PERPETUAL close,60807.14325,-0.004762,-0.476245,61880.798,-0.01735,-1.735037,0.023561,2.356149,-0.056485,-5.648519,true,true,
2021-10-23,10:00,14:00,1634997600000,43,BTC-29OCT21-66000-C,61406.5,859.691,0.014,Deribit option 1-minute OHLC close at 10:00 NY snapshot; option-denominated close converted to USD with snapshot BTC-PERPETUAL close,60546.809,-0.004281,-0.428131,61880.798,-0.021557,-2.15574,0.022868,2.286777,-0.056485,-5.648519,true,true,
2021-10-24,10:00,14:00,1635084000000,43,BTC-29OCT21-66000-C,60564,484.512,0.008,Deribit option 1-minute OHLC close at 10:00 NY snapshot; option-denominated close converted to USD with snapshot BTC-PERPETUAL close,60079.488,-0.007718,-0.771834,61880.798,-0.029109,-2.910935,0.022252,2.225159,-0.037864,-3.786382,true,true,
2021-10-25,10:00,14:00,1635170400000,43,BTC-29OCT21-66000-C,63282.5,949.2375,0.015,Deribit option 1-minute OHLC close at 10:00 NY snapshot; option-denominated close converted to USD with snapshot BTC-PERPETUAL close,62333.2625,0.037513,3.751321,62333.2625,0,0,0.023449,2.344909,-0.037864,-3.786382,true,true,
2021-10-26,10:00,14:00,1635256800000,43,BTC-29OCT21-66000-C,62162,435.134,0.007,Deribit option 1-minute OHLC close at 10:00 NY snapshot; option-denominated close converted to USD with snapshot BTC-PERPETUAL close,61726.866,-0.009728,-0.97283,62333.2625,-0.009728,-0.97283,0.022859,2.285928,-0.022943,-2.294266,true,true,
2021-10-27,10:00,14:00,1635343200000,43,BTC-29OCT21-66000-C,59080,29.54,0.0005,Deribit option 1-minute OHLC close at 10:00 NY snapshot; option-denominated close converted to USD with snapshot BTC-PERPETUAL close,59050.46,-0.043359,-4.335885,62333.2625,-0.052665,-5.266534,0.024576,2.457627,-0.022943,-2.294266,true,true,
2021-10-28,10:00,14:00,1635429600000,43,BTC-29OCT21-66000-C,61585,30.7925,0.0005,Deribit option 1-minute OHLC close at 10:00 NY snapshot; option-denominated close converted to USD with snapshot BTC-PERPETUAL close,61554.2075,0.0424,4.240014,62333.2625,-0.012498,-1.249822,0.025993,2.599269,-0.035809,-3.58088,true,true,
2021-10-29,10:00,14:00,1635516000000,44,,61333.5,,,,,,,62333.2625,,,0.025993,2.599269,-0.035809,-3.58088,true,false,missing_observed_option_instrument; synthetic/theoretical cycle excluded from option valuation
2021-10-30,10:00,14:00,1635602400000,44,,61600.5,,,,,,,62333.2625,,,0.025993,2.599269,-0.035809,-3.58088,true,false,missing_observed_option_instrument; synthetic/theoretical cycle excluded from option valuation
2021-10-31,10:00,14:00,1635688800000,44,,60391.5,,,,,,,62333.2625,,,0.025993,2.599269,-0.035809,-3.58088,true,false,missing_observed_option_instrument; synthetic/theoretical cycle excluded from option valuation
2021-11-01,10:00,14:00,1635775200000,44,,61982,,,,,,,62333.2625,,,0.025993,2.599269,-0.035809,-3.58088,true,false,missing_observed_option_instrument; synthetic/theoretical cycle excluded from option valuation
2021-11-02,10:00,14:00,1635861600000,44,,63579.5,,,,,,,62333.2625,,,0.025993,2.599269,-0.035809,-3.58088,true,false,missing_observed_option_instrument; synthetic/theoretical cycle excluded from option valuation
2021-11-03,10:00,14:00,1635948000000,44,,61781.5,,,,,,,62333.2625,,,0.025993,2.599269,-0.035809,-3.58088,true,false,missing_observed_option_instrument; synthetic/theoretical cycle excluded from option valuation
2021-11-04,10:00,14:00,1636034400000,44,,62267,,,,,,,62333.2625,,,0.025993,2.599269,-0.035809,-3.58088,true,false,missing_observed_option_instrument; synthetic/theoretical cycle excluded from option valuation
2021-11-05,10:00,14:00,1636120800000,45,BTC-12NOV21-65000-C,61922.5,1145.56625,0.0185,Deribit option 1-minute OHLC close at 10:00 NY snapshot; option-denominated close converted to USD with snapshot BTC-PERPETUAL close,60776.93375,,,62333.2625,-0.024968,-2.496787,0.025993,2.599269,-0.035809,-3.58088,true,true,daily_return_not_computed_across_missing_mtm_gap
2021-11-06,10:00,14:00,1636207200000,45,BTC-12NOV21-65000-C,60569,666.259,0.011,Deribit option 1-minute OHLC close at 10:00 NY snapshot; option-denominated close converted to USD with snapshot BTC-PERPETUAL close,59902.741,-0.014384,-1.438363,62333.2625,-0.038992,-3.899237,0.025446,2.544594,-0.035809,-3.58088,true,true,
2021-11-07,10:00,15:00,1636297200000,45,BTC-12NOV21-65000-C,61900,1021.35,0.0165,Deribit option 1-minute OHLC close at 10:00 NY snapshot; option-denominated close converted to USD with snapshot BTC-PERPETUAL close,60878.65,0.016292,1.629156,62333.2625,-0.023336,-2.333606,0.024991,2.499142,-0.035809,-3.58088,true,true,
2021-11-08,10:00,15:00,1636383600000,45,BTC-12NOV21-65000-C,65357,2058.7455,0.0315,Deribit option 1-minute OHLC close at 10:00 NY snapshot; option-denominated close converted to USD with snapshot BTC-PERPETUAL close,63298.2545,0.039745,3.974471,63298.2545,0,0,0.026113,2.611274,-0.035809,-3.58088,true,true,
2021-11-09,10:00,15:00,1636470000000,45,BTC-12NOV21-65000-C,67311.5,3062.67325,0.0455,Deribit option 1-minute OHLC close at 10:00 NY snapshot; option-denominated close converted to USD with snapshot BTC-PERPETUAL close,64248.82675,0.015017,1.501735,64248.82675,0,0,0.025583,2.558308,-0.035809,-3.58088,true,true,
2021-11-10,10:00,15:00,1636556400000,45,BTC-12NOV21-65000-C,68527.5,3769.0125,0.055,Deribit option 1-minute OHLC close at 10:00 NY snapshot; option-denominated close converted to USD with snapshot BTC-PERPETUAL close,64758.4875,0.007933,0.793261,64758.4875,0,0,0.02488,2.487971,-0.035809,-3.58088,true,true,
2021-11-11,10:00,15:00,1636642800000,45,BTC-12NOV21-65000-C,65243.5,1076.51775,0.0165,Deribit option 1-minute OHLC close at 10:00 NY snapshot; option-denominated close converted to USD with snapshot BTC-PERPETUAL close,64166.98225,-0.009134,-0.913402,64758.4875,-0.009134,-0.913402,0.024225,2.422531,-0.035809,-3.58088,true,true,
2021-11-12,10:00,15:00,1636729200000,46,BTC-19NOV21-68000-C,63530,952.95,0.015,Deribit option 1-minute OHLC close at 10:00 NY snapshot; option-denominated close converted to USD with snapshot BTC-PERPETUAL close,62577.05,-0.024778,-2.477804,64758.4875,-0.033686,-3.368574,0.024259,2.425883,-0.035809,-3.58088,true,true,
2021-11-13,10:00,15:00,1636815600000,46,BTC-19NOV21-68000-C,64764.5,1198.14325,0.0185,Deribit option 1-minute OHLC close at 10:00 NY snapshot; option-denominated close converted to USD with snapshot BTC-PERPETUAL close,63566.35675,0.015809,1.580942,64758.4875,-0.018409,-1.840887,0.023836,2.383648,-0.02577,-2.576965,true,true,
2021-11-14,10:00,15:00,1636902000000,46,BTC-19NOV21-68000-C,64298,835.874,0.013,Deribit option 1-minute OHLC close at 10:00 NY snapshot; option-denominated close converted to USD with snapshot BTC-PERPETUAL close,63462.126,-0.00164,-0.163972,64758.4875,-0.020018,-2.00184,0.023114,2.311382,-0.02577,-2.576965,true,true,
2021-11-15,10:00,15:00,1636988400000,46,BTC-19NOV21-68000-C,64841,778.092,0.012,Deribit option 1-minute OHLC close at 10:00 NY snapshot; option-denominated close converted to USD with snapshot BTC-PERPETUAL close,64062.908,0.009467,0.946678,64758.4875,-0.010741,-1.074113,0.022529,2.252933,-0.02577,-2.576965,true,true,
2021-11-16,10:00,15:00,1637074800000,46,BTC-19NOV21-68000-C,60944,152.36,0.0025,Deribit option 1-minute OHLC close at 10:00 NY snapshot; option-denominated close converted to USD with snapshot BTC-PERPETUAL close,60791.64,-0.051063,-5.106337,64758.4875,-0.061256,-6.125602,0.025171,2.517071,-0.02577,-2.576965,true,true,
2021-11-17,10:00,15:00,1637161200000,46,BTC-19NOV21-68000-C,59581.5,59.5815,0.001,Deribit option 1-minute OHLC close at 10:00 NY snapshot; option-denominated close converted to USD with snapshot BTC-PERPETUAL close,59521.9185,-0.020886,-2.088645,64758.4875,-0.080863,-8.086305,0.024934,2.493442,-0.035809,-3.58088,true,true,
2021-11-18,10:00,15:00,1637247600000,46,BTC-19NOV21-68000-C,58987.5,29.49375,0.0005,Deribit option 1-minute OHLC close at 10:00 NY snapshot; option-denominated close converted to USD with snapshot BTC-PERPETUAL close,58958.00625,-0.009474,-0.947403,64758.4875,-0.089571,-8.957098,0.024286,2.428595,-0.035809,-3.58088,true,true,
2021-11-19,10:00,15:00,1637334000000,47,BTC-26NOV21-59000-C,57974,1739.22,0.03,Deribit option 1-minute OHLC close at 10:00 NY snapshot; option-denominated close converted to USD with snapshot BTC-PERPETUAL close,56234.78,-0.046189,-4.618925,64758.4875,-0.131623,-13.162302,0.026123,2.612328,-0.035809,-3.58088,true,true,
2021-11-20,10:00,15:00,1637420400000,47,BTC-26NOV21-59000-C,58389.5,1868.464,0.032,Deribit option 1-minute OHLC close at 10:00 NY snapshot; option-denominated close converted to USD with snapshot BTC-PERPETUAL close,56521.036,0.00509,0.509037,64758.4875,-0.127203,-12.720265,0.025358,2.535813,-0.044916,-4.491557,true,true,
2021-11-21,10:00,15:00,1637506800000,47,BTC-26NOV21-59000-C,58945,1768.35,0.03,Deribit option 1-minute OHLC close at 10:00 NY snapshot; option-denominated close converted to USD with snapshot BTC-PERPETUAL close,57176.65,0.011599,1.159947,64758.4875,-0.117079,-11.707867,0.024749,2.474925,-0.044916,-4.491557,true,true,
2021-11-22,10:00,15:00,1637593200000,47,BTC-26NOV21-59000-C,58282.5,1398.78,0.024,Deribit option 1-minute OHLC close at 10:00 NY snapshot; option-denominated close converted to USD with snapshot BTC-PERPETUAL close,56883.72,-0.005123,-0.512325,64758.4875,-0.121602,-12.160209,0.024028,2.402809,-0.044916,-4.491557,true,true,
2021-11-23,10:00,15:00,1637679600000,47,BTC-26NOV21-59000-C,57630.5,518.6745,0.009,Deribit option 1-minute OHLC close at 10:00 NY snapshot; option-denominated close converted to USD with snapshot BTC-PERPETUAL close,57111.8255,0.00401,0.401003,64758.4875,-0.11808,-11.807969,0.023317,2.331679,-0.044916,-4.491557,true,true,
2021-11-24,10:00,15:00,1637766000000,47,BTC-26NOV21-59000-C,56349,253.5705,0.0045,Deribit option 1-minute OHLC close at 10:00 NY snapshot; option-denominated close converted to USD with snapshot BTC-PERPETUAL close,56095.4295,-0.017797,-1.779659,64758.4875,-0.133775,-13.377487,0.023023,2.302294,-0.044916,-4.491557,true,true,
2021-11-25,10:00,15:00,1637852400000,47,BTC-26NOV21-59000-C,58877.5,529.8975,0.009,Deribit option 1-minute OHLC close at 10:00 NY snapshot; option-denominated close converted to USD with snapshot BTC-PERPETUAL close,58347.6025,0.040149,4.014896,64758.4875,-0.098997,-9.899683,0.024392,2.439198,-0.044916,-4.491557,true,true,
2021-11-26,10:00,15:00,1637938800000,48,,54648.5,,,,,,,64758.4875,,,0.024392,2.439198,-0.044916,-4.491557,true,false,missing_observed_option_instrument; synthetic/theoretical cycle excluded from option valuation
2021-11-27,10:00,15:00,1638025200000,48,,54746,,,,,,,64758.4875,,,0.024392,2.439198,-0.044916,-4.491557,true,false,missing_observed_option_instrument; synthetic/theoretical cycle excluded from option valuation
2021-11-28,10:00,15:00,1638111600000,48,,54430,,,,,,,64758.4875,,,0.024392,2.439198,-0.044916,-4.491557,true,false,missing_observed_option_instrument; synthetic/theoretical cycle excluded from option valuation
2021-11-29,10:00,15:00,1638198000000,48,,57101.5,,,,,,,64758.4875,,,0.024392,2.439198,-0.044916,-4.491557,true,false,missing_observed_option_instrument; synthetic/theoretical cycle excluded from option valuation
2021-11-30,10:00,15:00,1638284400000,48,,58488,,,,,,,64758.4875,,,0.024392,2.439198,-0.044916,-4.491557,true,false,missing_observed_option_instrument; synthetic/theoretical cycle excluded from option valuation
2021-12-01,10:00,15:00,1638370800000,48,,58775,,,,,,,64758.4875,,,0.024392,2.439198,-0.044916,-4.491557,true,false,missing_observed_option_instrument; synthetic/theoretical cycle excluded from option valuation
2021-12-02,10:00,15:00,1638457200000,48,,57069,,,,,,,64758.4875,,,0.024392,2.439198,-0.044916,-4.491557,true,false,missing_observed_option_instrument; synthetic/theoretical cycle excluded from option valuation
2021-12-03,10:00,15:00,1638543600000,49,BTC-10DEC21-60000-C,56300,900.8,0.016,Deribit option 1-minute OHLC close at 10:00 NY snapshot; option-denominated close converted to USD with snapshot BTC-PERPETUAL close,55399.2,,,64758.4875,-0.144526,-14.452604,0.024392,2.439198,-0.044916,-4.491557,true,true,daily_return_not_computed_across_missing_mtm_gap
2021-12-04,10:00,15:00,1638630000000,49,BTC-10DEC21-60000-C,47809,47.809,0.001,Deribit option 1-minute OHLC close at 10:00 NY snapshot; option-denominated close converted to USD with snapshot BTC-PERPETUAL close,47761.191,-0.137872,-13.787219,64758.4875,-0.262472,-26.24721,0.041229,4.122857,-0.044916,-4.491557,true,true,
2021-12-05,10:00,15:00,1638716400000,49,BTC-10DEC21-60000-C,49051,49.051,0.001,Deribit option 1-minute OHLC close at 10:00 NY snapshot; option-denominated close converted to USD with snapshot BTC-PERPETUAL close,49001.949,0.025978,2.597837,64758.4875,-0.243312,-24.331233,0.040476,4.047592,-0.04887,-4.887002,true,true,
2021-12-06,10:00,15:00,1638802800000,49,BTC-10DEC21-60000-C,48281,24.1405,0.0005,Deribit option 1-minute OHLC close at 10:00 NY snapshot; option-denominated close converted to USD with snapshot BTC-PERPETUAL close,48256.8595,-0.015205,-1.52053,64758.4875,-0.254818,-25.4818,0.039419,3.941921,-0.04887,-4.887002,true,true,
2021-12-07,10:00,15:00,1638889200000,49,BTC-10DEC21-60000-C,51521,25.7605,0.0005,Deribit option 1-minute OHLC close at 10:00 NY snapshot; option-denominated close converted to USD with snapshot BTC-PERPETUAL close,51495.2395,0.067107,6.710714,64758.4875,-0.204811,-20.481096,0.041603,4.160341,-0.04887,-4.887002,true,true,
2021-12-08,10:00,15:00,1638975600000,49,BTC-10DEC21-60000-C,50740.5,25.37025,0.0005,Deribit option 1-minute OHLC close at 10:00 NY snapshot; option-denominated close converted to USD with snapshot BTC-PERPETUAL close,50715.12975,-0.015149,-1.514916,64758.4875,-0.216857,-21.685741,0.040506,4.050633,-0.04887,-4.887002,true,true,
2021-12-09,10:00,15:00,1639062000000,49,BTC-10DEC21-60000-C,48572,24.286,0.0005,Deribit option 1-minute OHLC close at 10:00 NY snapshot; option-denominated close converted to USD with snapshot BTC-PERPETUAL close,48547.714,-0.042737,-4.273706,64758.4875,-0.250327,-25.032662,0.040644,4.064363,-0.04887,-4.887002,true,true,
2021-12-10,10:00,15:00,1639148400000,50,BTC-17DEC21-50000-C,48416.5,1331.45375,0.0275,Deribit option 1-minute OHLC close at 10:00 NY snapshot; option-denominated close converted to USD with snapshot BTC-PERPETUAL close,47085.04625,-0.030128,-3.012846,64758.4875,-0.272913,-27.291313,0.040091,4.009057,-0.04887,-4.887002,true,true,
2021-12-11,10:00,15:00,1639234800000,50,BTC-17DEC21-50000-C,48589.5,1141.85325,0.0235,Deribit option 1-minute OHLC close at 10:00 NY snapshot; option-denominated close converted to USD with snapshot BTC-PERPETUAL close,47447.64675,0.007701,0.770097,64758.4875,-0.267314,-26.731385,0.038915,3.891499,-0.04887,-4.887002,true,true,
2021-12-12,10:00,15:00,1639321200000,50,BTC-17DEC21-50000-C,49969,1599.008,0.032,Deribit option 1-minute OHLC close at 10:00 NY snapshot; option-denominated close converted to USD with snapshot BTC-PERPETUAL close,48369.992,0.019439,1.943922,64758.4875,-0.253071,-25.3071,0.038029,3.802877,-0.04887,-4.887002,true,true,
2021-12-13,10:00,15:00,1639407600000,50,BTC-17DEC21-50000-C,47889.5,622.5635,0.013,Deribit option 1-minute OHLC close at 10:00 NY snapshot; option-denominated close converted to USD with snapshot BTC-PERPETUAL close,47266.9365,-0.022805,-2.280454,64758.4875,-0.270104,-27.010438,0.037291,3.7291,-0.04887,-4.887002,true,true,
2021-12-14,10:00,15:00,1639494000000,50,BTC-17DEC21-50000-C,47345,307.7425,0.0065,Deribit option 1-minute OHLC close at 10:00 NY snapshot; option-denominated close converted to USD with snapshot BTC-PERPETUAL close,47037.2575,-0.004859,-0.485919,64758.4875,-0.273651,-27.365108,0.036175,3.617455,-0.04887,-4.887002,true,true,
2021-12-15,10:00,15:00,1639580400000,50,BTC-17DEC21-50000-C,47357.5,213.10875,0.0045,Deribit option 1-minute OHLC close at 10:00 NY snapshot; option-denominated close converted to USD with snapshot BTC-PERPETUAL close,47144.39125,0.002278,0.227764,64758.4875,-0.271997,-27.199672,0.035077,3.507697,-0.04887,-4.887002,true,true,
2021-12-16,10:00,15:00,1639666800000,50,BTC-17DEC21-50000-C,48545,218.4525,0.0045,Deribit option 1-minute OHLC close at 10:00 NY snapshot; option-denominated close converted to USD with snapshot BTC-PERPETUAL close,48326.5475,0.025075,2.507523,64758.4875,-0.253742,-25.374187,0.034559,3.455859,-0.04887,-4.887002,true,true,
2021-12-17,10:00,15:00,1639753200000,51,BTC-24DEC21-49000-C,45800,641.2,0.014,Deribit option 1-minute OHLC close at 10:00 NY snapshot; option-denominated close converted to USD with snapshot BTC-PERPETUAL close,45158.8,-0.065549,-6.554881,64758.4875,-0.302658,-30.26582,0.037154,3.715423,-0.04887,-4.887002,true,true,
2021-12-18,10:00,15:00,1639839600000,51,BTC-24DEC21-49000-C,47031.5,799.5355,0.017,Deribit option 1-minute OHLC close at 10:00 NY snapshot; option-denominated close converted to USD with snapshot BTC-PERPETUAL close,46231.9645,0.023764,2.376424,64758.4875,-0.286086,-28.608641,0.03649,3.648966,-0.05903,-5.903036,true,true,
2021-12-19,10:00,15:00,1639926000000,51,BTC-24DEC21-49000-C,47419.5,1161.77775,0.0245,Deribit option 1-minute OHLC close at 10:00 NY snapshot; option-denominated close converted to USD with snapshot BTC-PERPETUAL close,46257.72225,0.000557,0.055714,64758.4875,-0.285689,-28.568866,0.035378,3.53783,-0.05903,-5.903036,true,true,
2021-12-20,10:00,15:00,1640012400000,51,BTC-24DEC21-49000-C,46185.5,369.484,0.008,Deribit option 1-minute OHLC close at 10:00 NY snapshot; option-denominated close converted to USD with snapshot BTC-PERPETUAL close,45816.016,-0.009549,-0.954881,64758.4875,-0.292509,-29.250948,0.03438,3.438019,-0.05903,-5.903036,true,true,
2021-12-21,10:00,15:00,1640098800000,51,BTC-24DEC21-49000-C,48697.5,998.29875,0.0205,Deribit option 1-minute OHLC close at 10:00 NY snapshot; option-denominated close converted to USD with snapshot BTC-PERPETUAL close,47699.20125,0.041103,4.110321,64758.4875,-0.263429,-26.342935,0.03482,3.482019,-0.05903,-5.903036,true,true,
2021-12-22,10:00,15:00,1640185200000,51,BTC-24DEC21-49000-C,48882.5,733.2375,0.015,Deribit option 1-minute OHLC close at 10:00 NY snapshot; option-denominated close converted to USD with snapshot BTC-PERPETUAL close,48149.2625,0.009435,0.94354,64758.4875,-0.25648,-25.647951,0.033838,3.383845,-0.05903,-5.903036,true,true,
2021-12-23,10:00,15:00,1640271600000,51,BTC-24DEC21-49000-C,48647,316.2055,0.0065,Deribit option 1-minute OHLC close at 10:00 NY snapshot; option-denominated close converted to USD with snapshot BTC-PERPETUAL close,48330.7945,0.00377,0.377019,64758.4875,-0.253676,-25.367629,0.032821,3.282059,-0.05903,-5.903036,true,true,
2021-12-24,10:00,15:00,1640358000000,52,BTC-31DEC21-54000-C,50694,836.451,0.0165,Deribit option 1-minute OHLC close at 10:00 NY snapshot; option-denominated close converted to USD with snapshot BTC-PERPETUAL close,49857.549,0.03159,3.158968,64758.4875,-0.2301,-23.010016,0.032748,3.274804,-0.05903,-5.903036,true,true,
2021-12-25,10:00,15:00,1640444400000,52,BTC-31DEC21-54000-C,50761.5,659.8995,0.013,Deribit option 1-minute OHLC close at 10:00 NY snapshot; option-denominated close converted to USD with snapshot BTC-PERPETUAL close,50101.6005,0.004895,0.489498,64758.4875,-0.226332,-22.633152,0.031773,3.177304,-0.056837,-5.683701,true,true,
2021-12-26,10:00,15:00,1640530800000,52,BTC-31DEC21-54000-C,49979.5,299.877,0.006,Deribit option 1-minute OHLC close at 10:00 NY snapshot; option-denominated close converted to USD with snapshot BTC-PERPETUAL close,49679.623,-0.008422,-0.842244,64758.4875,-0.232848,-23.284769,0.030874,3.087411,-0.056837,-5.683701,true,true,
2021-12-27,10:00,15:00,1640617200000,52,BTC-31DEC21-54000-C,51614,541.947,0.0105,Deribit option 1-minute OHLC close at 10:00 NY snapshot; option-denominated close converted to USD with snapshot BTC-PERPETUAL close,51072.053,0.028028,2.802819,64758.4875,-0.211346,-21.13458,0.030711,3.071079,-0.056837,-5.683701,true,true,
2021-12-28,10:00,15:00,1640703600000,52,BTC-31DEC21-54000-C,49170,98.34,0.002,Deribit option 1-minute OHLC close at 10:00 NY snapshot; option-denominated close converted to USD with snapshot BTC-PERPETUAL close,49071.66,-0.039168,-3.916806,64758.4875,-0.242236,-24.223585,0.031283,3.128277,-0.055284,-5.528352,true,true,
2021-12-29,10:00,15:00,1640790000000,52,BTC-31DEC21-54000-C,47834,23.917,0.0005,Deribit option 1-minute OHLC close at 10:00 NY snapshot; option-denominated close converted to USD with snapshot BTC-PERPETUAL close,47810.083,-0.025709,-2.570887,64758.4875,-0.261717,-26.171711,0.030977,3.097663,-0.055284,-5.528352,true,true,
2021-12-30,10:00,15:00,1640876400000,52,BTC-31DEC21-54000-C,47420,23.71,0.0005,Deribit option 1-minute OHLC close at 10:00 NY snapshot; option-denominated close converted to USD with snapshot BTC-PERPETUAL close,47396.29,-0.008655,-0.865493,64758.4875,-0.268107,-26.81069,0.030108,3.010769,-0.055284,-5.528352,true,true,
