date,snapshot_time_ny,snapshot_time_utc,snapshot_timestamp,cycle_id,instrument_name,underlying_price,option_price_proxy,option_price_proxy_underlying,option_price_proxy_source,approximate_CCW_value,daily_return,daily_return_pct,rolling_peak,rolling_drawdown,rolling_drawdown_pct,EWMA_vol,EWMA_vol_pct,historical_VaR,historical_VaR_pct,underlying_price_found,option_price_found,notes
2024-01-05,10:00,15:00,1704466800000,1,BTC-12JAN24-46000-C,43590,1089.75,0.025,Deribit option 1-minute OHLC close at 10:00 NY snapshot; option-denominated close converted to USD with snapshot BTC-PERPETUAL close,42500.25,,,42500.25,0,0,,,,,true,true,
2024-01-06,10:00,15:00,1704553200000,1,BTC-12JAN24-46000-C,43857.5,1008.7225,0.023,Deribit option 1-minute OHLC close at 10:00 NY snapshot; option-denominated close converted to USD with snapshot BTC-PERPETUAL close,42848.7775,0.008201,0.82006,42848.7775,0,0,0.008201,0.82006,,,true,true,
2024-01-07,10:00,15:00,1704639600000,1,BTC-12JAN24-46000-C,44430.5,1332.915,0.03,Deribit option 1-minute OHLC close at 10:00 NY snapshot; option-denominated close converted to USD with snapshot BTC-PERPETUAL close,43097.585,0.005807,0.580664,43097.585,0,0,0.008077,0.8077,,,true,true,
2024-01-08,10:00,15:00,1704726000000,1,BTC-12JAN24-46000-C,44850.5,1278.23925,0.0285,Deribit option 1-minute OHLC close at 10:00 NY snapshot; option-denominated close converted to USD with snapshot BTC-PERPETUAL close,43572.26075,0.011014,1.101398,43572.26075,0,0,0.008283,0.828264,,,true,true,
2024-01-09,10:00,15:00,1704812400000,1,BTC-12JAN24-46000-C,46607.5,1840.99625,0.0395,Deribit option 1-minute OHLC close at 10:00 NY snapshot; option-denominated close converted to USD with snapshot BTC-PERPETUAL close,44766.50375,0.027408,2.740833,44766.50375,0,0,0.010467,1.046704,,,true,true,
2024-01-10,10:00,15:00,1704898800000,1,BTC-12JAN24-46000-C,44818,806.724,0.018,Deribit option 1-minute OHLC close at 10:00 NY snapshot; option-denominated close converted to USD with snapshot BTC-PERPETUAL close,44011.276,-0.01687,-1.687038,44766.50375,-0.01687,-1.687038,0.010957,1.095728,,,true,true,
2024-01-11,10:00,15:00,1704985200000,1,BTC-12JAN24-46000-C,48576.5,2768.8605,0.057,Deribit option 1-minute OHLC close at 10:00 NY snapshot; option-denominated close converted to USD with snapshot BTC-PERPETUAL close,45807.6395,0.040816,4.081598,45807.6395,0,0,0.014588,1.458818,,,true,true,
2024-01-12,10:00,15:00,1705071600000,2,BTC-19JAN24-48000-C,45441,431.6895,0.0095,Deribit option 1-minute OHLC close at 10:00 NY snapshot; option-denominated close converted to USD with snapshot BTC-PERPETUAL close,45009.3105,-0.017428,-1.742786,45807.6395,-0.017428,-1.742786,0.014774,1.477396,,,true,true,
2024-01-13,10:00,15:00,1705158000000,2,BTC-19JAN24-48000-C,42856.5,89.99865,0.0021,Deribit option 1-minute OHLC close at 10:00 NY snapshot; option-denominated close converted to USD with snapshot BTC-PERPETUAL close,42766.50135,-0.04983,-4.982989,45807.6395,-0.066389,-6.638932,0.018819,1.8819,,,true,true,
2024-01-14,10:00,15:00,1705244400000,2,BTC-19JAN24-48000-C,42808.5,68.4936,0.0016,Deribit option 1-minute OHLC close at 10:00 NY snapshot; option-denominated close converted to USD with snapshot BTC-PERPETUAL close,42740.0064,-0.00062,-0.061953,45807.6395,-0.066968,-6.696772,0.018246,1.824633,,,true,true,
2024-01-15,10:00,15:00,1705330800000,2,BTC-19JAN24-48000-C,42225.5,50.6706,0.0012,Deribit option 1-minute OHLC close at 10:00 NY snapshot; option-denominated close converted to USD with snapshot BTC-PERPETUAL close,42174.8294,-0.013224,-1.322361,45807.6395,-0.079306,-7.930577,0.017985,1.798457,,,true,true,
2024-01-16,10:00,15:00,1705417200000,2,BTC-19JAN24-48000-C,42664.5,34.1316,0.0008,Deribit option 1-minute OHLC close at 10:00 NY snapshot; option-denominated close converted to USD with snapshot BTC-PERPETUAL close,42630.3684,0.010801,1.080121,45807.6395,-0.069361,-6.936116,0.017636,1.763627,,,true,true,
2024-01-17,10:00,15:00,1705503600000,2,BTC-19JAN24-48000-C,42494,4.2494,0.0001,Deribit option 1-minute OHLC close at 10:00 NY snapshot; option-denominated close converted to USD with snapshot BTC-PERPETUAL close,42489.7506,-0.003299,-0.329854,45807.6395,-0.072431,-7.243091,0.017118,1.711807,,,true,true,
2024-01-18,10:00,15:00,1705590000000,2,BTC-19JAN24-48000-C,42750,4.275,0.0001,Deribit option 1-minute OHLC close at 10:00 NY snapshot; option-denominated close converted to USD with snapshot BTC-PERPETUAL close,42745.725,0.006024,0.602438,45807.6395,-0.066843,-6.684288,0.016662,1.666206,,,true,true,
2024-01-19,10:00,15:00,1705676400000,3,BTC-26JAN24-43000-C,40988.5,327.908,0.008,Deribit option 1-minute OHLC close at 10:00 NY snapshot; option-denominated close converted to USD with snapshot BTC-PERPETUAL close,40660.592,-0.04878,-4.877992,45807.6395,-0.112362,-11.236221,0.020093,2.009318,,,true,true,
2024-01-20,10:00,15:00,1705762800000,3,BTC-26JAN24-43000-C,41512,373.608,0.009,Deribit option 1-minute OHLC close at 10:00 NY snapshot; option-denominated close converted to USD with snapshot BTC-PERPETUAL close,41138.392,0.011751,1.175094,45807.6395,-0.101932,-10.193163,0.019693,1.969255,,,true,true,
2024-01-21,10:00,15:00,1705849200000,3,BTC-26JAN24-43000-C,41780.5,459.5855,0.011,Deribit option 1-minute OHLC close at 10:00 NY snapshot; option-denominated close converted to USD with snapshot BTC-PERPETUAL close,41320.9145,0.004437,0.443679,45807.6395,-0.097947,-9.794709,0.019124,1.912354,,,true,true,
2024-01-22,10:00,15:00,1705935600000,3,BTC-26JAN24-43000-C,40715.5,138.4327,0.0034,Deribit option 1-minute OHLC close at 10:00 NY snapshot; option-denominated close converted to USD with snapshot BTC-PERPETUAL close,40577.0673,-0.018002,-1.800171,45807.6395,-0.114186,-11.418559,0.019058,1.90581,,,true,true,
2024-01-23,10:00,15:00,1706022000000,3,BTC-26JAN24-43000-C,38800,34.92,0.0009,Deribit option 1-minute OHLC close at 10:00 NY snapshot; option-denominated close converted to USD with snapshot BTC-PERPETUAL close,38765.08,-0.044655,-4.465545,45807.6395,-0.153742,-15.374203,0.021472,2.147242,,,true,true,
2024-01-24,10:00,15:00,1706108400000,3,BTC-26JAN24-43000-C,39908.5,43.89935,0.0011,Deribit option 1-minute OHLC close at 10:00 NY snapshot; option-denominated close converted to USD with snapshot BTC-PERPETUAL close,39864.60065,0.028364,2.836369,45807.6395,-0.129739,-12.973903,0.021947,2.1947,,,true,true,
2024-01-25,10:00,15:00,1706194800000,3,BTC-26JAN24-43000-C,40009.5,8.0019,0.0002,Deribit option 1-minute OHLC close at 10:00 NY snapshot; option-denominated close converted to USD with snapshot BTC-PERPETUAL close,40001.4981,0.003434,0.343406,45807.6395,-0.126751,-12.67505,0.021295,2.129503,,,true,true,
2024-01-26,10:00,15:00,1706281200000,4,,41455,,,,,,,45807.6395,,,0.021295,2.129503,,,true,false,missing_observed_option_instrument; synthetic/theoretical cycle excluded from option valuation
2024-01-27,10:00,15:00,1706367600000,4,,41760.5,,,,,,,45807.6395,,,0.021295,2.129503,,,true,false,missing_observed_option_instrument; synthetic/theoretical cycle excluded from option valuation
2024-01-28,10:00,15:00,1706454000000,4,,42298,,,,,,,45807.6395,,,0.021295,2.129503,,,true,false,missing_observed_option_instrument; synthetic/theoretical cycle excluded from option valuation
2024-01-29,10:00,15:00,1706540400000,4,,41953,,,,,,,45807.6395,,,0.021295,2.129503,,,true,false,missing_observed_option_instrument; synthetic/theoretical cycle excluded from option valuation
2024-01-30,10:00,15:00,1706626800000,4,,43427.5,,,,,,,45807.6395,,,0.021295,2.129503,,,true,false,missing_observed_option_instrument; synthetic/theoretical cycle excluded from option valuation
2024-01-31,10:00,15:00,1706713200000,4,,42899,,,,,,,45807.6395,,,0.021295,2.129503,,,true,false,missing_observed_option_instrument; synthetic/theoretical cycle excluded from option valuation
2024-02-01,10:00,15:00,1706799600000,4,,42611,,,,,,,45807.6395,,,0.021295,2.129503,,,true,false,missing_observed_option_instrument; synthetic/theoretical cycle excluded from option valuation
2024-02-02,10:00,15:00,1706886000000,5,,42749,,,,,,,45807.6395,,,0.021295,2.129503,,,true,false,missing_observed_option_instrument; synthetic/theoretical cycle excluded from option valuation
2024-02-03,10:00,15:00,1706972400000,5,,43031.5,,,,,,,45807.6395,,,0.021295,2.129503,,,true,false,missing_observed_option_instrument; synthetic/theoretical cycle excluded from option valuation
2024-02-04,10:00,15:00,1707058800000,5,,42867,,,,,,,45807.6395,,,0.021295,2.129503,,,true,false,missing_observed_option_instrument; synthetic/theoretical cycle excluded from option valuation
2024-02-05,10:00,15:00,1707145200000,5,,43133.5,,,,,,,45807.6395,,,0.021295,2.129503,,,true,false,missing_observed_option_instrument; synthetic/theoretical cycle excluded from option valuation
2024-02-06,10:00,15:00,1707231600000,5,,42899,,,,,,,45807.6395,,,0.021295,2.129503,,,true,false,missing_observed_option_instrument; synthetic/theoretical cycle excluded from option valuation
2024-02-07,10:00,15:00,1707318000000,5,,43012,,,,,,,45807.6395,,,0.021295,2.129503,,,true,false,missing_observed_option_instrument; synthetic/theoretical cycle excluded from option valuation
2024-02-08,10:00,15:00,1707404400000,5,,45156.5,,,,,,,45807.6395,,,0.021295,2.129503,,,true,false,missing_observed_option_instrument; synthetic/theoretical cycle excluded from option valuation
2024-02-09,10:00,15:00,1707490800000,6,BTC-16FEB24-48000-C,47010,775.665,0.0165,Deribit option 1-minute OHLC close at 10:00 NY snapshot; option-denominated close converted to USD with snapshot BTC-PERPETUAL close,46234.335,,,46234.335,0,0,0.021295,2.129503,,,true,true,daily_return_not_computed_across_missing_mtm_gap
2024-02-10,10:00,15:00,1707577200000,6,BTC-16FEB24-48000-C,47290,638.415,0.0135,Deribit option 1-minute OHLC close at 10:00 NY snapshot; option-denominated close converted to USD with snapshot BTC-PERPETUAL close,46651.585,0.009025,0.902468,46651.585,0,0,0.020764,2.07643,,,true,true,
2024-02-11,10:00,15:00,1707663600000,6,BTC-16FEB24-48000-C,48293,1134.8855,0.0235,Deribit option 1-minute OHLC close at 10:00 NY snapshot; option-denominated close converted to USD with snapshot BTC-PERPETUAL close,47158.1145,0.010858,1.085771,47158.1145,0,0,0.020307,2.030666,,,true,true,
2024-02-12,10:00,15:00,1707750000000,6,BTC-16FEB24-48000-C,48777.5,1414.5475,0.029,Deribit option 1-minute OHLC close at 10:00 NY snapshot; option-denominated close converted to USD with snapshot BTC-PERPETUAL close,47362.9525,0.004344,0.434364,47362.9525,0,0,0.019717,1.971676,,,true,true,
2024-02-13,10:00,15:00,1707836400000,6,BTC-16FEB24-48000-C,48749,1243.0995,0.0255,Deribit option 1-minute OHLC close at 10:00 NY snapshot; option-denominated close converted to USD with snapshot BTC-PERPETUAL close,47505.9005,0.003018,0.301814,47505.9005,0,0,0.01913,1.91304,,,true,true,
2024-02-14,10:00,15:00,1707922800000,6,BTC-16FEB24-48000-C,51922.5,3998.0325,0.077,Deribit option 1-minute OHLC close at 10:00 NY snapshot; option-denominated close converted to USD with snapshot BTC-PERPETUAL close,47924.4675,0.008811,0.881084,47924.4675,0,0,0.018673,1.867275,,,true,true,
2024-02-15,10:00,15:00,1708009200000,6,BTC-16FEB24-48000-C,52682.5,4188.25875,0.0795,Deribit option 1-minute OHLC close at 10:00 NY snapshot; option-denominated close converted to USD with snapshot BTC-PERPETUAL close,48494.24125,0.011889,1.188899,48494.24125,0,0,0.018337,1.833664,,,true,true,
2024-02-16,10:00,15:00,1708095600000,7,BTC-23FEB24-54000-C,51958,727.412,0.014,Deribit option 1-minute OHLC close at 10:00 NY snapshot; option-denominated close converted to USD with snapshot BTC-PERPETUAL close,51230.588,0.056426,5.642622,51230.588,0,0,0.022519,2.251874,,,true,true,
2024-02-17,10:00,15:00,1708182000000,7,BTC-23FEB24-54000-C,50865.5,330.62575,0.0065,Deribit option 1-minute OHLC close at 10:00 NY snapshot; option-denominated close converted to USD with snapshot BTC-PERPETUAL close,50534.87425,-0.01358,-1.358005,51230.588,-0.01358,-1.358005,0.022085,2.208468,,,true,true,
2024-02-18,10:00,15:00,1708268400000,7,BTC-23FEB24-54000-C,51911,571.021,0.011,Deribit option 1-minute OHLC close at 10:00 NY snapshot; option-denominated close converted to USD with snapshot BTC-PERPETUAL close,51339.979,0.015932,1.593167,51339.979,0,0,0.021765,2.176461,,,true,true,
2024-02-19,10:00,15:00,1708354800000,7,BTC-23FEB24-54000-C,52122.5,573.3475,0.011,Deribit option 1-minute OHLC close at 10:00 NY snapshot; option-denominated close converted to USD with snapshot BTC-PERPETUAL close,51549.1525,0.004074,0.407428,51549.1525,0,0,0.021125,2.112515,,,true,true,
2024-02-20,10:00,15:00,1708441200000,7,BTC-23FEB24-54000-C,52052.5,364.3675,0.007,Deribit option 1-minute OHLC close at 10:00 NY snapshot; option-denominated close converted to USD with snapshot BTC-PERPETUAL close,51688.1325,0.002696,0.269607,51688.1325,0,0,0.020492,2.049224,-0.046924,-4.692391,true,true,
2024-02-21,10:00,15:00,1708527600000,7,BTC-23FEB24-54000-C,50959.5,117.20685,0.0023,Deribit option 1-minute OHLC close at 10:00 NY snapshot; option-denominated close converted to USD with snapshot BTC-PERPETUAL close,50842.29315,-0.016364,-1.636429,51688.1325,-0.016364,-1.636429,0.020268,2.026829,-0.046924,-4.692391,true,true,
2024-02-22,10:00,15:00,1708614000000,7,BTC-23FEB24-54000-C,51358.5,41.0868,0.0008,Deribit option 1-minute OHLC close at 10:00 NY snapshot; option-denominated close converted to USD with snapshot BTC-PERPETUAL close,51317.4132,0.009345,0.934498,51688.1325,-0.007172,-0.717223,0.019784,1.97837,-0.046924,-4.692391,true,true,
2024-02-23,10:00,15:00,1708700400000,8,,51031.5,,,,,,,51688.1325,,,0.019784,1.97837,-0.046924,-4.692391,true,false,missing_observed_option_instrument; synthetic/theoretical cycle excluded from option valuation
2024-02-24,10:00,15:00,1708786800000,8,,51151,,,,,,,51688.1325,,,0.019784,1.97837,-0.046924,-4.692391,true,false,missing_observed_option_instrument; synthetic/theoretical cycle excluded from option valuation
2024-02-25,10:00,15:00,1708873200000,8,,51758,,,,,,,51688.1325,,,0.019784,1.97837,-0.046924,-4.692391,true,false,missing_observed_option_instrument; synthetic/theoretical cycle excluded from option valuation
2024-02-26,10:00,15:00,1708959600000,8,,51720,,,,,,,51688.1325,,,0.019784,1.97837,-0.046924,-4.692391,true,false,missing_observed_option_instrument; synthetic/theoretical cycle excluded from option valuation
2024-02-27,10:00,15:00,1709046000000,8,,57085.5,,,,,,,51688.1325,,,0.019784,1.97837,-0.046924,-4.692391,true,false,missing_observed_option_instrument; synthetic/theoretical cycle excluded from option valuation
2024-02-28,10:00,15:00,1709132400000,8,,60944.5,,,,,,,51688.1325,,,0.019784,1.97837,-0.046924,-4.692391,true,false,missing_observed_option_instrument; synthetic/theoretical cycle excluded from option valuation
2024-02-29,10:00,15:00,1709218800000,8,,62943.5,,,,,,,51688.1325,,,0.019784,1.97837,-0.046924,-4.692391,true,false,missing_observed_option_instrument; synthetic/theoretical cycle excluded from option valuation
2024-03-01,10:00,15:00,1709305200000,9,,62062,,,,,,,51688.1325,,,0.019784,1.97837,-0.046924,-4.692391,true,false,missing_observed_option_instrument; synthetic/theoretical cycle excluded from option valuation
2024-03-02,10:00,15:00,1709391600000,9,,61946.5,,,,,,,51688.1325,,,0.019784,1.97837,-0.046924,-4.692391,true,false,missing_observed_option_instrument; synthetic/theoretical cycle excluded from option valuation
2024-03-03,10:00,15:00,1709478000000,9,,62222,,,,,,,51688.1325,,,0.019784,1.97837,-0.046924,-4.692391,true,false,missing_observed_option_instrument; synthetic/theoretical cycle excluded from option valuation
2024-03-04,10:00,15:00,1709564400000,9,,66230.5,,,,,,,51688.1325,,,0.019784,1.97837,-0.046924,-4.692391,true,false,missing_observed_option_instrument; synthetic/theoretical cycle excluded from option valuation
2024-03-05,10:00,15:00,1709650800000,9,,68918,,,,,,,51688.1325,,,0.019784,1.97837,-0.046924,-4.692391,true,false,missing_observed_option_instrument; synthetic/theoretical cycle excluded from option valuation
2024-03-06,10:00,15:00,1709737200000,9,,66104.5,,,,,,,51688.1325,,,0.019784,1.97837,-0.046924,-4.692391,true,false,missing_observed_option_instrument; synthetic/theoretical cycle excluded from option valuation
2024-03-07,10:00,15:00,1709823600000,9,,67184,,,,,,,51688.1325,,,0.019784,1.97837,-0.046924,-4.692391,true,false,missing_observed_option_instrument; synthetic/theoretical cycle excluded from option valuation
2024-03-08,10:00,15:00,1709910000000,10,BTC-15MAR24-71000-C,68761.5,1822.17975,0.0265,Deribit option 1-minute OHLC close at 10:00 NY snapshot; option-denominated close converted to USD with snapshot BTC-PERPETUAL close,66939.32025,,,66939.32025,0,0,0.019784,1.97837,-0.046924,-4.692391,true,true,daily_return_not_computed_across_missing_mtm_gap
2024-03-09,10:00,15:00,1709996400000,10,BTC-15MAR24-71000-C,68347,1537.8075,0.0225,Deribit option 1-minute OHLC close at 10:00 NY snapshot; option-denominated close converted to USD with snapshot BTC-PERPETUAL close,66809.1925,-0.001944,-0.194397,66939.32025,-0.001944,-0.194397,0.019187,1.918692,-0.046924,-4.692391,true,true,
2024-03-10,10:00,14:00,1710079200000,10,BTC-15MAR24-71000-C,69483.5,2292.9555,0.033,Deribit option 1-minute OHLC close at 10:00 NY snapshot; option-denominated close converted to USD with snapshot BTC-PERPETUAL close,67190.5445,0.005708,0.570808,67190.5445,0,0,0.018655,1.865488,-0.046924,-4.692391,true,true,
2024-03-11,10:00,14:00,1710165600000,10,BTC-15MAR24-71000-C,71699,3620.7995,0.0505,Deribit option 1-minute OHLC close at 10:00 NY snapshot; option-denominated close converted to USD with snapshot BTC-PERPETUAL close,68078.2005,0.013211,1.321103,68078.2005,0,0,0.018374,1.837379,-0.046924,-4.692391,true,true,
2024-03-12,10:00,14:00,1710252000000,10,BTC-15MAR24-71000-C,72339,2821.221,0.039,Deribit option 1-minute OHLC close at 10:00 NY snapshot; option-denominated close converted to USD with snapshot BTC-PERPETUAL close,69517.779,0.021146,2.114595,69517.779,0,0,0.018552,1.855181,-0.046924,-4.692391,true,true,
2024-03-13,10:00,14:00,1710338400000,10,BTC-15MAR24-71000-C,72363.5,2713.63125,0.0375,Deribit option 1-minute OHLC close at 10:00 NY snapshot; option-denominated close converted to USD with snapshot BTC-PERPETUAL close,69649.86875,0.0019,0.190009,69649.86875,0,0,0.017993,1.799266,-0.046924,-4.692391,true,true,
2024-03-14,10:00,14:00,1710424800000,10,BTC-15MAR24-71000-C,71889.5,1509.6795,0.021,Deribit option 1-minute OHLC close at 10:00 NY snapshot; option-denominated close converted to USD with snapshot BTC-PERPETUAL close,70379.8205,0.01048,1.04803,70379.8205,0,0,0.017632,1.763241,-0.032661,-3.266127,true,true,
2024-03-15,10:00,14:00,1710511200000,11,BTC-22MAR24-72000-C,68495.5,1541.14875,0.0225,Deribit option 1-minute OHLC close at 10:00 NY snapshot; option-denominated close converted to USD with snapshot BTC-PERPETUAL close,66954.35125,-0.048671,-4.867118,70379.8205,-0.048671,-4.867118,0.020842,2.084181,-0.032661,-3.266127,true,true,
2024-03-16,10:00,14:00,1710597600000,11,BTC-22MAR24-72000-C,67705,1015.575,0.015,Deribit option 1-minute OHLC close at 10:00 NY snapshot; option-denominated close converted to USD with snapshot BTC-PERPETUAL close,66689.425,-0.003957,-0.395682,70379.8205,-0.052435,-5.243542,0.02023,2.023011,-0.046864,-4.686411,true,true,
2024-03-17,10:00,14:00,1710684000000,11,BTC-22MAR24-72000-C,67066,737.726,0.011,Deribit option 1-minute OHLC close at 10:00 NY snapshot; option-denominated close converted to USD with snapshot BTC-PERPETUAL close,66328.274,-0.005415,-0.541542,70379.8205,-0.057567,-5.756688,0.019659,1.965863,-0.046864,-4.686411,true,true,
2024-03-18,10:00,14:00,1710770400000,11,BTC-22MAR24-72000-C,67463,877.019,0.013,Deribit option 1-minute OHLC close at 10:00 NY snapshot; option-denominated close converted to USD with snapshot BTC-PERPETUAL close,66585.981,0.003885,0.388533,70379.8205,-0.053905,-5.390522,0.019083,1.908349,-0.046864,-4.686411,true,true,
2024-03-19,10:00,14:00,1710856800000,11,BTC-22MAR24-72000-C,63341.5,107.68055,0.0017,Deribit option 1-minute OHLC close at 10:00 NY snapshot; option-denominated close converted to USD with snapshot BTC-PERPETUAL close,63233.81945,-0.050343,-5.034335,70379.8205,-0.101535,-10.15348,0.022235,2.223502,-0.046864,-4.686411,true,true,
2024-03-20,10:00,14:00,1710943200000,11,BTC-22MAR24-72000-C,63530.5,50.8244,0.0008,Deribit option 1-minute OHLC close at 10:00 NY snapshot; option-denominated close converted to USD with snapshot BTC-PERPETUAL close,63479.6756,0.003888,0.388805,70379.8205,-0.098042,-9.804152,0.021579,2.157868,-0.046864,-4.686411,true,true,
2024-03-21,10:00,14:00,1711029600000,11,BTC-22MAR24-72000-C,66507,26.6028,0.0004,Deribit option 1-minute OHLC close at 10:00 NY snapshot; option-denominated close converted to USD with snapshot BTC-PERPETUAL close,66480.3972,0.047271,4.727059,70379.8205,-0.055405,-5.540542,0.023912,2.391174,-0.046864,-4.686411,true,true,
2024-03-22,10:00,14:00,1711116000000,12,BTC-29MAR24-70000-C,63190.5,442.3335,0.007,Deribit option 1-minute OHLC close at 10:00 NY snapshot; option-denominated close converted to USD with snapshot BTC-PERPETUAL close,62748.1665,-0.05614,-5.614032,70379.8205,-0.108435,-10.843526,0.026955,2.695495,-0.046864,-4.686411,true,true,
2024-03-23,10:00,14:00,1711202400000,12,BTC-29MAR24-70000-C,64618,549.253,0.0085,Deribit option 1-minute OHLC close at 10:00 NY snapshot; option-denominated close converted to USD with snapshot BTC-PERPETUAL close,64068.747,0.021046,2.104572,70379.8205,-0.089672,-8.967163,0.026637,2.663739,-0.049591,-4.959088,true,true,
2024-03-24,10:00,14:00,1711288800000,12,BTC-29MAR24-70000-C,65354,620.863,0.0095,Deribit option 1-minute OHLC close at 10:00 NY snapshot; option-denominated close converted to USD with snapshot BTC-PERPETUAL close,64733.137,0.01037,1.036995,70379.8205,-0.080232,-8.023157,0.025951,2.595052,-0.049591,-4.959088,true,true,
2024-03-25,10:00,14:00,1711375200000,12,BTC-29MAR24-70000-C,68277,1160.709,0.017,Deribit option 1-minute OHLC close at 10:00 NY snapshot; option-denominated close converted to USD with snapshot BTC-PERPETUAL close,67116.291,0.036815,3.681506,70379.8205,-0.04637,-4.637024,0.026727,2.672723,-0.049591,-4.959088,true,true,
2024-03-26,10:00,14:00,1711461600000,12,BTC-29MAR24-70000-C,70491,1938.5025,0.0275,Deribit option 1-minute OHLC close at 10:00 NY snapshot; option-denominated close converted to USD with snapshot BTC-PERPETUAL close,68552.4975,0.021399,2.139878,70379.8205,-0.025964,-2.596373,0.026438,2.643782,-0.049591,-4.959088,true,true,
2024-03-27,10:00,14:00,1711548000000,12,BTC-29MAR24-70000-C,69993.5,1294.87975,0.0185,Deribit option 1-minute OHLC close at 10:00 NY snapshot; option-denominated close converted to USD with snapshot BTC-PERPETUAL close,68698.62025,0.002132,0.213155,70379.8205,-0.023888,-2.388753,0.025638,2.563774,-0.049591,-4.959088,true,true,
2024-03-28,10:00,14:00,1711634400000,12,BTC-29MAR24-70000-C,70869.5,1417.39,0.02,Deribit option 1-minute OHLC close at 10:00 NY snapshot; option-denominated close converted to USD with snapshot BTC-PERPETUAL close,69452.11,0.010968,1.096805,70379.8205,-0.013181,-1.318148,0.025001,2.500148,-0.049591,-4.959088,true,true,
2024-03-29,10:00,14:00,1711720800000,13,,70400,,,,,,,70379.8205,,,0.025001,2.500148,-0.049591,-4.959088,true,false,missing_observed_option_instrument; synthetic/theoretical cycle excluded from option valuation
2024-03-30,10:00,14:00,1711807200000,13,,70250,,,,,,,70379.8205,,,0.025001,2.500148,-0.049591,-4.959088,true,false,missing_observed_option_instrument; synthetic/theoretical cycle excluded from option valuation
2024-03-31,10:00,14:00,1711893600000,13,,70672.5,,,,,,,70379.8205,,,0.025001,2.500148,-0.049591,-4.959088,true,false,missing_observed_option_instrument; synthetic/theoretical cycle excluded from option valuation
2024-04-01,10:00,14:00,1711980000000,13,,69905,,,,,,,70379.8205,,,0.025001,2.500148,-0.049591,-4.959088,true,false,missing_observed_option_instrument; synthetic/theoretical cycle excluded from option valuation
2024-04-02,10:00,14:00,1712066400000,13,,65252,,,,,,,70379.8205,,,0.025001,2.500148,-0.049591,-4.959088,true,false,missing_observed_option_instrument; synthetic/theoretical cycle excluded from option valuation
2024-04-03,10:00,14:00,1712152800000,13,,66055,,,,,,,70379.8205,,,0.025001,2.500148,-0.049591,-4.959088,true,false,missing_observed_option_instrument; synthetic/theoretical cycle excluded from option valuation
2024-04-04,10:00,14:00,1712239200000,13,,67268,,,,,,,70379.8205,,,0.025001,2.500148,-0.049591,-4.959088,true,false,missing_observed_option_instrument; synthetic/theoretical cycle excluded from option valuation
2024-04-05,10:00,14:00,1712325600000,14,BTC-12APR24-70000-C,67431.5,1281.1985,0.019,Deribit option 1-minute OHLC close at 10:00 NY snapshot; option-denominated close converted to USD with snapshot BTC-PERPETUAL close,66150.3015,,,70379.8205,-0.060096,-6.009562,0.025001,2.500148,-0.049591,-4.959088,true,true,daily_return_not_computed_across_missing_mtm_gap
2024-04-06,10:00,14:00,1712412000000,14,BTC-12APR24-70000-C,67724,1151.308,0.017,Deribit option 1-minute OHLC close at 10:00 NY snapshot; option-denominated close converted to USD with snapshot BTC-PERPETUAL close,66572.692,0.006385,0.638531,70379.8205,-0.054094,-5.409404,0.02429,2.429024,-0.049591,-4.959088,true,true,
2024-04-07,10:00,14:00,1712498400000,14,BTC-12APR24-70000-C,69408,1874.016,0.027,Deribit option 1-minute OHLC close at 10:00 NY snapshot; option-denominated close converted to USD with snapshot BTC-PERPETUAL close,67533.984,0.01444,1.443973,70379.8205,-0.040435,-4.04354,0.023814,2.381439,-0.049591,-4.959088,true,true,
2024-04-08,10:00,14:00,1712584800000,14,BTC-12APR24-70000-C,71957,3561.8715,0.0495,Deribit option 1-minute OHLC close at 10:00 NY snapshot; option-denominated close converted to USD with snapshot BTC-PERPETUAL close,68395.1285,0.012751,1.275128,70379.8205,-0.0282,-2.819973,0.023299,2.329921,-0.049591,-4.959088,true,true,
2024-04-09,10:00,14:00,1712671200000,14,BTC-12APR24-70000-C,69796,1954.288,0.028,Deribit option 1-minute OHLC close at 10:00 NY snapshot; option-denominated close converted to USD with snapshot BTC-PERPETUAL close,67841.712,-0.008091,-0.809146,70379.8205,-0.036063,-3.606301,0.022676,2.267621,-0.049591,-4.959088,true,true,
2024-04-10,10:00,14:00,1712757600000,14,BTC-12APR24-70000-C,68094.5,544.756,0.008,Deribit option 1-minute OHLC close at 10:00 NY snapshot; option-denominated close converted to USD with snapshot BTC-PERPETUAL close,67549.744,-0.004304,-0.430366,70379.8205,-0.040211,-4.021148,0.022011,2.201066,-0.049591,-4.959088,true,true,
2024-04-11,10:00,14:00,1712844000000,14,BTC-12APR24-70000-C,70205.5,1053.0825,0.015,Deribit option 1-minute OHLC close at 10:00 NY snapshot; option-denominated close converted to USD with snapshot BTC-PERPETUAL close,69152.4175,0.023726,2.372583,70379.8205,-0.01744,-1.74397,0.022117,2.211732,-0.049591,-4.959088,true,true,
2024-04-12,10:00,14:00,1712930400000,15,BTC-19APR24-74000-C,69870.5,803.51075,0.0115,Deribit option 1-minute OHLC close at 10:00 NY snapshot; option-denominated close converted to USD with snapshot BTC-PERPETUAL close,69066.98925,-0.001235,-0.123536,70379.8205,-0.018654,-1.865352,0.021446,2.144567,-0.049591,-4.959088,true,true,
2024-04-13,10:00,14:00,1713016800000,15,BTC-19APR24-74000-C,67594.5,405.567,0.006,Deribit option 1-minute OHLC close at 10:00 NY snapshot; option-denominated close converted to USD with snapshot BTC-PERPETUAL close,67188.933,-0.027192,-2.719181,70379.8205,-0.045338,-4.53381,0.021833,2.183313,-0.049591,-4.959088,true,true,
2024-04-14,10:00,14:00,1713103200000,15,BTC-19APR24-74000-C,64361.5,231.7014,0.0036,Deribit option 1-minute OHLC close at 10:00 NY snapshot; option-denominated close converted to USD with snapshot BTC-PERPETUAL close,64129.7986,-0.04553,-4.553033,70379.8205,-0.088804,-8.880418,0.023926,2.392624,-0.049591,-4.959088,true,true,
2024-04-15,10:00,14:00,1713189600000,15,BTC-19APR24-74000-C,65860,197.58,0.003,Deribit option 1-minute OHLC close at 10:00 NY snapshot; option-denominated close converted to USD with snapshot BTC-PERPETUAL close,65662.42,0.023899,2.389874,70379.8205,-0.067028,-6.702774,0.023925,2.392459,-0.049591,-4.959088,true,true,
2024-04-16,10:00,14:00,1713276000000,15,BTC-19APR24-74000-C,62679.5,31.33975,0.0005,Deribit option 1-minute OHLC close at 10:00 NY snapshot; option-denominated close converted to USD with snapshot BTC-PERPETUAL close,62648.16025,-0.045905,-4.59054,70379.8205,-0.109856,-10.985621,0.025778,2.577754,-0.049591,-4.959088,true,true,
2024-04-17,10:00,14:00,1713362400000,15,BTC-19APR24-74000-C,62529.5,6.25295,0.0001,Deribit option 1-minute OHLC close at 10:00 NY snapshot; option-denominated close converted to USD with snapshot BTC-PERPETUAL close,62523.24705,-0.001994,-0.199388,70379.8205,-0.111631,-11.163105,0.024997,2.499702,-0.049591,-4.959088,true,true,
2024-04-18,10:00,14:00,1713448800000,15,BTC-19APR24-74000-C,62755.5,6.27555,0.0001,Deribit option 1-minute OHLC close at 10:00 NY snapshot; option-denominated close converted to USD with snapshot BTC-PERPETUAL close,62749.22445,0.003614,0.361429,70379.8205,-0.10842,-10.842023,0.024252,2.425167,-0.049591,-4.959088,true,true,
2024-04-19,10:00,14:00,1713535200000,16,BTC-26APR24-68000-C,64951,1299.02,0.02,Deribit option 1-minute OHLC close at 10:00 NY snapshot; option-denominated close converted to USD with snapshot BTC-PERPETUAL close,63651.98,0.014387,1.438672,70379.8205,-0.095593,-9.559332,0.023775,2.377549,-0.049591,-4.959088,true,true,
2024-04-20,10:00,14:00,1713621600000,16,BTC-26APR24-68000-C,63913,671.0865,0.0105,Deribit option 1-minute OHLC close at 10:00 NY snapshot; option-denominated close converted to USD with snapshot BTC-PERPETUAL close,63241.9135,-0.006442,-0.644232,70379.8205,-0.10142,-10.14198,0.023105,2.310514,-0.049591,-4.959088,true,true,
2024-04-21,10:00,14:00,1713708000000,16,BTC-26APR24-68000-C,64933.5,941.53575,0.0145,Deribit option 1-minute OHLC close at 10:00 NY snapshot; option-denominated close converted to USD with snapshot BTC-PERPETUAL close,63991.96425,0.01186,1.186003,70379.8205,-0.090763,-9.076261,0.022589,2.258885,-0.049591,-4.959088,true,true,
2024-04-22,10:00,14:00,1713794400000,16,BTC-26APR24-68000-C,66232.5,1059.72,0.016,Deribit option 1-minute OHLC close at 10:00 NY snapshot; option-denominated close converted to USD with snapshot BTC-PERPETUAL close,65172.78,0.018453,1.845256,70379.8205,-0.073985,-7.398485,0.022362,2.236226,-0.049591,-4.959088,true,true,
2024-04-23,10:00,14:00,1713880800000,16,BTC-26APR24-68000-C,66514,864.682,0.013,Deribit option 1-minute OHLC close at 10:00 NY snapshot; option-denominated close converted to USD with snapshot BTC-PERPETUAL close,65649.318,0.007312,0.731192,70379.8205,-0.067214,-6.72139,0.021755,2.175487,-0.048346,-4.834627,true,true,
2024-04-24,10:00,14:00,1713967200000,16,BTC-26APR24-68000-C,66093.5,396.561,0.006,Deribit option 1-minute OHLC close at 10:00 NY snapshot; option-denominated close converted to USD with snapshot BTC-PERPETUAL close,65696.939,0.000725,0.072538,70379.8205,-0.066537,-6.653728,0.021093,2.109288,-0.048346,-4.834627,true,true,
2024-04-25,10:00,14:00,1714053600000,16,BTC-26APR24-68000-C,63300.5,18.99015,0.0003,Deribit option 1-minute OHLC close at 10:00 NY snapshot; option-denominated close converted to USD with snapshot BTC-PERPETUAL close,63281.50985,-0.036766,-3.676624,70379.8205,-0.100857,-10.085719,0.022345,2.234548,-0.048346,-4.834627,true,true,
2024-04-26,10:00,14:00,1714140000000,17,,64405,,,,,,,70379.8205,,,0.022345,2.234548,-0.048346,-4.834627,true,false,missing_observed_option_instrument; synthetic/theoretical cycle excluded from option valuation
2024-04-27,10:00,14:00,1714226400000,17,,63183.5,,,,,,,70379.8205,,,0.022345,2.234548,-0.048346,-4.834627,true,false,missing_observed_option_instrument; synthetic/theoretical cycle excluded from option valuation
2024-04-28,10:00,14:00,1714312800000,17,,63710.5,,,,,,,70379.8205,,,0.022345,2.234548,-0.048346,-4.834627,true,false,missing_observed_option_instrument; synthetic/theoretical cycle excluded from option valuation
2024-04-29,10:00,14:00,1714399200000,17,,61999.5,,,,,,,70379.8205,,,0.022345,2.234548,-0.048346,-4.834627,true,false,missing_observed_option_instrument; synthetic/theoretical cycle excluded from option valuation
2024-04-30,10:00,14:00,1714485600000,17,,60722.5,,,,,,,70379.8205,,,0.022345,2.234548,-0.048346,-4.834627,true,false,missing_observed_option_instrument; synthetic/theoretical cycle excluded from option valuation
2024-05-01,10:00,14:00,1714572000000,17,,57241.5,,,,,,,70379.8205,,,0.022345,2.234548,-0.048346,-4.834627,true,false,missing_observed_option_instrument; synthetic/theoretical cycle excluded from option valuation
2024-05-02,10:00,14:00,1714658400000,17,,58394,,,,,,,70379.8205,,,0.022345,2.234548,-0.048346,-4.834627,true,false,missing_observed_option_instrument; synthetic/theoretical cycle excluded from option valuation
2024-05-03,10:00,14:00,1714744800000,18,BTC-10MAY24-62000-C,61775,1698.8125,0.0275,Deribit option 1-minute OHLC close at 10:00 NY snapshot; option-denominated close converted to USD with snapshot BTC-PERPETUAL close,60076.1875,,,70379.8205,-0.1464,-14.640039,0.022345,2.234548,-0.048346,-4.834627,true,true,daily_return_not_computed_across_missing_mtm_gap
2024-05-04,10:00,14:00,1714831200000,18,BTC-10MAY24-62000-C,63715.5,2899.05525,0.0455,Deribit option 1-minute OHLC close at 10:00 NY snapshot; option-denominated close converted to USD with snapshot BTC-PERPETUAL close,60816.44475,0.012322,1.232197,70379.8205,-0.135882,-13.588235,0.021874,2.187398,-0.048346,-4.834627,true,true,
2024-05-05,10:00,14:00,1714917600000,18,BTC-10MAY24-62000-C,64096,2724.08,0.0425,Deribit option 1-minute OHLC close at 10:00 NY snapshot; option-denominated close converted to USD with snapshot BTC-PERPETUAL close,61371.92,0.009134,0.913364,70379.8205,-0.12799,-12.798982,0.021325,2.132529,-0.045737,-4.573662,true,true,
2024-05-06,10:00,14:00,1715004000000,18,BTC-10MAY24-62000-C,63943.5,3804.63825,0.0595,Deribit option 1-minute OHLC close at 10:00 NY snapshot; option-denominated close converted to USD with snapshot BTC-PERPETUAL close,60138.86175,-0.020092,-2.009157,70379.8205,-0.14551,-14.550987,0.021253,2.125329,-0.045737,-4.573662,true,true,
2024-05-07,10:00,14:00,1715090400000,18,BTC-10MAY24-62000-C,63242.5,2055.38125,0.0325,Deribit option 1-minute OHLC close at 10:00 NY snapshot; option-denominated close converted to USD with snapshot BTC-PERPETUAL close,61187.11875,0.017431,1.743061,70379.8205,-0.130616,-13.061559,0.021044,2.104352,-0.045737,-4.573662,true,true,
2024-05-08,10:00,14:00,1715176800000,18,BTC-10MAY24-62000-C,62407.5,811.2975,0.013,Deribit option 1-minute OHLC close at 10:00 NY snapshot; option-denominated close converted to USD with snapshot BTC-PERPETUAL close,61596.2025,0.006686,0.668578,70379.8205,-0.124803,-12.480307,0.020468,2.046807,-0.041586,-4.158649,true,true,
2024-05-09,10:00,14:00,1715263200000,18,BTC-10MAY24-62000-C,61175,256.935,0.0042,Deribit option 1-minute OHLC close at 10:00 NY snapshot; option-denominated close converted to USD with snapshot BTC-PERPETUAL close,60918.065,-0.011009,-1.10094,70379.8205,-0.134438,-13.443847,0.020027,2.002693,-0.041586,-4.158649,true,true,
2024-05-10,10:00,14:00,1715349600000,19,BTC-17MAY24-66000-C,62838,596.961,0.0095,Deribit option 1-minute OHLC close at 10:00 NY snapshot; option-denominated close converted to USD with snapshot BTC-PERPETUAL close,62241.039,0.021717,2.171727,70379.8205,-0.115641,-11.564084,0.020132,2.013235,-0.041586,-4.158649,true,true,
2024-05-11,10:00,14:00,1715436000000,19,BTC-17MAY24-66000-C,60937.5,182.8125,0.003,Deribit option 1-minute OHLC close at 10:00 NY snapshot; option-denominated close converted to USD with snapshot BTC-PERPETUAL close,60754.6875,-0.023881,-2.388057,70379.8205,-0.13676,-13.675984,0.020377,2.03767,-0.041586,-4.158649,true,true,
2024-05-12,10:00,14:00,1715522400000,19,BTC-17MAY24-66000-C,61211,214.2385,0.0035,Deribit option 1-minute OHLC close at 10:00 NY snapshot; option-denominated close converted to USD with snapshot BTC-PERPETUAL close,60996.7615,0.003984,0.398445,70379.8205,-0.13332,-13.33203,0.01978,1.978003,-0.041586,-4.158649,true,true,
2024-05-13,10:00,14:00,1715608800000,19,BTC-17MAY24-66000-C,62789.5,408.13175,0.0065,Deribit option 1-minute OHLC close at 10:00 NY snapshot; option-denominated close converted to USD with snapshot BTC-PERPETUAL close,62381.36825,0.0227,2.269968,70379.8205,-0.113647,-11.364695,0.019967,1.996725,-0.041586,-4.158649,true,true,
2024-05-14,10:00,14:00,1715695200000,19,BTC-17MAY24-66000-C,61673,185.019,0.003,Deribit option 1-minute OHLC close at 10:00 NY snapshot; option-denominated close converted to USD with snapshot BTC-PERPETUAL close,61487.981,-0.014321,-1.432138,70379.8205,-0.126341,-12.634075,0.019674,1.967424,-0.041586,-4.158649,true,true,
2024-05-15,10:00,14:00,1715781600000,19,BTC-17MAY24-66000-C,64202,321.01,0.005,Deribit option 1-minute OHLC close at 10:00 NY snapshot; option-denominated close converted to USD with snapshot BTC-PERPETUAL close,63880.99,0.038918,3.891832,70379.8205,-0.092339,-9.23394,0.021324,2.132439,-0.041586,-4.158649,true,true,
2024-05-16,10:00,14:00,1715868000000,19,BTC-17MAY24-66000-C,66377.5,630.58625,0.0095,Deribit option 1-minute OHLC close at 10:00 NY snapshot; option-denominated close converted to USD with snapshot BTC-PERPETUAL close,65746.91375,0.029209,2.920937,70379.8205,-0.065827,-6.58272,0.021878,2.187777,-0.041586,-4.158649,true,true,
2024-05-17,10:00,14:00,1715954400000,20,BTC-24MAY24-70000-C,65956,461.692,0.007,Deribit option 1-minute OHLC close at 10:00 NY snapshot; option-denominated close converted to USD with snapshot BTC-PERPETUAL close,65494.308,-0.003842,-0.384209,70379.8205,-0.069416,-6.941638,0.021232,2.123216,-0.041586,-4.158649,true,true,
2024-05-18,10:00,14:00,1716040800000,20,BTC-24MAY24-70000-C,66895,568.6075,0.0085,Deribit option 1-minute OHLC close at 10:00 NY snapshot; option-denominated close converted to USD with snapshot BTC-PERPETUAL close,66326.3925,0.012705,1.270468,70379.8205,-0.057594,-5.759361,0.020819,2.081924,-0.041586,-4.158649,true,true,
2024-05-19,10:00,14:00,1716127200000,20,BTC-24MAY24-70000-C,67082.5,503.11875,0.0075,Deribit option 1-minute OHLC close at 10:00 NY snapshot; option-denominated close converted to USD with snapshot BTC-PERPETUAL close,66579.38125,0.003814,0.38143,70379.8205,-0.053999,-5.399899,0.020207,2.020661,-0.041586,-4.158649,true,true,
2024-05-20,10:00,14:00,1716213600000,20,BTC-24MAY24-70000-C,67092.5,436.10125,0.0065,Deribit option 1-minute OHLC close at 10:00 NY snapshot; option-denominated close converted to USD with snapshot BTC-PERPETUAL close,66656.39875,0.001157,0.115678,70379.8205,-0.052905,-5.290468,0.019593,1.959309,-0.041586,-4.158649,true,true,
2024-05-21,10:00,14:00,1716300000000,20,BTC-24MAY24-70000-C,70650,2154.825,0.0305,Deribit option 1-minute OHLC close at 10:00 NY snapshot; option-denominated close converted to USD with snapshot BTC-PERPETUAL close,68495.175,0.027586,2.758589,70379.8205,-0.026778,-2.677821,0.020162,2.016221,-0.041586,-4.158649,true,true,
2024-05-22,10:00,14:00,1716386400000,20,BTC-24MAY24-70000-C,69614.5,904.9885,0.013,Deribit option 1-minute OHLC close at 10:00 NY snapshot; option-denominated close converted to USD with snapshot BTC-PERPETUAL close,68709.5115,0.003129,0.312922,70379.8205,-0.023733,-2.373278,0.019563,1.956301,-0.041586,-4.158649,true,true,
2024-05-23,10:00,14:00,1716472800000,20,BTC-24MAY24-70000-C,68018,210.8558,0.0031,Deribit option 1-minute OHLC close at 10:00 NY snapshot; option-denominated close converted to USD with snapshot BTC-PERPETUAL close,67807.1442,-0.013133,-1.313308,70379.8205,-0.036554,-3.655418,0.019238,1.923791,-0.030968,-3.096769,true,true,
2024-05-24,10:00,14:00,1716559200000,21,BTC-31MAY24-70000-C,67246.5,638.84175,0.0095,Deribit option 1-minute OHLC close at 10:00 NY snapshot; option-denominated close converted to USD with snapshot BTC-PERPETUAL close,66607.65825,-0.01769,-1.768967,70379.8205,-0.053597,-5.359721,0.019149,1.914855,-0.030968,-3.096769,true,true,
2024-05-25,10:00,14:00,1716645600000,21,BTC-31MAY24-70000-C,69056,1173.952,0.017,Deribit option 1-minute OHLC close at 10:00 NY snapshot; option-denominated close converted to USD with snapshot BTC-PERPETUAL close,67882.048,0.019133,1.913278,70379.8205,-0.03549,-3.54899,0.019148,1.91476,-0.022176,-2.217552,true,true,
2024-05-26,10:00,14:00,1716732000000,21,BTC-31MAY24-70000-C,69181.5,1106.904,0.016,Deribit option 1-minute OHLC close at 10:00 NY snapshot; option-denominated close converted to USD with snapshot BTC-PERPETUAL close,68074.596,0.002837,0.283651,70379.8205,-0.032754,-3.275405,0.018577,1.857729,-0.022176,-2.217552,true,true,
2024-05-27,10:00,14:00,1716818400000,21,BTC-31MAY24-70000-C,68959.5,827.514,0.012,Deribit option 1-minute OHLC close at 10:00 NY snapshot; option-denominated close converted to USD with snapshot BTC-PERPETUAL close,68131.986,0.000843,0.084305,70379.8205,-0.031939,-3.193862,0.018013,1.801253,-0.022176,-2.217552,true,true,
2024-05-28,10:00,14:00,1716904800000,21,BTC-31MAY24-70000-C,67592.5,405.555,0.006,Deribit option 1-minute OHLC close at 10:00 NY snapshot; option-denominated close converted to USD with snapshot BTC-PERPETUAL close,67186.945,-0.013871,-1.387074,70379.8205,-0.045366,-4.536635,0.017791,1.779123,-0.022176,-2.217552,true,true,
2024-05-29,10:00,14:00,1716991200000,21,BTC-31MAY24-70000-C,67813,217.0016,0.0032,Deribit option 1-minute OHLC close at 10:00 NY snapshot; option-denominated close converted to USD with snapshot BTC-PERPETUAL close,67595.9984,0.006088,0.608829,70379.8205,-0.039554,-3.955427,0.017314,1.731359,-0.022176,-2.217552,true,true,
2024-05-30,10:00,14:00,1717077600000,21,BTC-31MAY24-70000-C,68637,123.5466,0.0018,Deribit option 1-minute OHLC close at 10:00 NY snapshot; option-denominated close converted to USD with snapshot BTC-PERPETUAL close,68513.4534,0.013573,1.357262,70379.8205,-0.026518,-2.65185,0.017112,1.711221,-0.022176,-2.217552,true,true,
2024-05-31,10:00,14:00,1717164000000,22,,67923,,,,,,,70379.8205,,,0.017112,1.711221,-0.022176,-2.217552,true,false,missing_observed_option_instrument; synthetic/theoretical cycle excluded from option valuation
2024-06-01,10:00,14:00,1717250400000,22,,67679,,,,,,,70379.8205,,,0.017112,1.711221,-0.022176,-2.217552,true,false,missing_observed_option_instrument; synthetic/theoretical cycle excluded from option valuation
2024-06-02,10:00,14:00,1717336800000,22,,68152.5,,,,,,,70379.8205,,,0.017112,1.711221,-0.022176,-2.217552,true,false,missing_observed_option_instrument; synthetic/theoretical cycle excluded from option valuation
2024-06-03,10:00,14:00,1717423200000,22,,69909,,,,,,,70379.8205,,,0.017112,1.711221,-0.022176,-2.217552,true,false,missing_observed_option_instrument; synthetic/theoretical cycle excluded from option valuation
2024-06-04,10:00,14:00,1717509600000,22,,69724,,,,,,,70379.8205,,,0.017112,1.711221,-0.022176,-2.217552,true,false,missing_observed_option_instrument; synthetic/theoretical cycle excluded from option valuation
2024-06-05,10:00,14:00,1717596000000,22,,70637,,,,,,,70379.8205,,,0.017112,1.711221,-0.022176,-2.217552,true,false,missing_observed_option_instrument; synthetic/theoretical cycle excluded from option valuation
2024-06-06,10:00,14:00,1717682400000,22,,71050,,,,,,,70379.8205,,,0.017112,1.711221,-0.022176,-2.217552,true,false,missing_observed_option_instrument; synthetic/theoretical cycle excluded from option valuation
2024-06-07,10:00,14:00,1717768800000,23,BTC-14JUN24-75000-C,71491.5,714.915,0.01,Deribit option 1-minute OHLC close at 10:00 NY snapshot; option-denominated close converted to USD with snapshot BTC-PERPETUAL close,70776.585,,,70776.585,0,0,0.017112,1.711221,-0.022176,-2.217552,true,true,daily_return_not_computed_across_missing_mtm_gap
2024-06-08,10:00,14:00,1717855200000,23,BTC-14JUN24-75000-C,69409,166.5816,0.0024,Deribit option 1-minute OHLC close at 10:00 NY snapshot; option-denominated close converted to USD with snapshot BTC-PERPETUAL close,69242.4184,-0.021676,-2.167619,70776.585,-0.021676,-2.167619,0.01742,1.74198,-0.022176,-2.217552,true,true,
2024-06-09,10:00,14:00,1717941600000,23,BTC-14JUN24-75000-C,69457.5,166.698,0.0024,Deribit option 1-minute OHLC close at 10:00 NY snapshot; option-denominated close converted to USD with snapshot BTC-PERPETUAL close,69290.802,0.000699,0.069876,70776.585,-0.020993,-2.099258,0.01689,1.688999,-0.022889,-2.28886,true,true,
2024-06-10,10:00,14:00,1718028000000,23,BTC-14JUN24-75000-C,69301,152.4622,0.0022,Deribit option 1-minute OHLC close at 10:00 NY snapshot; option-denominated close converted to USD with snapshot BTC-PERPETUAL close,69148.5378,-0.002053,-0.205315,70776.585,-0.023003,-2.300262,0.016383,1.638318,-0.022889,-2.28886,true,true,
2024-06-11,10:00,14:00,1718114400000,23,BTC-14JUN24-75000-C,66842,46.7894,0.0007,Deribit option 1-minute OHLC close at 10:00 NY snapshot; option-denominated close converted to USD with snapshot BTC-PERPETUAL close,66795.2106,-0.034033,-3.403293,70776.585,-0.056253,-5.625271,0.017939,1.793874,-0.020963,-2.096311,true,true,
2024-06-12,10:00,14:00,1718200800000,23,BTC-14JUN24-75000-C,69353.5,97.0949,0.0014,Deribit option 1-minute OHLC close at 10:00 NY snapshot; option-denominated close converted to USD with snapshot BTC-PERPETUAL close,69256.4051,0.036847,3.684687,70776.585,-0.021479,-2.147857,0.019595,1.959469,-0.022889,-2.28886,true,true,
2024-06-13,10:00,14:00,1718287200000,23,BTC-14JUN24-75000-C,67547.5,13.5095,0.0002,Deribit option 1-minute OHLC close at 10:00 NY snapshot; option-denominated close converted to USD with snapshot BTC-PERPETUAL close,67533.9905,-0.02487,-2.487011,70776.585,-0.045815,-4.581451,0.019951,1.995059,-0.022889,-2.28886,true,true,
2024-06-14,10:00,14:00,1718373600000,24,BTC-21JUN24-70000-C,67017,502.6275,0.0075,Deribit option 1-minute OHLC close at 10:00 NY snapshot; option-denominated close converted to USD with snapshot BTC-PERPETUAL close,66514.3725,-0.015098,-1.509785,70776.585,-0.060221,-6.022066,0.019693,1.969318,-0.024425,-2.442482,true,true,
2024-06-15,10:00,14:00,1718460000000,24,BTC-21JUN24-70000-C,66268.5,251.8203,0.0038,Deribit option 1-minute OHLC close at 10:00 NY snapshot; option-denominated close converted to USD with snapshot BTC-PERPETUAL close,66016.6797,-0.007482,-0.748249,70776.585,-0.067253,-6.725254,0.019181,1.918101,-0.024425,-2.442482,true,true,
2024-06-16,10:00,14:00,1718546400000,24,BTC-21JUN24-70000-C,66684,313.4148,0.0047,Deribit option 1-minute OHLC close at 10:00 NY snapshot; option-denominated close converted to USD with snapshot BTC-PERPETUAL close,66370.5852,0.005361,0.536085,70776.585,-0.062252,-6.225222,0.018643,1.864299,-0.024425,-2.442482,true,true,
2024-06-17,10:00,14:00,1718632800000,24,BTC-21JUN24-70000-C,65160.5,136.83705,0.0021,Deribit option 1-minute OHLC close at 10:00 NY snapshot; option-denominated close converted to USD with snapshot BTC-PERPETUAL close,65023.66295,-0.020294,-2.029396,70776.585,-0.081283,-8.128284,0.018746,1.874615,-0.024425,-2.442482,true,true,
2024-06-18,10:00,14:00,1718719200000,24,BTC-21JUN24-70000-C,64829.5,71.31245,0.0011,Deribit option 1-minute OHLC close at 10:00 NY snapshot; option-denominated close converted to USD with snapshot BTC-PERPETUAL close,64758.18755,-0.004083,-0.408275,70776.585,-0.085034,-8.503374,0.018203,1.820256,-0.024425,-2.442482,true,true,
2024-06-19,10:00,14:00,1718805600000,24,BTC-21JUN24-70000-C,65048,26.0192,0.0004,Deribit option 1-minute OHLC close at 10:00 NY snapshot; option-denominated close converted to USD with snapshot BTC-PERPETUAL close,65021.9808,0.004074,0.407351,70776.585,-0.081307,-8.130661,0.017676,1.767622,-0.023433,-2.343285,true,true,
2024-06-20,10:00,14:00,1718892000000,24,BTC-21JUN24-70000-C,65133,13.0266,0.0002,Deribit option 1-minute OHLC close at 10:00 NY snapshot; option-denominated close converted to USD with snapshot BTC-PERPETUAL close,65119.9734,0.001507,0.150707,70776.585,-0.079922,-7.992208,0.017142,1.71417,-0.023433,-2.343285,true,true,
2024-06-21,10:00,14:00,1718978400000,25,BTC-28JUN24-67000-C,63621.5,413.53975,0.0065,Deribit option 1-minute OHLC close at 10:00 NY snapshot; option-denominated close converted to USD with snapshot BTC-PERPETUAL close,63207.96025,-0.029361,-2.936139,70776.585,-0.106937,-10.693685,0.018109,1.810893,-0.023433,-2.343285,true,true,
2024-06-22,10:00,14:00,1719064800000,25,BTC-28JUN24-67000-C,64251.5,321.2575,0.005,Deribit option 1-minute OHLC close at 10:00 NY snapshot; option-denominated close converted to USD with snapshot BTC-PERPETUAL close,63930.2425,0.011427,1.142708,70776.585,-0.096732,-9.673174,0.017779,1.777897,-0.02734,-2.734032,true,true,
2024-06-23,10:00,14:00,1719151200000,25,BTC-28JUN24-67000-C,64287,321.435,0.005,Deribit option 1-minute OHLC close at 10:00 NY snapshot; option-denominated close converted to USD with snapshot BTC-PERPETUAL close,63965.565,0.000553,0.055252,70776.585,-0.096233,-9.623267,0.017238,1.723789,-0.02734,-2.734032,true,true,
2024-06-24,10:00,14:00,1719237600000,25,BTC-28JUN24-67000-C,61660.5,104.82285,0.0017,Deribit option 1-minute OHLC close at 10:00 NY snapshot; option-denominated close converted to USD with snapshot BTC-PERPETUAL close,61555.67715,-0.037675,-3.767477,70776.585,-0.130282,-13.02819,0.019091,1.909134,-0.02734,-2.734032,true,true,
2024-06-25,10:00,14:00,1719324000000,25,BTC-28JUN24-67000-C,61204,42.8428,0.0007,Deribit option 1-minute OHLC close at 10:00 NY snapshot; option-denominated close converted to USD with snapshot BTC-PERPETUAL close,61161.1572,-0.006409,-0.640916,70776.585,-0.135856,-13.585606,0.018576,1.85762,-0.031931,-3.193074,true,true,
2024-06-26,10:00,14:00,1719410400000,25,BTC-28JUN24-67000-C,61732,18.5196,0.0003,Deribit option 1-minute OHLC close at 10:00 NY snapshot; option-denominated close converted to USD with snapshot BTC-PERPETUAL close,61713.4804,0.009031,0.903062,70776.585,-0.128052,-12.80523,0.018146,1.814563,-0.031931,-3.193074,true,true,
2024-06-27,10:00,14:00,1719496800000,25,BTC-28JUN24-67000-C,62073,12.4146,0.0002,Deribit option 1-minute OHLC close at 10:00 NY snapshot; option-denominated close converted to USD with snapshot BTC-PERPETUAL close,62060.5854,0.005624,0.562446,70776.585,-0.123148,-12.314807,0.017647,1.76467,-0.031931,-3.193074,true,true,
2024-06-28,10:00,14:00,1719583200000,26,,61311.5,,,,,,,70776.585,,,0.017647,1.76467,-0.031931,-3.193074,true,false,missing_observed_option_instrument; synthetic/theoretical cycle excluded from option valuation
2024-06-29,10:00,14:00,1719669600000,26,,61037,,,,,,,70776.585,,,0.017647,1.76467,-0.031931,-3.193074,true,false,missing_observed_option_instrument; synthetic/theoretical cycle excluded from option valuation
2024-06-30,10:00,14:00,1719756000000,26,,61644,,,,,,,70776.585,,,0.017647,1.76467,-0.031931,-3.193074,true,false,missing_observed_option_instrument; synthetic/theoretical cycle excluded from option valuation
2024-07-01,10:00,14:00,1719842400000,26,,62712,,,,,,,70776.585,,,0.017647,1.76467,-0.031931,-3.193074,true,false,missing_observed_option_instrument; synthetic/theoretical cycle excluded from option valuation
2024-07-02,10:00,14:00,1719928800000,26,,62587.5,,,,,,,70776.585,,,0.017647,1.76467,-0.031931,-3.193074,true,false,missing_observed_option_instrument; synthetic/theoretical cycle excluded from option valuation
2024-07-03,10:00,14:00,1720015200000,26,,60471,,,,,,,70776.585,,,0.017647,1.76467,-0.031931,-3.193074,true,false,missing_observed_option_instrument; synthetic/theoretical cycle excluded from option valuation
2024-07-04,10:00,14:00,1720101600000,26,,57475.5,,,,,,,70776.585,,,0.017647,1.76467,-0.031931,-3.193074,true,false,missing_observed_option_instrument; synthetic/theoretical cycle excluded from option valuation
2024-07-05,10:00,14:00,1720188000000,27,BTC-12JUL24-57000-C,55900,922.35,0.0165,Deribit option 1-minute OHLC close at 10:00 NY snapshot; option-denominated close converted to USD with snapshot BTC-PERPETUAL close,54977.65,,,70776.585,-0.223223,-22.322262,0.017647,1.76467,-0.031931,-3.193074,true,true,daily_return_not_computed_across_missing_mtm_gap
2024-07-06,10:00,14:00,1720274400000,27,BTC-12JUL24-57000-C,57060.5,1455.04275,0.0255,Deribit option 1-minute OHLC close at 10:00 NY snapshot; option-denominated close converted to USD with snapshot BTC-PERPETUAL close,55605.45725,0.011419,1.141932,70776.585,-0.214352,-21.435236,0.017336,1.733626,-0.031931,-3.193074,true,true,
2024-07-07,10:00,14:00,1720360800000,27,BTC-12JUL24-57000-C,56868,1336.398,0.0235,Deribit option 1-minute OHLC close at 10:00 NY snapshot; option-denominated close converted to USD with snapshot BTC-PERPETUAL close,55531.602,-0.001328,-0.13282,70776.585,-0.215396,-21.539585,0.016811,1.681127,-0.031931,-3.193074,true,true,
2024-07-08,10:00,14:00,1720447200000,27,BTC-12JUL24-57000-C,57112,1342.132,0.0235,Deribit option 1-minute OHLC close at 10:00 NY snapshot; option-denominated close converted to USD with snapshot BTC-PERPETUAL close,55769.868,0.004291,0.429064,70776.585,-0.212029,-21.20294,0.016333,1.633298,-0.031931,-3.193074,true,true,
2024-07-09,10:00,14:00,1720533600000,27,BTC-12JUL24-57000-C,57426,1550.502,0.027,Deribit option 1-minute OHLC close at 10:00 NY snapshot; option-denominated close converted to USD with snapshot BTC-PERPETUAL close,55875.498,0.001894,0.189403,70776.585,-0.210537,-21.053696,0.015842,1.584221,-0.031931,-3.193074,true,true,
2024-07-10,10:00,14:00,1720620000000,27,BTC-12JUL24-57000-C,57717,1240.9155,0.0215,Deribit option 1-minute OHLC close at 10:00 NY snapshot; option-denominated close converted to USD with snapshot BTC-PERPETUAL close,56476.0845,0.010749,1.074866,70776.585,-0.202051,-20.205129,0.015584,1.558361,-0.031931,-3.193074,true,true,
2024-07-11,10:00,14:00,1720706400000,27,BTC-12JUL24-57000-C,58623,2022.4935,0.0345,Deribit option 1-minute OHLC close at 10:00 NY snapshot; option-denominated close converted to USD with snapshot BTC-PERPETUAL close,56600.5065,0.002203,0.220309,70776.585,-0.200293,-20.029334,0.015119,1.511851,-0.031931,-3.193074,true,true,
2024-07-12,10:00,14:00,1720792800000,28,BTC-19JUL24-60000-C,57905.5,579.055,0.01,Deribit option 1-minute OHLC close at 10:00 NY snapshot; option-denominated close converted to USD with snapshot BTC-PERPETUAL close,57326.445,0.012826,1.282565,70776.585,-0.190037,-19.003658,0.014991,1.499083,-0.031931,-3.193074,true,true,
2024-07-13,10:00,14:00,1720879200000,28,BTC-19JUL24-60000-C,58625,732.8125,0.0125,Deribit option 1-minute OHLC close at 10:00 NY snapshot; option-denominated close converted to USD with snapshot BTC-PERPETUAL close,57892.1875,0.009869,0.986879,70776.585,-0.182043,-18.204322,0.014734,1.473381,-0.031931,-3.193074,true,true,
2024-07-14,10:00,14:00,1720965600000,28,BTC-19JUL24-60000-C,59741.5,1403.92525,0.0235,Deribit option 1-minute OHLC close at 10:00 NY snapshot; option-denominated close converted to USD with snapshot BTC-PERPETUAL close,58337.57475,0.007693,0.769339,70776.585,-0.17575,-17.575036,0.014409,1.440872,-0.031931,-3.193074,true,true,
2024-07-15,10:00,14:00,1721052000000,28,BTC-19JUL24-60000-C,62990,3243.985,0.0515,Deribit option 1-minute OHLC close at 10:00 NY snapshot; option-denominated close converted to USD with snapshot BTC-PERPETUAL close,59746.015,0.024143,2.414293,70776.585,-0.155851,-15.585055,0.01517,1.516995,-0.031931,-3.193074,true,true,
2024-07-16,10:00,14:00,1721138400000,28,BTC-19JUL24-60000-C,63444.5,3774.94775,0.0595,Deribit option 1-minute OHLC close at 10:00 NY snapshot; option-denominated close converted to USD with snapshot BTC-PERPETUAL close,59669.55225,-0.00128,-0.12798,70776.585,-0.156931,-15.693089,0.014711,1.471116,-0.031931,-3.193074,true,true,
2024-07-17,10:00,14:00,1721224800000,28,BTC-19JUL24-60000-C,65139.5,4755.1835,0.073,Deribit option 1-minute OHLC close at 10:00 NY snapshot; option-denominated close converted to USD with snapshot BTC-PERPETUAL close,60384.3165,0.011979,1.197871,70776.585,-0.146832,-14.683201,0.014562,1.456167,-0.031931,-3.193074,true,true,
2024-07-18,10:00,14:00,1721311200000,28,BTC-19JUL24-60000-C,64565,4906.94,0.076,Deribit option 1-minute OHLC close at 10:00 NY snapshot; option-denominated close converted to USD with snapshot BTC-PERPETUAL close,59658.06,-0.012027,-1.202724,70776.585,-0.157093,-15.709327,0.014422,1.442217,-0.031931,-3.193074,true,true,
2024-07-19,10:00,14:00,1721397600000,29,BTC-26JUL24-67000-C,65115.5,1041.848,0.016,Deribit option 1-minute OHLC close at 10:00 NY snapshot; option-denominated close converted to USD with snapshot BTC-PERPETUAL close,64073.652,0.074015,7.401501,70776.585,-0.094706,-9.470552,0.022896,2.289569,-0.031931,-3.193074,true,true,
2024-07-20,10:00,14:00,1721484000000,29,BTC-26JUL24-67000-C,66582.5,1597.98,0.024,Deribit option 1-minute OHLC close at 10:00 NY snapshot; option-denominated close converted to USD with snapshot BTC-PERPETUAL close,64984.52,0.014216,1.421595,70776.585,-0.081836,-8.183589,0.02247,2.246965,-0.02734,-2.734032,true,true,
2024-07-21,10:00,14:00,1721570400000,29,BTC-26JUL24-67000-C,66851.5,1704.71325,0.0255,Deribit option 1-minute OHLC close at 10:00 NY snapshot; option-denominated close converted to USD with snapshot BTC-PERPETUAL close,65146.78675,0.002497,0.249701,70776.585,-0.079543,-7.954323,0.021794,2.179372,-0.02734,-2.734032,true,true,
2024-07-22,10:00,14:00,1721656800000,29,BTC-26JUL24-67000-C,67085.5,1811.3085,0.027,Deribit option 1-minute OHLC close at 10:00 NY snapshot; option-denominated close converted to USD with snapshot BTC-PERPETUAL close,65274.1915,0.001956,0.195566,70776.585,-0.077743,-7.774313,0.021135,2.113523,-0.025281,-2.528105,true,true,
2024-07-23,10:00,14:00,1721743200000,29,BTC-26JUL24-67000-C,66150.5,959.18225,0.0145,Deribit option 1-minute OHLC close at 10:00 NY snapshot; option-denominated close converted to USD with snapshot BTC-PERPETUAL close,65191.31775,-0.00127,-0.126963,70776.585,-0.078914,-7.891405,0.020494,2.049372,-0.025281,-2.528105,true,true,
2024-07-24,10:00,14:00,1721829600000,29,BTC-26JUL24-67000-C,66428.5,597.8565,0.009,Deribit option 1-minute OHLC close at 10:00 NY snapshot; option-denominated close converted to USD with snapshot BTC-PERPETUAL close,65830.6435,0.009807,0.980692,70776.585,-0.069881,-6.988104,0.020014,2.001409,-0.025281,-2.528105,true,true,
2024-07-25,10:00,14:00,1721916000000,29,BTC-26JUL24-67000-C,63954,70.3494,0.0011,Deribit option 1-minute OHLC close at 10:00 NY snapshot; option-denominated close converted to USD with snapshot BTC-PERPETUAL close,63883.6506,-0.029576,-2.957578,70776.585,-0.09739,-9.739004,0.020713,2.071264,-0.025281,-2.528105,true,true,
2024-07-26,10:00,14:00,1722002400000,30,,67954,,,,,,,70776.585,,,0.020713,2.071264,-0.025281,-2.528105,true,false,missing_observed_option_instrument; synthetic/theoretical cycle excluded from option valuation
2024-07-27,10:00,14:00,1722088800000,30,,69335,,,,,,,70776.585,,,0.020713,2.071264,-0.025281,-2.528105,true,false,missing_observed_option_instrument; synthetic/theoretical cycle excluded from option valuation
2024-07-28,10:00,14:00,1722175200000,30,,68023.5,,,,,,,70776.585,,,0.020713,2.071264,-0.025281,-2.528105,true,false,missing_observed_option_instrument; synthetic/theoretical cycle excluded from option valuation
2024-07-29,10:00,14:00,1722261600000,30,,69306,,,,,,,70776.585,,,0.020713,2.071264,-0.025281,-2.528105,true,false,missing_observed_option_instrument; synthetic/theoretical cycle excluded from option valuation
2024-07-30,10:00,14:00,1722348000000,30,,66289,,,,,,,70776.585,,,0.020713,2.071264,-0.025281,-2.528105,true,false,missing_observed_option_instrument; synthetic/theoretical cycle excluded from option valuation
2024-07-31,10:00,14:00,1722434400000,30,,66551.5,,,,,,,70776.585,,,0.020713,2.071264,-0.025281,-2.528105,true,false,missing_observed_option_instrument; synthetic/theoretical cycle excluded from option valuation
2024-08-01,10:00,14:00,1722520800000,30,,64717,,,,,,,70776.585,,,0.020713,2.071264,-0.025281,-2.528105,true,false,missing_observed_option_instrument; synthetic/theoretical cycle excluded from option valuation
2024-08-02,10:00,14:00,1722607200000,31,,65173,,,,,,,70776.585,,,0.020713,2.071264,-0.025281,-2.528105,true,false,missing_observed_option_instrument; synthetic/theoretical cycle excluded from option valuation
2024-08-03,10:00,14:00,1722693600000,31,,62045,,,,,,,70776.585,,,0.020713,2.071264,-0.025281,-2.528105,true,false,missing_observed_option_instrument; synthetic/theoretical cycle excluded from option valuation
2024-08-04,10:00,14:00,1722780000000,31,,60790,,,,,,,70776.585,,,0.020713,2.071264,-0.025281,-2.528105,true,false,missing_observed_option_instrument; synthetic/theoretical cycle excluded from option valuation
2024-08-05,10:00,14:00,1722866400000,31,,53412,,,,,,,70776.585,,,0.020713,2.071264,-0.025281,-2.528105,true,false,missing_observed_option_instrument; synthetic/theoretical cycle excluded from option valuation
2024-08-06,10:00,14:00,1722952800000,31,,55315,,,,,,,70776.585,,,0.020713,2.071264,-0.025281,-2.528105,true,false,missing_observed_option_instrument; synthetic/theoretical cycle excluded from option valuation
2024-08-07,10:00,14:00,1723039200000,31,,56900.5,,,,,,,70776.585,,,0.020713,2.071264,-0.025281,-2.528105,true,false,missing_observed_option_instrument; synthetic/theoretical cycle excluded from option valuation
2024-08-08,10:00,14:00,1723125600000,31,,57331,,,,,,,70776.585,,,0.020713,2.071264,-0.025281,-2.528105,true,false,missing_observed_option_instrument; synthetic/theoretical cycle excluded from option valuation
2024-08-09,10:00,14:00,1723212000000,32,BTC-16AUG24-64000-C,60561,545.049,0.009,Deribit option 1-minute OHLC close at 10:00 NY snapshot; option-denominated close converted to USD with snapshot BTC-PERPETUAL close,60015.951,,,70776.585,-0.152037,-15.203664,0.020713,2.071264,-0.025281,-2.528105,true,true,daily_return_not_computed_across_missing_mtm_gap
2024-08-10,10:00,14:00,1723298400000,32,BTC-16AUG24-64000-C,60497,544.473,0.009,Deribit option 1-minute OHLC close at 10:00 NY snapshot; option-denominated close converted to USD with snapshot BTC-PERPETUAL close,59952.527,-0.001057,-0.105679,70776.585,-0.152933,-15.293275,0.020083,2.008332,-0.029479,-2.947931,true,true,
2024-08-11,10:00,14:00,1723384800000,32,BTC-16AUG24-64000-C,60503,514.2755,0.0085,Deribit option 1-minute OHLC close at 10:00 NY snapshot; option-denominated close converted to USD with snapshot BTC-PERPETUAL close,59988.7245,0.000604,0.060377,70776.585,-0.152421,-15.242132,0.019472,1.947206,-0.029479,-2.947931,true,true,
2024-08-12,10:00,14:00,1723471200000,32,BTC-16AUG24-64000-C,57997.5,173.9925,0.003,Deribit option 1-minute OHLC close at 10:00 NY snapshot; option-denominated close converted to USD with snapshot BTC-PERPETUAL close,57823.5075,-0.036094,-3.609373,70776.585,-0.183014,-18.30136,0.020847,2.084651,-0.029479,-2.947931,true,true,
2024-08-13,10:00,14:00,1723557600000,32,BTC-16AUG24-64000-C,59414,142.5936,0.0024,Deribit option 1-minute OHLC close at 10:00 NY snapshot; option-denominated close converted to USD with snapshot BTC-PERPETUAL close,59271.4064,0.02504,2.503997,70776.585,-0.162556,-16.255628,0.021122,2.112161,-0.033161,-3.316066,true,true,
2024-08-14,10:00,14:00,1723644000000,32,BTC-16AUG24-64000-C,59460,89.19,0.0015,Deribit option 1-minute OHLC close at 10:00 NY snapshot; option-denominated close converted to USD with snapshot BTC-PERPETUAL close,59370.81,0.001677,0.167709,70776.585,-0.161152,-16.115181,0.020482,2.048228,-0.033161,-3.316066,true,true,
2024-08-15,10:00,14:00,1723730400000,32,BTC-16AUG24-64000-C,59455.5,11.8911,0.0002,Deribit option 1-minute OHLC close at 10:00 NY snapshot; option-denominated close converted to USD with snapshot BTC-PERPETUAL close,59443.6089,0.001226,0.122617,70776.585,-0.160123,-16.012324,0.019861,1.986058,-0.033161,-3.316066,true,true,
2024-08-16,10:00,14:00,1723816800000,33,BTC-23AUG24-61000-C,58250,728.125,0.0125,Deribit option 1-minute OHLC close at 10:00 NY snapshot; option-denominated close converted to USD with snapshot BTC-PERPETUAL close,57521.875,-0.032329,-3.232869,70776.585,-0.187275,-18.727535,0.02082,2.082029,-0.033161,-3.316066,true,true,
2024-08-17,10:00,14:00,1723903200000,33,BTC-23AUG24-61000-C,59388,682.962,0.0115,Deribit option 1-minute OHLC close at 10:00 NY snapshot; option-denominated close converted to USD with snapshot BTC-PERPETUAL close,58705.038,0.020569,2.056892,70776.585,-0.170558,-17.055848,0.020805,2.08053,-0.03109,-3.108988,true,true,
2024-08-18,10:00,14:00,1723989600000,33,BTC-23AUG24-61000-C,59909.5,1018.4615,0.017,Deribit option 1-minute OHLC close at 10:00 NY snapshot; option-denominated close converted to USD with snapshot BTC-PERPETUAL close,58891.0385,0.003168,0.316839,70776.585,-0.16793,-16.793049,0.020186,2.018641,-0.03109,-3.108988,true,true,
2024-08-19,10:00,14:00,1724076000000,33,BTC-23AUG24-61000-C,58218,436.635,0.0075,Deribit option 1-minute OHLC close at 10:00 NY snapshot; option-denominated close converted to USD with snapshot BTC-PERPETUAL close,57781.365,-0.018843,-1.884282,70776.585,-0.183609,-18.360903,0.020108,2.010832,-0.03109,-3.108988,true,true,
2024-08-20,10:00,14:00,1724162400000,33,BTC-23AUG24-61000-C,60844.5,1064.77875,0.0175,Deribit option 1-minute OHLC close at 10:00 NY snapshot; option-denominated close converted to USD with snapshot BTC-PERPETUAL close,59779.72125,0.034585,3.458479,70776.585,-0.155374,-15.537432,0.021257,2.125678,-0.03109,-3.108988,true,true,
2024-08-21,10:00,14:00,1724248800000,33,BTC-23AUG24-61000-C,59882,359.292,0.006,Deribit option 1-minute OHLC close at 10:00 NY snapshot; option-denominated close converted to USD with snapshot BTC-PERPETUAL close,59522.708,-0.004299,-0.429934,70776.585,-0.159006,-15.900565,0.020636,2.06361,-0.03109,-3.108988,true,true,
2024-08-22,10:00,14:00,1724335200000,33,BTC-23AUG24-61000-C,60830,486.64,0.008,Deribit option 1-minute OHLC close at 10:00 NY snapshot; option-denominated close converted to USD with snapshot BTC-PERPETUAL close,60343.36,0.013787,1.378721,70776.585,-0.147411,-14.741069,0.02029,2.029046,-0.03109,-3.108988,true,true,
2024-08-23,10:00,14:00,1724421600000,34,BTC-30AUG24-64000-C,61336.5,674.7015,0.011,Deribit option 1-minute OHLC close at 10:00 NY snapshot; option-denominated close converted to USD with snapshot BTC-PERPETUAL close,60661.7985,0.005277,0.527711,70776.585,-0.142911,-14.291148,0.019715,1.971475,-0.03109,-3.108988,true,true,
2024-08-24,10:00,14:00,1724508000000,34,BTC-30AUG24-64000-C,64245.5,1734.6285,0.027,Deribit option 1-minute OHLC close at 10:00 NY snapshot; option-denominated close converted to USD with snapshot BTC-PERPETUAL close,62510.8715,0.030482,3.048167,70776.585,-0.116786,-11.678599,0.020521,2.05207,-0.03109,-3.108988,true,true,
2024-08-25,10:00,14:00,1724594400000,34,BTC-30AUG24-64000-C,64123,1538.952,0.024,Deribit option 1-minute OHLC close at 10:00 NY snapshot; option-denominated close converted to USD with snapshot BTC-PERPETUAL close,62584.048,0.001171,0.117062,70776.585,-0.115752,-11.575208,0.019898,1.989762,-0.03109,-3.108988,true,true,
2024-08-26,10:00,14:00,1724680800000,34,BTC-30AUG24-64000-C,63805.5,1052.79075,0.0165,Deribit option 1-minute OHLC close at 10:00 NY snapshot; option-denominated close converted to USD with snapshot BTC-PERPETUAL close,62752.70925,0.002695,0.269496,70776.585,-0.113369,-11.336907,0.019303,1.930275,-0.03109,-3.108988,true,true,
2024-08-27,10:00,14:00,1724767200000,34,BTC-30AUG24-64000-C,62226,404.469,0.0065,Deribit option 1-minute OHLC close at 10:00 NY snapshot; option-denominated close converted to USD with snapshot BTC-PERPETUAL close,61821.531,-0.014839,-1.483885,70776.585,-0.126526,-12.652566,0.019064,1.906442,-0.03109,-3.108988,true,true,
2024-08-28,10:00,14:00,1724853600000,34,BTC-30AUG24-64000-C,59252.5,41.47675,0.0007,Deribit option 1-minute OHLC close at 10:00 NY snapshot; option-denominated close converted to USD with snapshot BTC-PERPETUAL close,59211.02325,-0.042227,-4.222651,70776.585,-0.163409,-16.340943,0.021181,2.118088,-0.03109,-3.108988,true,true,
2024-08-29,10:00,14:00,1724940000000,34,BTC-30AUG24-64000-C,60694,18.2082,0.0003,Deribit option 1-minute OHLC close at 10:00 NY snapshot; option-denominated close converted to USD with snapshot BTC-PERPETUAL close,60675.7918,0.024738,2.473811,70776.585,-0.142714,-14.271377,0.021411,2.141098,-0.034399,-3.439946,true,true,
2024-08-30,10:00,14:00,1725026400000,35,,59674,,,,,,,70776.585,,,0.021411,2.141098,-0.034399,-3.439946,true,false,missing_observed_option_instrument; synthetic/theoretical cycle excluded from option valuation
2024-08-31,10:00,14:00,1725112800000,35,,58903.5,,,,,,,70776.585,,,0.021411,2.141098,-0.034399,-3.439946,true,false,missing_observed_option_instrument; synthetic/theoretical cycle excluded from option valuation
2024-09-01,10:00,14:00,1725199200000,35,,58119,,,,,,,70776.585,,,0.021411,2.141098,-0.034399,-3.439946,true,false,missing_observed_option_instrument; synthetic/theoretical cycle excluded from option valuation
2024-09-02,10:00,14:00,1725285600000,35,,58219.5,,,,,,,70776.585,,,0.021411,2.141098,-0.034399,-3.439946,true,false,missing_observed_option_instrument; synthetic/theoretical cycle excluded from option valuation
2024-09-03,10:00,14:00,1725372000000,35,,58302,,,,,,,70776.585,,,0.021411,2.141098,-0.034399,-3.439946,true,false,missing_observed_option_instrument; synthetic/theoretical cycle excluded from option valuation
2024-09-04,10:00,14:00,1725458400000,35,,56197,,,,,,,70776.585,,,0.021411,2.141098,-0.034399,-3.439946,true,false,missing_observed_option_instrument; synthetic/theoretical cycle excluded from option valuation
2024-09-05,10:00,14:00,1725544800000,35,,57189.5,,,,,,,70776.585,,,0.021411,2.141098,-0.034399,-3.439946,true,false,missing_observed_option_instrument; synthetic/theoretical cycle excluded from option valuation
2024-09-06,10:00,14:00,1725631200000,36,BTC-13SEP24-59000-C,55766,613.426,0.011,Deribit option 1-minute OHLC close at 10:00 NY snapshot; option-denominated close converted to USD with snapshot BTC-PERPETUAL close,55152.574,,,70776.585,-0.220751,-22.075113,0.021411,2.141098,-0.034399,-3.439946,true,true,daily_return_not_computed_across_missing_mtm_gap
2024-09-07,10:00,14:00,1725717600000,36,BTC-13SEP24-59000-C,54556,272.78,0.005,Deribit option 1-minute OHLC close at 10:00 NY snapshot; option-denominated close converted to USD with snapshot BTC-PERPETUAL close,54283.22,-0.015763,-1.576271,70776.585,-0.233034,-23.30342,0.021115,2.111474,-0.034399,-3.439946,true,true,
2024-09-08,10:00,14:00,1725804000000,36,BTC-13SEP24-59000-C,54408,206.7504,0.0038,Deribit option 1-minute OHLC close at 10:00 NY snapshot; option-denominated close converted to USD with snapshot BTC-PERPETUAL close,54201.2496,-0.00151,-0.151005,70776.585,-0.234192,-23.419236,0.020475,2.047484,-0.034399,-3.439946,true,true,
2024-09-09,10:00,14:00,1725890400000,36,BTC-13SEP24-59000-C,55660,361.79,0.0065,Deribit option 1-minute OHLC close at 10:00 NY snapshot; option-denominated close converted to USD with snapshot BTC-PERPETUAL close,55298.21,0.020239,2.023866,70776.585,-0.218693,-21.869344,0.020461,2.046075,-0.034399,-3.439946,true,true,
2024-09-10,10:00,14:00,1725976800000,36,BTC-13SEP24-59000-C,56756.5,454.052,0.008,Deribit option 1-minute OHLC close at 10:00 NY snapshot; option-denominated close converted to USD with snapshot BTC-PERPETUAL close,56302.448,0.01816,1.816041,70776.585,-0.204505,-20.45046,0.02033,2.033007,-0.034399,-3.439946,true,true,
2024-09-11,10:00,14:00,1726063200000,36,BTC-13SEP24-59000-C,55787,133.8888,0.0024,Deribit option 1-minute OHLC close at 10:00 NY snapshot; option-denominated close converted to USD with snapshot BTC-PERPETUAL close,55653.1112,-0.011533,-1.153301,70776.585,-0.213679,-21.367906,0.019912,1.991215,-0.034399,-3.439946,true,true,
2024-09-12,10:00,14:00,1726149600000,36,BTC-13SEP24-59000-C,57660.5,92.2568,0.0016,Deribit option 1-minute OHLC close at 10:00 NY snapshot; option-denominated close converted to USD with snapshot BTC-PERPETUAL close,57568.2432,0.034412,3.441195,70776.585,-0.18662,-18.662022,0.021065,2.106549,-0.034399,-3.439946,true,true,
2024-09-13,10:00,14:00,1726236000000,37,BTC-20SEP24-61000-C,57974,492.779,0.0085,Deribit option 1-minute OHLC close at 10:00 NY snapshot; option-denominated close converted to USD with snapshot BTC-PERPETUAL close,57481.221,-0.001512,-0.151164,70776.585,-0.18785,-18.784975,0.020427,2.042711,-0.034399,-3.439946,true,true,
2024-09-14,10:00,14:00,1726322400000,37,BTC-20SEP24-61000-C,59815,957.04,0.016,Deribit option 1-minute OHLC close at 10:00 NY snapshot; option-denominated close converted to USD with snapshot BTC-PERPETUAL close,58857.96,0.023951,2.395111,70776.585,-0.168398,-16.839785,0.020656,2.065551,-0.034399,-3.439946,true,true,
2024-09-15,10:00,14:00,1726408800000,37,BTC-20SEP24-61000-C,60196.5,1023.3405,0.017,Deribit option 1-minute OHLC close at 10:00 NY snapshot; option-denominated close converted to USD with snapshot BTC-PERPETUAL close,59173.1595,0.005355,0.535526,70776.585,-0.163944,-16.394441,0.020069,2.006917,-0.034399,-3.439946,true,true,
2024-09-16,10:00,14:00,1726495200000,37,BTC-20SEP24-61000-C,58481.5,409.3705,0.007,Deribit option 1-minute OHLC close at 10:00 NY snapshot; option-denominated close converted to USD with snapshot BTC-PERPETUAL close,58072.1295,-0.018607,-1.860692,70776.585,-0.179501,-17.950083,0.019984,1.998446,-0.034399,-3.439946,true,true,
2024-09-17,10:00,14:00,1726581600000,37,BTC-20SEP24-61000-C,58956.5,589.565,0.01,Deribit option 1-minute OHLC close at 10:00 NY snapshot; option-denominated close converted to USD with snapshot BTC-PERPETUAL close,58366.935,0.005077,0.507654,70776.585,-0.175336,-17.533553,0.019416,1.941551,-0.034399,-3.439946,true,true,
2024-09-18,10:00,14:00,1726668000000,37,BTC-20SEP24-61000-C,59438.5,564.66575,0.0095,Deribit option 1-minute OHLC close at 10:00 NY snapshot; option-denominated close converted to USD with snapshot BTC-PERPETUAL close,58873.83425,0.008685,0.86847,70776.585,-0.168174,-16.817357,0.018944,1.894386,-0.034399,-3.439946,true,true,
2024-09-19,10:00,14:00,1726754400000,37,BTC-20SEP24-61000-C,63151,2052.4075,0.0325,Deribit option 1-minute OHLC close at 10:00 NY snapshot; option-denominated close converted to USD with snapshot BTC-PERPETUAL close,61098.5925,0.037789,3.778857,70776.585,-0.13674,-13.674003,0.020567,2.056736,-0.034399,-3.439946,true,true,
2024-09-20,10:00,14:00,1726840800000,38,BTC-27SEP24-67000-C,62828.5,502.628,0.008,Deribit option 1-minute OHLC close at 10:00 NY snapshot; option-denominated close converted to USD with snapshot BTC-PERPETUAL close,62325.872,0.020087,2.008687,70776.585,-0.1194,-11.939984,0.020539,2.053884,-0.02626,-2.626005,true,true,
2024-09-21,10:00,14:00,1726927200000,38,BTC-27SEP24-67000-C,63251,265.6542,0.0042,Deribit option 1-minute OHLC close at 10:00 NY snapshot; option-denominated close converted to USD with snapshot BTC-PERPETUAL close,62985.3458,0.010581,1.058106,70776.585,-0.110082,-11.008216,0.020081,2.008111,-0.02626,-2.626005,true,true,
2024-09-22,10:00,14:00,1727013600000,38,BTC-27SEP24-67000-C,62622,256.7502,0.0041,Deribit option 1-minute OHLC close at 10:00 NY snapshot; option-denominated close converted to USD with snapshot BTC-PERPETUAL close,62365.2498,-0.009845,-0.984508,70776.585,-0.118843,-11.884347,0.019618,1.961814,-0.02626,-2.626005,true,true,
2024-09-23,10:00,14:00,1727100000000,38,BTC-27SEP24-67000-C,63228,252.912,0.004,Deribit option 1-minute OHLC close at 10:00 NY snapshot; option-denominated close converted to USD with snapshot BTC-PERPETUAL close,62975.088,0.009778,0.977849,70776.585,-0.110227,-11.022709,0.019171,1.917072,-0.02626,-2.626005,true,true,
2024-09-24,10:00,14:00,1727186400000,38,BTC-27SEP24-67000-C,63416.5,152.1996,0.0024,Deribit option 1-minute OHLC close at 10:00 NY snapshot; option-denominated close converted to USD with snapshot BTC-PERPETUAL close,63264.3004,0.004592,0.459249,70776.585,-0.106141,-10.614082,0.018621,1.862071,-0.018737,-1.873667,true,true,
2024-09-25,10:00,14:00,1727272800000,38,BTC-27SEP24-67000-C,63772,108.4124,0.0017,Deribit option 1-minute OHLC close at 10:00 NY snapshot; option-denominated close converted to USD with snapshot BTC-PERPETUAL close,63663.5876,0.006311,0.631141,70776.585,-0.100499,-10.04993,0.01812,1.811952,-0.018737,-1.873667,true,true,
2024-09-26,10:00,14:00,1727359200000,38,BTC-27SEP24-67000-C,64443.5,70.88785,0.0011,Deribit option 1-minute OHLC close at 10:00 NY snapshot; option-denominated close converted to USD with snapshot BTC-PERPETUAL close,64372.61215,0.011137,1.113705,70776.585,-0.090482,-9.048152,0.017778,1.777808,-0.018737,-1.873667,true,true,
2024-09-27,10:00,14:00,1727445600000,39,,65705,,,,,,,70776.585,,,0.017778,1.777808,-0.018737,-1.873667,true,false,missing_observed_option_instrument; synthetic/theoretical cycle excluded from option valuation
2024-09-28,10:00,14:00,1727532000000,39,,65601.5,,,,,,,70776.585,,,0.017778,1.777808,-0.018737,-1.873667,true,false,missing_observed_option_instrument; synthetic/theoretical cycle excluded from option valuation
2024-09-29,10:00,14:00,1727618400000,39,,65842.5,,,,,,,70776.585,,,0.017778,1.777808,-0.018737,-1.873667,true,false,missing_observed_option_instrument; synthetic/theoretical cycle excluded from option valuation
2024-09-30,10:00,14:00,1727704800000,39,,63868,,,,,,,70776.585,,,0.017778,1.777808,-0.018737,-1.873667,true,false,missing_observed_option_instrument; synthetic/theoretical cycle excluded from option valuation
2024-10-01,10:00,14:00,1727791200000,39,,62977.5,,,,,,,70776.585,,,0.017778,1.777808,-0.018737,-1.873667,true,false,missing_observed_option_instrument; synthetic/theoretical cycle excluded from option valuation
2024-10-02,10:00,14:00,1727877600000,39,,61362,,,,,,,70776.585,,,0.017778,1.777808,-0.018737,-1.873667,true,false,missing_observed_option_instrument; synthetic/theoretical cycle excluded from option valuation
2024-10-03,10:00,14:00,1727964000000,39,,60395.5,,,,,,,70776.585,,,0.017778,1.777808,-0.018737,-1.873667,true,false,missing_observed_option_instrument; synthetic/theoretical cycle excluded from option valuation
2024-10-04,10:00,14:00,1728050400000,40,BTC-11OCT24-64000-C,61492,707.158,0.0115,Deribit option 1-minute OHLC close at 10:00 NY snapshot; option-denominated close converted to USD with snapshot BTC-PERPETUAL close,60784.842,,,70776.585,-0.141173,-14.1173,0.017778,1.777808,-0.018737,-1.873667,true,true,daily_return_not_computed_across_missing_mtm_gap
2024-10-05,10:00,14:00,1728136800000,40,BTC-11OCT24-64000-C,62180.5,715.07575,0.0115,Deribit option 1-minute OHLC close at 10:00 NY snapshot; option-denominated close converted to USD with snapshot BTC-PERPETUAL close,61465.42425,0.011197,1.119658,70776.585,-0.131557,-13.155708,0.017453,1.745332,-0.017327,-1.732702,true,true,
2024-10-06,10:00,14:00,1728223200000,40,BTC-11OCT24-64000-C,62245,653.5725,0.0105,Deribit option 1-minute OHLC close at 10:00 NY snapshot; option-denominated close converted to USD with snapshot BTC-PERPETUAL close,61591.4275,0.00205,0.204999,70776.585,-0.129777,-12.977678,0.016929,1.692907,-0.017327,-1.732702,true,true,
2024-10-07,10:00,14:00,1728309600000,40,BTC-11OCT24-64000-C,63542,730.733,0.0115,Deribit option 1-minute OHLC close at 10:00 NY snapshot; option-denominated close converted to USD with snapshot BTC-PERPETUAL close,62811.267,0.019805,1.980535,70776.585,-0.112542,-11.254171,0.017115,1.711528,-0.017327,-1.732702,true,true,
2024-10-08,10:00,14:00,1728396000000,40,BTC-11OCT24-64000-C,63150,599.925,0.0095,Deribit option 1-minute OHLC close at 10:00 NY snapshot; option-denominated close converted to USD with snapshot BTC-PERPETUAL close,62550.075,-0.004158,-0.415836,70776.585,-0.116232,-11.623208,0.016625,1.662511,-0.017327,-1.732702,true,true,
2024-10-09,10:00,14:00,1728482400000,40,BTC-11OCT24-64000-C,61804,135.9688,0.0022,Deribit option 1-minute OHLC close at 10:00 NY snapshot; option-denominated close converted to USD with snapshot BTC-PERPETUAL close,61668.0312,-0.014101,-1.41014,70776.585,-0.128694,-12.869445,0.016485,1.648459,-0.017327,-1.732702,true,true,
2024-10-10,10:00,14:00,1728568800000,40,BTC-11OCT24-64000-C,60977,18.2931,0.0003,Deribit option 1-minute OHLC close at 10:00 NY snapshot; option-denominated close converted to USD with snapshot BTC-PERPETUAL close,60958.7069,-0.011502,-1.15023,70776.585,-0.138716,-13.871647,0.016229,1.622884,-0.017327,-1.732702,true,true,
2024-10-11,10:00,14:00,1728655200000,41,BTC-18OCT24-64000-C,61734.5,586.47775,0.0095,Deribit option 1-minute OHLC close at 10:00 NY snapshot; option-denominated close converted to USD with snapshot BTC-PERPETUAL close,61148.02225,0.003106,0.310563,70776.585,-0.136042,-13.604164,0.015753,1.575283,-0.017327,-1.732702,true,true,
2024-10-12,10:00,14:00,1728741600000,41,BTC-18OCT24-64000-C,63084.5,851.64075,0.0135,Deribit option 1-minute OHLC close at 10:00 NY snapshot; option-denominated close converted to USD with snapshot BTC-PERPETUAL close,62232.85925,0.017741,1.774116,70776.585,-0.120714,-12.071402,0.015879,1.587915,-0.017327,-1.732702,true,true,
2024-10-13,10:00,14:00,1728828000000,41,BTC-18OCT24-64000-C,62634,657.657,0.0105,Deribit option 1-minute OHLC close at 10:00 NY snapshot; option-denominated close converted to USD with snapshot BTC-PERPETUAL close,61976.343,-0.004122,-0.412188,70776.585,-0.124338,-12.433832,0.015428,1.542848,-0.017327,-1.732702,true,true,
2024-10-14,10:00,14:00,1728914400000,41,BTC-18OCT24-64000-C,65290,1958.7,0.03,Deribit option 1-minute OHLC close at 10:00 NY snapshot; option-denominated close converted to USD with snapshot BTC-PERPETUAL close,63331.3,0.021862,2.186249,70776.585,-0.105194,-10.519418,0.015888,1.588816,-0.015015,-1.501512,true,true,
2024-10-15,10:00,14:00,1729000800000,41,BTC-18OCT24-64000-C,67863.5,4071.81,0.06,Deribit option 1-minute OHLC close at 10:00 NY snapshot; option-denominated close converted to USD with snapshot BTC-PERPETUAL close,63791.69,0.00727,0.726955,70776.585,-0.098689,-9.868935,0.015507,1.550672,-0.015015,-1.501512,true,true,
2024-10-16,10:00,14:00,1729087200000,41,BTC-18OCT24-64000-C,67365,3502.98,0.052,Deribit option 1-minute OHLC close at 10:00 NY snapshot; option-denominated close converted to USD with snapshot BTC-PERPETUAL close,63862.02,0.001102,0.110249,70776.585,-0.097696,-9.769566,0.015037,1.503675,-0.012946,-1.294563,true,true,
2024-10-17,10:00,14:00,1729173600000,41,BTC-18OCT24-64000-C,67012.5,3216.6,0.048,Deribit option 1-minute OHLC close at 10:00 NY snapshot; option-denominated close converted to USD with snapshot BTC-PERPETUAL close,63795.9,-0.001035,-0.103536,70776.585,-0.09863,-9.862986,0.014581,1.458088,-0.012946,-1.294563,true,true,
2024-10-18,10:00,14:00,1729260000000,42,BTC-25OCT24-71000-C,68265.5,614.3895,0.009,Deribit option 1-minute OHLC close at 10:00 NY snapshot; option-denominated close converted to USD with snapshot BTC-PERPETUAL close,67651.1105,0.06043,6.043038,70776.585,-0.04416,-4.415972,0.020468,2.046841,-0.012946,-1.294563,true,true,
2024-10-19,10:00,14:00,1729346400000,42,BTC-25OCT24-71000-C,68127,476.889,0.007,Deribit option 1-minute OHLC close at 10:00 NY snapshot; option-denominated close converted to USD with snapshot BTC-PERPETUAL close,67650.111,-0.000015,-0.001477,70776.585,-0.044174,-4.417385,0.019845,1.984486,-0.012946,-1.294563,true,true,
2024-10-20,10:00,14:00,1729432800000,42,BTC-25OCT24-71000-C,68480,547.84,0.008,Deribit option 1-minute OHLC close at 10:00 NY snapshot; option-denominated close converted to USD with snapshot BTC-PERPETUAL close,67932.16,0.004169,0.416923,70776.585,-0.040189,-4.018879,0.019267,1.926739,-0.012932,-1.293181,true,true,
2024-10-21,10:00,14:00,1729519200000,42,BTC-25OCT24-71000-C,67363,370.4965,0.0055,Deribit option 1-minute OHLC close at 10:00 NY snapshot; option-denominated close converted to USD with snapshot BTC-PERPETUAL close,66992.5035,-0.013832,-1.383228,70776.585,-0.053465,-5.346516,0.018985,1.898521,-0.012932,-1.293181,true,true,
2024-10-22,10:00,14:00,1729605600000,42,BTC-25OCT24-71000-C,66890.5,120.4029,0.0018,Deribit option 1-minute OHLC close at 10:00 NY snapshot; option-denominated close converted to USD with snapshot BTC-PERPETUAL close,66770.0971,-0.00332,-0.331987,70776.585,-0.056608,-5.660753,0.018425,1.84248,-0.01398,-1.39803,true,true,
2024-10-23,10:00,14:00,1729692000000,42,BTC-25OCT24-71000-C,66718,66.718,0.001,Deribit option 1-minute OHLC close at 10:00 NY snapshot; option-denominated close converted to USD with snapshot BTC-PERPETUAL close,66651.282,-0.001779,-0.177947,70776.585,-0.058286,-5.828627,0.017869,1.786882,-0.01398,-1.39803,true,true,
2024-10-24,10:00,14:00,1729778400000,42,BTC-25OCT24-71000-C,67855.5,13.5711,0.0002,Deribit option 1-minute OHLC close at 10:00 NY snapshot; option-denominated close converted to USD with snapshot BTC-PERPETUAL close,67841.9289,0.017864,1.786383,70776.585,-0.041464,-4.146366,0.017869,1.786852,-0.01398,-1.39803,true,true,
2024-10-25,10:00,14:00,1729864800000,43,,68257.5,,,,,,,70776.585,,,0.017869,1.786852,-0.01398,-1.39803,true,false,missing_observed_option_instrument; synthetic/theoretical cycle excluded from option valuation
2024-10-26,10:00,14:00,1729951200000,43,,66844,,,,,,,70776.585,,,0.017869,1.786852,-0.01398,-1.39803,true,false,missing_observed_option_instrument; synthetic/theoretical cycle excluded from option valuation
2024-10-27,10:00,14:00,1730037600000,43,,67583,,,,,,,70776.585,,,0.017869,1.786852,-0.01398,-1.39803,true,false,missing_observed_option_instrument; synthetic/theoretical cycle excluded from option valuation
2024-10-28,10:00,14:00,1730124000000,43,,68693,,,,,,,70776.585,,,0.017869,1.786852,-0.01398,-1.39803,true,false,missing_observed_option_instrument; synthetic/theoretical cycle excluded from option valuation
2024-10-29,10:00,14:00,1730210400000,43,,71721,,,,,,,70776.585,,,0.017869,1.786852,-0.01398,-1.39803,true,false,missing_observed_option_instrument; synthetic/theoretical cycle excluded from option valuation
2024-10-30,10:00,14:00,1730296800000,43,,72027.5,,,,,,,70776.585,,,0.017869,1.786852,-0.01398,-1.39803,true,false,missing_observed_option_instrument; synthetic/theoretical cycle excluded from option valuation
2024-10-31,10:00,14:00,1730383200000,43,,71167.5,,,,,,,70776.585,,,0.017869,1.786852,-0.01398,-1.39803,true,false,missing_observed_option_instrument; synthetic/theoretical cycle excluded from option valuation
2024-11-01,10:00,14:00,1730469600000,44,,71018,,,,,,,70776.585,,,0.017869,1.786852,-0.01398,-1.39803,true,false,missing_observed_option_instrument; synthetic/theoretical cycle excluded from option valuation
2024-11-02,10:00,14:00,1730556000000,44,,69359.5,,,,,,,70776.585,,,0.017869,1.786852,-0.01398,-1.39803,true,false,missing_observed_option_instrument; synthetic/theoretical cycle excluded from option valuation
2024-11-03,10:00,15:00,1730646000000,44,,67814,,,,,,,70776.585,,,0.017869,1.786852,-0.01398,-1.39803,true,false,missing_observed_option_instrument; synthetic/theoretical cycle excluded from option valuation
2024-11-04,10:00,15:00,1730732400000,44,,68404,,,,,,,70776.585,,,0.017869,1.786852,-0.01398,-1.39803,true,false,missing_observed_option_instrument; synthetic/theoretical cycle excluded from option valuation
2024-11-05,10:00,15:00,1730818800000,44,,70021,,,,,,,70776.585,,,0.017869,1.786852,-0.01398,-1.39803,true,false,missing_observed_option_instrument; synthetic/theoretical cycle excluded from option valuation
2024-11-06,10:00,15:00,1730905200000,44,,73625.5,,,,,,,70776.585,,,0.017869,1.786852,-0.01398,-1.39803,true,false,missing_observed_option_instrument; synthetic/theoretical cycle excluded from option valuation
2024-11-07,10:00,15:00,1730991600000,44,,74931.5,,,,,,,70776.585,,,0.017869,1.786852,-0.01398,-1.39803,true,false,missing_observed_option_instrument; synthetic/theoretical cycle excluded from option valuation
2024-11-08,10:00,15:00,1731078000000,45,BTC-15NOV24-80000-C,75953.5,569.65125,0.0075,Deribit option 1-minute OHLC close at 10:00 NY snapshot; option-denominated close converted to USD with snapshot BTC-PERPETUAL close,75383.84875,,,75383.84875,0,0,0.017869,1.786852,-0.01398,-1.39803,true,true,daily_return_not_computed_across_missing_mtm_gap
2024-11-09,10:00,15:00,1731164400000,45,BTC-15NOV24-80000-C,76361,534.527,0.007,Deribit option 1-minute OHLC close at 10:00 NY snapshot; option-denominated close converted to USD with snapshot BTC-PERPETUAL close,75826.473,0.005872,0.587161,75826.473,0,0,0.017384,1.738377,-0.012784,-1.278379,true,true,
2024-11-10,10:00,15:00,1731250800000,45,BTC-15NOV24-80000-C,79585,1790.6625,0.0225,Deribit option 1-minute OHLC close at 10:00 NY snapshot; option-denominated close converted to USD with snapshot BTC-PERPETUAL close,77794.3375,0.025952,2.595221,77794.3375,0,0,0.018013,1.801319,-0.012784,-1.278379,true,true,
2024-11-11,10:00,15:00,1731337200000,45,BTC-15NOV24-80000-C,82671,3472.182,0.042,Deribit option 1-minute OHLC close at 10:00 NY snapshot; option-denominated close converted to USD with snapshot BTC-PERPETUAL close,79198.818,0.018054,1.805376,79198.818,0,0,0.018016,1.801562,-0.012784,-1.278379,true,true,
2024-11-12,10:00,15:00,1731423600000,45,BTC-15NOV24-80000-C,87222,6454.428,0.074,Deribit option 1-minute OHLC close at 10:00 NY snapshot; option-denominated close converted to USD with snapshot BTC-PERPETUAL close,80767.572,0.019808,1.98078,80767.572,0,0,0.018128,1.812815,-0.012784,-1.278379,true,true,
2024-11-13,10:00,15:00,1731510000000,45,BTC-15NOV24-80000-C,91395.5,9322.341,0.102,Deribit option 1-minute OHLC close at 10:00 NY snapshot; option-denominated close converted to USD with snapshot BTC-PERPETUAL close,82073.159,0.016165,1.616474,82073.159,0,0,0.018016,1.801638,-0.012784,-1.278379,true,true,
2024-11-14,10:00,15:00,1731596400000,45,BTC-15NOV24-80000-C,88504,9912.448,0.112,Deribit option 1-minute OHLC close at 10:00 NY snapshot; option-denominated close converted to USD with snapshot BTC-PERPETUAL close,78591.552,-0.042421,-4.242077,82073.159,-0.042421,-4.242077,0.020325,2.032452,-0.012784,-1.278379,true,true,
2024-11-15,10:00,15:00,1731682800000,46,BTC-22NOV24-92000-C,88904,1600.272,0.018,Deribit option 1-minute OHLC close at 10:00 NY snapshot; option-denominated close converted to USD with snapshot BTC-PERPETUAL close,87303.728,0.110854,11.085385,87303.728,0,0,0.03355,3.355019,-0.01398,-1.39803,true,true,
2024-11-16,10:00,15:00,1731769200000,46,BTC-22NOV24-92000-C,91038.5,2230.44325,0.0245,Deribit option 1-minute OHLC close at 10:00 NY snapshot; option-denominated close converted to USD with snapshot BTC-PERPETUAL close,88808.05675,0.017231,1.723098,88808.05675,0,0,0.032801,3.28008,-0.01398,-1.39803,true,true,
2024-11-17,10:00,15:00,1731855600000,46,BTC-22NOV24-92000-C,90433,1944.3095,0.0215,Deribit option 1-minute OHLC close at 10:00 NY snapshot; option-denominated close converted to USD with snapshot BTC-PERPETUAL close,88488.6905,-0.003596,-0.359614,88808.05675,-0.003596,-0.359614,0.031814,3.181376,-0.01398,-1.39803,true,true,
2024-11-18,10:00,15:00,1731942000000,46,BTC-22NOV24-92000-C,90400.5,1627.209,0.018,Deribit option 1-minute OHLC close at 10:00 NY snapshot; option-denominated close converted to USD with snapshot BTC-PERPETUAL close,88773.291,0.003216,0.321624,88808.05675,-0.000391,-0.039147,0.030855,3.085464,-0.01398,-1.39803,true,true,
2024-11-19,10:00,15:00,1732028400000,46,BTC-22NOV24-92000-C,91844,2020.568,0.022,Deribit option 1-minute OHLC close at 10:00 NY snapshot; option-denominated close converted to USD with snapshot BTC-PERPETUAL close,89823.432,0.011829,1.182947,89823.432,0,0,0.030055,3.005469,-0.01398,-1.39803,true,true,
2024-11-20,10:00,15:00,1732114800000,46,BTC-22NOV24-92000-C,94856,2845.68,0.03,Deribit option 1-minute OHLC close at 10:00 NY snapshot; option-denominated close converted to USD with snapshot BTC-PERPETUAL close,92010.32,0.024347,2.434652,92010.32,0,0,0.029743,2.974311,-0.01398,-1.39803,true,true,
2024-11-21,10:00,15:00,1732201200000,46,BTC-22NOV24-92000-C,97007,5723.413,0.059,Deribit option 1-minute OHLC close at 10:00 NY snapshot; option-denominated close converted to USD with snapshot BTC-PERPETUAL close,91283.587,-0.007898,-0.789839,92010.32,-0.007898,-0.789839,0.028902,2.890184,-0.01398,-1.39803,true,true,
2024-11-22,10:00,15:00,1732287600000,47,BTC-29NOV24-104000-C,97362.5,1217.03125,0.0125,Deribit option 1-minute OHLC close at 10:00 NY snapshot; option-denominated close converted to USD with snapshot BTC-PERPETUAL close,96145.46875,0.053261,5.326129,96145.46875,0,0,0.03091,3.09096,-0.01398,-1.39803,true,true,
2024-11-23,10:00,15:00,1732374000000,47,BTC-29NOV24-104000-C,98947.5,1038.94875,0.0105,Deribit option 1-minute OHLC close at 10:00 NY snapshot; option-denominated close converted to USD with snapshot BTC-PERPETUAL close,97908.55125,0.018338,1.833766,97908.55125,0,0,0.030303,3.030273,-0.01398,-1.39803,true,true,
2024-11-24,10:00,15:00,1732460400000,47,BTC-29NOV24-104000-C,97148,631.462,0.0065,Deribit option 1-minute OHLC close at 10:00 NY snapshot; option-denominated close converted to USD with snapshot BTC-PERPETUAL close,96516.538,-0.014217,-1.421748,97908.55125,-0.014217,-1.421748,0.029585,2.958527,-0.012784,-1.278379,true,true,
2024-11-25,10:00,15:00,1732546800000,47,BTC-29NOV24-104000-C,95744.5,430.85025,0.0045,Deribit option 1-minute OHLC close at 10:00 NY snapshot; option-denominated close converted to USD with snapshot BTC-PERPETUAL close,95313.64975,-0.012463,-1.246303,97908.55125,-0.026503,-2.650332,0.028846,2.884598,-0.014044,-1.404414,true,true,
2024-11-26,10:00,15:00,1732633200000,47,BTC-29NOV24-104000-C,93183.5,111.8202,0.0012,Deribit option 1-minute OHLC close at 10:00 NY snapshot; option-denominated close converted to USD with snapshot BTC-PERPETUAL close,93071.6798,-0.023522,-2.352202,97908.55125,-0.049402,-4.940193,0.028555,2.855455,-0.014044,-1.404414,true,true,
2024-11-27,10:00,15:00,1732719600000,47,BTC-29NOV24-104000-C,94928.5,47.46425,0.0005,Deribit option 1-minute OHLC close at 10:00 NY snapshot; option-denominated close converted to USD with snapshot BTC-PERPETUAL close,94881.03575,0.01944,1.944046,97908.55125,-0.030922,-3.092187,0.028091,2.809122,-0.019335,-1.933498,true,true,
2024-11-28,10:00,15:00,1732806000000,47,BTC-29NOV24-104000-C,95471.5,9.54715,0.0001,Deribit option 1-minute OHLC close at 10:00 NY snapshot; option-denominated close converted to USD with snapshot BTC-PERPETUAL close,95461.95285,0.006123,0.612258,97908.55125,-0.024989,-2.498861,0.027277,2.727671,-0.019335,-1.933498,true,true,
2024-11-29,10:00,15:00,1732892400000,48,,98141,,,,,,,97908.55125,,,0.027277,2.727671,-0.019335,-1.933498,true,false,missing_observed_option_instrument; synthetic/theoretical cycle excluded from option valuation
2024-11-30,10:00,15:00,1732978800000,48,,96486.5,,,,,,,97908.55125,,,0.027277,2.727671,-0.019335,-1.933498,true,false,missing_observed_option_instrument; synthetic/theoretical cycle excluded from option valuation
2024-12-01,10:00,15:00,1733065200000,48,,97378.5,,,,,,,97908.55125,,,0.027277,2.727671,-0.019335,-1.933498,true,false,missing_observed_option_instrument; synthetic/theoretical cycle excluded from option valuation
2024-12-02,10:00,15:00,1733151600000,48,,96433.5,,,,,,,97908.55125,,,0.027277,2.727671,-0.019335,-1.933498,true,false,missing_observed_option_instrument; synthetic/theoretical cycle excluded from option valuation
2024-12-03,10:00,15:00,1733238000000,48,,95381,,,,,,,97908.55125,,,0.027277,2.727671,-0.019335,-1.933498,true,false,missing_observed_option_instrument; synthetic/theoretical cycle excluded from option valuation
2024-12-04,10:00,15:00,1733324400000,48,,95776.5,,,,,,,97908.55125,,,0.027277,2.727671,-0.019335,-1.933498,true,false,missing_observed_option_instrument; synthetic/theoretical cycle excluded from option valuation
2024-12-05,10:00,15:00,1733410800000,48,,103564,,,,,,,97908.55125,,,0.027277,2.727671,-0.019335,-1.933498,true,false,missing_observed_option_instrument; synthetic/theoretical cycle excluded from option valuation
2024-12-06,10:00,15:00,1733497200000,49,BTC-13DEC24-103000-C,99419.5,1292.4535,0.013,Deribit option 1-minute OHLC close at 10:00 NY snapshot; option-denominated close converted to USD with snapshot BTC-PERPETUAL close,98127.0465,,,98127.0465,0,0,0.027277,2.727671,-0.019335,-1.933498,true,true,daily_return_not_computed_across_missing_mtm_gap
2024-12-07,10:00,15:00,1733583600000,49,BTC-13DEC24-103000-C,99524,1343.574,0.0135,Deribit option 1-minute OHLC close at 10:00 NY snapshot; option-denominated close converted to USD with snapshot BTC-PERPETUAL close,98180.426,0.000544,0.054398,98180.426,0,0,0.026446,2.644608,-0.019335,-1.933498,true,true,
2024-12-08,10:00,15:00,1733670000000,49,BTC-13DEC24-103000-C,99870.5,1348.25175,0.0135,Deribit option 1-minute OHLC close at 10:00 NY snapshot; option-denominated close converted to USD with snapshot BTC-PERPETUAL close,98522.24825,0.003482,0.348157,98522.24825,0,0,0.025655,2.565461,-0.019335,-1.933498,true,true,
2024-12-09,10:00,15:00,1733756400000,49,BTC-13DEC24-103000-C,100450,1356.075,0.0135,Deribit option 1-minute OHLC close at 10:00 NY snapshot; option-denominated close converted to USD with snapshot BTC-PERPETUAL close,99093.925,0.005803,0.580251,99093.925,0,0,0.024914,2.491364,-0.019335,-1.933498,true,true,
2024-12-10,10:00,15:00,1733842800000,49,BTC-13DEC24-103000-C,97829,430.4476,0.0044,Deribit option 1-minute OHLC close at 10:00 NY snapshot; option-denominated close converted to USD with snapshot BTC-PERPETUAL close,97398.5524,-0.017109,-1.710874,99093.925,-0.017109,-1.710874,0.024516,2.451552,-0.019335,-1.933498,true,true,
2024-12-11,10:00,15:00,1733929200000,49,BTC-13DEC24-103000-C,99644.5,498.2225,0.005,Deribit option 1-minute OHLC close at 10:00 NY snapshot; option-denominated close converted to USD with snapshot BTC-PERPETUAL close,99146.2775,0.017944,1.794406,99146.2775,0,0,0.024172,2.417166,-0.020636,-2.063605,true,true,
2024-12-12,10:00,15:00,1734015600000,49,BTC-13DEC24-103000-C,101669,610.014,0.006,Deribit option 1-minute OHLC close at 10:00 NY snapshot; option-denominated close converted to USD with snapshot BTC-PERPETUAL close,101058.986,0.019292,1.929178,101058.986,0,0,0.023907,2.390698,-0.020636,-2.063605,true,true,
2024-12-13,10:00,15:00,1734102000000,50,BTC-20DEC24-105000-C,101115,1263.9375,0.0125,Deribit option 1-minute OHLC close at 10:00 NY snapshot; option-denominated close converted to USD with snapshot BTC-PERPETUAL close,99851.0625,-0.011953,-1.195266,101058.986,-0.011953,-1.195266,0.023363,2.336285,-0.020636,-2.063605,true,true,
2024-12-14,10:00,15:00,1734188400000,50,BTC-20DEC24-105000-C,101450,1115.95,0.011,Deribit option 1-minute OHLC close at 10:00 NY snapshot; option-denominated close converted to USD with snapshot BTC-PERPETUAL close,100334.05,0.004837,0.483708,101058.986,-0.007173,-0.717339,0.022682,2.268209,-0.020636,-2.063605,true,true,
2024-12-15,10:00,15:00,1734274800000,50,BTC-20DEC24-105000-C,103049,1751.833,0.017,Deribit option 1-minute OHLC close at 10:00 NY snapshot; option-denominated close converted to USD with snapshot BTC-PERPETUAL close,101297.167,0.009599,0.95991,101297.167,0,0,0.022116,2.211645,-0.020636,-2.063605,true,true,
2024-12-16,10:00,15:00,1734361200000,50,BTC-20DEC24-105000-C,105573.5,2850.4845,0.027,Deribit option 1-minute OHLC close at 10:00 NY snapshot; option-denominated close converted to USD with snapshot BTC-PERPETUAL close,102723.0155,0.014076,1.40759,102723.0155,0,0,0.021718,2.171812,-0.020636,-2.063605,true,true,
2024-12-17,10:00,15:00,1734447600000,50,BTC-20DEC24-105000-C,108189.5,3840.72725,0.0355,Deribit option 1-minute OHLC close at 10:00 NY snapshot; option-denominated close converted to USD with snapshot BTC-PERPETUAL close,104348.77275,0.015827,1.582661,104348.77275,0,0,0.02141,2.14104,-0.020636,-2.063605,true,true,
2024-12-18,10:00,15:00,1734534000000,50,BTC-20DEC24-105000-C,103912,1194.988,0.0115,Deribit option 1-minute OHLC close at 10:00 NY snapshot; option-denominated close converted to USD with snapshot BTC-PERPETUAL close,102717.012,-0.015638,-1.563757,104348.77275,-0.015638,-1.563757,0.021109,2.11086,-0.020636,-2.063605,true,true,
2024-12-19,10:00,15:00,1734620400000,50,BTC-20DEC24-105000-C,101018,80.8144,0.0008,Deribit option 1-minute OHLC close at 10:00 NY snapshot; option-denominated close converted to USD with snapshot BTC-PERPETUAL close,100937.1856,-0.017327,-1.732747,104348.77275,-0.032694,-3.269408,0.020901,2.090103,-0.020636,-2.063605,true,true,
2024-12-20,10:00,15:00,1734706800000,51,BTC-27DEC24-102000-C,95587.5,955.875,0.01,Deribit option 1-minute OHLC close at 10:00 NY snapshot; option-denominated close converted to USD with snapshot BTC-PERPETUAL close,94631.625,-0.06247,-6.247014,104348.77275,-0.093122,-9.312182,0.025393,2.539277,-0.020734,-2.073448,true,true,
2024-12-21,10:00,15:00,1734793200000,51,BTC-27DEC24-102000-C,97108,825.418,0.0085,Deribit option 1-minute OHLC close at 10:00 NY snapshot; option-denominated close converted to USD with snapshot BTC-PERPETUAL close,96282.582,0.017446,1.744614,104348.77275,-0.0773,-7.730029,0.024987,2.498735,-0.033916,-3.391634,true,true,
2024-12-22,10:00,15:00,1734879600000,51,BTC-27DEC24-102000-C,95359.5,476.7975,0.005,Deribit option 1-minute OHLC close at 10:00 NY snapshot; option-denominated close converted to USD with snapshot BTC-PERPETUAL close,94882.7025,-0.014539,-1.453928,104348.77275,-0.090716,-9.071568,0.024487,2.44865,-0.033916,-3.391634,true,true,
2024-12-23,10:00,15:00,1734966000000,51,BTC-27DEC24-102000-C,93993,300.7776,0.0032,Deribit option 1-minute OHLC close at 10:00 NY snapshot; option-denominated close converted to USD with snapshot BTC-PERPETUAL close,93692.2224,-0.012547,-1.254686,104348.77275,-0.102124,-10.212435,0.023939,2.393865,-0.020734,-2.073448,true,true,
2024-12-24,10:00,15:00,1735052400000,51,BTC-27DEC24-102000-C,97350.5,535.42775,0.0055,Deribit option 1-minute OHLC close at 10:00 NY snapshot; option-denominated close converted to USD with snapshot BTC-PERPETUAL close,96815.07225,0.033331,3.333094,104348.77275,-0.072197,-7.219731,0.024604,2.460351,-0.020734,-2.073448,true,true,
2024-12-25,10:00,15:00,1735138800000,51,BTC-27DEC24-102000-C,98626,345.191,0.0035,Deribit option 1-minute OHLC close at 10:00 NY snapshot; option-denominated close converted to USD with snapshot BTC-PERPETUAL close,98280.809,0.01514,1.513955,104348.77275,-0.058151,-5.815079,0.024141,2.414052,-0.020734,-2.073448,true,true,
2024-12-26,10:00,15:00,1735225200000,51,BTC-27DEC24-102000-C,95411,28.6233,0.0003,Deribit option 1-minute OHLC close at 10:00 NY snapshot; option-denominated close converted to USD with snapshot BTC-PERPETUAL close,95382.3767,-0.029491,-2.949134,104348.77275,-0.085927,-8.592718,0.024495,2.449456,-0.020734,-2.073448,true,true,
