date,snapshot_time_ny,snapshot_time_utc,snapshot_timestamp,cycle_id,instrument_name,underlying_price,option_price_proxy,option_price_proxy_underlying,option_price_proxy_source,approximate_CCW_value,daily_return,daily_return_pct,rolling_peak,rolling_drawdown,rolling_drawdown_pct,EWMA_vol,EWMA_vol_pct,historical_VaR,historical_VaR_pct,underlying_price_found,option_price_found,notes
2023-01-06,10:00,15:00,1673017200000,1,BTC-13JAN23-18000-C,16745.5,16.7455,0.001,Deribit option 1-minute OHLC close at 10:00 NY snapshot; option-denominated close converted to USD with snapshot BTC-PERPETUAL close,16728.7545,,,16728.7545,0,0,,,,,true,true,
2023-01-07,10:00,15:00,1673103600000,1,BTC-13JAN23-18000-C,16934,16.934,0.001,Deribit option 1-minute OHLC close at 10:00 NY snapshot; option-denominated close converted to USD with snapshot BTC-PERPETUAL close,16917.066,0.011257,1.125676,16917.066,0,0,0.011257,1.125676,,,true,true,
2023-01-08,10:00,15:00,1673190000000,1,BTC-13JAN23-18000-C,16954.5,8.47725,0.0005,Deribit option 1-minute OHLC close at 10:00 NY snapshot; option-denominated close converted to USD with snapshot BTC-PERPETUAL close,16946.02275,0.001712,0.171169,16946.02275,0,0,0.010922,1.092188,,,true,true,
2023-01-09,10:00,15:00,1673276400000,1,BTC-13JAN23-18000-C,17271,60.4485,0.0035,Deribit option 1-minute OHLC close at 10:00 NY snapshot; option-denominated close converted to USD with snapshot BTC-PERPETUAL close,17210.5515,0.01561,1.561008,17210.5515,0,0,0.011258,1.125836,,,true,true,
2023-01-10,10:00,15:00,1673362800000,1,BTC-13JAN23-18000-C,17285.5,34.571,0.002,Deribit option 1-minute OHLC close at 10:00 NY snapshot; option-denominated close converted to USD with snapshot BTC-PERPETUAL close,17250.929,0.002346,0.234609,17250.929,0,0,0.010931,1.09305,,,true,true,
2023-01-11,10:00,15:00,1673449200000,1,BTC-13JAN23-18000-C,17426.5,60.99275,0.0035,Deribit option 1-minute OHLC close at 10:00 NY snapshot; option-denominated close converted to USD with snapshot BTC-PERPETUAL close,17365.50725,0.006642,0.664186,17365.50725,0,0,0.010722,1.072167,,,true,true,
2023-01-12,10:00,15:00,1673535600000,1,BTC-13JAN23-18000-C,18021.5,108.129,0.006,Deribit option 1-minute OHLC close at 10:00 NY snapshot; option-denominated close converted to USD with snapshot BTC-PERPETUAL close,17913.371,0.031549,3.154896,17913.371,0,0,0.012953,1.295288,,,true,true,
2023-01-13,10:00,15:00,1673622000000,2,BTC-20JAN23-20000-C,19022,161.687,0.0085,Deribit option 1-minute OHLC close at 10:00 NY snapshot; option-denominated close converted to USD with snapshot BTC-PERPETUAL close,18860.313,0.052862,5.28623,18860.313,0,0,0.018038,1.803818,,,true,true,
2023-01-14,10:00,15:00,1673708400000,2,BTC-20JAN23-20000-C,20882,1200.715,0.0575,Deribit option 1-minute OHLC close at 10:00 NY snapshot; option-denominated close converted to USD with snapshot BTC-PERPETUAL close,19681.285,0.043529,4.352908,19681.285,0,0,0.020483,2.048268,,,true,true,
2023-01-15,10:00,15:00,1673794800000,2,BTC-20JAN23-20000-C,20822,1051.511,0.0505,Deribit option 1-minute OHLC close at 10:00 NY snapshot; option-denominated close converted to USD with snapshot BTC-PERPETUAL close,19770.489,0.004532,0.453243,19770.489,0,0,0.01989,1.98897,,,true,true,
2023-01-16,10:00,15:00,1673881200000,2,BTC-20JAN23-20000-C,20876.5,1043.825,0.05,Deribit option 1-minute OHLC close at 10:00 NY snapshot; option-denominated close converted to USD with snapshot BTC-PERPETUAL close,19832.675,0.003145,0.31454,19832.675,0,0,0.019299,1.929917,,,true,true,
2023-01-17,10:00,15:00,1673967600000,2,BTC-20JAN23-20000-C,21295.5,1480.03725,0.0695,Deribit option 1-minute OHLC close at 10:00 NY snapshot; option-denominated close converted to USD with snapshot BTC-PERPETUAL close,19815.46275,-0.000868,-0.086787,19832.675,-0.000868,-0.086787,0.018712,1.871245,,,true,true,
2023-01-18,10:00,15:00,1674054000000,2,BTC-20JAN23-20000-C,21437,1489.8715,0.0695,Deribit option 1-minute OHLC close at 10:00 NY snapshot; option-denominated close converted to USD with snapshot BTC-PERPETUAL close,19947.1285,0.006645,0.66446,19947.1285,0,0,0.018215,1.821525,,,true,true,
2023-01-19,10:00,15:00,1674140400000,2,BTC-20JAN23-20000-C,20785.5,779.45625,0.0375,Deribit option 1-minute OHLC close at 10:00 NY snapshot; option-denominated close converted to USD with snapshot BTC-PERPETUAL close,20006.04375,0.002954,0.295357,20006.04375,0,0,0.017675,1.767515,,,true,true,
2023-01-20,10:00,15:00,1674226800000,3,BTC-27JAN23-22000-C,21148.5,222.05925,0.0105,Deribit option 1-minute OHLC close at 10:00 NY snapshot; option-denominated close converted to USD with snapshot BTC-PERPETUAL close,20926.44075,0.046006,4.600595,20926.44075,0,0,0.02051,2.050998,,,true,true,
2023-01-21,10:00,15:00,1674313200000,3,BTC-27JAN23-22000-C,22984.5,1264.1475,0.055,Deribit option 1-minute OHLC close at 10:00 NY snapshot; option-denominated close converted to USD with snapshot BTC-PERPETUAL close,21720.3525,0.037938,3.793821,21720.3525,0,0,0.021949,2.194945,,,true,true,
2023-01-22,10:00,15:00,1674399600000,3,BTC-27JAN23-22000-C,23000,1115.5,0.0485,Deribit option 1-minute OHLC close at 10:00 NY snapshot; option-denominated close converted to USD with snapshot BTC-PERPETUAL close,21884.5,0.007557,0.755731,21884.5,0,0,0.021361,2.136114,,,true,true,
2023-01-23,10:00,15:00,1674486000000,3,BTC-27JAN23-22000-C,22711.5,1249.1325,0.055,Deribit option 1-minute OHLC close at 10:00 NY snapshot; option-denominated close converted to USD with snapshot BTC-PERPETUAL close,21462.3675,-0.019289,-1.928911,21884.5,-0.019289,-1.928911,0.021243,2.124252,,,true,true,
2023-01-24,10:00,15:00,1674572400000,3,BTC-27JAN23-22000-C,22845.5,1119.4295,0.049,Deribit option 1-minute OHLC close at 10:00 NY snapshot; option-denominated close converted to USD with snapshot BTC-PERPETUAL close,21726.0705,0.012287,1.228676,21884.5,-0.007239,-0.723935,0.020814,2.081412,,,true,true,
2023-01-25,10:00,15:00,1674658800000,3,BTC-27JAN23-22000-C,22443.5,594.75275,0.0265,Deribit option 1-minute OHLC close at 10:00 NY snapshot; option-denominated close converted to USD with snapshot BTC-PERPETUAL close,21848.74725,0.005647,0.564652,21884.5,-0.001634,-0.16337,0.020227,2.022738,,,true,true,
2023-01-26,10:00,15:00,1674745200000,3,BTC-27JAN23-22000-C,23033.5,1117.12475,0.0485,Deribit option 1-minute OHLC close at 10:00 NY snapshot; option-denominated close converted to USD with snapshot BTC-PERPETUAL close,21916.37525,0.003095,0.309528,21916.37525,0,0,0.019626,1.962583,,,true,true,
2023-01-27,10:00,15:00,1674831600000,4,,22966,,,,,,,21916.37525,,,0.019626,1.962583,,,true,false,missing_observed_option_instrument; synthetic/theoretical cycle excluded from option valuation
2023-01-28,10:00,15:00,1674918000000,4,,22953,,,,,,,21916.37525,,,0.019626,1.962583,,,true,false,missing_observed_option_instrument; synthetic/theoretical cycle excluded from option valuation
2023-01-29,10:00,15:00,1675004400000,4,,23542,,,,,,,21916.37525,,,0.019626,1.962583,,,true,false,missing_observed_option_instrument; synthetic/theoretical cycle excluded from option valuation
2023-01-30,10:00,15:00,1675090800000,4,,23280.5,,,,,,,21916.37525,,,0.019626,1.962583,,,true,false,missing_observed_option_instrument; synthetic/theoretical cycle excluded from option valuation
2023-01-31,10:00,15:00,1675177200000,4,,23113.5,,,,,,,21916.37525,,,0.019626,1.962583,,,true,false,missing_observed_option_instrument; synthetic/theoretical cycle excluded from option valuation
2023-02-01,10:00,15:00,1675263600000,4,,23111,,,,,,,21916.37525,,,0.019626,1.962583,,,true,false,missing_observed_option_instrument; synthetic/theoretical cycle excluded from option valuation
2023-02-02,10:00,15:00,1675350000000,4,,23623,,,,,,,21916.37525,,,0.019626,1.962583,,,true,false,missing_observed_option_instrument; synthetic/theoretical cycle excluded from option valuation
2023-02-03,10:00,15:00,1675436400000,5,BTC-10FEB23-25000-C,23495.5,176.21625,0.0075,Deribit option 1-minute OHLC close at 10:00 NY snapshot; option-denominated close converted to USD with snapshot BTC-PERPETUAL close,23319.28375,,,23319.28375,0,0,0.019626,1.962583,,,true,true,daily_return_not_computed_across_missing_mtm_gap
2023-02-04,10:00,15:00,1675522800000,5,BTC-10FEB23-25000-C,23474,129.107,0.0055,Deribit option 1-minute OHLC close at 10:00 NY snapshot; option-denominated close converted to USD with snapshot BTC-PERPETUAL close,23344.893,0.001098,0.10982,23344.893,0,0,0.01903,1.902985,,,true,true,
2023-02-05,10:00,15:00,1675609200000,5,BTC-10FEB23-25000-C,23169.5,81.09325,0.0035,Deribit option 1-minute OHLC close at 10:00 NY snapshot; option-denominated close converted to USD with snapshot BTC-PERPETUAL close,23088.40675,-0.010987,-1.098682,23344.893,-0.010987,-1.098682,0.018645,1.864536,,,true,true,
2023-02-06,10:00,15:00,1675695600000,5,BTC-10FEB23-25000-C,22859.5,34.28925,0.0015,Deribit option 1-minute OHLC close at 10:00 NY snapshot; option-denominated close converted to USD with snapshot BTC-PERPETUAL close,22825.21075,-0.011399,-1.139949,23344.893,-0.022261,-2.226107,0.018292,1.829173,,,true,true,
2023-02-07,10:00,15:00,1675782000000,5,BTC-10FEB23-25000-C,22967,22.967,0.001,Deribit option 1-minute OHLC close at 10:00 NY snapshot; option-denominated close converted to USD with snapshot BTC-PERPETUAL close,22944.033,0.005206,0.520575,23344.893,-0.017171,-1.717121,0.01778,1.778028,,,true,true,
2023-02-08,10:00,15:00,1675868400000,5,BTC-10FEB23-25000-C,23030,11.515,0.0005,Deribit option 1-minute OHLC close at 10:00 NY snapshot; option-denominated close converted to USD with snapshot BTC-PERPETUAL close,23018.485,0.003245,0.324494,23344.893,-0.013982,-1.398199,0.017257,1.725693,,,true,true,
2023-02-09,10:00,15:00,1675954800000,5,BTC-10FEB23-25000-C,22695.5,11.34775,0.0005,Deribit option 1-minute OHLC close at 10:00 NY snapshot; option-denominated close converted to USD with snapshot BTC-PERPETUAL close,22684.15225,-0.014525,-1.452453,23344.893,-0.028303,-2.830344,0.017105,1.71053,,,true,true,
2023-02-10,10:00,15:00,1676041200000,6,BTC-17FEB23-23000-C,21789.5,152.5265,0.007,Deribit option 1-minute OHLC close at 10:00 NY snapshot; option-denominated close converted to USD with snapshot BTC-PERPETUAL close,21636.9735,-0.046163,-4.616345,23344.893,-0.07316,-7.316031,0.020072,2.007236,,,true,true,
2023-02-11,10:00,15:00,1676127600000,6,BTC-17FEB23-23000-C,21748.5,76.11975,0.0035,Deribit option 1-minute OHLC close at 10:00 NY snapshot; option-denominated close converted to USD with snapshot BTC-PERPETUAL close,21672.38025,0.001636,0.16364,23344.893,-0.071644,-7.164362,0.019465,1.9465,,,true,true,
2023-02-12,10:00,15:00,1676214000000,6,BTC-17FEB23-23000-C,21925.5,98.66475,0.0045,Deribit option 1-minute OHLC close at 10:00 NY snapshot; option-denominated close converted to USD with snapshot BTC-PERPETUAL close,21826.83525,0.007127,0.712681,23344.893,-0.065027,-6.50274,0.018953,1.895259,,,true,true,
2023-02-13,10:00,15:00,1676300400000,6,BTC-17FEB23-23000-C,21679.5,86.718,0.004,Deribit option 1-minute OHLC close at 10:00 NY snapshot; option-denominated close converted to USD with snapshot BTC-PERPETUAL close,21592.782,-0.010723,-1.072319,23344.893,-0.075053,-7.505329,0.018562,1.8562,,,true,true,
2023-02-14,10:00,15:00,1676386800000,6,BTC-17FEB23-23000-C,22222,99.999,0.0045,Deribit option 1-minute OHLC close at 10:00 NY snapshot; option-denominated close converted to USD with snapshot BTC-PERPETUAL close,22122.001,0.024509,2.450907,23344.893,-0.052384,-5.238371,0.018971,1.897147,-0.017145,-1.714505,true,true,
2023-02-15,10:00,15:00,1676473200000,6,BTC-17FEB23-23000-C,22722.5,204.5025,0.009,Deribit option 1-minute OHLC close at 10:00 NY snapshot; option-denominated close converted to USD with snapshot BTC-PERPETUAL close,22517.9975,0.017901,1.790057,23344.893,-0.035421,-3.542083,0.018909,1.890893,-0.017145,-1.714505,true,true,
2023-02-16,10:00,15:00,1676559600000,6,BTC-17FEB23-23000-C,24428,1465.68,0.06,Deribit option 1-minute OHLC close at 10:00 NY snapshot; option-denominated close converted to USD with snapshot BTC-PERPETUAL close,22962.32,0.019732,1.973188,23344.893,-0.016388,-1.638787,0.018959,1.895931,-0.017145,-1.714505,true,true,
2023-02-17,10:00,15:00,1676646000000,7,BTC-24FEB23-25000-C,23914,346.753,0.0145,Deribit option 1-minute OHLC close at 10:00 NY snapshot; option-denominated close converted to USD with snapshot BTC-PERPETUAL close,23567.247,0.026344,2.634433,23567.247,0,0,0.019482,1.948152,-0.017145,-1.714505,true,true,
2023-02-18,10:00,15:00,1676732400000,7,BTC-24FEB23-25000-C,24716.5,556.12125,0.0225,Deribit option 1-minute OHLC close at 10:00 NY snapshot; option-denominated close converted to USD with snapshot BTC-PERPETUAL close,24160.37875,0.025168,2.516763,24160.37875,0,0,0.019869,1.986863,-0.017145,-1.714505,true,true,
2023-02-19,10:00,15:00,1676818800000,7,BTC-24FEB23-25000-C,24789,557.7525,0.0225,Deribit option 1-minute OHLC close at 10:00 NY snapshot; option-denominated close converted to USD with snapshot BTC-PERPETUAL close,24231.2475,0.002933,0.293326,24231.2475,0,0,0.019277,1.927674,-0.017145,-1.714505,true,true,
2023-02-20,10:00,15:00,1676905200000,7,BTC-24FEB23-25000-C,25048.5,676.3095,0.027,Deribit option 1-minute OHLC close at 10:00 NY snapshot; option-denominated close converted to USD with snapshot BTC-PERPETUAL close,24372.1905,0.005817,0.581658,24372.1905,0,0,0.018744,1.874373,-0.017145,-1.714505,true,true,
2023-02-21,10:00,15:00,1676991600000,7,BTC-24FEB23-25000-C,24704.5,358.21525,0.0145,Deribit option 1-minute OHLC close at 10:00 NY snapshot; option-denominated close converted to USD with snapshot BTC-PERPETUAL close,24346.28475,-0.001063,-0.106292,24372.1905,-0.001063,-0.106292,0.018175,1.817458,-0.017145,-1.714505,true,true,
2023-02-22,10:00,15:00,1677078000000,7,BTC-24FEB23-25000-C,23962.5,83.86875,0.0035,Deribit option 1-minute OHLC close at 10:00 NY snapshot; option-denominated close converted to USD with snapshot BTC-PERPETUAL close,23878.63125,-0.019208,-1.920841,24372.1905,-0.020251,-2.025092,0.018238,1.823826,-0.017145,-1.714505,true,true,
2023-02-23,10:00,15:00,1677164400000,7,BTC-24FEB23-25000-C,24040,36.06,0.0015,Deribit option 1-minute OHLC close at 10:00 NY snapshot; option-denominated close converted to USD with snapshot BTC-PERPETUAL close,24003.94,0.005248,0.524774,24372.1905,-0.015109,-1.510945,0.017729,1.772931,-0.019253,-1.92528,true,true,
2023-02-24,10:00,15:00,1677250800000,8,,23809,,,,,,,24372.1905,,,0.017729,1.772931,-0.019253,-1.92528,true,false,missing_observed_option_instrument; synthetic/theoretical cycle excluded from option valuation
2023-02-25,10:00,15:00,1677337200000,8,,23019.5,,,,,,,24372.1905,,,0.017729,1.772931,-0.019253,-1.92528,true,false,missing_observed_option_instrument; synthetic/theoretical cycle excluded from option valuation
2023-02-26,10:00,15:00,1677423600000,8,,23201.5,,,,,,,24372.1905,,,0.017729,1.772931,-0.019253,-1.92528,true,false,missing_observed_option_instrument; synthetic/theoretical cycle excluded from option valuation
2023-02-27,10:00,15:00,1677510000000,8,,23786.5,,,,,,,24372.1905,,,0.017729,1.772931,-0.019253,-1.92528,true,false,missing_observed_option_instrument; synthetic/theoretical cycle excluded from option valuation
2023-02-28,10:00,15:00,1677596400000,8,,23479,,,,,,,24372.1905,,,0.017729,1.772931,-0.019253,-1.92528,true,false,missing_observed_option_instrument; synthetic/theoretical cycle excluded from option valuation
2023-03-01,10:00,15:00,1677682800000,8,,23690.5,,,,,,,24372.1905,,,0.017729,1.772931,-0.019253,-1.92528,true,false,missing_observed_option_instrument; synthetic/theoretical cycle excluded from option valuation
2023-03-02,10:00,15:00,1677769200000,8,,23315.5,,,,,,,24372.1905,,,0.017729,1.772931,-0.019253,-1.92528,true,false,missing_observed_option_instrument; synthetic/theoretical cycle excluded from option valuation
2023-03-03,10:00,15:00,1677855600000,9,BTC-10MAR23-23000-C,22349.5,279.36875,0.0125,Deribit option 1-minute OHLC close at 10:00 NY snapshot; option-denominated close converted to USD with snapshot BTC-PERPETUAL close,22070.13125,,,24372.1905,-0.094454,-9.445434,0.017729,1.772931,-0.019253,-1.92528,true,true,daily_return_not_computed_across_missing_mtm_gap
2023-03-04,10:00,15:00,1677942000000,9,BTC-10MAR23-23000-C,22349,201.141,0.009,Deribit option 1-minute OHLC close at 10:00 NY snapshot; option-denominated close converted to USD with snapshot BTC-PERPETUAL close,22147.859,0.003522,0.352185,24372.1905,-0.091265,-9.126515,0.017211,1.721084,-0.019253,-1.92528,true,true,
2023-03-05,10:00,15:00,1678028400000,9,BTC-10MAR23-23000-C,22428,179.424,0.008,Deribit option 1-minute OHLC close at 10:00 NY snapshot; option-denominated close converted to USD with snapshot BTC-PERPETUAL close,22248.576,0.004547,0.454748,24372.1905,-0.087133,-8.713269,0.016724,1.672367,-0.019253,-1.92528,true,true,
2023-03-06,10:00,15:00,1678114800000,9,BTC-10MAR23-23000-C,22452,190.842,0.0085,Deribit option 1-minute OHLC close at 10:00 NY snapshot; option-denominated close converted to USD with snapshot BTC-PERPETUAL close,22261.158,0.000566,0.056552,24372.1905,-0.086616,-8.661645,0.016215,1.621479,-0.019253,-1.92528,true,true,
2023-03-07,10:00,15:00,1678201200000,9,BTC-10MAR23-23000-C,22100,121.55,0.0055,Deribit option 1-minute OHLC close at 10:00 NY snapshot; option-denominated close converted to USD with snapshot BTC-PERPETUAL close,21978.45,-0.0127,-1.269961,24372.1905,-0.098216,-9.821606,0.016026,1.602564,-0.019253,-1.92528,true,true,
2023-03-08,10:00,15:00,1678287600000,9,BTC-10MAR23-23000-C,21992.5,21.9925,0.001,Deribit option 1-minute OHLC close at 10:00 NY snapshot; option-denominated close converted to USD with snapshot BTC-PERPETUAL close,21970.5075,-0.000361,-0.036138,24372.1905,-0.098542,-9.854194,0.015538,1.553768,-0.019253,-1.92528,true,true,
2023-03-09,10:00,15:00,1678374000000,9,BTC-10MAR23-23000-C,21718.5,10.85925,0.0005,Deribit option 1-minute OHLC close at 10:00 NY snapshot; option-denominated close converted to USD with snapshot BTC-PERPETUAL close,21707.64075,-0.011965,-1.196453,24372.1905,-0.109327,-10.932746,0.015347,1.534677,-0.019253,-1.92528,true,true,
2023-03-10,10:00,15:00,1678460400000,10,BTC-17MAR23-21000-C,19894.5,129.31425,0.0065,Deribit option 1-minute OHLC close at 10:00 NY snapshot; option-denominated close converted to USD with snapshot BTC-PERPETUAL close,19765.18575,-0.089483,-8.948255,24372.1905,-0.189027,-18.902711,0.026492,2.649188,-0.019253,-1.92528,true,true,
2023-03-11,10:00,15:00,1678546800000,10,BTC-17MAR23-21000-C,20238,293.451,0.0145,Deribit option 1-minute OHLC close at 10:00 NY snapshot; option-denominated close converted to USD with snapshot BTC-PERPETUAL close,19944.549,0.009075,0.907471,24372.1905,-0.181668,-18.166777,0.025781,2.578083,-0.034034,-3.403368,true,true,
2023-03-12,10:00,14:00,1678629600000,10,BTC-17MAR23-21000-C,20543,369.774,0.018,Deribit option 1-minute OHLC close at 10:00 NY snapshot; option-denominated close converted to USD with snapshot BTC-PERPETUAL close,20173.226,0.011466,1.146564,24372.1905,-0.172285,-17.228507,0.025153,2.515273,-0.034034,-3.403368,true,true,
2023-03-13,10:00,14:00,1678716000000,10,BTC-17MAR23-21000-C,22537.5,1791.73125,0.0795,Deribit option 1-minute OHLC close at 10:00 NY snapshot; option-denominated close converted to USD with snapshot BTC-PERPETUAL close,20745.76875,0.028381,2.838132,24372.1905,-0.148793,-14.879343,0.025358,2.535804,-0.034034,-3.403368,true,true,
2023-03-14,10:00,14:00,1678802400000,10,BTC-17MAR23-21000-C,25925,5055.375,0.195,Deribit option 1-minute OHLC close at 10:00 NY snapshot; option-denominated close converted to USD with snapshot BTC-PERPETUAL close,20869.625,0.00597,0.597019,24372.1905,-0.143712,-14.371156,0.024629,2.462899,-0.034034,-3.403368,true,true,
2023-03-15,10:00,14:00,1678888800000,10,BTC-17MAR23-21000-C,24949,4865.055,0.195,Deribit option 1-minute OHLC close at 10:00 NY snapshot; option-denominated close converted to USD with snapshot BTC-PERPETUAL close,20083.945,-0.037647,-3.764706,24372.1905,-0.175948,-17.59483,0.025597,2.559746,-0.034034,-3.403368,true,true,
2023-03-16,10:00,14:00,1678975200000,10,BTC-17MAR23-21000-C,24882,3433.716,0.138,Deribit option 1-minute OHLC close at 10:00 NY snapshot; option-denominated close converted to USD with snapshot BTC-PERPETUAL close,21448.284,0.067932,6.793182,24372.1905,-0.119969,-11.996897,0.02988,2.987976,-0.042331,-4.233107,true,true,
2023-03-17,10:00,14:00,1679061600000,11,BTC-24MAR23-27000-C,26578,810.629,0.0305,Deribit option 1-minute OHLC close at 10:00 NY snapshot; option-denominated close converted to USD with snapshot BTC-PERPETUAL close,25767.371,0.201372,20.137215,25767.371,0,0,0.057204,5.720382,-0.042331,-4.233107,true,true,
2023-03-18,10:00,14:00,1679148000000,11,BTC-24MAR23-27000-C,27512,1251.796,0.0455,Deribit option 1-minute OHLC close at 10:00 NY snapshot; option-denominated close converted to USD with snapshot BTC-PERPETUAL close,26260.204,0.019126,1.912624,26260.204,0,0,0.055659,5.565868,-0.042331,-4.233107,true,true,
2023-03-19,10:00,14:00,1679234400000,11,BTC-24MAR23-27000-C,27279.5,1091.18,0.04,Deribit option 1-minute OHLC close at 10:00 NY snapshot; option-denominated close converted to USD with snapshot BTC-PERPETUAL close,26188.32,-0.002737,-0.273737,26260.204,-0.002737,-0.273737,0.053967,5.396726,-0.042331,-4.233107,true,true,
2023-03-20,10:00,14:00,1679320800000,11,BTC-24MAR23-27000-C,27956.5,1677.39,0.06,Deribit option 1-minute OHLC close at 10:00 NY snapshot; option-denominated close converted to USD with snapshot BTC-PERPETUAL close,26279.11,0.003467,0.346681,26279.11,0,0,0.05233,5.233009,-0.042331,-4.233107,true,true,
2023-03-21,10:00,14:00,1679407200000,11,BTC-24MAR23-27000-C,28167.5,1422.45875,0.0505,Deribit option 1-minute OHLC close at 10:00 NY snapshot; option-denominated close converted to USD with snapshot BTC-PERPETUAL close,26745.04125,0.01773,1.77301,26745.04125,0,0,0.050921,5.092144,-0.02935,-2.934967,true,true,
2023-03-22,10:00,14:00,1679493600000,11,BTC-24MAR23-27000-C,28373.5,1532.169,0.054,Deribit option 1-minute OHLC close at 10:00 NY snapshot; option-denominated close converted to USD with snapshot BTC-PERPETUAL close,26841.331,0.0036,0.360028,26841.331,0,0,0.049378,4.937805,-0.02935,-2.934967,true,true,
2023-03-23,10:00,14:00,1679580000000,11,BTC-24MAR23-27000-C,27443.5,535.14825,0.0195,Deribit option 1-minute OHLC close at 10:00 NY snapshot; option-denominated close converted to USD with snapshot BTC-PERPETUAL close,26908.35175,0.002497,0.249692,26908.35175,0,0,0.047878,4.78777,-0.02935,-2.934967,true,true,
2023-03-24,10:00,14:00,1679666400000,12,BTC-31MAR23-30000-C,27950,363.35,0.013,Deribit option 1-minute OHLC close at 10:00 NY snapshot; option-denominated close converted to USD with snapshot BTC-PERPETUAL close,27586.65,0.025208,2.520772,27586.65,0,0,0.046828,4.682802,-0.02935,-2.934967,true,true,
2023-03-25,10:00,14:00,1679752800000,12,BTC-31MAR23-30000-C,27604.5,179.42925,0.0065,Deribit option 1-minute OHLC close at 10:00 NY snapshot; option-denominated close converted to USD with snapshot BTC-PERPETUAL close,27425.07075,-0.005857,-0.585715,27586.65,-0.005857,-0.585715,0.045424,4.542411,-0.02935,-2.934967,true,true,
2023-03-26,10:00,14:00,1679839200000,12,BTC-31MAR23-30000-C,28199,239.6915,0.0085,Deribit option 1-minute OHLC close at 10:00 NY snapshot; option-denominated close converted to USD with snapshot BTC-PERPETUAL close,27959.3085,0.01948,1.94799,27959.3085,0,0,0.044298,4.429805,-0.02935,-2.934967,true,true,
2023-03-27,10:00,14:00,1679925600000,12,BTC-31MAR23-30000-C,27699.5,124.64775,0.0045,Deribit option 1-minute OHLC close at 10:00 NY snapshot; option-denominated close converted to USD with snapshot BTC-PERPETUAL close,27574.85225,-0.013751,-1.375056,27959.3085,-0.013751,-1.375056,0.04308,4.308042,-0.02935,-2.934967,true,true,
2023-03-28,10:00,14:00,1680012000000,12,BTC-31MAR23-30000-C,26855.5,40.28325,0.0015,Deribit option 1-minute OHLC close at 10:00 NY snapshot; option-denominated close converted to USD with snapshot BTC-PERPETUAL close,26815.21675,-0.027548,-2.754813,27959.3085,-0.04092,-4.091989,0.04231,4.230959,-0.02935,-2.934967,true,true,
2023-03-29,10:00,14:00,1680098400000,12,BTC-31MAR23-30000-C,28439.5,85.3185,0.003,Deribit option 1-minute OHLC close at 10:00 NY snapshot; option-denominated close converted to USD with snapshot BTC-PERPETUAL close,28354.1815,0.057391,5.739147,28354.1815,0,0,0.043363,4.336268,-0.033103,-3.310254,true,true,
2023-03-30,10:00,14:00,1680184800000,12,BTC-31MAR23-30000-C,28542.5,42.81375,0.0015,Deribit option 1-minute OHLC close at 10:00 NY snapshot; option-denominated close converted to USD with snapshot BTC-PERPETUAL close,28499.68625,0.005132,0.513169,28499.68625,0,0,0.04206,4.206047,-0.033103,-3.310254,true,true,
2023-03-31,10:00,14:00,1680271200000,13,,28417,,,,,,,28499.68625,,,0.04206,4.206047,-0.033103,-3.310254,true,false,missing_observed_option_instrument; synthetic/theoretical cycle excluded from option valuation
2023-04-01,10:00,14:00,1680357600000,13,,28447.5,,,,,,,28499.68625,,,0.04206,4.206047,-0.033103,-3.310254,true,false,missing_observed_option_instrument; synthetic/theoretical cycle excluded from option valuation
2023-04-02,10:00,14:00,1680444000000,13,,28291,,,,,,,28499.68625,,,0.04206,4.206047,-0.033103,-3.310254,true,false,missing_observed_option_instrument; synthetic/theoretical cycle excluded from option valuation
2023-04-03,10:00,14:00,1680530400000,13,,28319.5,,,,,,,28499.68625,,,0.04206,4.206047,-0.033103,-3.310254,true,false,missing_observed_option_instrument; synthetic/theoretical cycle excluded from option valuation
2023-04-04,10:00,14:00,1680616800000,13,,28184,,,,,,,28499.68625,,,0.04206,4.206047,-0.033103,-3.310254,true,false,missing_observed_option_instrument; synthetic/theoretical cycle excluded from option valuation
2023-04-05,10:00,14:00,1680703200000,13,,28441.5,,,,,,,28499.68625,,,0.04206,4.206047,-0.033103,-3.310254,true,false,missing_observed_option_instrument; synthetic/theoretical cycle excluded from option valuation
2023-04-06,10:00,14:00,1680789600000,13,,27912.5,,,,,,,28499.68625,,,0.04206,4.206047,-0.033103,-3.310254,true,false,missing_observed_option_instrument; synthetic/theoretical cycle excluded from option valuation
2023-04-07,10:00,14:00,1680876000000,14,BTC-14APR23-29000-C,27910,320.965,0.0115,Deribit option 1-minute OHLC close at 10:00 NY snapshot; option-denominated close converted to USD with snapshot BTC-PERPETUAL close,27589.035,,,28499.68625,-0.031953,-3.195303,0.04206,4.206047,-0.033103,-3.310254,true,true,daily_return_not_computed_across_missing_mtm_gap
2023-04-08,10:00,14:00,1680962400000,14,BTC-14APR23-29000-C,28028,308.308,0.011,Deribit option 1-minute OHLC close at 10:00 NY snapshot; option-denominated close converted to USD with snapshot BTC-PERPETUAL close,27719.692,0.004736,0.473583,28499.68625,-0.027369,-2.736852,0.040796,4.079563,-0.033103,-3.310254,true,true,
2023-04-09,10:00,14:00,1681048800000,14,BTC-14APR23-29000-C,27922,321.103,0.0115,Deribit option 1-minute OHLC close at 10:00 NY snapshot; option-denominated close converted to USD with snapshot BTC-PERPETUAL close,27600.897,-0.004286,-0.428558,28499.68625,-0.031537,-3.153681,0.039567,3.956676,-0.033103,-3.310254,true,true,
2023-04-10,10:00,14:00,1681135200000,14,BTC-14APR23-29000-C,28210.5,380.84175,0.0135,Deribit option 1-minute OHLC close at 10:00 NY snapshot; option-denominated close converted to USD with snapshot BTC-PERPETUAL close,27829.65825,0.008288,0.828818,28499.68625,-0.02351,-2.351001,0.038415,3.841508,-0.033103,-3.310254,true,true,
2023-04-11,10:00,14:00,1681221600000,14,BTC-14APR23-29000-C,30269,1422.643,0.047,Deribit option 1-minute OHLC close at 10:00 NY snapshot; option-denominated close converted to USD with snapshot BTC-PERPETUAL close,28846.357,0.036533,3.653292,28846.357,0,0,0.038305,3.830476,-0.033103,-3.310254,true,true,
2023-04-12,10:00,14:00,1681308000000,14,BTC-14APR23-29000-C,30053,1292.279,0.043,Deribit option 1-minute OHLC close at 10:00 NY snapshot; option-denominated close converted to USD with snapshot BTC-PERPETUAL close,28760.721,-0.002969,-0.296869,28846.357,-0.002969,-0.296869,0.037145,3.714496,-0.033103,-3.310254,true,true,
2023-04-13,10:00,14:00,1681394400000,14,BTC-14APR23-29000-C,30219,1269.198,0.042,Deribit option 1-minute OHLC close at 10:00 NY snapshot; option-denominated close converted to USD with snapshot BTC-PERPETUAL close,28949.802,0.006574,0.657428,28949.802,0,0,0.036049,3.604936,-0.033103,-3.310254,true,true,
2023-04-14,10:00,14:00,1681480800000,15,BTC-21APR23-32000-C,30705.5,368.466,0.012,Deribit option 1-minute OHLC close at 10:00 NY snapshot; option-denominated close converted to USD with snapshot BTC-PERPETUAL close,30337.034,0.047919,4.791853,30337.034,0,0,0.036869,3.686942,-0.033103,-3.310254,true,true,
2023-04-15,10:00,14:00,1681567200000,15,BTC-21APR23-32000-C,30376,182.256,0.006,Deribit option 1-minute OHLC close at 10:00 NY snapshot; option-denominated close converted to USD with snapshot BTC-PERPETUAL close,30193.744,-0.004723,-0.472327,30337.034,-0.004723,-0.472327,0.035765,3.576495,-0.033103,-3.310254,true,true,
2023-04-16,10:00,14:00,1681653600000,15,BTC-21APR23-32000-C,30292,166.606,0.0055,Deribit option 1-minute OHLC close at 10:00 NY snapshot; option-denominated close converted to USD with snapshot BTC-PERPETUAL close,30125.394,-0.002264,-0.226371,30337.034,-0.006976,-0.697629,0.03468,3.467984,-0.033103,-3.310254,true,true,
2023-04-17,10:00,14:00,1681740000000,15,BTC-21APR23-32000-C,29412.5,58.825,0.002,Deribit option 1-minute OHLC close at 10:00 NY snapshot; option-denominated close converted to USD with snapshot BTC-PERPETUAL close,29353.675,-0.025617,-2.561689,30337.034,-0.032414,-3.241447,0.034204,3.420385,-0.033103,-3.310254,true,true,
2023-04-18,10:00,14:00,1681826400000,15,BTC-21APR23-32000-C,30400.5,106.40175,0.0035,Deribit option 1-minute OHLC close at 10:00 NY snapshot; option-denominated close converted to USD with snapshot BTC-PERPETUAL close,30294.09825,0.032038,3.203767,30337.034,-0.001415,-0.141529,0.034078,3.407776,-0.026679,-2.667907,true,true,
2023-04-19,10:00,14:00,1681912800000,15,BTC-21APR23-32000-C,29336.5,14.66825,0.0005,Deribit option 1-minute OHLC close at 10:00 NY snapshot; option-denominated close converted to USD with snapshot BTC-PERPETUAL close,29321.83175,-0.032094,-3.209425,30337.034,-0.033464,-3.346412,0.033962,3.396202,-0.026679,-2.667907,true,true,
2023-04-20,10:00,14:00,1681999200000,15,BTC-21APR23-32000-C,28840.5,14.42025,0.0005,Deribit option 1-minute OHLC close at 10:00 NY snapshot; option-denominated close converted to USD with snapshot BTC-PERPETUAL close,28826.07975,-0.016907,-1.690727,30337.034,-0.049806,-4.98056,0.033187,3.318682,-0.030048,-3.00485,true,true,
2023-04-21,10:00,14:00,1682085600000,16,BTC-28APR23-30000-C,28122,154.671,0.0055,Deribit option 1-minute OHLC close at 10:00 NY snapshot; option-denominated close converted to USD with snapshot BTC-PERPETUAL close,27967.329,-0.029791,-2.979076,30337.034,-0.078113,-7.811261,0.032993,3.299291,-0.030048,-3.00485,true,true,
2023-04-22,10:00,14:00,1682172000000,16,BTC-28APR23-30000-C,27262,68.155,0.0025,Deribit option 1-minute OHLC close at 10:00 NY snapshot; option-denominated close converted to USD with snapshot BTC-PERPETUAL close,27193.845,-0.027657,-2.76567,30337.034,-0.103609,-10.360898,0.032697,3.269731,-0.031058,-3.105768,true,true,
2023-04-23,10:00,14:00,1682258400000,16,BTC-28APR23-30000-C,27637.5,69.09375,0.0025,Deribit option 1-minute OHLC close at 10:00 NY snapshot; option-denominated close converted to USD with snapshot BTC-PERPETUAL close,27568.40625,0.013774,1.377375,30337.034,-0.091262,-9.126231,0.03188,3.188024,-0.02883,-2.883043,true,true,
2023-04-24,10:00,14:00,1682344800000,16,BTC-28APR23-30000-C,27633,41.4495,0.0015,Deribit option 1-minute OHLC close at 10:00 NY snapshot; option-denominated close converted to USD with snapshot BTC-PERPETUAL close,27591.5505,0.00084,0.083952,30337.034,-0.090499,-9.04994,0.03091,3.090973,-0.02883,-2.883043,true,true,
2023-04-25,10:00,14:00,1682431200000,16,BTC-28APR23-30000-C,27372.5,13.68625,0.0005,Deribit option 1-minute OHLC close at 10:00 NY snapshot; option-denominated close converted to USD with snapshot BTC-PERPETUAL close,27358.81375,-0.008435,-0.843507,30337.034,-0.098171,-9.817111,0.030039,3.003923,-0.02883,-2.883043,true,true,
2023-04-26,10:00,14:00,1682517600000,16,BTC-28APR23-30000-C,29865,403.1775,0.0135,Deribit option 1-minute OHLC close at 10:00 NY snapshot; option-denominated close converted to USD with snapshot BTC-PERPETUAL close,29461.8225,0.076868,7.686769,30337.034,-0.02885,-2.884961,0.03468,3.468044,-0.02883,-2.883043,true,true,
2023-04-27,10:00,14:00,1682604000000,16,BTC-28APR23-30000-C,28991.5,43.48725,0.0015,Deribit option 1-minute OHLC close at 10:00 NY snapshot; option-denominated close converted to USD with snapshot BTC-PERPETUAL close,28948.01275,-0.01744,-1.743985,30337.034,-0.045786,-4.578632,0.033894,3.389421,-0.02883,-2.883043,true,true,
2023-04-28,10:00,14:00,1682690400000,17,,29024.5,,,,,,,30337.034,,,0.033894,3.389421,-0.02883,-2.883043,true,false,missing_observed_option_instrument; synthetic/theoretical cycle excluded from option valuation
2023-04-29,10:00,14:00,1682776800000,17,,29397.5,,,,,,,30337.034,,,0.033894,3.389421,-0.02883,-2.883043,true,false,missing_observed_option_instrument; synthetic/theoretical cycle excluded from option valuation
2023-04-30,10:00,14:00,1682863200000,17,,29308,,,,,,,30337.034,,,0.033894,3.389421,-0.02883,-2.883043,true,false,missing_observed_option_instrument; synthetic/theoretical cycle excluded from option valuation
2023-05-01,10:00,14:00,1682949600000,17,,28435.5,,,,,,,30337.034,,,0.033894,3.389421,-0.02883,-2.883043,true,false,missing_observed_option_instrument; synthetic/theoretical cycle excluded from option valuation
2023-05-02,10:00,14:00,1683036000000,17,,27993.5,,,,,,,30337.034,,,0.033894,3.389421,-0.02883,-2.883043,true,false,missing_observed_option_instrument; synthetic/theoretical cycle excluded from option valuation
2023-05-03,10:00,14:00,1683122400000,17,,28375.5,,,,,,,30337.034,,,0.033894,3.389421,-0.02883,-2.883043,true,false,missing_observed_option_instrument; synthetic/theoretical cycle excluded from option valuation
2023-05-04,10:00,14:00,1683208800000,17,,28775,,,,,,,30337.034,,,0.033894,3.389421,-0.02883,-2.883043,true,false,missing_observed_option_instrument; synthetic/theoretical cycle excluded from option valuation
2023-05-05,10:00,14:00,1683295200000,18,BTC-12MAY23-31000-C,29207,204.449,0.007,Deribit option 1-minute OHLC close at 10:00 NY snapshot; option-denominated close converted to USD with snapshot BTC-PERPETUAL close,29002.551,,,30337.034,-0.043989,-4.398858,0.033894,3.389421,-0.02883,-2.883043,true,true,daily_return_not_computed_across_missing_mtm_gap
2023-05-06,10:00,14:00,1683381600000,18,BTC-12MAY23-31000-C,28959.5,144.7975,0.005,Deribit option 1-minute OHLC close at 10:00 NY snapshot; option-denominated close converted to USD with snapshot BTC-PERPETUAL close,28814.7025,-0.006477,-0.647696,30337.034,-0.050181,-5.018063,0.0329,3.289993,-0.02883,-2.883043,true,true,
2023-05-07,10:00,14:00,1683468000000,18,BTC-12MAY23-31000-C,28959.5,86.8785,0.003,Deribit option 1-minute OHLC close at 10:00 NY snapshot; option-denominated close converted to USD with snapshot BTC-PERPETUAL close,28872.6215,0.00201,0.201005,30337.034,-0.048271,-4.827145,0.031901,3.190147,-0.02883,-2.883043,true,true,
2023-05-08,10:00,14:00,1683554400000,18,BTC-12MAY23-31000-C,27886,27.886,0.001,Deribit option 1-minute OHLC close at 10:00 NY snapshot; option-denominated close converted to USD with snapshot BTC-PERPETUAL close,27858.114,-0.035137,-3.513735,30337.034,-0.081713,-8.171267,0.032105,3.210482,-0.02883,-2.883043,true,true,
2023-05-09,10:00,14:00,1683640800000,18,BTC-12MAY23-31000-C,27628.5,27.6285,0.001,Deribit option 1-minute OHLC close at 10:00 NY snapshot; option-denominated close converted to USD with snapshot BTC-PERPETUAL close,27600.8715,-0.009234,-0.923402,30337.034,-0.090192,-9.019216,0.031209,3.120885,-0.031058,-3.105768,true,true,
2023-05-10,10:00,14:00,1683727200000,18,BTC-12MAY23-31000-C,28216.5,14.10825,0.0005,Deribit option 1-minute OHLC close at 10:00 NY snapshot; option-denominated close converted to USD with snapshot BTC-PERPETUAL close,28202.39175,0.021794,2.179352,30337.034,-0.070364,-7.036424,0.030725,3.07254,-0.031058,-3.105768,true,true,
2023-05-11,10:00,14:00,1683813600000,18,BTC-12MAY23-31000-C,27247.5,13.62375,0.0005,Deribit option 1-minute OHLC close at 10:00 NY snapshot; option-denominated close converted to USD with snapshot BTC-PERPETUAL close,27233.87625,-0.034342,-3.434161,30337.034,-0.102289,-10.228942,0.030954,3.095429,-0.031058,-3.105768,true,true,
2023-05-12,10:00,14:00,1683900000000,19,BTC-19MAY23-28000-C,26441,171.8665,0.0065,Deribit option 1-minute OHLC close at 10:00 NY snapshot; option-denominated close converted to USD with snapshot BTC-PERPETUAL close,26269.1335,-0.035424,-3.542436,30337.034,-0.13409,-13.409025,0.031241,3.124054,-0.03333,-3.33303,true,true,
2023-05-13,10:00,14:00,1683986400000,19,BTC-19MAY23-28000-C,26845,187.915,0.007,Deribit option 1-minute OHLC close at 10:00 NY snapshot; option-denominated close converted to USD with snapshot BTC-PERPETUAL close,26657.085,0.014768,1.476834,30337.034,-0.121302,-12.13022,0.030504,3.050408,-0.034779,-3.477927,true,true,
2023-05-14,10:00,14:00,1684072800000,19,BTC-19MAY23-28000-C,26923.5,175.00275,0.0065,Deribit option 1-minute OHLC close at 10:00 NY snapshot; option-denominated close converted to USD with snapshot BTC-PERPETUAL close,26748.49725,0.003429,0.342919,30337.034,-0.118289,-11.828898,0.029587,2.958673,-0.034779,-3.477927,true,true,
2023-05-15,10:00,14:00,1684159200000,19,BTC-19MAY23-28000-C,27391,342.3875,0.0125,Deribit option 1-minute OHLC close at 10:00 NY snapshot; option-denominated close converted to USD with snapshot BTC-PERPETUAL close,27048.6125,0.01122,1.121989,30337.034,-0.108396,-10.839628,0.028817,2.881676,-0.034779,-3.477927,true,true,
2023-05-16,10:00,14:00,1684245600000,19,BTC-19MAY23-28000-C,26971.5,148.34325,0.0055,Deribit option 1-minute OHLC close at 10:00 NY snapshot; option-denominated close converted to USD with snapshot BTC-PERPETUAL close,26823.15675,-0.008335,-0.833521,30337.034,-0.115828,-11.582798,0.028013,2.801338,-0.034779,-3.477927,true,true,
2023-05-17,10:00,14:00,1684332000000,19,BTC-19MAY23-28000-C,26634.5,26.6345,0.001,Deribit option 1-minute OHLC close at 10:00 NY snapshot; option-denominated close converted to USD with snapshot BTC-PERPETUAL close,26607.8655,-0.008026,-0.802632,30337.034,-0.122925,-12.292462,0.027231,2.723105,-0.034779,-3.477927,true,true,
2023-05-18,10:00,14:00,1684418400000,19,BTC-19MAY23-28000-C,27246,13.623,0.0005,Deribit option 1-minute OHLC close at 10:00 NY snapshot; option-denominated close converted to USD with snapshot BTC-PERPETUAL close,27232.377,0.023471,2.347094,30337.034,-0.102339,-10.233884,0.02702,2.70202,-0.034779,-3.477927,true,true,
2023-05-19,10:00,14:00,1684504800000,20,BTC-26MAY23-28000-C,26871,201.5325,0.0075,Deribit option 1-minute OHLC close at 10:00 NY snapshot; option-denominated close converted to USD with snapshot BTC-PERPETUAL close,26669.4675,-0.020671,-2.06706,30337.034,-0.120894,-12.089404,0.026682,2.668187,-0.034779,-3.477927,true,true,
2023-05-20,10:00,14:00,1684591200000,20,BTC-26MAY23-28000-C,26911,134.555,0.005,Deribit option 1-minute OHLC close at 10:00 NY snapshot; option-denominated close converted to USD with snapshot BTC-PERPETUAL close,26776.445,0.004011,0.401123,30337.034,-0.117368,-11.736774,0.025888,2.588769,-0.034779,-3.477927,true,true,
2023-05-21,10:00,14:00,1684677600000,20,BTC-26MAY23-28000-C,26920.5,161.523,0.006,Deribit option 1-minute OHLC close at 10:00 NY snapshot; option-denominated close converted to USD with snapshot BTC-PERPETUAL close,26758.977,-0.000652,-0.065236,30337.034,-0.117944,-11.794353,0.0251,2.509955,-0.034779,-3.477927,true,true,
2023-05-22,10:00,14:00,1684764000000,20,BTC-26MAY23-28000-C,27058,175.877,0.0065,Deribit option 1-minute OHLC close at 10:00 NY snapshot; option-denominated close converted to USD with snapshot BTC-PERPETUAL close,26882.123,0.004602,0.460204,30337.034,-0.113884,-11.388427,0.024361,2.436101,-0.034779,-3.477927,true,true,
2023-05-23,10:00,14:00,1684850400000,20,BTC-26MAY23-28000-C,27250,149.875,0.0055,Deribit option 1-minute OHLC close at 10:00 NY snapshot; option-denominated close converted to USD with snapshot BTC-PERPETUAL close,27100.125,0.00811,0.810955,30337.034,-0.106698,-10.669827,0.023702,2.370226,-0.034779,-3.477927,true,true,
2023-05-24,10:00,14:00,1684936800000,20,BTC-26MAY23-28000-C,26416.5,26.4165,0.001,Deribit option 1-minute OHLC close at 10:00 NY snapshot; option-denominated close converted to USD with snapshot BTC-PERPETUAL close,26390.0835,-0.026201,-2.620067,30337.034,-0.130103,-13.010337,0.02386,2.385955,-0.034779,-3.477927,true,true,
2023-05-25,10:00,14:00,1685023200000,20,BTC-26MAY23-28000-C,26389.5,13.19475,0.0005,Deribit option 1-minute OHLC close at 10:00 NY snapshot; option-denominated close converted to USD with snapshot BTC-PERPETUAL close,26376.30525,-0.000522,-0.05221,30337.034,-0.130558,-13.055755,0.023133,2.313304,-0.034779,-3.477927,true,true,
2023-05-26,10:00,14:00,1685109600000,21,,26587.5,,,,,,,30337.034,,,0.023133,2.313304,-0.034779,-3.477927,true,false,missing_observed_option_instrument; synthetic/theoretical cycle excluded from option valuation
2023-05-27,10:00,14:00,1685196000000,21,,26647,,,,,,,30337.034,,,0.023133,2.313304,-0.034779,-3.477927,true,false,missing_observed_option_instrument; synthetic/theoretical cycle excluded from option valuation
2023-05-28,10:00,14:00,1685282400000,21,,27203.5,,,,,,,30337.034,,,0.023133,2.313304,-0.034779,-3.477927,true,false,missing_observed_option_instrument; synthetic/theoretical cycle excluded from option valuation
2023-05-29,10:00,14:00,1685368800000,21,,27922,,,,,,,30337.034,,,0.023133,2.313304,-0.034779,-3.477927,true,false,missing_observed_option_instrument; synthetic/theoretical cycle excluded from option valuation
2023-05-30,10:00,14:00,1685455200000,21,,27780.5,,,,,,,30337.034,,,0.023133,2.313304,-0.034779,-3.477927,true,false,missing_observed_option_instrument; synthetic/theoretical cycle excluded from option valuation
2023-05-31,10:00,14:00,1685541600000,21,,27089,,,,,,,30337.034,,,0.023133,2.313304,-0.034779,-3.477927,true,false,missing_observed_option_instrument; synthetic/theoretical cycle excluded from option valuation
2023-06-01,10:00,14:00,1685628000000,21,,26941.5,,,,,,,30337.034,,,0.023133,2.313304,-0.034779,-3.477927,true,false,missing_observed_option_instrument; synthetic/theoretical cycle excluded from option valuation
2023-06-02,10:00,14:00,1685714400000,22,,26950,,,,,,,30337.034,,,0.023133,2.313304,-0.034779,-3.477927,true,false,missing_observed_option_instrument; synthetic/theoretical cycle excluded from option valuation
2023-06-03,10:00,14:00,1685800800000,22,,27190,,,,,,,30337.034,,,0.023133,2.313304,-0.034779,-3.477927,true,false,missing_observed_option_instrument; synthetic/theoretical cycle excluded from option valuation
2023-06-04,10:00,14:00,1685887200000,22,,27263,,,,,,,30337.034,,,0.023133,2.313304,-0.034779,-3.477927,true,false,missing_observed_option_instrument; synthetic/theoretical cycle excluded from option valuation
2023-06-05,10:00,14:00,1685973600000,22,,26760.5,,,,,,,30337.034,,,0.023133,2.313304,-0.034779,-3.477927,true,false,missing_observed_option_instrument; synthetic/theoretical cycle excluded from option valuation
2023-06-06,10:00,14:00,1686060000000,22,,25769.5,,,,,,,30337.034,,,0.023133,2.313304,-0.034779,-3.477927,true,false,missing_observed_option_instrument; synthetic/theoretical cycle excluded from option valuation
2023-06-07,10:00,14:00,1686146400000,22,,26826.5,,,,,,,30337.034,,,0.023133,2.313304,-0.034779,-3.477927,true,false,missing_observed_option_instrument; synthetic/theoretical cycle excluded from option valuation
2023-06-08,10:00,14:00,1686232800000,22,,26391,,,,,,,30337.034,,,0.023133,2.313304,-0.034779,-3.477927,true,false,missing_observed_option_instrument; synthetic/theoretical cycle excluded from option valuation
2023-06-09,10:00,14:00,1686319200000,23,BTC-16JUN23-28000-C,26673,133.365,0.005,Deribit option 1-minute OHLC close at 10:00 NY snapshot; option-denominated close converted to USD with snapshot BTC-PERPETUAL close,26539.635,,,30337.034,-0.125174,-12.517371,0.023133,2.313304,-0.034779,-3.477927,true,true,daily_return_not_computed_across_missing_mtm_gap
2023-06-10,10:00,14:00,1686405600000,23,BTC-16JUN23-28000-C,25675.5,25.6755,0.001,Deribit option 1-minute OHLC close at 10:00 NY snapshot; option-denominated close converted to USD with snapshot BTC-PERPETUAL close,25649.8245,-0.033528,-3.352761,30337.034,-0.154505,-15.450454,0.023885,2.388463,-0.034779,-3.477927,true,true,
2023-06-11,10:00,14:00,1686492000000,23,BTC-16JUN23-28000-C,25726,25.726,0.001,Deribit option 1-minute OHLC close at 10:00 NY snapshot; option-denominated close converted to USD with snapshot BTC-PERPETUAL close,25700.274,0.001967,0.196686,30337.034,-0.152842,-15.284157,0.023162,2.316202,-0.034779,-3.477927,true,true,
2023-06-12,10:00,14:00,1686578400000,23,BTC-16JUN23-28000-C,25788,38.682,0.0015,Deribit option 1-minute OHLC close at 10:00 NY snapshot; option-denominated close converted to USD with snapshot BTC-PERPETUAL close,25749.318,0.001908,0.190831,30337.034,-0.151225,-15.122494,0.022461,2.246127,-0.034779,-3.477927,true,true,
2023-06-13,10:00,14:00,1686664800000,23,BTC-16JUN23-28000-C,26049,39.0735,0.0015,Deribit option 1-minute OHLC close at 10:00 NY snapshot; option-denominated close converted to USD with snapshot BTC-PERPETUAL close,26009.9265,0.010121,1.012099,30337.034,-0.142634,-14.263449,0.021918,2.191767,-0.034779,-3.477927,true,true,
2023-06-14,10:00,14:00,1686751200000,23,BTC-16JUN23-28000-C,26003.5,26.0035,0.001,Deribit option 1-minute OHLC close at 10:00 NY snapshot; option-denominated close converted to USD with snapshot BTC-PERPETUAL close,25977.4965,-0.001247,-0.124683,30337.034,-0.143703,-14.370348,0.021252,2.125216,-0.034779,-3.477927,true,true,
2023-06-15,10:00,14:00,1686837600000,23,BTC-16JUN23-28000-C,25016.5,12.50825,0.0005,Deribit option 1-minute OHLC close at 10:00 NY snapshot; option-denominated close converted to USD with snapshot BTC-PERPETUAL close,25003.99175,-0.037475,-3.747493,30337.034,-0.175793,-17.579313,0.022557,2.255698,-0.034779,-3.477927,true,true,
2023-06-16,10:00,14:00,1686924000000,24,BTC-23JUN23-27000-C,25495,101.98,0.004,Deribit option 1-minute OHLC close at 10:00 NY snapshot; option-denominated close converted to USD with snapshot BTC-PERPETUAL close,25393.02,0.015559,1.555865,30337.034,-0.16297,-16.296959,0.022199,2.219938,-0.035295,-3.529521,true,true,
2023-06-17,10:00,14:00,1687010400000,24,BTC-23JUN23-27000-C,26552,305.348,0.0115,Deribit option 1-minute OHLC close at 10:00 NY snapshot; option-denominated close converted to USD with snapshot BTC-PERPETUAL close,26246.652,0.033617,3.36168,30337.034,-0.134831,-13.483131,0.023045,2.304451,-0.035295,-3.529521,true,true,
2023-06-18,10:00,14:00,1687096800000,24,BTC-23JUN23-27000-C,26501,265.01,0.01,Deribit option 1-minute OHLC close at 10:00 NY snapshot; option-denominated close converted to USD with snapshot BTC-PERPETUAL close,26235.99,-0.000406,-0.040622,30337.034,-0.135183,-13.518276,0.022343,2.23427,-0.035295,-3.529521,true,true,
2023-06-19,10:00,14:00,1687183200000,24,BTC-23JUN23-27000-C,26543.5,225.61975,0.0085,Deribit option 1-minute OHLC close at 10:00 NY snapshot; option-denominated close converted to USD with snapshot BTC-PERPETUAL close,26317.88025,0.003121,0.312129,30337.034,-0.132483,-13.248341,0.021676,2.167554,-0.035295,-3.529521,true,true,
2023-06-20,10:00,14:00,1687269600000,24,BTC-23JUN23-27000-C,26814.5,375.403,0.014,Deribit option 1-minute OHLC close at 10:00 NY snapshot; option-denominated close converted to USD with snapshot BTC-PERPETUAL close,26439.097,0.004606,0.460587,30337.034,-0.128488,-12.848774,0.021045,2.104548,-0.035295,-3.529521,true,true,
2023-06-21,10:00,14:00,1687356000000,24,BTC-23JUN23-27000-C,29327,2448.8045,0.0835,Deribit option 1-minute OHLC close at 10:00 NY snapshot; option-denominated close converted to USD with snapshot BTC-PERPETUAL close,26878.1955,0.016608,1.660792,30337.034,-0.114014,-11.401373,0.020806,2.080593,-0.035295,-3.529521,true,true,
2023-06-22,10:00,14:00,1687442400000,24,BTC-23JUN23-27000-C,30241.5,3205.599,0.106,Deribit option 1-minute OHLC close at 10:00 NY snapshot; option-denominated close converted to USD with snapshot BTC-PERPETUAL close,27035.901,0.005867,0.586741,30337.034,-0.108815,-10.881528,0.020223,2.022323,-0.035295,-3.529521,true,true,
2023-06-23,10:00,14:00,1687528800000,25,BTC-30JUN23-31000-C,30103,451.545,0.015,Deribit option 1-minute OHLC close at 10:00 NY snapshot; option-denominated close converted to USD with snapshot BTC-PERPETUAL close,29651.455,0.096744,9.674373,30337.034,-0.022599,-2.259875,0.030757,3.075714,-0.034937,-3.493712,true,true,
2023-06-24,10:00,14:00,1687615200000,25,BTC-30JUN23-31000-C,30675.5,582.8345,0.019,Deribit option 1-minute OHLC close at 10:00 NY snapshot; option-denominated close converted to USD with snapshot BTC-PERPETUAL close,30092.6655,0.01488,1.487989,30337.034,-0.008055,-0.805512,0.030042,3.004207,-0.034937,-3.493712,true,true,
2023-06-25,10:00,14:00,1687701600000,25,BTC-30JUN23-31000-C,30728,491.648,0.016,Deribit option 1-minute OHLC close at 10:00 NY snapshot; option-denominated close converted to USD with snapshot BTC-PERPETUAL close,30236.352,0.004775,0.47748,30337.034,-0.003319,-0.331878,0.02915,2.915034,-0.034937,-3.493712,true,true,
2023-06-26,10:00,14:00,1687788000000,25,BTC-30JUN23-31000-C,30593.5,474.19925,0.0155,Deribit option 1-minute OHLC close at 10:00 NY snapshot; option-denominated close converted to USD with snapshot BTC-PERPETUAL close,30119.30075,-0.003871,-0.387121,30337.034,-0.007177,-0.717714,0.028278,2.827821,-0.034571,-3.457082,true,true,
2023-06-27,10:00,14:00,1687874400000,25,BTC-30JUN23-31000-C,30618.5,367.422,0.012,Deribit option 1-minute OHLC close at 10:00 NY snapshot; option-denominated close converted to USD with snapshot BTC-PERPETUAL close,30251.078,0.004375,0.437518,30337.034,-0.002833,-0.283337,0.027438,2.743768,-0.03023,-3.023049,true,true,
2023-06-28,10:00,14:00,1687960800000,25,BTC-30JUN23-31000-C,30199.5,150.9975,0.005,Deribit option 1-minute OHLC close at 10:00 NY snapshot; option-denominated close converted to USD with snapshot BTC-PERPETUAL close,30048.5025,-0.006696,-0.669647,30337.034,-0.009511,-0.951087,0.026652,2.665234,-0.03023,-3.023049,true,true,
2023-06-29,10:00,14:00,1688047200000,25,BTC-30JUN23-31000-C,30625.5,122.502,0.004,Deribit option 1-minute OHLC close at 10:00 NY snapshot; option-denominated close converted to USD with snapshot BTC-PERPETUAL close,30502.998,0.015125,1.51254,30502.998,0,0,0.026105,2.610465,-0.03023,-3.023049,true,true,
2023-06-30,10:00,14:00,1688133600000,26,,30142,,,,,,,30502.998,,,0.026105,2.610465,-0.03023,-3.023049,true,false,missing_observed_option_instrument; synthetic/theoretical cycle excluded from option valuation
2023-07-01,10:00,14:00,1688220000000,26,,30581,,,,,,,30502.998,,,0.026105,2.610465,-0.03023,-3.023049,true,false,missing_observed_option_instrument; synthetic/theoretical cycle excluded from option valuation
2023-07-02,10:00,14:00,1688306400000,26,,30540,,,,,,,30502.998,,,0.026105,2.610465,-0.03023,-3.023049,true,false,missing_observed_option_instrument; synthetic/theoretical cycle excluded from option valuation
2023-07-03,10:00,14:00,1688392800000,26,,30692.5,,,,,,,30502.998,,,0.026105,2.610465,-0.03023,-3.023049,true,false,missing_observed_option_instrument; synthetic/theoretical cycle excluded from option valuation
2023-07-04,10:00,14:00,1688479200000,26,,31031,,,,,,,30502.998,,,0.026105,2.610465,-0.03023,-3.023049,true,false,missing_observed_option_instrument; synthetic/theoretical cycle excluded from option valuation
2023-07-05,10:00,14:00,1688565600000,26,,30374,,,,,,,30502.998,,,0.026105,2.610465,-0.03023,-3.023049,true,false,missing_observed_option_instrument; synthetic/theoretical cycle excluded from option valuation
2023-07-06,10:00,14:00,1688652000000,26,,30390,,,,,,,30502.998,,,0.026105,2.610465,-0.03023,-3.023049,true,false,missing_observed_option_instrument; synthetic/theoretical cycle excluded from option valuation
2023-07-07,10:00,14:00,1688738400000,27,BTC-14JUL23-32000-C,30408,182.448,0.006,Deribit option 1-minute OHLC close at 10:00 NY snapshot; option-denominated close converted to USD with snapshot BTC-PERPETUAL close,30225.552,,,30502.998,-0.009096,-0.90957,0.026105,2.610465,-0.03023,-3.023049,true,true,daily_return_not_computed_across_missing_mtm_gap
2023-07-08,10:00,14:00,1688824800000,27,BTC-14JUL23-32000-C,30233.5,96.7472,0.0032,Deribit option 1-minute OHLC close at 10:00 NY snapshot; option-denominated close converted to USD with snapshot BTC-PERPETUAL close,30136.7528,-0.002938,-0.293789,30502.998,-0.012007,-1.200686,0.02532,2.531963,-0.03023,-3.023049,true,true,
2023-07-09,10:00,14:00,1688911200000,27,BTC-14JUL23-32000-C,30270.5,96.8656,0.0032,Deribit option 1-minute OHLC close at 10:00 NY snapshot; option-denominated close converted to USD with snapshot BTC-PERPETUAL close,30173.6344,0.001224,0.122381,30502.998,-0.010798,-1.079775,0.02455,2.455012,-0.03023,-3.023049,true,true,
2023-07-10,10:00,14:00,1688997600000,27,BTC-14JUL23-32000-C,30246,105.861,0.0035,Deribit option 1-minute OHLC close at 10:00 NY snapshot; option-denominated close converted to USD with snapshot BTC-PERPETUAL close,30140.139,-0.00111,-0.111009,30502.998,-0.011896,-1.189585,0.023804,2.380378,-0.03023,-3.023049,true,true,
2023-07-11,10:00,14:00,1689084000000,27,BTC-14JUL23-32000-C,30476.5,73.1436,0.0024,Deribit option 1-minute OHLC close at 10:00 NY snapshot; option-denominated close converted to USD with snapshot BTC-PERPETUAL close,30403.3564,0.008733,0.873312,30502.998,-0.003267,-0.326662,0.023178,2.317755,-0.03023,-3.023049,true,true,
2023-07-12,10:00,14:00,1689170400000,27,BTC-14JUL23-32000-C,30688.5,76.72125,0.0025,Deribit option 1-minute OHLC close at 10:00 NY snapshot; option-denominated close converted to USD with snapshot BTC-PERPETUAL close,30611.77875,0.006855,0.685524,30611.77875,0,0,0.022534,2.253412,-0.03023,-3.023049,true,true,
2023-07-13,10:00,14:00,1689256800000,27,BTC-14JUL23-32000-C,30697.5,15.34875,0.0005,Deribit option 1-minute OHLC close at 10:00 NY snapshot; option-denominated close converted to USD with snapshot BTC-PERPETUAL close,30682.15125,0.002299,0.229887,30682.15125,0,0,0.021855,2.185489,-0.03023,-3.023049,true,true,
2023-07-14,10:00,14:00,1689343200000,28,BTC-21JUL23-33000-C,31264,234.48,0.0075,Deribit option 1-minute OHLC close at 10:00 NY snapshot; option-denominated close converted to USD with snapshot BTC-PERPETUAL close,31029.52,0.011322,1.132153,31029.52,0,0,0.02137,2.136981,-0.03023,-3.023049,true,true,
2023-07-15,10:00,14:00,1689429600000,28,BTC-21JUL23-33000-C,30342.5,45.51375,0.0015,Deribit option 1-minute OHLC close at 10:00 NY snapshot; option-denominated close converted to USD with snapshot BTC-PERPETUAL close,30296.98625,-0.023608,-2.360764,31029.52,-0.023608,-2.360764,0.021511,2.151065,-0.03023,-3.023049,true,true,
2023-07-16,10:00,14:00,1689516000000,28,BTC-21JUL23-33000-C,30329,39.4277,0.0013,Deribit option 1-minute OHLC close at 10:00 NY snapshot; option-denominated close converted to USD with snapshot BTC-PERPETUAL close,30289.5723,-0.000245,-0.024471,31029.52,-0.023847,-2.384657,0.020855,2.085543,-0.03023,-3.023049,true,true,
2023-07-17,10:00,14:00,1689602400000,28,BTC-21JUL23-33000-C,30285.5,33.31405,0.0011,Deribit option 1-minute OHLC close at 10:00 NY snapshot; option-denominated close converted to USD with snapshot BTC-PERPETUAL close,30252.18595,-0.001234,-0.12343,31029.52,-0.025051,-2.505144,0.020222,2.022235,-0.029064,-2.906362,true,true,
2023-07-18,10:00,14:00,1689688800000,28,BTC-21JUL23-33000-C,29874,17.9244,0.0006,Deribit option 1-minute OHLC close at 10:00 NY snapshot; option-denominated close converted to USD with snapshot BTC-PERPETUAL close,29856.0756,-0.013094,-1.309361,31029.52,-0.037817,-3.781703,0.019867,1.986689,-0.029064,-2.906362,true,true,
2023-07-19,10:00,14:00,1689775200000,28,BTC-21JUL23-33000-C,30043.5,15.02175,0.0005,Deribit option 1-minute OHLC close at 10:00 NY snapshot; option-denominated close converted to USD with snapshot BTC-PERPETUAL close,30028.47825,0.005774,0.577446,31029.52,-0.032261,-3.226095,0.019314,1.931353,-0.018876,-1.887633,true,true,
2023-07-20,10:00,14:00,1689861600000,28,BTC-21JUL23-33000-C,30233.5,3.02335,0.0001,Deribit option 1-minute OHLC close at 10:00 NY snapshot; option-denominated close converted to USD with snapshot BTC-PERPETUAL close,30230.47665,0.006727,0.672689,31029.52,-0.025751,-2.575107,0.018798,1.879752,-0.018876,-1.887633,true,true,
2023-07-21,10:00,14:00,1689948000000,29,BTC-28JUL23-31000-C,29822.5,208.7575,0.007,Deribit option 1-minute OHLC close at 10:00 NY snapshot; option-denominated close converted to USD with snapshot BTC-PERPETUAL close,29613.7425,-0.020401,-2.040107,31029.52,-0.045627,-4.562679,0.018898,1.889757,-0.018876,-1.887633,true,true,
2023-07-22,10:00,14:00,1690034400000,29,BTC-28JUL23-31000-C,29864.5,146.33605,0.0049,Deribit option 1-minute OHLC close at 10:00 NY snapshot; option-denominated close converted to USD with snapshot BTC-PERPETUAL close,29718.16395,0.003526,0.352611,31029.52,-0.042262,-4.226156,0.018342,1.834222,-0.022165,-2.216468,true,true,
2023-07-23,10:00,14:00,1690120800000,29,BTC-28JUL23-31000-C,29900,128.57,0.0043,Deribit option 1-minute OHLC close at 10:00 NY snapshot; option-denominated close converted to USD with snapshot BTC-PERPETUAL close,29771.43,0.001792,0.179237,31029.52,-0.040545,-4.054494,0.017789,1.778886,-0.022165,-2.216468,true,true,
2023-07-24,10:00,14:00,1690207200000,29,BTC-28JUL23-31000-C,29185,58.37,0.002,Deribit option 1-minute OHLC close at 10:00 NY snapshot; option-denominated close converted to USD with snapshot BTC-PERPETUAL close,29126.63,-0.021658,-2.165835,31029.52,-0.061325,-6.132515,0.018044,1.804445,-0.017113,-1.711271,true,true,
2023-07-25,10:00,14:00,1690293600000,29,BTC-28JUL23-31000-C,29290,49.793,0.0017,Deribit option 1-minute OHLC close at 10:00 NY snapshot; option-denominated close converted to USD with snapshot BTC-PERPETUAL close,29240.207,0.003899,0.389942,31029.52,-0.057665,-5.766486,0.017521,1.75208,-0.021093,-2.109257,true,true,
2023-07-26,10:00,14:00,1690380000000,29,BTC-28JUL23-31000-C,29316.5,35.1798,0.0012,Deribit option 1-minute OHLC close at 10:00 NY snapshot; option-denominated close converted to USD with snapshot BTC-PERPETUAL close,29281.3202,0.001406,0.140605,31029.52,-0.05634,-5.633989,0.016991,1.699053,-0.021093,-2.109257,true,true,
2023-07-27,10:00,14:00,1690466400000,29,BTC-28JUL23-31000-C,29446.5,8.83395,0.0003,Deribit option 1-minute OHLC close at 10:00 NY snapshot; option-denominated close converted to USD with snapshot BTC-PERPETUAL close,29437.66605,0.005339,0.533944,31029.52,-0.051301,-5.130128,0.016525,1.652477,-0.021093,-2.109257,true,true,
2023-07-28,10:00,14:00,1690552800000,30,,29304.5,,,,,,,31029.52,,,0.016525,1.652477,-0.021093,-2.109257,true,false,missing_observed_option_instrument; synthetic/theoretical cycle excluded from option valuation
2023-07-29,10:00,14:00,1690639200000,30,,29304,,,,,,,31029.52,,,0.016525,1.652477,-0.021093,-2.109257,true,false,missing_observed_option_instrument; synthetic/theoretical cycle excluded from option valuation
2023-07-30,10:00,14:00,1690725600000,30,,29292.5,,,,,,,31029.52,,,0.016525,1.652477,-0.021093,-2.109257,true,false,missing_observed_option_instrument; synthetic/theoretical cycle excluded from option valuation
2023-07-31,10:00,14:00,1690812000000,30,,29344,,,,,,,31029.52,,,0.016525,1.652477,-0.021093,-2.109257,true,false,missing_observed_option_instrument; synthetic/theoretical cycle excluded from option valuation
2023-08-01,10:00,14:00,1690898400000,30,,28880,,,,,,,31029.52,,,0.016525,1.652477,-0.021093,-2.109257,true,false,missing_observed_option_instrument; synthetic/theoretical cycle excluded from option valuation
2023-08-02,10:00,14:00,1690984800000,30,,29391,,,,,,,31029.52,,,0.016525,1.652477,-0.021093,-2.109257,true,false,missing_observed_option_instrument; synthetic/theoretical cycle excluded from option valuation
2023-08-03,10:00,14:00,1691071200000,30,,29195,,,,,,,31029.52,,,0.016525,1.652477,-0.021093,-2.109257,true,false,missing_observed_option_instrument; synthetic/theoretical cycle excluded from option valuation
2023-08-04,10:00,14:00,1691157600000,31,BTC-11AUG23-31000-C,29223.5,84.74815,0.0029,Deribit option 1-minute OHLC close at 10:00 NY snapshot; option-denominated close converted to USD with snapshot BTC-PERPETUAL close,29138.75185,,,31029.52,-0.060934,-6.09345,0.016525,1.652477,-0.021093,-2.109257,true,true,daily_return_not_computed_across_missing_mtm_gap
2023-08-05,10:00,14:00,1691244000000,31,BTC-11AUG23-31000-C,29016,66.7368,0.0023,Deribit option 1-minute OHLC close at 10:00 NY snapshot; option-denominated close converted to USD with snapshot BTC-PERPETUAL close,28949.2632,-0.006503,-0.650298,31029.52,-0.067041,-6.704122,0.0161,1.610035,-0.021093,-2.109257,true,true,
2023-08-06,10:00,14:00,1691330400000,31,BTC-11AUG23-31000-C,29000,55.1,0.0019,Deribit option 1-minute OHLC close at 10:00 NY snapshot; option-denominated close converted to USD with snapshot BTC-PERPETUAL close,28944.9,-0.000151,-0.015072,31029.52,-0.067182,-6.718183,0.01561,1.560991,-0.021093,-2.109257,true,true,
2023-08-07,10:00,14:00,1691416800000,31,BTC-11AUG23-31000-C,28992,40.5888,0.0014,Deribit option 1-minute OHLC close at 10:00 NY snapshot; option-denominated close converted to USD with snapshot BTC-PERPETUAL close,28951.4112,0.000225,0.022495,31029.52,-0.066972,-6.697199,0.015134,1.513447,-0.021093,-2.109257,true,true,
2023-08-08,10:00,14:00,1691503200000,31,BTC-11AUG23-31000-C,29349.5,58.699,0.002,Deribit option 1-minute OHLC close at 10:00 NY snapshot; option-denominated close converted to USD with snapshot BTC-PERPETUAL close,29290.801,0.011723,1.172274,31029.52,-0.056034,-5.603435,0.014952,1.495174,-0.021093,-2.109257,true,true,
2023-08-09,10:00,14:00,1691589600000,31,BTC-11AUG23-31000-C,29894,77.7244,0.0026,Deribit option 1-minute OHLC close at 10:00 NY snapshot; option-denominated close converted to USD with snapshot BTC-PERPETUAL close,29816.2756,0.01794,1.793992,31029.52,-0.0391,-3.909968,0.015148,1.514766,-0.021093,-2.109257,true,true,
2023-08-10,10:00,14:00,1691676000000,31,BTC-11AUG23-31000-C,29694.5,5.9389,0.0002,Deribit option 1-minute OHLC close at 10:00 NY snapshot; option-denominated close converted to USD with snapshot BTC-PERPETUAL close,29688.5611,-0.004283,-0.428338,31029.52,-0.043216,-4.321559,0.014724,1.472364,-0.021093,-2.109257,true,true,
2023-08-11,10:00,14:00,1691762400000,32,BTC-18AUG23-31000-C,29461,111.9518,0.0038,Deribit option 1-minute OHLC close at 10:00 NY snapshot; option-denominated close converted to USD with snapshot BTC-PERPETUAL close,29349.0482,-0.011436,-1.143582,31029.52,-0.054157,-5.41572,0.014547,1.454734,-0.021093,-2.109257,true,true,
2023-08-12,10:00,14:00,1691848800000,32,BTC-18AUG23-31000-C,29411,58.822,0.002,Deribit option 1-minute OHLC close at 10:00 NY snapshot; option-denominated close converted to USD with snapshot BTC-PERPETUAL close,29352.178,0.000107,0.010664,31029.52,-0.054056,-5.405633,0.014104,1.410419,-0.021093,-2.109257,true,true,
2023-08-13,10:00,14:00,1691935200000,32,BTC-18AUG23-31000-C,29375.5,55.81345,0.0019,Deribit option 1-minute OHLC close at 10:00 NY snapshot; option-denominated close converted to USD with snapshot BTC-PERPETUAL close,29319.68655,-0.001107,-0.110695,31029.52,-0.055103,-5.510345,0.013677,1.367721,-0.021093,-2.109257,true,true,
2023-08-14,10:00,14:00,1692021600000,32,BTC-18AUG23-31000-C,29356.5,35.2278,0.0012,Deribit option 1-minute OHLC close at 10:00 NY snapshot; option-denominated close converted to USD with snapshot BTC-PERPETUAL close,29321.2722,0.000054,0.005408,31029.52,-0.055052,-5.505234,0.013261,1.326055,-0.021093,-2.109257,true,true,
2023-08-15,10:00,14:00,1692108000000,32,BTC-18AUG23-31000-C,29351.5,61.63815,0.0021,Deribit option 1-minute OHLC close at 10:00 NY snapshot; option-denominated close converted to USD with snapshot BTC-PERPETUAL close,29289.86185,-0.001071,-0.107125,31029.52,-0.056065,-5.606462,0.012859,1.285926,-0.021093,-2.109257,true,true,
2023-08-16,10:00,14:00,1692194400000,32,BTC-18AUG23-31000-C,29064,8.7192,0.0003,Deribit option 1-minute OHLC close at 10:00 NY snapshot; option-denominated close converted to USD with snapshot BTC-PERPETUAL close,29055.2808,-0.008009,-0.800895,31029.52,-0.063625,-6.362455,0.012621,1.262091,-0.021093,-2.109257,true,true,
2023-08-17,10:00,14:00,1692280800000,32,BTC-18AUG23-31000-C,28367,5.6734,0.0002,Deribit option 1-minute OHLC close at 10:00 NY snapshot; option-denominated close converted to USD with snapshot BTC-PERPETUAL close,28361.3266,-0.023884,-2.388393,31029.52,-0.085989,-8.598887,0.013563,1.356307,-0.021093,-2.109257,true,true,
2023-08-18,10:00,14:00,1692367200000,33,BTC-25AUG23-28000-C,26229,144.2595,0.0055,Deribit option 1-minute OHLC close at 10:00 NY snapshot; option-denominated close converted to USD with snapshot BTC-PERPETUAL close,26084.7405,-0.080271,-8.027079,31029.52,-0.159357,-15.935727,0.023654,2.365425,-0.02273,-2.273046,true,true,
2023-08-19,10:00,14:00,1692453600000,33,BTC-25AUG23-28000-C,25919,49.2461,0.0019,Deribit option 1-minute OHLC close at 10:00 NY snapshot; option-denominated close converted to USD with snapshot BTC-PERPETUAL close,25869.7539,-0.008242,-0.824185,31029.52,-0.166286,-16.628572,0.023022,2.302233,-0.02376,-2.37596,true,true,
2023-08-20,10:00,14:00,1692540000000,33,BTC-25AUG23-28000-C,26139,52.278,0.002,Deribit option 1-minute OHLC close at 10:00 NY snapshot; option-denominated close converted to USD with snapshot BTC-PERPETUAL close,26086.722,0.008387,0.838694,31029.52,-0.159293,-15.929341,0.022415,2.241532,-0.02376,-2.37596,true,true,
2023-08-21,10:00,14:00,1692626400000,33,BTC-25AUG23-28000-C,26123.5,57.4717,0.0022,Deribit option 1-minute OHLC close at 10:00 NY snapshot; option-denominated close converted to USD with snapshot BTC-PERPETUAL close,26066.0283,-0.000793,-0.079327,31029.52,-0.15996,-15.996031,0.021733,2.173332,-0.02376,-2.37596,true,true,
2023-08-22,10:00,14:00,1692712800000,33,BTC-25AUG23-28000-C,25984,33.7792,0.0013,Deribit option 1-minute OHLC close at 10:00 NY snapshot; option-denominated close converted to USD with snapshot BTC-PERPETUAL close,25950.2208,-0.004443,-0.444285,31029.52,-0.163692,-16.369248,0.021099,2.109932,-0.02376,-2.37596,true,true,
2023-08-23,10:00,14:00,1692799200000,33,BTC-25AUG23-28000-C,25993.5,10.3974,0.0004,Deribit option 1-minute OHLC close at 10:00 NY snapshot; option-denominated close converted to USD with snapshot BTC-PERPETUAL close,25983.1026,0.001267,0.126711,31029.52,-0.162633,-16.263279,0.020459,2.045891,-0.022882,-2.288242,true,true,
2023-08-24,10:00,14:00,1692885600000,33,BTC-25AUG23-28000-C,26343.5,7.90305,0.0003,Deribit option 1-minute OHLC close at 10:00 NY snapshot; option-denominated close converted to USD with snapshot BTC-PERPETUAL close,26335.59695,0.013566,1.356629,31029.52,-0.151273,-15.127282,0.020112,2.011208,-0.022882,-2.288242,true,true,
2023-08-25,10:00,14:00,1692972000000,34,,26059.5,,,,,,,31029.52,,,0.020112,2.011208,-0.022882,-2.288242,true,false,missing_observed_option_instrument; synthetic/theoretical cycle excluded from option valuation
2023-08-26,10:00,14:00,1693058400000,34,,26033,,,,,,,31029.52,,,0.020112,2.011208,-0.022882,-2.288242,true,false,missing_observed_option_instrument; synthetic/theoretical cycle excluded from option valuation
2023-08-27,10:00,14:00,1693144800000,34,,26065,,,,,,,31029.52,,,0.020112,2.011208,-0.022882,-2.288242,true,false,missing_observed_option_instrument; synthetic/theoretical cycle excluded from option valuation
2023-08-28,10:00,14:00,1693231200000,34,,26081.5,,,,,,,31029.52,,,0.020112,2.011208,-0.022882,-2.288242,true,false,missing_observed_option_instrument; synthetic/theoretical cycle excluded from option valuation
2023-08-29,10:00,14:00,1693317600000,34,,26089.5,,,,,,,31029.52,,,0.020112,2.011208,-0.022882,-2.288242,true,false,missing_observed_option_instrument; synthetic/theoretical cycle excluded from option valuation
2023-08-30,10:00,14:00,1693404000000,34,,27364.5,,,,,,,31029.52,,,0.020112,2.011208,-0.022882,-2.288242,true,false,missing_observed_option_instrument; synthetic/theoretical cycle excluded from option valuation
2023-08-31,10:00,14:00,1693490400000,34,,27151.5,,,,,,,31029.52,,,0.020112,2.011208,-0.022882,-2.288242,true,false,missing_observed_option_instrument; synthetic/theoretical cycle excluded from option valuation
2023-09-01,10:00,14:00,1693576800000,35,,25960,,,,,,,31029.52,,,0.020112,2.011208,-0.022882,-2.288242,true,false,missing_observed_option_instrument; synthetic/theoretical cycle excluded from option valuation
2023-09-02,10:00,14:00,1693663200000,35,,25829,,,,,,,31029.52,,,0.020112,2.011208,-0.022882,-2.288242,true,false,missing_observed_option_instrument; synthetic/theoretical cycle excluded from option valuation
2023-09-03,10:00,14:00,1693749600000,35,,25894.5,,,,,,,31029.52,,,0.020112,2.011208,-0.022882,-2.288242,true,false,missing_observed_option_instrument; synthetic/theoretical cycle excluded from option valuation
2023-09-04,10:00,14:00,1693836000000,35,,25881,,,,,,,31029.52,,,0.020112,2.011208,-0.022882,-2.288242,true,false,missing_observed_option_instrument; synthetic/theoretical cycle excluded from option valuation
2023-09-05,10:00,14:00,1693922400000,35,,25726,,,,,,,31029.52,,,0.020112,2.011208,-0.022882,-2.288242,true,false,missing_observed_option_instrument; synthetic/theoretical cycle excluded from option valuation
2023-09-06,10:00,14:00,1694008800000,35,,25706.5,,,,,,,31029.52,,,0.020112,2.011208,-0.022882,-2.288242,true,false,missing_observed_option_instrument; synthetic/theoretical cycle excluded from option valuation
2023-09-07,10:00,14:00,1694095200000,35,,25614.5,,,,,,,31029.52,,,0.020112,2.011208,-0.022882,-2.288242,true,false,missing_observed_option_instrument; synthetic/theoretical cycle excluded from option valuation
2023-09-08,10:00,14:00,1694181600000,36,BTC-15SEP23-28000-C,25895.5,36.2537,0.0014,Deribit option 1-minute OHLC close at 10:00 NY snapshot; option-denominated close converted to USD with snapshot BTC-PERPETUAL close,25859.2463,,,31029.52,-0.166624,-16.662435,0.020112,2.011208,-0.022882,-2.288242,true,true,daily_return_not_computed_across_missing_mtm_gap
2023-09-09,10:00,14:00,1694268000000,36,BTC-15SEP23-28000-C,25817,23.2353,0.0009,Deribit option 1-minute OHLC close at 10:00 NY snapshot; option-denominated close converted to USD with snapshot BTC-PERPETUAL close,25793.7647,-0.002532,-0.253223,31029.52,-0.168735,-16.873465,0.019509,1.950924,-0.022882,-2.288242,true,true,
2023-09-10,10:00,14:00,1694354400000,36,BTC-15SEP23-28000-C,25805,23.2245,0.0009,Deribit option 1-minute OHLC close at 10:00 NY snapshot; option-denominated close converted to USD with snapshot BTC-PERPETUAL close,25781.7755,-0.000465,-0.046481,31029.52,-0.169121,-16.912103,0.018915,1.891526,-0.022882,-2.288242,true,true,
2023-09-11,10:00,14:00,1694440800000,36,BTC-15SEP23-28000-C,25610.5,17.92735,0.0007,Deribit option 1-minute OHLC close at 10:00 NY snapshot; option-denominated close converted to USD with snapshot BTC-PERPETUAL close,25592.57265,-0.007339,-0.733863,31029.52,-0.175219,-17.521855,0.018427,1.842691,-0.022882,-2.288242,true,true,
2023-09-12,10:00,14:00,1694527200000,36,BTC-15SEP23-28000-C,26306,21.0448,0.0008,Deribit option 1-minute OHLC close at 10:00 NY snapshot; option-denominated close converted to USD with snapshot BTC-PERPETUAL close,26284.9552,0.027054,2.705404,31029.52,-0.152905,-15.290487,0.019055,1.905501,-0.022882,-2.288242,true,true,
2023-09-13,10:00,14:00,1694613600000,36,BTC-15SEP23-28000-C,26135,13.0675,0.0005,Deribit option 1-minute OHLC close at 10:00 NY snapshot; option-denominated close converted to USD with snapshot BTC-PERPETUAL close,26121.9325,-0.006202,-0.620213,31029.52,-0.158159,-15.815867,0.018537,1.853687,-0.022882,-2.288242,true,true,
2023-09-14,10:00,14:00,1694700000000,36,BTC-15SEP23-28000-C,26625.5,15.9753,0.0006,Deribit option 1-minute OHLC close at 10:00 NY snapshot; option-denominated close converted to USD with snapshot BTC-PERPETUAL close,26609.5247,0.018666,1.866601,31029.52,-0.142445,-14.244485,0.018545,1.854465,-0.022882,-2.288242,true,true,
2023-09-15,10:00,14:00,1694786400000,37,BTC-22SEP23-28000-C,26390.5,58.0591,0.0022,Deribit option 1-minute OHLC close at 10:00 NY snapshot; option-denominated close converted to USD with snapshot BTC-PERPETUAL close,26332.4409,-0.010413,-1.041296,31029.52,-0.151375,-15.137453,0.01816,1.815972,-0.022882,-2.288242,true,true,
2023-09-16,10:00,14:00,1694872800000,37,BTC-22SEP23-28000-C,26565,53.13,0.002,Deribit option 1-minute OHLC close at 10:00 NY snapshot; option-denominated close converted to USD with snapshot BTC-PERPETUAL close,26511.87,0.006814,0.681399,31029.52,-0.145592,-14.5592,0.017685,1.768544,-0.018282,-1.828228,true,true,
2023-09-17,10:00,14:00,1694959200000,37,BTC-22SEP23-28000-C,26549,50.4431,0.0019,Deribit option 1-minute OHLC close at 10:00 NY snapshot; option-denominated close converted to USD with snapshot BTC-PERPETUAL close,26498.5569,-0.000502,-0.050216,31029.52,-0.146021,-14.602105,0.017147,1.714711,-0.018282,-1.828228,true,true,
2023-09-18,10:00,14:00,1695045600000,37,BTC-22SEP23-28000-C,27287,150.0785,0.0055,Deribit option 1-minute OHLC close at 10:00 NY snapshot; option-denominated close converted to USD with snapshot BTC-PERPETUAL close,27136.9215,0.024091,2.409054,31029.52,-0.125448,-12.544823,0.017641,1.764095,-0.018282,-1.828228,true,true,
2023-09-19,10:00,14:00,1695132000000,37,BTC-22SEP23-28000-C,26976,102.5088,0.0038,Deribit option 1-minute OHLC close at 10:00 NY snapshot; option-denominated close converted to USD with snapshot BTC-PERPETUAL close,26873.4912,-0.009707,-0.970745,31029.52,-0.133938,-13.39379,0.017268,1.726804,-0.018282,-1.828228,true,true,
2023-09-20,10:00,14:00,1695218400000,37,BTC-22SEP23-28000-C,27148,81.444,0.003,Deribit option 1-minute OHLC close at 10:00 NY snapshot; option-denominated close converted to USD with snapshot BTC-PERPETUAL close,27066.556,0.007184,0.718421,31029.52,-0.127716,-12.771593,0.016834,1.683421,-0.018282,-1.828228,true,true,
2023-09-21,10:00,14:00,1695304800000,37,BTC-22SEP23-28000-C,26387,2.6387,0.0001,Deribit option 1-minute OHLC close at 10:00 NY snapshot; option-denominated close converted to USD with snapshot BTC-PERPETUAL close,26384.3613,-0.025204,-2.520434,31029.52,-0.149701,-14.970127,0.01745,1.745001,-0.018282,-1.828228,true,true,
2023-09-22,10:00,14:00,1695391200000,38,BTC-29SEP23-28000-C,26605.5,66.51375,0.0025,Deribit option 1-minute OHLC close at 10:00 NY snapshot; option-denominated close converted to USD with snapshot BTC-PERPETUAL close,26538.98625,0.00586,0.586048,31029.52,-0.144718,-14.471812,0.016979,1.69792,-0.02461,-2.461015,true,true,
2023-09-23,10:00,14:00,1695477600000,38,BTC-29SEP23-28000-C,26581,37.2134,0.0014,Deribit option 1-minute OHLC close at 10:00 NY snapshot; option-denominated close converted to USD with snapshot BTC-PERPETUAL close,26543.7866,0.000181,0.018088,31029.52,-0.144563,-14.456342,0.016462,1.646201,-0.02461,-2.461015,true,true,
2023-09-24,10:00,14:00,1695564000000,38,BTC-29SEP23-28000-C,26601,42.5616,0.0016,Deribit option 1-minute OHLC close at 10:00 NY snapshot; option-denominated close converted to USD with snapshot BTC-PERPETUAL close,26558.4384,0.000552,0.055199,31029.52,-0.144091,-14.409123,0.015961,1.596108,-0.02461,-2.461015,true,true,
2023-09-25,10:00,14:00,1695650400000,38,BTC-29SEP23-28000-C,26160,20.928,0.0008,Deribit option 1-minute OHLC close at 10:00 NY snapshot; option-denominated close converted to USD with snapshot BTC-PERPETUAL close,26139.072,-0.01579,-1.579033,31029.52,-0.157606,-15.760631,0.015951,1.595089,-0.02461,-2.461015,true,true,
2023-09-26,10:00,14:00,1695736800000,38,BTC-29SEP23-28000-C,26176,13.088,0.0005,Deribit option 1-minute OHLC close at 10:00 NY snapshot; option-denominated close converted to USD with snapshot BTC-PERPETUAL close,26162.912,0.000912,0.091204,31029.52,-0.156838,-15.6838,0.015467,1.546657,-0.02461,-2.461015,true,true,
2023-09-27,10:00,14:00,1695823200000,38,BTC-29SEP23-28000-C,26599.5,13.29975,0.0005,Deribit option 1-minute OHLC close at 10:00 NY snapshot; option-denominated close converted to USD with snapshot BTC-PERPETUAL close,26586.20025,0.016179,1.617894,31029.52,-0.143197,-14.319654,0.01551,1.551024,-0.02461,-2.461015,true,true,
2023-09-28,10:00,14:00,1695909600000,38,BTC-29SEP23-28000-C,26600,5.32,0.0002,Deribit option 1-minute OHLC close at 10:00 NY snapshot; option-denominated close converted to USD with snapshot BTC-PERPETUAL close,26594.68,0.000319,0.031895,31029.52,-0.142923,-14.292326,0.015038,1.503794,-0.02461,-2.461015,true,true,
2023-09-29,10:00,14:00,1695996000000,39,,26906,,,,,,,31029.52,,,0.015038,1.503794,-0.02461,-2.461015,true,false,missing_observed_option_instrument; synthetic/theoretical cycle excluded from option valuation
2023-09-30,10:00,14:00,1696082400000,39,,26988,,,,,,,31029.52,,,0.015038,1.503794,-0.02461,-2.461015,true,false,missing_observed_option_instrument; synthetic/theoretical cycle excluded from option valuation
2023-10-01,10:00,14:00,1696168800000,39,,27206.5,,,,,,,31029.52,,,0.015038,1.503794,-0.02461,-2.461015,true,false,missing_observed_option_instrument; synthetic/theoretical cycle excluded from option valuation
2023-10-02,10:00,14:00,1696255200000,39,,28497,,,,,,,31029.52,,,0.015038,1.503794,-0.02461,-2.461015,true,false,missing_observed_option_instrument; synthetic/theoretical cycle excluded from option valuation
2023-10-03,10:00,14:00,1696341600000,39,,27516,,,,,,,31029.52,,,0.015038,1.503794,-0.02461,-2.461015,true,false,missing_observed_option_instrument; synthetic/theoretical cycle excluded from option valuation
2023-10-04,10:00,14:00,1696428000000,39,,27427.5,,,,,,,31029.52,,,0.015038,1.503794,-0.02461,-2.461015,true,false,missing_observed_option_instrument; synthetic/theoretical cycle excluded from option valuation
2023-10-05,10:00,14:00,1696514400000,39,,27986.5,,,,,,,31029.52,,,0.015038,1.503794,-0.02461,-2.461015,true,false,missing_observed_option_instrument; synthetic/theoretical cycle excluded from option valuation
2023-10-06,10:00,14:00,1696600800000,40,BTC-13OCT23-29000-C,27522,66.0528,0.0024,Deribit option 1-minute OHLC close at 10:00 NY snapshot; option-denominated close converted to USD with snapshot BTC-PERPETUAL close,27455.9472,,,31029.52,-0.115167,-11.516687,0.015038,1.503794,-0.02461,-2.461015,true,true,daily_return_not_computed_across_missing_mtm_gap
2023-10-07,10:00,14:00,1696687200000,40,BTC-13OCT23-29000-C,27954,111.816,0.004,Deribit option 1-minute OHLC close at 10:00 NY snapshot; option-denominated close converted to USD with snapshot BTC-PERPETUAL close,27842.184,0.014068,1.406751,31029.52,-0.102719,-10.271947,0.014981,1.498148,-0.02461,-2.461015,true,true,
2023-10-08,10:00,14:00,1696773600000,40,BTC-13OCT23-29000-C,27958,114.6278,0.0041,Deribit option 1-minute OHLC close at 10:00 NY snapshot; option-denominated close converted to USD with snapshot BTC-PERPETUAL close,27843.3722,0.000043,0.004268,31029.52,-0.102681,-10.268118,0.014525,1.452509,-0.02461,-2.461015,true,true,
2023-10-09,10:00,14:00,1696860000000,40,BTC-13OCT23-29000-C,27518.5,49.5333,0.0018,Deribit option 1-minute OHLC close at 10:00 NY snapshot; option-denominated close converted to USD with snapshot BTC-PERPETUAL close,27468.9667,-0.013447,-1.344684,31029.52,-0.114747,-11.474729,0.014463,1.446266,-0.02461,-2.461015,true,true,
2023-10-10,10:00,14:00,1696946400000,40,BTC-13OCT23-29000-C,27401.5,27.4015,0.001,Deribit option 1-minute OHLC close at 10:00 NY snapshot; option-denominated close converted to USD with snapshot BTC-PERPETUAL close,27374.0985,-0.003454,-0.345365,31029.52,-0.117805,-11.780464,0.014048,1.404757,-0.020968,-2.096803,true,true,
2023-10-11,10:00,14:00,1697032800000,40,BTC-13OCT23-29000-C,27149.5,8.14485,0.0003,Deribit option 1-minute OHLC close at 10:00 NY snapshot; option-denominated close converted to USD with snapshot BTC-PERPETUAL close,27141.35515,-0.008502,-0.850232,31029.52,-0.125305,-12.530535,0.013778,1.377794,-0.014736,-1.473576,true,true,
2023-10-12,10:00,14:00,1697119200000,40,BTC-13OCT23-29000-C,26747.5,2.67475,0.0001,Deribit option 1-minute OHLC close at 10:00 NY snapshot; option-denominated close converted to USD with snapshot BTC-PERPETUAL close,26744.82525,-0.01461,-1.46098,31029.52,-0.138084,-13.808447,0.013829,1.382926,-0.014736,-1.473576,true,true,
2023-10-13,10:00,14:00,1697205600000,41,BTC-20OCT23-28000-C,26837.5,112.7175,0.0042,Deribit option 1-minute OHLC close at 10:00 NY snapshot; option-denominated close converted to USD with snapshot BTC-PERPETUAL close,26724.7825,-0.000749,-0.074941,31029.52,-0.13873,-13.873039,0.013409,1.340922,-0.015259,-1.525909,true,true,
2023-10-14,10:00,14:00,1697292000000,41,BTC-20OCT23-28000-C,26917.5,83.44425,0.0031,Deribit option 1-minute OHLC close at 10:00 NY snapshot; option-denominated close converted to USD with snapshot BTC-PERPETUAL close,26834.05575,0.004089,0.408884,31029.52,-0.135209,-13.52088,0.013039,1.303924,-0.015259,-1.525909,true,true,
2023-10-15,10:00,14:00,1697378400000,41,BTC-20OCT23-28000-C,26881,72.5787,0.0027,Deribit option 1-minute OHLC close at 10:00 NY snapshot; option-denominated close converted to USD with snapshot BTC-PERPETUAL close,26808.4213,-0.000955,-0.09553,31029.52,-0.136035,-13.603493,0.012644,1.264418,-0.015259,-1.525909,true,true,
2023-10-16,10:00,14:00,1697464800000,41,BTC-20OCT23-28000-C,28072,589.512,0.021,Deribit option 1-minute OHLC close at 10:00 NY snapshot; option-denominated close converted to USD with snapshot BTC-PERPETUAL close,27482.488,0.025144,2.514384,31029.52,-0.114312,-11.431153,0.013719,1.371917,-0.015259,-1.525909,true,true,
2023-10-17,10:00,14:00,1697551200000,41,BTC-20OCT23-28000-C,28336,453.376,0.016,Deribit option 1-minute OHLC close at 10:00 NY snapshot; option-denominated close converted to USD with snapshot BTC-PERPETUAL close,27882.624,0.01456,1.455967,31029.52,-0.101416,-10.14162,0.013771,1.377104,-0.015259,-1.525909,true,true,
2023-10-18,10:00,14:00,1697637600000,41,BTC-20OCT23-28000-C,28316.5,481.3805,0.017,Deribit option 1-minute OHLC close at 10:00 NY snapshot; option-denominated close converted to USD with snapshot BTC-PERPETUAL close,27835.1195,-0.001704,-0.170373,31029.52,-0.102947,-10.294715,0.013358,1.335804,-0.015259,-1.525909,true,true,
2023-10-19,10:00,14:00,1697724000000,41,BTC-20OCT23-28000-C,28472.5,441.32375,0.0155,Deribit option 1-minute OHLC close at 10:00 NY snapshot; option-denominated close converted to USD with snapshot BTC-PERPETUAL close,28031.17625,0.007044,0.70435,31029.52,-0.096629,-9.662875,0.013066,1.306552,-0.015259,-1.525909,true,true,
2023-10-20,10:00,14:00,1697810400000,42,BTC-27OCT23-31000-C,29674,222.555,0.0075,Deribit option 1-minute OHLC close at 10:00 NY snapshot; option-denominated close converted to USD with snapshot BTC-PERPETUAL close,29451.445,0.050667,5.066747,31029.52,-0.050857,-5.085722,0.017734,1.773406,-0.015259,-1.525909,true,true,
2023-10-21,10:00,14:00,1697896800000,42,BTC-27OCT23-31000-C,29787,178.722,0.006,Deribit option 1-minute OHLC close at 10:00 NY snapshot; option-denominated close converted to USD with snapshot BTC-PERPETUAL close,29608.278,0.005325,0.532514,31029.52,-0.045803,-4.58029,0.017243,1.724321,-0.015259,-1.525909,true,true,
2023-10-22,10:00,14:00,1697983200000,42,BTC-27OCT23-31000-C,29977.5,284.78625,0.0095,Deribit option 1-minute OHLC close at 10:00 NY snapshot; option-denominated close converted to USD with snapshot BTC-PERPETUAL close,29692.71375,0.002852,0.285176,31029.52,-0.043082,-4.308176,0.016733,1.67325,-0.015259,-1.525909,true,true,
2023-10-23,10:00,14:00,1698069600000,42,BTC-27OCT23-31000-C,30617,382.7125,0.0125,Deribit option 1-minute OHLC close at 10:00 NY snapshot; option-denominated close converted to USD with snapshot BTC-PERPETUAL close,30234.2875,0.018239,1.823928,31029.52,-0.025628,-2.562826,0.016827,1.682672,-0.015259,-1.525909,true,true,
2023-10-24,10:00,14:00,1698156000000,42,BTC-27OCT23-31000-C,34457.5,3618.0375,0.105,Deribit option 1-minute OHLC close at 10:00 NY snapshot; option-denominated close converted to USD with snapshot BTC-PERPETUAL close,30839.4625,0.020016,2.001618,31029.52,-0.006125,-0.612505,0.017035,1.703493,-0.015259,-1.525909,true,true,
2023-10-25,10:00,14:00,1698242400000,42,BTC-27OCT23-31000-C,34482.5,3551.6975,0.103,Deribit option 1-minute OHLC close at 10:00 NY snapshot; option-denominated close converted to USD with snapshot BTC-PERPETUAL close,30930.8025,0.002962,0.296179,31029.52,-0.003181,-0.318141,0.016532,1.653191,-0.015259,-1.525909,true,true,
2023-10-26,10:00,14:00,1698328800000,42,BTC-27OCT23-31000-C,34206,3215.364,0.094,Deribit option 1-minute OHLC close at 10:00 NY snapshot; option-denominated close converted to USD with snapshot BTC-PERPETUAL close,30990.636,0.001934,0.193443,31029.52,-0.001253,-0.125313,0.016035,1.603528,-0.015259,-1.525909,true,true,
2023-10-27,10:00,14:00,1698415200000,43,,34187.5,,,,,,,31029.52,,,0.016035,1.603528,-0.015259,-1.525909,true,false,missing_observed_option_instrument; synthetic/theoretical cycle excluded from option valuation
2023-10-28,10:00,14:00,1698501600000,43,,34124,,,,,,,31029.52,,,0.016035,1.603528,-0.015259,-1.525909,true,false,missing_observed_option_instrument; synthetic/theoretical cycle excluded from option valuation
2023-10-29,10:00,14:00,1698588000000,43,,34411.5,,,,,,,31029.52,,,0.016035,1.603528,-0.015259,-1.525909,true,false,missing_observed_option_instrument; synthetic/theoretical cycle excluded from option valuation
2023-10-30,10:00,14:00,1698674400000,43,,34713.5,,,,,,,31029.52,,,0.016035,1.603528,-0.015259,-1.525909,true,false,missing_observed_option_instrument; synthetic/theoretical cycle excluded from option valuation
2023-10-31,10:00,14:00,1698760800000,43,,34223.5,,,,,,,31029.52,,,0.016035,1.603528,-0.015259,-1.525909,true,false,missing_observed_option_instrument; synthetic/theoretical cycle excluded from option valuation
2023-11-01,10:00,14:00,1698847200000,43,,34624,,,,,,,31029.52,,,0.016035,1.603528,-0.015259,-1.525909,true,false,missing_observed_option_instrument; synthetic/theoretical cycle excluded from option valuation
2023-11-02,10:00,14:00,1698933600000,43,,35009.5,,,,,,,31029.52,,,0.016035,1.603528,-0.015259,-1.525909,true,false,missing_observed_option_instrument; synthetic/theoretical cycle excluded from option valuation
2023-11-03,10:00,14:00,1699020000000,44,BTC-10NOV23-36000-C,34591.5,484.281,0.014,Deribit option 1-minute OHLC close at 10:00 NY snapshot; option-denominated close converted to USD with snapshot BTC-PERPETUAL close,34107.219,,,34107.219,0,0,0.016035,1.603528,-0.015259,-1.525909,true,true,daily_return_not_computed_across_missing_mtm_gap
2023-11-04,10:00,14:00,1699106400000,44,BTC-10NOV23-36000-C,34737.5,416.85,0.012,Deribit option 1-minute OHLC close at 10:00 NY snapshot; option-denominated close converted to USD with snapshot BTC-PERPETUAL close,34320.65,0.006258,0.625765,34320.65,0,0,0.015622,1.562216,-0.015259,-1.525909,true,true,
2023-11-05,10:00,15:00,1699196400000,44,BTC-10NOV23-36000-C,34950,524.25,0.015,Deribit option 1-minute OHLC close at 10:00 NY snapshot; option-denominated close converted to USD with snapshot BTC-PERPETUAL close,34425.75,0.003062,0.30623,34425.75,0,0,0.015165,1.516481,-0.015259,-1.525909,true,true,
2023-11-06,10:00,15:00,1699282800000,44,BTC-10NOV23-36000-C,35226.5,440.33125,0.0125,Deribit option 1-minute OHLC close at 10:00 NY snapshot; option-denominated close converted to USD with snapshot BTC-PERPETUAL close,34786.16875,0.010469,1.046945,34786.16875,0,0,0.014925,1.49248,-0.015259,-1.525909,true,true,
2023-11-07,10:00,15:00,1699369200000,44,BTC-10NOV23-36000-C,34869,174.345,0.005,Deribit option 1-minute OHLC close at 10:00 NY snapshot; option-denominated close converted to USD with snapshot BTC-PERPETUAL close,34694.655,-0.002631,-0.263075,34786.16875,-0.002631,-0.263075,0.014484,1.448447,-0.014086,-1.408647,true,true,
2023-11-08,10:00,15:00,1699455600000,44,BTC-10NOV23-36000-C,35332,247.324,0.007,Deribit option 1-minute OHLC close at 10:00 NY snapshot; option-denominated close converted to USD with snapshot BTC-PERPETUAL close,35084.676,0.011242,1.124153,35084.676,0,0,0.014311,1.431064,-0.014086,-1.408647,true,true,
2023-11-09,10:00,15:00,1699542000000,44,BTC-10NOV23-36000-C,37984.5,2070.15525,0.0545,Deribit option 1-minute OHLC close at 10:00 NY snapshot; option-denominated close converted to USD with snapshot BTC-PERPETUAL close,35914.34475,0.023648,2.364761,35914.34475,0,0,0.015035,1.503527,-0.014086,-1.408647,true,true,
2023-11-10,10:00,15:00,1699628400000,45,BTC-17NOV23-38000-C,37124,798.166,0.0215,Deribit option 1-minute OHLC close at 10:00 NY snapshot; option-denominated close converted to USD with snapshot BTC-PERPETUAL close,36325.834,0.011458,1.145752,36325.834,0,0,0.014845,1.484494,-0.014086,-1.408647,true,true,
2023-11-11,10:00,15:00,1699714800000,45,BTC-17NOV23-38000-C,37257,670.626,0.018,Deribit option 1-minute OHLC close at 10:00 NY snapshot; option-denominated close converted to USD with snapshot BTC-PERPETUAL close,36586.374,0.007172,0.717231,36586.374,0,0,0.0145,1.449953,-0.011222,-1.122181,true,true,
2023-11-12,10:00,15:00,1699801200000,45,BTC-17NOV23-38000-C,37200,502.2,0.0135,Deribit option 1-minute OHLC close at 10:00 NY snapshot; option-denominated close converted to USD with snapshot BTC-PERPETUAL close,36697.8,0.003046,0.304556,36697.8,0,0,0.014078,1.407759,-0.011222,-1.122181,true,true,
2023-11-13,10:00,15:00,1699887600000,45,BTC-17NOV23-38000-C,36863.5,387.06675,0.0105,Deribit option 1-minute OHLC close at 10:00 NY snapshot; option-denominated close converted to USD with snapshot BTC-PERPETUAL close,36476.43325,-0.006032,-0.603215,36697.8,-0.006032,-0.603215,0.013728,1.372848,-0.011222,-1.122181,true,true,
2023-11-14,10:00,15:00,1699974000000,45,BTC-17NOV23-38000-C,36627,256.389,0.007,Deribit option 1-minute OHLC close at 10:00 NY snapshot; option-denominated close converted to USD with snapshot BTC-PERPETUAL close,36370.611,-0.002901,-0.290111,36697.8,-0.008916,-0.891577,0.013329,1.332921,-0.011222,-1.122181,true,true,
2023-11-15,10:00,15:00,1700060400000,45,BTC-17NOV23-38000-C,36137.5,101.185,0.0028,Deribit option 1-minute OHLC close at 10:00 NY snapshot; option-denominated close converted to USD with snapshot BTC-PERPETUAL close,36036.315,-0.009191,-0.919138,36697.8,-0.018025,-1.802519,0.013118,1.31178,-0.011222,-1.122181,true,true,
2023-11-16,10:00,15:00,1700146800000,45,BTC-17NOV23-38000-C,36704.5,77.07945,0.0021,Deribit option 1-minute OHLC close at 10:00 NY snapshot; option-denominated close converted to USD with snapshot BTC-PERPETUAL close,36627.42055,0.016403,1.640305,36697.8,-0.001918,-0.191781,0.013338,1.333775,-0.011532,-1.153188,true,true,
2023-11-17,10:00,15:00,1700233200000,46,BTC-24NOV23-38000-C,36028,324.252,0.009,Deribit option 1-minute OHLC close at 10:00 NY snapshot; option-denominated close converted to USD with snapshot BTC-PERPETUAL close,35703.748,-0.025218,-2.521806,36697.8,-0.027088,-2.708751,0.014331,1.433105,-0.008881,-0.88813,true,true,
2023-11-18,10:00,15:00,1700319600000,46,BTC-24NOV23-38000-C,36517,328.653,0.009,Deribit option 1-minute OHLC close at 10:00 NY snapshot; option-denominated close converted to USD with snapshot BTC-PERPETUAL close,36188.347,0.013573,1.357278,36697.8,-0.013882,-1.388239,0.014287,1.428669,-0.012172,-1.217151,true,true,
2023-11-19,10:00,15:00,1700406000000,46,BTC-24NOV23-38000-C,36475.5,273.56625,0.0075,Deribit option 1-minute OHLC close at 10:00 NY snapshot; option-denominated close converted to USD with snapshot BTC-PERPETUAL close,36201.93375,0.000375,0.037545,36697.8,-0.013512,-1.351215,0.013852,1.385176,-0.012172,-1.217151,true,true,
2023-11-20,10:00,15:00,1700492400000,46,BTC-24NOV23-38000-C,37388,598.208,0.016,Deribit option 1-minute OHLC close at 10:00 NY snapshot; option-denominated close converted to USD with snapshot BTC-PERPETUAL close,36789.792,0.016238,1.623831,36789.792,0,0,0.014006,1.400643,-0.00777,-0.776973,true,true,
2023-11-21,10:00,15:00,1700578800000,46,BTC-24NOV23-38000-C,36609,183.045,0.005,Deribit option 1-minute OHLC close at 10:00 NY snapshot; option-denominated close converted to USD with snapshot BTC-PERPETUAL close,36425.955,-0.00989,-0.988962,36789.792,-0.00989,-0.988962,0.013794,1.379411,-0.00777,-0.776973,true,true,
2023-11-22,10:00,15:00,1700665200000,46,BTC-24NOV23-38000-C,36406.5,65.5317,0.0018,Deribit option 1-minute OHLC close at 10:00 NY snapshot; option-denominated close converted to USD with snapshot BTC-PERPETUAL close,36340.9683,-0.002333,-0.233314,36789.792,-0.0122,-1.219968,0.013386,1.338609,-0.009575,-0.957541,true,true,
2023-11-23,10:00,15:00,1700751600000,46,BTC-24NOV23-38000-C,37223.5,100.50345,0.0027,Deribit option 1-minute OHLC close at 10:00 NY snapshot; option-denominated close converted to USD with snapshot BTC-PERPETUAL close,37122.99655,0.021519,2.151919,37122.99655,0,0,0.014008,1.400788,-0.009575,-0.957541,true,true,
2023-11-24,10:00,15:00,1700838000000,47,,37862.5,,,,,,,37122.99655,,,0.014008,1.400788,-0.009575,-0.957541,true,false,missing_observed_option_instrument; synthetic/theoretical cycle excluded from option valuation
2023-11-25,10:00,15:00,1700924400000,47,,37699.5,,,,,,,37122.99655,,,0.014008,1.400788,-0.009575,-0.957541,true,false,missing_observed_option_instrument; synthetic/theoretical cycle excluded from option valuation
2023-11-26,10:00,15:00,1701010800000,47,,37342,,,,,,,37122.99655,,,0.014008,1.400788,-0.009575,-0.957541,true,false,missing_observed_option_instrument; synthetic/theoretical cycle excluded from option valuation
2023-11-27,10:00,15:00,1701097200000,47,,36824,,,,,,,37122.99655,,,0.014008,1.400788,-0.009575,-0.957541,true,false,missing_observed_option_instrument; synthetic/theoretical cycle excluded from option valuation
2023-11-28,10:00,15:00,1701183600000,47,,37394,,,,,,,37122.99655,,,0.014008,1.400788,-0.009575,-0.957541,true,false,missing_observed_option_instrument; synthetic/theoretical cycle excluded from option valuation
2023-11-29,10:00,15:00,1701270000000,47,,37859.5,,,,,,,37122.99655,,,0.014008,1.400788,-0.009575,-0.957541,true,false,missing_observed_option_instrument; synthetic/theoretical cycle excluded from option valuation
2023-11-30,10:00,15:00,1701356400000,47,,37645,,,,,,,37122.99655,,,0.014008,1.400788,-0.009575,-0.957541,true,false,missing_observed_option_instrument; synthetic/theoretical cycle excluded from option valuation
2023-12-01,10:00,15:00,1701442800000,48,,38369,,,,,,,37122.99655,,,0.014008,1.400788,-0.009575,-0.957541,true,false,missing_observed_option_instrument; synthetic/theoretical cycle excluded from option valuation
2023-12-02,10:00,15:00,1701529200000,48,,38807.5,,,,,,,37122.99655,,,0.014008,1.400788,-0.009575,-0.957541,true,false,missing_observed_option_instrument; synthetic/theoretical cycle excluded from option valuation
2023-12-03,10:00,15:00,1701615600000,48,,39585.5,,,,,,,37122.99655,,,0.014008,1.400788,-0.009575,-0.957541,true,false,missing_observed_option_instrument; synthetic/theoretical cycle excluded from option valuation
2023-12-04,10:00,15:00,1701702000000,48,,41659,,,,,,,37122.99655,,,0.014008,1.400788,-0.009575,-0.957541,true,false,missing_observed_option_instrument; synthetic/theoretical cycle excluded from option valuation
2023-12-05,10:00,15:00,1701788400000,48,,42315,,,,,,,37122.99655,,,0.014008,1.400788,-0.009575,-0.957541,true,false,missing_observed_option_instrument; synthetic/theoretical cycle excluded from option valuation
2023-12-06,10:00,15:00,1701874800000,48,,44038,,,,,,,37122.99655,,,0.014008,1.400788,-0.009575,-0.957541,true,false,missing_observed_option_instrument; synthetic/theoretical cycle excluded from option valuation
2023-12-07,10:00,15:00,1701961200000,48,,43519.5,,,,,,,37122.99655,,,0.014008,1.400788,-0.009575,-0.957541,true,false,missing_observed_option_instrument; synthetic/theoretical cycle excluded from option valuation
2023-12-08,10:00,15:00,1702047600000,49,BTC-15DEC23-45000-C,44005.5,704.088,0.016,Deribit option 1-minute OHLC close at 10:00 NY snapshot; option-denominated close converted to USD with snapshot BTC-PERPETUAL close,43301.412,,,43301.412,0,0,0.014008,1.400788,-0.009575,-0.957541,true,true,daily_return_not_computed_across_missing_mtm_gap
2023-12-09,10:00,15:00,1702134000000,49,BTC-15DEC23-45000-C,43969.5,571.6035,0.013,Deribit option 1-minute OHLC close at 10:00 NY snapshot; option-denominated close converted to USD with snapshot BTC-PERPETUAL close,43397.8965,0.002228,0.222821,43397.8965,0,0,0.013592,1.359211,-0.009575,-0.957541,true,true,
2023-12-10,10:00,15:00,1702220400000,49,BTC-15DEC23-45000-C,43863,526.356,0.012,Deribit option 1-minute OHLC close at 10:00 NY snapshot; option-denominated close converted to USD with snapshot BTC-PERPETUAL close,43336.644,-0.001411,-0.141142,43397.8965,-0.001411,-0.141142,0.013183,1.318257,-0.009575,-0.957541,true,true,
2023-12-11,10:00,15:00,1702306800000,49,BTC-15DEC23-45000-C,41895,129.8745,0.0031,Deribit option 1-minute OHLC close at 10:00 NY snapshot; option-denominated close converted to USD with snapshot BTC-PERPETUAL close,41765.1255,-0.036263,-3.626304,43397.8965,-0.037623,-3.762328,0.015565,1.556451,-0.009575,-0.957541,true,true,
2023-12-12,10:00,15:00,1702393200000,49,BTC-15DEC23-45000-C,41426,49.7112,0.0012,Deribit option 1-minute OHLC close at 10:00 NY snapshot; option-denominated close converted to USD with snapshot BTC-PERPETUAL close,41376.2888,-0.00931,-0.931008,43397.8965,-0.046583,-4.658308,0.015262,1.526169,-0.01832,-1.832026,true,true,
2023-12-13,10:00,15:00,1702479600000,49,BTC-15DEC23-45000-C,41446.5,33.1572,0.0008,Deribit option 1-minute OHLC close at 10:00 NY snapshot; option-denominated close converted to USD with snapshot BTC-PERPETUAL close,41413.3428,0.000896,0.089554,43397.8965,-0.045729,-4.572926,0.014798,1.479839,-0.01832,-1.832026,true,true,
2023-12-14,10:00,15:00,1702566000000,49,BTC-15DEC23-45000-C,42711.5,21.35575,0.0005,Deribit option 1-minute OHLC close at 10:00 NY snapshot; option-denominated close converted to USD with snapshot BTC-PERPETUAL close,42690.14425,0.030831,3.083068,43397.8965,-0.016308,-1.630845,0.016214,1.621372,-0.01832,-1.832026,true,true,
2023-12-15,10:00,15:00,1702652400000,50,BTC-22DEC23-45000-C,42198.5,194.1131,0.0046,Deribit option 1-minute OHLC close at 10:00 NY snapshot; option-denominated close converted to USD with snapshot BTC-PERPETUAL close,42004.3869,-0.016064,-1.60636,43397.8965,-0.03211,-3.211007,0.016205,1.620475,-0.01832,-1.832026,true,true,
2023-12-16,10:00,15:00,1702738800000,50,BTC-22DEC23-45000-C,42362,152.5032,0.0036,Deribit option 1-minute OHLC close at 10:00 NY snapshot; option-denominated close converted to USD with snapshot BTC-PERPETUAL close,42209.4968,0.004883,0.488306,43397.8965,-0.027384,-2.738381,0.015757,1.575655,-0.021099,-2.109855,true,true,
2023-12-17,10:00,15:00,1702825200000,50,BTC-22DEC23-45000-C,41599.5,91.5189,0.0022,Deribit option 1-minute OHLC close at 10:00 NY snapshot; option-denominated close converted to USD with snapshot BTC-PERPETUAL close,41507.9811,-0.01662,-1.661985,43397.8965,-0.043549,-4.354855,0.01581,1.580968,-0.021099,-2.109855,true,true,
2023-12-18,10:00,15:00,1702911600000,50,BTC-22DEC23-45000-C,41631.5,62.44725,0.0015,Deribit option 1-minute OHLC close at 10:00 NY snapshot; option-denominated close converted to USD with snapshot BTC-PERPETUAL close,41569.05275,0.001471,0.147132,43397.8965,-0.042141,-4.21413,0.015332,1.533229,-0.021349,-2.134887,true,true,
2023-12-19,10:00,15:00,1702998000000,50,BTC-22DEC23-45000-C,42309,143.8506,0.0034,Deribit option 1-minute OHLC close at 10:00 NY snapshot; option-denominated close converted to USD with snapshot BTC-PERPETUAL close,42165.1494,0.01434,1.433991,43397.8965,-0.028406,-2.840569,0.015275,1.527456,-0.021349,-2.134887,true,true,
2023-12-20,10:00,15:00,1703084400000,50,BTC-22DEC23-45000-C,43867,263.202,0.006,Deribit option 1-minute OHLC close at 10:00 NY snapshot; option-denominated close converted to USD with snapshot BTC-PERPETUAL close,43603.798,0.034119,3.411938,43603.798,0,0,0.017005,1.700475,-0.021349,-2.134887,true,true,
2023-12-21,10:00,15:00,1703170800000,50,BTC-22DEC23-45000-C,43618,61.0652,0.0014,Deribit option 1-minute OHLC close at 10:00 NY snapshot; option-denominated close converted to USD with snapshot BTC-PERPETUAL close,43556.9348,-0.001075,-0.107475,43603.798,-0.001075,-0.107475,0.016489,1.648882,-0.021349,-2.134887,true,true,
2023-12-22,10:00,15:00,1703257200000,51,BTC-29DEC23-46000-C,43663.5,371.13975,0.0085,Deribit option 1-minute OHLC close at 10:00 NY snapshot; option-denominated close converted to USD with snapshot BTC-PERPETUAL close,43292.36025,-0.006074,-0.607422,43603.798,-0.007142,-0.714245,0.016056,1.605559,-0.021349,-2.134887,true,true,
2023-12-23,10:00,15:00,1703343600000,51,BTC-29DEC23-46000-C,43826.5,262.959,0.006,Deribit option 1-minute OHLC close at 10:00 NY snapshot; option-denominated close converted to USD with snapshot BTC-PERPETUAL close,43563.541,0.006264,0.626394,43603.798,-0.000923,-0.092325,0.015642,1.564191,-0.021349,-2.134887,true,true,
2023-12-24,10:00,15:00,1703430000000,51,BTC-29DEC23-46000-C,43794,240.867,0.0055,Deribit option 1-minute OHLC close at 10:00 NY snapshot; option-denominated close converted to USD with snapshot BTC-PERPETUAL close,43553.133,-0.000239,-0.023892,43603.798,-0.001162,-0.116194,0.015166,1.516551,-0.021349,-2.134887,true,true,
2023-12-25,10:00,15:00,1703516400000,51,BTC-29DEC23-46000-C,43732.5,166.1835,0.0038,Deribit option 1-minute OHLC close at 10:00 NY snapshot; option-denominated close converted to USD with snapshot BTC-PERPETUAL close,43566.3165,0.000303,0.03027,43603.798,-0.00086,-0.085959,0.014704,1.470369,-0.021349,-2.134887,true,true,
2023-12-26,10:00,15:00,1703602800000,51,BTC-29DEC23-46000-C,42625.5,59.6757,0.0014,Deribit option 1-minute OHLC close at 10:00 NY snapshot; option-denominated close converted to USD with snapshot BTC-PERPETUAL close,42565.8243,-0.022965,-2.296481,43603.798,-0.023805,-2.380466,0.015325,1.532545,-0.021349,-2.134887,true,true,
2023-12-27,10:00,15:00,1703689200000,51,BTC-29DEC23-46000-C,42995.5,77.3919,0.0018,Deribit option 1-minute OHLC close at 10:00 NY snapshot; option-denominated close converted to USD with snapshot BTC-PERPETUAL close,42918.1081,0.008276,0.827621,43603.798,-0.015725,-1.572546,0.014996,1.499624,-0.024204,-2.42041,true,true,
2023-12-28,10:00,15:00,1703775600000,51,BTC-29DEC23-46000-C,42736.5,8.5473,0.0002,Deribit option 1-minute OHLC close at 10:00 NY snapshot; option-denominated close converted to USD with snapshot BTC-PERPETUAL close,42727.9527,-0.004431,-0.443066,43603.798,-0.020086,-2.008645,0.01458,1.457984,-0.024204,-2.42041,true,true,
