date,snapshot_time_ny,snapshot_time_utc,snapshot_timestamp,cycle_id,instrument_name,underlying_price,option_price_proxy,option_price_proxy_underlying,option_price_proxy_source,approximate_CCW_value,daily_return,daily_return_pct,rolling_peak,rolling_drawdown,rolling_drawdown_pct,EWMA_vol,EWMA_vol_pct,historical_VaR,historical_VaR_pct,underlying_price_found,option_price_found,notes
2025-01-03,10:00,15:00,1735916400000,1,BTC-10JAN25-101000-C,97024.5,1115.78175,0.0115,Deribit option 1-minute OHLC close at 10:00 NY snapshot; option-denominated close converted to USD with snapshot BTC-PERPETUAL close,95908.71825,,,95908.71825,0,0,,,,,true,true,
2025-01-04,10:00,15:00,1736002800000,1,BTC-10JAN25-101000-C,98050,1029.525,0.0105,Deribit option 1-minute OHLC close at 10:00 NY snapshot; option-denominated close converted to USD with snapshot BTC-PERPETUAL close,97020.475,0.011592,1.159182,97020.475,0,0,0.011592,1.159182,,,true,true,
2025-01-05,10:00,15:00,1736089200000,1,BTC-10JAN25-101000-C,97878,1027.719,0.0105,Deribit option 1-minute OHLC close at 10:00 NY snapshot; option-denominated close converted to USD with snapshot BTC-PERPETUAL close,96850.281,-0.001754,-0.175421,97020.475,-0.001754,-0.175421,0.011247,1.12469,,,true,true,
2025-01-06,10:00,15:00,1736175600000,1,BTC-10JAN25-101000-C,100682,2215.004,0.022,Deribit option 1-minute OHLC close at 10:00 NY snapshot; option-denominated close converted to USD with snapshot BTC-PERPETUAL close,98466.996,0.016693,1.669293,98466.996,0,0,0.011646,1.16457,,,true,true,
2025-01-07,10:00,15:00,1736262000000,1,BTC-10JAN25-101000-C,99883.5,1098.7185,0.011,Deribit option 1-minute OHLC close at 10:00 NY snapshot; option-denominated close converted to USD with snapshot BTC-PERPETUAL close,98784.7815,0.003227,0.322733,98784.7815,0,0,0.011319,1.131857,,,true,true,
2025-01-08,10:00,15:00,1736348400000,1,BTC-10JAN25-101000-C,95331.5,123.93095,0.0013,Deribit option 1-minute OHLC close at 10:00 NY snapshot; option-denominated close converted to USD with snapshot BTC-PERPETUAL close,95207.56905,-0.036212,-3.621218,98784.7815,-0.036212,-3.621218,0.01411,1.411038,,,true,true,
2025-01-09,10:00,15:00,1736434800000,1,BTC-10JAN25-101000-C,92788,9.2788,0.0001,Deribit option 1-minute OHLC close at 10:00 NY snapshot; option-denominated close converted to USD with snapshot BTC-PERPETUAL close,92778.7212,-0.025511,-2.551108,98784.7815,-0.060799,-6.079945,0.01504,1.504013,,,true,true,
2025-01-10,10:00,15:00,1736521200000,2,BTC-17JAN25-99000-C,93687,936.87,0.01,Deribit option 1-minute OHLC close at 10:00 NY snapshot; option-denominated close converted to USD with snapshot BTC-PERPETUAL close,92750.13,-0.000308,-0.030817,98784.7815,-0.061089,-6.108888,0.014582,1.458214,,,true,true,
2025-01-11,10:00,15:00,1736607600000,2,BTC-17JAN25-99000-C,94566.5,803.81525,0.0085,Deribit option 1-minute OHLC close at 10:00 NY snapshot; option-denominated close converted to USD with snapshot BTC-PERPETUAL close,93762.68475,0.010917,1.091702,98784.7815,-0.050839,-5.083877,0.014389,1.438859,,,true,true,
2025-01-12,10:00,15:00,1736694000000,2,BTC-17JAN25-99000-C,94762,852.858,0.009,Deribit option 1-minute OHLC close at 10:00 NY snapshot; option-denominated close converted to USD with snapshot BTC-PERPETUAL close,93909.142,0.001562,0.1562,98784.7815,-0.049356,-4.935618,0.013955,1.39555,,,true,true,
2025-01-13,10:00,15:00,1736780400000,2,BTC-17JAN25-99000-C,91893,385.9506,0.0042,Deribit option 1-minute OHLC close at 10:00 NY snapshot; option-denominated close converted to USD with snapshot BTC-PERPETUAL close,91507.0494,-0.025579,-2.55789,98784.7815,-0.073673,-7.36726,0.014911,1.491065,,,true,true,
2025-01-14,10:00,15:00,1736866800000,2,BTC-17JAN25-99000-C,96224.5,1106.58175,0.0115,Deribit option 1-minute OHLC close at 10:00 NY snapshot; option-denominated close converted to USD with snapshot BTC-PERPETUAL close,95117.91825,0.03946,3.946001,98784.7815,-0.03712,-3.711972,0.01739,1.739003,,,true,true,
2025-01-15,10:00,15:00,1736953200000,2,BTC-17JAN25-99000-C,99718,1645.347,0.0165,Deribit option 1-minute OHLC close at 10:00 NY snapshot; option-denominated close converted to USD with snapshot BTC-PERPETUAL close,98072.653,0.031064,3.106391,98784.7815,-0.007209,-0.720889,0.018498,1.849774,,,true,true,
2025-01-16,10:00,15:00,1737039600000,2,BTC-17JAN25-99000-C,97428.5,340.99975,0.0035,Deribit option 1-minute OHLC close at 10:00 NY snapshot; option-denominated close converted to USD with snapshot BTC-PERPETUAL close,97087.50025,-0.010045,-1.004513,98784.7815,-0.017182,-1.718161,0.018102,1.810223,,,true,true,
2025-01-17,10:00,15:00,1737126000000,3,BTC-24JAN25-107000-C,103426.5,1758.2505,0.017,Deribit option 1-minute OHLC close at 10:00 NY snapshot; option-denominated close converted to USD with snapshot BTC-PERPETUAL close,101668.2495,0.047182,4.718166,101668.2495,0,0,0.021014,2.101418,,,true,true,
2025-01-18,10:00,15:00,1737212400000,3,BTC-24JAN25-107000-C,103976.5,2079.53,0.02,Deribit option 1-minute OHLC close at 10:00 NY snapshot; option-denominated close converted to USD with snapshot BTC-PERPETUAL close,101896.97,0.00225,0.224967,101896.97,0,0,0.020381,2.038146,,,true,true,
2025-01-19,10:00,15:00,1737298800000,3,BTC-24JAN25-107000-C,105165.5,3102.38225,0.0295,Deribit option 1-minute OHLC close at 10:00 NY snapshot; option-denominated close converted to USD with snapshot BTC-PERPETUAL close,102063.11775,0.001631,0.163055,102063.11775,0,0,0.019765,1.976459,,,true,true,
2025-01-20,10:00,15:00,1737385200000,3,BTC-24JAN25-107000-C,107605,4465.6075,0.0415,Deribit option 1-minute OHLC close at 10:00 NY snapshot; option-denominated close converted to USD with snapshot BTC-PERPETUAL close,103139.3925,0.010545,1.054519,103139.3925,0,0,0.019336,1.933579,,,true,true,
2025-01-21,10:00,15:00,1737471600000,3,BTC-24JAN25-107000-C,103344.5,1756.8565,0.017,Deribit option 1-minute OHLC close at 10:00 NY snapshot; option-denominated close converted to USD with snapshot BTC-PERPETUAL close,101587.6435,-0.015045,-1.504516,103139.3925,-0.015045,-1.504516,0.019106,1.910554,,,true,true,
2025-01-22,10:00,15:00,1737558000000,3,BTC-24JAN25-107000-C,104269.5,938.4255,0.009,Deribit option 1-minute OHLC close at 10:00 NY snapshot; option-denominated close converted to USD with snapshot BTC-PERPETUAL close,103331.0745,0.017162,1.716184,103331.0745,0,0,0.018995,1.899453,,,true,true,
2025-01-23,10:00,15:00,1737644400000,3,BTC-24JAN25-107000-C,105127,788.4525,0.0075,Deribit option 1-minute OHLC close at 10:00 NY snapshot; option-denominated close converted to USD with snapshot BTC-PERPETUAL close,104338.5475,0.00975,0.974995,104338.5475,0,0,0.01857,1.857009,,,true,true,
2025-01-24,10:00,15:00,1737730800000,4,BTC-31JAN25-110000-C,105900.5,1800.3085,0.017,Deribit option 1-minute OHLC close at 10:00 NY snapshot; option-denominated close converted to USD with snapshot BTC-PERPETUAL close,104100.1915,-0.002284,-0.228445,104338.5475,-0.002284,-0.228445,0.018013,1.801307,,,true,true,
2025-01-25,10:00,15:00,1737817200000,4,BTC-31JAN25-110000-C,104724.5,1047.245,0.01,Deribit option 1-minute OHLC close at 10:00 NY snapshot; option-denominated close converted to USD with snapshot BTC-PERPETUAL close,103677.255,-0.004063,-0.406278,104338.5475,-0.006338,-0.633795,0.017493,1.749265,,,true,true,
2025-01-26,10:00,15:00,1737903600000,4,BTC-31JAN25-110000-C,104968,997.196,0.0095,Deribit option 1-minute OHLC close at 10:00 NY snapshot; option-denominated close converted to USD with snapshot BTC-PERPETUAL close,103970.804,0.002831,0.283137,104338.5475,-0.003525,-0.352452,0.016974,1.697393,,,true,true,
2025-01-27,10:00,15:00,1737990000000,4,BTC-31JAN25-110000-C,101913.5,509.5675,0.005,Deribit option 1-minute OHLC close at 10:00 NY snapshot; option-denominated close converted to USD with snapshot BTC-PERPETUAL close,101403.9325,-0.024688,-2.468839,104338.5475,-0.028126,-2.812589,0.017533,1.753278,,,true,true,
2025-01-28,10:00,15:00,1738076400000,4,BTC-31JAN25-110000-C,102805.5,246.7332,0.0024,Deribit option 1-minute OHLC close at 10:00 NY snapshot; option-denominated close converted to USD with snapshot BTC-PERPETUAL close,102558.7668,0.011388,1.138846,104338.5475,-0.017058,-1.705775,0.017226,1.722603,,,true,true,
2025-01-29,10:00,15:00,1738162800000,4,BTC-31JAN25-110000-C,102026.5,122.4318,0.0012,Deribit option 1-minute OHLC close at 10:00 NY snapshot; option-denominated close converted to USD with snapshot BTC-PERPETUAL close,101904.0682,-0.006384,-0.638364,104338.5475,-0.023333,-2.33325,0.016774,1.67743,,,true,true,
2025-01-30,10:00,15:00,1738249200000,4,BTC-31JAN25-110000-C,105967,95.3703,0.0009,Deribit option 1-minute OHLC close at 10:00 NY snapshot; option-denominated close converted to USD with snapshot BTC-PERPETUAL close,105871.6297,0.038934,3.893428,105871.6297,0,0,0.018853,1.885331,,,true,true,
2025-01-31,10:00,15:00,1738335600000,5,,104583,,,,,,,105871.6297,,,0.018853,1.885331,,,true,false,missing_observed_option_instrument; synthetic/theoretical cycle excluded from option valuation
2025-02-01,10:00,15:00,1738422000000,5,,101878,,,,,,,105871.6297,,,0.018853,1.885331,,,true,false,missing_observed_option_instrument; synthetic/theoretical cycle excluded from option valuation
2025-02-02,10:00,15:00,1738508400000,5,,99091,,,,,,,105871.6297,,,0.018853,1.885331,,,true,false,missing_observed_option_instrument; synthetic/theoretical cycle excluded from option valuation
2025-02-03,10:00,15:00,1738594800000,5,,96455,,,,,,,105871.6297,,,0.018853,1.885331,,,true,false,missing_observed_option_instrument; synthetic/theoretical cycle excluded from option valuation
2025-02-04,10:00,15:00,1738681200000,5,,100191.5,,,,,,,105871.6297,,,0.018853,1.885331,,,true,false,missing_observed_option_instrument; synthetic/theoretical cycle excluded from option valuation
2025-02-05,10:00,15:00,1738767600000,5,,98514.5,,,,,,,105871.6297,,,0.018853,1.885331,,,true,false,missing_observed_option_instrument; synthetic/theoretical cycle excluded from option valuation
2025-02-06,10:00,15:00,1738854000000,5,,98014.5,,,,,,,105871.6297,,,0.018853,1.885331,,,true,false,missing_observed_option_instrument; synthetic/theoretical cycle excluded from option valuation
2025-02-07,10:00,15:00,1738940400000,6,BTC-14FEB25-102000-C,99393.5,1590.296,0.016,Deribit option 1-minute OHLC close at 10:00 NY snapshot; option-denominated close converted to USD with snapshot BTC-PERPETUAL close,97803.204,,,105871.6297,-0.07621,-7.620952,0.018853,1.885331,,,true,true,daily_return_not_computed_across_missing_mtm_gap
2025-02-08,10:00,15:00,1739026800000,6,BTC-14FEB25-102000-C,96060,384.24,0.004,Deribit option 1-minute OHLC close at 10:00 NY snapshot; option-denominated close converted to USD with snapshot BTC-PERPETUAL close,95675.76,-0.021752,-2.175229,105871.6297,-0.096304,-9.630408,0.01904,1.90397,,,true,true,
2025-02-09,10:00,15:00,1739113200000,6,BTC-14FEB25-102000-C,96185,375.1215,0.0039,Deribit option 1-minute OHLC close at 10:00 NY snapshot; option-denominated close converted to USD with snapshot BTC-PERPETUAL close,95809.8785,0.001402,0.14018,105871.6297,-0.095037,-9.503728,0.018463,1.846286,,,true,true,
2025-02-10,10:00,15:00,1739199600000,6,BTC-14FEB25-102000-C,97374,486.87,0.005,Deribit option 1-minute OHLC close at 10:00 NY snapshot; option-denominated close converted to USD with snapshot BTC-PERPETUAL close,96887.13,0.011244,1.124364,105871.6297,-0.084862,-8.48622,0.018111,1.811104,,,true,true,
2025-02-11,10:00,15:00,1739286000000,6,BTC-14FEB25-102000-C,97049.5,223.21385,0.0023,Deribit option 1-minute OHLC close at 10:00 NY snapshot; option-denominated close converted to USD with snapshot BTC-PERPETUAL close,96826.28615,-0.000628,-0.062799,105871.6297,-0.085437,-8.54369,0.01756,1.755998,-0.025548,-2.554838,true,true,
2025-02-12,10:00,15:00,1739372400000,6,BTC-14FEB25-102000-C,95459,47.7295,0.0005,Deribit option 1-minute OHLC close at 10:00 NY snapshot; option-denominated close converted to USD with snapshot BTC-PERPETUAL close,95411.2705,-0.014614,-1.461396,105871.6297,-0.098802,-9.880229,0.017397,1.739729,-0.025548,-2.554838,true,true,
2025-02-13,10:00,15:00,1739458800000,6,BTC-14FEB25-102000-C,95810,9.581,0.0001,Deribit option 1-minute OHLC close at 10:00 NY snapshot; option-denominated close converted to USD with snapshot BTC-PERPETUAL close,95800.419,0.004079,0.407864,105871.6297,-0.095127,-9.512662,0.016897,1.689686,-0.025548,-2.554838,true,true,
2025-02-14,10:00,15:00,1739545200000,7,BTC-21FEB25-102000-C,97279.5,680.9565,0.007,Deribit option 1-minute OHLC close at 10:00 NY snapshot; option-denominated close converted to USD with snapshot BTC-PERPETUAL close,96598.5435,0.008331,0.833112,105871.6297,-0.087588,-8.758802,0.016509,1.650873,-0.025548,-2.554838,true,true,
2025-02-15,10:00,15:00,1739631600000,7,BTC-21FEB25-102000-C,97665,634.8225,0.0065,Deribit option 1-minute OHLC close at 10:00 NY snapshot; option-denominated close converted to USD with snapshot BTC-PERPETUAL close,97030.1775,0.004468,0.446833,105871.6297,-0.083511,-8.351106,0.016043,1.604319,-0.025548,-2.554838,true,true,
2025-02-16,10:00,15:00,1739718000000,7,BTC-21FEB25-102000-C,96984.5,436.43025,0.0045,Deribit option 1-minute OHLC close at 10:00 NY snapshot; option-denominated close converted to USD with snapshot BTC-PERPETUAL close,96548.06975,-0.004969,-0.496864,105871.6297,-0.088065,-8.806476,0.015602,1.560199,-0.025141,-2.514087,true,true,
2025-02-17,10:00,15:00,1739804400000,7,BTC-21FEB25-102000-C,96889,329.4226,0.0034,Deribit option 1-minute OHLC close at 10:00 NY snapshot; option-denominated close converted to USD with snapshot BTC-PERPETUAL close,96559.5774,0.000119,0.011919,105871.6297,-0.087956,-8.795607,0.015127,1.512672,-0.023367,-2.336715,true,true,
2025-02-18,10:00,15:00,1739890800000,7,BTC-21FEB25-102000-C,95457,133.6398,0.0014,Deribit option 1-minute OHLC close at 10:00 NY snapshot; option-denominated close converted to USD with snapshot BTC-PERPETUAL close,95323.3602,-0.012803,-1.280264,105871.6297,-0.099633,-9.963264,0.014997,1.499743,-0.023367,-2.336715,true,true,
2025-02-19,10:00,15:00,1739977200000,7,BTC-21FEB25-102000-C,95771.5,57.4629,0.0006,Deribit option 1-minute OHLC close at 10:00 NY snapshot; option-denominated close converted to USD with snapshot BTC-PERPETUAL close,95714.0371,0.004098,0.409844,105871.6297,-0.095943,-9.594254,0.014575,1.457517,-0.023367,-2.336715,true,true,
2025-02-20,10:00,15:00,1740063600000,7,BTC-21FEB25-102000-C,96987.5,9.69875,0.0001,Deribit option 1-minute OHLC close at 10:00 NY snapshot; option-denominated close converted to USD with snapshot BTC-PERPETUAL close,96977.80125,0.013204,1.320354,105871.6297,-0.084006,-8.400578,0.014497,1.449653,-0.023367,-2.336715,true,true,
2025-02-21,10:00,15:00,1740150000000,8,BTC-28FEB25-103000-C,98817,790.536,0.008,Deribit option 1-minute OHLC close at 10:00 NY snapshot; option-denominated close converted to USD with snapshot BTC-PERPETUAL close,98026.464,0.010813,1.081343,105871.6297,-0.074101,-7.410074,0.014302,1.430231,-0.018734,-1.873408,true,true,
2025-02-22,10:00,15:00,1740236400000,8,BTC-28FEB25-103000-C,96535.5,318.56715,0.0033,Deribit option 1-minute OHLC close at 10:00 NY snapshot; option-denominated close converted to USD with snapshot BTC-PERPETUAL close,96216.93285,-0.01846,-1.845962,105871.6297,-0.091192,-9.119248,0.014585,1.458521,-0.018734,-1.873408,true,true,
2025-02-23,10:00,15:00,1740322800000,8,BTC-28FEB25-103000-C,95588.5,219.85355,0.0023,Deribit option 1-minute OHLC close at 10:00 NY snapshot; option-denominated close converted to USD with snapshot BTC-PERPETUAL close,95368.64645,-0.008816,-0.881639,105871.6297,-0.099205,-9.920489,0.014305,1.430484,-0.020271,-2.027059,true,true,
2025-02-24,10:00,15:00,1740409200000,8,BTC-28FEB25-103000-C,94664,94.664,0.001,Deribit option 1-minute OHLC close at 10:00 NY snapshot; option-denominated close converted to USD with snapshot BTC-PERPETUAL close,94569.336,-0.008381,-0.838127,105871.6297,-0.106755,-10.67547,0.01402,1.402018,-0.020271,-2.027059,true,true,
2025-02-25,10:00,15:00,1740495600000,8,BTC-28FEB25-103000-C,86446,34.5784,0.0004,Deribit option 1-minute OHLC close at 10:00 NY snapshot; option-denominated close converted to USD with snapshot BTC-PERPETUAL close,86411.4216,-0.086264,-8.626384,105871.6297,-0.183809,-18.380947,0.025125,2.512486,-0.020271,-2.027059,true,true,
2025-02-26,10:00,15:00,1740582000000,8,BTC-28FEB25-103000-C,87757,17.5514,0.0002,Deribit option 1-minute OHLC close at 10:00 NY snapshot; option-denominated close converted to USD with snapshot BTC-PERPETUAL close,87739.4486,0.015369,1.536865,105871.6297,-0.171266,-17.126572,0.024649,2.464862,-0.023367,-2.336715,true,true,
2025-02-27,10:00,15:00,1740668400000,8,BTC-28FEB25-103000-C,84721,16.9442,0.0002,Deribit option 1-minute OHLC close at 10:00 NY snapshot; option-denominated close converted to USD with snapshot BTC-PERPETUAL close,84704.0558,-0.034596,-3.459553,105871.6297,-0.199936,-19.993622,0.025356,2.535572,-0.023367,-2.336715,true,true,
2025-02-28,10:00,15:00,1740754800000,9,,82194,,,,,,,105871.6297,,,0.025356,2.535572,-0.023367,-2.336715,true,false,missing_observed_option_instrument; synthetic/theoretical cycle excluded from option valuation
2025-03-01,10:00,15:00,1740841200000,9,,84610.5,,,,,,,105871.6297,,,0.025356,2.535572,-0.023367,-2.336715,true,false,missing_observed_option_instrument; synthetic/theoretical cycle excluded from option valuation
2025-03-02,10:00,15:00,1740927600000,9,,85135,,,,,,,105871.6297,,,0.025356,2.535572,-0.023367,-2.336715,true,false,missing_observed_option_instrument; synthetic/theoretical cycle excluded from option valuation
2025-03-03,10:00,15:00,1741014000000,9,,89619.5,,,,,,,105871.6297,,,0.025356,2.535572,-0.023367,-2.336715,true,false,missing_observed_option_instrument; synthetic/theoretical cycle excluded from option valuation
2025-03-04,10:00,15:00,1741100400000,9,,82702,,,,,,,105871.6297,,,0.025356,2.535572,-0.023367,-2.336715,true,false,missing_observed_option_instrument; synthetic/theoretical cycle excluded from option valuation
2025-03-05,10:00,15:00,1741186800000,9,,89292.5,,,,,,,105871.6297,,,0.025356,2.535572,-0.023367,-2.336715,true,false,missing_observed_option_instrument; synthetic/theoretical cycle excluded from option valuation
2025-03-06,10:00,15:00,1741273200000,9,,90016,,,,,,,105871.6297,,,0.025356,2.535572,-0.023367,-2.336715,true,false,missing_observed_option_instrument; synthetic/theoretical cycle excluded from option valuation
2025-03-07,10:00,15:00,1741359600000,10,BTC-14MAR25-93000-C,90310,2031.975,0.0225,Deribit option 1-minute OHLC close at 10:00 NY snapshot; option-denominated close converted to USD with snapshot BTC-PERPETUAL close,88278.025,,,105871.6297,-0.166179,-16.617865,0.025356,2.535572,-0.023367,-2.336715,true,true,daily_return_not_computed_across_missing_mtm_gap
2025-03-08,10:00,15:00,1741446000000,10,BTC-14MAR25-93000-C,86247.5,353.61475,0.0041,Deribit option 1-minute OHLC close at 10:00 NY snapshot; option-denominated close converted to USD with snapshot BTC-PERPETUAL close,85893.88525,-0.027007,-2.700717,105871.6297,-0.188698,-18.869781,0.025458,2.545783,-0.030137,-3.013732,true,true,
2025-03-09,10:00,14:00,1741528800000,10,BTC-14MAR25-93000-C,83550,183.81,0.0022,Deribit option 1-minute OHLC close at 10:00 NY snapshot; option-denominated close converted to USD with snapshot BTC-PERPETUAL close,83366.19,-0.029428,-2.942812,105871.6297,-0.212573,-21.25729,0.025713,2.571334,-0.031181,-3.118077,true,true,
2025-03-10,10:00,14:00,1741615200000,10,BTC-14MAR25-93000-C,81440.5,114.0167,0.0014,Deribit option 1-minute OHLC close at 10:00 NY snapshot; option-denominated close converted to USD with snapshot BTC-PERPETUAL close,81326.4833,-0.024467,-2.446683,105871.6297,-0.231839,-23.183875,0.02564,2.564026,-0.03227,-3.227019,true,true,
2025-03-11,10:00,14:00,1741701600000,10,BTC-14MAR25-93000-C,81216.5,56.85155,0.0007,Deribit option 1-minute OHLC close at 10:00 NY snapshot; option-denominated close converted to USD with snapshot BTC-PERPETUAL close,81159.64845,-0.002051,-0.205142,105871.6297,-0.233415,-23.341457,0.024864,2.486423,-0.03227,-3.227019,true,true,
2025-03-12,10:00,14:00,1741788000000,10,BTC-14MAR25-93000-C,82598.5,33.0394,0.0004,Deribit option 1-minute OHLC close at 10:00 NY snapshot; option-denominated close converted to USD with snapshot BTC-PERPETUAL close,82565.4606,0.017322,1.732157,105871.6297,-0.220136,-22.013611,0.024477,2.44773,-0.03227,-3.227019,true,true,
2025-03-13,10:00,14:00,1741874400000,10,BTC-14MAR25-93000-C,81673.5,8.16735,0.0001,Deribit option 1-minute OHLC close at 10:00 NY snapshot; option-denominated close converted to USD with snapshot BTC-PERPETUAL close,81665.33265,-0.010902,-1.090199,105871.6297,-0.228638,-22.863818,0.023881,2.38814,-0.03227,-3.227019,true,true,
2025-03-14,10:00,14:00,1741960800000,11,BTC-21MAR25-86000-C,83053.5,1370.38275,0.0165,Deribit option 1-minute OHLC close at 10:00 NY snapshot; option-denominated close converted to USD with snapshot BTC-PERPETUAL close,81683.11725,0.000218,0.021777,105871.6297,-0.22847,-22.84702,0.023154,2.315394,-0.03227,-3.227019,true,true,
2025-03-15,10:00,14:00,1742047200000,11,BTC-21MAR25-86000-C,84405,1392.6825,0.0165,Deribit option 1-minute OHLC close at 10:00 NY snapshot; option-denominated close converted to USD with snapshot BTC-PERPETUAL close,83012.3175,0.016273,1.627264,105871.6297,-0.215915,-21.591537,0.0228,2.27997,-0.03227,-3.227019,true,true,
2025-03-16,10:00,14:00,1742133600000,11,BTC-21MAR25-86000-C,82647,867.7935,0.0105,Deribit option 1-minute OHLC close at 10:00 NY snapshot; option-denominated close converted to USD with snapshot BTC-PERPETUAL close,81779.2065,-0.014855,-1.485455,105871.6297,-0.227563,-22.75626,0.022403,2.24026,-0.03227,-3.227019,true,true,
2025-03-17,10:00,14:00,1742220000000,11,BTC-21MAR25-86000-C,82972,746.748,0.009,Deribit option 1-minute OHLC close at 10:00 NY snapshot; option-denominated close converted to USD with snapshot BTC-PERPETUAL close,82225.252,0.005454,0.545427,105871.6297,-0.22335,-22.334952,0.021761,2.176117,-0.03227,-3.227019,true,true,
2025-03-18,10:00,14:00,1742306400000,11,BTC-21MAR25-86000-C,81294.5,268.27185,0.0033,Deribit option 1-minute OHLC close at 10:00 NY snapshot; option-denominated close converted to USD with snapshot BTC-PERPETUAL close,81026.22815,-0.014582,-1.458219,105871.6297,-0.234675,-23.467478,0.021398,2.139846,-0.03227,-3.227019,true,true,
2025-03-19,10:00,14:00,1742392800000,11,BTC-21MAR25-86000-C,84195.5,631.46625,0.0075,Deribit option 1-minute OHLC close at 10:00 NY snapshot; option-denominated close converted to USD with snapshot BTC-PERPETUAL close,83564.03375,0.031321,3.132079,105871.6297,-0.210704,-21.070419,0.02212,2.211968,-0.03227,-3.227019,true,true,
2025-03-20,10:00,14:00,1742479200000,11,BTC-21MAR25-86000-C,85710.5,685.684,0.008,Deribit option 1-minute OHLC close at 10:00 NY snapshot; option-denominated close converted to USD with snapshot BTC-PERPETUAL close,85024.816,0.017481,1.748099,105871.6297,-0.196907,-19.690652,0.021869,2.186912,-0.03227,-3.227019,true,true,
2025-03-21,10:00,14:00,1742565600000,12,BTC-28MAR25-88000-C,83840,628.8,0.0075,Deribit option 1-minute OHLC close at 10:00 NY snapshot; option-denominated close converted to USD with snapshot BTC-PERPETUAL close,83211.2,-0.02133,-2.133043,105871.6297,-0.214037,-21.403685,0.021837,2.183717,-0.03227,-3.227019,true,true,
2025-03-22,10:00,14:00,1742652000000,12,BTC-28MAR25-88000-C,84142,546.923,0.0065,Deribit option 1-minute OHLC close at 10:00 NY snapshot; option-denominated close converted to USD with snapshot BTC-PERPETUAL close,83595.077,0.004613,0.461329,105871.6297,-0.210411,-21.041097,0.021202,2.120206,-0.03227,-3.227019,true,true,
2025-03-23,10:00,14:00,1742738400000,12,BTC-28MAR25-88000-C,85086.5,595.6055,0.007,Deribit option 1-minute OHLC close at 10:00 NY snapshot; option-denominated close converted to USD with snapshot BTC-PERPETUAL close,84490.8945,0.010716,1.071615,105871.6297,-0.20195,-20.194962,0.020723,2.072307,-0.03227,-3.227019,true,true,
2025-03-24,10:00,14:00,1742824800000,12,BTC-28MAR25-88000-C,87675,1315.125,0.015,Deribit option 1-minute OHLC close at 10:00 NY snapshot; option-denominated close converted to USD with snapshot BTC-PERPETUAL close,86359.875,0.02212,2.21205,105871.6297,-0.184296,-18.429635,0.02081,2.080957,-0.03227,-3.227019,true,true,
2025-03-25,10:00,14:00,1742911200000,12,BTC-28MAR25-88000-C,87581,875.81,0.01,Deribit option 1-minute OHLC close at 10:00 NY snapshot; option-denominated close converted to USD with snapshot BTC-PERPETUAL close,86705.19,0.003999,0.399856,105871.6297,-0.181035,-18.103471,0.020199,2.019938,-0.03227,-3.227019,true,true,
2025-03-26,10:00,14:00,1742997600000,12,BTC-28MAR25-88000-C,86990.5,608.9335,0.007,Deribit option 1-minute OHLC close at 10:00 NY snapshot; option-denominated close converted to USD with snapshot BTC-PERPETUAL close,86381.5665,-0.003732,-0.373246,105871.6297,-0.184091,-18.409146,0.019605,1.960536,-0.03227,-3.227019,true,true,
2025-03-27,10:00,14:00,1743084000000,12,BTC-28MAR25-88000-C,86603,155.8854,0.0018,Deribit option 1-minute OHLC close at 10:00 NY snapshot; option-denominated close converted to USD with snapshot BTC-PERPETUAL close,86447.1146,0.000759,0.075882,105871.6297,-0.183472,-18.347233,0.019009,1.900901,-0.03227,-3.227019,true,true,
2025-03-28,10:00,14:00,1743170400000,13,,85021.5,,,,,,,105871.6297,,,0.019009,1.900901,-0.03227,-3.227019,true,false,missing_observed_option_instrument; synthetic/theoretical cycle excluded from option valuation
2025-03-29,10:00,14:00,1743256800000,13,,82777,,,,,,,105871.6297,,,0.019009,1.900901,-0.03227,-3.227019,true,false,missing_observed_option_instrument; synthetic/theoretical cycle excluded from option valuation
2025-03-30,10:00,14:00,1743343200000,13,,82705.5,,,,,,,105871.6297,,,0.019009,1.900901,-0.03227,-3.227019,true,false,missing_observed_option_instrument; synthetic/theoretical cycle excluded from option valuation
2025-03-31,10:00,14:00,1743429600000,13,,82574,,,,,,,105871.6297,,,0.019009,1.900901,-0.03227,-3.227019,true,false,missing_observed_option_instrument; synthetic/theoretical cycle excluded from option valuation
2025-04-01,10:00,14:00,1743516000000,13,,83560.5,,,,,,,105871.6297,,,0.019009,1.900901,-0.03227,-3.227019,true,false,missing_observed_option_instrument; synthetic/theoretical cycle excluded from option valuation
2025-04-02,10:00,14:00,1743602400000,13,,85522,,,,,,,105871.6297,,,0.019009,1.900901,-0.03227,-3.227019,true,false,missing_observed_option_instrument; synthetic/theoretical cycle excluded from option valuation
2025-04-03,10:00,14:00,1743688800000,13,,82240.5,,,,,,,105871.6297,,,0.019009,1.900901,-0.03227,-3.227019,true,false,missing_observed_option_instrument; synthetic/theoretical cycle excluded from option valuation
2025-04-04,10:00,14:00,1743775200000,14,BTC-11APR25-88000-C,83474.5,667.796,0.008,Deribit option 1-minute OHLC close at 10:00 NY snapshot; option-denominated close converted to USD with snapshot BTC-PERPETUAL close,82806.704,,,105871.6297,-0.217857,-21.785747,0.019009,1.900901,-0.03227,-3.227019,true,true,daily_return_not_computed_across_missing_mtm_gap
2025-04-05,10:00,14:00,1743861600000,14,BTC-11APR25-88000-C,82718,454.949,0.0055,Deribit option 1-minute OHLC close at 10:00 NY snapshot; option-denominated close converted to USD with snapshot BTC-PERPETUAL close,82263.051,-0.006565,-0.656533,105871.6297,-0.222992,-22.299249,0.0185,1.849995,-0.03227,-3.227019,true,true,
2025-04-06,10:00,14:00,1743948000000,14,BTC-11APR25-88000-C,82270,534.755,0.0065,Deribit option 1-minute OHLC close at 10:00 NY snapshot; option-denominated close converted to USD with snapshot BTC-PERPETUAL close,81735.245,-0.006416,-0.641608,105871.6297,-0.227978,-22.797783,0.018005,1.800509,-0.03227,-3.227019,true,true,
2025-04-07,10:00,14:00,1744034400000,14,BTC-11APR25-88000-C,78623.5,149.38465,0.0019,Deribit option 1-minute OHLC close at 10:00 NY snapshot; option-denominated close converted to USD with snapshot BTC-PERPETUAL close,78474.11535,-0.039899,-3.98987,105871.6297,-0.258781,-25.878051,0.020006,2.000616,-0.03227,-3.227019,true,true,
2025-04-08,10:00,14:00,1744120800000,14,BTC-11APR25-88000-C,79846.5,95.8158,0.0012,Deribit option 1-minute OHLC close at 10:00 NY snapshot; option-denominated close converted to USD with snapshot BTC-PERPETUAL close,79750.6842,0.016267,1.626739,105871.6297,-0.246723,-24.672281,0.019802,1.980175,-0.037512,-3.751227,true,true,
2025-04-09,10:00,14:00,1744207200000,14,BTC-11APR25-88000-C,77955,31.182,0.0004,Deribit option 1-minute OHLC close at 10:00 NY snapshot; option-denominated close converted to USD with snapshot BTC-PERPETUAL close,77923.818,-0.022907,-2.290722,105871.6297,-0.263978,-26.397829,0.020002,2.000168,-0.037512,-3.751227,true,true,
2025-04-10,10:00,14:00,1744293600000,14,BTC-11APR25-88000-C,80770.5,8.07705,0.0001,Deribit option 1-minute OHLC close at 10:00 NY snapshot; option-denominated close converted to USD with snapshot BTC-PERPETUAL close,80762.42295,0.036428,3.642795,105871.6297,-0.237167,-23.716653,0.021347,2.134673,-0.037512,-3.751227,true,true,
2025-04-11,10:00,14:00,1744380000000,15,BTC-18APR25-85000-C,82562,1568.678,0.019,Deribit option 1-minute OHLC close at 10:00 NY snapshot; option-denominated close converted to USD with snapshot BTC-PERPETUAL close,80993.322,0.002859,0.285899,105871.6297,-0.234986,-23.498559,0.020708,2.070827,-0.037512,-3.751227,true,true,
2025-04-12,10:00,14:00,1744466400000,15,BTC-18APR25-85000-C,84361.5,2151.21825,0.0255,Deribit option 1-minute OHLC close at 10:00 NY snapshot; option-denominated close converted to USD with snapshot BTC-PERPETUAL close,82210.28175,0.015025,1.502543,105871.6297,-0.223491,-22.349092,0.020412,2.041196,-0.037512,-3.751227,true,true,
2025-04-13,10:00,14:00,1744552800000,15,BTC-18APR25-85000-C,83582,1922.386,0.023,Deribit option 1-minute OHLC close at 10:00 NY snapshot; option-denominated close converted to USD with snapshot BTC-PERPETUAL close,81659.614,-0.006698,-0.669828,105871.6297,-0.228692,-22.86922,0.019858,1.985803,-0.03227,-3.227019,true,true,
2025-04-14,10:00,14:00,1744639200000,15,BTC-18APR25-85000-C,84330,1981.755,0.0235,Deribit option 1-minute OHLC close at 10:00 NY snapshot; option-denominated close converted to USD with snapshot BTC-PERPETUAL close,82348.245,0.008433,0.843294,105871.6297,-0.222188,-22.21878,0.019364,1.936357,-0.03227,-3.227019,true,true,
2025-04-15,10:00,14:00,1744725600000,15,BTC-18APR25-85000-C,85590,2096.955,0.0245,Deribit option 1-minute OHLC close at 10:00 NY snapshot; option-denominated close converted to USD with snapshot BTC-PERPETUAL close,83493.045,0.013902,1.390194,105871.6297,-0.211375,-21.137471,0.01908,1.908001,-0.028339,-2.833869,true,true,
2025-04-16,10:00,14:00,1744812000000,15,BTC-18APR25-85000-C,83785,460.8175,0.0055,Deribit option 1-minute OHLC close at 10:00 NY snapshot; option-denominated close converted to USD with snapshot BTC-PERPETUAL close,83324.1825,-0.002022,-0.202247,105871.6297,-0.21297,-21.296968,0.018505,1.850539,-0.027196,-2.719554,true,true,
2025-04-17,10:00,14:00,1744898400000,15,BTC-18APR25-85000-C,84412.5,337.65,0.004,Deribit option 1-minute OHLC close at 10:00 NY snapshot; option-denominated close converted to USD with snapshot BTC-PERPETUAL close,84074.85,0.009009,0.9009,105871.6297,-0.205879,-20.587933,0.018077,1.807684,-0.023765,-2.376501,true,true,
2025-04-18,10:00,14:00,1744984800000,16,BTC-25APR25-89000-C,84571,422.855,0.005,Deribit option 1-minute OHLC close at 10:00 NY snapshot; option-denominated close converted to USD with snapshot BTC-PERPETUAL close,84148.145,0.000872,0.087178,105871.6297,-0.205187,-20.518702,0.017527,1.752745,-0.022198,-2.219766,true,true,
2025-04-19,10:00,14:00,1745071200000,16,BTC-25APR25-89000-C,85517.5,470.34625,0.0055,Deribit option 1-minute OHLC close at 10:00 NY snapshot; option-denominated close converted to USD with snapshot BTC-PERPETUAL close,85047.15375,0.010684,1.068364,105871.6297,-0.196696,-19.669553,0.017194,1.719381,-0.022198,-2.219766,true,true,
2025-04-20,10:00,14:00,1745157600000,16,BTC-25APR25-89000-C,84284.5,303.4242,0.0036,Deribit option 1-minute OHLC close at 10:00 NY snapshot; option-denominated close converted to USD with snapshot BTC-PERPETUAL close,83981.0758,-0.012535,-1.253514,105871.6297,-0.206765,-20.676506,0.01695,1.695044,-0.022198,-2.219766,true,true,
2025-04-21,10:00,14:00,1745244000000,16,BTC-25APR25-89000-C,86988,869.88,0.01,Deribit option 1-minute OHLC close at 10:00 NY snapshot; option-denominated close converted to USD with snapshot BTC-PERPETUAL close,86118.12,0.025447,2.544674,105871.6297,-0.18658,-18.657982,0.017576,1.757642,-0.022198,-2.219766,true,true,
2025-04-22,10:00,14:00,1745330400000,16,BTC-25APR25-89000-C,90310,2257.75,0.025,Deribit option 1-minute OHLC close at 10:00 NY snapshot; option-denominated close converted to USD with snapshot BTC-PERPETUAL close,88052.25,0.022459,2.245904,105871.6297,-0.168311,-16.831119,0.017907,1.790696,-0.022198,-2.219766,true,true,
2025-04-23,10:00,14:00,1745416800000,16,BTC-25APR25-89000-C,93178.5,5124.8175,0.055,Deribit option 1-minute OHLC close at 10:00 NY snapshot; option-denominated close converted to USD with snapshot BTC-PERPETUAL close,88053.6825,0.000016,0.001627,105871.6297,-0.168298,-16.829766,0.017361,1.736144,-0.022198,-2.219766,true,true,
2025-04-24,10:00,14:00,1745503200000,16,BTC-25APR25-89000-C,92900,4505.65,0.0485,Deribit option 1-minute OHLC close at 10:00 NY snapshot; option-denominated close converted to USD with snapshot BTC-PERPETUAL close,88394.35,0.003869,0.386886,105871.6297,-0.16508,-16.507992,0.016859,1.68592,-0.022198,-2.219766,true,true,
2025-04-25,10:00,14:00,1745589600000,17,,94530,,,,,,,105871.6297,,,0.016859,1.68592,-0.022198,-2.219766,true,false,missing_observed_option_instrument; synthetic/theoretical cycle excluded from option valuation
2025-04-26,10:00,14:00,1745676000000,17,,94173,,,,,,,105871.6297,,,0.016859,1.68592,-0.022198,-2.219766,true,false,missing_observed_option_instrument; synthetic/theoretical cycle excluded from option valuation
2025-04-27,10:00,14:00,1745762400000,17,,94062.5,,,,,,,105871.6297,,,0.016859,1.68592,-0.022198,-2.219766,true,false,missing_observed_option_instrument; synthetic/theoretical cycle excluded from option valuation
2025-04-28,10:00,14:00,1745848800000,17,,94018,,,,,,,105871.6297,,,0.016859,1.68592,-0.022198,-2.219766,true,false,missing_observed_option_instrument; synthetic/theoretical cycle excluded from option valuation
2025-04-29,10:00,14:00,1745935200000,17,,94672,,,,,,,105871.6297,,,0.016859,1.68592,-0.022198,-2.219766,true,false,missing_observed_option_instrument; synthetic/theoretical cycle excluded from option valuation
2025-04-30,10:00,14:00,1746021600000,17,,93137.5,,,,,,,105871.6297,,,0.016859,1.68592,-0.022198,-2.219766,true,false,missing_observed_option_instrument; synthetic/theoretical cycle excluded from option valuation
2025-05-01,10:00,14:00,1746108000000,17,,96043,,,,,,,105871.6297,,,0.016859,1.68592,-0.022198,-2.219766,true,false,missing_observed_option_instrument; synthetic/theoretical cycle excluded from option valuation
2025-05-02,10:00,14:00,1746194400000,18,,96928,,,,,,,105871.6297,,,0.016859,1.68592,-0.022198,-2.219766,true,false,missing_observed_option_instrument; synthetic/theoretical cycle excluded from option valuation
2025-05-03,10:00,14:00,1746280800000,18,,96352.5,,,,,,,105871.6297,,,0.016859,1.68592,-0.022198,-2.219766,true,false,missing_observed_option_instrument; synthetic/theoretical cycle excluded from option valuation
2025-05-04,10:00,14:00,1746367200000,18,,95369,,,,,,,105871.6297,,,0.016859,1.68592,-0.022198,-2.219766,true,false,missing_observed_option_instrument; synthetic/theoretical cycle excluded from option valuation
2025-05-05,10:00,14:00,1746453600000,18,,94481,,,,,,,105871.6297,,,0.016859,1.68592,-0.022198,-2.219766,true,false,missing_observed_option_instrument; synthetic/theoretical cycle excluded from option valuation
2025-05-06,10:00,14:00,1746540000000,18,,93755,,,,,,,105871.6297,,,0.016859,1.68592,-0.022198,-2.219766,true,false,missing_observed_option_instrument; synthetic/theoretical cycle excluded from option valuation
2025-05-07,10:00,14:00,1746626400000,18,,97050,,,,,,,105871.6297,,,0.016859,1.68592,-0.022198,-2.219766,true,false,missing_observed_option_instrument; synthetic/theoretical cycle excluded from option valuation
2025-05-08,10:00,14:00,1746712800000,18,,99347,,,,,,,105871.6297,,,0.016859,1.68592,-0.022198,-2.219766,true,false,missing_observed_option_instrument; synthetic/theoretical cycle excluded from option valuation
2025-05-09,10:00,14:00,1746799200000,19,BTC-16MAY25-108000-C,103558,983.801,0.0095,Deribit option 1-minute OHLC close at 10:00 NY snapshot; option-denominated close converted to USD with snapshot BTC-PERPETUAL close,102574.199,,,105871.6297,-0.031146,-3.114556,0.016859,1.68592,-0.022198,-2.219766,true,true,daily_return_not_computed_across_missing_mtm_gap
2025-05-10,10:00,14:00,1746885600000,19,BTC-16MAY25-108000-C,103692.5,829.54,0.008,Deribit option 1-minute OHLC close at 10:00 NY snapshot; option-denominated close converted to USD with snapshot BTC-PERPETUAL close,102862.96,0.002815,0.281514,105871.6297,-0.028418,-2.841809,0.01636,1.636014,-0.022198,-2.219766,true,true,
2025-05-11,10:00,14:00,1746972000000,19,BTC-16MAY25-108000-C,104050.5,936.4545,0.009,Deribit option 1-minute OHLC close at 10:00 NY snapshot; option-denominated close converted to USD with snapshot BTC-PERPETUAL close,103114.0455,0.002441,0.244097,105871.6297,-0.026046,-2.604649,0.015873,1.587301,-0.022198,-2.219766,true,true,
2025-05-12,10:00,14:00,1747058400000,19,BTC-16MAY25-108000-C,104166.5,781.24875,0.0075,Deribit option 1-minute OHLC close at 10:00 NY snapshot; option-denominated close converted to USD with snapshot BTC-PERPETUAL close,103385.25125,0.00263,0.263015,105871.6297,-0.023485,-2.348484,0.015403,1.540293,-0.022198,-2.219766,true,true,
2025-05-13,10:00,14:00,1747144800000,19,BTC-16MAY25-108000-C,103703,248.8872,0.0024,Deribit option 1-minute OHLC close at 10:00 NY snapshot; option-denominated close converted to USD with snapshot BTC-PERPETUAL close,103454.1128,0.000666,0.066607,105871.6297,-0.022834,-2.283442,0.014935,1.493458,-0.022198,-2.219766,true,true,
2025-05-14,10:00,14:00,1747231200000,19,BTC-16MAY25-108000-C,103967.5,176.74475,0.0017,Deribit option 1-minute OHLC close at 10:00 NY snapshot; option-denominated close converted to USD with snapshot BTC-PERPETUAL close,103790.75525,0.003254,0.325403,105871.6297,-0.019655,-1.965469,0.014502,1.450154,-0.01824,-1.823978,true,true,
2025-05-15,10:00,14:00,1747317600000,19,BTC-16MAY25-108000-C,102232,20.4464,0.0002,Deribit option 1-minute OHLC close at 10:00 NY snapshot; option-denominated close converted to USD with snapshot BTC-PERPETUAL close,102211.5536,-0.015215,-1.521524,105871.6297,-0.034571,-3.457089,0.014545,1.454535,-0.01824,-1.823978,true,true,
2025-05-16,10:00,14:00,1747404000000,20,BTC-23MAY25-109000-C,103871,519.355,0.005,Deribit option 1-minute OHLC close at 10:00 NY snapshot; option-denominated close converted to USD with snapshot BTC-PERPETUAL close,103351.645,0.011154,1.115423,105871.6297,-0.023802,-2.380227,0.014364,1.436448,-0.019446,-1.944583,true,true,
2025-05-17,10:00,14:00,1747490400000,20,BTC-23MAY25-109000-C,102766.5,246.6396,0.0024,Deribit option 1-minute OHLC close at 10:00 NY snapshot; option-denominated close converted to USD with snapshot BTC-PERPETUAL close,102519.8604,-0.008048,-0.80481,105871.6297,-0.031659,-3.165881,0.014066,1.406571,-0.019446,-1.944583,true,true,
2025-05-18,10:00,14:00,1747576800000,20,BTC-23MAY25-109000-C,104817,576.4935,0.0055,Deribit option 1-minute OHLC close at 10:00 NY snapshot; option-denominated close converted to USD with snapshot BTC-PERPETUAL close,104240.5065,0.016784,1.678354,105871.6297,-0.015407,-1.540661,0.014243,1.424341,-0.019446,-1.944583,true,true,
2025-05-19,10:00,14:00,1747663200000,20,BTC-23MAY25-109000-C,103435.5,248.2452,0.0024,Deribit option 1-minute OHLC close at 10:00 NY snapshot; option-denominated close converted to USD with snapshot BTC-PERPETUAL close,103187.2548,-0.010104,-1.010405,105871.6297,-0.025355,-2.5355,0.01403,1.402953,-0.019446,-1.944583,true,true,
2025-05-20,10:00,14:00,1747749600000,20,BTC-23MAY25-109000-C,104483.5,240.31205,0.0023,Deribit option 1-minute OHLC close at 10:00 NY snapshot; option-denominated close converted to USD with snapshot BTC-PERPETUAL close,104243.18795,0.010233,1.023317,105871.6297,-0.015381,-1.538129,0.013831,1.383117,-0.019446,-1.944583,true,true,
2025-05-21,10:00,14:00,1747836000000,20,BTC-23MAY25-109000-C,107287.5,751.0125,0.007,Deribit option 1-minute OHLC close at 10:00 NY snapshot; option-denominated close converted to USD with snapshot BTC-PERPETUAL close,106536.4875,0.022,2.199951,106536.4875,0,0,0.014452,1.445205,-0.019446,-1.944583,true,true,
2025-05-22,10:00,14:00,1747922400000,20,BTC-23MAY25-109000-C,110984.5,2441.659,0.022,Deribit option 1-minute OHLC close at 10:00 NY snapshot; option-denominated close converted to USD with snapshot BTC-PERPETUAL close,108542.841,0.018833,1.883255,108542.841,0,0,0.014752,1.475161,-0.019446,-1.944583,true,true,
2025-05-23,10:00,14:00,1748008800000,21,BTC-30MAY25-116000-C,109900.5,769.3035,0.007,Deribit option 1-minute OHLC close at 10:00 NY snapshot; option-denominated close converted to USD with snapshot BTC-PERPETUAL close,109131.1965,0.00542,0.542049,109131.1965,0,0,0.014364,1.436372,-0.014009,-1.40092,true,true,
2025-05-24,10:00,14:00,1748095200000,21,BTC-30MAY25-116000-C,108627.5,423.64725,0.0039,Deribit option 1-minute OHLC close at 10:00 NY snapshot; option-denominated close converted to USD with snapshot BTC-PERPETUAL close,108203.85275,-0.008498,-0.849751,109131.1965,-0.008498,-0.849751,0.014081,1.408083,-0.014009,-1.40092,true,true,
2025-05-25,10:00,14:00,1748181600000,21,BTC-30MAY25-116000-C,107464,462.0952,0.0043,Deribit option 1-minute OHLC close at 10:00 NY snapshot; option-denominated close converted to USD with snapshot BTC-PERPETUAL close,107001.9048,-0.011108,-1.110818,109131.1965,-0.019511,-1.95113,0.01392,1.392039,-0.011441,-1.144115,true,true,
2025-05-26,10:00,14:00,1748268000000,21,BTC-30MAY25-116000-C,109622.5,526.188,0.0048,Deribit option 1-minute OHLC close at 10:00 NY snapshot; option-denominated close converted to USD with snapshot BTC-PERPETUAL close,109096.312,0.019574,1.957355,109131.1965,-0.00032,-0.031966,0.014323,1.432264,-0.011893,-1.189301,true,true,
2025-05-27,10:00,14:00,1748354400000,21,BTC-30MAY25-116000-C,110102.5,429.39975,0.0039,Deribit option 1-minute OHLC close at 10:00 NY snapshot; option-denominated close converted to USD with snapshot BTC-PERPETUAL close,109673.10025,0.005287,0.528696,109673.10025,0,0,0.013947,1.394657,-0.011893,-1.189301,true,true,
2025-05-28,10:00,14:00,1748440800000,21,BTC-30MAY25-116000-C,108065,43.226,0.0004,Deribit option 1-minute OHLC close at 10:00 NY snapshot; option-denominated close converted to USD with snapshot BTC-PERPETUAL close,108021.774,-0.015057,-1.50568,109673.10025,-0.015057,-1.50568,0.014016,1.401566,-0.011893,-1.189301,true,true,
2025-05-29,10:00,14:00,1748527200000,21,BTC-30MAY25-116000-C,107669.5,10.76695,0.0001,Deribit option 1-minute OHLC close at 10:00 NY snapshot; option-denominated close converted to USD with snapshot BTC-PERPETUAL close,107658.73305,-0.003361,-0.336081,109673.10025,-0.018367,-1.836701,0.013614,1.36136,-0.013922,-1.392205,true,true,
2025-05-30,10:00,14:00,1748613600000,22,,105677.5,,,,,,,109673.10025,,,0.013614,1.36136,-0.013922,-1.392205,true,false,missing_observed_option_instrument; synthetic/theoretical cycle excluded from option valuation
2025-05-31,10:00,14:00,1748700000000,22,,104145.5,,,,,,,109673.10025,,,0.013614,1.36136,-0.013922,-1.392205,true,false,missing_observed_option_instrument; synthetic/theoretical cycle excluded from option valuation
2025-06-01,10:00,14:00,1748786400000,22,,104332,,,,,,,109673.10025,,,0.013614,1.36136,-0.013922,-1.392205,true,false,missing_observed_option_instrument; synthetic/theoretical cycle excluded from option valuation
2025-06-02,10:00,14:00,1748872800000,22,,103710.5,,,,,,,109673.10025,,,0.013614,1.36136,-0.013922,-1.392205,true,false,missing_observed_option_instrument; synthetic/theoretical cycle excluded from option valuation
2025-06-03,10:00,14:00,1748959200000,22,,105595.5,,,,,,,109673.10025,,,0.013614,1.36136,-0.013922,-1.392205,true,false,missing_observed_option_instrument; synthetic/theoretical cycle excluded from option valuation
2025-06-04,10:00,14:00,1749045600000,22,,104564,,,,,,,109673.10025,,,0.013614,1.36136,-0.013922,-1.392205,true,false,missing_observed_option_instrument; synthetic/theoretical cycle excluded from option valuation
2025-06-05,10:00,14:00,1749132000000,22,,104531,,,,,,,109673.10025,,,0.013614,1.36136,-0.013922,-1.392205,true,false,missing_observed_option_instrument; synthetic/theoretical cycle excluded from option valuation
2025-06-06,10:00,14:00,1749218400000,23,BTC-13JUN25-108000-C,104140.5,624.843,0.006,Deribit option 1-minute OHLC close at 10:00 NY snapshot; option-denominated close converted to USD with snapshot BTC-PERPETUAL close,103515.657,,,109673.10025,-0.056144,-5.614361,0.013614,1.36136,-0.013922,-1.392205,true,true,daily_return_not_computed_across_missing_mtm_gap
2025-06-07,10:00,14:00,1749304800000,23,BTC-13JUN25-108000-C,105724.5,898.65825,0.0085,Deribit option 1-minute OHLC close at 10:00 NY snapshot; option-denominated close converted to USD with snapshot BTC-PERPETUAL close,104825.84175,0.012657,1.265688,109673.10025,-0.044197,-4.419733,0.013558,1.35581,-0.013922,-1.392205,true,true,
2025-06-08,10:00,14:00,1749391200000,23,BTC-13JUN25-108000-C,105678.5,951.1065,0.009,Deribit option 1-minute OHLC close at 10:00 NY snapshot; option-denominated close converted to USD with snapshot BTC-PERPETUAL close,104727.3935,-0.000939,-0.093916,109673.10025,-0.045095,-4.509498,0.013147,1.314708,-0.013922,-1.392205,true,true,
2025-06-09,10:00,14:00,1749477600000,23,BTC-13JUN25-108000-C,107271,1555.4295,0.0145,Deribit option 1-minute OHLC close at 10:00 NY snapshot; option-denominated close converted to USD with snapshot BTC-PERPETUAL close,105715.5705,0.009436,0.943571,109673.10025,-0.036085,-3.608478,0.012954,1.295442,-0.013922,-1.392205,true,true,
2025-06-10,10:00,14:00,1749564000000,23,BTC-13JUN25-108000-C,109354.5,2460.47625,0.0225,Deribit option 1-minute OHLC close at 10:00 NY snapshot; option-denominated close converted to USD with snapshot BTC-PERPETUAL close,106894.02375,0.011147,1.11474,109673.10025,-0.02534,-2.533964,0.012853,1.285316,-0.013922,-1.392205,true,true,
2025-06-11,10:00,14:00,1749650400000,23,BTC-13JUN25-108000-C,109854.5,2306.9445,0.021,Deribit option 1-minute OHLC close at 10:00 NY snapshot; option-denominated close converted to USD with snapshot BTC-PERPETUAL close,107547.5555,0.006114,0.611383,109673.10025,-0.019381,-1.938073,0.012551,1.255127,-0.013922,-1.392205,true,true,
2025-06-12,10:00,14:00,1749736800000,23,BTC-13JUN25-108000-C,107122,396.3514,0.0037,Deribit option 1-minute OHLC close at 10:00 NY snapshot; option-denominated close converted to USD with snapshot BTC-PERPETUAL close,106725.6486,-0.007642,-0.764226,109673.10025,-0.026875,-2.687488,0.012312,1.231205,-0.013922,-1.392205,true,true,
2025-06-13,10:00,14:00,1749823200000,24,BTC-20JUN25-110000-C,104902.5,576.96375,0.0055,Deribit option 1-minute OHLC close at 10:00 NY snapshot; option-denominated close converted to USD with snapshot BTC-PERPETUAL close,104325.53625,-0.022489,-2.248862,109673.10025,-0.048759,-4.875912,0.013147,1.31467,-0.01328,-1.327992,true,true,
2025-06-14,10:00,14:00,1749909600000,24,BTC-20JUN25-110000-C,105067.5,399.2565,0.0038,Deribit option 1-minute OHLC close at 10:00 NY snapshot; option-denominated close converted to USD with snapshot BTC-PERPETUAL close,104668.2435,0.003285,0.328498,109673.10025,-0.045634,-4.563431,0.012772,1.277157,-0.015144,-1.514395,true,true,
2025-06-15,10:00,14:00,1749996000000,24,BTC-20JUN25-110000-C,105572.5,453.96175,0.0043,Deribit option 1-minute OHLC close at 10:00 NY snapshot; option-denominated close converted to USD with snapshot BTC-PERPETUAL close,105118.53825,0.004302,0.430211,109673.10025,-0.041529,-4.152852,0.012427,1.242725,-0.015144,-1.514395,true,true,
2025-06-16,10:00,14:00,1750082400000,24,BTC-20JUN25-110000-C,107207.5,589.64125,0.0055,Deribit option 1-minute OHLC close at 10:00 NY snapshot; option-denominated close converted to USD with snapshot BTC-PERPETUAL close,106617.85875,0.014263,1.426314,109673.10025,-0.027858,-2.785771,0.012545,1.254499,-0.015144,-1.514395,true,true,
2025-06-17,10:00,14:00,1750168800000,24,BTC-20JUN25-110000-C,105412.5,147.5775,0.0014,Deribit option 1-minute OHLC close at 10:00 NY snapshot; option-denominated close converted to USD with snapshot BTC-PERPETUAL close,105264.9225,-0.01269,-1.268958,109673.10025,-0.040194,-4.019379,0.012554,1.255371,-0.015144,-1.514395,true,true,
2025-06-18,10:00,14:00,1750255200000,24,BTC-20JUN25-110000-C,104407.5,52.20375,0.0005,Deribit option 1-minute OHLC close at 10:00 NY snapshot; option-denominated close converted to USD with snapshot BTC-PERPETUAL close,104355.29625,-0.008641,-0.86413,109673.10025,-0.048488,-4.848777,0.012354,1.235395,-0.015144,-1.514395,true,true,
2025-06-19,10:00,14:00,1750341600000,24,BTC-20JUN25-110000-C,104345.5,10.43455,0.0001,Deribit option 1-minute OHLC close at 10:00 NY snapshot; option-denominated close converted to USD with snapshot BTC-PERPETUAL close,104335.06545,-0.000194,-0.019386,109673.10025,-0.048672,-4.867223,0.011978,1.19777,-0.015144,-1.514395,true,true,
2025-06-20,10:00,14:00,1750428000000,25,BTC-27JUN25-111000-C,105653,454.3079,0.0043,Deribit option 1-minute OHLC close at 10:00 NY snapshot; option-denominated close converted to USD with snapshot BTC-PERPETUAL close,105198.6921,0.008277,0.827743,109673.10025,-0.040798,-4.079768,0.011788,1.178848,-0.015144,-1.514395,true,true,
2025-06-21,10:00,14:00,1750514400000,25,BTC-27JUN25-111000-C,103600,186.48,0.0018,Deribit option 1-minute OHLC close at 10:00 NY snapshot; option-denominated close converted to USD with snapshot BTC-PERPETUAL close,103413.52,-0.01697,-1.696953,109673.10025,-0.057075,-5.707489,0.012162,1.216175,-0.015144,-1.514395,true,true,
2025-06-22,10:00,14:00,1750600800000,25,BTC-27JUN25-111000-C,100857,90.7713,0.0009,Deribit option 1-minute OHLC close at 10:00 NY snapshot; option-denominated close converted to USD with snapshot BTC-PERPETUAL close,100766.2287,-0.025599,-2.559908,109673.10025,-0.081213,-8.121291,0.013355,1.335486,-0.01618,-1.61801,true,true,
2025-06-23,10:00,14:00,1750687200000,25,BTC-27JUN25-111000-C,102252.5,92.02725,0.0009,Deribit option 1-minute OHLC close at 10:00 NY snapshot; option-denominated close converted to USD with snapshot BTC-PERPETUAL close,102160.47275,0.013836,1.383642,109673.10025,-0.0685,-6.850018,0.013384,1.338425,-0.020005,-2.000503,true,true,
2025-06-24,10:00,14:00,1750773600000,25,BTC-27JUN25-111000-C,105165.5,105.1655,0.001,Deribit option 1-minute OHLC close at 10:00 NY snapshot; option-denominated close converted to USD with snapshot BTC-PERPETUAL close,105060.3345,0.028385,2.838536,109673.10025,-0.042059,-4.205923,0.014722,1.472187,-0.020005,-2.000503,true,true,
2025-06-25,10:00,14:00,1750860000000,25,BTC-27JUN25-111000-C,107938,237.4636,0.0022,Deribit option 1-minute OHLC close at 10:00 NY snapshot; option-denominated close converted to USD with snapshot BTC-PERPETUAL close,107700.5364,0.02513,2.513034,109673.10025,-0.017986,-1.798585,0.015544,1.554418,-0.020005,-2.000503,true,true,
2025-06-26,10:00,14:00,1750946400000,25,BTC-27JUN25-111000-C,107057.5,32.11725,0.0003,Deribit option 1-minute OHLC close at 10:00 NY snapshot; option-denominated close converted to USD with snapshot BTC-PERPETUAL close,107025.38275,-0.006269,-0.62688,109673.10025,-0.024142,-2.41419,0.015149,1.514867,-0.020005,-2.000503,true,true,
2025-06-27,10:00,14:00,1751032800000,26,,106857.5,,,,,,,109673.10025,,,0.015149,1.514867,-0.020005,-2.000503,true,false,missing_observed_option_instrument; synthetic/theoretical cycle excluded from option valuation
2025-06-28,10:00,14:00,1751119200000,26,,107157.5,,,,,,,109673.10025,,,0.015149,1.514867,-0.020005,-2.000503,true,false,missing_observed_option_instrument; synthetic/theoretical cycle excluded from option valuation
2025-06-29,10:00,14:00,1751205600000,26,,108135,,,,,,,109673.10025,,,0.015149,1.514867,-0.020005,-2.000503,true,false,missing_observed_option_instrument; synthetic/theoretical cycle excluded from option valuation
2025-06-30,10:00,14:00,1751292000000,26,,107550,,,,,,,109673.10025,,,0.015149,1.514867,-0.020005,-2.000503,true,false,missing_observed_option_instrument; synthetic/theoretical cycle excluded from option valuation
2025-07-01,10:00,14:00,1751378400000,26,,106945,,,,,,,109673.10025,,,0.015149,1.514867,-0.020005,-2.000503,true,false,missing_observed_option_instrument; synthetic/theoretical cycle excluded from option valuation
2025-07-02,10:00,14:00,1751464800000,26,,107915,,,,,,,109673.10025,,,0.015149,1.514867,-0.020005,-2.000503,true,false,missing_observed_option_instrument; synthetic/theoretical cycle excluded from option valuation
2025-07-03,10:00,14:00,1751551200000,26,,110431.5,,,,,,,109673.10025,,,0.015149,1.514867,-0.020005,-2.000503,true,false,missing_observed_option_instrument; synthetic/theoretical cycle excluded from option valuation
2025-07-04,10:00,14:00,1751637600000,27,BTC-11JUL25-114000-C,108012.5,270.03125,0.0025,Deribit option 1-minute OHLC close at 10:00 NY snapshot; option-denominated close converted to USD with snapshot BTC-PERPETUAL close,107742.46875,,,109673.10025,-0.017604,-1.760351,0.015149,1.514867,-0.020005,-2.000503,true,true,daily_return_not_computed_across_missing_mtm_gap
2025-07-05,10:00,14:00,1751724000000,27,BTC-11JUL25-114000-C,108188.5,205.55815,0.0019,Deribit option 1-minute OHLC close at 10:00 NY snapshot; option-denominated close converted to USD with snapshot BTC-PERPETUAL close,107982.94185,0.002232,0.223192,109673.10025,-0.015411,-1.541087,0.014697,1.469735,-0.020005,-2.000503,true,true,
2025-07-06,10:00,14:00,1751810400000,27,BTC-11JUL25-114000-C,108873.5,272.18375,0.0025,Deribit option 1-minute OHLC close at 10:00 NY snapshot; option-denominated close converted to USD with snapshot BTC-PERPETUAL close,108601.31625,0.005727,0.572659,109673.10025,-0.009773,-0.977253,0.014318,1.431848,-0.020005,-2.000503,true,true,
2025-07-07,10:00,14:00,1751896800000,27,BTC-11JUL25-114000-C,108566.5,173.7064,0.0016,Deribit option 1-minute OHLC close at 10:00 NY snapshot; option-denominated close converted to USD with snapshot BTC-PERPETUAL close,108392.7936,-0.00192,-0.192007,109673.10025,-0.011674,-1.167384,0.01389,1.389025,-0.020005,-2.000503,true,true,
2025-07-08,10:00,14:00,1751983200000,27,BTC-11JUL25-114000-C,109118.5,87.2948,0.0008,Deribit option 1-minute OHLC close at 10:00 NY snapshot; option-denominated close converted to USD with snapshot BTC-PERPETUAL close,109031.2052,0.00589,0.58898,109673.10025,-0.005853,-0.58528,0.013544,1.354415,-0.020005,-2.000503,true,true,
2025-07-09,10:00,14:00,1752069600000,27,BTC-11JUL25-114000-C,109257.5,76.48025,0.0007,Deribit option 1-minute OHLC close at 10:00 NY snapshot; option-denominated close converted to USD with snapshot BTC-PERPETUAL close,109181.01975,0.001374,0.137405,109673.10025,-0.004487,-0.448679,0.013136,1.313586,-0.020005,-2.000503,true,true,
2025-07-10,10:00,14:00,1752156000000,27,BTC-11JUL25-114000-C,110756,66.4536,0.0006,Deribit option 1-minute OHLC close at 10:00 NY snapshot; option-denominated close converted to USD with snapshot BTC-PERPETUAL close,110689.5464,0.013817,1.381675,110689.5464,0,0,0.013178,1.31777,-0.020005,-2.000503,true,true,
2025-07-11,10:00,14:00,1752242400000,28,BTC-18JUL25-124000-C,118064,578.5136,0.0049,Deribit option 1-minute OHLC close at 10:00 NY snapshot; option-denominated close converted to USD with snapshot BTC-PERPETUAL close,117485.4864,0.061396,6.13964,117485.4864,0,0,0.019733,1.973332,-0.020005,-2.000503,true,true,
2025-07-12,10:00,14:00,1752328800000,28,BTC-18JUL25-124000-C,117552,387.9216,0.0033,Deribit option 1-minute OHLC close at 10:00 NY snapshot; option-denominated close converted to USD with snapshot BTC-PERPETUAL close,117164.0784,-0.002736,-0.273573,117485.4864,-0.002736,-0.273573,0.019144,1.914389,-0.020005,-2.000503,true,true,
2025-07-13,10:00,14:00,1752415200000,28,BTC-18JUL25-124000-C,118742,831.194,0.007,Deribit option 1-minute OHLC close at 10:00 NY snapshot; option-denominated close converted to USD with snapshot BTC-PERPETUAL close,117910.806,0.006373,0.637335,117910.806,0,0,0.018626,1.862623,-0.020005,-2.000503,true,true,
2025-07-14,10:00,14:00,1752501600000,28,BTC-18JUL25-124000-C,121738.5,1156.51575,0.0095,Deribit option 1-minute OHLC close at 10:00 NY snapshot; option-denominated close converted to USD with snapshot BTC-PERPETUAL close,120581.98425,0.022654,2.265423,120581.98425,0,0,0.018892,1.889214,-0.020005,-2.000503,true,true,
2025-07-15,10:00,14:00,1752588000000,28,BTC-18JUL25-124000-C,118150.5,224.48595,0.0019,Deribit option 1-minute OHLC close at 10:00 NY snapshot; option-denominated close converted to USD with snapshot BTC-PERPETUAL close,117926.01405,-0.022026,-2.202626,120581.98425,-0.022026,-2.202626,0.019095,1.90947,-0.020005,-2.000503,true,true,
2025-07-16,10:00,14:00,1752674400000,28,BTC-18JUL25-124000-C,118778.5,130.65635,0.0011,Deribit option 1-minute OHLC close at 10:00 NY snapshot; option-denominated close converted to USD with snapshot BTC-PERPETUAL close,118647.84365,0.006121,0.612104,120581.98425,-0.01604,-1.604005,0.018574,1.857362,-0.022281,-2.228056,true,true,
2025-07-17,10:00,14:00,1752760800000,28,BTC-18JUL25-124000-C,118391.5,47.3566,0.0004,Deribit option 1-minute OHLC close at 10:00 NY snapshot; option-denominated close converted to USD with snapshot BTC-PERPETUAL close,118344.1434,-0.00256,-0.255968,120581.98425,-0.018559,-1.855867,0.018019,1.80187,-0.022281,-2.228056,true,true,
2025-07-18,10:00,14:00,1752847200000,29,BTC-25JUL25-125000-C,118836.5,558.53155,0.0047,Deribit option 1-minute OHLC close at 10:00 NY snapshot; option-denominated close converted to USD with snapshot BTC-PERPETUAL close,118277.96845,-0.000559,-0.055917,120581.98425,-0.019107,-1.910746,0.01747,1.747032,-0.022281,-2.228056,true,true,
2025-07-19,10:00,14:00,1752933600000,29,BTC-25JUL25-125000-C,118310,366.761,0.0031,Deribit option 1-minute OHLC close at 10:00 NY snapshot; option-denominated close converted to USD with snapshot BTC-PERPETUAL close,117943.239,-0.00283,-0.283002,120581.98425,-0.021883,-2.188341,0.016952,1.695228,-0.022281,-2.228056,true,true,
2025-07-20,10:00,14:00,1753020000000,29,BTC-25JUL25-125000-C,118529.5,391.14735,0.0033,Deribit option 1-minute OHLC close at 10:00 NY snapshot; option-denominated close converted to USD with snapshot BTC-PERPETUAL close,118138.35265,0.001654,0.16543,120581.98425,-0.020265,-2.026531,0.016441,1.644084,-0.022281,-2.228056,true,true,
2025-07-21,10:00,14:00,1753106400000,29,BTC-25JUL25-125000-C,119050,273.815,0.0023,Deribit option 1-minute OHLC close at 10:00 NY snapshot; option-denominated close converted to USD with snapshot BTC-PERPETUAL close,118776.185,0.005399,0.539903,120581.98425,-0.014976,-1.49757,0.015995,1.599475,-0.022281,-2.228056,true,true,
2025-07-22,10:00,14:00,1753192800000,29,BTC-25JUL25-125000-C,118031.5,118.0315,0.001,Deribit option 1-minute OHLC close at 10:00 NY snapshot; option-denominated close converted to USD with snapshot BTC-PERPETUAL close,117913.4685,-0.007263,-0.726338,120581.98425,-0.02213,-2.21303,0.015609,1.560921,-0.019751,-1.975073,true,true,
2025-07-23,10:00,14:00,1753279200000,29,BTC-25JUL25-125000-C,117408.5,70.4451,0.0006,Deribit option 1-minute OHLC close at 10:00 NY snapshot; option-denominated close converted to USD with snapshot BTC-PERPETUAL close,117338.0549,-0.00488,-0.487997,120581.98425,-0.026902,-2.690227,0.015181,1.518083,-0.019751,-1.975073,true,true,
2025-07-24,10:00,14:00,1753365600000,29,BTC-25JUL25-125000-C,118307.5,23.6615,0.0002,Deribit option 1-minute OHLC close at 10:00 NY snapshot; option-denominated close converted to USD with snapshot BTC-PERPETUAL close,118283.8385,0.00806,0.806033,120581.98425,-0.019059,-1.905878,0.01485,1.485019,-0.019751,-1.975073,true,true,
2025-07-25,10:00,14:00,1753452000000,30,,116320.5,,,,,,,120581.98425,,,0.01485,1.485019,-0.019751,-1.975073,true,false,missing_observed_option_instrument; synthetic/theoretical cycle excluded from option valuation
2025-07-26,10:00,14:00,1753538400000,30,,118255,,,,,,,120581.98425,,,0.01485,1.485019,-0.019751,-1.975073,true,false,missing_observed_option_instrument; synthetic/theoretical cycle excluded from option valuation
2025-07-27,10:00,14:00,1753624800000,30,,118269.5,,,,,,,120581.98425,,,0.01485,1.485019,-0.019751,-1.975073,true,false,missing_observed_option_instrument; synthetic/theoretical cycle excluded from option valuation
2025-07-28,10:00,14:00,1753711200000,30,,118420.5,,,,,,,120581.98425,,,0.01485,1.485019,-0.019751,-1.975073,true,false,missing_observed_option_instrument; synthetic/theoretical cycle excluded from option valuation
2025-07-29,10:00,14:00,1753797600000,30,,118604.5,,,,,,,120581.98425,,,0.01485,1.485019,-0.019751,-1.975073,true,false,missing_observed_option_instrument; synthetic/theoretical cycle excluded from option valuation
2025-07-30,10:00,14:00,1753884000000,30,,117657.5,,,,,,,120581.98425,,,0.01485,1.485019,-0.019751,-1.975073,true,false,missing_observed_option_instrument; synthetic/theoretical cycle excluded from option valuation
2025-07-31,10:00,14:00,1753970400000,30,,118642.5,,,,,,,120581.98425,,,0.01485,1.485019,-0.019751,-1.975073,true,false,missing_observed_option_instrument; synthetic/theoretical cycle excluded from option valuation
2025-08-01,10:00,14:00,1754056800000,31,,114242.5,,,,,,,120581.98425,,,0.01485,1.485019,-0.019751,-1.975073,true,false,missing_observed_option_instrument; synthetic/theoretical cycle excluded from option valuation
2025-08-02,10:00,14:00,1754143200000,31,,113429,,,,,,,120581.98425,,,0.01485,1.485019,-0.019751,-1.975073,true,false,missing_observed_option_instrument; synthetic/theoretical cycle excluded from option valuation
2025-08-03,10:00,14:00,1754229600000,31,,113927.5,,,,,,,120581.98425,,,0.01485,1.485019,-0.019751,-1.975073,true,false,missing_observed_option_instrument; synthetic/theoretical cycle excluded from option valuation
2025-08-04,10:00,14:00,1754316000000,31,,114946.5,,,,,,,120581.98425,,,0.01485,1.485019,-0.019751,-1.975073,true,false,missing_observed_option_instrument; synthetic/theoretical cycle excluded from option valuation
2025-08-05,10:00,14:00,1754402400000,31,,114404,,,,,,,120581.98425,,,0.01485,1.485019,-0.019751,-1.975073,true,false,missing_observed_option_instrument; synthetic/theoretical cycle excluded from option valuation
2025-08-06,10:00,14:00,1754488800000,31,,114401.5,,,,,,,120581.98425,,,0.01485,1.485019,-0.019751,-1.975073,true,false,missing_observed_option_instrument; synthetic/theoretical cycle excluded from option valuation
2025-08-07,10:00,14:00,1754575200000,31,,116708.5,,,,,,,120581.98425,,,0.01485,1.485019,-0.019751,-1.975073,true,false,missing_observed_option_instrument; synthetic/theoretical cycle excluded from option valuation
2025-08-08,10:00,14:00,1754661600000,32,BTC-15AUG25-123000-C,117018.5,210.6333,0.0018,Deribit option 1-minute OHLC close at 10:00 NY snapshot; option-denominated close converted to USD with snapshot BTC-PERPETUAL close,116807.8667,,,120581.98425,-0.031299,-3.129918,0.01485,1.485019,-0.019751,-1.975073,true,true,daily_return_not_computed_across_missing_mtm_gap
2025-08-09,10:00,14:00,1754748000000,32,BTC-15AUG25-123000-C,117013.5,280.8324,0.0024,Deribit option 1-minute OHLC close at 10:00 NY snapshot; option-denominated close converted to USD with snapshot BTC-PERPETUAL close,116732.6676,-0.000644,-0.064378,120581.98425,-0.031923,-3.192282,0.014399,1.439866,-0.019751,-1.975073,true,true,
2025-08-10,10:00,14:00,1754834400000,32,BTC-15AUG25-123000-C,118481.5,497.6223,0.0042,Deribit option 1-minute OHLC close at 10:00 NY snapshot; option-denominated close converted to USD with snapshot BTC-PERPETUAL close,117983.8777,0.010719,1.071859,120581.98425,-0.021546,-2.154639,0.014205,1.420477,-0.019751,-1.975073,true,true,
2025-08-11,10:00,14:00,1754920800000,32,BTC-15AUG25-123000-C,120080,528.352,0.0044,Deribit option 1-minute OHLC close at 10:00 NY snapshot; option-denominated close converted to USD with snapshot BTC-PERPETUAL close,119551.648,0.013288,1.3288,120581.98425,-0.008545,-0.854469,0.014151,1.415144,-0.019751,-1.975073,true,true,
2025-08-12,10:00,14:00,1755007200000,32,BTC-15AUG25-123000-C,118817,225.7523,0.0019,Deribit option 1-minute OHLC close at 10:00 NY snapshot; option-denominated close converted to USD with snapshot BTC-PERPETUAL close,118591.2477,-0.008033,-0.803335,120581.98425,-0.016509,-1.65094,0.013861,1.386072,-0.019751,-1.975073,true,true,
2025-08-13,10:00,14:00,1755093600000,32,BTC-15AUG25-123000-C,122032.5,793.21125,0.0065,Deribit option 1-minute OHLC close at 10:00 NY snapshot; option-denominated close converted to USD with snapshot BTC-PERPETUAL close,121239.28875,0.022329,2.232914,121239.28875,0,0,0.014509,1.450888,-0.019751,-1.975073,true,true,
2025-08-14,10:00,14:00,1755180000000,32,BTC-15AUG25-123000-C,118500,71.1,0.0006,Deribit option 1-minute OHLC close at 10:00 NY snapshot; option-denominated close converted to USD with snapshot BTC-PERPETUAL close,118428.9,-0.023181,-2.318051,121239.28875,-0.023181,-2.318051,0.01517,1.516962,-0.015729,-1.572945,true,true,
2025-08-15,10:00,14:00,1755266400000,33,BTC-22AUG25-125000-C,117770.5,211.9869,0.0018,Deribit option 1-minute OHLC close at 10:00 NY snapshot; option-denominated close converted to USD with snapshot BTC-PERPETUAL close,117558.5131,-0.007349,-0.734945,121239.28875,-0.03036,-3.035959,0.014817,1.481726,-0.015729,-1.572945,true,true,
2025-08-16,10:00,14:00,1755352800000,33,BTC-22AUG25-125000-C,117695,129.4645,0.0011,Deribit option 1-minute OHLC close at 10:00 NY snapshot; option-denominated close converted to USD with snapshot BTC-PERPETUAL close,117565.5355,0.00006,0.005974,121239.28875,-0.030302,-3.030167,0.014366,1.436588,-0.015729,-1.572945,true,true,
2025-08-17,10:00,14:00,1755439200000,33,BTC-22AUG25-125000-C,118495,154.0435,0.0013,Deribit option 1-minute OHLC close at 10:00 NY snapshot; option-denominated close converted to USD with snapshot BTC-PERPETUAL close,118340.9565,0.006596,0.659565,121239.28875,-0.023906,-2.390588,0.014022,1.402162,-0.015729,-1.572945,true,true,
2025-08-18,10:00,14:00,1755525600000,33,BTC-22AUG25-125000-C,114946.5,91.9572,0.0008,Deribit option 1-minute OHLC close at 10:00 NY snapshot; option-denominated close converted to USD with snapshot BTC-PERPETUAL close,114854.5428,-0.029461,-2.946075,121239.28875,-0.052662,-5.266235,0.015391,1.539109,-0.015729,-1.572945,true,true,
2025-08-19,10:00,14:00,1755612000000,33,BTC-22AUG25-125000-C,115252,34.5756,0.0003,Deribit option 1-minute OHLC close at 10:00 NY snapshot; option-denominated close converted to USD with snapshot BTC-PERPETUAL close,115217.4244,0.003159,0.315949,121239.28875,-0.049669,-4.966925,0.014942,1.494227,-0.022661,-2.26611,true,true,
2025-08-20,10:00,14:00,1755698400000,33,BTC-22AUG25-125000-C,112835,11.2835,0.0001,Deribit option 1-minute OHLC close at 10:00 NY snapshot; option-denominated close converted to USD with snapshot BTC-PERPETUAL close,112823.7165,-0.020776,-2.077557,121239.28875,-0.069413,-6.941291,0.015355,1.535489,-0.022661,-2.26611,true,true,
2025-08-21,10:00,14:00,1755784800000,33,BTC-22AUG25-125000-C,113591.5,11.35915,0.0001,Deribit option 1-minute OHLC close at 10:00 NY snapshot; option-denominated close converted to USD with snapshot BTC-PERPETUAL close,113580.14085,0.006704,0.670448,121239.28875,-0.063174,-6.317381,0.014977,1.497743,-0.022661,-2.26611,true,true,
2025-08-22,10:00,14:00,1755871200000,34,BTC-29AUG25-119000-C,113599.5,420.31815,0.0037,Deribit option 1-minute OHLC close at 10:00 NY snapshot; option-denominated close converted to USD with snapshot BTC-PERPETUAL close,113179.18185,-0.00353,-0.353019,121239.28875,-0.066481,-6.648098,0.014547,1.454688,-0.022661,-2.26611,true,true,
2025-08-23,10:00,14:00,1755957600000,34,BTC-29AUG25-119000-C,114890.5,471.05105,0.0041,Deribit option 1-minute OHLC close at 10:00 NY snapshot; option-denominated close converted to USD with snapshot BTC-PERPETUAL close,114419.44895,0.010958,1.095844,121239.28875,-0.056251,-5.625107,0.014357,1.435689,-0.022661,-2.26611,true,true,
2025-08-24,10:00,14:00,1756044000000,34,BTC-29AUG25-119000-C,114600,378.18,0.0033,Deribit option 1-minute OHLC close at 10:00 NY snapshot; option-denominated close converted to USD with snapshot BTC-PERPETUAL close,114221.82,-0.001727,-0.172723,121239.28875,-0.057881,-5.788114,0.013926,1.392595,-0.022661,-2.26611,true,true,
2025-08-25,10:00,14:00,1756130400000,34,BTC-29AUG25-119000-C,111409,122.5499,0.0011,Deribit option 1-minute OHLC close at 10:00 NY snapshot; option-denominated close converted to USD with snapshot BTC-PERPETUAL close,111286.4501,-0.025699,-2.569885,121239.28875,-0.082093,-8.209252,0.014897,1.489704,-0.022661,-2.26611,true,true,
2025-08-26,10:00,14:00,1756216800000,34,BTC-29AUG25-119000-C,110192.5,33.05775,0.0003,Deribit option 1-minute OHLC close at 10:00 NY snapshot; option-denominated close converted to USD with snapshot BTC-PERPETUAL close,110159.44225,-0.010127,-1.012709,121239.28875,-0.091388,-9.138825,0.014655,1.465469,-0.024566,-2.45656,true,true,
2025-08-27,10:00,14:00,1756303200000,34,BTC-29AUG25-119000-C,111542.5,33.46275,0.0003,Deribit option 1-minute OHLC close at 10:00 NY snapshot; option-denominated close converted to USD with snapshot BTC-PERPETUAL close,111509.03725,0.012251,1.225129,121239.28875,-0.080257,-8.025659,0.014522,1.452171,-0.024566,-2.45656,true,true,
2025-08-28,10:00,14:00,1756389600000,34,BTC-29AUG25-119000-C,112792.5,22.5585,0.0002,Deribit option 1-minute OHLC close at 10:00 NY snapshot; option-denominated close converted to USD with snapshot BTC-PERPETUAL close,112769.9415,0.011308,1.130764,121239.28875,-0.069856,-6.985646,0.014349,1.434918,-0.024566,-2.45656,true,true,
2025-08-29,10:00,14:00,1756476000000,35,,109480,,,,,,,121239.28875,,,0.014349,1.434918,-0.024566,-2.45656,true,false,missing_observed_option_instrument; synthetic/theoretical cycle excluded from option valuation
2025-08-30,10:00,14:00,1756562400000,35,,108510.5,,,,,,,121239.28875,,,0.014349,1.434918,-0.024566,-2.45656,true,false,missing_observed_option_instrument; synthetic/theoretical cycle excluded from option valuation
2025-08-31,10:00,14:00,1756648800000,35,,108500,,,,,,,121239.28875,,,0.014349,1.434918,-0.024566,-2.45656,true,false,missing_observed_option_instrument; synthetic/theoretical cycle excluded from option valuation
2025-09-01,10:00,14:00,1756735200000,35,,109150,,,,,,,121239.28875,,,0.014349,1.434918,-0.024566,-2.45656,true,false,missing_observed_option_instrument; synthetic/theoretical cycle excluded from option valuation
2025-09-02,10:00,14:00,1756821600000,35,,111400,,,,,,,121239.28875,,,0.014349,1.434918,-0.024566,-2.45656,true,false,missing_observed_option_instrument; synthetic/theoretical cycle excluded from option valuation
2025-09-03,10:00,14:00,1756908000000,35,,111765,,,,,,,121239.28875,,,0.014349,1.434918,-0.024566,-2.45656,true,false,missing_observed_option_instrument; synthetic/theoretical cycle excluded from option valuation
2025-09-04,10:00,14:00,1756994400000,35,,110500.5,,,,,,,121239.28875,,,0.014349,1.434918,-0.024566,-2.45656,true,false,missing_observed_option_instrument; synthetic/theoretical cycle excluded from option valuation
2025-09-05,10:00,14:00,1757080800000,36,BTC-12SEP25-119000-C,112986.5,338.9595,0.003,Deribit option 1-minute OHLC close at 10:00 NY snapshot; option-denominated close converted to USD with snapshot BTC-PERPETUAL close,112647.5405,,,121239.28875,-0.070866,-7.086604,0.014349,1.434918,-0.024566,-2.45656,true,true,daily_return_not_computed_across_missing_mtm_gap
2025-09-06,10:00,14:00,1757167200000,36,BTC-12SEP25-119000-C,110969.5,133.1634,0.0012,Deribit option 1-minute OHLC close at 10:00 NY snapshot; option-denominated close converted to USD with snapshot BTC-PERPETUAL close,110836.3366,-0.016079,-1.60785,121239.28875,-0.085805,-8.580512,0.014459,1.445878,-0.024566,-2.45656,true,true,
2025-09-07,10:00,14:00,1757253600000,36,BTC-12SEP25-119000-C,111233,122.3563,0.0011,Deribit option 1-minute OHLC close at 10:00 NY snapshot; option-denominated close converted to USD with snapshot BTC-PERPETUAL close,111110.6437,0.002475,0.247488,121239.28875,-0.083543,-8.35426,0.014031,1.403141,-0.024566,-2.45656,true,true,
2025-09-08,10:00,14:00,1757340000000,36,BTC-12SEP25-119000-C,111990,78.393,0.0007,Deribit option 1-minute OHLC close at 10:00 NY snapshot; option-denominated close converted to USD with snapshot BTC-PERPETUAL close,111911.607,0.007209,0.72087,121239.28875,-0.076936,-7.693613,0.013718,1.371807,-0.024566,-2.45656,true,true,
2025-09-09,10:00,14:00,1757426400000,36,BTC-12SEP25-119000-C,112627,56.3135,0.0005,Deribit option 1-minute OHLC close at 10:00 NY snapshot; option-denominated close converted to USD with snapshot BTC-PERPETUAL close,112570.6865,0.005889,0.588929,121239.28875,-0.0715,-7.149994,0.013378,1.337817,-0.024566,-2.45656,true,true,
2025-09-10,10:00,14:00,1757512800000,36,BTC-12SEP25-119000-C,114083,68.4498,0.0006,Deribit option 1-minute OHLC close at 10:00 NY snapshot; option-denominated close converted to USD with snapshot BTC-PERPETUAL close,114014.5502,0.012826,1.282628,121239.28875,-0.059591,-5.959074,0.013346,1.33457,-0.024566,-2.45656,true,true,
2025-09-11,10:00,14:00,1757599200000,36,BTC-12SEP25-119000-C,114589.5,22.9179,0.0002,Deribit option 1-minute OHLC close at 10:00 NY snapshot; option-denominated close converted to USD with snapshot BTC-PERPETUAL close,114566.5821,0.004842,0.484177,121239.28875,-0.055037,-5.503749,0.012993,1.299337,-0.024566,-2.45656,true,true,
2025-09-12,10:00,14:00,1757685600000,37,BTC-19SEP25-120000-C,115263.5,403.42225,0.0035,Deribit option 1-minute OHLC close at 10:00 NY snapshot; option-denominated close converted to USD with snapshot BTC-PERPETUAL close,114860.07775,0.002562,0.256179,121239.28875,-0.052617,-5.26167,0.012613,1.261316,-0.024566,-2.45656,true,true,
2025-09-13,10:00,14:00,1757772000000,37,BTC-19SEP25-120000-C,115837.5,521.26875,0.0045,Deribit option 1-minute OHLC close at 10:00 NY snapshot; option-denominated close converted to USD with snapshot BTC-PERPETUAL close,115316.23125,0.003971,0.397138,121239.28875,-0.048854,-4.885427,0.012268,1.226754,-0.024566,-2.45656,true,true,
2025-09-14,10:00,14:00,1757858400000,37,BTC-19SEP25-120000-C,115438,392.4892,0.0034,Deribit option 1-minute OHLC close at 10:00 NY snapshot; option-denominated close converted to USD with snapshot BTC-PERPETUAL close,115045.5108,-0.002348,-0.234764,121239.28875,-0.051087,-5.108722,0.011908,1.190772,-0.024566,-2.45656,true,true,
2025-09-15,10:00,14:00,1757944800000,37,BTC-19SEP25-120000-C,114680,275.232,0.0024,Deribit option 1-minute OHLC close at 10:00 NY snapshot; option-denominated close converted to USD with snapshot BTC-PERPETUAL close,114404.768,-0.005569,-0.556947,121239.28875,-0.056372,-5.637216,0.011625,1.162529,-0.024566,-2.45656,true,true,
2025-09-16,10:00,14:00,1758031200000,37,BTC-19SEP25-120000-C,115247,230.494,0.002,Deribit option 1-minute OHLC close at 10:00 NY snapshot; option-denominated close converted to USD with snapshot BTC-PERPETUAL close,115016.506,0.005347,0.534714,121239.28875,-0.051326,-5.132645,0.011347,1.134698,-0.024566,-2.45656,true,true,
2025-09-17,10:00,14:00,1758117600000,37,BTC-19SEP25-120000-C,116150,301.99,0.0026,Deribit option 1-minute OHLC close at 10:00 NY snapshot; option-denominated close converted to USD with snapshot BTC-PERPETUAL close,115848.01,0.007229,0.722943,121239.28875,-0.044468,-4.446808,0.011143,1.114292,-0.024566,-2.45656,true,true,
2025-09-18,10:00,14:00,1758204000000,37,BTC-19SEP25-120000-C,117620,47.048,0.0004,Deribit option 1-minute OHLC close at 10:00 NY snapshot; option-denominated close converted to USD with snapshot BTC-PERPETUAL close,117572.952,0.01489,1.48897,121239.28875,-0.030241,-3.02405,0.011402,1.14025,-0.024566,-2.45656,true,true,
2025-09-19,10:00,14:00,1758290400000,38,BTC-26SEP25-123000-C,116326.5,186.1224,0.0016,Deribit option 1-minute OHLC close at 10:00 NY snapshot; option-denominated close converted to USD with snapshot BTC-PERPETUAL close,116140.3776,-0.012185,-1.218456,121239.28875,-0.042057,-4.205659,0.011451,1.145093,-0.024566,-2.45656,true,true,
2025-09-20,10:00,14:00,1758376800000,38,BTC-26SEP25-123000-C,115973.5,150.76555,0.0013,Deribit option 1-minute OHLC close at 10:00 NY snapshot; option-denominated close converted to USD with snapshot BTC-PERPETUAL close,115822.73445,-0.002735,-0.273499,121239.28875,-0.044677,-4.467656,0.011122,1.112228,-0.024566,-2.45656,true,true,
2025-09-21,10:00,14:00,1758463200000,38,BTC-26SEP25-123000-C,115722,150.4386,0.0013,Deribit option 1-minute OHLC close at 10:00 NY snapshot; option-denominated close converted to USD with snapshot BTC-PERPETUAL close,115571.5614,-0.002169,-0.21686,121239.28875,-0.046748,-4.674827,0.010797,1.079653,-0.024566,-2.45656,true,true,
2025-09-22,10:00,14:00,1758549600000,38,BTC-26SEP25-123000-C,113211.5,56.60575,0.0005,Deribit option 1-minute OHLC close at 10:00 NY snapshot; option-denominated close converted to USD with snapshot BTC-PERPETUAL close,113154.89425,-0.020911,-2.091057,121239.28875,-0.066681,-6.668131,0.011654,1.165359,-0.023483,-2.348338,true,true,
2025-09-23,10:00,14:00,1758636000000,38,BTC-26SEP25-123000-C,113009,22.6018,0.0002,Deribit option 1-minute OHLC close at 10:00 NY snapshot; option-denominated close converted to USD with snapshot BTC-PERPETUAL close,112986.3982,-0.001489,-0.148907,121239.28875,-0.068071,-6.807109,0.011304,1.130446,-0.023544,-2.354413,true,true,
2025-09-24,10:00,14:00,1758722400000,38,BTC-26SEP25-123000-C,112964,22.5928,0.0002,Deribit option 1-minute OHLC close at 10:00 NY snapshot; option-denominated close converted to USD with snapshot BTC-PERPETUAL close,112941.4072,-0.000398,-0.03982,121239.28875,-0.068442,-6.844218,0.010961,1.096052,-0.023544,-2.354413,true,true,
2025-09-25,10:00,14:00,1758808800000,38,BTC-26SEP25-123000-C,111053.5,11.10535,0.0001,Deribit option 1-minute OHLC close at 10:00 NY snapshot; option-denominated close converted to USD with snapshot BTC-PERPETUAL close,111042.39465,-0.016814,-1.681414,121239.28875,-0.084106,-8.410553,0.011397,1.139684,-0.023544,-2.354413,true,true,
2025-09-26,10:00,14:00,1758895200000,39,,109754,,,,,,,121239.28875,,,0.011397,1.139684,-0.023544,-2.354413,true,false,missing_observed_option_instrument; synthetic/theoretical cycle excluded from option valuation
2025-09-27,10:00,14:00,1758981600000,39,,109387.5,,,,,,,121239.28875,,,0.011397,1.139684,-0.023544,-2.354413,true,false,missing_observed_option_instrument; synthetic/theoretical cycle excluded from option valuation
2025-09-28,10:00,14:00,1759068000000,39,,109689,,,,,,,121239.28875,,,0.011397,1.139684,-0.023544,-2.354413,true,false,missing_observed_option_instrument; synthetic/theoretical cycle excluded from option valuation
2025-09-29,10:00,14:00,1759154400000,39,,113307,,,,,,,121239.28875,,,0.011397,1.139684,-0.023544,-2.354413,true,false,missing_observed_option_instrument; synthetic/theoretical cycle excluded from option valuation
2025-09-30,10:00,14:00,1759240800000,39,,113420.5,,,,,,,121239.28875,,,0.011397,1.139684,-0.023544,-2.354413,true,false,missing_observed_option_instrument; synthetic/theoretical cycle excluded from option valuation
2025-10-01,10:00,14:00,1759327200000,39,,116913,,,,,,,121239.28875,,,0.011397,1.139684,-0.023544,-2.354413,true,false,missing_observed_option_instrument; synthetic/theoretical cycle excluded from option valuation
2025-10-02,10:00,14:00,1759413600000,39,,119669,,,,,,,121239.28875,,,0.011397,1.139684,-0.023544,-2.354413,true,false,missing_observed_option_instrument; synthetic/theoretical cycle excluded from option valuation
2025-10-03,10:00,14:00,1759500000000,40,BTC-10OCT25-126000-C,120406.5,577.9512,0.0048,Deribit option 1-minute OHLC close at 10:00 NY snapshot; option-denominated close converted to USD with snapshot BTC-PERPETUAL close,119828.5488,,,121239.28875,-0.011636,-1.1636,0.011397,1.139684,-0.023544,-2.354413,true,true,daily_return_not_computed_across_missing_mtm_gap
2025-10-04,10:00,14:00,1759586400000,40,BTC-10OCT25-126000-C,122543,857.801,0.007,Deribit option 1-minute OHLC close at 10:00 NY snapshot; option-denominated close converted to USD with snapshot BTC-PERPETUAL close,121685.199,0.015494,1.549422,121685.199,0,0,0.011683,1.168327,-0.02085,-2.084982,true,true,
2025-10-05,10:00,14:00,1759672800000,40,BTC-10OCT25-126000-C,123317.5,1048.19875,0.0085,Deribit option 1-minute OHLC close at 10:00 NY snapshot; option-denominated close converted to USD with snapshot BTC-PERPETUAL close,122269.30125,0.0048,0.480011,122269.30125,0,0,0.011388,1.138821,-0.02085,-2.084982,true,true,
2025-10-06,10:00,14:00,1759759200000,40,BTC-10OCT25-126000-C,125220,1565.25,0.0125,Deribit option 1-minute OHLC close at 10:00 NY snapshot; option-denominated close converted to USD with snapshot BTC-PERPETUAL close,123654.75,0.011331,1.133113,123654.75,0,0,0.011385,1.138479,-0.019067,-1.906718,true,true,
2025-10-07,10:00,14:00,1759845600000,40,BTC-10OCT25-126000-C,123975,743.85,0.006,Deribit option 1-minute OHLC close at 10:00 NY snapshot; option-denominated close converted to USD with snapshot BTC-PERPETUAL close,123231.15,-0.003426,-0.342567,123654.75,-0.003426,-0.342567,0.01107,1.106982,-0.019067,-1.906718,true,true,
2025-10-08,10:00,14:00,1759932000000,40,BTC-10OCT25-126000-C,122989.5,159.88635,0.0013,Deribit option 1-minute OHLC close at 10:00 NY snapshot; option-denominated close converted to USD with snapshot BTC-PERPETUAL close,122829.61365,-0.003258,-0.32584,123654.75,-0.006673,-0.66729,0.010762,1.076222,-0.019067,-1.906718,true,true,
2025-10-09,10:00,14:00,1760018400000,40,BTC-10OCT25-126000-C,122231,134.4541,0.0011,Deribit option 1-minute OHLC close at 10:00 NY snapshot; option-denominated close converted to USD with snapshot BTC-PERPETUAL close,122096.5459,-0.005968,-0.596817,123654.75,-0.012601,-1.260125,0.010536,1.053627,-0.019067,-1.906718,true,true,
2025-10-10,10:00,14:00,1760104800000,41,BTC-17OCT25-127000-C,121853,731.118,0.006,Deribit option 1-minute OHLC close at 10:00 NY snapshot; option-denominated close converted to USD with snapshot BTC-PERPETUAL close,121121.882,-0.007983,-0.798273,123654.75,-0.020483,-2.048339,0.010401,1.040075,-0.019067,-1.906718,true,true,
2025-10-11,10:00,14:00,1760191200000,41,BTC-17OCT25-127000-C,112433.5,236.11035,0.0021,Deribit option 1-minute OHLC close at 10:00 NY snapshot; option-denominated close converted to USD with snapshot BTC-PERPETUAL close,112197.38965,-0.073682,-7.368192,123654.75,-0.092656,-9.265605,0.020674,2.06743,-0.016483,-1.64831,true,true,
2025-10-12,10:00,14:00,1760277600000,41,BTC-17OCT25-127000-C,111316.5,100.18485,0.0009,Deribit option 1-minute OHLC close at 10:00 NY snapshot; option-denominated close converted to USD with snapshot BTC-PERPETUAL close,111216.31515,-0.008744,-0.874418,123654.75,-0.10059,-10.059003,0.020159,2.015859,-0.019067,-1.906718,true,true,
2025-10-13,10:00,14:00,1760364000000,41,BTC-17OCT25-127000-C,115484,103.9356,0.0009,Deribit option 1-minute OHLC close at 10:00 NY snapshot; option-denominated close converted to USD with snapshot BTC-PERPETUAL close,115380.0644,0.037438,3.74383,123654.75,-0.066918,-6.691765,0.021589,2.158898,-0.019067,-1.906718,true,true,
2025-10-14,10:00,14:00,1760450400000,41,BTC-17OCT25-127000-C,111050.5,33.31515,0.0003,Deribit option 1-minute OHLC close at 10:00 NY snapshot; option-denominated close converted to USD with snapshot BTC-PERPETUAL close,111017.18485,-0.037813,-3.781311,123654.75,-0.1022,-10.22004,0.022889,2.288906,-0.019067,-1.906718,true,true,
2025-10-15,10:00,14:00,1760536800000,41,BTC-17OCT25-127000-C,111637,11.1637,0.0001,Deribit option 1-minute OHLC close at 10:00 NY snapshot; option-denominated close converted to USD with snapshot BTC-PERPETUAL close,111625.8363,0.005482,0.54825,123654.75,-0.097278,-9.727822,0.022232,2.223236,-0.030207,-3.020697,true,true,
2025-10-16,10:00,14:00,1760623200000,41,BTC-17OCT25-127000-C,110970.5,11.09705,0.0001,Deribit option 1-minute OHLC close at 10:00 NY snapshot; option-denominated close converted to USD with snapshot BTC-PERPETUAL close,110959.40295,-0.00597,-0.597024,123654.75,-0.102668,-10.266769,0.021605,2.160463,-0.030207,-3.020697,true,true,
2025-10-17,10:00,14:00,1760709600000,42,BTC-24OCT25-111000-C,105725,898.6625,0.0085,Deribit option 1-minute OHLC close at 10:00 NY snapshot; option-denominated close converted to USD with snapshot BTC-PERPETUAL close,104826.3375,-0.055273,-5.527306,123654.75,-0.152266,-15.226599,0.024941,2.494115,-0.030207,-3.020697,true,true,
2025-10-18,10:00,14:00,1760796000000,42,BTC-24OCT25-111000-C,106992,802.44,0.0075,Deribit option 1-minute OHLC close at 10:00 NY snapshot; option-denominated close converted to USD with snapshot BTC-PERPETUAL close,106189.56,0.013005,1.300458,123654.75,-0.141242,-14.124156,0.02439,2.439025,-0.047416,-4.741608,true,true,
2025-10-19,10:00,14:00,1760882400000,42,BTC-24OCT25-111000-C,108059.5,1080.595,0.01,Deribit option 1-minute OHLC close at 10:00 NY snapshot; option-denominated close converted to USD with snapshot BTC-PERPETUAL close,106978.905,0.007433,0.743336,123654.75,-0.134858,-13.48581,0.023717,2.371722,-0.047416,-4.741608,true,true,
2025-10-20,10:00,14:00,1760968800000,42,BTC-24OCT25-111000-C,111275,1836.0375,0.0165,Deribit option 1-minute OHLC close at 10:00 NY snapshot; option-denominated close converted to USD with snapshot BTC-PERPETUAL close,109438.9625,0.022996,2.299573,123654.75,-0.114964,-11.496354,0.023675,2.367455,-0.047416,-4.741608,true,true,
2025-10-21,10:00,14:00,1761055200000,42,BTC-24OCT25-111000-C,108545,596.9975,0.0055,Deribit option 1-minute OHLC close at 10:00 NY snapshot; option-denominated close converted to USD with snapshot BTC-PERPETUAL close,107948.0025,-0.013624,-1.362367,123654.75,-0.127021,-12.702098,0.023195,2.319465,-0.047416,-4.741608,true,true,
2025-10-22,10:00,14:00,1761141600000,42,BTC-24OCT25-111000-C,108775,598.2625,0.0055,Deribit option 1-minute OHLC close at 10:00 NY snapshot; option-denominated close converted to USD with snapshot BTC-PERPETUAL close,108176.7375,0.002119,0.211894,123654.75,-0.125171,-12.517119,0.022494,2.249403,-0.047416,-4.741608,true,true,
2025-10-23,10:00,14:00,1761228000000,42,BTC-24OCT25-111000-C,109485,284.661,0.0026,Deribit option 1-minute OHLC close at 10:00 NY snapshot; option-denominated close converted to USD with snapshot BTC-PERPETUAL close,109200.339,0.009462,0.946231,123654.75,-0.116893,-11.689329,0.021932,2.193159,-0.047416,-4.741608,true,true,
2025-10-24,10:00,14:00,1761314400000,43,BTC-31OCT25-117000-C,110919,465.8598,0.0042,Deribit option 1-minute OHLC close at 10:00 NY snapshot; option-denominated close converted to USD with snapshot BTC-PERPETUAL close,110453.1402,0.011473,1.14725,123654.75,-0.106762,-10.676185,0.021448,2.144836,-0.047416,-4.741608,true,true,
2025-10-25,10:00,14:00,1761400800000,43,BTC-31OCT25-117000-C,111721,513.9166,0.0046,Deribit option 1-minute OHLC close at 10:00 NY snapshot; option-denominated close converted to USD with snapshot BTC-PERPETUAL close,111207.0834,0.006826,0.682591,123654.75,-0.100665,-10.066469,0.020862,2.086207,-0.047416,-4.741608,true,true,
2025-10-26,10:00,14:00,1761487200000,43,BTC-31OCT25-117000-C,113702.5,966.47125,0.0085,Deribit option 1-minute OHLC close at 10:00 NY snapshot; option-denominated close converted to USD with snapshot BTC-PERPETUAL close,112736.02875,0.013749,1.374863,123654.75,-0.0883,-8.830006,0.020505,2.050497,-0.047416,-4.741608,true,true,
2025-10-27,10:00,14:00,1761573600000,43,BTC-31OCT25-117000-C,115310.5,1153.105,0.01,Deribit option 1-minute OHLC close at 10:00 NY snapshot; option-denominated close converted to USD with snapshot BTC-PERPETUAL close,114157.395,0.012608,1.260791,123654.75,-0.076805,-7.680542,0.020119,2.011875,-0.047416,-4.741608,true,true,
2025-10-28,10:00,14:00,1761660000000,43,BTC-31OCT25-117000-C,115588.5,924.708,0.008,Deribit option 1-minute OHLC close at 10:00 NY snapshot; option-denominated close converted to USD with snapshot BTC-PERPETUAL close,114663.792,0.004436,0.443595,123654.75,-0.07271,-7.271017,0.019536,1.953609,-0.047416,-4.741608,true,true,
2025-10-29,10:00,14:00,1761746400000,43,BTC-31OCT25-117000-C,112900,270.96,0.0024,Deribit option 1-minute OHLC close at 10:00 NY snapshot; option-denominated close converted to USD with snapshot BTC-PERPETUAL close,112629.04,-0.017745,-1.774538,123654.75,-0.089165,-8.916528,0.019433,1.94333,-0.047416,-4.741608,true,true,
2025-10-30,10:00,14:00,1761832800000,43,BTC-31OCT25-117000-C,107811,21.5622,0.0002,Deribit option 1-minute OHLC close at 10:00 NY snapshot; option-denominated close converted to USD with snapshot BTC-PERPETUAL close,107789.4378,-0.042969,-4.29694,123654.75,-0.128303,-12.83033,0.021582,2.158185,-0.047416,-4.741608,true,true,
2025-10-31,10:00,14:00,1761919200000,44,,110000,,,,,,,123654.75,,,0.021582,2.158185,-0.047416,-4.741608,true,false,missing_observed_option_instrument; synthetic/theoretical cycle excluded from option valuation
2025-11-01,10:00,14:00,1762005600000,44,,109956,,,,,,,123654.75,,,0.021582,2.158185,-0.047416,-4.741608,true,false,missing_observed_option_instrument; synthetic/theoretical cycle excluded from option valuation
2025-11-02,10:00,15:00,1762095600000,44,,110395.5,,,,,,,123654.75,,,0.021582,2.158185,-0.047416,-4.741608,true,false,missing_observed_option_instrument; synthetic/theoretical cycle excluded from option valuation
2025-11-03,10:00,15:00,1762182000000,44,,107905,,,,,,,123654.75,,,0.021582,2.158185,-0.047416,-4.741608,true,false,missing_observed_option_instrument; synthetic/theoretical cycle excluded from option valuation
2025-11-04,10:00,15:00,1762268400000,44,,104462.5,,,,,,,123654.75,,,0.021582,2.158185,-0.047416,-4.741608,true,false,missing_observed_option_instrument; synthetic/theoretical cycle excluded from option valuation
2025-11-05,10:00,15:00,1762354800000,44,,103074.5,,,,,,,123654.75,,,0.021582,2.158185,-0.047416,-4.741608,true,false,missing_observed_option_instrument; synthetic/theoretical cycle excluded from option valuation
2025-11-06,10:00,15:00,1762441200000,44,,102010,,,,,,,123654.75,,,0.021582,2.158185,-0.047416,-4.741608,true,false,missing_observed_option_instrument; synthetic/theoretical cycle excluded from option valuation
2025-11-07,10:00,15:00,1762527600000,45,BTC-14NOV25-107000-C,100650,442.86,0.0044,Deribit option 1-minute OHLC close at 10:00 NY snapshot; option-denominated close converted to USD with snapshot BTC-PERPETUAL close,100207.14,,,123654.75,-0.189622,-18.962159,0.021582,2.158185,-0.047416,-4.741608,true,true,daily_return_not_computed_across_missing_mtm_gap
2025-11-08,10:00,15:00,1762614000000,45,BTC-14NOV25-107000-C,101792.5,376.63225,0.0037,Deribit option 1-minute OHLC close at 10:00 NY snapshot; option-denominated close converted to USD with snapshot BTC-PERPETUAL close,101415.86775,0.012062,1.206229,123654.75,-0.179847,-17.984657,0.021132,2.113196,-0.049736,-4.973641,true,true,
2025-11-09,10:00,15:00,1762700400000,45,BTC-14NOV25-107000-C,103119,670.2735,0.0065,Deribit option 1-minute OHLC close at 10:00 NY snapshot; option-denominated close converted to USD with snapshot BTC-PERPETUAL close,102448.7265,0.010184,1.018439,123654.75,-0.171494,-17.14938,0.02064,2.063951,-0.049736,-4.973641,true,true,
2025-11-10,10:00,15:00,1762786800000,45,BTC-14NOV25-107000-C,104850,943.65,0.009,Deribit option 1-minute OHLC close at 10:00 NY snapshot; option-denominated close converted to USD with snapshot BTC-PERPETUAL close,103906.35,0.014228,1.422783,123654.75,-0.159706,-15.970596,0.020312,2.031196,-0.049736,-4.973641,true,true,
2025-11-11,10:00,15:00,1762873200000,45,BTC-14NOV25-107000-C,104460,522.3,0.005,Deribit option 1-minute OHLC close at 10:00 NY snapshot; option-denominated close converted to USD with snapshot BTC-PERPETUAL close,103937.7,0.000302,0.030171,123654.75,-0.159452,-15.945243,0.019693,1.969332,-0.049736,-4.973641,true,true,
2025-11-12,10:00,15:00,1762959600000,45,BTC-14NOV25-107000-C,104032.5,312.0975,0.003,Deribit option 1-minute OHLC close at 10:00 NY snapshot; option-denominated close converted to USD with snapshot BTC-PERPETUAL close,103720.4025,-0.002091,-0.209065,123654.75,-0.16121,-16.120972,0.0191,1.910025,-0.049736,-4.973641,true,true,
2025-11-13,10:00,15:00,1763046000000,45,BTC-14NOV25-107000-C,102715,41.086,0.0004,Deribit option 1-minute OHLC close at 10:00 NY snapshot; option-denominated close converted to USD with snapshot BTC-PERPETUAL close,102673.914,-0.01009,-1.008951,123654.75,-0.169673,-16.967271,0.018683,1.868256,-0.049736,-4.973641,true,true,
2025-11-14,10:00,15:00,1763132400000,46,BTC-21NOV25-102000-C,96306,625.989,0.0065,Deribit option 1-minute OHLC close at 10:00 NY snapshot; option-denominated close converted to USD with snapshot BTC-PERPETUAL close,95680.011,-0.068118,-6.811762,123654.75,-0.226233,-22.623263,0.024627,2.462715,-0.049736,-4.973641,true,true,
2025-11-15,10:00,15:00,1763218800000,46,BTC-21NOV25-102000-C,96153,480.765,0.005,Deribit option 1-minute OHLC close at 10:00 NY snapshot; option-denominated close converted to USD with snapshot BTC-PERPETUAL close,95672.235,-0.000081,-0.008127,123654.75,-0.226296,-22.629551,0.023877,2.387692,-0.062338,-6.233757,true,true,
2025-11-16,10:00,15:00,1763305200000,46,BTC-21NOV25-102000-C,95268,362.0184,0.0038,Deribit option 1-minute OHLC close at 10:00 NY snapshot; option-denominated close converted to USD with snapshot BTC-PERPETUAL close,94905.9816,-0.008009,-0.800915,123654.75,-0.232492,-23.249223,0.023233,2.323251,-0.062338,-6.233757,true,true,
2025-11-17,10:00,15:00,1763391600000,46,BTC-21NOV25-102000-C,94698,217.8054,0.0023,Deribit option 1-minute OHLC close at 10:00 NY snapshot; option-denominated close converted to USD with snapshot BTC-PERPETUAL close,94480.1946,-0.004486,-0.448641,123654.75,-0.235936,-23.593558,0.022552,2.255154,-0.062338,-6.233757,true,true,
2025-11-18,10:00,15:00,1763478000000,46,BTC-21NOV25-102000-C,91372.5,,,,,,,123654.75,,,0.022552,2.255154,-0.062338,-6.233757,true,false,option_ohlc_error:public/get_tradingview_chart_data HTTP 429 Too Many Requests too_many_requests; missing_option_1m_candle_close
2025-11-19,10:00,15:00,1763564400000,46,BTC-21NOV25-102000-C,91782,27.5346,0.0003,Deribit option 1-minute OHLC close at 10:00 NY snapshot; option-denominated close converted to USD with snapshot BTC-PERPETUAL close,91754.4654,,,123654.75,-0.257979,-25.797864,0.022552,2.255154,-0.062338,-6.233757,true,true,daily_return_not_computed_across_missing_mtm_gap
2025-11-20,10:00,15:00,1763650800000,46,BTC-21NOV25-102000-C,90905.5,9.09055,0.0001,Deribit option 1-minute OHLC close at 10:00 NY snapshot; option-denominated close converted to USD with snapshot BTC-PERPETUAL close,90896.40945,-0.009352,-0.935165,123654.75,-0.264918,-26.491777,0.021984,2.19842,-0.062338,-6.233757,true,true,
2025-11-21,10:00,15:00,1763737200000,47,BTC-28NOV25-88000-C,84760.5,1610.4495,0.019,Deribit option 1-minute OHLC close at 10:00 NY snapshot; option-denominated close converted to USD with snapshot BTC-PERPETUAL close,83150.0505,-0.085222,-8.522184,123654.75,-0.327563,-32.756283,0.029834,2.983408,-0.049736,-4.973641,true,true,
2025-11-22,10:00,15:00,1763823600000,47,BTC-28NOV25-88000-C,84400,928.4,0.011,Deribit option 1-minute OHLC close at 10:00 NY snapshot; option-denominated close converted to USD with snapshot BTC-PERPETUAL close,83471.6,0.003867,0.38671,123654.75,-0.324962,-32.496245,0.028941,2.894072,-0.062338,-6.233757,true,true,
2025-11-23,10:00,15:00,1763910000000,47,BTC-28NOV25-88000-C,86420,1685.19,0.0195,Deribit option 1-minute OHLC close at 10:00 NY snapshot; option-denominated close converted to USD with snapshot BTC-PERPETUAL close,84734.81,0.015133,1.513341,123654.75,-0.314747,-31.474683,0.028303,2.830287,-0.062338,-6.233757,true,true,
2025-11-24,10:00,15:00,1763996400000,47,BTC-28NOV25-88000-C,86114,990.311,0.0115,Deribit option 1-minute OHLC close at 10:00 NY snapshot; option-denominated close converted to USD with snapshot BTC-PERPETUAL close,85123.689,0.004589,0.458937,123654.75,-0.311602,-31.160195,0.027464,2.746367,-0.062338,-6.233757,true,true,
2025-11-25,10:00,15:00,1764082800000,47,BTC-28NOV25-88000-C,86542.5,908.69625,0.0105,Deribit option 1-minute OHLC close at 10:00 NY snapshot; option-denominated close converted to USD with snapshot BTC-PERPETUAL close,85633.80375,0.005993,0.599263,123654.75,-0.307477,-30.747663,0.026667,2.666745,-0.062338,-6.233757,true,true,
2025-11-26,10:00,15:00,1764169200000,47,BTC-28NOV25-88000-C,86945,521.67,0.006,Deribit option 1-minute OHLC close at 10:00 NY snapshot; option-denominated close converted to USD with snapshot BTC-PERPETUAL close,86423.33,0.00922,0.92198,123654.75,-0.301092,-30.109171,0.025953,2.595349,-0.062338,-6.233757,true,true,
2025-11-27,10:00,15:00,1764255600000,47,BTC-28NOV25-88000-C,90746.5,2722.395,0.03,Deribit option 1-minute OHLC close at 10:00 NY snapshot; option-denominated close converted to USD with snapshot BTC-PERPETUAL close,88024.105,0.018522,1.852249,123654.75,-0.288146,-28.814619,0.025569,2.556861,-0.056801,-5.680092,true,true,
2025-11-28,10:00,15:00,1764342000000,48,,92348.5,,,,,,,123654.75,,,0.025569,2.556861,-0.056801,-5.680092,true,false,missing_observed_option_instrument; synthetic/theoretical cycle excluded from option valuation
2025-11-29,10:00,15:00,1764428400000,48,,90683,,,,,,,123654.75,,,0.025569,2.556861,-0.056801,-5.680092,true,false,missing_observed_option_instrument; synthetic/theoretical cycle excluded from option valuation
2025-11-30,10:00,15:00,1764514800000,48,,91472.5,,,,,,,123654.75,,,0.025569,2.556861,-0.056801,-5.680092,true,false,missing_observed_option_instrument; synthetic/theoretical cycle excluded from option valuation
2025-12-01,10:00,15:00,1764601200000,48,,86067,,,,,,,123654.75,,,0.025569,2.556861,-0.056801,-5.680092,true,false,missing_observed_option_instrument; synthetic/theoretical cycle excluded from option valuation
2025-12-02,10:00,15:00,1764687600000,48,,89437.5,,,,,,,123654.75,,,0.025569,2.556861,-0.056801,-5.680092,true,false,missing_observed_option_instrument; synthetic/theoretical cycle excluded from option valuation
2025-12-03,10:00,15:00,1764774000000,48,,92550.5,,,,,,,123654.75,,,0.025569,2.556861,-0.056801,-5.680092,true,false,missing_observed_option_instrument; synthetic/theoretical cycle excluded from option valuation
2025-12-04,10:00,15:00,1764860400000,48,,92011.5,,,,,,,123654.75,,,0.025569,2.556861,-0.056801,-5.680092,true,false,missing_observed_option_instrument; synthetic/theoretical cycle excluded from option valuation
2025-12-05,10:00,15:00,1764946800000,49,BTC-12DEC25-96000-C,90511,588.3215,0.0065,Deribit option 1-minute OHLC close at 10:00 NY snapshot; option-denominated close converted to USD with snapshot BTC-PERPETUAL close,89922.6785,,,123654.75,-0.272792,-27.279236,0.025569,2.556861,-0.056801,-5.680092,true,true,daily_return_not_computed_across_missing_mtm_gap
2025-12-06,10:00,15:00,1765033200000,49,BTC-12DEC25-96000-C,89976.5,359.906,0.004,Deribit option 1-minute OHLC close at 10:00 NY snapshot; option-denominated close converted to USD with snapshot BTC-PERPETUAL close,89616.594,-0.003404,-0.340386,123654.75,-0.275268,-27.526768,0.024804,2.48037,-0.056801,-5.680092,true,true,
2025-12-07,10:00,15:00,1765119600000,49,BTC-12DEC25-96000-C,88237.5,317.655,0.0036,Deribit option 1-minute OHLC close at 10:00 NY snapshot; option-denominated close converted to USD with snapshot BTC-PERPETUAL close,87919.845,-0.018933,-1.893342,123654.75,-0.288989,-28.898934,0.024491,2.44912,-0.056801,-5.680092,true,true,
2025-12-08,10:00,15:00,1765206000000,49,BTC-12DEC25-96000-C,90906.5,409.07925,0.0045,Deribit option 1-minute OHLC close at 10:00 NY snapshot; option-denominated close converted to USD with snapshot BTC-PERPETUAL close,90497.42075,0.029317,2.931734,123654.75,-0.268144,-26.81444,0.024807,2.480726,-0.056801,-5.680092,true,true,
2025-12-09,10:00,15:00,1765292400000,49,BTC-12DEC25-96000-C,90415,189.8715,0.0021,Deribit option 1-minute OHLC close at 10:00 NY snapshot; option-denominated close converted to USD with snapshot BTC-PERPETUAL close,90225.1285,-0.003009,-0.300884,123654.75,-0.270346,-27.034644,0.024063,2.406282,-0.056801,-5.680092,true,true,
2025-12-10,10:00,15:00,1765378800000,49,BTC-12DEC25-96000-C,91803.5,220.3284,0.0024,Deribit option 1-minute OHLC close at 10:00 NY snapshot; option-denominated close converted to USD with snapshot BTC-PERPETUAL close,91583.1716,0.015052,1.505172,123654.75,-0.259364,-25.93639,0.023619,2.36193,-0.056801,-5.680092,true,true,
2025-12-11,10:00,15:00,1765465200000,49,BTC-12DEC25-96000-C,89440.5,8.94405,0.0001,Deribit option 1-minute OHLC close at 10:00 NY snapshot; option-denominated close converted to USD with snapshot BTC-PERPETUAL close,89431.55595,-0.023494,-2.349357,123654.75,-0.276764,-27.676409,0.023612,2.361177,-0.056801,-5.680092,true,true,
2025-12-12,10:00,15:00,1765551600000,50,BTC-19DEC25-97000-C,92354,507.947,0.0055,Deribit option 1-minute OHLC close at 10:00 NY snapshot; option-denominated close converted to USD with snapshot BTC-PERPETUAL close,91846.053,0.026998,2.699827,123654.75,-0.257238,-25.723797,0.023829,2.382854,-0.056801,-5.680092,true,true,
2025-12-13,10:00,15:00,1765638000000,50,BTC-19DEC25-97000-C,90160.5,198.3531,0.0022,Deribit option 1-minute OHLC close at 10:00 NY snapshot; option-denominated close converted to USD with snapshot BTC-PERPETUAL close,89962.1469,-0.020512,-2.051156,123654.75,-0.272473,-27.247318,0.023643,2.364265,-0.056801,-5.680092,true,true,
2025-12-14,10:00,15:00,1765724400000,50,BTC-19DEC25-97000-C,89059,187.0239,0.0021,Deribit option 1-minute OHLC close at 10:00 NY snapshot; option-denominated close converted to USD with snapshot BTC-PERPETUAL close,88871.9761,-0.012118,-1.211811,123654.75,-0.281289,-28.128943,0.023114,2.311379,-0.056801,-5.680092,true,true,
2025-12-15,10:00,15:00,1765810800000,50,BTC-19DEC25-97000-C,87888.5,70.3108,0.0008,Deribit option 1-minute OHLC close at 10:00 NY snapshot; option-denominated close converted to USD with snapshot BTC-PERPETUAL close,87818.1892,-0.011857,-1.185736,123654.75,-0.289811,-28.981144,0.022597,2.259708,-0.056801,-5.680092,true,true,
2025-12-16,10:00,15:00,1765897200000,50,BTC-19DEC25-97000-C,87330.5,43.66525,0.0005,Deribit option 1-minute OHLC close at 10:00 NY snapshot; option-denominated close converted to USD with snapshot BTC-PERPETUAL close,87286.83475,-0.006051,-0.605062,123654.75,-0.294109,-29.410852,0.021959,2.195876,-0.056801,-5.680092,true,true,
2025-12-17,10:00,15:00,1765983600000,50,BTC-19DEC25-97000-C,89679,44.8395,0.0005,Deribit option 1-minute OHLC close at 10:00 NY snapshot; option-denominated close converted to USD with snapshot BTC-PERPETUAL close,89634.1605,0.026892,2.689209,123654.75,-0.275126,-27.512562,0.022286,2.228558,-0.056801,-5.680092,true,true,
2025-12-18,10:00,15:00,1766070000000,50,BTC-19DEC25-97000-C,88408.5,8.84085,0.0001,Deribit option 1-minute OHLC close at 10:00 NY snapshot; option-denominated close converted to USD with snapshot BTC-PERPETUAL close,88399.65915,-0.013773,-1.377267,123654.75,-0.285109,-28.510907,0.021868,2.186846,-0.048037,-4.80368,true,true,
2025-12-19,10:00,15:00,1766156400000,51,BTC-26DEC25-92000-C,88079.5,660.59625,0.0075,Deribit option 1-minute OHLC close at 10:00 NY snapshot; option-denominated close converted to USD with snapshot BTC-PERPETUAL close,87418.90375,-0.011095,-1.109456,123654.75,-0.29304,-29.304047,0.021376,2.137571,-0.048037,-4.80368,true,true,
2025-12-20,10:00,15:00,1766242800000,51,BTC-26DEC25-92000-C,88231,485.2705,0.0055,Deribit option 1-minute OHLC close at 10:00 NY snapshot; option-denominated close converted to USD with snapshot BTC-PERPETUAL close,87745.7295,0.003739,0.373862,123654.75,-0.290397,-29.039742,0.020745,2.074474,-0.048037,-4.80368,true,true,
2025-12-21,10:00,15:00,1766329200000,51,BTC-26DEC25-92000-C,88015,528.09,0.006,Deribit option 1-minute OHLC close at 10:00 NY snapshot; option-denominated close converted to USD with snapshot BTC-PERPETUAL close,87486.91,-0.00295,-0.294965,123654.75,-0.292491,-29.24905,0.020126,2.012575,-0.048037,-4.80368,true,true,
2025-12-22,10:00,15:00,1766415600000,51,BTC-26DEC25-92000-C,90050,765.425,0.0085,Deribit option 1-minute OHLC close at 10:00 NY snapshot; option-denominated close converted to USD with snapshot BTC-PERPETUAL close,89284.575,0.020548,2.054782,123654.75,-0.277953,-27.795273,0.020151,2.015132,-0.048037,-4.80368,true,true,
2025-12-23,10:00,15:00,1766502000000,51,BTC-26DEC25-92000-C,86789,104.1468,0.0012,Deribit option 1-minute OHLC close at 10:00 NY snapshot; option-denominated close converted to USD with snapshot BTC-PERPETUAL close,86684.8532,-0.029117,-2.911726,123654.75,-0.298977,-29.897676,0.020799,2.079856,-0.048037,-4.80368,true,true,
2025-12-24,10:00,15:00,1766588400000,51,BTC-26DEC25-92000-C,87085.5,34.8342,0.0004,Deribit option 1-minute OHLC close at 10:00 NY snapshot; option-denominated close converted to USD with snapshot BTC-PERPETUAL close,87050.6658,0.00422,0.422003,123654.75,-0.296018,-29.601842,0.020191,2.019143,-0.050567,-5.056746,true,true,
2025-12-25,10:00,15:00,1766674800000,51,BTC-26DEC25-92000-C,87712.5,17.5425,0.0002,Deribit option 1-minute OHLC close at 10:00 NY snapshot; option-denominated close converted to USD with snapshot BTC-PERPETUAL close,87694.9575,0.007401,0.740134,123654.75,-0.290808,-29.080802,0.01966,1.966008,-0.026587,-2.65866,true,true,
