date,snapshot_time_ny,snapshot_time_utc,snapshot_timestamp,cycle_id,instrument_name,underlying_price,option_price_proxy,option_price_proxy_underlying,option_price_proxy_source,approximate_CCW_value,daily_return,daily_return_pct,rolling_peak,rolling_drawdown,rolling_drawdown_pct,EWMA_vol,EWMA_vol_pct,historical_VaR,historical_VaR_pct,underlying_price_found,option_price_found,notes
2022-01-07,10:00,15:00,1641567600000,1,BTC-14JAN22-44000-C,41843,711.331,0.017,Deribit option 1-minute OHLC close at 10:00 NY snapshot; option-denominated close converted to USD with snapshot BTC-PERPETUAL close,41131.669,,,41131.669,0,0,,,,,true,true,
2022-01-08,10:00,15:00,1641654000000,1,BTC-14JAN22-44000-C,41795.5,480.64825,0.0115,Deribit option 1-minute OHLC close at 10:00 NY snapshot; option-denominated close converted to USD with snapshot BTC-PERPETUAL close,41314.85175,0.004454,0.445357,41314.85175,0,0,0.004454,0.445357,,,true,true,
2022-01-09,10:00,15:00,1641740400000,1,BTC-14JAN22-44000-C,41588.5,332.708,0.008,Deribit option 1-minute OHLC close at 10:00 NY snapshot; option-denominated close converted to USD with snapshot BTC-PERPETUAL close,41255.792,-0.00143,-0.14295,41314.85175,-0.00143,-0.14295,0.004332,0.433207,,,true,true,
2022-01-10,10:00,15:00,1641826800000,1,BTC-14JAN22-44000-C,40797,183.5865,0.0045,Deribit option 1-minute OHLC close at 10:00 NY snapshot; option-denominated close converted to USD with snapshot BTC-PERPETUAL close,40613.4135,-0.015571,-1.557063,41314.85175,-0.016978,-1.697787,0.005673,0.56734,,,true,true,
2022-01-11,10:00,15:00,1641913200000,1,BTC-14JAN22-44000-C,41797,188.0865,0.0045,Deribit option 1-minute OHLC close at 10:00 NY snapshot; option-denominated close converted to USD with snapshot BTC-PERPETUAL close,41608.9135,0.024512,2.451161,41608.9135,0,0,0.008143,0.814281,,,true,true,
2022-01-12,10:00,15:00,1641999600000,1,BTC-14JAN22-44000-C,43847,657.705,0.015,Deribit option 1-minute OHLC close at 10:00 NY snapshot; option-denominated close converted to USD with snapshot BTC-PERPETUAL close,43189.295,0.037982,3.79818,43189.295,0,0,0.012202,1.220181,,,true,true,
2022-01-13,10:00,15:00,1642086000000,1,BTC-14JAN22-44000-C,44106.5,463.11825,0.0105,Deribit option 1-minute OHLC close at 10:00 NY snapshot; option-denominated close converted to USD with snapshot BTC-PERPETUAL close,43643.38175,0.010514,1.051387,43643.38175,0,0,0.012107,1.210717,,,true,true,
2022-01-14,10:00,15:00,1642172400000,2,BTC-21JAN22-45000-C,42971.5,472.6865,0.011,Deribit option 1-minute OHLC close at 10:00 NY snapshot; option-denominated close converted to USD with snapshot BTC-PERPETUAL close,42498.8135,-0.026225,-2.622547,43643.38175,-0.026225,-2.622547,0.013381,1.338114,,,true,true,
2022-01-15,10:00,15:00,1642258800000,2,BTC-21JAN22-45000-C,43189,323.9175,0.0075,Deribit option 1-minute OHLC close at 10:00 NY snapshot; option-denominated close converted to USD with snapshot BTC-PERPETUAL close,42865.0825,0.008618,0.861833,43643.38175,-0.017833,-1.783316,0.013144,1.314413,,,true,true,
2022-01-16,10:00,15:00,1642345200000,2,BTC-21JAN22-45000-C,43307.5,433.075,0.01,Deribit option 1-minute OHLC close at 10:00 NY snapshot; option-denominated close converted to USD with snapshot BTC-PERPETUAL close,42874.425,0.000218,0.021795,43643.38175,-0.017619,-1.761909,0.012744,1.274382,,,true,true,
2022-01-17,10:00,15:00,1642431600000,2,BTC-21JAN22-45000-C,42659.5,191.96775,0.0045,Deribit option 1-minute OHLC close at 10:00 NY snapshot; option-denominated close converted to USD with snapshot BTC-PERPETUAL close,42467.53225,-0.00949,-0.949034,43643.38175,-0.026942,-2.694222,0.012572,1.257238,,,true,true,
2022-01-18,10:00,15:00,1642518000000,2,BTC-21JAN22-45000-C,41406,62.109,0.0015,Deribit option 1-minute OHLC close at 10:00 NY snapshot; option-denominated close converted to USD with snapshot BTC-PERPETUAL close,41343.891,-0.026459,-2.645883,43643.38175,-0.052688,-5.268819,0.013805,1.380525,,,true,true,
2022-01-19,10:00,15:00,1642604400000,2,BTC-21JAN22-45000-C,42491,42.491,0.001,Deribit option 1-minute OHLC close at 10:00 NY snapshot; option-denominated close converted to USD with snapshot BTC-PERPETUAL close,42448.509,0.026718,2.67178,43643.38175,-0.027378,-2.73781,0.014899,1.489901,,,true,true,
2022-01-20,10:00,15:00,1642690800000,2,BTC-21JAN22-45000-C,43068,43.068,0.001,Deribit option 1-minute OHLC close at 10:00 NY snapshot; option-denominated close converted to USD with snapshot BTC-PERPETUAL close,43024.932,0.013579,1.357935,43643.38175,-0.014171,-1.417053,0.014823,1.482314,,,true,true,
2022-01-21,10:00,15:00,1642777200000,3,BTC-28JAN22-41000-C,38453,384.53,0.01,Deribit option 1-minute OHLC close at 10:00 NY snapshot; option-denominated close converted to USD with snapshot BTC-PERPETUAL close,38068.47,-0.1152,-11.519976,43643.38175,-0.127738,-12.773785,0.031667,3.166703,,,true,true,
2022-01-22,10:00,15:00,1642863600000,3,BTC-28JAN22-41000-C,35166.5,105.4995,0.003,Deribit option 1-minute OHLC close at 10:00 NY snapshot; option-denominated close converted to USD with snapshot BTC-PERPETUAL close,35061.0005,-0.079002,-7.900159,43643.38175,-0.196648,-19.664794,0.036292,3.629198,,,true,true,
2022-01-23,10:00,15:00,1642950000000,3,BTC-28JAN22-41000-C,35330,70.66,0.002,Deribit option 1-minute OHLC close at 10:00 NY snapshot; option-denominated close converted to USD with snapshot BTC-PERPETUAL close,35259.34,0.005657,0.565698,43643.38175,-0.192103,-19.210339,0.035214,3.521366,,,true,true,
2022-01-24,10:00,15:00,1643036400000,3,BTC-28JAN22-41000-C,33713.5,50.57025,0.0015,Deribit option 1-minute OHLC close at 10:00 NY snapshot; option-denominated close converted to USD with snapshot BTC-PERPETUAL close,33662.92975,-0.045276,-4.527624,43643.38175,-0.228682,-22.868191,0.035897,3.589704,,,true,true,
2022-01-25,10:00,15:00,1643122800000,3,BTC-28JAN22-41000-C,36368,90.92,0.0025,Deribit option 1-minute OHLC close at 10:00 NY snapshot; option-denominated close converted to USD with snapshot BTC-PERPETUAL close,36277.08,0.077657,7.765665,43643.38175,-0.168784,-16.878394,0.039663,3.966252,,,true,true,
2022-01-26,10:00,15:00,1643209200000,3,BTC-28JAN22-41000-C,38303,134.0605,0.0035,Deribit option 1-minute OHLC close at 10:00 NY snapshot; option-denominated close converted to USD with snapshot BTC-PERPETUAL close,38168.9395,0.05215,5.215027,43643.38175,-0.125436,-12.543579,0.04052,4.052046,,,true,true,
2022-01-27,10:00,15:00,1643295600000,3,BTC-28JAN22-41000-C,36785,18.3925,0.0005,Deribit option 1-minute OHLC close at 10:00 NY snapshot; option-denominated close converted to USD with snapshot BTC-PERPETUAL close,36766.6075,-0.03674,-3.674014,43643.38175,-0.157567,-15.75674,0.040304,4.030364,,,true,true,
2022-01-28,10:00,15:00,1643382000000,4,,36750.5,,,,,,,43643.38175,,,0.040304,4.030364,,,true,false,missing_observed_option_instrument; synthetic/theoretical cycle excluded from option valuation
2022-01-29,10:00,15:00,1643468400000,4,,37552,,,,,,,43643.38175,,,0.040304,4.030364,,,true,false,missing_observed_option_instrument; synthetic/theoretical cycle excluded from option valuation
2022-01-30,10:00,15:00,1643554800000,4,,37869,,,,,,,43643.38175,,,0.040304,4.030364,,,true,false,missing_observed_option_instrument; synthetic/theoretical cycle excluded from option valuation
2022-01-31,10:00,15:00,1643641200000,4,,37626.5,,,,,,,43643.38175,,,0.040304,4.030364,,,true,false,missing_observed_option_instrument; synthetic/theoretical cycle excluded from option valuation
2022-02-01,10:00,15:00,1643727600000,4,,38371,,,,,,,43643.38175,,,0.040304,4.030364,,,true,false,missing_observed_option_instrument; synthetic/theoretical cycle excluded from option valuation
2022-02-02,10:00,15:00,1643814000000,4,,37750.5,,,,,,,43643.38175,,,0.040304,4.030364,,,true,false,missing_observed_option_instrument; synthetic/theoretical cycle excluded from option valuation
2022-02-03,10:00,15:00,1643900400000,4,,36513.5,,,,,,,43643.38175,,,0.040304,4.030364,,,true,false,missing_observed_option_instrument; synthetic/theoretical cycle excluded from option valuation
2022-02-04,10:00,15:00,1643986800000,5,BTC-11FEB22-40000-C,38034.5,399.36225,0.0105,Deribit option 1-minute OHLC close at 10:00 NY snapshot; option-denominated close converted to USD with snapshot BTC-PERPETUAL close,37635.13775,,,43643.38175,-0.137667,-13.766678,0.040304,4.030364,,,true,true,daily_return_not_computed_across_missing_mtm_gap
2022-02-05,10:00,15:00,1644073200000,5,BTC-11FEB22-40000-C,41434,2050.983,0.0495,Deribit option 1-minute OHLC close at 10:00 NY snapshot; option-denominated close converted to USD with snapshot BTC-PERPETUAL close,39383.017,0.046443,4.644275,43643.38175,-0.097618,-9.761766,0.040698,4.069811,,,true,true,
2022-02-06,10:00,15:00,1644159600000,5,BTC-11FEB22-40000-C,41252.5,2021.3725,0.049,Deribit option 1-minute OHLC close at 10:00 NY snapshot; option-denominated close converted to USD with snapshot BTC-PERPETUAL close,39231.1275,-0.003857,-0.385673,43643.38175,-0.101098,-10.10979,0.03947,3.946959,,,true,true,
2022-02-07,10:00,15:00,1644246000000,5,BTC-11FEB22-40000-C,43455,3128.76,0.072,Deribit option 1-minute OHLC close at 10:00 NY snapshot; option-denominated close converted to USD with snapshot BTC-PERPETUAL close,40326.24,0.027914,2.791438,43643.38175,-0.076006,-7.600561,0.038873,3.887326,,,true,true,
2022-02-08,10:00,15:00,1644332400000,5,BTC-11FEB22-40000-C,43570.5,3616.3515,0.083,Deribit option 1-minute OHLC close at 10:00 NY snapshot; option-denominated close converted to USD with snapshot BTC-PERPETUAL close,39954.1485,-0.009227,-0.922703,43643.38175,-0.084531,-8.453133,0.037757,3.775673,,,true,true,
2022-02-09,10:00,15:00,1644418800000,5,BTC-11FEB22-40000-C,44135,3861.8125,0.0875,Deribit option 1-minute OHLC close at 10:00 NY snapshot; option-denominated close converted to USD with snapshot BTC-PERPETUAL close,40273.1875,0.007985,0.798513,43643.38175,-0.077221,-7.72212,0.036659,3.665872,,,true,true,
2022-02-10,10:00,15:00,1644505200000,5,BTC-11FEB22-40000-C,44310.5,3855.0135,0.087,Deribit option 1-minute OHLC close at 10:00 NY snapshot; option-denominated close converted to USD with snapshot BTC-PERPETUAL close,40455.4865,0.004527,0.452656,43643.38175,-0.073044,-7.304418,0.035559,3.555924,,,true,true,
2022-02-11,10:00,15:00,1644591600000,6,BTC-18FEB22-46000-C,43617,414.3615,0.0095,Deribit option 1-minute OHLC close at 10:00 NY snapshot; option-denominated close converted to USD with snapshot BTC-PERPETUAL close,43202.6385,0.067906,6.790555,43643.38175,-0.010099,-1.009874,0.038279,3.827874,,,true,true,
2022-02-12,10:00,15:00,1644678000000,6,BTC-18FEB22-46000-C,42223,190.0035,0.0045,Deribit option 1-minute OHLC close at 10:00 NY snapshot; option-denominated close converted to USD with snapshot BTC-PERPETUAL close,42032.9965,-0.027073,-2.707339,43643.38175,-0.036899,-3.689873,0.0377,3.770046,,,true,true,
2022-02-13,10:00,15:00,1644764400000,6,BTC-18FEB22-46000-C,42525.5,148.83925,0.0035,Deribit option 1-minute OHLC close at 10:00 NY snapshot; option-denominated close converted to USD with snapshot BTC-PERPETUAL close,42376.66075,0.008176,0.817606,43643.38175,-0.029024,-2.902435,0.036607,3.660677,,,true,true,
2022-02-14,10:00,15:00,1644850800000,6,BTC-18FEB22-46000-C,42476,127.428,0.003,Deribit option 1-minute OHLC close at 10:00 NY snapshot; option-denominated close converted to USD with snapshot BTC-PERPETUAL close,42348.572,-0.000663,-0.066284,43643.38175,-0.029668,-2.966795,0.035492,3.549195,,,true,true,
2022-02-15,10:00,15:00,1644937200000,6,BTC-18FEB22-46000-C,44240.5,265.443,0.006,Deribit option 1-minute OHLC close at 10:00 NY snapshot; option-denominated close converted to USD with snapshot BTC-PERPETUAL close,43975.057,0.038407,3.840708,43975.057,0,0,0.035674,3.567358,-0.063825,-6.382518,true,true,
2022-02-16,10:00,15:00,1645023600000,6,BTC-18FEB22-46000-C,43565,87.13,0.002,Deribit option 1-minute OHLC close at 10:00 NY snapshot; option-denominated close converted to USD with snapshot BTC-PERPETUAL close,43477.87,-0.011306,-1.130611,43975.057,-0.011306,-1.130611,0.034698,3.469752,-0.063825,-6.382518,true,true,
2022-02-17,10:00,15:00,1645110000000,6,BTC-18FEB22-46000-C,41942,20.971,0.0005,Deribit option 1-minute OHLC close at 10:00 NY snapshot; option-denominated close converted to USD with snapshot BTC-PERPETUAL close,41921.029,-0.035808,-3.580766,43975.057,-0.046709,-4.670893,0.034765,3.476513,-0.063825,-6.382518,true,true,
2022-02-18,10:00,15:00,1645196400000,7,BTC-25FEB22-43000-C,40656,406.56,0.01,Deribit option 1-minute OHLC close at 10:00 NY snapshot; option-denominated close converted to USD with snapshot BTC-PERPETUAL close,40249.44,-0.039875,-3.987471,43975.057,-0.084721,-8.472114,0.035093,3.509269,-0.063825,-6.382518,true,true,
2022-02-19,10:00,15:00,1645282800000,7,BTC-25FEB22-43000-C,39912,199.56,0.005,Deribit option 1-minute OHLC close at 10:00 NY snapshot; option-denominated close converted to USD with snapshot BTC-PERPETUAL close,39712.44,-0.013342,-1.33418,43975.057,-0.096933,-9.693261,0.03418,3.418022,-0.063825,-6.382518,true,true,
2022-02-20,10:00,15:00,1645369200000,7,BTC-25FEB22-43000-C,38215,76.43,0.002,Deribit option 1-minute OHLC close at 10:00 NY snapshot; option-denominated close converted to USD with snapshot BTC-PERPETUAL close,38138.57,-0.039632,-3.963166,43975.057,-0.132723,-13.272267,0.034532,3.453158,-0.063825,-6.382518,true,true,
2022-02-21,10:00,15:00,1645455600000,7,BTC-25FEB22-43000-C,38694,96.735,0.0025,Deribit option 1-minute OHLC close at 10:00 NY snapshot; option-denominated close converted to USD with snapshot BTC-PERPETUAL close,38597.265,0.012027,1.202706,43975.057,-0.122292,-12.229187,0.033609,3.360898,-0.063825,-6.382518,true,true,
2022-02-22,10:00,15:00,1645542000000,7,BTC-25FEB22-43000-C,38060,19.03,0.0005,Deribit option 1-minute OHLC close at 10:00 NY snapshot; option-denominated close converted to USD with snapshot BTC-PERPETUAL close,38040.97,-0.014413,-1.441281,43975.057,-0.134942,-13.494211,0.032776,3.27758,-0.063825,-6.382518,true,true,
2022-02-23,10:00,15:00,1645628400000,7,BTC-25FEB22-43000-C,38681,38.681,0.001,Deribit option 1-minute OHLC close at 10:00 NY snapshot; option-denominated close converted to USD with snapshot BTC-PERPETUAL close,38642.319,0.015808,1.580793,43975.057,-0.121267,-12.126734,0.032012,3.201236,-0.063825,-6.382518,true,true,
2022-02-24,10:00,15:00,1645714800000,7,BTC-25FEB22-43000-C,35598.5,17.79925,0.0005,Deribit option 1-minute OHLC close at 10:00 NY snapshot; option-denominated close converted to USD with snapshot BTC-PERPETUAL close,35580.70075,-0.07923,-7.922967,43975.057,-0.190889,-19.088904,0.036605,3.660525,-0.063825,-6.382518,true,true,
2022-02-25,10:00,15:00,1645801200000,8,,38897.5,,,,,,,43975.057,,,0.036605,3.660525,-0.063825,-6.382518,true,false,missing_observed_option_instrument; synthetic/theoretical cycle excluded from option valuation
2022-02-26,10:00,15:00,1645887600000,8,,39205.5,,,,,,,43975.057,,,0.036605,3.660525,-0.063825,-6.382518,true,false,missing_observed_option_instrument; synthetic/theoretical cycle excluded from option valuation
2022-02-27,10:00,15:00,1645974000000,8,,38769,,,,,,,43975.057,,,0.036605,3.660525,-0.063825,-6.382518,true,false,missing_observed_option_instrument; synthetic/theoretical cycle excluded from option valuation
2022-02-28,10:00,15:00,1646060400000,8,,39821.5,,,,,,,43975.057,,,0.036605,3.660525,-0.063825,-6.382518,true,false,missing_observed_option_instrument; synthetic/theoretical cycle excluded from option valuation
2022-03-01,10:00,15:00,1646146800000,8,,43910.5,,,,,,,43975.057,,,0.036605,3.660525,-0.063825,-6.382518,true,false,missing_observed_option_instrument; synthetic/theoretical cycle excluded from option valuation
2022-03-02,10:00,15:00,1646233200000,8,,45334.5,,,,,,,43975.057,,,0.036605,3.660525,-0.063825,-6.382518,true,false,missing_observed_option_instrument; synthetic/theoretical cycle excluded from option valuation
2022-03-03,10:00,15:00,1646319600000,8,,43503,,,,,,,43975.057,,,0.036605,3.660525,-0.063825,-6.382518,true,false,missing_observed_option_instrument; synthetic/theoretical cycle excluded from option valuation
2022-03-04,10:00,15:00,1646406000000,9,BTC-11MAR22-44000-C,41168,494.016,0.012,Deribit option 1-minute OHLC close at 10:00 NY snapshot; option-denominated close converted to USD with snapshot BTC-PERPETUAL close,40673.984,,,43975.057,-0.075067,-7.506694,0.036605,3.660525,-0.063825,-6.382518,true,true,daily_return_not_computed_across_missing_mtm_gap
2022-03-05,10:00,15:00,1646492400000,9,BTC-11MAR22-44000-C,39126,156.504,0.004,Deribit option 1-minute OHLC close at 10:00 NY snapshot; option-denominated close converted to USD with snapshot BTC-PERPETUAL close,38969.496,-0.041906,-4.19061,43975.057,-0.113827,-11.382728,0.036945,3.694476,-0.079127,-7.912703,true,true,
2022-03-06,10:00,15:00,1646578800000,9,BTC-11MAR22-44000-C,38796,96.99,0.0025,Deribit option 1-minute OHLC close at 10:00 NY snapshot; option-denominated close converted to USD with snapshot BTC-PERPETUAL close,38699.01,-0.006941,-0.694097,43975.057,-0.119978,-11.997817,0.03586,3.58596,-0.079127,-7.912703,true,true,
2022-03-07,10:00,15:00,1646665200000,9,BTC-11MAR22-44000-C,38874,97.185,0.0025,Deribit option 1-minute OHLC close at 10:00 NY snapshot; option-denominated close converted to USD with snapshot BTC-PERPETUAL close,38776.815,0.002011,0.201052,43975.057,-0.118209,-11.820887,0.034771,3.477066,-0.079127,-7.912703,true,true,
2022-03-08,10:00,15:00,1646751600000,9,BTC-11MAR22-44000-C,38761,38.761,0.001,Deribit option 1-minute OHLC close at 10:00 NY snapshot; option-denominated close converted to USD with snapshot BTC-PERPETUAL close,38722.239,-0.001407,-0.140744,43975.057,-0.11945,-11.944994,0.033713,3.371317,-0.079127,-7.912703,true,true,
2022-03-09,10:00,15:00,1646838000000,9,BTC-11MAR22-44000-C,42223.5,232.22925,0.0055,Deribit option 1-minute OHLC close at 10:00 NY snapshot; option-denominated close converted to USD with snapshot BTC-PERPETUAL close,41991.27075,0.084423,8.442259,43975.057,-0.045112,-4.511162,0.038678,3.867833,-0.063825,-6.382518,true,true,
2022-03-10,10:00,15:00,1646924400000,9,BTC-11MAR22-44000-C,39265,19.6325,0.0005,Deribit option 1-minute OHLC close at 10:00 NY snapshot; option-denominated close converted to USD with snapshot BTC-PERPETUAL close,39245.3675,-0.065392,-6.539224,43975.057,-0.107554,-10.755391,0.040778,4.077771,-0.04376,-4.375968,true,true,
2022-03-11,10:00,15:00,1647010800000,10,BTC-18MAR22-41000-C,39224,902.152,0.023,Deribit option 1-minute OHLC close at 10:00 NY snapshot; option-denominated close converted to USD with snapshot BTC-PERPETUAL close,38321.848,-0.023532,-2.353194,43975.057,-0.128555,-12.85549,0.039953,3.995344,-0.05634,-5.634004,true,true,
2022-03-12,10:00,15:00,1647097200000,10,BTC-18MAR22-41000-C,38910,642.015,0.0165,Deribit option 1-minute OHLC close at 10:00 NY snapshot; option-denominated close converted to USD with snapshot BTC-PERPETUAL close,38267.985,-0.001406,-0.140554,43975.057,-0.12978,-12.977975,0.038738,3.873782,-0.054823,-5.482348,true,true,
2022-03-13,10:00,14:00,1647180000000,10,BTC-18MAR22-41000-C,38760,523.26,0.0135,Deribit option 1-minute OHLC close at 10:00 NY snapshot; option-denominated close converted to USD with snapshot BTC-PERPETUAL close,38236.74,-0.000816,-0.081648,43975.057,-0.13049,-13.049027,0.037558,3.755825,-0.054823,-5.482348,true,true,
2022-03-14,10:00,14:00,1647266400000,10,BTC-18MAR22-41000-C,38842.5,485.53125,0.0125,Deribit option 1-minute OHLC close at 10:00 NY snapshot; option-denominated close converted to USD with snapshot BTC-PERPETUAL close,38356.96875,0.003144,0.314433,43975.057,-0.127756,-12.775625,0.036422,3.642221,-0.054823,-5.482348,true,true,
2022-03-15,10:00,14:00,1647352800000,10,BTC-18MAR22-41000-C,38752,310.016,0.008,Deribit option 1-minute OHLC close at 10:00 NY snapshot; option-denominated close converted to USD with snapshot BTC-PERPETUAL close,38441.984,0.002216,0.221642,43975.057,-0.125823,-12.582299,0.035317,3.531682,-0.054823,-5.482348,true,true,
2022-03-16,10:00,14:00,1647439200000,10,BTC-18MAR22-41000-C,40857,939.711,0.023,Deribit option 1-minute OHLC close at 10:00 NY snapshot; option-denominated close converted to USD with snapshot BTC-PERPETUAL close,39917.289,0.038377,3.837744,43975.057,-0.092274,-9.227431,0.035508,3.55079,-0.054823,-5.482348,true,true,
2022-03-17,10:00,14:00,1647525600000,10,BTC-18MAR22-41000-C,41186.5,535.4245,0.013,Deribit option 1-minute OHLC close at 10:00 NY snapshot; option-denominated close converted to USD with snapshot BTC-PERPETUAL close,40651.0755,0.018383,1.838267,43975.057,-0.075588,-7.558788,0.034719,3.471941,-0.054823,-5.482348,true,true,
2022-03-18,10:00,14:00,1647612000000,11,BTC-25MAR22-42000-C,40669.5,996.40275,0.0245,Deribit option 1-minute OHLC close at 10:00 NY snapshot; option-denominated close converted to USD with snapshot BTC-PERPETUAL close,39673.09725,-0.024058,-2.405787,43975.057,-0.097827,-9.782727,0.034174,3.417365,-0.054823,-5.482348,true,true,
2022-03-19,10:00,14:00,1647698400000,11,BTC-25MAR22-42000-C,41769,1232.1855,0.0295,Deribit option 1-minute OHLC close at 10:00 NY snapshot; option-denominated close converted to USD with snapshot BTC-PERPETUAL close,40536.8145,0.021771,2.177086,43975.057,-0.078186,-7.81862,0.033559,3.355899,-0.054823,-5.482348,true,true,
2022-03-20,10:00,14:00,1647784800000,11,BTC-25MAR22-42000-C,41501.5,1120.5405,0.027,Deribit option 1-minute OHLC close at 10:00 NY snapshot; option-denominated close converted to USD with snapshot BTC-PERPETUAL close,40380.9595,-0.003845,-0.384478,43975.057,-0.08173,-8.173037,0.03255,3.255028,-0.054823,-5.482348,true,true,
2022-03-21,10:00,14:00,1647871200000,11,BTC-25MAR22-42000-C,41120,740.16,0.018,Deribit option 1-minute OHLC close at 10:00 NY snapshot; option-denominated close converted to USD with snapshot BTC-PERPETUAL close,40379.84,-0.000028,-0.002772,43975.057,-0.081756,-8.175582,0.031559,3.155867,-0.054823,-5.482348,true,true,
2022-03-22,10:00,14:00,1647957600000,11,BTC-25MAR22-42000-C,42897.5,1415.6175,0.033,Deribit option 1-minute OHLC close at 10:00 NY snapshot; option-denominated close converted to USD with snapshot BTC-PERPETUAL close,41481.8825,0.027292,2.72919,43975.057,-0.056695,-5.66952,0.031319,3.131906,-0.054823,-5.482348,true,true,
2022-03-23,10:00,14:00,1648044000000,11,BTC-25MAR22-42000-C,42006.5,819.12675,0.0195,Deribit option 1-minute OHLC close at 10:00 NY snapshot; option-denominated close converted to USD with snapshot BTC-PERPETUAL close,41187.37325,-0.0071,-0.709971,43975.057,-0.063392,-6.339239,0.030415,3.041471,-0.054823,-5.482348,true,true,
2022-03-24,10:00,14:00,1648130400000,11,BTC-25MAR22-42000-C,43050.5,1033.212,0.024,Deribit option 1-minute OHLC close at 10:00 NY snapshot; option-denominated close converted to USD with snapshot BTC-PERPETUAL close,42017.288,0.02015,2.014974,43975.057,-0.04452,-4.451999,0.029898,2.989836,-0.054823,-5.482348,true,true,
2022-03-25,10:00,14:00,1648216800000,12,,45056.5,,,,,,,43975.057,,,0.029898,2.989836,-0.054823,-5.482348,true,false,missing_observed_option_instrument; synthetic/theoretical cycle excluded from option valuation
2022-03-26,10:00,14:00,1648303200000,12,,44302.5,,,,,,,43975.057,,,0.029898,2.989836,-0.054823,-5.482348,true,false,missing_observed_option_instrument; synthetic/theoretical cycle excluded from option valuation
2022-03-27,10:00,14:00,1648389600000,12,,44639.5,,,,,,,43975.057,,,0.029898,2.989836,-0.054823,-5.482348,true,false,missing_observed_option_instrument; synthetic/theoretical cycle excluded from option valuation
2022-03-28,10:00,14:00,1648476000000,12,,47721,,,,,,,43975.057,,,0.029898,2.989836,-0.054823,-5.482348,true,false,missing_observed_option_instrument; synthetic/theoretical cycle excluded from option valuation
2022-03-29,10:00,14:00,1648562400000,12,,47703,,,,,,,43975.057,,,0.029898,2.989836,-0.054823,-5.482348,true,false,missing_observed_option_instrument; synthetic/theoretical cycle excluded from option valuation
2022-03-30,10:00,14:00,1648648800000,12,,47008.5,,,,,,,43975.057,,,0.029898,2.989836,-0.054823,-5.482348,true,false,missing_observed_option_instrument; synthetic/theoretical cycle excluded from option valuation
2022-03-31,10:00,14:00,1648735200000,12,,46696,,,,,,,43975.057,,,0.029898,2.989836,-0.054823,-5.482348,true,false,missing_observed_option_instrument; synthetic/theoretical cycle excluded from option valuation
2022-04-01,10:00,14:00,1648821600000,13,,45512.5,,,,,,,43975.057,,,0.029898,2.989836,-0.054823,-5.482348,true,false,missing_observed_option_instrument; synthetic/theoretical cycle excluded from option valuation
2022-04-02,10:00,14:00,1648908000000,13,,46776.5,,,,,,,43975.057,,,0.029898,2.989836,-0.054823,-5.482348,true,false,missing_observed_option_instrument; synthetic/theoretical cycle excluded from option valuation
2022-04-03,10:00,14:00,1648994400000,13,,46491,,,,,,,43975.057,,,0.029898,2.989836,-0.054823,-5.482348,true,false,missing_observed_option_instrument; synthetic/theoretical cycle excluded from option valuation
2022-04-04,10:00,14:00,1649080800000,13,,46155,,,,,,,43975.057,,,0.029898,2.989836,-0.054823,-5.482348,true,false,missing_observed_option_instrument; synthetic/theoretical cycle excluded from option valuation
2022-04-05,10:00,14:00,1649167200000,13,,46454.5,,,,,,,43975.057,,,0.029898,2.989836,-0.054823,-5.482348,true,false,missing_observed_option_instrument; synthetic/theoretical cycle excluded from option valuation
2022-04-06,10:00,14:00,1649253600000,13,,44243.5,,,,,,,43975.057,,,0.029898,2.989836,-0.054823,-5.482348,true,false,missing_observed_option_instrument; synthetic/theoretical cycle excluded from option valuation
2022-04-07,10:00,14:00,1649340000000,13,,43713,,,,,,,43975.057,,,0.029898,2.989836,-0.054823,-5.482348,true,false,missing_observed_option_instrument; synthetic/theoretical cycle excluded from option valuation
2022-04-08,10:00,14:00,1649426400000,14,BTC-15APR22-46000-C,42952.5,236.23875,0.0055,Deribit option 1-minute OHLC close at 10:00 NY snapshot; option-denominated close converted to USD with snapshot BTC-PERPETUAL close,42716.26125,,,43975.057,-0.028625,-2.862522,0.029898,2.989836,-0.054823,-5.482348,true,true,daily_return_not_computed_across_missing_mtm_gap
2022-04-09,10:00,14:00,1649512800000,14,BTC-15APR22-46000-C,42487,127.461,0.003,Deribit option 1-minute OHLC close at 10:00 NY snapshot; option-denominated close converted to USD with snapshot BTC-PERPETUAL close,42359.539,-0.008351,-0.835097,43975.057,-0.036737,-3.673714,0.02906,2.905962,-0.054823,-5.482348,true,true,
2022-04-10,10:00,14:00,1649599200000,14,BTC-15APR22-46000-C,42567.5,106.41875,0.0025,Deribit option 1-minute OHLC close at 10:00 NY snapshot; option-denominated close converted to USD with snapshot BTC-PERPETUAL close,42461.08125,0.002397,0.239715,43975.057,-0.034428,-3.442806,0.02818,2.818047,-0.054823,-5.482348,true,true,
2022-04-11,10:00,14:00,1649685600000,14,BTC-15APR22-46000-C,41103.5,41.1035,0.001,Deribit option 1-minute OHLC close at 10:00 NY snapshot; option-denominated close converted to USD with snapshot BTC-PERPETUAL close,41062.3965,-0.03294,-3.294039,43975.057,-0.066234,-6.623438,0.028489,2.84885,-0.054823,-5.482348,true,true,
2022-04-12,10:00,14:00,1649772000000,14,BTC-15APR22-46000-C,40353,20.1765,0.0005,Deribit option 1-minute OHLC close at 10:00 NY snapshot; option-denominated close converted to USD with snapshot BTC-PERPETUAL close,40332.8235,-0.017767,-1.776742,43975.057,-0.082825,-8.282499,0.027961,2.79614,-0.054823,-5.482348,true,true,
2022-04-13,10:00,14:00,1649858400000,14,BTC-15APR22-46000-C,40598.5,20.29925,0.0005,Deribit option 1-minute OHLC close at 10:00 NY snapshot; option-denominated close converted to USD with snapshot BTC-PERPETUAL close,40578.20075,0.006084,0.608381,43975.057,-0.077245,-7.724507,0.027151,2.715051,-0.054823,-5.482348,true,true,
2022-04-14,10:00,14:00,1649944800000,14,BTC-15APR22-46000-C,40630,20.315,0.0005,Deribit option 1-minute OHLC close at 10:00 NY snapshot; option-denominated close converted to USD with snapshot BTC-PERPETUAL close,40609.685,0.000776,0.077589,43975.057,-0.076529,-7.652911,0.026324,2.632408,-0.054823,-5.482348,true,true,
2022-04-15,10:00,14:00,1650031200000,15,BTC-22APR22-42000-C,40071,340.6035,0.0085,Deribit option 1-minute OHLC close at 10:00 NY snapshot; option-denominated close converted to USD with snapshot BTC-PERPETUAL close,39730.3965,-0.021652,-2.165219,43975.057,-0.096524,-9.652428,0.026067,2.606739,-0.054823,-5.482348,true,true,
2022-04-16,10:00,14:00,1650117600000,15,BTC-22APR22-42000-C,40445.5,364.0095,0.009,Deribit option 1-minute OHLC close at 10:00 NY snapshot; option-denominated close converted to USD with snapshot BTC-PERPETUAL close,40081.4905,0.008837,0.883691,43975.057,-0.08854,-8.854034,0.025366,2.53658,-0.054823,-5.482348,true,true,
2022-04-17,10:00,14:00,1650204000000,15,BTC-22APR22-42000-C,40213.5,341.81475,0.0085,Deribit option 1-minute OHLC close at 10:00 NY snapshot; option-denominated close converted to USD with snapshot BTC-PERPETUAL close,39871.68525,-0.005234,-0.523447,43975.057,-0.093311,-9.331135,0.024626,2.462646,-0.054823,-5.482348,true,true,
2022-04-18,10:00,14:00,1650290400000,15,BTC-22APR22-42000-C,39343,137.7005,0.0035,Deribit option 1-minute OHLC close at 10:00 NY snapshot; option-denominated close converted to USD with snapshot BTC-PERPETUAL close,39205.2995,-0.016713,-1.671326,43975.057,-0.108465,-10.846507,0.024225,2.422467,-0.054823,-5.482348,true,true,
2022-04-19,10:00,14:00,1650376800000,15,BTC-22APR22-42000-C,41501.5,477.26725,0.0115,Deribit option 1-minute OHLC close at 10:00 NY snapshot; option-denominated close converted to USD with snapshot BTC-PERPETUAL close,41024.23275,0.046395,4.639509,43975.057,-0.067102,-6.710223,0.026092,2.609166,-0.037872,-3.787153,true,true,
2022-04-20,10:00,14:00,1650463200000,15,BTC-22APR22-42000-C,41620,374.58,0.009,Deribit option 1-minute OHLC close at 10:00 NY snapshot; option-denominated close converted to USD with snapshot BTC-PERPETUAL close,41245.42,0.005392,0.539162,43975.057,-0.062072,-6.207239,0.025331,2.533126,-0.028943,-2.894326,true,true,
2022-04-21,10:00,14:00,1650549600000,15,BTC-22APR22-42000-C,42689,811.091,0.019,Deribit option 1-minute OHLC close at 10:00 NY snapshot; option-denominated close converted to USD with snapshot BTC-PERPETUAL close,41877.909,0.015335,1.533477,43975.057,-0.047689,-4.768949,0.024845,2.484515,-0.028943,-2.894326,true,true,
2022-04-22,10:00,14:00,1650636000000,16,BTC-29APR22-43000-C,40349,221.9195,0.0055,Deribit option 1-minute OHLC close at 10:00 NY snapshot; option-denominated close converted to USD with snapshot BTC-PERPETUAL close,40127.0805,-0.041808,-4.180793,43975.057,-0.087504,-8.750362,0.026175,2.617477,-0.028943,-2.894326,true,true,
2022-04-23,10:00,14:00,1650722400000,16,BTC-29APR22-43000-C,39734.5,99.33625,0.0025,Deribit option 1-minute OHLC close at 10:00 NY snapshot; option-denominated close converted to USD with snapshot BTC-PERPETUAL close,39635.16375,-0.012259,-1.225897,43975.057,-0.09869,-9.868988,0.025554,2.555442,-0.037818,-3.781754,true,true,
2022-04-24,10:00,14:00,1650808800000,16,BTC-29APR22-43000-C,39581,79.162,0.002,Deribit option 1-minute OHLC close at 10:00 NY snapshot; option-denominated close converted to USD with snapshot BTC-PERPETUAL close,39501.838,-0.003364,-0.336382,43975.057,-0.101722,-10.172173,0.02479,2.478963,-0.037818,-3.781754,true,true,
2022-04-25,10:00,14:00,1650895200000,16,BTC-29APR22-43000-C,38715.5,77.431,0.002,Deribit option 1-minute OHLC close at 10:00 NY snapshot; option-denominated close converted to USD with snapshot BTC-PERPETUAL close,38638.069,-0.021867,-2.186655,43975.057,-0.121364,-12.136398,0.024624,2.462403,-0.028943,-2.894326,true,true,
2022-04-26,10:00,14:00,1650981600000,16,BTC-29APR22-43000-C,39762.5,59.64375,0.0015,Deribit option 1-minute OHLC close at 10:00 NY snapshot; option-denominated close converted to USD with snapshot BTC-PERPETUAL close,39702.85625,0.027558,2.755798,43975.057,-0.097151,-9.715054,0.02481,2.480986,-0.028943,-2.894326,true,true,
2022-04-27,10:00,14:00,1651068000000,16,BTC-29APR22-43000-C,39321,19.6605,0.0005,Deribit option 1-minute OHLC close at 10:00 NY snapshot; option-denominated close converted to USD with snapshot BTC-PERPETUAL close,39301.3395,-0.010113,-1.011304,43975.057,-0.106281,-10.62811,0.024181,2.418127,-0.028943,-2.894326,true,true,
2022-04-28,10:00,14:00,1651154400000,16,BTC-29APR22-43000-C,38945,19.4725,0.0005,Deribit option 1-minute OHLC close at 10:00 NY snapshot; option-denominated close converted to USD with snapshot BTC-PERPETUAL close,38925.5275,-0.009562,-0.956232,43975.057,-0.114827,-11.482713,0.023561,2.356132,-0.028943,-2.894326,true,true,
2022-04-29,10:00,14:00,1651240800000,17,,39247.5,,,,,,,43975.057,,,0.023561,2.356132,-0.028943,-2.894326,true,false,missing_observed_option_instrument; synthetic/theoretical cycle excluded from option valuation
2022-04-30,10:00,14:00,1651327200000,17,,38531,,,,,,,43975.057,,,0.023561,2.356132,-0.028943,-2.894326,true,false,missing_observed_option_instrument; synthetic/theoretical cycle excluded from option valuation
2022-05-01,10:00,14:00,1651413600000,17,,37933.5,,,,,,,43975.057,,,0.023561,2.356132,-0.028943,-2.894326,true,false,missing_observed_option_instrument; synthetic/theoretical cycle excluded from option valuation
2022-05-02,10:00,14:00,1651500000000,17,,38978,,,,,,,43975.057,,,0.023561,2.356132,-0.028943,-2.894326,true,false,missing_observed_option_instrument; synthetic/theoretical cycle excluded from option valuation
2022-05-03,10:00,14:00,1651586400000,17,,38409,,,,,,,43975.057,,,0.023561,2.356132,-0.028943,-2.894326,true,false,missing_observed_option_instrument; synthetic/theoretical cycle excluded from option valuation
2022-05-04,10:00,14:00,1651672800000,17,,38680.5,,,,,,,43975.057,,,0.023561,2.356132,-0.028943,-2.894326,true,false,missing_observed_option_instrument; synthetic/theoretical cycle excluded from option valuation
2022-05-05,10:00,14:00,1651759200000,17,,38995,,,,,,,43975.057,,,0.023561,2.356132,-0.028943,-2.894326,true,false,missing_observed_option_instrument; synthetic/theoretical cycle excluded from option valuation
2022-05-06,10:00,14:00,1651845600000,18,BTC-13MAY22-38000-C,35806.5,375.96825,0.0105,Deribit option 1-minute OHLC close at 10:00 NY snapshot; option-denominated close converted to USD with snapshot BTC-PERPETUAL close,35430.53175,,,43975.057,-0.194304,-19.43039,0.023561,2.356132,-0.028943,-2.894326,true,true,daily_return_not_computed_across_missing_mtm_gap
2022-05-07,10:00,14:00,1651932000000,18,BTC-13MAY22-38000-C,35882.5,197.35375,0.0055,Deribit option 1-minute OHLC close at 10:00 NY snapshot; option-denominated close converted to USD with snapshot BTC-PERPETUAL close,35685.14625,0.007186,0.71863,43975.057,-0.188514,-18.851393,0.022911,2.291127,-0.028943,-2.894326,true,true,
2022-05-08,10:00,14:00,1652018400000,18,BTC-13MAY22-38000-C,34417,86.0425,0.0025,Deribit option 1-minute OHLC close at 10:00 NY snapshot; option-denominated close converted to USD with snapshot BTC-PERPETUAL close,34330.9575,-0.037948,-3.794825,43975.057,-0.219308,-21.93084,0.02408,2.407976,-0.028943,-2.894326,true,true,
2022-05-09,10:00,14:00,1652104800000,18,BTC-13MAY22-38000-C,32918.5,32.9185,0.001,Deribit option 1-minute OHLC close at 10:00 NY snapshot; option-denominated close converted to USD with snapshot BTC-PERPETUAL close,32885.5815,-0.042101,-4.210124,43975.057,-0.252176,-25.217649,0.025522,2.552245,-0.035695,-3.569471,true,true,
2022-05-10,10:00,14:00,1652191200000,18,BTC-13MAY22-38000-C,31738,31.738,0.001,Deribit option 1-minute OHLC close at 10:00 NY snapshot; option-denominated close converted to USD with snapshot BTC-PERPETUAL close,31706.262,-0.035861,-3.586129,43975.057,-0.278994,-27.899441,0.026258,2.625783,-0.040071,-4.007107,true,true,
2022-05-11,10:00,14:00,1652277600000,18,BTC-13MAY22-38000-C,31376.5,15.68825,0.0005,Deribit option 1-minute OHLC close at 10:00 NY snapshot; option-denominated close converted to USD with snapshot BTC-PERPETUAL close,31360.81175,-0.010895,-1.089533,43975.057,-0.28685,-28.685,0.025597,2.559742,-0.040071,-4.007107,true,true,
2022-05-12,10:00,14:00,1652364000000,18,BTC-13MAY22-38000-C,27946.5,13.97325,0.0005,Deribit option 1-minute OHLC close at 10:00 NY snapshot; option-denominated close converted to USD with snapshot BTC-PERPETUAL close,27932.52675,-0.109317,-10.931748,43975.057,-0.36481,-36.480977,0.036509,3.650935,-0.040071,-4.007107,true,true,
2022-05-13,10:00,14:00,1652450400000,19,BTC-20MAY22-32000-C,30767.5,676.885,0.022,Deribit option 1-minute OHLC close at 10:00 NY snapshot; option-denominated close converted to USD with snapshot BTC-PERPETUAL close,30090.615,0.077261,7.726076,43975.057,-0.315734,-31.573449,0.040139,4.013864,-0.041969,-4.196925,true,true,
2022-05-14,10:00,14:00,1652536800000,19,BTC-20MAY22-32000-C,28799,215.9925,0.0075,Deribit option 1-minute OHLC close at 10:00 NY snapshot; option-denominated close converted to USD with snapshot BTC-PERPETUAL close,28583.0075,-0.050102,-5.010225,43975.057,-0.350018,-35.001773,0.040805,4.080512,-0.041969,-4.196925,true,true,
2022-05-15,10:00,14:00,1652623200000,19,BTC-20MAY22-32000-C,30168,346.932,0.0115,Deribit option 1-minute OHLC close at 10:00 NY snapshot; option-denominated close converted to USD with snapshot BTC-PERPETUAL close,29821.068,0.043315,4.331456,43975.057,-0.321864,-32.186403,0.04096,4.096002,-0.046502,-4.65018,true,true,
2022-05-16,10:00,14:00,1652709600000,19,BTC-20MAY22-32000-C,29462.5,250.43125,0.0085,Deribit option 1-minute OHLC close at 10:00 NY snapshot; option-denominated close converted to USD with snapshot BTC-PERPETUAL close,29212.06875,-0.020422,-2.042178,43975.057,-0.335713,-33.571277,0.040026,4.002603,-0.046502,-4.65018,true,true,
2022-05-17,10:00,14:00,1652796000000,19,BTC-20MAY22-32000-C,30475.5,259.04175,0.0085,Deribit option 1-minute OHLC close at 10:00 NY snapshot; option-denominated close converted to USD with snapshot BTC-PERPETUAL close,30216.45825,0.034383,3.438269,43975.057,-0.312873,-31.287279,0.03971,3.971005,-0.046502,-4.65018,true,true,
2022-05-18,10:00,14:00,1652882400000,19,BTC-20MAY22-32000-C,29328.5,43.99275,0.0015,Deribit option 1-minute OHLC close at 10:00 NY snapshot; option-denominated close converted to USD with snapshot BTC-PERPETUAL close,29284.50725,-0.030842,-3.08425,43975.057,-0.334066,-33.406551,0.039235,3.923456,-0.046502,-4.65018,true,true,
2022-05-19,10:00,14:00,1652968800000,19,BTC-20MAY22-32000-C,29535.5,14.76775,0.0005,Deribit option 1-minute OHLC close at 10:00 NY snapshot; option-denominated close converted to USD with snapshot BTC-PERPETUAL close,29520.73225,0.008067,0.806655,43975.057,-0.328694,-32.869371,0.038091,3.80906,-0.046502,-4.65018,true,true,
2022-05-20,10:00,14:00,1653055200000,20,BTC-27MAY22-32000-C,30318,439.611,0.0145,Deribit option 1-minute OHLC close at 10:00 NY snapshot; option-denominated close converted to USD with snapshot BTC-PERPETUAL close,29878.389,0.012115,1.211544,43975.057,-0.320561,-32.056054,0.037049,3.704925,-0.046502,-4.65018,true,true,
2022-05-21,10:00,14:00,1653141600000,20,BTC-27MAY22-32000-C,29300.5,190.45325,0.0065,Deribit option 1-minute OHLC close at 10:00 NY snapshot; option-denominated close converted to USD with snapshot BTC-PERPETUAL close,29110.04675,-0.025716,-2.571565,43975.057,-0.338033,-33.803277,0.036469,3.64687,-0.046502,-4.65018,true,true,
2022-05-22,10:00,14:00,1653228000000,20,BTC-27MAY22-32000-C,30048,270.432,0.009,Deribit option 1-minute OHLC close at 10:00 NY snapshot; option-denominated close converted to USD with snapshot BTC-PERPETUAL close,29777.568,0.022931,2.293096,43975.057,-0.322853,-32.285323,0.035801,3.580109,-0.046502,-4.65018,true,true,
2022-05-23,10:00,14:00,1653314400000,20,BTC-27MAY22-32000-C,30190,301.9,0.01,Deribit option 1-minute OHLC close at 10:00 NY snapshot; option-denominated close converted to USD with snapshot BTC-PERPETUAL close,29888.1,0.003712,0.371192,43975.057,-0.32034,-32.033971,0.034722,3.472235,-0.046502,-4.65018,true,true,
2022-05-24,10:00,14:00,1653400800000,20,BTC-27MAY22-32000-C,28926,57.852,0.002,Deribit option 1-minute OHLC close at 10:00 NY snapshot; option-denominated close converted to USD with snapshot BTC-PERPETUAL close,28868.148,-0.034126,-3.412569,43975.057,-0.343534,-34.353359,0.034687,3.468684,-0.046502,-4.65018,true,true,
2022-05-25,10:00,14:00,1653487200000,20,BTC-27MAY22-32000-C,29697,59.394,0.002,Deribit option 1-minute OHLC close at 10:00 NY snapshot; option-denominated close converted to USD with snapshot BTC-PERPETUAL close,29637.606,0.026654,2.665422,43975.057,-0.326036,-32.603598,0.034258,3.425803,-0.046502,-4.65018,true,true,
2022-05-26,10:00,14:00,1653573600000,20,BTC-27MAY22-32000-C,28856.5,14.42825,0.0005,Deribit option 1-minute OHLC close at 10:00 NY snapshot; option-denominated close converted to USD with snapshot BTC-PERPETUAL close,28842.07175,-0.026842,-2.684205,43975.057,-0.344127,-34.412656,0.033859,3.385891,-0.046502,-4.65018,true,true,
2022-05-27,10:00,14:00,1653660000000,21,,29284,,,,,,,43975.057,,,0.033859,3.385891,-0.046502,-4.65018,true,false,missing_observed_option_instrument; synthetic/theoretical cycle excluded from option valuation
2022-05-28,10:00,14:00,1653746400000,21,,29071,,,,,,,43975.057,,,0.033859,3.385891,-0.046502,-4.65018,true,false,missing_observed_option_instrument; synthetic/theoretical cycle excluded from option valuation
2022-05-29,10:00,14:00,1653832800000,21,,29309,,,,,,,43975.057,,,0.033859,3.385891,-0.046502,-4.65018,true,false,missing_observed_option_instrument; synthetic/theoretical cycle excluded from option valuation
2022-05-30,10:00,14:00,1653919200000,21,,30504.5,,,,,,,43975.057,,,0.033859,3.385891,-0.046502,-4.65018,true,false,missing_observed_option_instrument; synthetic/theoretical cycle excluded from option valuation
2022-05-31,10:00,14:00,1654005600000,21,,31354,,,,,,,43975.057,,,0.033859,3.385891,-0.046502,-4.65018,true,false,missing_observed_option_instrument; synthetic/theoretical cycle excluded from option valuation
2022-06-01,10:00,14:00,1654092000000,21,,31718.5,,,,,,,43975.057,,,0.033859,3.385891,-0.046502,-4.65018,true,false,missing_observed_option_instrument; synthetic/theoretical cycle excluded from option valuation
2022-06-02,10:00,14:00,1654178400000,21,,29955,,,,,,,43975.057,,,0.033859,3.385891,-0.046502,-4.65018,true,false,missing_observed_option_instrument; synthetic/theoretical cycle excluded from option valuation
2022-06-03,10:00,14:00,1654264800000,22,BTC-10JUN22-32000-C,29706.5,237.652,0.008,Deribit option 1-minute OHLC close at 10:00 NY snapshot; option-denominated close converted to USD with snapshot BTC-PERPETUAL close,29468.848,,,43975.057,-0.329874,-32.987357,0.033859,3.385891,-0.046502,-4.65018,true,true,daily_return_not_computed_across_missing_mtm_gap
2022-06-04,10:00,14:00,1654351200000,22,BTC-10JUN22-32000-C,29576.5,118.306,0.004,Deribit option 1-minute OHLC close at 10:00 NY snapshot; option-denominated close converted to USD with snapshot BTC-PERPETUAL close,29458.194,-0.000362,-0.036153,43975.057,-0.330116,-33.011584,0.032828,3.282755,-0.046502,-4.65018,true,true,
2022-06-05,10:00,14:00,1654437600000,22,BTC-10JUN22-32000-C,29616,133.272,0.0045,Deribit option 1-minute OHLC close at 10:00 NY snapshot; option-denominated close converted to USD with snapshot BTC-PERPETUAL close,29482.728,0.000833,0.083284,43975.057,-0.329558,-32.955794,0.031828,3.182815,-0.046502,-4.65018,true,true,
2022-06-06,10:00,14:00,1654524000000,22,BTC-10JUN22-32000-C,31505,472.575,0.015,Deribit option 1-minute OHLC close at 10:00 NY snapshot; option-denominated close converted to USD with snapshot BTC-PERPETUAL close,31032.425,0.052563,5.256288,43975.057,-0.294318,-29.431757,0.033437,3.343681,-0.046502,-4.65018,true,true,
2022-06-07,10:00,14:00,1654610400000,22,BTC-10JUN22-32000-C,29524.5,59.049,0.002,Deribit option 1-minute OHLC close at 10:00 NY snapshot; option-denominated close converted to USD with snapshot BTC-PERPETUAL close,29465.451,-0.050495,-5.049473,43975.057,-0.329951,-32.995082,0.034698,3.469758,-0.046502,-4.65018,true,true,
2022-06-08,10:00,14:00,1654696800000,22,BTC-10JUN22-32000-C,30693.5,153.4675,0.005,Deribit option 1-minute OHLC close at 10:00 NY snapshot; option-denominated close converted to USD with snapshot BTC-PERPETUAL close,30540.0325,0.036469,3.64692,43975.057,-0.305515,-30.551466,0.034806,3.480642,-0.050318,-5.031812,true,true,
2022-06-09,10:00,14:00,1654783200000,22,BTC-10JUN22-32000-C,30152.5,15.07625,0.0005,Deribit option 1-minute OHLC close at 10:00 NY snapshot; option-denominated close converted to USD with snapshot BTC-PERPETUAL close,30137.42375,-0.013183,-1.318298,43975.057,-0.31467,-31.467005,0.0339,3.390023,-0.050318,-5.031812,true,true,
2022-06-10,10:00,14:00,1654869600000,23,BTC-17JUN22-32000-C,29294.5,234.356,0.008,Deribit option 1-minute OHLC close at 10:00 NY snapshot; option-denominated close converted to USD with snapshot BTC-PERPETUAL close,29060.144,-0.035746,-3.574558,43975.057,-0.339168,-33.916756,0.034014,3.401377,-0.050318,-5.031812,true,true,
2022-06-11,10:00,14:00,1654956000000,23,BTC-17JUN22-32000-C,28747.5,114.99,0.004,Deribit option 1-minute OHLC close at 10:00 NY snapshot; option-denominated close converted to USD with snapshot BTC-PERPETUAL close,28632.51,-0.014715,-1.471548,43975.057,-0.348892,-34.889203,0.033174,3.317398,-0.050318,-5.031812,true,true,
2022-06-12,10:00,14:00,1655042400000,23,BTC-17JUN22-32000-C,27292.5,27.2925,0.001,Deribit option 1-minute OHLC close at 10:00 NY snapshot; option-denominated close converted to USD with snapshot BTC-PERPETUAL close,27265.2075,-0.047753,-4.77535,43975.057,-0.379985,-37.998471,0.034224,3.422435,-0.050318,-5.031812,true,true,
2022-06-13,10:00,14:00,1655128800000,23,BTC-17JUN22-32000-C,23644.5,11.82225,0.0005,Deribit option 1-minute OHLC close at 10:00 NY snapshot; option-denominated close converted to USD with snapshot BTC-PERPETUAL close,23632.67775,-0.133229,-13.322949,43975.057,-0.462589,-46.258904,0.046541,4.654067,-0.050318,-5.031812,true,true,
2022-06-14,10:00,14:00,1655215200000,23,BTC-17JUN22-32000-C,22408,22.408,0.001,Deribit option 1-minute OHLC close at 10:00 NY snapshot; option-denominated close converted to USD with snapshot BTC-PERPETUAL close,22385.592,-0.05277,-5.276955,43975.057,-0.490948,-49.094797,0.046938,4.693772,-0.082847,-8.284725,true,true,
2022-06-15,10:00,14:00,1655301600000,23,BTC-17JUN22-32000-C,21543,10.7715,0.0005,Deribit option 1-minute OHLC close at 10:00 NY snapshot; option-denominated close converted to USD with snapshot BTC-PERPETUAL close,21532.2285,-0.038121,-3.81211,43975.057,-0.510354,-51.03536,0.046456,4.645593,-0.083871,-8.387091,true,true,
2022-06-16,10:00,14:00,1655388000000,23,BTC-17JUN22-32000-C,20969.5,10.48475,0.0005,Deribit option 1-minute OHLC close at 10:00 NY snapshot; option-denominated close converted to USD with snapshot BTC-PERPETUAL close,20959.01525,-0.026621,-2.662118,43975.057,-0.523389,-52.338856,0.04551,4.551028,-0.083871,-8.387091,true,true,
2022-06-17,10:00,14:00,1655474400000,24,BTC-24JUN22-22000-C,20726,549.239,0.0265,Deribit option 1-minute OHLC close at 10:00 NY snapshot; option-denominated close converted to USD with snapshot BTC-PERPETUAL close,20176.761,-0.037323,-3.732304,43975.057,-0.541177,-54.117715,0.045061,4.506101,-0.083871,-8.387091,true,true,
2022-06-18,10:00,14:00,1655560800000,24,BTC-24JUN22-22000-C,19182.5,163.05125,0.0085,Deribit option 1-minute OHLC close at 10:00 NY snapshot; option-denominated close converted to USD with snapshot BTC-PERPETUAL close,19019.44875,-0.057359,-5.735867,43975.057,-0.567495,-56.749462,0.045892,4.58919,-0.083871,-8.387091,true,true,
2022-06-19,10:00,14:00,1655647200000,24,BTC-24JUN22-22000-C,19197,143.9775,0.0075,Deribit option 1-minute OHLC close at 10:00 NY snapshot; option-denominated close converted to USD with snapshot BTC-PERPETUAL close,19053.0225,0.001765,0.176523,43975.057,-0.566731,-56.673115,0.044496,4.449595,-0.085936,-8.593602,true,true,
2022-06-20,10:00,14:00,1655733600000,24,BTC-24JUN22-22000-C,20518.5,359.07375,0.0175,Deribit option 1-minute OHLC close at 10:00 NY snapshot; option-denominated close converted to USD with snapshot BTC-PERPETUAL close,20159.42625,0.05807,5.806972,43975.057,-0.541571,-54.157134,0.045425,4.54249,-0.055294,-5.529357,true,true,
2022-06-21,10:00,14:00,1655820000000,24,BTC-24JUN22-22000-C,21560.5,431.21,0.02,Deribit option 1-minute OHLC close at 10:00 NY snapshot; option-denominated close converted to USD with snapshot BTC-PERPETUAL close,21129.29,0.04811,4.810969,43975.057,-0.519516,-51.951648,0.04559,4.559044,-0.055294,-5.529357,true,true,
2022-06-22,10:00,14:00,1655906400000,24,BTC-24JUN22-22000-C,20750,72.625,0.0035,Deribit option 1-minute OHLC close at 10:00 NY snapshot; option-denominated close converted to USD with snapshot BTC-PERPETUAL close,20677.375,-0.021388,-2.138808,43975.057,-0.529793,-52.979311,0.044511,4.451097,-0.055294,-5.529357,true,true,
2022-06-23,10:00,14:00,1655992800000,24,BTC-24JUN22-22000-C,20423,20.423,0.001,Deribit option 1-minute OHLC close at 10:00 NY snapshot; option-denominated close converted to USD with snapshot BTC-PERPETUAL close,20402.577,-0.01329,-1.328979,43975.057,-0.536042,-53.604206,0.043278,4.327759,-0.055294,-5.529357,true,true,
2022-06-24,10:00,14:00,1656079200000,25,,21223.5,,,,,,,43975.057,,,0.043278,4.327759,-0.055294,-5.529357,true,false,missing_observed_option_instrument; synthetic/theoretical cycle excluded from option valuation
2022-06-25,10:00,14:00,1656165600000,25,,21140.5,,,,,,,43975.057,,,0.043278,4.327759,-0.055294,-5.529357,true,false,missing_observed_option_instrument; synthetic/theoretical cycle excluded from option valuation
2022-06-26,10:00,14:00,1656252000000,25,,21399.5,,,,,,,43975.057,,,0.043278,4.327759,-0.055294,-5.529357,true,false,missing_observed_option_instrument; synthetic/theoretical cycle excluded from option valuation
2022-06-27,10:00,14:00,1656338400000,25,,20658.5,,,,,,,43975.057,,,0.043278,4.327759,-0.055294,-5.529357,true,false,missing_observed_option_instrument; synthetic/theoretical cycle excluded from option valuation
2022-06-28,10:00,14:00,1656424800000,25,,21057.5,,,,,,,43975.057,,,0.043278,4.327759,-0.055294,-5.529357,true,false,missing_observed_option_instrument; synthetic/theoretical cycle excluded from option valuation
2022-06-29,10:00,14:00,1656511200000,25,,20047,,,,,,,43975.057,,,0.043278,4.327759,-0.055294,-5.529357,true,false,missing_observed_option_instrument; synthetic/theoretical cycle excluded from option valuation
2022-06-30,10:00,14:00,1656597600000,25,,18857,,,,,,,43975.057,,,0.043278,4.327759,-0.055294,-5.529357,true,false,missing_observed_option_instrument; synthetic/theoretical cycle excluded from option valuation
2022-07-01,10:00,14:00,1656684000000,26,,19447.5,,,,,,,43975.057,,,0.043278,4.327759,-0.055294,-5.529357,true,false,missing_observed_option_instrument; synthetic/theoretical cycle excluded from option valuation
2022-07-02,10:00,14:00,1656770400000,26,,19230,,,,,,,43975.057,,,0.043278,4.327759,-0.055294,-5.529357,true,false,missing_observed_option_instrument; synthetic/theoretical cycle excluded from option valuation
2022-07-03,10:00,14:00,1656856800000,26,,18978.5,,,,,,,43975.057,,,0.043278,4.327759,-0.055294,-5.529357,true,false,missing_observed_option_instrument; synthetic/theoretical cycle excluded from option valuation
2022-07-04,10:00,14:00,1656943200000,26,,19523,,,,,,,43975.057,,,0.043278,4.327759,-0.055294,-5.529357,true,false,missing_observed_option_instrument; synthetic/theoretical cycle excluded from option valuation
2022-07-05,10:00,14:00,1657029600000,26,,19392.5,,,,,,,43975.057,,,0.043278,4.327759,-0.055294,-5.529357,true,false,missing_observed_option_instrument; synthetic/theoretical cycle excluded from option valuation
2022-07-06,10:00,14:00,1657116000000,26,,20170,,,,,,,43975.057,,,0.043278,4.327759,-0.055294,-5.529357,true,false,missing_observed_option_instrument; synthetic/theoretical cycle excluded from option valuation
2022-07-07,10:00,14:00,1657202400000,26,,20509.5,,,,,,,43975.057,,,0.043278,4.327759,-0.055294,-5.529357,true,false,missing_observed_option_instrument; synthetic/theoretical cycle excluded from option valuation
2022-07-08,10:00,14:00,1657288800000,27,BTC-15JUL22-23000-C,21196,264.95,0.0125,Deribit option 1-minute OHLC close at 10:00 NY snapshot; option-denominated close converted to USD with snapshot BTC-PERPETUAL close,20931.05,,,43975.057,-0.524024,-52.402449,0.043278,4.327759,-0.055294,-5.529357,true,true,daily_return_not_computed_across_missing_mtm_gap
2022-07-09,10:00,14:00,1657375200000,27,BTC-15JUL22-23000-C,21551,172.408,0.008,Deribit option 1-minute OHLC close at 10:00 NY snapshot; option-denominated close converted to USD with snapshot BTC-PERPETUAL close,21378.592,0.021382,2.138173,43975.057,-0.513847,-51.384732,0.042285,4.228479,-0.055294,-5.529357,true,true,
2022-07-10,10:00,14:00,1657461600000,27,BTC-15JUL22-23000-C,21034.5,94.65525,0.0045,Deribit option 1-minute OHLC close at 10:00 NY snapshot; option-denominated close converted to USD with snapshot BTC-PERPETUAL close,20939.84475,-0.020523,-2.052274,43975.057,-0.523825,-52.38245,0.041304,4.130368,-0.055294,-5.529357,true,true,
2022-07-11,10:00,14:00,1657548000000,27,BTC-15JUL22-23000-C,20339.5,40.679,0.002,Deribit option 1-minute OHLC close at 10:00 NY snapshot; option-denominated close converted to USD with snapshot BTC-PERPETUAL close,20298.821,-0.030613,-3.061263,43975.057,-0.538401,-53.840149,0.040741,4.074141,-0.055294,-5.529357,true,true,
2022-07-12,10:00,14:00,1657634400000,27,BTC-15JUL22-23000-C,19726.5,19.7265,0.001,Deribit option 1-minute OHLC close at 10:00 NY snapshot; option-denominated close converted to USD with snapshot BTC-PERPETUAL close,19706.7735,-0.029167,-2.91666,43975.057,-0.551865,-55.186474,0.040141,4.014115,-0.055294,-5.529357,true,true,
2022-07-13,10:00,14:00,1657720800000,27,BTC-15JUL22-23000-C,19234.5,9.61725,0.0005,Deribit option 1-minute OHLC close at 10:00 NY snapshot; option-denominated close converted to USD with snapshot BTC-PERPETUAL close,19224.88275,-0.024453,-2.445305,43975.057,-0.562823,-56.282302,0.039377,3.937652,-0.055294,-5.529357,true,true,
2022-07-14,10:00,14:00,1657807200000,27,BTC-15JUL22-23000-C,19746,9.873,0.0005,Deribit option 1-minute OHLC close at 10:00 NY snapshot; option-denominated close converted to USD with snapshot BTC-PERPETUAL close,19736.127,0.026593,2.659284,43975.057,-0.551197,-55.119724,0.038729,3.872868,-0.055294,-5.529357,true,true,
2022-07-15,10:00,14:00,1657893600000,28,BTC-22JUL22-22000-C,20982,304.239,0.0145,Deribit option 1-minute OHLC close at 10:00 NY snapshot; option-denominated close converted to USD with snapshot BTC-PERPETUAL close,20677.761,0.047711,4.771118,43975.057,-0.529784,-52.978433,0.039326,3.932553,-0.055294,-5.529357,true,true,
2022-07-16,10:00,14:00,1657980000000,28,BTC-22JUL22-22000-C,20818,249.816,0.012,Deribit option 1-minute OHLC close at 10:00 NY snapshot; option-denominated close converted to USD with snapshot BTC-PERPETUAL close,20568.184,-0.005299,-0.529927,43975.057,-0.532276,-53.227613,0.03815,3.814961,-0.055294,-5.529357,true,true,
2022-07-17,10:00,14:00,1658066400000,28,BTC-22JUL22-22000-C,21150,359.55,0.017,Deribit option 1-minute OHLC close at 10:00 NY snapshot; option-denominated close converted to USD with snapshot BTC-PERPETUAL close,20790.45,0.010806,1.08063,43975.057,-0.527222,-52.722176,0.037082,3.708201,-0.055294,-5.529357,true,true,
2022-07-18,10:00,14:00,1658152800000,28,BTC-22JUL22-22000-C,22137,730.521,0.033,Deribit option 1-minute OHLC close at 10:00 NY snapshot; option-denominated close converted to USD with snapshot BTC-PERPETUAL close,21406.479,0.02963,2.963038,43975.057,-0.513213,-51.321316,0.036678,3.667763,-0.055294,-5.529357,true,true,
2022-07-19,10:00,14:00,1658239200000,28,BTC-22JUL22-22000-C,22281,646.149,0.029,Deribit option 1-minute OHLC close at 10:00 NY snapshot; option-denominated close converted to USD with snapshot BTC-PERPETUAL close,21634.851,0.010668,1.066836,43975.057,-0.50802,-50.801994,0.035656,3.565617,-0.055294,-5.529357,true,true,
2022-07-20,10:00,14:00,1658325600000,28,BTC-22JUL22-22000-C,23803,1713.816,0.072,Deribit option 1-minute OHLC close at 10:00 NY snapshot; option-denominated close converted to USD with snapshot BTC-PERPETUAL close,22089.184,0.021,2.100005,43975.057,-0.497688,-49.768834,0.034951,3.495055,-0.055294,-5.529357,true,true,
2022-07-21,10:00,14:00,1658412000000,28,BTC-22JUL22-22000-C,22763,921.9015,0.0405,Deribit option 1-minute OHLC close at 10:00 NY snapshot; option-denominated close converted to USD with snapshot BTC-PERPETUAL close,21841.0985,-0.011231,-1.123108,43975.057,-0.50333,-50.332984,0.033997,3.399731,-0.055294,-5.529357,true,true,
2022-07-22,10:00,14:00,1658498400000,29,BTC-29JUL22-24000-C,23448,762.06,0.0325,Deribit option 1-minute OHLC close at 10:00 NY snapshot; option-denominated close converted to USD with snapshot BTC-PERPETUAL close,22685.94,0.038681,3.868127,43975.057,-0.484118,-48.411801,0.034296,3.429639,-0.055294,-5.529357,true,true,
2022-07-23,10:00,14:00,1658584800000,29,BTC-29JUL22-24000-C,22325,312.55,0.014,Deribit option 1-minute OHLC close at 10:00 NY snapshot; option-denominated close converted to USD with snapshot BTC-PERPETUAL close,22012.45,-0.029688,-2.968755,43975.057,-0.499433,-49.943328,0.034037,3.403746,-0.055294,-5.529357,true,true,
2022-07-24,10:00,14:00,1658671200000,29,BTC-29JUL22-24000-C,22584,406.512,0.018,Deribit option 1-minute OHLC close at 10:00 NY snapshot; option-denominated close converted to USD with snapshot BTC-PERPETUAL close,22177.488,0.007497,0.749748,43975.057,-0.49568,-49.568029,0.033052,3.30516,-0.055294,-5.529357,true,true,
2022-07-25,10:00,14:00,1658757600000,29,BTC-29JUL22-24000-C,21924,142.506,0.0065,Deribit option 1-minute OHLC close at 10:00 NY snapshot; option-denominated close converted to USD with snapshot BTC-PERPETUAL close,21781.494,-0.017856,-1.785567,43975.057,-0.504685,-50.468526,0.032342,3.234182,-0.055294,-5.529357,true,true,
2022-07-26,10:00,14:00,1658844000000,29,BTC-29JUL22-24000-C,20902.5,31.35375,0.0015,Deribit option 1-minute OHLC close at 10:00 NY snapshot; option-denominated close converted to USD with snapshot BTC-PERPETUAL close,20871.14625,-0.041795,-4.179455,43975.057,-0.525387,-52.538672,0.032985,3.298547,-0.055294,-5.529357,true,true,
2022-07-27,10:00,14:00,1658930400000,29,BTC-29JUL22-24000-C,21452,21.452,0.001,Deribit option 1-minute OHLC close at 10:00 NY snapshot; option-denominated close converted to USD with snapshot BTC-PERPETUAL close,21430.548,0.026803,2.680264,43975.057,-0.512666,-51.266583,0.032648,3.264753,-0.055294,-5.529357,true,true,
2022-07-28,10:00,14:00,1659016800000,29,BTC-29JUL22-24000-C,22864.5,45.729,0.002,Deribit option 1-minute OHLC close at 10:00 NY snapshot; option-denominated close converted to USD with snapshot BTC-PERPETUAL close,22818.771,0.064778,6.477776,43975.057,-0.481097,-48.109741,0.035407,3.540733,-0.055294,-5.529357,true,true,
2022-07-29,10:00,14:00,1659103200000,30,,23745.5,,,,,,,43975.057,,,0.035407,3.540733,-0.055294,-5.529357,true,false,missing_observed_option_instrument; synthetic/theoretical cycle excluded from option valuation
2022-07-30,10:00,14:00,1659189600000,30,,24490.5,,,,,,,43975.057,,,0.035407,3.540733,-0.055294,-5.529357,true,false,missing_observed_option_instrument; synthetic/theoretical cycle excluded from option valuation
2022-07-31,10:00,14:00,1659276000000,30,,23724,,,,,,,43975.057,,,0.035407,3.540733,-0.055294,-5.529357,true,false,missing_observed_option_instrument; synthetic/theoretical cycle excluded from option valuation
2022-08-01,10:00,14:00,1659362400000,30,,23316,,,,,,,43975.057,,,0.035407,3.540733,-0.055294,-5.529357,true,false,missing_observed_option_instrument; synthetic/theoretical cycle excluded from option valuation
2022-08-02,10:00,14:00,1659448800000,30,,22779.5,,,,,,,43975.057,,,0.035407,3.540733,-0.055294,-5.529357,true,false,missing_observed_option_instrument; synthetic/theoretical cycle excluded from option valuation
2022-08-03,10:00,14:00,1659535200000,30,,23302,,,,,,,43975.057,,,0.035407,3.540733,-0.055294,-5.529357,true,false,missing_observed_option_instrument; synthetic/theoretical cycle excluded from option valuation
2022-08-04,10:00,14:00,1659621600000,30,,23045,,,,,,,43975.057,,,0.035407,3.540733,-0.055294,-5.529357,true,false,missing_observed_option_instrument; synthetic/theoretical cycle excluded from option valuation
2022-08-05,10:00,14:00,1659708000000,31,BTC-12AUG22-24000-C,23035,472.2175,0.0205,Deribit option 1-minute OHLC close at 10:00 NY snapshot; option-denominated close converted to USD with snapshot BTC-PERPETUAL close,22562.7825,,,43975.057,-0.486919,-48.691863,0.035407,3.540733,-0.055294,-5.529357,true,true,daily_return_not_computed_across_missing_mtm_gap
2022-08-06,10:00,14:00,1659794400000,31,BTC-12AUG22-24000-C,23203.5,429.26475,0.0185,Deribit option 1-minute OHLC close at 10:00 NY snapshot; option-denominated close converted to USD with snapshot BTC-PERPETUAL close,22774.23525,0.009372,0.937175,43975.057,-0.48211,-48.211016,0.034405,3.440535,-0.047831,-4.78308,true,true,
2022-08-07,10:00,14:00,1659880800000,31,BTC-12AUG22-24000-C,23172.5,347.5875,0.015,Deribit option 1-minute OHLC close at 10:00 NY snapshot; option-denominated close converted to USD with snapshot BTC-PERPETUAL close,22824.9125,0.002225,0.22252,43975.057,-0.480958,-48.095775,0.033362,3.336168,-0.040141,-4.01415,true,true,
2022-08-08,10:00,14:00,1659967200000,31,BTC-12AUG22-24000-C,24193,725.79,0.03,Deribit option 1-minute OHLC close at 10:00 NY snapshot; option-denominated close converted to USD with snapshot BTC-PERPETUAL close,23467.21,0.02814,2.81402,43975.057,-0.466352,-46.63518,0.033072,3.307165,-0.039782,-3.978237,true,true,
2022-08-09,10:00,14:00,1660053600000,31,BTC-12AUG22-24000-C,23038,218.861,0.0095,Deribit option 1-minute OHLC close at 10:00 NY snapshot; option-denominated close converted to USD with snapshot BTC-PERPETUAL close,22819.139,-0.027616,-2.761602,43975.057,-0.481089,-48.108904,0.03277,3.276993,-0.039782,-3.978237,true,true,
2022-08-10,10:00,14:00,1660140000000,31,BTC-12AUG22-24000-C,24060.5,505.2705,0.021,Deribit option 1-minute OHLC close at 10:00 NY snapshot; option-denominated close converted to USD with snapshot BTC-PERPETUAL close,23555.2295,0.032258,3.225759,43975.057,-0.46435,-46.435022,0.032739,3.273942,-0.036763,-3.676269,true,true,
2022-08-11,10:00,14:00,1660226400000,31,BTC-12AUG22-24000-C,24777.5,706.15875,0.0285,Deribit option 1-minute OHLC close at 10:00 NY snapshot; option-denominated close converted to USD with snapshot BTC-PERPETUAL close,24071.34125,0.021911,2.191071,43975.057,-0.452614,-45.261376,0.032193,3.219258,-0.030196,-3.019635,true,true,
2022-08-12,10:00,14:00,1660312800000,32,BTC-19AUG22-25000-C,23756.5,344.46925,0.0145,Deribit option 1-minute OHLC close at 10:00 NY snapshot; option-denominated close converted to USD with snapshot BTC-PERPETUAL close,23412.03075,-0.02739,-2.738985,43975.057,-0.467607,-46.760659,0.031925,3.19248,-0.030196,-3.019635,true,true,
2022-08-13,10:00,14:00,1660399200000,32,BTC-19AUG22-25000-C,24481,538.582,0.022,Deribit option 1-minute OHLC close at 10:00 NY snapshot; option-denominated close converted to USD with snapshot BTC-PERPETUAL close,23942.418,0.022654,2.265447,43975.057,-0.455545,-45.554549,0.031446,3.144574,-0.030196,-3.019635,true,true,
2022-08-14,10:00,14:00,1660485600000,32,BTC-19AUG22-25000-C,24490.5,465.3195,0.019,Deribit option 1-minute OHLC close at 10:00 NY snapshot; option-denominated close converted to USD with snapshot BTC-PERPETUAL close,24025.1805,0.003457,0.345673,43975.057,-0.453663,-45.366346,0.0305,3.049953,-0.030196,-3.019635,true,true,
2022-08-15,10:00,14:00,1660572000000,32,BTC-19AUG22-25000-C,24154.5,253.62225,0.0105,Deribit option 1-minute OHLC close at 10:00 NY snapshot; option-denominated close converted to USD with snapshot BTC-PERPETUAL close,23900.87775,-0.005174,-0.517385,43975.057,-0.45649,-45.649012,0.029598,2.959754,-0.030196,-3.019635,true,true,
2022-08-16,10:00,14:00,1660658400000,32,BTC-19AUG22-25000-C,23876,155.194,0.0065,Deribit option 1-minute OHLC close at 10:00 NY snapshot; option-denominated close converted to USD with snapshot BTC-PERPETUAL close,23720.806,-0.007534,-0.753411,43975.057,-0.460585,-46.058499,0.028755,2.875516,-0.030196,-3.019635,true,true,
2022-08-17,10:00,14:00,1660744800000,32,BTC-19AUG22-25000-C,23426,58.565,0.0025,Deribit option 1-minute OHLC close at 10:00 NY snapshot; option-denominated close converted to USD with snapshot BTC-PERPETUAL close,23367.435,-0.014897,-1.489709,43975.057,-0.468621,-46.86207,0.028117,2.811695,-0.030196,-3.019635,true,true,
2022-08-18,10:00,14:00,1660831200000,32,BTC-19AUG22-25000-C,23400,11.7,0.0005,Deribit option 1-minute OHLC close at 10:00 NY snapshot; option-denominated close converted to USD with snapshot BTC-PERPETUAL close,23388.3,0.000893,0.089291,43975.057,-0.468146,-46.814623,0.027261,2.726127,-0.030196,-3.019635,true,true,
2022-08-19,10:00,14:00,1660917600000,33,BTC-26AUG22-23000-C,21384,267.3,0.0125,Deribit option 1-minute OHLC close at 10:00 NY snapshot; option-denominated close converted to USD with snapshot BTC-PERPETUAL close,21116.7,-0.097125,-9.712549,43975.057,-0.519803,-51.980278,0.035561,3.556105,-0.029453,-2.945312,true,true,
2022-08-20,10:00,14:00,1661004000000,33,BTC-26AUG22-23000-C,21343,192.087,0.009,Deribit option 1-minute OHLC close at 10:00 NY snapshot; option-denominated close converted to USD with snapshot BTC-PERPETUAL close,21150.913,0.00162,0.162019,43975.057,-0.519025,-51.902477,0.03448,3.448,-0.036346,-3.63464,true,true,
2022-08-21,10:00,14:00,1661090400000,33,BTC-26AUG22-23000-C,21411,160.5825,0.0075,Deribit option 1-minute OHLC close at 10:00 NY snapshot; option-denominated close converted to USD with snapshot BTC-PERPETUAL close,21250.4175,0.004705,0.47045,43975.057,-0.516762,-51.676202,0.033449,3.344945,-0.036346,-3.63464,true,true,
2022-08-22,10:00,14:00,1661176800000,33,BTC-26AUG22-23000-C,21297.5,85.19,0.004,Deribit option 1-minute OHLC close at 10:00 NY snapshot; option-denominated close converted to USD with snapshot BTC-PERPETUAL close,21212.31,-0.001793,-0.179326,43975.057,-0.517629,-51.76286,0.032433,3.243342,-0.036346,-3.63464,true,true,
2022-08-23,10:00,14:00,1661263200000,33,BTC-26AUG22-23000-C,21556.5,53.89125,0.0025,Deribit option 1-minute OHLC close at 10:00 NY snapshot; option-denominated close converted to USD with snapshot BTC-PERPETUAL close,21502.60875,0.013685,1.368539,43975.057,-0.511027,-51.102715,0.031624,3.162355,-0.036346,-3.63464,true,true,
2022-08-24,10:00,14:00,1661349600000,33,BTC-26AUG22-23000-C,21473,21.473,0.001,Deribit option 1-minute OHLC close at 10:00 NY snapshot; option-denominated close converted to USD with snapshot BTC-PERPETUAL close,21451.527,-0.002376,-0.237561,43975.057,-0.512189,-51.218876,0.030666,3.066569,-0.036346,-3.63464,true,true,
2022-08-25,10:00,14:00,1661436000000,33,BTC-26AUG22-23000-C,21713,10.8565,0.0005,Deribit option 1-minute OHLC close at 10:00 NY snapshot; option-denominated close converted to USD with snapshot BTC-PERPETUAL close,21702.1435,0.011683,1.168292,43975.057,-0.50649,-50.64897,0.029869,2.986889,-0.036346,-3.63464,true,true,
2022-08-26,10:00,14:00,1661522400000,34,,21726,,,,,,,43975.057,,,0.029869,2.986889,-0.036346,-3.63464,true,false,missing_observed_option_instrument; synthetic/theoretical cycle excluded from option valuation
2022-08-27,10:00,14:00,1661608800000,34,,20171,,,,,,,43975.057,,,0.029869,2.986889,-0.036346,-3.63464,true,false,missing_observed_option_instrument; synthetic/theoretical cycle excluded from option valuation
2022-08-28,10:00,14:00,1661695200000,34,,19945,,,,,,,43975.057,,,0.029869,2.986889,-0.036346,-3.63464,true,false,missing_observed_option_instrument; synthetic/theoretical cycle excluded from option valuation
2022-08-29,10:00,14:00,1661781600000,34,,20093.5,,,,,,,43975.057,,,0.029869,2.986889,-0.036346,-3.63464,true,false,missing_observed_option_instrument; synthetic/theoretical cycle excluded from option valuation
2022-08-30,10:00,14:00,1661868000000,34,,20290.5,,,,,,,43975.057,,,0.029869,2.986889,-0.036346,-3.63464,true,false,missing_observed_option_instrument; synthetic/theoretical cycle excluded from option valuation
2022-08-31,10:00,14:00,1661954400000,34,,20284,,,,,,,43975.057,,,0.029869,2.986889,-0.036346,-3.63464,true,false,missing_observed_option_instrument; synthetic/theoretical cycle excluded from option valuation
2022-09-01,10:00,14:00,1662040800000,34,,19939,,,,,,,43975.057,,,0.029869,2.986889,-0.036346,-3.63464,true,false,missing_observed_option_instrument; synthetic/theoretical cycle excluded from option valuation
2022-09-02,10:00,14:00,1662127200000,35,,20239.5,,,,,,,43975.057,,,0.029869,2.986889,-0.036346,-3.63464,true,false,missing_observed_option_instrument; synthetic/theoretical cycle excluded from option valuation
2022-09-03,10:00,14:00,1662213600000,35,,19865.5,,,,,,,43975.057,,,0.029869,2.986889,-0.036346,-3.63464,true,false,missing_observed_option_instrument; synthetic/theoretical cycle excluded from option valuation
2022-09-04,10:00,14:00,1662300000000,35,,19710.5,,,,,,,43975.057,,,0.029869,2.986889,-0.036346,-3.63464,true,false,missing_observed_option_instrument; synthetic/theoretical cycle excluded from option valuation
2022-09-05,10:00,14:00,1662386400000,35,,19735,,,,,,,43975.057,,,0.029869,2.986889,-0.036346,-3.63464,true,false,missing_observed_option_instrument; synthetic/theoretical cycle excluded from option valuation
2022-09-06,10:00,14:00,1662472800000,35,,19729.5,,,,,,,43975.057,,,0.029869,2.986889,-0.036346,-3.63464,true,false,missing_observed_option_instrument; synthetic/theoretical cycle excluded from option valuation
2022-09-07,10:00,14:00,1662559200000,35,,18837,,,,,,,43975.057,,,0.029869,2.986889,-0.036346,-3.63464,true,false,missing_observed_option_instrument; synthetic/theoretical cycle excluded from option valuation
2022-09-08,10:00,14:00,1662645600000,35,,19190,,,,,,,43975.057,,,0.029869,2.986889,-0.036346,-3.63464,true,false,missing_observed_option_instrument; synthetic/theoretical cycle excluded from option valuation
2022-09-09,10:00,14:00,1662732000000,36,BTC-16SEP22-22000-C,21009.5,346.65675,0.0165,Deribit option 1-minute OHLC close at 10:00 NY snapshot; option-denominated close converted to USD with snapshot BTC-PERPETUAL close,20662.84325,,,43975.057,-0.530124,-53.012356,0.029869,2.986889,-0.036346,-3.63464,true,true,daily_return_not_computed_across_missing_mtm_gap
2022-09-10,10:00,14:00,1662818400000,36,BTC-16SEP22-22000-C,21186,381.348,0.018,Deribit option 1-minute OHLC close at 10:00 NY snapshot; option-denominated close converted to USD with snapshot BTC-PERPETUAL close,20804.652,0.006863,0.686298,43975.057,-0.526899,-52.689881,0.029008,2.900772,-0.036346,-3.63464,true,true,
2022-09-11,10:00,14:00,1662904800000,36,BTC-16SEP22-22000-C,21553.5,495.7305,0.023,Deribit option 1-minute OHLC close at 10:00 NY snapshot; option-denominated close converted to USD with snapshot BTC-PERPETUAL close,21057.7695,0.012166,1.216639,43975.057,-0.521143,-52.114287,0.028281,2.828148,-0.036346,-3.63464,true,true,
2022-09-12,10:00,14:00,1662991200000,36,BTC-16SEP22-22000-C,22401.5,817.65475,0.0365,Deribit option 1-minute OHLC close at 10:00 NY snapshot; option-denominated close converted to USD with snapshot BTC-PERPETUAL close,21583.84525,0.024983,2.49825,43975.057,-0.50918,-50.917982,0.028094,2.809447,-0.036346,-3.63464,true,true,
2022-09-13,10:00,14:00,1663077600000,36,BTC-16SEP22-22000-C,21163,264.5375,0.0125,Deribit option 1-minute OHLC close at 10:00 NY snapshot; option-denominated close converted to USD with snapshot BTC-PERPETUAL close,20898.4625,-0.031754,-3.175443,43975.057,-0.524766,-52.476554,0.028327,2.83274,-0.036346,-3.63464,true,true,
2022-09-14,10:00,14:00,1663164000000,36,BTC-16SEP22-22000-C,20286,40.572,0.002,Deribit option 1-minute OHLC close at 10:00 NY snapshot; option-denominated close converted to USD with snapshot BTC-PERPETUAL close,20245.428,-0.031248,-3.124797,43975.057,-0.539616,-53.961565,0.028511,2.851108,-0.037276,-3.72765,true,true,
2022-09-15,10:00,14:00,1663250400000,36,BTC-16SEP22-22000-C,20150,10.075,0.0005,Deribit option 1-minute OHLC close at 10:00 NY snapshot; option-denominated close converted to USD with snapshot BTC-PERPETUAL close,20139.925,-0.005211,-0.52112,43975.057,-0.542015,-54.201481,0.027672,2.767197,-0.037276,-3.72765,true,true,
2022-09-16,10:00,14:00,1663336800000,37,BTC-23SEP22-21000-C,19558.5,195.585,0.01,Deribit option 1-minute OHLC close at 10:00 NY snapshot; option-denominated close converted to USD with snapshot BTC-PERPETUAL close,19362.915,-0.038581,-3.858058,43975.057,-0.559684,-55.968414,0.028445,2.844471,-0.037276,-3.72765,true,true,
2022-09-17,10:00,14:00,1663423200000,37,BTC-23SEP22-21000-C,19900,199,0.01,Deribit option 1-minute OHLC close at 10:00 NY snapshot; option-denominated close converted to USD with snapshot BTC-PERPETUAL close,19701,0.01746,1.746044,43975.057,-0.551996,-55.199603,0.027908,2.790784,-0.040348,-4.034826,true,true,
2022-09-18,10:00,14:00,1663509600000,37,BTC-23SEP22-21000-C,19939.5,219.3345,0.011,Deribit option 1-minute OHLC close at 10:00 NY snapshot; option-denominated close converted to USD with snapshot BTC-PERPETUAL close,19720.1655,0.000973,0.097282,43975.057,-0.55156,-55.156021,0.027059,2.70587,-0.035509,-3.550881,true,true,
2022-09-19,10:00,14:00,1663596000000,37,BTC-23SEP22-21000-C,19054.5,76.218,0.004,Deribit option 1-minute OHLC close at 10:00 NY snapshot; option-denominated close converted to USD with snapshot BTC-PERPETUAL close,18978.282,-0.037621,-3.762055,43975.057,-0.568431,-56.843076,0.027806,2.780578,-0.035509,-3.550881,true,true,
2022-09-20,10:00,14:00,1663682400000,37,BTC-23SEP22-21000-C,18924.5,47.31125,0.0025,Deribit option 1-minute OHLC close at 10:00 NY snapshot; option-denominated close converted to USD with snapshot BTC-PERPETUAL close,18877.18875,-0.005327,-0.532679,43975.057,-0.57073,-57.072964,0.02699,2.699026,-0.038149,-3.814857,true,true,
2022-09-21,10:00,14:00,1663768800000,37,BTC-23SEP22-21000-C,19292.5,57.8775,0.003,Deribit option 1-minute OHLC close at 10:00 NY snapshot; option-denominated close converted to USD with snapshot BTC-PERPETUAL close,19234.6225,0.018935,1.893469,43975.057,-0.562602,-56.260153,0.026576,2.657587,-0.038149,-3.814857,true,true,
2022-09-22,10:00,14:00,1663855200000,37,BTC-23SEP22-21000-C,18876.5,9.43825,0.0005,Deribit option 1-minute OHLC close at 10:00 NY snapshot; option-denominated close converted to USD with snapshot BTC-PERPETUAL close,18867.06175,-0.019109,-1.910933,43975.057,-0.57096,-57.095993,0.026188,2.618798,-0.038149,-3.814857,true,true,
2022-09-23,10:00,14:00,1663941600000,38,BTC-30SEP22-20000-C,18653.5,205.1885,0.011,Deribit option 1-minute OHLC close at 10:00 NY snapshot; option-denominated close converted to USD with snapshot BTC-PERPETUAL close,18448.3115,-0.022195,-2.219478,43975.057,-0.580482,-58.048237,0.025966,2.596571,-0.038149,-3.814857,true,true,
2022-09-24,10:00,14:00,1664028000000,38,BTC-30SEP22-20000-C,19115,248.495,0.013,Deribit option 1-minute OHLC close at 10:00 NY snapshot; option-denominated close converted to USD with snapshot BTC-PERPETUAL close,18866.505,0.022668,2.266839,43975.057,-0.570973,-57.097259,0.02578,2.577977,-0.038149,-3.814857,true,true,
2022-09-25,10:00,14:00,1664114400000,38,BTC-30SEP22-20000-C,18929.5,189.295,0.01,Deribit option 1-minute OHLC close at 10:00 NY snapshot; option-denominated close converted to USD with snapshot BTC-PERPETUAL close,18740.205,-0.006694,-0.66944,43975.057,-0.573845,-57.384467,0.025048,2.504814,-0.038149,-3.814857,true,true,
2022-09-26,10:00,14:00,1664200800000,38,BTC-30SEP22-20000-C,19202,249.626,0.013,Deribit option 1-minute OHLC close at 10:00 NY snapshot; option-denominated close converted to USD with snapshot BTC-PERPETUAL close,18952.374,0.011322,1.132159,43975.057,-0.56902,-56.901991,0.024443,2.444291,-0.038149,-3.814857,true,true,
2022-09-27,10:00,14:00,1664287200000,38,BTC-30SEP22-20000-C,20153.5,594.52825,0.0295,Deribit option 1-minute OHLC close at 10:00 NY snapshot; option-denominated close converted to USD with snapshot BTC-PERPETUAL close,19558.97175,0.032006,3.200643,43975.057,-0.555226,-55.522578,0.024961,2.496143,-0.038149,-3.814857,true,true,
2022-09-28,10:00,14:00,1664373600000,38,BTC-30SEP22-20000-C,19176,95.88,0.005,Deribit option 1-minute OHLC close at 10:00 NY snapshot; option-denominated close converted to USD with snapshot BTC-PERPETUAL close,19080.12,-0.024482,-2.448246,43975.057,-0.566115,-56.611495,0.024933,2.493295,-0.038149,-3.814857,true,true,
2022-09-29,10:00,14:00,1664460000000,38,BTC-30SEP22-20000-C,18952,28.428,0.0015,Deribit option 1-minute OHLC close at 10:00 NY snapshot; option-denominated close converted to USD with snapshot BTC-PERPETUAL close,18923.572,-0.008205,-0.820477,43975.057,-0.569675,-56.967487,0.024257,2.425679,-0.038149,-3.814857,true,true,
2022-09-30,10:00,14:00,1664546400000,39,,19466,,,,,,,43975.057,,,0.024257,2.425679,-0.038149,-3.814857,true,false,missing_observed_option_instrument; synthetic/theoretical cycle excluded from option valuation
2022-10-01,10:00,14:00,1664632800000,39,,19330.5,,,,,,,43975.057,,,0.024257,2.425679,-0.038149,-3.814857,true,false,missing_observed_option_instrument; synthetic/theoretical cycle excluded from option valuation
2022-10-02,10:00,14:00,1664719200000,39,,19154,,,,,,,43975.057,,,0.024257,2.425679,-0.038149,-3.814857,true,false,missing_observed_option_instrument; synthetic/theoretical cycle excluded from option valuation
2022-10-03,10:00,14:00,1664805600000,39,,19239.5,,,,,,,43975.057,,,0.024257,2.425679,-0.038149,-3.814857,true,false,missing_observed_option_instrument; synthetic/theoretical cycle excluded from option valuation
2022-10-04,10:00,14:00,1664892000000,39,,20133,,,,,,,43975.057,,,0.024257,2.425679,-0.038149,-3.814857,true,false,missing_observed_option_instrument; synthetic/theoretical cycle excluded from option valuation
2022-10-05,10:00,14:00,1664978400000,39,,19867,,,,,,,43975.057,,,0.024257,2.425679,-0.038149,-3.814857,true,false,missing_observed_option_instrument; synthetic/theoretical cycle excluded from option valuation
2022-10-06,10:00,14:00,1665064800000,39,,20073,,,,,,,43975.057,,,0.024257,2.425679,-0.038149,-3.814857,true,false,missing_observed_option_instrument; synthetic/theoretical cycle excluded from option valuation
2022-10-07,10:00,14:00,1665151200000,40,BTC-14OCT22-21000-C,19605,156.84,0.008,Deribit option 1-minute OHLC close at 10:00 NY snapshot; option-denominated close converted to USD with snapshot BTC-PERPETUAL close,19448.16,,,43975.057,-0.557746,-55.774566,0.024257,2.425679,-0.038149,-3.814857,true,true,daily_return_not_computed_across_missing_mtm_gap
2022-10-08,10:00,14:00,1665237600000,40,BTC-14OCT22-21000-C,19474.5,97.3725,0.005,Deribit option 1-minute OHLC close at 10:00 NY snapshot; option-denominated close converted to USD with snapshot BTC-PERPETUAL close,19377.1275,-0.003652,-0.36524,43975.057,-0.559361,-55.936095,0.023535,2.353485,-0.038149,-3.814857,true,true,
2022-10-09,10:00,14:00,1665324000000,40,BTC-14OCT22-21000-C,19458.5,97.2925,0.005,Deribit option 1-minute OHLC close at 10:00 NY snapshot; option-denominated close converted to USD with snapshot BTC-PERPETUAL close,19361.2075,-0.000822,-0.082159,43975.057,-0.559723,-55.972297,0.022819,2.281877,-0.038149,-3.814857,true,true,
2022-10-10,10:00,14:00,1665410400000,40,BTC-14OCT22-21000-C,19304.5,57.9135,0.003,Deribit option 1-minute OHLC close at 10:00 NY snapshot; option-denominated close converted to USD with snapshot BTC-PERPETUAL close,19246.5865,-0.00592,-0.592014,43975.057,-0.562329,-56.232947,0.022171,2.217109,-0.038149,-3.814857,true,true,
2022-10-11,10:00,14:00,1665496800000,40,BTC-14OCT22-21000-C,18894.5,28.34175,0.0015,Deribit option 1-minute OHLC close at 10:00 NY snapshot; option-denominated close converted to USD with snapshot BTC-PERPETUAL close,18866.15825,-0.019766,-1.976601,43975.057,-0.57098,-57.098047,0.022034,2.203419,-0.038149,-3.814857,true,true,
2022-10-12,10:00,14:00,1665583200000,40,BTC-14OCT22-21000-C,19112,19.112,0.001,Deribit option 1-minute OHLC close at 10:00 NY snapshot; option-denominated close converted to USD with snapshot BTC-PERPETUAL close,19092.888,0.012018,1.20178,43975.057,-0.565825,-56.58246,0.021565,2.156481,-0.034981,-3.49808,true,true,
2022-10-13,10:00,14:00,1665669600000,40,BTC-14OCT22-21000-C,18395,9.1975,0.0005,Deribit option 1-minute OHLC close at 10:00 NY snapshot; option-denominated close converted to USD with snapshot BTC-PERPETUAL close,18385.8025,-0.037034,-3.703397,43975.057,-0.581904,-58.190384,0.022791,2.279099,-0.034981,-3.49808,true,true,
2022-10-14,10:00,14:00,1665756000000,41,BTC-21OCT22-21000-C,19592.5,137.1475,0.007,Deribit option 1-minute OHLC close at 10:00 NY snapshot; option-denominated close converted to USD with snapshot BTC-PERPETUAL close,19455.3525,0.058173,5.81726,43975.057,-0.557582,-55.75821,0.026293,2.629271,-0.037357,-3.735659,true,true,
2022-10-15,10:00,14:00,1665842400000,41,BTC-21OCT22-21000-C,19178.5,47.94625,0.0025,Deribit option 1-minute OHLC close at 10:00 NY snapshot; option-denominated close converted to USD with snapshot BTC-PERPETUAL close,19130.55375,-0.016695,-1.669457,43975.057,-0.564968,-56.496807,0.025818,2.581764,-0.037357,-3.735659,true,true,
2022-10-16,10:00,14:00,1665928800000,41,BTC-21OCT22-21000-C,19126,38.252,0.002,Deribit option 1-minute OHLC close at 10:00 NY snapshot; option-denominated close converted to USD with snapshot BTC-PERPETUAL close,19087.748,-0.002238,-0.223756,43975.057,-0.565941,-56.594148,0.025037,2.503713,-0.037357,-3.735659,true,true,
2022-10-17,10:00,14:00,1666015200000,41,BTC-21OCT22-21000-C,19600.5,58.8015,0.003,Deribit option 1-minute OHLC close at 10:00 NY snapshot; option-denominated close converted to USD with snapshot BTC-PERPETUAL close,19541.6985,0.023782,2.37823,43975.057,-0.555619,-55.561857,0.024964,2.496362,-0.037357,-3.735659,true,true,
2022-10-18,10:00,14:00,1666101600000,41,BTC-21OCT22-21000-C,19563.5,39.127,0.002,Deribit option 1-minute OHLC close at 10:00 NY snapshot; option-denominated close converted to USD with snapshot BTC-PERPETUAL close,19524.373,-0.000887,-0.088659,43975.057,-0.556013,-55.601256,0.024204,2.420411,-0.037357,-3.735659,true,true,
2022-10-19,10:00,14:00,1666188000000,41,BTC-21OCT22-21000-C,19111,9.5555,0.0005,Deribit option 1-minute OHLC close at 10:00 NY snapshot; option-denominated close converted to USD with snapshot BTC-PERPETUAL close,19101.4445,-0.021662,-2.166157,43975.057,-0.56563,-56.563002,0.024059,2.405913,-0.037357,-3.735659,true,true,
2022-10-20,10:00,14:00,1666274400000,41,BTC-21OCT22-21000-C,19185.5,9.59275,0.0005,Deribit option 1-minute OHLC close at 10:00 NY snapshot; option-denominated close converted to USD with snapshot BTC-PERPETUAL close,19175.90725,0.003898,0.389828,43975.057,-0.563937,-56.393673,0.023346,2.334573,-0.037357,-3.735659,true,true,
2022-10-21,10:00,14:00,1666360800000,42,BTC-28OCT22-20000-C,19076.5,95.3825,0.005,Deribit option 1-minute OHLC close at 10:00 NY snapshot; option-denominated close converted to USD with snapshot BTC-PERPETUAL close,18981.1175,-0.010158,-1.015805,43975.057,-0.568366,-56.836628,0.022771,2.277088,-0.037357,-3.735659,true,true,
2022-10-22,10:00,14:00,1666447200000,42,BTC-28OCT22-20000-C,19205.5,124.83575,0.0065,Deribit option 1-minute OHLC close at 10:00 NY snapshot; option-denominated close converted to USD with snapshot BTC-PERPETUAL close,19080.66425,0.005245,0.524451,43975.057,-0.566103,-56.610257,0.022115,2.211453,-0.037357,-3.735659,true,true,
2022-10-23,10:00,14:00,1666533600000,42,BTC-28OCT22-20000-C,19183.5,105.50925,0.0055,Deribit option 1-minute OHLC close at 10:00 NY snapshot; option-denominated close converted to USD with snapshot BTC-PERPETUAL close,19077.99075,-0.00014,-0.014012,43975.057,-0.566163,-56.616337,0.021441,2.144086,-0.037357,-3.735659,true,true,
2022-10-24,10:00,14:00,1666620000000,42,BTC-28OCT22-20000-C,19332.5,106.32875,0.0055,Deribit option 1-minute OHLC close at 10:00 NY snapshot; option-denominated close converted to USD with snapshot BTC-PERPETUAL close,19226.17125,0.007767,0.776709,43975.057,-0.562794,-56.279372,0.020875,2.087456,-0.037357,-3.735659,true,true,
2022-10-25,10:00,14:00,1666706400000,42,BTC-28OCT22-20000-C,19511,107.3105,0.0055,Deribit option 1-minute OHLC close at 10:00 NY snapshot; option-denominated close converted to USD with snapshot BTC-PERPETUAL close,19403.6895,0.009233,0.923316,43975.057,-0.558757,-55.875692,0.020365,2.036462,-0.031386,-3.138579,true,true,
2022-10-26,10:00,14:00,1666792800000,42,BTC-28OCT22-20000-C,20648,660.736,0.032,Deribit option 1-minute OHLC close at 10:00 NY snapshot; option-denominated close converted to USD with snapshot BTC-PERPETUAL close,19987.264,0.030075,3.007544,43975.057,-0.545486,-54.548634,0.021074,2.107384,-0.031386,-3.138579,true,true,
2022-10-27,10:00,14:00,1666879200000,42,BTC-28OCT22-20000-C,20538.5,739.386,0.036,Deribit option 1-minute OHLC close at 10:00 NY snapshot; option-denominated close converted to USD with snapshot BTC-PERPETUAL close,19799.114,-0.009413,-0.941349,43975.057,-0.549765,-54.97649,0.020562,2.056154,-0.031386,-3.138579,true,true,
2022-10-28,10:00,14:00,1666965600000,43,,20519,,,,,,,43975.057,,,0.020562,2.056154,-0.031386,-3.138579,true,false,missing_observed_option_instrument; synthetic/theoretical cycle excluded from option valuation
2022-10-29,10:00,14:00,1667052000000,43,,20779.5,,,,,,,43975.057,,,0.020562,2.056154,-0.031386,-3.138579,true,false,missing_observed_option_instrument; synthetic/theoretical cycle excluded from option valuation
2022-10-30,10:00,14:00,1667138400000,43,,20651.5,,,,,,,43975.057,,,0.020562,2.056154,-0.031386,-3.138579,true,false,missing_observed_option_instrument; synthetic/theoretical cycle excluded from option valuation
2022-10-31,10:00,14:00,1667224800000,43,,20405,,,,,,,43975.057,,,0.020562,2.056154,-0.031386,-3.138579,true,false,missing_observed_option_instrument; synthetic/theoretical cycle excluded from option valuation
2022-11-01,10:00,14:00,1667311200000,43,,20402,,,,,,,43975.057,,,0.020562,2.056154,-0.031386,-3.138579,true,false,missing_observed_option_instrument; synthetic/theoretical cycle excluded from option valuation
2022-11-02,10:00,14:00,1667397600000,43,,20418.5,,,,,,,43975.057,,,0.020562,2.056154,-0.031386,-3.138579,true,false,missing_observed_option_instrument; synthetic/theoretical cycle excluded from option valuation
2022-11-03,10:00,14:00,1667484000000,43,,20097,,,,,,,43975.057,,,0.020562,2.056154,-0.031386,-3.138579,true,false,missing_observed_option_instrument; synthetic/theoretical cycle excluded from option valuation
2022-11-04,10:00,14:00,1667570400000,44,BTC-11NOV22-22000-C,20778.5,166.228,0.008,Deribit option 1-minute OHLC close at 10:00 NY snapshot; option-denominated close converted to USD with snapshot BTC-PERPETUAL close,20612.272,,,43975.057,-0.531274,-53.127356,0.020562,2.056154,-0.031386,-3.138579,true,true,daily_return_not_computed_across_missing_mtm_gap
2022-11-05,10:00,14:00,1667656800000,44,BTC-11NOV22-22000-C,21279,223.4295,0.0105,Deribit option 1-minute OHLC close at 10:00 NY snapshot; option-denominated close converted to USD with snapshot BTC-PERPETUAL close,21055.5705,0.021507,2.150653,43975.057,-0.521193,-52.119288,0.020619,2.061946,-0.023453,-2.3453,true,true,
2022-11-06,10:00,15:00,1667746800000,44,BTC-11NOV22-22000-C,21232.5,191.0925,0.009,Deribit option 1-minute OHLC close at 10:00 NY snapshot; option-denominated close converted to USD with snapshot BTC-PERPETUAL close,21041.4075,-0.000673,-0.067265,43975.057,-0.521515,-52.151495,0.019992,1.999199,-0.023453,-2.3453,true,true,
2022-11-07,10:00,15:00,1667833200000,44,BTC-11NOV22-22000-C,20676.5,93.04425,0.0045,Deribit option 1-minute OHLC close at 10:00 NY snapshot; option-denominated close converted to USD with snapshot BTC-PERPETUAL close,20583.45575,-0.021764,-2.176431,43975.057,-0.531929,-53.192884,0.020103,2.010274,-0.023453,-2.3453,true,true,
2022-11-08,10:00,15:00,1667919600000,44,BTC-11NOV22-22000-C,19438,29.157,0.0015,Deribit option 1-minute OHLC close at 10:00 NY snapshot; option-denominated close converted to USD with snapshot BTC-PERPETUAL close,19408.843,-0.057066,-5.706587,43975.057,-0.55864,-55.863973,0.023985,2.398465,-0.023453,-2.3453,true,true,
2022-11-09,10:00,15:00,1668006000000,44,BTC-11NOV22-22000-C,17644,8.822,0.0005,Deribit option 1-minute OHLC close at 10:00 NY snapshot; option-denominated close converted to USD with snapshot BTC-PERPETUAL close,17635.178,-0.091384,-9.138438,43975.057,-0.598973,-59.897316,0.032277,3.227714,-0.031386,-3.138579,true,true,
2022-11-10,10:00,15:00,1668092400000,44,BTC-11NOV22-22000-C,17506,8.753,0.0005,Deribit option 1-minute OHLC close at 10:00 NY snapshot; option-denominated close converted to USD with snapshot BTC-PERPETUAL close,17497.247,-0.007821,-0.782136,43975.057,-0.60211,-60.210974,0.031352,3.135244,-0.048052,-4.805151,true,true,
2022-11-11,10:00,15:00,1668178800000,45,BTC-18NOV22-18000-C,16936.5,338.73,0.02,Deribit option 1-minute OHLC close at 10:00 NY snapshot; option-denominated close converted to USD with snapshot BTC-PERPETUAL close,16597.77,-0.051407,-5.140677,43975.057,-0.622564,-62.256399,0.032902,3.290223,-0.048052,-4.805151,true,true,
2022-11-12,10:00,15:00,1668265200000,45,BTC-18NOV22-18000-C,16855.5,168.555,0.01,Deribit option 1-minute OHLC close at 10:00 NY snapshot; option-denominated close converted to USD with snapshot BTC-PERPETUAL close,16686.945,0.005373,0.537271,43975.057,-0.620536,-62.053614,0.031927,3.192703,-0.054519,-5.451927,true,true,
2022-11-13,10:00,15:00,1668351600000,45,BTC-18NOV22-18000-C,16578.5,116.0495,0.007,Deribit option 1-minute OHLC close at 10:00 NY snapshot; option-denominated close converted to USD with snapshot BTC-PERPETUAL close,16462.4505,-0.013453,-1.34533,43975.057,-0.625641,-62.564118,0.031129,3.112932,-0.054519,-5.451927,true,true,
2022-11-14,10:00,15:00,1668438000000,45,BTC-18NOV22-18000-C,16616,99.696,0.006,Deribit option 1-minute OHLC close at 10:00 NY snapshot; option-denominated close converted to USD with snapshot BTC-PERPETUAL close,16516.304,0.003271,0.327129,43975.057,-0.624417,-62.441654,0.030192,3.019163,-0.054519,-5.451927,true,true,
2022-11-15,10:00,15:00,1668524400000,45,BTC-18NOV22-18000-C,16890,76.005,0.0045,Deribit option 1-minute OHLC close at 10:00 NY snapshot; option-denominated close converted to USD with snapshot BTC-PERPETUAL close,16813.995,0.018024,1.802407,43975.057,-0.617647,-61.7647,0.029603,2.960294,-0.054519,-5.451927,true,true,
2022-11-16,10:00,15:00,1668610800000,45,BTC-18NOV22-18000-C,16460,24.69,0.0015,Deribit option 1-minute OHLC close at 10:00 NY snapshot; option-denominated close converted to USD with snapshot BTC-PERPETUAL close,16435.31,-0.022522,-2.252201,43975.057,-0.626258,-62.625836,0.029227,2.922651,-0.054519,-5.451927,true,true,
2022-11-17,10:00,15:00,1668697200000,45,BTC-18NOV22-18000-C,16494.5,8.24725,0.0005,Deribit option 1-minute OHLC close at 10:00 NY snapshot; option-denominated close converted to USD with snapshot BTC-PERPETUAL close,16486.25275,0.0031,0.309959,43975.057,-0.6251,-62.509991,0.028346,2.834632,-0.054519,-5.451927,true,true,
2022-11-18,10:00,15:00,1668783600000,46,BTC-25NOV22-18000-C,16660.5,91.63275,0.0055,Deribit option 1-minute OHLC close at 10:00 NY snapshot; option-denominated close converted to USD with snapshot BTC-PERPETUAL close,16568.86725,0.005011,0.501111,43975.057,-0.623221,-62.322124,0.02751,2.751017,-0.054519,-5.451927,true,true,
2022-11-19,10:00,15:00,1668870000000,46,BTC-25NOV22-18000-C,16622,74.799,0.0045,Deribit option 1-minute OHLC close at 10:00 NY snapshot; option-denominated close converted to USD with snapshot BTC-PERPETUAL close,16547.201,-0.001308,-0.130765,43975.057,-0.623714,-62.371394,0.026674,2.667403,-0.054519,-5.451927,true,true,
2022-11-20,10:00,15:00,1668956400000,46,BTC-25NOV22-18000-C,16527.5,66.11,0.004,Deribit option 1-minute OHLC close at 10:00 NY snapshot; option-denominated close converted to USD with snapshot BTC-PERPETUAL close,16461.39,-0.005186,-0.518583,43975.057,-0.625665,-62.566529,0.025893,2.589261,-0.054519,-5.451927,true,true,
2022-11-21,10:00,15:00,1669042800000,46,BTC-25NOV22-18000-C,16135,32.27,0.002,Deribit option 1-minute OHLC close at 10:00 NY snapshot; option-denominated close converted to USD with snapshot BTC-PERPETUAL close,16102.73,-0.021788,-2.178795,43975.057,-0.633821,-63.382128,0.025665,2.566485,-0.054519,-5.451927,true,true,
2022-11-22,10:00,15:00,1669129200000,46,BTC-25NOV22-18000-C,16100,16.1,0.001,Deribit option 1-minute OHLC close at 10:00 NY snapshot; option-denominated close converted to USD with snapshot BTC-PERPETUAL close,16083.9,-0.001169,-0.116937,43975.057,-0.634249,-63.424948,0.024885,2.488464,-0.054519,-5.451927,true,true,
2022-11-23,10:00,15:00,1669215600000,46,BTC-25NOV22-18000-C,16426.5,8.21325,0.0005,Deribit option 1-minute OHLC close at 10:00 NY snapshot; option-denominated close converted to USD with snapshot BTC-PERPETUAL close,16418.28675,0.02079,2.079015,43975.057,-0.626645,-62.664547,0.024658,2.465815,-0.054519,-5.451927,true,true,
2022-11-24,10:00,15:00,1669302000000,46,BTC-25NOV22-18000-C,16517.5,8.25875,0.0005,Deribit option 1-minute OHLC close at 10:00 NY snapshot; option-denominated close converted to USD with snapshot BTC-PERPETUAL close,16509.24125,0.00554,0.553983,43975.057,-0.624577,-62.457715,0.023945,2.394545,-0.054519,-5.451927,true,true,
2022-11-25,10:00,15:00,1669388400000,47,,16514.5,,,,,,,43975.057,,,0.023945,2.394545,-0.054519,-5.451927,true,false,missing_observed_option_instrument; synthetic/theoretical cycle excluded from option valuation
2022-11-26,10:00,15:00,1669474800000,47,,16541.5,,,,,,,43975.057,,,0.023945,2.394545,-0.054519,-5.451927,true,false,missing_observed_option_instrument; synthetic/theoretical cycle excluded from option valuation
2022-11-27,10:00,15:00,1669561200000,47,,16523.5,,,,,,,43975.057,,,0.023945,2.394545,-0.054519,-5.451927,true,false,missing_observed_option_instrument; synthetic/theoretical cycle excluded from option valuation
2022-11-28,10:00,15:00,1669647600000,47,,16205,,,,,,,43975.057,,,0.023945,2.394545,-0.054519,-5.451927,true,false,missing_observed_option_instrument; synthetic/theoretical cycle excluded from option valuation
2022-11-29,10:00,15:00,1669734000000,47,,16352.5,,,,,,,43975.057,,,0.023945,2.394545,-0.054519,-5.451927,true,false,missing_observed_option_instrument; synthetic/theoretical cycle excluded from option valuation
2022-11-30,10:00,15:00,1669820400000,47,,16820,,,,,,,43975.057,,,0.023945,2.394545,-0.054519,-5.451927,true,false,missing_observed_option_instrument; synthetic/theoretical cycle excluded from option valuation
2022-12-01,10:00,15:00,1669906800000,47,,17102,,,,,,,43975.057,,,0.023945,2.394545,-0.054519,-5.451927,true,false,missing_observed_option_instrument; synthetic/theoretical cycle excluded from option valuation
2022-12-02,10:00,15:00,1669993200000,48,,16904,,,,,,,43975.057,,,0.023945,2.394545,-0.054519,-5.451927,true,false,missing_observed_option_instrument; synthetic/theoretical cycle excluded from option valuation
2022-12-03,10:00,15:00,1670079600000,48,,16944,,,,,,,43975.057,,,0.023945,2.394545,-0.054519,-5.451927,true,false,missing_observed_option_instrument; synthetic/theoretical cycle excluded from option valuation
2022-12-04,10:00,15:00,1670166000000,48,,17035.5,,,,,,,43975.057,,,0.023945,2.394545,-0.054519,-5.451927,true,false,missing_observed_option_instrument; synthetic/theoretical cycle excluded from option valuation
2022-12-05,10:00,15:00,1670252400000,48,,17136.5,,,,,,,43975.057,,,0.023945,2.394545,-0.054519,-5.451927,true,false,missing_observed_option_instrument; synthetic/theoretical cycle excluded from option valuation
2022-12-06,10:00,15:00,1670338800000,48,,16973.5,,,,,,,43975.057,,,0.023945,2.394545,-0.054519,-5.451927,true,false,missing_observed_option_instrument; synthetic/theoretical cycle excluded from option valuation
2022-12-07,10:00,15:00,1670425200000,48,,16828,,,,,,,43975.057,,,0.023945,2.394545,-0.054519,-5.451927,true,false,missing_observed_option_instrument; synthetic/theoretical cycle excluded from option valuation
2022-12-08,10:00,15:00,1670511600000,48,,16888,,,,,,,43975.057,,,0.023945,2.394545,-0.054519,-5.451927,true,false,missing_observed_option_instrument; synthetic/theoretical cycle excluded from option valuation
2022-12-09,10:00,15:00,1670598000000,49,BTC-16DEC22-18000-C,17148,120.036,0.007,Deribit option 1-minute OHLC close at 10:00 NY snapshot; option-denominated close converted to USD with snapshot BTC-PERPETUAL close,17027.964,,,43975.057,-0.612781,-61.278131,0.023945,2.394545,-0.054519,-5.451927,true,true,daily_return_not_computed_across_missing_mtm_gap
2022-12-10,10:00,15:00,1670684400000,49,BTC-16DEC22-18000-C,17158,94.369,0.0055,Deribit option 1-minute OHLC close at 10:00 NY snapshot; option-denominated close converted to USD with snapshot BTC-PERPETUAL close,17063.631,0.002095,0.209461,43975.057,-0.61197,-61.197024,0.023222,2.322164,-0.054519,-5.451927,true,true,
2022-12-11,10:00,15:00,1670770800000,49,BTC-16DEC22-18000-C,17146,102.876,0.006,Deribit option 1-minute OHLC close at 10:00 NY snapshot; option-denominated close converted to USD with snapshot BTC-PERPETUAL close,17043.124,-0.001202,-0.12018,43975.057,-0.612437,-61.243657,0.022516,2.251614,-0.054519,-5.451927,true,true,
2022-12-12,10:00,15:00,1670857200000,49,BTC-16DEC22-18000-C,17027.5,68.11,0.004,Deribit option 1-minute OHLC close at 10:00 NY snapshot; option-denominated close converted to USD with snapshot BTC-PERPETUAL close,16959.39,-0.004913,-0.491307,43975.057,-0.614341,-61.434069,0.021863,2.186335,-0.054519,-5.451927,true,true,
2022-12-13,10:00,15:00,1670943600000,49,BTC-16DEC22-18000-C,17875.5,259.19475,0.0145,Deribit option 1-minute OHLC close at 10:00 NY snapshot; option-denominated close converted to USD with snapshot BTC-PERPETUAL close,17616.30525,0.038735,3.87346,43975.057,-0.599402,-59.940233,0.023224,2.322387,-0.054519,-5.451927,true,true,
2022-12-14,10:00,15:00,1671030000000,49,BTC-16DEC22-18000-C,18052,324.936,0.018,Deribit option 1-minute OHLC close at 10:00 NY snapshot; option-denominated close converted to USD with snapshot BTC-PERPETUAL close,17727.064,0.006287,0.628729,43975.057,-0.596884,-59.688366,0.022569,2.256898,-0.054519,-5.451927,true,true,
2022-12-15,10:00,15:00,1671116400000,49,BTC-16DEC22-18000-C,17427.5,8.71375,0.0005,Deribit option 1-minute OHLC close at 10:00 NY snapshot; option-denominated close converted to USD with snapshot BTC-PERPETUAL close,17418.78625,-0.01739,-1.739023,43975.057,-0.603894,-60.389395,0.022292,2.229221,-0.054519,-5.451927,true,true,
2022-12-16,10:00,15:00,1671202800000,50,BTC-23DEC22-18000-C,16999,67.996,0.004,Deribit option 1-minute OHLC close at 10:00 NY snapshot; option-denominated close converted to USD with snapshot BTC-PERPETUAL close,16931.004,-0.028003,-2.800323,43975.057,-0.614986,-61.49862,0.022675,2.267547,-0.054519,-5.451927,true,true,
2022-12-17,10:00,15:00,1671289200000,50,BTC-23DEC22-18000-C,16656,33.312,0.002,Deribit option 1-minute OHLC close at 10:00 NY snapshot; option-denominated close converted to USD with snapshot BTC-PERPETUAL close,16622.688,-0.01821,-1.821014,43975.057,-0.621997,-62.199735,0.022433,2.243263,-0.054519,-5.451927,true,true,
2022-12-18,10:00,15:00,1671375600000,50,BTC-23DEC22-18000-C,16685.5,41.71375,0.0025,Deribit option 1-minute OHLC close at 10:00 NY snapshot; option-denominated close converted to USD with snapshot BTC-PERPETUAL close,16643.78625,0.001269,0.126924,43975.057,-0.621518,-62.151757,0.021751,2.175146,-0.054519,-5.451927,true,true,
2022-12-19,10:00,15:00,1671462000000,50,BTC-23DEC22-18000-C,16719,25.0785,0.0015,Deribit option 1-minute OHLC close at 10:00 NY snapshot; option-denominated close converted to USD with snapshot BTC-PERPETUAL close,16693.9215,0.003012,0.301225,43975.057,-0.620377,-62.037749,0.021102,2.110173,-0.054519,-5.451927,true,true,
2022-12-20,10:00,15:00,1671548400000,50,BTC-23DEC22-18000-C,16921,16.921,0.001,Deribit option 1-minute OHLC close at 10:00 NY snapshot; option-denominated close converted to USD with snapshot BTC-PERPETUAL close,16904.079,0.012589,1.258886,43975.057,-0.615598,-61.559847,0.02069,2.068997,-0.054519,-5.451927,true,true,
2022-12-21,10:00,15:00,1671634800000,50,BTC-23DEC22-18000-C,16782.5,8.39125,0.0005,Deribit option 1-minute OHLC close at 10:00 NY snapshot; option-denominated close converted to USD with snapshot BTC-PERPETUAL close,16774.10875,-0.007689,-0.768869,43975.057,-0.618554,-61.855402,0.020148,2.014788,-0.054519,-5.451927,true,true,
2022-12-22,10:00,15:00,1671721200000,50,BTC-23DEC22-18000-C,16663.5,8.33175,0.0005,Deribit option 1-minute OHLC close at 10:00 NY snapshot; option-denominated close converted to USD with snapshot BTC-PERPETUAL close,16655.16825,-0.007091,-0.709072,43975.057,-0.621259,-62.125875,0.019611,1.961116,-0.054519,-5.451927,true,true,
2022-12-23,10:00,15:00,1671807600000,51,BTC-30DEC22-18000-C,16798.5,41.99625,0.0025,Deribit option 1-minute OHLC close at 10:00 NY snapshot; option-denominated close converted to USD with snapshot BTC-PERPETUAL close,16756.50375,0.006084,0.608433,43975.057,-0.618954,-61.895436,0.019072,1.907205,-0.054519,-5.451927,true,true,
2022-12-24,10:00,15:00,1671894000000,51,BTC-30DEC22-18000-C,16831.5,25.24725,0.0015,Deribit option 1-minute OHLC close at 10:00 NY snapshot; option-denominated close converted to USD with snapshot BTC-PERPETUAL close,16806.25275,0.002969,0.296894,43975.057,-0.617823,-61.782306,0.018505,1.850533,-0.040875,-4.087518,true,true,
2022-12-25,10:00,15:00,1671980400000,51,BTC-30DEC22-18000-C,16818.5,25.22775,0.0015,Deribit option 1-minute OHLC close at 10:00 NY snapshot; option-denominated close converted to USD with snapshot BTC-PERPETUAL close,16793.27225,-0.000772,-0.077236,43975.057,-0.618118,-61.811824,0.017943,1.794258,-0.025537,-2.553668,true,true,
2022-12-26,10:00,15:00,1672066800000,51,BTC-30DEC22-18000-C,16826,25.239,0.0015,Deribit option 1-minute OHLC close at 10:00 NY snapshot; option-denominated close converted to USD with snapshot BTC-PERPETUAL close,16800.761,0.000446,0.044594,43975.057,-0.617948,-61.794794,0.017396,1.739632,-0.025537,-2.553668,true,true,
2022-12-27,10:00,15:00,1672153200000,51,BTC-30DEC22-18000-C,16754,16.754,0.001,Deribit option 1-minute OHLC close at 10:00 NY snapshot; option-denominated close converted to USD with snapshot BTC-PERPETUAL close,16737.246,-0.00378,-0.378048,43975.057,-0.619392,-61.939228,0.016892,1.689176,-0.022192,-2.219169,true,true,
2022-12-28,10:00,15:00,1672239600000,51,BTC-30DEC22-18000-C,16742.5,16.7425,0.001,Deribit option 1-minute OHLC close at 10:00 NY snapshot; option-denominated close converted to USD with snapshot BTC-PERPETUAL close,16725.7575,-0.000686,-0.06864,43975.057,-0.619654,-61.965353,0.016378,1.637803,-0.022192,-2.219169,true,true,
2022-12-29,10:00,15:00,1672326000000,51,BTC-30DEC22-18000-C,16624.5,8.31225,0.0005,Deribit option 1-minute OHLC close at 10:00 NY snapshot; option-denominated close converted to USD with snapshot BTC-PERPETUAL close,16616.18775,-0.006551,-0.655096,43975.057,-0.622145,-62.214517,0.01596,1.595996,-0.022192,-2.219169,true,true,
