date,symbol,fundingRateTimestamp,fundingRate
2020-03-25,BTCUSDT,1585152000000,0.0001
2020-03-26,BTCUSDT,1585180800000,0.0001
2020-03-26,BTCUSDT,1585209600000,0.0001
2020-03-26,BTCUSDT,1585238400000,0.0001
2020-03-27,BTCUSDT,1585267200000,0.0001
2020-03-27,BTCUSDT,1585296000000,0.0001
2020-03-27,BTCUSDT,1585324800000,0.0001
2020-03-28,BTCUSDT,1585353600000,0.0001
2020-03-28,BTCUSDT,1585382400000,0.0001
2020-03-28,BTCUSDT,1585411200000,0.0001
2020-03-29,BTCUSDT,1585440000000,0.0001
2020-03-29,BTCUSDT,1585468800000,0.0001
2020-03-29,BTCUSDT,1585497600000,0.0001
2020-03-30,BTCUSDT,1585526400000,0.0001
2020-03-30,BTCUSDT,1585555200000,0.0001
2020-03-30,BTCUSDT,1585584000000,0.0001
2020-03-31,BTCUSDT,1585612800000,0.0001
2020-03-31,BTCUSDT,1585641600000,0.0001
2020-03-31,BTCUSDT,1585670400000,0.0001
2020-04-01,BTCUSDT,1585699200000,0.0001
2020-04-01,BTCUSDT,1585728000000,0.0001
2020-04-01,BTCUSDT,1585756800000,-0.00024535
2020-04-02,BTCUSDT,1585785600000,-0.00065103
2020-04-02,BTCUSDT,1585814400000,-0.00076413
2020-04-02,BTCUSDT,1585843200000,-0.00063135
2020-04-03,BTCUSDT,1585872000000,-0.00196465
2020-04-03,BTCUSDT,1585900800000,-0.00375
2020-04-03,BTCUSDT,1585929600000,-0.00198009
2020-04-04,BTCUSDT,1585958400000,-0.0007468
2020-04-04,BTCUSDT,1585987200000,-0.00021154
2020-04-04,BTCUSDT,1586016000000,0.00009922
2020-04-05,BTCUSDT,1586044800000,0.0001
2020-04-05,BTCUSDT,1586073600000,0.0001
2020-04-05,BTCUSDT,1586102400000,0.0001
2020-04-06,BTCUSDT,1586131200000,0.0001
2020-04-06,BTCUSDT,1586160000000,0.0001
2020-04-06,BTCUSDT,1586188800000,0.0001
2020-04-07,BTCUSDT,1586217600000,0.00009599
2020-04-07,BTCUSDT,1586246400000,-0.0000704
2020-04-07,BTCUSDT,1586275200000,-0.00005965
2020-04-08,BTCUSDT,1586304000000,0.0001
2020-04-08,BTCUSDT,1586332800000,0.0000499
2020-04-08,BTCUSDT,1586361600000,0.0001
2020-04-09,BTCUSDT,1586390400000,0.0001
2020-04-09,BTCUSDT,1586419200000,0.0001
2020-04-09,BTCUSDT,1586448000000,0.00002541
2020-04-10,BTCUSDT,1586476800000,0.00006698
2020-04-10,BTCUSDT,1586505600000,0.00001027
2020-04-10,BTCUSDT,1586534400000,0.0001
2020-04-11,BTCUSDT,1586563200000,0.0001
2020-04-11,BTCUSDT,1586592000000,0.0001
2020-04-11,BTCUSDT,1586620800000,0.0001
2020-04-12,BTCUSDT,1586649600000,0.0001
2020-04-12,BTCUSDT,1586678400000,0.0001
2020-04-12,BTCUSDT,1586707200000,0.0001
2020-04-13,BTCUSDT,1586736000000,0.0001
2020-04-13,BTCUSDT,1586764800000,-0.00001518
2020-04-13,BTCUSDT,1586793600000,-0.00032819
2020-04-14,BTCUSDT,1586822400000,-0.00029311
2020-04-14,BTCUSDT,1586851200000,-0.00028219
2020-04-14,BTCUSDT,1586880000000,-0.00025537
2020-04-15,BTCUSDT,1586908800000,-0.00038444
2020-04-15,BTCUSDT,1586937600000,-0.0005306
2020-04-15,BTCUSDT,1586966400000,-0.00049003
2020-04-16,BTCUSDT,1586995200000,-0.00044288
2020-04-16,BTCUSDT,1587024000000,-0.00055451
2020-04-16,BTCUSDT,1587052800000,-0.00094907
2020-04-17,BTCUSDT,1587081600000,-0.00070903
2020-04-17,BTCUSDT,1587110400000,-0.00032802
2020-04-17,BTCUSDT,1587139200000,-0.00014941
2020-04-18,BTCUSDT,1587168000000,-0.00006622
2020-04-18,BTCUSDT,1587196800000,-0.0000905
2020-04-18,BTCUSDT,1587225600000,-0.00018915
2020-04-19,BTCUSDT,1587254400000,-0.00027777
2020-04-19,BTCUSDT,1587283200000,-0.00035332
2020-04-19,BTCUSDT,1587312000000,-0.00025846
2020-04-20,BTCUSDT,1587340800000,0.00000456
2020-04-20,BTCUSDT,1587369600000,-0.00001443
2020-04-20,BTCUSDT,1587398400000,-0.00000581
2020-04-21,BTCUSDT,1587427200000,0.0000359
2020-04-21,BTCUSDT,1587456000000,0.0000372
2020-04-21,BTCUSDT,1587484800000,0.00005573
2020-04-22,BTCUSDT,1587513600000,0.0001
2020-04-22,BTCUSDT,1587542400000,0.0001
2020-04-22,BTCUSDT,1587571200000,-0.00000838
2020-04-23,BTCUSDT,1587600000000,-0.00025968
2020-04-23,BTCUSDT,1587628800000,-0.00034008
2020-04-23,BTCUSDT,1587657600000,-0.00029437
2020-04-24,BTCUSDT,1587686400000,-0.00018968
2020-04-24,BTCUSDT,1587715200000,0.0001
2020-04-24,BTCUSDT,1587744000000,0.0001
2020-04-25,BTCUSDT,1587772800000,0.0001
2020-04-25,BTCUSDT,1587801600000,0.0001
2020-04-25,BTCUSDT,1587830400000,0.0001
2020-04-26,BTCUSDT,1587859200000,0.0001
2020-04-26,BTCUSDT,1587888000000,0.0001
2020-04-26,BTCUSDT,1587916800000,0.0001
2020-04-27,BTCUSDT,1587945600000,0.0001
2020-04-27,BTCUSDT,1587974400000,0.0001
2020-04-27,BTCUSDT,1588003200000,0.0001
2020-04-28,BTCUSDT,1588032000000,0.0001
2020-04-28,BTCUSDT,1588060800000,0.0001
2020-04-28,BTCUSDT,1588089600000,0.0001
2020-04-29,BTCUSDT,1588118400000,0.0001
2020-04-29,BTCUSDT,1588147200000,0.0001
2020-04-29,BTCUSDT,1588176000000,0.0001
2020-04-30,BTCUSDT,1588204800000,0.0001
2020-04-30,BTCUSDT,1588233600000,0.0001
2020-04-30,BTCUSDT,1588262400000,0.0001
2020-05-01,BTCUSDT,1588291200000,0.0001
2020-05-01,BTCUSDT,1588320000000,0.0001
2020-05-01,BTCUSDT,1588348800000,0.0001
2020-05-02,BTCUSDT,1588377600000,0.0001
2020-05-02,BTCUSDT,1588406400000,0.0001
2020-05-02,BTCUSDT,1588435200000,0.0001
2020-05-03,BTCUSDT,1588464000000,0.0001
2020-05-03,BTCUSDT,1588492800000,0.0001
2020-05-03,BTCUSDT,1588521600000,0.0001
2020-05-04,BTCUSDT,1588550400000,0.0001
2020-05-04,BTCUSDT,1588579200000,0.0001
2020-05-04,BTCUSDT,1588608000000,0.0001
2020-05-05,BTCUSDT,1588636800000,0.0001
2020-05-05,BTCUSDT,1588665600000,0.0001
2020-05-05,BTCUSDT,1588694400000,0.0001
2020-05-06,BTCUSDT,1588723200000,0.0001
2020-05-06,BTCUSDT,1588752000000,0.0001
2020-05-06,BTCUSDT,1588780800000,0.0001
2020-05-07,BTCUSDT,1588809600000,0.0001
2020-05-07,BTCUSDT,1588838400000,0.0001
2020-05-07,BTCUSDT,1588867200000,0.0001
2020-05-08,BTCUSDT,1588896000000,0.0001
2020-05-08,BTCUSDT,1588924800000,0.0001
2020-05-08,BTCUSDT,1588953600000,0.0001
2020-05-09,BTCUSDT,1588982400000,0.0001
2020-05-09,BTCUSDT,1589011200000,0.0001
2020-05-09,BTCUSDT,1589040000000,0.0001
2020-05-10,BTCUSDT,1589068800000,0.0001
2020-05-10,BTCUSDT,1589097600000,0.0001
2020-05-10,BTCUSDT,1589126400000,0.0001
2020-05-11,BTCUSDT,1589155200000,0.0001
2020-05-11,BTCUSDT,1589184000000,0.0001
2020-05-11,BTCUSDT,1589212800000,0.0001
2020-05-12,BTCUSDT,1589241600000,0.0001
2020-05-12,BTCUSDT,1589270400000,0.0001
2020-05-12,BTCUSDT,1589299200000,0.0001
2020-05-13,BTCUSDT,1589328000000,0.0001
2020-05-13,BTCUSDT,1589356800000,0.0001
2020-05-13,BTCUSDT,1589385600000,0.0001
2020-05-14,BTCUSDT,1589414400000,0.0001
2020-05-14,BTCUSDT,1589443200000,0.0001
2020-05-14,BTCUSDT,1589472000000,0.0001
2020-05-15,BTCUSDT,1589500800000,0.0001
2020-05-15,BTCUSDT,1589529600000,0.0001
2020-05-15,BTCUSDT,1589558400000,0.0001
2020-05-16,BTCUSDT,1589587200000,0.0001
2020-05-16,BTCUSDT,1589616000000,0.0001
2020-05-16,BTCUSDT,1589644800000,0.0001
2020-05-17,BTCUSDT,1589673600000,0.0001
2020-05-17,BTCUSDT,1589702400000,0.0001
2020-05-17,BTCUSDT,1589731200000,0.0001
2020-05-18,BTCUSDT,1589760000000,0.0001
2020-05-18,BTCUSDT,1589788800000,0.0001
2020-05-18,BTCUSDT,1589817600000,0.0001
2020-05-19,BTCUSDT,1589846400000,0.0001
2020-05-19,BTCUSDT,1589875200000,0.0001
2020-05-19,BTCUSDT,1589904000000,0.0001
2020-05-20,BTCUSDT,1589932800000,0.0001
2020-05-20,BTCUSDT,1589961600000,0.0001
2020-05-20,BTCUSDT,1589990400000,0.0001
2020-05-21,BTCUSDT,1590019200000,0.0001
2020-05-21,BTCUSDT,1590048000000,0.0001
2020-05-21,BTCUSDT,1590076800000,0.0001
2020-05-22,BTCUSDT,1590105600000,0.0001
2020-05-22,BTCUSDT,1590134400000,0.0001
2020-05-22,BTCUSDT,1590163200000,0.0001
2020-05-23,BTCUSDT,1590192000000,0.0001
2020-05-23,BTCUSDT,1590220800000,0.0001
2020-05-23,BTCUSDT,1590249600000,0.0001
2020-05-24,BTCUSDT,1590278400000,0.0001
2020-05-24,BTCUSDT,1590307200000,0.0001
2020-05-24,BTCUSDT,1590336000000,0.0001
2020-05-25,BTCUSDT,1590364800000,0.0001
2020-05-25,BTCUSDT,1590393600000,0.0001
2020-05-25,BTCUSDT,1590422400000,0.0001
2020-05-26,BTCUSDT,1590451200000,0.0001
2020-05-26,BTCUSDT,1590480000000,0.0001
2020-05-26,BTCUSDT,1590508800000,0.0001
2020-05-27,BTCUSDT,1590537600000,0.0001
2020-05-27,BTCUSDT,1590566400000,0.0001
2020-05-27,BTCUSDT,1590595200000,0.0001
2020-05-28,BTCUSDT,1590624000000,0.0001
2020-05-28,BTCUSDT,1590652800000,0.00008101
2020-05-28,BTCUSDT,1590681600000,0.0001
2020-05-29,BTCUSDT,1590710400000,0.00009316
2020-05-29,BTCUSDT,1590739200000,0.0001
2020-05-29,BTCUSDT,1590768000000,0.0001
2020-05-30,BTCUSDT,1590796800000,0.0001
2020-05-30,BTCUSDT,1590825600000,0.0001
2020-05-30,BTCUSDT,1590854400000,0.0001
2020-05-31,BTCUSDT,1590883200000,0.0001
2020-05-31,BTCUSDT,1590912000000,0.0001
2020-05-31,BTCUSDT,1590940800000,0.0001
2020-06-01,BTCUSDT,1590969600000,0.0001
2020-06-01,BTCUSDT,1590998400000,0.0001
2020-06-01,BTCUSDT,1591027200000,0.00003059
2020-06-02,BTCUSDT,1591056000000,0.0001
2020-06-02,BTCUSDT,1591084800000,0.0001
2020-06-02,BTCUSDT,1591113600000,0.0001
2020-06-03,BTCUSDT,1591142400000,0.0001
2020-06-03,BTCUSDT,1591171200000,0.0001
2020-06-03,BTCUSDT,1591200000000,0.0001
2020-06-04,BTCUSDT,1591228800000,0.0001
2020-06-04,BTCUSDT,1591257600000,0.0001
2020-06-04,BTCUSDT,1591286400000,0.0001
2020-06-05,BTCUSDT,1591315200000,0.0001
2020-06-05,BTCUSDT,1591344000000,0.0001
2020-06-05,BTCUSDT,1591372800000,0.0001
2020-06-06,BTCUSDT,1591401600000,0.0001
2020-06-06,BTCUSDT,1591430400000,0.0001
2020-06-06,BTCUSDT,1591459200000,0.0001
2020-06-07,BTCUSDT,1591488000000,0.0001
2020-06-07,BTCUSDT,1591516800000,0.0001
2020-06-07,BTCUSDT,1591545600000,0.0001
2020-06-08,BTCUSDT,1591574400000,0.0001
2020-06-08,BTCUSDT,1591603200000,0.0001
2020-06-08,BTCUSDT,1591632000000,0.0001
2020-06-09,BTCUSDT,1591660800000,0.0001
2020-06-09,BTCUSDT,1591689600000,0.0001
2020-06-09,BTCUSDT,1591718400000,0.0001
2020-06-10,BTCUSDT,1591747200000,0.0001
2020-06-10,BTCUSDT,1591776000000,0.0001
2020-06-10,BTCUSDT,1591804800000,0.0001
2020-06-11,BTCUSDT,1591833600000,0.0001
2020-06-11,BTCUSDT,1591862400000,0.0001
2020-06-11,BTCUSDT,1591891200000,0.0001
2020-06-12,BTCUSDT,1591920000000,0.0001
2020-06-12,BTCUSDT,1591948800000,0.0001
2020-06-12,BTCUSDT,1591977600000,0.0001
2020-06-13,BTCUSDT,1592006400000,0.0001
2020-06-13,BTCUSDT,1592035200000,0.0001
2020-06-13,BTCUSDT,1592064000000,0.0001
2020-06-14,BTCUSDT,1592092800000,0.0001
2020-06-14,BTCUSDT,1592121600000,0.0001
2020-06-14,BTCUSDT,1592150400000,0.0001
2020-06-15,BTCUSDT,1592179200000,0.0001
2020-06-15,BTCUSDT,1592208000000,0.0001
2020-06-15,BTCUSDT,1592236800000,0.0001
2020-06-16,BTCUSDT,1592265600000,0.0001
2020-06-16,BTCUSDT,1592294400000,0.00009598
2020-06-16,BTCUSDT,1592323200000,0.0001
2020-06-17,BTCUSDT,1592352000000,0.0001
2020-06-17,BTCUSDT,1592380800000,0.0001
2020-06-17,BTCUSDT,1592409600000,0.0001
2020-06-18,BTCUSDT,1592438400000,0.0001
2020-06-18,BTCUSDT,1592467200000,0.0001
2020-06-18,BTCUSDT,1592496000000,0.0001
2020-06-19,BTCUSDT,1592524800000,0.0001
2020-06-19,BTCUSDT,1592553600000,0.0001
2020-06-19,BTCUSDT,1592582400000,0.0001
2020-06-20,BTCUSDT,1592611200000,0.0001
2020-06-20,BTCUSDT,1592640000000,0.0001
2020-06-20,BTCUSDT,1592668800000,0.0001
2020-06-21,BTCUSDT,1592697600000,0.0001
2020-06-21,BTCUSDT,1592726400000,0.0001
2020-06-21,BTCUSDT,1592755200000,0.0001
2020-06-22,BTCUSDT,1592784000000,0.0001
2020-06-22,BTCUSDT,1592812800000,0.0001
2020-06-22,BTCUSDT,1592841600000,0.0001
2020-06-23,BTCUSDT,1592870400000,0.0001
2020-06-23,BTCUSDT,1592899200000,0.0001
2020-06-23,BTCUSDT,1592928000000,0.0001
2020-06-24,BTCUSDT,1592956800000,0.0001
2020-06-24,BTCUSDT,1592985600000,0.0001
2020-06-24,BTCUSDT,1593014400000,0.0001
2020-06-25,BTCUSDT,1593043200000,0.0001
2020-06-25,BTCUSDT,1593072000000,0.0001
2020-06-25,BTCUSDT,1593100800000,0.0001
2020-06-26,BTCUSDT,1593129600000,0.0001
2020-06-26,BTCUSDT,1593158400000,0.0001
2020-06-26,BTCUSDT,1593187200000,0.0001
2020-06-27,BTCUSDT,1593216000000,0.0001
2020-06-27,BTCUSDT,1593244800000,0.0001
2020-06-27,BTCUSDT,1593273600000,0.0001
2020-06-28,BTCUSDT,1593302400000,0.0001
2020-06-28,BTCUSDT,1593331200000,0.0001
2020-06-28,BTCUSDT,1593360000000,0.0001
2020-06-29,BTCUSDT,1593388800000,0.0001
2020-06-29,BTCUSDT,1593417600000,0.0001
2020-06-29,BTCUSDT,1593446400000,0.0001
2020-06-30,BTCUSDT,1593475200000,0.0001
2020-06-30,BTCUSDT,1593504000000,0.0001
2020-06-30,BTCUSDT,1593532800000,0.0001
2020-07-01,BTCUSDT,1593561600000,0.0001
2020-07-01,BTCUSDT,1593590400000,0.0001
2020-07-01,BTCUSDT,1593619200000,0.0001
2020-07-02,BTCUSDT,1593648000000,0.0001
2020-07-02,BTCUSDT,1593676800000,0.0001
2020-07-02,BTCUSDT,1593705600000,0.0001
2020-07-03,BTCUSDT,1593734400000,0.0001
2020-07-03,BTCUSDT,1593763200000,0.0001
2020-07-03,BTCUSDT,1593792000000,0.0001
2020-07-04,BTCUSDT,1593820800000,0.0001
2020-07-04,BTCUSDT,1593849600000,0.0001
2020-07-04,BTCUSDT,1593878400000,0.0001
2020-07-05,BTCUSDT,1593907200000,0.0001
2020-07-05,BTCUSDT,1593936000000,0.0001
2020-07-05,BTCUSDT,1593964800000,0.0001
2020-07-06,BTCUSDT,1593993600000,0.0001
2020-07-06,BTCUSDT,1594022400000,0.0001
2020-07-06,BTCUSDT,1594051200000,0.0001
2020-07-07,BTCUSDT,1594080000000,0.0001
2020-07-07,BTCUSDT,1594108800000,0.0001
2020-07-07,BTCUSDT,1594137600000,0.0001
2020-07-08,BTCUSDT,1594166400000,0.0001
2020-07-08,BTCUSDT,1594195200000,0.0001
2020-07-08,BTCUSDT,1594224000000,0.0001
2020-07-09,BTCUSDT,1594252800000,0.0001
2020-07-09,BTCUSDT,1594281600000,0.0001
2020-07-09,BTCUSDT,1594310400000,0.0001
2020-07-10,BTCUSDT,1594339200000,0.0001
2020-07-10,BTCUSDT,1594368000000,0.0001
2020-07-10,BTCUSDT,1594396800000,0.0001
2020-07-11,BTCUSDT,1594425600000,0.0001
2020-07-11,BTCUSDT,1594454400000,0.0001
2020-07-11,BTCUSDT,1594483200000,0.00002124
2020-07-12,BTCUSDT,1594512000000,0.0001
2020-07-12,BTCUSDT,1594540800000,0.0001
2020-07-12,BTCUSDT,1594569600000,0.0001
2020-07-13,BTCUSDT,1594598400000,0.0001
2020-07-13,BTCUSDT,1594627200000,0.0001
2020-07-13,BTCUSDT,1594656000000,0.0001
2020-07-14,BTCUSDT,1594684800000,0.0001
2020-07-14,BTCUSDT,1594713600000,0.0001
2020-07-14,BTCUSDT,1594742400000,0.0001
2020-07-15,BTCUSDT,1594771200000,0.0001
2020-07-15,BTCUSDT,1594800000000,0.0001
2020-07-15,BTCUSDT,1594828800000,0.0001
2020-07-16,BTCUSDT,1594857600000,0.00009621
2020-07-16,BTCUSDT,1594886400000,0.0001
2020-07-16,BTCUSDT,1594915200000,0.0001
2020-07-17,BTCUSDT,1594944000000,0.0001
2020-07-17,BTCUSDT,1594972800000,0.0001
2020-07-17,BTCUSDT,1595001600000,0.0001
2020-07-18,BTCUSDT,1595030400000,0.0001
2020-07-18,BTCUSDT,1595059200000,0.00005543
2020-07-18,BTCUSDT,1595088000000,0.0001
2020-07-19,BTCUSDT,1595116800000,0.0001
2020-07-19,BTCUSDT,1595145600000,0.0001
2020-07-19,BTCUSDT,1595174400000,0.0001
2020-07-20,BTCUSDT,1595203200000,0.0001
2020-07-20,BTCUSDT,1595232000000,0.0001
2020-07-20,BTCUSDT,1595260800000,0.0001
2020-07-21,BTCUSDT,1595289600000,0.0001
2020-07-21,BTCUSDT,1595318400000,0.0001
2020-07-21,BTCUSDT,1595347200000,0.00007691
2020-07-22,BTCUSDT,1595376000000,0.0001
2020-07-22,BTCUSDT,1595404800000,-0.00020699
2020-07-22,BTCUSDT,1595433600000,-0.00018507
2020-07-23,BTCUSDT,1595462400000,0.0001
2020-07-23,BTCUSDT,1595491200000,0.00008454
2020-07-23,BTCUSDT,1595520000000,0.00009443
2020-07-24,BTCUSDT,1595548800000,-0.00006765
2020-07-24,BTCUSDT,1595577600000,0.0000492
2020-07-24,BTCUSDT,1595606400000,0.0001
2020-07-25,BTCUSDT,1595635200000,0.0001
2020-07-25,BTCUSDT,1595664000000,0.0001
2020-07-25,BTCUSDT,1595692800000,0.0001
2020-07-26,BTCUSDT,1595721600000,0.00007786
2020-07-26,BTCUSDT,1595750400000,-0.00015259
2020-07-26,BTCUSDT,1595779200000,-0.00013979
2020-07-27,BTCUSDT,1595808000000,0.0001
2020-07-27,BTCUSDT,1595836800000,0.0001
2020-07-27,BTCUSDT,1595865600000,0.0001
2020-07-28,BTCUSDT,1595894400000,0.0001
2020-07-28,BTCUSDT,1595923200000,0.0001
2020-07-28,BTCUSDT,1595952000000,0.0001
2020-07-29,BTCUSDT,1595980800000,0.0001
2020-07-29,BTCUSDT,1596009600000,0.0001
2020-07-29,BTCUSDT,1596038400000,0.0001
2020-07-30,BTCUSDT,1596067200000,0.0001
2020-07-30,BTCUSDT,1596096000000,0.0001
2020-07-30,BTCUSDT,1596124800000,0.0001
2020-07-31,BTCUSDT,1596153600000,0.0001
2020-07-31,BTCUSDT,1596182400000,0.0001
2020-07-31,BTCUSDT,1596211200000,0.0001
2020-08-01,BTCUSDT,1596240000000,0.0001
2020-08-01,BTCUSDT,1596268800000,0.0001
2020-08-01,BTCUSDT,1596297600000,0.0001
2020-08-02,BTCUSDT,1596326400000,0.0001
2020-08-02,BTCUSDT,1596355200000,0.0001
2020-08-02,BTCUSDT,1596384000000,0.0001
2020-08-03,BTCUSDT,1596412800000,0.0001
2020-08-03,BTCUSDT,1596441600000,0.0001
2020-08-03,BTCUSDT,1596470400000,0.0001
2020-08-04,BTCUSDT,1596499200000,0.0001
2020-08-04,BTCUSDT,1596528000000,0.0001
2020-08-04,BTCUSDT,1596556800000,0.0001
2020-08-05,BTCUSDT,1596585600000,0.0001
2020-08-05,BTCUSDT,1596614400000,0.0001
2020-08-05,BTCUSDT,1596643200000,0.0001
2020-08-06,BTCUSDT,1596672000000,0.0001
2020-08-06,BTCUSDT,1596700800000,0.0001
2020-08-06,BTCUSDT,1596729600000,0.0001
2020-08-07,BTCUSDT,1596758400000,0.0001
2020-08-07,BTCUSDT,1596787200000,0.0001
2020-08-07,BTCUSDT,1596816000000,0.0001
2020-08-08,BTCUSDT,1596844800000,0.0001
2020-08-08,BTCUSDT,1596873600000,0.0001
2020-08-08,BTCUSDT,1596902400000,0.0001
2020-08-09,BTCUSDT,1596931200000,0.0001
2020-08-09,BTCUSDT,1596960000000,0.0001
2020-08-09,BTCUSDT,1596988800000,0.0001
2020-08-10,BTCUSDT,1597017600000,0.0001
2020-08-10,BTCUSDT,1597046400000,0.0001
2020-08-10,BTCUSDT,1597075200000,0.00027192
2020-08-11,BTCUSDT,1597104000000,0.0001
2020-08-11,BTCUSDT,1597132800000,0.0001
2020-08-11,BTCUSDT,1597161600000,0.0001
2020-08-12,BTCUSDT,1597190400000,0.00029662
2020-08-12,BTCUSDT,1597219200000,0.00021628
2020-08-12,BTCUSDT,1597248000000,0.0001
2020-08-13,BTCUSDT,1597276800000,0.0001
2020-08-13,BTCUSDT,1597305600000,0.0001
2020-08-13,BTCUSDT,1597334400000,0.0001
2020-08-14,BTCUSDT,1597363200000,0.0001
2020-08-14,BTCUSDT,1597392000000,0.0001599
2020-08-14,BTCUSDT,1597420800000,0.00044653
2020-08-15,BTCUSDT,1597449600000,0.00069388
2020-08-15,BTCUSDT,1597478400000,0.00051114
2020-08-15,BTCUSDT,1597507200000,0.0005648
2020-08-16,BTCUSDT,1597536000000,0.0007076
2020-08-16,BTCUSDT,1597564800000,0.00049832
2020-08-16,BTCUSDT,1597593600000,0.00044021
2020-08-17,BTCUSDT,1597622400000,0.00071684
2020-08-17,BTCUSDT,1597651200000,0.00047435
2020-08-17,BTCUSDT,1597680000000,0.00089891
2020-08-18,BTCUSDT,1597708800000,0.00100541
2020-08-18,BTCUSDT,1597737600000,0.00212467
2020-08-18,BTCUSDT,1597766400000,0.00192023
2020-08-19,BTCUSDT,1597795200000,0.00192101
2020-08-19,BTCUSDT,1597824000000,0.00123749
2020-08-19,BTCUSDT,1597852800000,0.00102092
2020-08-20,BTCUSDT,1597881600000,0.00059939
2020-08-20,BTCUSDT,1597910400000,0.00019461
2020-08-20,BTCUSDT,1597939200000,0.0001
2020-08-21,BTCUSDT,1597968000000,0.00024206
2020-08-21,BTCUSDT,1597996800000,0.0001
2020-08-21,BTCUSDT,1598025600000,0.0001
2020-08-22,BTCUSDT,1598054400000,0.0001
2020-08-22,BTCUSDT,1598083200000,0.00013358
2020-08-22,BTCUSDT,1598112000000,0.00013721
2020-08-23,BTCUSDT,1598140800000,0.0001
2020-08-23,BTCUSDT,1598169600000,0.0001
2020-08-23,BTCUSDT,1598198400000,0.0001
2020-08-24,BTCUSDT,1598227200000,0.0001
2020-08-24,BTCUSDT,1598256000000,0.0001
2020-08-24,BTCUSDT,1598284800000,0.0001
2020-08-25,BTCUSDT,1598313600000,0.0001
2020-08-25,BTCUSDT,1598342400000,0.00010167
2020-08-25,BTCUSDT,1598371200000,0.0001
2020-08-26,BTCUSDT,1598400000000,0.00053705
2020-08-26,BTCUSDT,1598428800000,0.00056153
2020-08-26,BTCUSDT,1598457600000,0.0001
2020-08-27,BTCUSDT,1598486400000,0.0001
2020-08-27,BTCUSDT,1598515200000,0.0001
2020-08-27,BTCUSDT,1598544000000,0.0001
2020-08-28,BTCUSDT,1598572800000,0.00010457
2020-08-28,BTCUSDT,1598601600000,0.0001
2020-08-28,BTCUSDT,1598630400000,0.0001
2020-08-29,BTCUSDT,1598659200000,0.0001
2020-08-29,BTCUSDT,1598688000000,0.0001
2020-08-29,BTCUSDT,1598716800000,0.0001
2020-08-30,BTCUSDT,1598745600000,0.0001
2020-08-30,BTCUSDT,1598774400000,0.0001
2020-08-30,BTCUSDT,1598803200000,0.0001
2020-08-31,BTCUSDT,1598832000000,0.0001
2020-08-31,BTCUSDT,1598860800000,0.0001
2020-08-31,BTCUSDT,1598889600000,0.0001
2020-09-01,BTCUSDT,1598918400000,0.00013918
2020-09-01,BTCUSDT,1598947200000,0.0001683
2020-09-01,BTCUSDT,1598976000000,0.0001095
2020-09-02,BTCUSDT,1599004800000,0.00073262
2020-09-02,BTCUSDT,1599033600000,0.00077836
2020-09-02,BTCUSDT,1599062400000,0.0003955
2020-09-03,BTCUSDT,1599091200000,0.00083047
2020-09-03,BTCUSDT,1599120000000,0.00067198
2020-09-03,BTCUSDT,1599148800000,0.0001
2020-09-04,BTCUSDT,1599177600000,0.00036114
2020-09-04,BTCUSDT,1599206400000,0.00024456
2020-09-04,BTCUSDT,1599235200000,0.0001
2020-09-05,BTCUSDT,1599264000000,0.0001
2020-09-05,BTCUSDT,1599292800000,0.0001
2020-09-05,BTCUSDT,1599321600000,0.0001
2020-09-06,BTCUSDT,1599350400000,0.0001
2020-09-06,BTCUSDT,1599379200000,0.0001
2020-09-06,BTCUSDT,1599408000000,0.0001
2020-09-07,BTCUSDT,1599436800000,0.0001
2020-09-07,BTCUSDT,1599465600000,0.0001
2020-09-07,BTCUSDT,1599494400000,0.0001
2020-09-08,BTCUSDT,1599523200000,0.0001
2020-09-08,BTCUSDT,1599552000000,0.0001
2020-09-08,BTCUSDT,1599580800000,0.0001
2020-09-09,BTCUSDT,1599609600000,0.0001
2020-09-09,BTCUSDT,1599638400000,0.0001
2020-09-09,BTCUSDT,1599667200000,0.0001
2020-09-10,BTCUSDT,1599696000000,0.0001
2020-09-10,BTCUSDT,1599724800000,0.0001
2020-09-10,BTCUSDT,1599753600000,0.0001
2020-09-11,BTCUSDT,1599782400000,0.0001
2020-09-11,BTCUSDT,1599811200000,0.0001
2020-09-11,BTCUSDT,1599840000000,0.0001
2020-09-12,BTCUSDT,1599868800000,0.0001
2020-09-12,BTCUSDT,1599897600000,0.0001
2020-09-12,BTCUSDT,1599926400000,0.0001
2020-09-13,BTCUSDT,1599955200000,0.0001
2020-09-13,BTCUSDT,1599984000000,0.0001
2020-09-13,BTCUSDT,1600012800000,0.0001
2020-09-14,BTCUSDT,1600041600000,0.0001
2020-09-14,BTCUSDT,1600070400000,0.0001
2020-09-14,BTCUSDT,1600099200000,0.00007039
2020-09-15,BTCUSDT,1600128000000,0.0001
2020-09-15,BTCUSDT,1600156800000,-0.00005709
2020-09-15,BTCUSDT,1600185600000,-0.0001474
2020-09-16,BTCUSDT,1600214400000,-0.00000849
2020-09-16,BTCUSDT,1600243200000,-0.00003895
2020-09-16,BTCUSDT,1600272000000,-0.00001319
2020-09-17,BTCUSDT,1600300800000,0.0000135
2020-09-17,BTCUSDT,1600329600000,0.00001562
2020-09-17,BTCUSDT,1600358400000,0.0001
2020-09-18,BTCUSDT,1600387200000,0.0001
2020-09-18,BTCUSDT,1600416000000,0.0000246
2020-09-18,BTCUSDT,1600444800000,-0.0000482
2020-09-19,BTCUSDT,1600473600000,0.00007219
2020-09-19,BTCUSDT,1600502400000,-0.00004373
2020-09-19,BTCUSDT,1600531200000,-0.00014331
2020-09-20,BTCUSDT,1600560000000,-0.00013724
2020-09-20,BTCUSDT,1600588800000,-0.00003403
2020-09-20,BTCUSDT,1600617600000,0.0000469
2020-09-21,BTCUSDT,1600646400000,0.00005554
2020-09-21,BTCUSDT,1600675200000,-0.00016789
2020-09-21,BTCUSDT,1600704000000,-0.00014876
2020-09-22,BTCUSDT,1600732800000,0.0001
2020-09-22,BTCUSDT,1600761600000,0.0001
2020-09-22,BTCUSDT,1600790400000,0.0001
2020-09-23,BTCUSDT,1600819200000,0.0001
2020-09-23,BTCUSDT,1600848000000,0.0001
2020-09-23,BTCUSDT,1600876800000,0.0001
2020-09-24,BTCUSDT,1600905600000,0.0001
2020-09-24,BTCUSDT,1600934400000,0.0001
2020-09-24,BTCUSDT,1600963200000,0.00005528
2020-09-25,BTCUSDT,1600992000000,-3.3e-7
2020-09-25,BTCUSDT,1601020800000,-0.0001332
2020-09-25,BTCUSDT,1601049600000,-0.00015124
2020-09-26,BTCUSDT,1601078400000,0.0001
2020-09-26,BTCUSDT,1601107200000,0.0001
2020-09-26,BTCUSDT,1601136000000,0.0001
2020-09-27,BTCUSDT,1601164800000,0.0001
2020-09-27,BTCUSDT,1601193600000,0.0001
2020-09-27,BTCUSDT,1601222400000,0.0001
2020-09-28,BTCUSDT,1601251200000,0.0001
2020-09-28,BTCUSDT,1601280000000,0.0001
2020-09-28,BTCUSDT,1601308800000,0.0001
2020-09-29,BTCUSDT,1601337600000,0.0001
2020-09-29,BTCUSDT,1601366400000,0.0001
2020-09-29,BTCUSDT,1601395200000,0.0001
2020-09-30,BTCUSDT,1601424000000,0.0001
2020-09-30,BTCUSDT,1601452800000,0.0001
2020-09-30,BTCUSDT,1601481600000,0.0001
2020-10-01,BTCUSDT,1601510400000,0.0001
2020-10-01,BTCUSDT,1601539200000,0.0001
2020-10-01,BTCUSDT,1601568000000,-0.00022508
2020-10-02,BTCUSDT,1601596800000,-0.00093048
2020-10-02,BTCUSDT,1601625600000,-0.00014436
2020-10-02,BTCUSDT,1601654400000,0.0001
2020-10-03,BTCUSDT,1601683200000,0.00016047
2020-10-03,BTCUSDT,1601712000000,0.0001
2020-10-03,BTCUSDT,1601740800000,0.0001
2020-10-04,BTCUSDT,1601769600000,0.0001
2020-10-04,BTCUSDT,1601798400000,0.0001
2020-10-04,BTCUSDT,1601827200000,0.0001
2020-10-05,BTCUSDT,1601856000000,0.0001
2020-10-05,BTCUSDT,1601884800000,0.00007768
2020-10-05,BTCUSDT,1601913600000,-0.00009231
2020-10-06,BTCUSDT,1601942400000,-0.00058384
2020-10-06,BTCUSDT,1601971200000,-0.00088413
2020-10-06,BTCUSDT,1602000000000,-0.00082916
2020-10-07,BTCUSDT,1602028800000,-0.00034888
2020-10-07,BTCUSDT,1602057600000,0.00003235
2020-10-07,BTCUSDT,1602086400000,0.0001
2020-10-08,BTCUSDT,1602115200000,0.0001
2020-10-08,BTCUSDT,1602144000000,0.00004188
2020-10-08,BTCUSDT,1602172800000,0.0001
2020-10-09,BTCUSDT,1602201600000,0.0001
2020-10-09,BTCUSDT,1602230400000,-0.00033904
2020-10-09,BTCUSDT,1602259200000,-0.00050421
2020-10-10,BTCUSDT,1602288000000,-0.00043282
2020-10-10,BTCUSDT,1602316800000,-0.0001116
2020-10-10,BTCUSDT,1602345600000,0.0001
2020-10-11,BTCUSDT,1602374400000,0.0001
2020-10-11,BTCUSDT,1602403200000,0.0001
2020-10-11,BTCUSDT,1602432000000,0.0001
2020-10-12,BTCUSDT,1602460800000,0.0001
2020-10-12,BTCUSDT,1602489600000,0.0001
2020-10-12,BTCUSDT,1602518400000,0.0001
2020-10-13,BTCUSDT,1602547200000,0.0002219
2020-10-13,BTCUSDT,1602576000000,0.00013708
2020-10-13,BTCUSDT,1602604800000,0.00026756
2020-10-14,BTCUSDT,1602633600000,0.00026442
2020-10-14,BTCUSDT,1602662400000,0.00026846
2020-10-14,BTCUSDT,1602691200000,0.0001024
2020-10-15,BTCUSDT,1602720000000,0.0001
2020-10-15,BTCUSDT,1602748800000,0.0001
2020-10-15,BTCUSDT,1602777600000,0.0001
2020-10-16,BTCUSDT,1602806400000,0.0001
2020-10-16,BTCUSDT,1602835200000,0.0001
2020-10-16,BTCUSDT,1602864000000,0.0001
2020-10-17,BTCUSDT,1602892800000,0.00015943
2020-10-17,BTCUSDT,1602921600000,0.0001
2020-10-17,BTCUSDT,1602950400000,0.0001
2020-10-18,BTCUSDT,1602979200000,0.0001
2020-10-18,BTCUSDT,1603008000000,0.0001
2020-10-18,BTCUSDT,1603036800000,0.0001
2020-10-19,BTCUSDT,1603065600000,0.00008694
2020-10-19,BTCUSDT,1603094400000,-0.00010383
2020-10-19,BTCUSDT,1603123200000,-0.00010762
2020-10-20,BTCUSDT,1603152000000,-0.00026851
2020-10-20,BTCUSDT,1603180800000,-0.00018715
2020-10-20,BTCUSDT,1603209600000,-0.00028066
2020-10-21,BTCUSDT,1603238400000,-0.00042457
2020-10-21,BTCUSDT,1603267200000,-0.00017006
2020-10-21,BTCUSDT,1603296000000,-0.00035301
2020-10-22,BTCUSDT,1603324800000,0.0001
2020-10-22,BTCUSDT,1603353600000,0.00047404
2020-10-22,BTCUSDT,1603382400000,0.00109599
2020-10-23,BTCUSDT,1603411200000,0.00091297
2020-10-23,BTCUSDT,1603440000000,0.00102617
2020-10-23,BTCUSDT,1603468800000,0.00127125
2020-10-24,BTCUSDT,1603497600000,0.00131645
2020-10-24,BTCUSDT,1603526400000,0.00093355
2020-10-24,BTCUSDT,1603555200000,0.00064027
2020-10-25,BTCUSDT,1603584000000,0.00045744
2020-10-25,BTCUSDT,1603612800000,0.00018407
2020-10-25,BTCUSDT,1603641600000,0.00013399
2020-10-26,BTCUSDT,1603670400000,0.00029351
2020-10-26,BTCUSDT,1603699200000,0.0001
2020-10-26,BTCUSDT,1603728000000,0.0001
2020-10-27,BTCUSDT,1603756800000,0.00028336
2020-10-27,BTCUSDT,1603785600000,0.0001
2020-10-27,BTCUSDT,1603814400000,0.0001
2020-10-28,BTCUSDT,1603843200000,0.0001
2020-10-28,BTCUSDT,1603872000000,0.0001
2020-10-28,BTCUSDT,1603900800000,0.00020302
2020-10-29,BTCUSDT,1603929600000,0.0001
2020-10-29,BTCUSDT,1603958400000,0.0001
2020-10-29,BTCUSDT,1603987200000,0.0001
2020-10-30,BTCUSDT,1604016000000,0.0001
2020-10-30,BTCUSDT,1604044800000,0.0001
2020-10-30,BTCUSDT,1604073600000,0.0001
2020-10-31,BTCUSDT,1604102400000,0.0001
2020-10-31,BTCUSDT,1604131200000,0.0001
2020-10-31,BTCUSDT,1604160000000,0.0001
2020-11-01,BTCUSDT,1604188800000,0.0001
2020-11-01,BTCUSDT,1604217600000,0.0001
2020-11-01,BTCUSDT,1604246400000,0.0001
2020-11-02,BTCUSDT,1604275200000,0.0001
2020-11-02,BTCUSDT,1604304000000,0.0001
2020-11-02,BTCUSDT,1604332800000,0.0001
2020-11-03,BTCUSDT,1604361600000,0.00035507
2020-11-03,BTCUSDT,1604390400000,0.00012436
2020-11-03,BTCUSDT,1604419200000,0.0001
2020-11-04,BTCUSDT,1604448000000,0.0001
2020-11-04,BTCUSDT,1604476800000,0.0001
2020-11-04,BTCUSDT,1604505600000,0.0001
2020-11-05,BTCUSDT,1604534400000,0.0001
2020-11-05,BTCUSDT,1604563200000,0.0001
2020-11-05,BTCUSDT,1604592000000,0.0001
2020-11-06,BTCUSDT,1604620800000,0.00058679
2020-11-06,BTCUSDT,1604649600000,0.00059719
2020-11-06,BTCUSDT,1604678400000,0.00100127
2020-11-07,BTCUSDT,1604707200000,0.00138461
2020-11-07,BTCUSDT,1604736000000,0.00115978
2020-11-07,BTCUSDT,1604764800000,0.00108949
2020-11-08,BTCUSDT,1604793600000,0.00067098
2020-11-08,BTCUSDT,1604822400000,0.00018067
2020-11-08,BTCUSDT,1604851200000,0.000448
2020-11-09,BTCUSDT,1604880000000,0.00019638
2020-11-09,BTCUSDT,1604908800000,0.0001
2020-11-09,BTCUSDT,1604937600000,0.0001
2020-11-10,BTCUSDT,1604966400000,0.00027116
2020-11-10,BTCUSDT,1604995200000,0.0001
2020-11-10,BTCUSDT,1605024000000,0.00011625
2020-11-11,BTCUSDT,1605052800000,0.00045395
2020-11-11,BTCUSDT,1605081600000,0.00038018
2020-11-11,BTCUSDT,1605110400000,0.00038524
2020-11-12,BTCUSDT,1605139200000,0.00064728
2020-11-12,BTCUSDT,1605168000000,0.00071205
2020-11-12,BTCUSDT,1605196800000,0.00033563
2020-11-13,BTCUSDT,1605225600000,0.00022457
2020-11-13,BTCUSDT,1605254400000,0.0001
2020-11-13,BTCUSDT,1605283200000,0.0001
2020-11-14,BTCUSDT,1605312000000,0.00036852
2020-11-14,BTCUSDT,1605340800000,0.00034577
2020-11-14,BTCUSDT,1605369600000,0.00051889
2020-11-15,BTCUSDT,1605398400000,0.0001
2020-11-15,BTCUSDT,1605427200000,0.0001
2020-11-15,BTCUSDT,1605456000000,0.0001
2020-11-16,BTCUSDT,1605484800000,0.00010539
2020-11-16,BTCUSDT,1605513600000,0.0001
2020-11-16,BTCUSDT,1605542400000,0.00030183
2020-11-17,BTCUSDT,1605571200000,0.0001
2020-11-17,BTCUSDT,1605600000000,0.0001
2020-11-17,BTCUSDT,1605628800000,0.00042426
2020-11-18,BTCUSDT,1605657600000,0.0003622
2020-11-18,BTCUSDT,1605686400000,0.00111596
2020-11-18,BTCUSDT,1605715200000,0.00176313
2020-11-19,BTCUSDT,1605744000000,0.00210333
2020-11-19,BTCUSDT,1605772800000,0.00255407
2020-11-19,BTCUSDT,1605801600000,0.00268535
2020-11-20,BTCUSDT,1605830400000,0.00188435
2020-11-20,BTCUSDT,1605859200000,0.00190613
2020-11-20,BTCUSDT,1605888000000,0.00144492
2020-11-21,BTCUSDT,1605916800000,0.00197875
2020-11-21,BTCUSDT,1605945600000,0.00176957
2020-11-21,BTCUSDT,1605974400000,0.00178236
2020-11-22,BTCUSDT,1606003200000,0.00192912
2020-11-22,BTCUSDT,1606032000000,0.00262739
2020-11-22,BTCUSDT,1606060800000,0.00282927
2020-11-23,BTCUSDT,1606089600000,0.0024164
2020-11-23,BTCUSDT,1606118400000,0.00222938
2020-11-23,BTCUSDT,1606147200000,0.00232583
2020-11-24,BTCUSDT,1606176000000,0.0027572
2020-11-24,BTCUSDT,1606204800000,0.0019319
2020-11-24,BTCUSDT,1606233600000,0.00129769
2020-11-25,BTCUSDT,1606262400000,0.0001
2020-11-25,BTCUSDT,1606291200000,0.0001
2020-11-25,BTCUSDT,1606320000000,0.00045913
2020-11-26,BTCUSDT,1606348800000,0.00055854
2020-11-26,BTCUSDT,1606377600000,0.00022801
2020-11-26,BTCUSDT,1606406400000,0.00022962
2020-11-27,BTCUSDT,1606435200000,0.00022486
2020-11-27,BTCUSDT,1606464000000,0.0001
2020-11-27,BTCUSDT,1606492800000,0.0001
2020-11-28,BTCUSDT,1606521600000,0.0001
2020-11-28,BTCUSDT,1606550400000,0.0001
2020-11-28,BTCUSDT,1606579200000,0.0001
2020-11-29,BTCUSDT,1606608000000,0.0001
2020-11-29,BTCUSDT,1606636800000,0.0001
2020-11-29,BTCUSDT,1606665600000,0.0001
2020-11-30,BTCUSDT,1606694400000,0.0001
2020-11-30,BTCUSDT,1606723200000,0.0001
2020-11-30,BTCUSDT,1606752000000,-0.00013278
2020-12-01,BTCUSDT,1606780800000,0.0001
2020-12-01,BTCUSDT,1606809600000,0.00040728
2020-12-01,BTCUSDT,1606838400000,0.00056768
2020-12-02,BTCUSDT,1606867200000,0.00035851
2020-12-02,BTCUSDT,1606896000000,0.0001
2020-12-02,BTCUSDT,1606924800000,0.0001
2020-12-03,BTCUSDT,1606953600000,0.0001
2020-12-03,BTCUSDT,1606982400000,0.0001
2020-12-03,BTCUSDT,1607011200000,0.0001
2020-12-04,BTCUSDT,1607040000000,0.0001092
2020-12-04,BTCUSDT,1607068800000,0.0001
2020-12-04,BTCUSDT,1607097600000,0.0001
2020-12-05,BTCUSDT,1607126400000,0.0001
2020-12-05,BTCUSDT,1607155200000,0.0001
2020-12-05,BTCUSDT,1607184000000,0.0001
2020-12-06,BTCUSDT,1607212800000,0.0001
2020-12-06,BTCUSDT,1607241600000,0.0001
2020-12-06,BTCUSDT,1607270400000,0.0001
2020-12-07,BTCUSDT,1607299200000,0.0001
2020-12-07,BTCUSDT,1607328000000,0.0001
2020-12-07,BTCUSDT,1607356800000,0.0001
2020-12-08,BTCUSDT,1607385600000,0.0001
2020-12-08,BTCUSDT,1607414400000,0.0001
2020-12-08,BTCUSDT,1607443200000,0.0001
2020-12-09,BTCUSDT,1607472000000,0.0001
2020-12-09,BTCUSDT,1607500800000,0.0001
2020-12-09,BTCUSDT,1607529600000,-0.0003188
2020-12-10,BTCUSDT,1607558400000,-0.00015843
2020-12-10,BTCUSDT,1607587200000,0.00001058
2020-12-10,BTCUSDT,1607616000000,0.0001
2020-12-11,BTCUSDT,1607644800000,0.0001
2020-12-11,BTCUSDT,1607673600000,0.0001
2020-12-11,BTCUSDT,1607702400000,0.0001
2020-12-12,BTCUSDT,1607731200000,-0.00005515
2020-12-12,BTCUSDT,1607760000000,-0.00036203
2020-12-12,BTCUSDT,1607788800000,-0.00034931
2020-12-13,BTCUSDT,1607817600000,-0.00014002
2020-12-13,BTCUSDT,1607846400000,-0.00019058
2020-12-13,BTCUSDT,1607875200000,-0.00033651
2020-12-14,BTCUSDT,1607904000000,0.0001
2020-12-14,BTCUSDT,1607932800000,0.0001
2020-12-14,BTCUSDT,1607961600000,0.0001
2020-12-15,BTCUSDT,1607990400000,0.0001
2020-12-15,BTCUSDT,1608019200000,0.0001
2020-12-15,BTCUSDT,1608048000000,0.00017678
2020-12-16,BTCUSDT,1608076800000,0.0001
2020-12-16,BTCUSDT,1608105600000,0.0001
2020-12-16,BTCUSDT,1608134400000,0.00007125
2020-12-17,BTCUSDT,1608163200000,0.00022189
2020-12-17,BTCUSDT,1608192000000,0.00015183
2020-12-17,BTCUSDT,1608220800000,0.00078476
2020-12-18,BTCUSDT,1608249600000,0.00119966
2020-12-18,BTCUSDT,1608278400000,0.00062412
2020-12-18,BTCUSDT,1608307200000,0.00034136
2020-12-19,BTCUSDT,1608336000000,0.00042794
2020-12-19,BTCUSDT,1608364800000,0.0001
2020-12-19,BTCUSDT,1608393600000,0.0003528
2020-12-20,BTCUSDT,1608422400000,0.00065278
2020-12-20,BTCUSDT,1608451200000,0.00127567
2020-12-20,BTCUSDT,1608480000000,0.00046977
2020-12-21,BTCUSDT,1608508800000,0.0001
2020-12-21,BTCUSDT,1608537600000,0.00070532
2020-12-21,BTCUSDT,1608566400000,0.00016424
2020-12-22,BTCUSDT,1608595200000,0.0001
2020-12-22,BTCUSDT,1608624000000,0.0001
2020-12-22,BTCUSDT,1608652800000,0.0001
2020-12-23,BTCUSDT,1608681600000,0.0001
2020-12-23,BTCUSDT,1608710400000,0.0001
2020-12-23,BTCUSDT,1608739200000,0.0001
2020-12-24,BTCUSDT,1608768000000,0.0001
2020-12-24,BTCUSDT,1608796800000,0.0001
2020-12-24,BTCUSDT,1608825600000,0.0001
2020-12-25,BTCUSDT,1608854400000,0.0001
2020-12-25,BTCUSDT,1608883200000,0.0001
2020-12-25,BTCUSDT,1608912000000,0.0001
2020-12-26,BTCUSDT,1608940800000,0.00028507
2020-12-26,BTCUSDT,1608969600000,0.0001
2020-12-26,BTCUSDT,1608998400000,0.00021823
2020-12-27,BTCUSDT,1609027200000,0.0002087
2020-12-27,BTCUSDT,1609056000000,0.0009427
2020-12-27,BTCUSDT,1609084800000,0.00153803
2020-12-28,BTCUSDT,1609113600000,0.00216814
2020-12-28,BTCUSDT,1609142400000,0.00100228
2020-12-28,BTCUSDT,1609171200000,0.00072647
2020-12-29,BTCUSDT,1609200000000,0.00079075
2020-12-29,BTCUSDT,1609228800000,0.00093233
2020-12-29,BTCUSDT,1609257600000,0.00067762
2020-12-30,BTCUSDT,1609286400000,0.00020143
2020-12-30,BTCUSDT,1609315200000,0.00028892
2020-12-30,BTCUSDT,1609344000000,0.00072623
2020-12-31,BTCUSDT,1609372800000,0.00082486
2020-12-31,BTCUSDT,1609401600000,0.00100426
2020-12-31,BTCUSDT,1609430400000,0.00107476
2021-01-01,BTCUSDT,1609459200000,0.00034729
2021-01-01,BTCUSDT,1609488000000,0.0001
2021-01-01,BTCUSDT,1609516800000,0.0001
2021-01-02,BTCUSDT,1609545600000,0.0006425
2021-01-02,BTCUSDT,1609574400000,0.00020649
2021-01-02,BTCUSDT,1609603200000,0.0001
2021-01-03,BTCUSDT,1609632000000,0.00073898
2021-01-03,BTCUSDT,1609660800000,0.00178299
2021-01-03,BTCUSDT,1609689600000,0.00189752
2021-01-04,BTCUSDT,1609718400000,0.00214106
2021-01-04,BTCUSDT,1609747200000,0.00162051
2021-01-04,BTCUSDT,1609776000000,0.00162248
2021-01-05,BTCUSDT,1609804800000,0.00058171
2021-01-05,BTCUSDT,1609833600000,0.00042043
2021-01-05,BTCUSDT,1609862400000,0.00060075
2021-01-06,BTCUSDT,1609891200000,0.0001
2021-01-06,BTCUSDT,1609920000000,0.00052376
2021-01-06,BTCUSDT,1609948800000,0.00140312
2021-01-07,BTCUSDT,1609977600000,0.00277443
2021-01-07,BTCUSDT,1610006400000,0.00287009
2021-01-07,BTCUSDT,1610035200000,0.00223631
2021-01-08,BTCUSDT,1610064000000,0.00197821
2021-01-08,BTCUSDT,1610092800000,0.00375
2021-01-08,BTCUSDT,1610121600000,0.00094676
2021-01-09,BTCUSDT,1610150400000,0.00106038
2021-01-09,BTCUSDT,1610179200000,0.00151246
2021-01-09,BTCUSDT,1610208000000,0.00174097
2021-01-10,BTCUSDT,1610236800000,0.00192295
2021-01-10,BTCUSDT,1610265600000,0.00175106
2021-01-10,BTCUSDT,1610294400000,0.00194279
2021-01-11,BTCUSDT,1610323200000,0.00127972
2021-01-11,BTCUSDT,1610352000000,0.00072864
2021-01-11,BTCUSDT,1610380800000,0.00067179
2021-01-12,BTCUSDT,1610409600000,0.00037454
2021-01-12,BTCUSDT,1610438400000,0.00010508
2021-01-12,BTCUSDT,1610467200000,0.0001
2021-01-13,BTCUSDT,1610496000000,0.00023274
2021-01-13,BTCUSDT,1610524800000,0.0001
2021-01-13,BTCUSDT,1610553600000,0.0001493
2021-01-14,BTCUSDT,1610582400000,0.00038693
2021-01-14,BTCUSDT,1610611200000,0.00093295
2021-01-14,BTCUSDT,1610640000000,0.00053564
2021-01-15,BTCUSDT,1610668800000,0.0005873
2021-01-15,BTCUSDT,1610697600000,0.00095543
2021-01-15,BTCUSDT,1610726400000,0.0009516
2021-01-16,BTCUSDT,1610755200000,0.00093019
2021-01-16,BTCUSDT,1610784000000,0.0001
2021-01-16,BTCUSDT,1610812800000,0.0001
2021-01-17,BTCUSDT,1610841600000,0.00037026
2021-01-17,BTCUSDT,1610870400000,0.0001
2021-01-17,BTCUSDT,1610899200000,0.00016663
2021-01-18,BTCUSDT,1610928000000,0.0001
2021-01-18,BTCUSDT,1610956800000,0.0001
2021-01-18,BTCUSDT,1610985600000,0.0001
2021-01-19,BTCUSDT,1611014400000,0.00042837
2021-01-19,BTCUSDT,1611043200000,0.00084101
2021-01-19,BTCUSDT,1611072000000,0.00178678
2021-01-20,BTCUSDT,1611100800000,0.00263702
2021-01-20,BTCUSDT,1611129600000,0.00201124
2021-01-20,BTCUSDT,1611158400000,0.00110786
2021-01-21,BTCUSDT,1611187200000,0.00016627
2021-01-21,BTCUSDT,1611216000000,0.0001
2021-01-21,BTCUSDT,1611244800000,0.0001
2021-01-22,BTCUSDT,1611273600000,0.0001
2021-01-22,BTCUSDT,1611302400000,0.00022298
2021-01-22,BTCUSDT,1611331200000,0.0001
2021-01-23,BTCUSDT,1611360000000,0.0001
2021-01-23,BTCUSDT,1611388800000,0.0001
2021-01-23,BTCUSDT,1611417600000,0.0001
2021-01-24,BTCUSDT,1611446400000,0.0001
2021-01-24,BTCUSDT,1611475200000,0.0001
2021-01-24,BTCUSDT,1611504000000,0.0001
2021-01-25,BTCUSDT,1611532800000,0.00018398
2021-01-25,BTCUSDT,1611561600000,0.0001
2021-01-25,BTCUSDT,1611590400000,0.0001
2021-01-26,BTCUSDT,1611619200000,0.0001
2021-01-26,BTCUSDT,1611648000000,0.00023613
2021-01-26,BTCUSDT,1611676800000,0.0001079
2021-01-27,BTCUSDT,1611705600000,0.0001
2021-01-27,BTCUSDT,1611734400000,0.0001
2021-01-27,BTCUSDT,1611763200000,0.0001
2021-01-28,BTCUSDT,1611792000000,0.0001
2021-01-28,BTCUSDT,1611820800000,0.00018158
2021-01-28,BTCUSDT,1611849600000,0.0001
2021-01-29,BTCUSDT,1611878400000,0.0001
2021-01-29,BTCUSDT,1611907200000,0.0001
2021-01-29,BTCUSDT,1611936000000,0.0004581
2021-01-30,BTCUSDT,1611964800000,0.00207394
2021-01-30,BTCUSDT,1611993600000,0.00130219
2021-01-30,BTCUSDT,1612022400000,0.0002205
2021-01-31,BTCUSDT,1612051200000,0.00019441
2021-01-31,BTCUSDT,1612080000000,0.0001
2021-01-31,BTCUSDT,1612108800000,0.00054286
2021-02-01,BTCUSDT,1612137600000,0.0006782
2021-02-01,BTCUSDT,1612166400000,0.00021546
2021-02-01,BTCUSDT,1612195200000,0.0001
2021-02-02,BTCUSDT,1612224000000,0.0005382
2021-02-02,BTCUSDT,1612252800000,0.0001
2021-02-02,BTCUSDT,1612281600000,0.0003948
2021-02-03,BTCUSDT,1612310400000,0.00129771
2021-02-03,BTCUSDT,1612339200000,0.00137997
2021-02-03,BTCUSDT,1612368000000,0.00086188
2021-02-04,BTCUSDT,1612396800000,0.00128416
2021-02-04,BTCUSDT,1612425600000,0.0002646
2021-02-04,BTCUSDT,1612454400000,0.00033167
2021-02-05,BTCUSDT,1612483200000,0.0007077
2021-02-05,BTCUSDT,1612512000000,0.00059338
2021-02-05,BTCUSDT,1612540800000,0.00031875
2021-02-06,BTCUSDT,1612569600000,0.00062038
2021-02-06,BTCUSDT,1612598400000,0.00023711
2021-02-06,BTCUSDT,1612627200000,0.0001
2021-02-07,BTCUSDT,1612656000000,0.00017044
2021-02-07,BTCUSDT,1612684800000,0.0018645
2021-02-07,BTCUSDT,1612713600000,0.00142823
2021-02-08,BTCUSDT,1612742400000,0.00144826
2021-02-08,BTCUSDT,1612771200000,0.00110987
2021-02-08,BTCUSDT,1612800000000,0.00070257
2021-02-09,BTCUSDT,1612828800000,0.00176279
2021-02-09,BTCUSDT,1612857600000,0.00209192
2021-02-09,BTCUSDT,1612886400000,0.00309625
2021-02-10,BTCUSDT,1612915200000,0.00316075
2021-02-10,BTCUSDT,1612944000000,0.00219284
2021-02-10,BTCUSDT,1612972800000,0.00201317
2021-02-11,BTCUSDT,1613001600000,0.0028925
2021-02-11,BTCUSDT,1613030400000,0.00221152
2021-02-11,BTCUSDT,1613059200000,0.00141063
2021-02-12,BTCUSDT,1613088000000,0.00137029
2021-02-12,BTCUSDT,1613116800000,0.00178738
2021-02-12,BTCUSDT,1613145600000,0.0019353
2021-02-13,BTCUSDT,1613174400000,0.00218129
2021-02-13,BTCUSDT,1613203200000,0.00149325
2021-02-13,BTCUSDT,1613232000000,0.00159945
2021-02-14,BTCUSDT,1613260800000,0.00141107
2021-02-14,BTCUSDT,1613289600000,0.0010643
2021-02-14,BTCUSDT,1613318400000,0.00115163
2021-02-15,BTCUSDT,1613347200000,0.00209771
2021-02-15,BTCUSDT,1613376000000,0.00244986
2021-02-15,BTCUSDT,1613404800000,0.00233909
2021-02-16,BTCUSDT,1613433600000,0.00090023
2021-02-16,BTCUSDT,1613462400000,0.0007027
2021-02-16,BTCUSDT,1613491200000,0.00135985
2021-02-17,BTCUSDT,1613520000000,0.00194208
2021-02-17,BTCUSDT,1613548800000,0.00229574
2021-02-17,BTCUSDT,1613577600000,0.00129746
2021-02-18,BTCUSDT,1613606400000,0.00131429
2021-02-18,BTCUSDT,1613635200000,0.00147656
2021-02-18,BTCUSDT,1613664000000,0.00228927
2021-02-19,BTCUSDT,1613692800000,0.00274162
2021-02-19,BTCUSDT,1613721600000,0.00176185
2021-02-19,BTCUSDT,1613750400000,0.00082548
2021-02-20,BTCUSDT,1613779200000,0.00073241
2021-02-20,BTCUSDT,1613808000000,0.00138076
2021-02-20,BTCUSDT,1613836800000,0.00099503
2021-02-21,BTCUSDT,1613865600000,0.00152636
2021-02-21,BTCUSDT,1613894400000,0.00220261
2021-02-21,BTCUSDT,1613923200000,0.00099991
2021-02-22,BTCUSDT,1613952000000,0.00116442
2021-02-22,BTCUSDT,1613980800000,0.00128626
2021-02-22,BTCUSDT,1614009600000,0.00191879
2021-02-23,BTCUSDT,1614038400000,0.00204157
2021-02-23,BTCUSDT,1614067200000,0.00040759
2021-02-23,BTCUSDT,1614096000000,0.00010078
2021-02-24,BTCUSDT,1614124800000,0.00012701
2021-02-24,BTCUSDT,1614153600000,0.0001
2021-02-24,BTCUSDT,1614182400000,0.0001
2021-02-25,BTCUSDT,1614211200000,0.00022805
2021-02-25,BTCUSDT,1614240000000,0.00031851
2021-02-25,BTCUSDT,1614268800000,0.00020511
2021-02-26,BTCUSDT,1614297600000,0.00021516
2021-02-26,BTCUSDT,1614326400000,0.00064056
2021-02-26,BTCUSDT,1614355200000,0.00032398
2021-02-27,BTCUSDT,1614384000000,0.0001
2021-02-27,BTCUSDT,1614412800000,0.00042411
2021-02-27,BTCUSDT,1614441600000,0.0001
2021-02-28,BTCUSDT,1614470400000,0.00012481
2021-02-28,BTCUSDT,1614499200000,0.00010053
2021-02-28,BTCUSDT,1614528000000,0.0001972
2021-03-01,BTCUSDT,1614556800000,0.00034122
2021-03-01,BTCUSDT,1614585600000,0.00012074
2021-03-01,BTCUSDT,1614614400000,0.0001
2021-03-02,BTCUSDT,1614643200000,0.0001
2021-03-02,BTCUSDT,1614672000000,0.0001
2021-03-02,BTCUSDT,1614700800000,0.00011317
2021-03-03,BTCUSDT,1614729600000,0.0001
2021-03-03,BTCUSDT,1614758400000,0.0001
2021-03-03,BTCUSDT,1614787200000,0.0001
2021-03-04,BTCUSDT,1614816000000,0.0001
2021-03-04,BTCUSDT,1614844800000,0.00026277
2021-03-04,BTCUSDT,1614873600000,0.00050407
2021-03-05,BTCUSDT,1614902400000,0.00037494
2021-03-05,BTCUSDT,1614931200000,0.00034036
2021-03-05,BTCUSDT,1614960000000,0.00030382
2021-03-06,BTCUSDT,1614988800000,0.0001
2021-03-06,BTCUSDT,1615017600000,0.0001
2021-03-06,BTCUSDT,1615046400000,0.0001
2021-03-07,BTCUSDT,1615075200000,0.00057734
2021-03-07,BTCUSDT,1615104000000,0.0001
2021-03-07,BTCUSDT,1615132800000,0.0001
2021-03-08,BTCUSDT,1615161600000,0.00025651
2021-03-08,BTCUSDT,1615190400000,0.00045688
2021-03-08,BTCUSDT,1615219200000,0.00068732
2021-03-09,BTCUSDT,1615248000000,0.0007559
2021-03-09,BTCUSDT,1615276800000,0.00034799
2021-03-09,BTCUSDT,1615305600000,0.0001
2021-03-10,BTCUSDT,1615334400000,0.00066839
2021-03-10,BTCUSDT,1615363200000,0.00098274
2021-03-10,BTCUSDT,1615392000000,0.00156327
2021-03-11,BTCUSDT,1615420800000,0.00088895
2021-03-11,BTCUSDT,1615449600000,0.00071848
2021-03-11,BTCUSDT,1615478400000,0.00121412
2021-03-12,BTCUSDT,1615507200000,0.00154035
2021-03-12,BTCUSDT,1615536000000,0.00104365
2021-03-12,BTCUSDT,1615564800000,0.00119438
2021-03-13,BTCUSDT,1615593600000,0.00126643
2021-03-13,BTCUSDT,1615622400000,0.0001
2021-03-13,BTCUSDT,1615651200000,0.0001
2021-03-14,BTCUSDT,1615680000000,0.00079477
2021-03-14,BTCUSDT,1615708800000,0.00160048
2021-03-14,BTCUSDT,1615737600000,0.00219265
2021-03-15,BTCUSDT,1615766400000,0.0024382
2021-03-15,BTCUSDT,1615795200000,0.00139698
2021-03-15,BTCUSDT,1615824000000,0.00238273
2021-03-16,BTCUSDT,1615852800000,0.0013392
2021-03-16,BTCUSDT,1615881600000,0.00070622
2021-03-16,BTCUSDT,1615910400000,0.00017457
2021-03-17,BTCUSDT,1615939200000,0.0001
2021-03-17,BTCUSDT,1615968000000,0.00010514
2021-03-17,BTCUSDT,1615996800000,0.00048954
2021-03-18,BTCUSDT,1616025600000,0.00014106
2021-03-18,BTCUSDT,1616054400000,0.0001
2021-03-18,BTCUSDT,1616083200000,0.0001423
2021-03-19,BTCUSDT,1616112000000,0.00053701
2021-03-19,BTCUSDT,1616140800000,0.00039537
2021-03-19,BTCUSDT,1616169600000,0.00025119
2021-03-20,BTCUSDT,1616198400000,0.00013086
2021-03-20,BTCUSDT,1616227200000,0.00011865
2021-03-20,BTCUSDT,1616256000000,0.00033519
2021-03-21,BTCUSDT,1616284800000,0.000499
2021-03-21,BTCUSDT,1616313600000,0.00090928
2021-03-21,BTCUSDT,1616342400000,0.00148149
2021-03-22,BTCUSDT,1616371200000,0.00093116
2021-03-22,BTCUSDT,1616400000000,0.00022791
2021-03-22,BTCUSDT,1616428800000,0.00014209
2021-03-23,BTCUSDT,1616457600000,0.00079745
2021-03-23,BTCUSDT,1616486400000,0.00105611
2021-03-23,BTCUSDT,1616515200000,0.00043461
2021-03-24,BTCUSDT,1616544000000,0.0001
2021-03-24,BTCUSDT,1616572800000,0.00012763
2021-03-24,BTCUSDT,1616601600000,0.00048855
2021-03-25,BTCUSDT,1616630400000,0.0001
2021-03-25,BTCUSDT,1616659200000,0.00020051
2021-03-25,BTCUSDT,1616688000000,0.00011529
2021-03-26,BTCUSDT,1616716800000,0.0001
2021-03-26,BTCUSDT,1616745600000,0.0001
2021-03-26,BTCUSDT,1616774400000,0.0001
2021-03-27,BTCUSDT,1616803200000,0.0001
2021-03-27,BTCUSDT,1616832000000,0.00008931
2021-03-27,BTCUSDT,1616860800000,0.0001
2021-03-28,BTCUSDT,1616889600000,0.0001
2021-03-28,BTCUSDT,1616918400000,0.0001
2021-03-28,BTCUSDT,1616947200000,0.0001
2021-03-29,BTCUSDT,1616976000000,0.0001
2021-03-29,BTCUSDT,1617004800000,0.0001
2021-03-29,BTCUSDT,1617033600000,0.00012422
2021-03-30,BTCUSDT,1617062400000,0.0001
2021-03-30,BTCUSDT,1617091200000,0.00076013
2021-03-30,BTCUSDT,1617120000000,0.00145824
2021-03-31,BTCUSDT,1617148800000,0.0013266
2021-03-31,BTCUSDT,1617177600000,0.00129068
2021-03-31,BTCUSDT,1617206400000,0.00113188
2021-04-01,BTCUSDT,1617235200000,0.00085359
2021-04-01,BTCUSDT,1617264000000,0.00134013
2021-04-01,BTCUSDT,1617292800000,0.00151269
2021-04-02,BTCUSDT,1617321600000,0.00101484
2021-04-02,BTCUSDT,1617350400000,0.00058291
2021-04-02,BTCUSDT,1617379200000,0.00122281
2021-04-03,BTCUSDT,1617408000000,0.00220331
2021-04-03,BTCUSDT,1617436800000,0.00231996
2021-04-03,BTCUSDT,1617465600000,0.00110637
2021-04-04,BTCUSDT,1617494400000,0.00118324
2021-04-04,BTCUSDT,1617523200000,0.00130809
2021-04-04,BTCUSDT,1617552000000,0.00125808
2021-04-05,BTCUSDT,1617580800000,0.0001
2021-04-05,BTCUSDT,1617609600000,0.0001
2021-04-05,BTCUSDT,1617638400000,0.00121909
2021-04-06,BTCUSDT,1617667200000,0.00060209
2021-04-06,BTCUSDT,1617696000000,0.00035352
2021-04-06,BTCUSDT,1617724800000,0.00098493
2021-04-07,BTCUSDT,1617753600000,0.00190543
2021-04-07,BTCUSDT,1617782400000,0.00132814
2021-04-07,BTCUSDT,1617811200000,0.00088002
2021-04-08,BTCUSDT,1617840000000,0.00094684
2021-04-08,BTCUSDT,1617868800000,0.000244
2021-04-08,BTCUSDT,1617897600000,0.0001
2021-04-09,BTCUSDT,1617926400000,0.0001
2021-04-09,BTCUSDT,1617955200000,0.0001
2021-04-09,BTCUSDT,1617984000000,0.0001
2021-04-10,BTCUSDT,1618012800000,0.0001
2021-04-10,BTCUSDT,1618041600000,0.0001
2021-04-10,BTCUSDT,1618070400000,0.00024632
2021-04-11,BTCUSDT,1618099200000,0.00130924
2021-04-11,BTCUSDT,1618128000000,0.0015018
2021-04-11,BTCUSDT,1618156800000,0.00082597
2021-04-12,BTCUSDT,1618185600000,0.00121195
2021-04-12,BTCUSDT,1618214400000,0.00138785
2021-04-12,BTCUSDT,1618243200000,0.00075963
2021-04-13,BTCUSDT,1618272000000,0.00133181
2021-04-13,BTCUSDT,1618300800000,0.00129501
2021-04-13,BTCUSDT,1618329600000,0.00070132
2021-04-14,BTCUSDT,1618358400000,0.00084073
2021-04-14,BTCUSDT,1618387200000,0.00092534
2021-04-14,BTCUSDT,1618416000000,0.00130419
2021-04-15,BTCUSDT,1618444800000,0.00240831
2021-04-15,BTCUSDT,1618473600000,0.00215008
2021-04-15,BTCUSDT,1618502400000,0.00086139
2021-04-16,BTCUSDT,1618531200000,0.00104972
2021-04-16,BTCUSDT,1618560000000,0.00130503
2021-04-16,BTCUSDT,1618588800000,0.00229683
2021-04-17,BTCUSDT,1618617600000,0.00316833
2021-04-17,BTCUSDT,1618646400000,0.00094958
2021-04-17,BTCUSDT,1618675200000,0.00024824
2021-04-18,BTCUSDT,1618704000000,0.00148701
2021-04-18,BTCUSDT,1618732800000,0.00212858
2021-04-18,BTCUSDT,1618761600000,0.00134703
2021-04-19,BTCUSDT,1618790400000,0.0001
2021-04-19,BTCUSDT,1618819200000,0.0001
2021-04-19,BTCUSDT,1618848000000,0.0000412
2021-04-20,BTCUSDT,1618876800000,0.0001
2021-04-20,BTCUSDT,1618905600000,0.0001
2021-04-20,BTCUSDT,1618934400000,0.0001
2021-04-21,BTCUSDT,1618963200000,0.0001
2021-04-21,BTCUSDT,1618992000000,0.0001
2021-04-21,BTCUSDT,1619020800000,0.0001
2021-04-22,BTCUSDT,1619049600000,0.0001
2021-04-22,BTCUSDT,1619078400000,0.0001
2021-04-22,BTCUSDT,1619107200000,0.0001
2021-04-23,BTCUSDT,1619136000000,0.0001
2021-04-23,BTCUSDT,1619164800000,0.00042056
2021-04-23,BTCUSDT,1619193600000,0.00071194
2021-04-24,BTCUSDT,1619222400000,0.0001
2021-04-24,BTCUSDT,1619251200000,0.0001
2021-04-24,BTCUSDT,1619280000000,0.0001
2021-04-25,BTCUSDT,1619308800000,0.0001
2021-04-25,BTCUSDT,1619337600000,0.0001
2021-04-25,BTCUSDT,1619366400000,0.00026759
2021-04-26,BTCUSDT,1619395200000,0.0001
2021-04-26,BTCUSDT,1619424000000,0.0001
2021-04-26,BTCUSDT,1619452800000,-0.00001175
2021-04-27,BTCUSDT,1619481600000,-0.00016641
2021-04-27,BTCUSDT,1619510400000,0.0001
2021-04-27,BTCUSDT,1619539200000,0.0001
2021-04-28,BTCUSDT,1619568000000,0.0001
2021-04-28,BTCUSDT,1619596800000,0.00007971
2021-04-28,BTCUSDT,1619625600000,0.0001
2021-04-29,BTCUSDT,1619654400000,0.0001
2021-04-29,BTCUSDT,1619683200000,0.0001
2021-04-29,BTCUSDT,1619712000000,0.0001
2021-04-30,BTCUSDT,1619740800000,0.00045221
2021-04-30,BTCUSDT,1619769600000,0.00028751
2021-04-30,BTCUSDT,1619798400000,0.0001
2021-05-01,BTCUSDT,1619827200000,0.0001
2021-05-01,BTCUSDT,1619856000000,0.0001
2021-05-01,BTCUSDT,1619884800000,0.0001
2021-05-02,BTCUSDT,1619913600000,0.00049913
2021-05-02,BTCUSDT,1619942400000,0.00050068
2021-05-02,BTCUSDT,1619971200000,0.00067149
2021-05-03,BTCUSDT,1620000000000,0.00047935
2021-05-03,BTCUSDT,1620028800000,0.00035011
2021-05-03,BTCUSDT,1620057600000,0.00011935
2021-05-04,BTCUSDT,1620086400000,0.00060556
2021-05-04,BTCUSDT,1620115200000,0.00085321
2021-05-04,BTCUSDT,1620144000000,0.00030831
2021-05-05,BTCUSDT,1620172800000,0.00071057
2021-05-05,BTCUSDT,1620201600000,0.000497
2021-05-05,BTCUSDT,1620230400000,0.0005226
2021-05-06,BTCUSDT,1620259200000,0.0001
2021-05-06,BTCUSDT,1620288000000,0.00022172
2021-05-06,BTCUSDT,1620316800000,0.00073245
2021-05-07,BTCUSDT,1620345600000,0.00112562
2021-05-07,BTCUSDT,1620374400000,0.00083697
2021-05-07,BTCUSDT,1620403200000,0.00023332
2021-05-08,BTCUSDT,1620432000000,0.0001
2021-05-08,BTCUSDT,1620460800000,0.00067305
2021-05-08,BTCUSDT,1620489600000,0.00064811
2021-05-09,BTCUSDT,1620518400000,0.00061293
2021-05-09,BTCUSDT,1620547200000,0.00022064
2021-05-09,BTCUSDT,1620576000000,0.00039962
2021-05-10,BTCUSDT,1620604800000,0.00094243
2021-05-10,BTCUSDT,1620633600000,0.00032855
2021-05-10,BTCUSDT,1620662400000,0.00021739
2021-05-11,BTCUSDT,1620691200000,0.00147131
2021-05-11,BTCUSDT,1620720000000,0.00135404
2021-05-11,BTCUSDT,1620748800000,0.00010071
2021-05-12,BTCUSDT,1620777600000,0.00036738
2021-05-12,BTCUSDT,1620806400000,0.0001
2021-05-12,BTCUSDT,1620835200000,0.0001
2021-05-13,BTCUSDT,1620864000000,0.00069602
2021-05-13,BTCUSDT,1620892800000,0.00079036
2021-05-13,BTCUSDT,1620921600000,0.0001
2021-05-14,BTCUSDT,1620950400000,0.00034033
2021-05-14,BTCUSDT,1620979200000,0.00041951
2021-05-14,BTCUSDT,1621008000000,0.00061105
2021-05-15,BTCUSDT,1621036800000,0.00027201
2021-05-15,BTCUSDT,1621065600000,0.00024585
2021-05-15,BTCUSDT,1621094400000,0.00029638
2021-05-16,BTCUSDT,1621123200000,0.0001
2021-05-16,BTCUSDT,1621152000000,0.00042417
2021-05-16,BTCUSDT,1621180800000,0.00013743
2021-05-17,BTCUSDT,1621209600000,0.00037531
2021-05-17,BTCUSDT,1621238400000,0.00037221
2021-05-17,BTCUSDT,1621267200000,0.00040139
2021-05-18,BTCUSDT,1621296000000,0.00020039
2021-05-18,BTCUSDT,1621324800000,0.00019122
2021-05-18,BTCUSDT,1621353600000,0.0001
2021-05-19,BTCUSDT,1621382400000,0.00027203
2021-05-19,BTCUSDT,1621411200000,0.00053728
2021-05-19,BTCUSDT,1621440000000,0.00023685
2021-05-20,BTCUSDT,1621468800000,-0.00214698
2021-05-20,BTCUSDT,1621497600000,0.0001
2021-05-20,BTCUSDT,1621526400000,0.0001
2021-05-21,BTCUSDT,1621555200000,0.0001
2021-05-21,BTCUSDT,1621584000000,0.0001
2021-05-21,BTCUSDT,1621612800000,0.0001
2021-05-22,BTCUSDT,1621641600000,0.00005642
2021-05-22,BTCUSDT,1621670400000,0.0001
2021-05-22,BTCUSDT,1621699200000,0.0001
2021-05-23,BTCUSDT,1621728000000,0.0001
2021-05-23,BTCUSDT,1621756800000,0.0001
2021-05-23,BTCUSDT,1621785600000,0.0001
2021-05-24,BTCUSDT,1621814400000,0.0001
2021-05-24,BTCUSDT,1621843200000,0.0001
2021-05-24,BTCUSDT,1621872000000,-0.00017184
2021-05-25,BTCUSDT,1621900800000,0.00009298
2021-05-25,BTCUSDT,1621929600000,0.0001
2021-05-25,BTCUSDT,1621958400000,0.0001
2021-05-26,BTCUSDT,1621987200000,0.0001
2021-05-26,BTCUSDT,1622016000000,0.0001
2021-05-26,BTCUSDT,1622044800000,0.0001
2021-05-27,BTCUSDT,1622073600000,0.000128
2021-05-27,BTCUSDT,1622102400000,0.0001
2021-05-27,BTCUSDT,1622131200000,0.0001
2021-05-28,BTCUSDT,1622160000000,-0.00028991
2021-05-28,BTCUSDT,1622188800000,0.0001
2021-05-28,BTCUSDT,1622217600000,0.0001
2021-05-29,BTCUSDT,1622246400000,0.0001
2021-05-29,BTCUSDT,1622275200000,0.0001
2021-05-29,BTCUSDT,1622304000000,0.0001
2021-05-30,BTCUSDT,1622332800000,0.0001
2021-05-30,BTCUSDT,1622361600000,0.0001
2021-05-30,BTCUSDT,1622390400000,0.0001
2021-05-31,BTCUSDT,1622419200000,-0.00003493
2021-05-31,BTCUSDT,1622448000000,0.0001
2021-05-31,BTCUSDT,1622476800000,0.0001
2021-06-01,BTCUSDT,1622505600000,-0.00058967
2021-06-01,BTCUSDT,1622534400000,-0.00074536
2021-06-01,BTCUSDT,1622563200000,0.0001
2021-06-02,BTCUSDT,1622592000000,0.0001
2021-06-02,BTCUSDT,1622620800000,0.0001
2021-06-02,BTCUSDT,1622649600000,0.0001
2021-06-03,BTCUSDT,1622678400000,0.0001
2021-06-03,BTCUSDT,1622707200000,0.00009444
2021-06-03,BTCUSDT,1622736000000,0.0001
2021-06-04,BTCUSDT,1622764800000,0.0001
2021-06-04,BTCUSDT,1622793600000,0.0001
2021-06-04,BTCUSDT,1622822400000,0.00031586
2021-06-05,BTCUSDT,1622851200000,0.0001
2021-06-05,BTCUSDT,1622880000000,0.0001
2021-06-05,BTCUSDT,1622908800000,-0.00009007
2021-06-06,BTCUSDT,1622937600000,0.0001
2021-06-06,BTCUSDT,1622966400000,0.0001
2021-06-06,BTCUSDT,1622995200000,0.0001
2021-06-07,BTCUSDT,1623024000000,0.0001
2021-06-07,BTCUSDT,1623052800000,0.0001
2021-06-07,BTCUSDT,1623081600000,0.00009052
2021-06-08,BTCUSDT,1623110400000,0.0001
2021-06-08,BTCUSDT,1623139200000,0.0001
2021-06-08,BTCUSDT,1623168000000,-0.0002769
2021-06-09,BTCUSDT,1623196800000,-0.00027666
2021-06-09,BTCUSDT,1623225600000,-0.00051037
2021-06-09,BTCUSDT,1623254400000,-0.00080356
2021-06-10,BTCUSDT,1623283200000,-0.00139131
2021-06-10,BTCUSDT,1623312000000,0.0001
2021-06-10,BTCUSDT,1623340800000,0.0001
2021-06-11,BTCUSDT,1623369600000,0.0001
2021-06-11,BTCUSDT,1623398400000,0.0001
2021-06-11,BTCUSDT,1623427200000,0.0001
2021-06-12,BTCUSDT,1623456000000,0.0001
2021-06-12,BTCUSDT,1623484800000,0.0000685
2021-06-12,BTCUSDT,1623513600000,0.0001
2021-06-13,BTCUSDT,1623542400000,0.0001
2021-06-13,BTCUSDT,1623571200000,-0.00018028
2021-06-13,BTCUSDT,1623600000000,-0.00000935
2021-06-14,BTCUSDT,1623628800000,-0.0004321
2021-06-14,BTCUSDT,1623657600000,0.0001
2021-06-14,BTCUSDT,1623686400000,0.0001
2021-06-15,BTCUSDT,1623715200000,0.0001
2021-06-15,BTCUSDT,1623744000000,0.0001
2021-06-15,BTCUSDT,1623772800000,0.0001
2021-06-16,BTCUSDT,1623801600000,0.0001
2021-06-16,BTCUSDT,1623830400000,0.0001
2021-06-16,BTCUSDT,1623859200000,0.00006654
2021-06-17,BTCUSDT,1623888000000,0.0001
2021-06-17,BTCUSDT,1623916800000,0.0001
2021-06-17,BTCUSDT,1623945600000,0.0001
2021-06-18,BTCUSDT,1623974400000,0.0001
2021-06-18,BTCUSDT,1624003200000,0.0001
2021-06-18,BTCUSDT,1624032000000,0.0001
2021-06-19,BTCUSDT,1624060800000,0.0001
2021-06-19,BTCUSDT,1624089600000,0.0001
2021-06-19,BTCUSDT,1624118400000,0.0001
2021-06-20,BTCUSDT,1624147200000,-0.00009787
2021-06-20,BTCUSDT,1624176000000,0.0001
2021-06-20,BTCUSDT,1624204800000,0.0001
2021-06-21,BTCUSDT,1624233600000,0.0001
2021-06-21,BTCUSDT,1624262400000,0.0001
2021-06-21,BTCUSDT,1624291200000,0.0001
2021-06-22,BTCUSDT,1624320000000,0.00007007
2021-06-22,BTCUSDT,1624348800000,0.0001
2021-06-22,BTCUSDT,1624377600000,0.00008113
2021-06-23,BTCUSDT,1624406400000,-0.00003456
2021-06-23,BTCUSDT,1624435200000,-0.00045261
2021-06-23,BTCUSDT,1624464000000,-0.0000363
2021-06-24,BTCUSDT,1624492800000,0.00006343
2021-06-24,BTCUSDT,1624521600000,0.0001
2021-06-24,BTCUSDT,1624550400000,0.0001
2021-06-25,BTCUSDT,1624579200000,-0.00037301
2021-06-25,BTCUSDT,1624608000000,-0.00031365
2021-06-25,BTCUSDT,1624636800000,0.0001
2021-06-26,BTCUSDT,1624665600000,0.0001
2021-06-26,BTCUSDT,1624694400000,0.0001
2021-06-26,BTCUSDT,1624723200000,0.0001
2021-06-27,BTCUSDT,1624752000000,-0.00029066
2021-06-27,BTCUSDT,1624780800000,0.00004562
2021-06-27,BTCUSDT,1624809600000,-0.00066906
2021-06-28,BTCUSDT,1624838400000,-0.00075042
2021-06-28,BTCUSDT,1624867200000,-0.00022276
2021-06-28,BTCUSDT,1624896000000,-0.00010951
2021-06-29,BTCUSDT,1624924800000,0.0001
2021-06-29,BTCUSDT,1624953600000,0.0001
2021-06-29,BTCUSDT,1624982400000,0.0001
2021-06-30,BTCUSDT,1625011200000,-0.00005206
2021-06-30,BTCUSDT,1625040000000,0.0001
2021-06-30,BTCUSDT,1625068800000,0.0001
2021-07-01,BTCUSDT,1625097600000,0.0001
2021-07-01,BTCUSDT,1625126400000,0.0001
2021-07-01,BTCUSDT,1625155200000,0.0001
2021-07-02,BTCUSDT,1625184000000,-0.00009475
2021-07-02,BTCUSDT,1625212800000,-0.00003695
2021-07-02,BTCUSDT,1625241600000,0.00005762
2021-07-03,BTCUSDT,1625270400000,0.0001
2021-07-03,BTCUSDT,1625299200000,0.00005019
2021-07-03,BTCUSDT,1625328000000,0.0001
2021-07-04,BTCUSDT,1625356800000,0.0001
2021-07-04,BTCUSDT,1625385600000,-0.00009018
2021-07-04,BTCUSDT,1625414400000,-0.00046632
2021-07-05,BTCUSDT,1625443200000,-0.00002558
2021-07-05,BTCUSDT,1625472000000,0.00008952
2021-07-05,BTCUSDT,1625500800000,0.0001
2021-07-06,BTCUSDT,1625529600000,0.0001
2021-07-06,BTCUSDT,1625558400000,-0.00000541
2021-07-06,BTCUSDT,1625587200000,0.00002487
2021-07-07,BTCUSDT,1625616000000,-0.00002917
2021-07-07,BTCUSDT,1625644800000,0.00008648
2021-07-07,BTCUSDT,1625673600000,-0.00011344
2021-07-08,BTCUSDT,1625702400000,-0.0001164
2021-07-08,BTCUSDT,1625731200000,0.0001
2021-07-08,BTCUSDT,1625760000000,0.0001
2021-07-09,BTCUSDT,1625788800000,-0.00001437
2021-07-09,BTCUSDT,1625817600000,0.00007536
2021-07-09,BTCUSDT,1625846400000,-0.0001894
2021-07-10,BTCUSDT,1625875200000,-0.00020288
2021-07-10,BTCUSDT,1625904000000,-0.00004231
2021-07-10,BTCUSDT,1625932800000,0.0001
2021-07-11,BTCUSDT,1625961600000,0.00008293
2021-07-11,BTCUSDT,1625990400000,-0.00001735
2021-07-11,BTCUSDT,1626019200000,0.0001
2021-07-12,BTCUSDT,1626048000000,-0.00019657
2021-07-12,BTCUSDT,1626076800000,-0.00063439
2021-07-12,BTCUSDT,1626105600000,-0.00031673
2021-07-13,BTCUSDT,1626134400000,0.0001
2021-07-13,BTCUSDT,1626163200000,0.00024897
2021-07-13,BTCUSDT,1626192000000,0.0001
2021-07-14,BTCUSDT,1626220800000,0.0001
2021-07-14,BTCUSDT,1626249600000,0.0001
2021-07-14,BTCUSDT,1626278400000,0.0001
2021-07-15,BTCUSDT,1626307200000,0.00009428
2021-07-15,BTCUSDT,1626336000000,-0.00004052
2021-07-15,BTCUSDT,1626364800000,0.0001
2021-07-16,BTCUSDT,1626393600000,0.0001
2021-07-16,BTCUSDT,1626422400000,0.0001
2021-07-16,BTCUSDT,1626451200000,0.0001
2021-07-17,BTCUSDT,1626480000000,0.0001
2021-07-17,BTCUSDT,1626508800000,0.00002123
2021-07-17,BTCUSDT,1626537600000,0.0001
2021-07-18,BTCUSDT,1626566400000,0.0001
2021-07-18,BTCUSDT,1626595200000,0.0001
2021-07-18,BTCUSDT,1626624000000,0.0001
2021-07-19,BTCUSDT,1626652800000,0.0001
2021-07-19,BTCUSDT,1626681600000,0.0001
2021-07-19,BTCUSDT,1626710400000,-0.00003985
2021-07-20,BTCUSDT,1626739200000,0.0001
2021-07-20,BTCUSDT,1626768000000,0.0001
2021-07-20,BTCUSDT,1626796800000,0.0001
2021-07-21,BTCUSDT,1626825600000,-0.00017541
2021-07-21,BTCUSDT,1626854400000,0.00005993
2021-07-21,BTCUSDT,1626883200000,-0.00033553
2021-07-22,BTCUSDT,1626912000000,-0.00006916
2021-07-22,BTCUSDT,1626940800000,-0.00010701
2021-07-22,BTCUSDT,1626969600000,-0.00035493
2021-07-23,BTCUSDT,1626998400000,-0.0002891
2021-07-23,BTCUSDT,1627027200000,-0.0001221
2021-07-23,BTCUSDT,1627056000000,-0.00052079
2021-07-24,BTCUSDT,1627084800000,-0.00003931
2021-07-24,BTCUSDT,1627113600000,-0.00013545
2021-07-24,BTCUSDT,1627142400000,-0.00039369
2021-07-25,BTCUSDT,1627171200000,-0.00052115
2021-07-25,BTCUSDT,1627200000000,-0.00083837
2021-07-25,BTCUSDT,1627228800000,-0.00104019
2021-07-26,BTCUSDT,1627257600000,-0.00045135
2021-07-26,BTCUSDT,1627286400000,-0.00063889
2021-07-26,BTCUSDT,1627315200000,0.00010439
2021-07-27,BTCUSDT,1627344000000,0.0001
2021-07-27,BTCUSDT,1627372800000,0.0001
2021-07-27,BTCUSDT,1627401600000,0.0001
2021-07-28,BTCUSDT,1627430400000,0.0001
2021-07-28,BTCUSDT,1627459200000,0.00004671
2021-07-28,BTCUSDT,1627488000000,0.0001
2021-07-29,BTCUSDT,1627516800000,0.0001
2021-07-29,BTCUSDT,1627545600000,0.0001
2021-07-29,BTCUSDT,1627574400000,0.00009118
2021-07-30,BTCUSDT,1627603200000,0.0001
2021-07-30,BTCUSDT,1627632000000,0.0001
2021-07-30,BTCUSDT,1627660800000,0.0001
2021-07-31,BTCUSDT,1627689600000,0.0001
2021-07-31,BTCUSDT,1627718400000,0.0001
2021-07-31,BTCUSDT,1627747200000,0.0001
2021-08-01,BTCUSDT,1627776000000,0.0001
2021-08-01,BTCUSDT,1627804800000,0.0001
2021-08-01,BTCUSDT,1627833600000,0.0001
2021-08-02,BTCUSDT,1627862400000,0.0001
2021-08-02,BTCUSDT,1627891200000,0.0001
2021-08-02,BTCUSDT,1627920000000,0.0001
2021-08-03,BTCUSDT,1627948800000,0.0001
2021-08-03,BTCUSDT,1627977600000,0.0001
2021-08-03,BTCUSDT,1628006400000,0.0001
2021-08-04,BTCUSDT,1628035200000,0.0001
2021-08-04,BTCUSDT,1628064000000,0.0001
2021-08-04,BTCUSDT,1628092800000,0.0001
2021-08-05,BTCUSDT,1628121600000,0.0001
2021-08-05,BTCUSDT,1628150400000,-0.00007755
2021-08-05,BTCUSDT,1628179200000,0.0001
2021-08-06,BTCUSDT,1628208000000,0.0001
2021-08-06,BTCUSDT,1628236800000,0.0001
2021-08-06,BTCUSDT,1628265600000,0.0001
2021-08-07,BTCUSDT,1628294400000,0.0001
2021-08-07,BTCUSDT,1628323200000,0.0001
2021-08-07,BTCUSDT,1628352000000,0.00005418
2021-08-08,BTCUSDT,1628380800000,0.0001
2021-08-08,BTCUSDT,1628409600000,0.0001
2021-08-08,BTCUSDT,1628438400000,0.0001
2021-08-09,BTCUSDT,1628467200000,0.0001
2021-08-09,BTCUSDT,1628496000000,0.0001
2021-08-09,BTCUSDT,1628524800000,0.0001
2021-08-10,BTCUSDT,1628553600000,0.0001
2021-08-10,BTCUSDT,1628582400000,0.0001
2021-08-10,BTCUSDT,1628611200000,0.0001
2021-08-11,BTCUSDT,1628640000000,0.00011678
2021-08-11,BTCUSDT,1628668800000,0.0001
2021-08-11,BTCUSDT,1628697600000,0.0001
2021-08-12,BTCUSDT,1628726400000,0.0001
2021-08-12,BTCUSDT,1628755200000,0.0001
2021-08-12,BTCUSDT,1628784000000,0.0001
2021-08-13,BTCUSDT,1628812800000,0.0001
2021-08-13,BTCUSDT,1628841600000,0.0002463
2021-08-13,BTCUSDT,1628870400000,0.0001
2021-08-14,BTCUSDT,1628899200000,-0.00001027
2021-08-14,BTCUSDT,1628928000000,0.0001
2021-08-14,BTCUSDT,1628956800000,0.0001
2021-08-15,BTCUSDT,1628985600000,0.00012532
2021-08-15,BTCUSDT,1629014400000,0.0001
2021-08-15,BTCUSDT,1629043200000,0.0001
2021-08-16,BTCUSDT,1629072000000,0.0003562
2021-08-16,BTCUSDT,1629100800000,0.00020857
2021-08-16,BTCUSDT,1629129600000,0.0001
2021-08-17,BTCUSDT,1629158400000,0.0001
2021-08-17,BTCUSDT,1629187200000,0.00029516
2021-08-17,BTCUSDT,1629216000000,0.00010737
2021-08-18,BTCUSDT,1629244800000,0.0001
2021-08-18,BTCUSDT,1629273600000,0.00032726
2021-08-18,BTCUSDT,1629302400000,0.00034051
2021-08-19,BTCUSDT,1629331200000,0.0001
2021-08-19,BTCUSDT,1629360000000,0.0001
2021-08-19,BTCUSDT,1629388800000,0.00021109
2021-08-20,BTCUSDT,1629417600000,0.0001
2021-08-20,BTCUSDT,1629446400000,0.0001
2021-08-20,BTCUSDT,1629475200000,0.0001
2021-08-21,BTCUSDT,1629504000000,0.0001
2021-08-21,BTCUSDT,1629532800000,0.0001
2021-08-21,BTCUSDT,1629561600000,0.0001
2021-08-22,BTCUSDT,1629590400000,0.0001
2021-08-22,BTCUSDT,1629619200000,0.0001
2021-08-22,BTCUSDT,1629648000000,0.0001
2021-08-23,BTCUSDT,1629676800000,0.0001
2021-08-23,BTCUSDT,1629705600000,0.0001
2021-08-23,BTCUSDT,1629734400000,-0.00034776
2021-08-24,BTCUSDT,1629763200000,-0.00026691
2021-08-24,BTCUSDT,1629792000000,0.00023887
2021-08-24,BTCUSDT,1629820800000,0.0001
2021-08-25,BTCUSDT,1629849600000,0.00022975
2021-08-25,BTCUSDT,1629878400000,0.00084837
2021-08-25,BTCUSDT,1629907200000,0.0006916
2021-08-26,BTCUSDT,1629936000000,0.00021644
2021-08-26,BTCUSDT,1629964800000,0.00007611
2021-08-26,BTCUSDT,1629993600000,0.0001
2021-08-27,BTCUSDT,1630022400000,0.00031777
2021-08-27,BTCUSDT,1630051200000,0.00055352
2021-08-27,BTCUSDT,1630080000000,0.0001273
2021-08-28,BTCUSDT,1630108800000,0.0001
2021-08-28,BTCUSDT,1630137600000,0.0001
2021-08-28,BTCUSDT,1630166400000,0.0001
2021-08-29,BTCUSDT,1630195200000,0.0001
2021-08-29,BTCUSDT,1630224000000,0.0001
2021-08-29,BTCUSDT,1630252800000,0.00014431
2021-08-30,BTCUSDT,1630281600000,0.00024224
2021-08-30,BTCUSDT,1630310400000,0.0001
2021-08-30,BTCUSDT,1630339200000,0.000257
2021-08-31,BTCUSDT,1630368000000,0.00085102
2021-08-31,BTCUSDT,1630396800000,0.00047045
2021-08-31,BTCUSDT,1630425600000,0.0008344
2021-09-01,BTCUSDT,1630454400000,0.0001
2021-09-01,BTCUSDT,1630483200000,0.00068342
2021-09-01,BTCUSDT,1630512000000,0.00069875
2021-09-02,BTCUSDT,1630540800000,0.0001
2021-09-02,BTCUSDT,1630569600000,0.0001
2021-09-02,BTCUSDT,1630598400000,0.0001
2021-09-03,BTCUSDT,1630627200000,0.0001
2021-09-03,BTCUSDT,1630656000000,0.00047347
2021-09-03,BTCUSDT,1630684800000,0.00040884
2021-09-04,BTCUSDT,1630713600000,0.0001
2021-09-04,BTCUSDT,1630742400000,0.0001
2021-09-04,BTCUSDT,1630771200000,0.00012936
2021-09-05,BTCUSDT,1630800000000,0.00016378
2021-09-05,BTCUSDT,1630828800000,0.00030069
2021-09-05,BTCUSDT,1630857600000,0.00037759
2021-09-06,BTCUSDT,1630886400000,0.0001
2021-09-06,BTCUSDT,1630915200000,-0.00035887
2021-09-06,BTCUSDT,1630944000000,-0.00094679
2021-09-07,BTCUSDT,1630972800000,0.0001
2021-09-07,BTCUSDT,1631001600000,0.0001
2021-09-07,BTCUSDT,1631030400000,0.0001
2021-09-08,BTCUSDT,1631059200000,0.00064835
2021-09-08,BTCUSDT,1631088000000,0.0001
2021-09-08,BTCUSDT,1631116800000,0.0001
2021-09-09,BTCUSDT,1631145600000,0.0001
2021-09-09,BTCUSDT,1631174400000,0.0001
2021-09-09,BTCUSDT,1631203200000,0.0001
2021-09-10,BTCUSDT,1631232000000,0.0001
2021-09-10,BTCUSDT,1631260800000,0.0001
2021-09-10,BTCUSDT,1631289600000,0.0001
2021-09-11,BTCUSDT,1631318400000,0.0001
2021-09-11,BTCUSDT,1631347200000,0.0001
2021-09-11,BTCUSDT,1631376000000,0.0001
2021-09-12,BTCUSDT,1631404800000,0.0001
2021-09-12,BTCUSDT,1631433600000,0.0001
2021-09-12,BTCUSDT,1631462400000,0.0001
2021-09-13,BTCUSDT,1631491200000,0.0001
2021-09-13,BTCUSDT,1631520000000,0.0001
2021-09-13,BTCUSDT,1631548800000,0.00048167
2021-09-14,BTCUSDT,1631577600000,0.00027303
2021-09-14,BTCUSDT,1631606400000,0.0001
2021-09-14,BTCUSDT,1631635200000,0.0001
2021-09-15,BTCUSDT,1631664000000,-0.00008282
2021-09-15,BTCUSDT,1631692800000,-0.00024889
2021-09-15,BTCUSDT,1631721600000,-0.00016216
2021-09-16,BTCUSDT,1631750400000,-0.00051931
2021-09-16,BTCUSDT,1631779200000,-0.00033315
2021-09-16,BTCUSDT,1631808000000,-0.0003025
2021-09-17,BTCUSDT,1631836800000,0.0001
2021-09-17,BTCUSDT,1631865600000,0.0001
2021-09-17,BTCUSDT,1631894400000,0.0001
2021-09-18,BTCUSDT,1631923200000,0.0001
2021-09-18,BTCUSDT,1631952000000,0.0001
2021-09-18,BTCUSDT,1631980800000,-0.00013281
2021-09-19,BTCUSDT,1632009600000,-0.0002134
2021-09-19,BTCUSDT,1632038400000,0.0001
2021-09-19,BTCUSDT,1632067200000,0.0001
2021-09-20,BTCUSDT,1632096000000,0.0001
2021-09-20,BTCUSDT,1632124800000,0.0001
2021-09-20,BTCUSDT,1632153600000,0.0001
2021-09-21,BTCUSDT,1632182400000,0.0001
2021-09-21,BTCUSDT,1632211200000,0.0001
2021-09-21,BTCUSDT,1632240000000,-0.00017869
2021-09-22,BTCUSDT,1632268800000,-0.00011803
2021-09-22,BTCUSDT,1632297600000,0.0001
2021-09-22,BTCUSDT,1632326400000,-0.00007806
2021-09-23,BTCUSDT,1632355200000,-0.00008836
2021-09-23,BTCUSDT,1632384000000,-0.00021599
2021-09-23,BTCUSDT,1632412800000,0.00003415
2021-09-24,BTCUSDT,1632441600000,-0.00029959
2021-09-24,BTCUSDT,1632470400000,-0.00029067
2021-09-24,BTCUSDT,1632499200000,-0.00013683
2021-09-25,BTCUSDT,1632528000000,0.0001
2021-09-25,BTCUSDT,1632556800000,0.0001
2021-09-25,BTCUSDT,1632585600000,0.0001
2021-09-26,BTCUSDT,1632614400000,0.0001
2021-09-26,BTCUSDT,1632643200000,0.0001
2021-09-26,BTCUSDT,1632672000000,0.0001
2021-09-27,BTCUSDT,1632700800000,0.0001
2021-09-27,BTCUSDT,1632729600000,0.00008575
2021-09-27,BTCUSDT,1632758400000,-0.0001172
2021-09-28,BTCUSDT,1632787200000,0.0001
2021-09-28,BTCUSDT,1632816000000,0.0001
2021-09-28,BTCUSDT,1632844800000,0.0001
2021-09-29,BTCUSDT,1632873600000,0.0001
2021-09-29,BTCUSDT,1632902400000,0.0001
2021-09-29,BTCUSDT,1632931200000,0.00001754
2021-09-30,BTCUSDT,1632960000000,-0.00005022
2021-09-30,BTCUSDT,1632988800000,0.0001
2021-09-30,BTCUSDT,1633017600000,-0.00042866
2021-10-01,BTCUSDT,1633046400000,-0.00008911
2021-10-01,BTCUSDT,1633075200000,-0.00007744
2021-10-01,BTCUSDT,1633104000000,-0.00036276
2021-10-02,BTCUSDT,1633132800000,-0.00014774
2021-10-02,BTCUSDT,1633161600000,0.00002795
2021-10-02,BTCUSDT,1633190400000,0.0001
2021-10-03,BTCUSDT,1633219200000,0.0001
2021-10-03,BTCUSDT,1633248000000,0.0001
2021-10-03,BTCUSDT,1633276800000,0.0001
2021-10-04,BTCUSDT,1633305600000,0.0001
2021-10-04,BTCUSDT,1633334400000,0.0001
2021-10-04,BTCUSDT,1633363200000,0.0001
2021-10-05,BTCUSDT,1633392000000,0.0001
2021-10-05,BTCUSDT,1633420800000,-0.00010431
2021-10-05,BTCUSDT,1633449600000,-0.00040866
2021-10-06,BTCUSDT,1633478400000,-0.00040482
2021-10-06,BTCUSDT,1633507200000,-0.00019354
2021-10-06,BTCUSDT,1633536000000,0.0001
2021-10-07,BTCUSDT,1633564800000,0.0001
2021-10-07,BTCUSDT,1633593600000,0.0001
2021-10-07,BTCUSDT,1633622400000,0.00036266
2021-10-08,BTCUSDT,1633651200000,0.00092483
2021-10-08,BTCUSDT,1633680000000,0.00080586
2021-10-08,BTCUSDT,1633708800000,0.00061237
2021-10-09,BTCUSDT,1633737600000,0.00045667
2021-10-09,BTCUSDT,1633766400000,0.00030291
2021-10-09,BTCUSDT,1633795200000,0.0002588
2021-10-10,BTCUSDT,1633824000000,0.0001371
2021-10-10,BTCUSDT,1633852800000,0.0001
2021-10-10,BTCUSDT,1633881600000,0.00017559
2021-10-11,BTCUSDT,1633910400000,0.00039246
2021-10-11,BTCUSDT,1633939200000,0.0001647
2021-10-11,BTCUSDT,1633968000000,0.0001
2021-10-12,BTCUSDT,1633996800000,0.0001
2021-10-12,BTCUSDT,1634025600000,0.0001
2021-10-12,BTCUSDT,1634054400000,0.0001
2021-10-13,BTCUSDT,1634083200000,0.0001539
2021-10-13,BTCUSDT,1634112000000,0.00022067
2021-10-13,BTCUSDT,1634140800000,0.0001
2021-10-14,BTCUSDT,1634169600000,0.0001
2021-10-14,BTCUSDT,1634198400000,0.0001
2021-10-14,BTCUSDT,1634227200000,0.0001
2021-10-15,BTCUSDT,1634256000000,0.00022649
2021-10-15,BTCUSDT,1634284800000,0.00019136
2021-10-15,BTCUSDT,1634313600000,0.0001
2021-10-16,BTCUSDT,1634342400000,0.0001
2021-10-16,BTCUSDT,1634371200000,0.00043679
2021-10-16,BTCUSDT,1634400000000,0.00067696
2021-10-17,BTCUSDT,1634428800000,0.00112605
2021-10-17,BTCUSDT,1634457600000,0.00088118
2021-10-17,BTCUSDT,1634486400000,0.0008968
2021-10-18,BTCUSDT,1634515200000,0.00076828
2021-10-18,BTCUSDT,1634544000000,0.00059191
2021-10-18,BTCUSDT,1634572800000,0.0001
2021-10-19,BTCUSDT,1634601600000,0.0001
2021-10-19,BTCUSDT,1634630400000,0.0001
2021-10-19,BTCUSDT,1634659200000,0.00014249
2021-10-20,BTCUSDT,1634688000000,0.00035308
2021-10-20,BTCUSDT,1634716800000,0.00012386
2021-10-20,BTCUSDT,1634745600000,0.00020939
2021-10-21,BTCUSDT,1634774400000,0.00081846
2021-10-21,BTCUSDT,1634803200000,0.00139719
2021-10-21,BTCUSDT,1634832000000,0.00166962
2021-10-22,BTCUSDT,1634860800000,0.00126606
2021-10-22,BTCUSDT,1634889600000,0.00089206
2021-10-22,BTCUSDT,1634918400000,0.00080471
2021-10-23,BTCUSDT,1634947200000,0.00024024
2021-10-23,BTCUSDT,1634976000000,0.0004713
2021-10-23,BTCUSDT,1635004800000,0.00036422
2021-10-24,BTCUSDT,1635033600000,0.00020347
2021-10-24,BTCUSDT,1635062400000,0.00032696
2021-10-24,BTCUSDT,1635091200000,0.00074076
2021-10-25,BTCUSDT,1635120000000,0.0008474
2021-10-25,BTCUSDT,1635148800000,0.0006423
2021-10-25,BTCUSDT,1635177600000,0.00034959
2021-10-26,BTCUSDT,1635206400000,0.0001
2021-10-26,BTCUSDT,1635235200000,0.00020487
2021-10-26,BTCUSDT,1635264000000,0.00050968
2021-10-27,BTCUSDT,1635292800000,0.00058641
2021-10-27,BTCUSDT,1635321600000,0.00069396
2021-10-27,BTCUSDT,1635350400000,0.00055144
2021-10-28,BTCUSDT,1635379200000,0.00078907
2021-10-28,BTCUSDT,1635408000000,0.00065339
2021-10-28,BTCUSDT,1635436800000,0.00044528
2021-10-29,BTCUSDT,1635465600000,0.0001
2021-10-29,BTCUSDT,1635494400000,0.00046644
2021-10-29,BTCUSDT,1635523200000,0.00057802
2021-10-30,BTCUSDT,1635552000000,0.00015068
2021-10-30,BTCUSDT,1635580800000,0.0001
2021-10-30,BTCUSDT,1635609600000,0.0004836
2021-10-31,BTCUSDT,1635638400000,0.00049816
2021-10-31,BTCUSDT,1635667200000,0.00025089
2021-10-31,BTCUSDT,1635696000000,0.00034263
2021-11-01,BTCUSDT,1635724800000,0.00094655
2021-11-01,BTCUSDT,1635753600000,0.00077747
2021-11-01,BTCUSDT,1635782400000,0.00030418
2021-11-02,BTCUSDT,1635811200000,0.00046992
2021-11-02,BTCUSDT,1635840000000,0.00038595
2021-11-02,BTCUSDT,1635868800000,0.00048203
2021-11-03,BTCUSDT,1635897600000,0.00019522
2021-11-03,BTCUSDT,1635926400000,0.00069439
2021-11-03,BTCUSDT,1635955200000,0.00083608
2021-11-04,BTCUSDT,1635984000000,0.00070594
2021-11-04,BTCUSDT,1636012800000,0.00068422
2021-11-04,BTCUSDT,1636041600000,0.00084095
2021-11-05,BTCUSDT,1636070400000,0.00082663
2021-11-05,BTCUSDT,1636099200000,0.00071158
2021-11-05,BTCUSDT,1636128000000,0.00028537
2021-11-06,BTCUSDT,1636156800000,0.00038392
2021-11-06,BTCUSDT,1636185600000,0.00095084
2021-11-06,BTCUSDT,1636214400000,0.00103039
2021-11-07,BTCUSDT,1636243200000,0.0008972
2021-11-07,BTCUSDT,1636272000000,0.00044871
2021-11-07,BTCUSDT,1636300800000,0.0001
2021-11-08,BTCUSDT,1636329600000,0.00013249
2021-11-08,BTCUSDT,1636358400000,0.0001
2021-11-08,BTCUSDT,1636387200000,0.0001
2021-11-09,BTCUSDT,1636416000000,0.0001
2021-11-09,BTCUSDT,1636444800000,0.0001
2021-11-09,BTCUSDT,1636473600000,0.00024803
2021-11-10,BTCUSDT,1636502400000,0.00043182
2021-11-10,BTCUSDT,1636531200000,0.00048949
2021-11-10,BTCUSDT,1636560000000,0.00064863
2021-11-11,BTCUSDT,1636588800000,0.00068919
2021-11-11,BTCUSDT,1636617600000,0.00027595
2021-11-11,BTCUSDT,1636646400000,0.00017559
2021-11-12,BTCUSDT,1636675200000,0.0001
2021-11-12,BTCUSDT,1636704000000,0.0001
2021-11-12,BTCUSDT,1636732800000,0.00029265
2021-11-13,BTCUSDT,1636761600000,0.00039226
2021-11-13,BTCUSDT,1636790400000,0.00027188
2021-11-13,BTCUSDT,1636819200000,0.00018203
2021-11-14,BTCUSDT,1636848000000,0.00018784
2021-11-14,BTCUSDT,1636876800000,0.0001
2021-11-14,BTCUSDT,1636905600000,0.0001
2021-11-15,BTCUSDT,1636934400000,0.0001
2021-11-15,BTCUSDT,1636963200000,0.00017267
2021-11-15,BTCUSDT,1636992000000,0.0001
2021-11-16,BTCUSDT,1637020800000,0.00025064
2021-11-16,BTCUSDT,1637049600000,0.00070974
2021-11-16,BTCUSDT,1637078400000,0.00067888
2021-11-17,BTCUSDT,1637107200000,0.00046822
2021-11-17,BTCUSDT,1637136000000,0.00020102
2021-11-17,BTCUSDT,1637164800000,0.00020795
2021-11-18,BTCUSDT,1637193600000,0.0001
2021-11-18,BTCUSDT,1637222400000,0.0001
2021-11-18,BTCUSDT,1637251200000,0.0001
2021-11-19,BTCUSDT,1637280000000,0.00044016
2021-11-19,BTCUSDT,1637308800000,0.00056097
2021-11-19,BTCUSDT,1637337600000,0.0004462
2021-11-20,BTCUSDT,1637366400000,0.00014983
2021-11-20,BTCUSDT,1637395200000,0.0001
2021-11-20,BTCUSDT,1637424000000,0.0001
2021-11-21,BTCUSDT,1637452800000,0.00015243
2021-11-21,BTCUSDT,1637481600000,0.0001853
2021-11-21,BTCUSDT,1637510400000,0.00019204
2021-11-22,BTCUSDT,1637539200000,0.00016162
2021-11-22,BTCUSDT,1637568000000,0.0001
2021-11-22,BTCUSDT,1637596800000,0.00018017
2021-11-23,BTCUSDT,1637625600000,0.00024461
2021-11-23,BTCUSDT,1637654400000,0.00010012
2021-11-23,BTCUSDT,1637683200000,0.0001
2021-11-24,BTCUSDT,1637712000000,0.0001
2021-11-24,BTCUSDT,1637740800000,0.0001
2021-11-24,BTCUSDT,1637769600000,0.0001
2021-11-25,BTCUSDT,1637798400000,0.00030302
2021-11-25,BTCUSDT,1637827200000,0.00023896
2021-11-25,BTCUSDT,1637856000000,0.0002399
2021-11-26,BTCUSDT,1637884800000,0.00022047
2021-11-26,BTCUSDT,1637913600000,0.00011217
2021-11-26,BTCUSDT,1637942400000,0.00035864
2021-11-27,BTCUSDT,1637971200000,0.0006339
2021-11-27,BTCUSDT,1638000000000,0.00077109
2021-11-27,BTCUSDT,1638028800000,0.00045236
2021-11-28,BTCUSDT,1638057600000,0.0001
2021-11-28,BTCUSDT,1638086400000,0.0001
2021-11-28,BTCUSDT,1638115200000,0.00038515
2021-11-29,BTCUSDT,1638144000000,0.0002569
2021-11-29,BTCUSDT,1638172800000,0.00018488
2021-11-29,BTCUSDT,1638201600000,0.0001
2021-11-30,BTCUSDT,1638230400000,0.0001
2021-11-30,BTCUSDT,1638259200000,0.0001
2021-11-30,BTCUSDT,1638288000000,0.0001
2021-12-01,BTCUSDT,1638316800000,0.0001
2021-12-01,BTCUSDT,1638345600000,0.0001
2021-12-01,BTCUSDT,1638374400000,0.00047503
2021-12-02,BTCUSDT,1638403200000,0.00026917
2021-12-02,BTCUSDT,1638432000000,0.0001
2021-12-02,BTCUSDT,1638460800000,0.0001
2021-12-03,BTCUSDT,1638489600000,0.00040548
2021-12-03,BTCUSDT,1638518400000,0.00011867
2021-12-03,BTCUSDT,1638547200000,0.00031547
2021-12-04,BTCUSDT,1638576000000,0.00044607
2021-12-04,BTCUSDT,1638604800000,0.00019174
2021-12-04,BTCUSDT,1638633600000,0.0001
2021-12-05,BTCUSDT,1638662400000,0.0001
2021-12-05,BTCUSDT,1638691200000,0.00009198
2021-12-05,BTCUSDT,1638720000000,0.00004989
2021-12-06,BTCUSDT,1638748800000,0.00003123
2021-12-06,BTCUSDT,1638777600000,0.0001
2021-12-06,BTCUSDT,1638806400000,0.0001
2021-12-07,BTCUSDT,1638835200000,0.0001
2021-12-07,BTCUSDT,1638864000000,0.0001
2021-12-07,BTCUSDT,1638892800000,0.00002962
2021-12-08,BTCUSDT,1638921600000,-0.00006741
2021-12-08,BTCUSDT,1638950400000,0.0001
2021-12-08,BTCUSDT,1638979200000,0.0001
2021-12-09,BTCUSDT,1639008000000,0.0001
2021-12-09,BTCUSDT,1639036800000,0.0001
2021-12-09,BTCUSDT,1639065600000,0.0001
2021-12-10,BTCUSDT,1639094400000,0.0001
2021-12-10,BTCUSDT,1639123200000,0.0001
2021-12-10,BTCUSDT,1639152000000,0.0001
2021-12-11,BTCUSDT,1639180800000,0.0001
2021-12-11,BTCUSDT,1639209600000,0.0001
2021-12-11,BTCUSDT,1639238400000,0.0001
2021-12-12,BTCUSDT,1639267200000,0.0001
2021-12-12,BTCUSDT,1639296000000,0.0001
2021-12-12,BTCUSDT,1639324800000,0.0001
2021-12-13,BTCUSDT,1639353600000,0.0001
2021-12-13,BTCUSDT,1639382400000,0.0001
2021-12-13,BTCUSDT,1639411200000,0.0000081
2021-12-14,BTCUSDT,1639440000000,0.0001
2021-12-14,BTCUSDT,1639468800000,-0.00004231
2021-12-14,BTCUSDT,1639497600000,-0.00003646
2021-12-15,BTCUSDT,1639526400000,0.0000701
2021-12-15,BTCUSDT,1639555200000,0.0001
2021-12-15,BTCUSDT,1639584000000,0.0001
2021-12-16,BTCUSDT,1639612800000,0.0001
2021-12-16,BTCUSDT,1639641600000,0.0001
2021-12-16,BTCUSDT,1639670400000,0.0001
2021-12-17,BTCUSDT,1639699200000,0.0001
2021-12-17,BTCUSDT,1639728000000,0.0001
2021-12-17,BTCUSDT,1639756800000,0.0001
2021-12-18,BTCUSDT,1639785600000,0.0001
2021-12-18,BTCUSDT,1639814400000,0.0001
2021-12-18,BTCUSDT,1639843200000,0.0001
2021-12-19,BTCUSDT,1639872000000,0.0001
2021-12-19,BTCUSDT,1639900800000,0.0001
2021-12-19,BTCUSDT,1639929600000,0.0001
2021-12-20,BTCUSDT,1639958400000,0.0001
2021-12-20,BTCUSDT,1639987200000,0.0001
2021-12-20,BTCUSDT,1640016000000,0.0001
2021-12-21,BTCUSDT,1640044800000,0.0001
2021-12-21,BTCUSDT,1640073600000,0.0001
2021-12-21,BTCUSDT,1640102400000,0.0001
2021-12-22,BTCUSDT,1640131200000,0.0001
2021-12-22,BTCUSDT,1640160000000,0.0001
2021-12-22,BTCUSDT,1640188800000,0.0001
2021-12-23,BTCUSDT,1640217600000,0.0001
2021-12-23,BTCUSDT,1640246400000,0.0001
2021-12-23,BTCUSDT,1640275200000,0.0001
2021-12-24,BTCUSDT,1640304000000,0.0001
2021-12-24,BTCUSDT,1640332800000,0.0001
2021-12-24,BTCUSDT,1640361600000,0.0001
2021-12-25,BTCUSDT,1640390400000,0.0001
2021-12-25,BTCUSDT,1640419200000,0.0001
2021-12-25,BTCUSDT,1640448000000,0.0001
2021-12-26,BTCUSDT,1640476800000,0.0001
2021-12-26,BTCUSDT,1640505600000,0.0001
2021-12-26,BTCUSDT,1640534400000,0.0001
2021-12-27,BTCUSDT,1640563200000,0.0001
2021-12-27,BTCUSDT,1640592000000,0.0001
2021-12-27,BTCUSDT,1640620800000,0.0001
2021-12-28,BTCUSDT,1640649600000,0.0001
2021-12-28,BTCUSDT,1640678400000,0.0001
2021-12-28,BTCUSDT,1640707200000,0.0001
2021-12-29,BTCUSDT,1640736000000,0.0001
2021-12-29,BTCUSDT,1640764800000,0.0001
2021-12-29,BTCUSDT,1640793600000,0.0001
2021-12-30,BTCUSDT,1640822400000,0.0001
2021-12-30,BTCUSDT,1640851200000,0.0001
2021-12-30,BTCUSDT,1640880000000,0.0001
2021-12-31,BTCUSDT,1640908800000,0.0001
2021-12-31,BTCUSDT,1640937600000,0.0001
2021-12-31,BTCUSDT,1640966400000,0.0001
2022-01-01,BTCUSDT,1640995200000,0.0001
2022-01-01,BTCUSDT,1641024000000,0.0001
2022-01-01,BTCUSDT,1641052800000,0.0001
2022-01-02,BTCUSDT,1641081600000,0.0001
2022-01-02,BTCUSDT,1641110400000,0.0001
2022-01-02,BTCUSDT,1641139200000,0.0001
2022-01-03,BTCUSDT,1641168000000,0.0001
2022-01-03,BTCUSDT,1641196800000,0.0001
2022-01-03,BTCUSDT,1641225600000,0.0001
2022-01-04,BTCUSDT,1641254400000,0.0001
2022-01-04,BTCUSDT,1641283200000,0.0001
2022-01-04,BTCUSDT,1641312000000,0.0001
2022-01-05,BTCUSDT,1641340800000,0.0001
2022-01-05,BTCUSDT,1641369600000,0.0001
2022-01-05,BTCUSDT,1641398400000,0.0001
2022-01-06,BTCUSDT,1641427200000,0.0001
2022-01-06,BTCUSDT,1641456000000,0.0001
2022-01-06,BTCUSDT,1641484800000,0.0001
2022-01-07,BTCUSDT,1641513600000,0.0001
2022-01-07,BTCUSDT,1641542400000,0.0001
2022-01-07,BTCUSDT,1641571200000,0.0001
2022-01-08,BTCUSDT,1641600000000,0.0001
2022-01-08,BTCUSDT,1641628800000,0.0001
2022-01-08,BTCUSDT,1641657600000,0.0001
2022-01-09,BTCUSDT,1641686400000,0.0001
2022-01-09,BTCUSDT,1641715200000,0.0001
2022-01-09,BTCUSDT,1641744000000,0.0001
2022-01-10,BTCUSDT,1641772800000,0.0001
2022-01-10,BTCUSDT,1641801600000,0.0001
2022-01-10,BTCUSDT,1641830400000,0.0001
2022-01-11,BTCUSDT,1641859200000,0.0001
2022-01-11,BTCUSDT,1641888000000,0.0001
2022-01-11,BTCUSDT,1641916800000,0.00008221
2022-01-12,BTCUSDT,1641945600000,0.0001
2022-01-12,BTCUSDT,1641974400000,-0.00002945
2022-01-12,BTCUSDT,1642003200000,0.0001
2022-01-13,BTCUSDT,1642032000000,-0.00014544
2022-01-13,BTCUSDT,1642060800000,0.00009117
2022-01-13,BTCUSDT,1642089600000,0.0001
2022-01-14,BTCUSDT,1642118400000,0.0001
2022-01-14,BTCUSDT,1642147200000,0.0001
2022-01-14,BTCUSDT,1642176000000,0.0001
2022-01-15,BTCUSDT,1642204800000,0.0001
2022-01-15,BTCUSDT,1642233600000,0.00006753
2022-01-15,BTCUSDT,1642262400000,0.0001
2022-01-16,BTCUSDT,1642291200000,0.0001
2022-01-16,BTCUSDT,1642320000000,0.0000427
2022-01-16,BTCUSDT,1642348800000,0.0001
2022-01-17,BTCUSDT,1642377600000,0.0001
2022-01-17,BTCUSDT,1642406400000,0.0001
2022-01-17,BTCUSDT,1642435200000,0.0001
2022-01-18,BTCUSDT,1642464000000,0.0001
2022-01-18,BTCUSDT,1642492800000,0.0001
2022-01-18,BTCUSDT,1642521600000,0.0001
2022-01-19,BTCUSDT,1642550400000,0.0001
2022-01-19,BTCUSDT,1642579200000,0.0001
2022-01-19,BTCUSDT,1642608000000,0.0001
2022-01-20,BTCUSDT,1642636800000,0.0001
2022-01-20,BTCUSDT,1642665600000,0.0001
2022-01-20,BTCUSDT,1642694400000,0.0001
2022-01-21,BTCUSDT,1642723200000,0.0001
2022-01-21,BTCUSDT,1642752000000,0.0001
2022-01-21,BTCUSDT,1642780800000,0.0001
2022-01-22,BTCUSDT,1642809600000,0.0001
2022-01-22,BTCUSDT,1642838400000,0.0001
2022-01-22,BTCUSDT,1642867200000,0.00004864
2022-01-23,BTCUSDT,1642896000000,-0.00004929
2022-01-23,BTCUSDT,1642924800000,0.0001
2022-01-23,BTCUSDT,1642953600000,0.00006928
2022-01-24,BTCUSDT,1642982400000,0.00006391
2022-01-24,BTCUSDT,1643011200000,0.0001
2022-01-24,BTCUSDT,1643040000000,0.0001
2022-01-25,BTCUSDT,1643068800000,0.0001
2022-01-25,BTCUSDT,1643097600000,-0.0001063
2022-01-25,BTCUSDT,1643126400000,0.0001
2022-01-26,BTCUSDT,1643155200000,-0.0000818
2022-01-26,BTCUSDT,1643184000000,-0.00025298
2022-01-26,BTCUSDT,1643212800000,-0.00011039
2022-01-27,BTCUSDT,1643241600000,-0.00016526
2022-01-27,BTCUSDT,1643270400000,0.00004393
2022-01-27,BTCUSDT,1643299200000,-0.00019785
2022-01-28,BTCUSDT,1643328000000,-0.00004744
2022-01-28,BTCUSDT,1643356800000,0.0001
2022-01-28,BTCUSDT,1643385600000,-0.00008549
2022-01-29,BTCUSDT,1643414400000,0.0001
2022-01-29,BTCUSDT,1643443200000,-0.00032025
2022-01-29,BTCUSDT,1643472000000,0.00004215
2022-01-30,BTCUSDT,1643500800000,-0.00007754
2022-01-30,BTCUSDT,1643529600000,-0.00012614
2022-01-30,BTCUSDT,1643558400000,0.00004287
2022-01-31,BTCUSDT,1643587200000,0.00006852
2022-01-31,BTCUSDT,1643616000000,0.00002097
2022-01-31,BTCUSDT,1643644800000,-0.00006998
2022-02-01,BTCUSDT,1643673600000,-0.0001987
2022-02-01,BTCUSDT,1643702400000,-0.00059476
2022-02-01,BTCUSDT,1643731200000,-0.00001712
2022-02-02,BTCUSDT,1643760000000,0.00001556
2022-02-02,BTCUSDT,1643788800000,-0.00002667
2022-02-02,BTCUSDT,1643817600000,0.0001
2022-02-03,BTCUSDT,1643846400000,0.00006713
2022-02-03,BTCUSDT,1643875200000,0.0001
2022-02-03,BTCUSDT,1643904000000,2.5e-7
2022-02-04,BTCUSDT,1643932800000,-0.00016891
2022-02-04,BTCUSDT,1643961600000,0.0001
2022-02-04,BTCUSDT,1643990400000,-0.00041531
2022-02-05,BTCUSDT,1644019200000,0.00008341
2022-02-05,BTCUSDT,1644048000000,-0.00005458
2022-02-05,BTCUSDT,1644076800000,0.0001
2022-02-06,BTCUSDT,1644105600000,0.00003038
2022-02-06,BTCUSDT,1644134400000,-0.00005347
2022-02-06,BTCUSDT,1644163200000,-0.00001399
2022-02-07,BTCUSDT,1644192000000,-0.00007551
2022-02-07,BTCUSDT,1644220800000,-0.00017215
2022-02-07,BTCUSDT,1644249600000,-0.0001405
2022-02-08,BTCUSDT,1644278400000,-0.00005259
2022-02-08,BTCUSDT,1644307200000,0.00004451
2022-02-08,BTCUSDT,1644336000000,0.0001
2022-02-09,BTCUSDT,1644364800000,0.0001
2022-02-09,BTCUSDT,1644393600000,0.0001
2022-02-09,BTCUSDT,1644422400000,-0.00003932
2022-02-10,BTCUSDT,1644451200000,0.0001
2022-02-10,BTCUSDT,1644480000000,-0.00002443
2022-02-10,BTCUSDT,1644508800000,-0.00010229
2022-02-11,BTCUSDT,1644537600000,0.00009616
2022-02-11,BTCUSDT,1644566400000,0.00002688
2022-02-11,BTCUSDT,1644595200000,0.0001
2022-02-12,BTCUSDT,1644624000000,-0.00004905
2022-02-12,BTCUSDT,1644652800000,0.0001
2022-02-12,BTCUSDT,1644681600000,0.0001
2022-02-13,BTCUSDT,1644710400000,0.0001
2022-02-13,BTCUSDT,1644739200000,0.0001
2022-02-13,BTCUSDT,1644768000000,0.0001
2022-02-14,BTCUSDT,1644796800000,-0.00006325
2022-02-14,BTCUSDT,1644825600000,0.0001
2022-02-14,BTCUSDT,1644854400000,0.0001
2022-02-15,BTCUSDT,1644883200000,0.0001
2022-02-15,BTCUSDT,1644912000000,0.0001
2022-02-15,BTCUSDT,1644940800000,-0.00014888
2022-02-16,BTCUSDT,1644969600000,0.0001
2022-02-16,BTCUSDT,1644998400000,0.0001
2022-02-16,BTCUSDT,1645027200000,0.0001
2022-02-17,BTCUSDT,1645056000000,0.0001
2022-02-17,BTCUSDT,1645084800000,0.0001
2022-02-17,BTCUSDT,1645113600000,0.0001
2022-02-18,BTCUSDT,1645142400000,0.0001
2022-02-18,BTCUSDT,1645171200000,0.0001
2022-02-18,BTCUSDT,1645200000000,0.0001
2022-02-19,BTCUSDT,1645228800000,0.00004124
2022-02-19,BTCUSDT,1645257600000,0.0001
2022-02-19,BTCUSDT,1645286400000,0.0001
2022-02-20,BTCUSDT,1645315200000,0.0001
2022-02-20,BTCUSDT,1645344000000,0.0001
2022-02-20,BTCUSDT,1645372800000,0.0001
2022-02-21,BTCUSDT,1645401600000,0.00000394
2022-02-21,BTCUSDT,1645430400000,0.00003534
2022-02-21,BTCUSDT,1645459200000,0.00008298
2022-02-22,BTCUSDT,1645488000000,-0.00016653
2022-02-22,BTCUSDT,1645516800000,0.00000674
2022-02-22,BTCUSDT,1645545600000,0.00006358
2022-02-23,BTCUSDT,1645574400000,-0.00022392
2022-02-23,BTCUSDT,1645603200000,-0.000165
2022-02-23,BTCUSDT,1645632000000,-0.00007834
2022-02-24,BTCUSDT,1645660800000,-0.00016121
2022-02-24,BTCUSDT,1645689600000,0.0001
2022-02-24,BTCUSDT,1645718400000,-0.00027387
2022-02-25,BTCUSDT,1645747200000,-0.00003408
2022-02-25,BTCUSDT,1645776000000,0.00005271
2022-02-25,BTCUSDT,1645804800000,0.00006724
2022-02-26,BTCUSDT,1645833600000,0.00007847
2022-02-26,BTCUSDT,1645862400000,-0.00006366
2022-02-26,BTCUSDT,1645891200000,0.0001
2022-02-27,BTCUSDT,1645920000000,-0.0000407
2022-02-27,BTCUSDT,1645948800000,-0.00006614
2022-02-27,BTCUSDT,1645977600000,-0.00002734
2022-02-28,BTCUSDT,1646006400000,-0.0000025
2022-02-28,BTCUSDT,1646035200000,-0.00021537
2022-02-28,BTCUSDT,1646064000000,-0.00013808
2022-03-01,BTCUSDT,1646092800000,-0.00004209
2022-03-01,BTCUSDT,1646121600000,0.00009464
2022-03-01,BTCUSDT,1646150400000,0.0001
2022-03-02,BTCUSDT,1646179200000,0.00008333
2022-03-02,BTCUSDT,1646208000000,-0.00010436
2022-03-02,BTCUSDT,1646236800000,0.0001
2022-03-03,BTCUSDT,1646265600000,0.0001
2022-03-03,BTCUSDT,1646294400000,0.00008451
2022-03-03,BTCUSDT,1646323200000,0.0001
2022-03-04,BTCUSDT,1646352000000,0.0001
2022-03-04,BTCUSDT,1646380800000,0.0001
2022-03-04,BTCUSDT,1646409600000,0.0001
2022-03-05,BTCUSDT,1646438400000,0.0001
2022-03-05,BTCUSDT,1646467200000,0.00009305
2022-03-05,BTCUSDT,1646496000000,-0.00002498
2022-03-06,BTCUSDT,1646524800000,-0.00003877
2022-03-06,BTCUSDT,1646553600000,-0.00012523
2022-03-06,BTCUSDT,1646582400000,-0.00000193
2022-03-07,BTCUSDT,1646611200000,0.0000972
2022-03-07,BTCUSDT,1646640000000,0.0001
2022-03-07,BTCUSDT,1646668800000,0.0001
2022-03-08,BTCUSDT,1646697600000,-0.00014639
2022-03-08,BTCUSDT,1646726400000,0.0001
2022-03-08,BTCUSDT,1646755200000,0.0001
2022-03-09,BTCUSDT,1646784000000,0.0001
2022-03-09,BTCUSDT,1646812800000,0.0001
2022-03-09,BTCUSDT,1646841600000,-0.00000442
2022-03-10,BTCUSDT,1646870400000,0.0001
2022-03-10,BTCUSDT,1646899200000,0.0001
2022-03-10,BTCUSDT,1646928000000,0.0001
2022-03-11,BTCUSDT,1646956800000,-0.00006508
2022-03-11,BTCUSDT,1646985600000,0.00001125
2022-03-11,BTCUSDT,1647014400000,0.00004275
2022-03-12,BTCUSDT,1647043200000,0.00006418
2022-03-12,BTCUSDT,1647072000000,0.0001
2022-03-12,BTCUSDT,1647100800000,0.0001
2022-03-13,BTCUSDT,1647129600000,0.0001
2022-03-13,BTCUSDT,1647158400000,-0.00003731
2022-03-13,BTCUSDT,1647187200000,-0.00001752
2022-03-14,BTCUSDT,1647216000000,0.0001
2022-03-14,BTCUSDT,1647244800000,0.0001
2022-03-14,BTCUSDT,1647273600000,0.0001
2022-03-15,BTCUSDT,1647302400000,0.0001
2022-03-15,BTCUSDT,1647331200000,0.0001
2022-03-15,BTCUSDT,1647360000000,0.0001
2022-03-16,BTCUSDT,1647388800000,0.0000334
2022-03-16,BTCUSDT,1647417600000,0.0001
2022-03-16,BTCUSDT,1647446400000,-0.00001052
2022-03-17,BTCUSDT,1647475200000,-0.00002098
2022-03-17,BTCUSDT,1647504000000,0.0001
2022-03-17,BTCUSDT,1647532800000,0.0001
2022-03-18,BTCUSDT,1647561600000,0.0001
2022-03-18,BTCUSDT,1647590400000,0.0001
2022-03-18,BTCUSDT,1647619200000,-0.00015262
2022-03-19,BTCUSDT,1647648000000,0.0001
2022-03-19,BTCUSDT,1647676800000,0.00006868
2022-03-19,BTCUSDT,1647705600000,0.0001
2022-03-20,BTCUSDT,1647734400000,0.0001
2022-03-20,BTCUSDT,1647763200000,0.00001245
2022-03-20,BTCUSDT,1647792000000,0.0001
2022-03-21,BTCUSDT,1647820800000,0.0001
2022-03-21,BTCUSDT,1647849600000,0.0001
2022-03-21,BTCUSDT,1647878400000,0.0001
2022-03-22,BTCUSDT,1647907200000,0.00009647
2022-03-22,BTCUSDT,1647936000000,-0.00002881
2022-03-22,BTCUSDT,1647964800000,0.0001
2022-03-23,BTCUSDT,1647993600000,0.00000631
2022-03-23,BTCUSDT,1648022400000,0.0001
2022-03-23,BTCUSDT,1648051200000,0.00009503
2022-03-24,BTCUSDT,1648080000000,0.00005813
2022-03-24,BTCUSDT,1648108800000,0.00000619
2022-03-24,BTCUSDT,1648137600000,-0.00013062
2022-03-25,BTCUSDT,1648166400000,0.00001617
2022-03-25,BTCUSDT,1648195200000,-0.00016285
2022-03-25,BTCUSDT,1648224000000,0.00002951
2022-03-26,BTCUSDT,1648252800000,-0.00030076
2022-03-26,BTCUSDT,1648281600000,0.0001
2022-03-26,BTCUSDT,1648310400000,-0.00030897
2022-03-27,BTCUSDT,1648339200000,0.0001
2022-03-27,BTCUSDT,1648368000000,-0.00023069
2022-03-27,BTCUSDT,1648396800000,-0.00011119
2022-03-28,BTCUSDT,1648425600000,0.00008604
2022-03-28,BTCUSDT,1648454400000,-0.00006406
2022-03-28,BTCUSDT,1648483200000,0.0001
2022-03-29,BTCUSDT,1648512000000,-0.00003025
2022-03-29,BTCUSDT,1648540800000,0.00005502
2022-03-29,BTCUSDT,1648569600000,0.0001
2022-03-30,BTCUSDT,1648598400000,-0.0000296
2022-03-30,BTCUSDT,1648627200000,0.0001
2022-03-30,BTCUSDT,1648656000000,0.0001
2022-03-31,BTCUSDT,1648684800000,0.0001
2022-03-31,BTCUSDT,1648713600000,0.00004928
2022-03-31,BTCUSDT,1648742400000,0.0001
2022-04-01,BTCUSDT,1648771200000,0.0001
2022-04-01,BTCUSDT,1648800000000,0.0001
2022-04-01,BTCUSDT,1648828800000,0.0001
2022-04-02,BTCUSDT,1648857600000,0.00002256
2022-04-02,BTCUSDT,1648886400000,0.0001
2022-04-02,BTCUSDT,1648915200000,0.0001
2022-04-03,BTCUSDT,1648944000000,0.0001
2022-04-03,BTCUSDT,1648972800000,0.0001
2022-04-03,BTCUSDT,1649001600000,0.0001
2022-04-04,BTCUSDT,1649030400000,0.0001
2022-04-04,BTCUSDT,1649059200000,0.0001
2022-04-04,BTCUSDT,1649088000000,0.0001
2022-04-05,BTCUSDT,1649116800000,0.0001
2022-04-05,BTCUSDT,1649145600000,0.0001
2022-04-05,BTCUSDT,1649174400000,0.0001
2022-04-06,BTCUSDT,1649203200000,0.0001
2022-04-06,BTCUSDT,1649232000000,0.0001
2022-04-06,BTCUSDT,1649260800000,0.0001
2022-04-07,BTCUSDT,1649289600000,0.0001
2022-04-07,BTCUSDT,1649318400000,0.0001
2022-04-07,BTCUSDT,1649347200000,0.0001
2022-04-08,BTCUSDT,1649376000000,0.0001
2022-04-08,BTCUSDT,1649404800000,0.0001
2022-04-08,BTCUSDT,1649433600000,0.0001
2022-04-09,BTCUSDT,1649462400000,0.0001
2022-04-09,BTCUSDT,1649491200000,0.0001
2022-04-09,BTCUSDT,1649520000000,0.0001
2022-04-10,BTCUSDT,1649548800000,0.0001
2022-04-10,BTCUSDT,1649577600000,0.0001
2022-04-10,BTCUSDT,1649606400000,-0.00001954
2022-04-11,BTCUSDT,1649635200000,0.0001
2022-04-11,BTCUSDT,1649664000000,-0.00003598
2022-04-11,BTCUSDT,1649692800000,0.0001
2022-04-12,BTCUSDT,1649721600000,0.0001
2022-04-12,BTCUSDT,1649750400000,0.00005925
2022-04-12,BTCUSDT,1649779200000,-0.00020802
2022-04-13,BTCUSDT,1649808000000,-0.00004979
2022-04-13,BTCUSDT,1649836800000,0.0001
2022-04-13,BTCUSDT,1649865600000,-0.00012295
2022-04-14,BTCUSDT,1649894400000,0.0001
2022-04-14,BTCUSDT,1649923200000,0.00009945
2022-04-14,BTCUSDT,1649952000000,0.00006011
2022-04-15,BTCUSDT,1649980800000,0.0001
2022-04-15,BTCUSDT,1650009600000,0.00003357
2022-04-15,BTCUSDT,1650038400000,-0.00007962
2022-04-16,BTCUSDT,1650067200000,0.0001
2022-04-16,BTCUSDT,1650096000000,0.00008138
2022-04-16,BTCUSDT,1650124800000,0.00001418
2022-04-17,BTCUSDT,1650153600000,0.00006507
2022-04-17,BTCUSDT,1650182400000,0.0001
2022-04-17,BTCUSDT,1650211200000,0.00005107
2022-04-18,BTCUSDT,1650240000000,-0.00005359
2022-04-18,BTCUSDT,1650268800000,0.0001
2022-04-18,BTCUSDT,1650297600000,-0.00017139
2022-04-19,BTCUSDT,1650326400000,-0.00004291
2022-04-19,BTCUSDT,1650355200000,0.0001
2022-04-19,BTCUSDT,1650384000000,0.00007034
2022-04-20,BTCUSDT,1650412800000,-0.00002955
2022-04-20,BTCUSDT,1650441600000,0.0001
2022-04-20,BTCUSDT,1650470400000,-0.00001088
2022-04-21,BTCUSDT,1650499200000,-2.6e-7
2022-04-21,BTCUSDT,1650528000000,0.0001
2022-04-21,BTCUSDT,1650556800000,-0.00014831
2022-04-22,BTCUSDT,1650585600000,-0.00011077
2022-04-22,BTCUSDT,1650614400000,0.0001
2022-04-22,BTCUSDT,1650643200000,-0.00025078
2022-04-23,BTCUSDT,1650672000000,0.0001
2022-04-23,BTCUSDT,1650700800000,0.00001058
2022-04-23,BTCUSDT,1650729600000,-0.0001241
2022-04-24,BTCUSDT,1650758400000,-0.00005571
2022-04-24,BTCUSDT,1650787200000,0.00000753
2022-04-24,BTCUSDT,1650816000000,-0.00011916
2022-04-25,BTCUSDT,1650844800000,0.0001
2022-04-25,BTCUSDT,1650873600000,-0.00009507
2022-04-25,BTCUSDT,1650902400000,0.00007912
2022-04-26,BTCUSDT,1650931200000,0.00003481
2022-04-26,BTCUSDT,1650960000000,0.0001
2022-04-26,BTCUSDT,1650988800000,0.0001
2022-04-27,BTCUSDT,1651017600000,0.0001
2022-04-27,BTCUSDT,1651046400000,0.00004173
2022-04-27,BTCUSDT,1651075200000,-7e-7
2022-04-28,BTCUSDT,1651104000000,-0.00007427
2022-04-28,BTCUSDT,1651132800000,0.0001
2022-04-28,BTCUSDT,1651161600000,-0.0001296
2022-04-29,BTCUSDT,1651190400000,0.0001
2022-04-29,BTCUSDT,1651219200000,0.0001
2022-04-29,BTCUSDT,1651248000000,0.0001
2022-04-30,BTCUSDT,1651276800000,0.00006625
2022-04-30,BTCUSDT,1651305600000,-0.00006815
2022-04-30,BTCUSDT,1651334400000,-0.00013118
2022-05-01,BTCUSDT,1651363200000,0.0001
2022-05-01,BTCUSDT,1651392000000,0.00008961
2022-05-01,BTCUSDT,1651420800000,0.00007556
2022-05-02,BTCUSDT,1651449600000,0.00002844
2022-05-02,BTCUSDT,1651478400000,0.00006477
2022-05-02,BTCUSDT,1651507200000,-0.00004916
2022-05-03,BTCUSDT,1651536000000,0.0001
2022-05-03,BTCUSDT,1651564800000,0.0001
2022-05-03,BTCUSDT,1651593600000,0.0001
2022-05-04,BTCUSDT,1651622400000,0.0001
2022-05-04,BTCUSDT,1651651200000,0.0001
2022-05-04,BTCUSDT,1651680000000,0.00008784
2022-05-05,BTCUSDT,1651708800000,0.00005653
2022-05-05,BTCUSDT,1651737600000,0.0001
2022-05-05,BTCUSDT,1651766400000,0.0001
2022-05-06,BTCUSDT,1651795200000,0.0001
2022-05-06,BTCUSDT,1651824000000,-0.00011392
2022-05-06,BTCUSDT,1651852800000,0.00000457
2022-05-07,BTCUSDT,1651881600000,0.0000805
2022-05-07,BTCUSDT,1651910400000,0.00006986
2022-05-07,BTCUSDT,1651939200000,0.00008675
2022-05-08,BTCUSDT,1651968000000,0.0000316
2022-05-08,BTCUSDT,1651996800000,0.0001
2022-05-08,BTCUSDT,1652025600000,0.0001
2022-05-09,BTCUSDT,1652054400000,0.0001
2022-05-09,BTCUSDT,1652083200000,0.0001
2022-05-09,BTCUSDT,1652112000000,0.0001
2022-05-10,BTCUSDT,1652140800000,0.0001
2022-05-10,BTCUSDT,1652169600000,0.0001
2022-05-10,BTCUSDT,1652198400000,0.0001
2022-05-11,BTCUSDT,1652227200000,0.0001
2022-05-11,BTCUSDT,1652256000000,0.0001
2022-05-11,BTCUSDT,1652284800000,0.0001
2022-05-12,BTCUSDT,1652313600000,0.00005857
2022-05-12,BTCUSDT,1652342400000,0.00002731
2022-05-12,BTCUSDT,1652371200000,-0.00064305
2022-05-13,BTCUSDT,1652400000000,-0.00049125
2022-05-13,BTCUSDT,1652428800000,-0.00002668
2022-05-13,BTCUSDT,1652457600000,-0.00018196
2022-05-14,BTCUSDT,1652486400000,0.00004581
2022-05-14,BTCUSDT,1652515200000,0.00001241
2022-05-14,BTCUSDT,1652544000000,0.00003175
2022-05-15,BTCUSDT,1652572800000,0.00003655
2022-05-15,BTCUSDT,1652601600000,-0.00007407
2022-05-15,BTCUSDT,1652630400000,0.00005566
2022-05-16,BTCUSDT,1652659200000,0.00002522
2022-05-16,BTCUSDT,1652688000000,0.0001
2022-05-16,BTCUSDT,1652716800000,0.0001
2022-05-17,BTCUSDT,1652745600000,-0.00012034
2022-05-17,BTCUSDT,1652774400000,0.0001
2022-05-17,BTCUSDT,1652803200000,-0.00015301
2022-05-18,BTCUSDT,1652832000000,0.00001298
2022-05-18,BTCUSDT,1652860800000,-0.00015334
2022-05-18,BTCUSDT,1652889600000,0.00006097
2022-05-19,BTCUSDT,1652918400000,-0.00015947
2022-05-19,BTCUSDT,1652947200000,0.0000987
2022-05-19,BTCUSDT,1652976000000,-0.00009779
2022-05-20,BTCUSDT,1653004800000,-0.00010743
2022-05-20,BTCUSDT,1653033600000,0.0001
2022-05-20,BTCUSDT,1653062400000,0.0001
2022-05-21,BTCUSDT,1653091200000,0.0001
2022-05-21,BTCUSDT,1653120000000,0.00009283
2022-05-21,BTCUSDT,1653148800000,-0.00011023
2022-05-22,BTCUSDT,1653177600000,0.0001
2022-05-22,BTCUSDT,1653206400000,-0.00001093
2022-05-22,BTCUSDT,1653235200000,-0.00003367
2022-05-23,BTCUSDT,1653264000000,0.0001
2022-05-23,BTCUSDT,1653292800000,0.0000898
2022-05-23,BTCUSDT,1653321600000,0.00007361
2022-05-24,BTCUSDT,1653350400000,0.0001
2022-05-24,BTCUSDT,1653379200000,0.0001
2022-05-24,BTCUSDT,1653408000000,-0.00000792
2022-05-25,BTCUSDT,1653436800000,0.00009211
2022-05-25,BTCUSDT,1653465600000,0.00001547
2022-05-25,BTCUSDT,1653494400000,0.00007881
2022-05-26,BTCUSDT,1653523200000,0.0001
2022-05-26,BTCUSDT,1653552000000,0.0001
2022-05-26,BTCUSDT,1653580800000,0.0001
2022-05-27,BTCUSDT,1653609600000,0.0001
2022-05-27,BTCUSDT,1653638400000,0.00007478
2022-05-27,BTCUSDT,1653667200000,0.0001
2022-05-28,BTCUSDT,1653696000000,0.0001
2022-05-28,BTCUSDT,1653724800000,0.0001
2022-05-28,BTCUSDT,1653753600000,-0.00002573
2022-05-29,BTCUSDT,1653782400000,0.0001
2022-05-29,BTCUSDT,1653811200000,0.00006084
2022-05-29,BTCUSDT,1653840000000,0.0001
2022-05-30,BTCUSDT,1653868800000,0.0001
2022-05-30,BTCUSDT,1653897600000,0.0001
2022-05-30,BTCUSDT,1653926400000,-0.00009447
2022-05-31,BTCUSDT,1653955200000,0.0001
2022-05-31,BTCUSDT,1653984000000,0.00003659
2022-05-31,BTCUSDT,1654012800000,0.0001
2022-06-01,BTCUSDT,1654041600000,0.0001
2022-06-01,BTCUSDT,1654070400000,0.0001
2022-06-01,BTCUSDT,1654099200000,0.0001
2022-06-02,BTCUSDT,1654128000000,0.0001
2022-06-02,BTCUSDT,1654156800000,0.00008218
2022-06-02,BTCUSDT,1654185600000,-0.00004305
2022-06-03,BTCUSDT,1654214400000,-0.00014957
2022-06-03,BTCUSDT,1654243200000,0.00001431
2022-06-03,BTCUSDT,1654272000000,-0.000079
2022-06-04,BTCUSDT,1654300800000,0.0001
2022-06-04,BTCUSDT,1654329600000,0.00008266
2022-06-04,BTCUSDT,1654358400000,0.00002361
2022-06-05,BTCUSDT,1654387200000,0.00003614
2022-06-05,BTCUSDT,1654416000000,0.00001521
2022-06-05,BTCUSDT,1654444800000,0.0001
2022-06-06,BTCUSDT,1654473600000,0.00005579
2022-06-06,BTCUSDT,1654502400000,0.00002012
2022-06-06,BTCUSDT,1654531200000,-0.00001767
2022-06-07,BTCUSDT,1654560000000,0.0000118
2022-06-07,BTCUSDT,1654588800000,0.0001
2022-06-07,BTCUSDT,1654617600000,0.00009565
2022-06-08,BTCUSDT,1654646400000,-0.00007631
2022-06-08,BTCUSDT,1654675200000,0.0001
2022-06-08,BTCUSDT,1654704000000,0.0001
2022-06-09,BTCUSDT,1654732800000,0.0001
2022-06-09,BTCUSDT,1654761600000,0.0001
2022-06-09,BTCUSDT,1654790400000,0.0001
2022-06-10,BTCUSDT,1654819200000,0.0001
2022-06-10,BTCUSDT,1654848000000,0.0001
2022-06-10,BTCUSDT,1654876800000,0.0001
2022-06-11,BTCUSDT,1654905600000,0.00007236
2022-06-11,BTCUSDT,1654934400000,0.0001
2022-06-11,BTCUSDT,1654963200000,-0.00004366
2022-06-12,BTCUSDT,1654992000000,0.0001
2022-06-12,BTCUSDT,1655020800000,0.0001
2022-06-12,BTCUSDT,1655049600000,0.00005064
2022-06-13,BTCUSDT,1655078400000,0.00008506
2022-06-13,BTCUSDT,1655107200000,0.0001
2022-06-13,BTCUSDT,1655136000000,-0.00007714
2022-06-14,BTCUSDT,1655164800000,0.0001
2022-06-14,BTCUSDT,1655193600000,0.0001
2022-06-14,BTCUSDT,1655222400000,-0.00014081
2022-06-15,BTCUSDT,1655251200000,0.0001
2022-06-15,BTCUSDT,1655280000000,-0.00003143
2022-06-15,BTCUSDT,1655308800000,0.00008887
2022-06-16,BTCUSDT,1655337600000,-0.0001
2022-06-16,BTCUSDT,1655366400000,0.0001
2022-06-16,BTCUSDT,1655395200000,-0.00011241
2022-06-17,BTCUSDT,1655424000000,0.00007931
2022-06-17,BTCUSDT,1655452800000,-0.0000089
2022-06-17,BTCUSDT,1655481600000,-0.00011989
2022-06-18,BTCUSDT,1655510400000,0.0001
2022-06-18,BTCUSDT,1655539200000,0.0001
2022-06-18,BTCUSDT,1655568000000,0.0001
2022-06-19,BTCUSDT,1655596800000,-0.00016071
2022-06-19,BTCUSDT,1655625600000,0.0001
2022-06-19,BTCUSDT,1655654400000,-0.00003449
2022-06-20,BTCUSDT,1655683200000,-0.00011584
2022-06-20,BTCUSDT,1655712000000,0.0001
2022-06-20,BTCUSDT,1655740800000,0.0000524
2022-06-21,BTCUSDT,1655769600000,0.00004988
2022-06-21,BTCUSDT,1655798400000,0.0001
2022-06-21,BTCUSDT,1655827200000,0.0001
2022-06-22,BTCUSDT,1655856000000,-0.00001328
2022-06-22,BTCUSDT,1655884800000,0.0001
2022-06-22,BTCUSDT,1655913600000,0.0000957
2022-06-23,BTCUSDT,1655942400000,-0.00000571
2022-06-23,BTCUSDT,1655971200000,0.00001773
2022-06-23,BTCUSDT,1656000000000,-0.00005576
2022-06-24,BTCUSDT,1656028800000,-0.00000926
2022-06-24,BTCUSDT,1656057600000,0.0001
2022-06-24,BTCUSDT,1656086400000,0.0000471
2022-06-25,BTCUSDT,1656115200000,0.0001
2022-06-25,BTCUSDT,1656144000000,0.0000537
2022-06-25,BTCUSDT,1656172800000,0.00008783
2022-06-26,BTCUSDT,1656201600000,0.0001
2022-06-26,BTCUSDT,1656230400000,0.00003049
2022-06-26,BTCUSDT,1656259200000,0.0000786
2022-06-27,BTCUSDT,1656288000000,0.00006795
2022-06-27,BTCUSDT,1656316800000,0.00008947
2022-06-27,BTCUSDT,1656345600000,-0.00002459
2022-06-28,BTCUSDT,1656374400000,0.00009116
2022-06-28,BTCUSDT,1656403200000,-0.00007658
2022-06-28,BTCUSDT,1656432000000,-0.0000909
2022-06-29,BTCUSDT,1656460800000,0.00006508
2022-06-29,BTCUSDT,1656489600000,0.0001
2022-06-29,BTCUSDT,1656518400000,0.0001
2022-06-30,BTCUSDT,1656547200000,0.00009593
2022-06-30,BTCUSDT,1656576000000,-0.00001677
2022-06-30,BTCUSDT,1656604800000,-0.00002749
2022-07-01,BTCUSDT,1656633600000,-0.00021249
2022-07-01,BTCUSDT,1656662400000,0.00004189
2022-07-01,BTCUSDT,1656691200000,-0.00007244
2022-07-02,BTCUSDT,1656720000000,0.0000041
2022-07-02,BTCUSDT,1656748800000,-0.00004552
2022-07-02,BTCUSDT,1656777600000,0.0001
2022-07-03,BTCUSDT,1656806400000,-0.00000707
2022-07-03,BTCUSDT,1656835200000,0.00005585
2022-07-03,BTCUSDT,1656864000000,0.00006808
2022-07-04,BTCUSDT,1656892800000,0.00004263
2022-07-04,BTCUSDT,1656921600000,0.0001
2022-07-04,BTCUSDT,1656950400000,-0.00010662
2022-07-05,BTCUSDT,1656979200000,-0.00003649
2022-07-05,BTCUSDT,1657008000000,0.00002588
2022-07-05,BTCUSDT,1657036800000,0.0001
2022-07-06,BTCUSDT,1657065600000,0.00005699
2022-07-06,BTCUSDT,1657094400000,0.0001
2022-07-06,BTCUSDT,1657123200000,0.0001
2022-07-07,BTCUSDT,1657152000000,0.00004184
2022-07-07,BTCUSDT,1657180800000,0.0001
2022-07-07,BTCUSDT,1657209600000,0.0000938
2022-07-08,BTCUSDT,1657238400000,-0.00020743
2022-07-08,BTCUSDT,1657267200000,0.0001
2022-07-08,BTCUSDT,1657296000000,0.0001
2022-07-09,BTCUSDT,1657324800000,0.0001
2022-07-09,BTCUSDT,1657353600000,0.0001
2022-07-09,BTCUSDT,1657382400000,0.0001
2022-07-10,BTCUSDT,1657411200000,0.0001
2022-07-10,BTCUSDT,1657440000000,0.0001
2022-07-10,BTCUSDT,1657468800000,0.0001
2022-07-11,BTCUSDT,1657497600000,0.0001
2022-07-11,BTCUSDT,1657526400000,0.0001
2022-07-11,BTCUSDT,1657555200000,0.00004144
2022-07-12,BTCUSDT,1657584000000,0.0001
2022-07-12,BTCUSDT,1657612800000,0.0001
2022-07-12,BTCUSDT,1657641600000,0.0001
2022-07-13,BTCUSDT,1657670400000,0.00007023
2022-07-13,BTCUSDT,1657699200000,-0.00004334
2022-07-13,BTCUSDT,1657728000000,0.0000016
2022-07-14,BTCUSDT,1657756800000,0.00003004
2022-07-14,BTCUSDT,1657785600000,0.00005107
2022-07-14,BTCUSDT,1657814400000,0.0001
2022-07-15,BTCUSDT,1657843200000,0.00004145
2022-07-15,BTCUSDT,1657872000000,0.00005113
2022-07-15,BTCUSDT,1657900800000,0.00003059
2022-07-16,BTCUSDT,1657929600000,0.00008893
2022-07-16,BTCUSDT,1657958400000,0.0001
2022-07-16,BTCUSDT,1657987200000,0.00009035
2022-07-17,BTCUSDT,1658016000000,0.0001
2022-07-17,BTCUSDT,1658044800000,0.0001
2022-07-17,BTCUSDT,1658073600000,0.0001
2022-07-18,BTCUSDT,1658102400000,0.0001
2022-07-18,BTCUSDT,1658131200000,0.0001
2022-07-18,BTCUSDT,1658160000000,0.0001
2022-07-19,BTCUSDT,1658188800000,0.0001
2022-07-19,BTCUSDT,1658217600000,0.0001
2022-07-19,BTCUSDT,1658246400000,0.0001
2022-07-20,BTCUSDT,1658275200000,0.0001
2022-07-20,BTCUSDT,1658304000000,0.0001
2022-07-20,BTCUSDT,1658332800000,0.0001
2022-07-21,BTCUSDT,1658361600000,0.0001
2022-07-21,BTCUSDT,1658390400000,0.0001
2022-07-21,BTCUSDT,1658419200000,0.0001
2022-07-22,BTCUSDT,1658448000000,0.0001
2022-07-22,BTCUSDT,1658476800000,0.00009924
2022-07-22,BTCUSDT,1658505600000,0.0000825
2022-07-23,BTCUSDT,1658534400000,0.0001
2022-07-23,BTCUSDT,1658563200000,0.00006429
2022-07-23,BTCUSDT,1658592000000,0.0001
2022-07-24,BTCUSDT,1658620800000,0.0001
2022-07-24,BTCUSDT,1658649600000,0.00009201
2022-07-24,BTCUSDT,1658678400000,0.0001
2022-07-25,BTCUSDT,1658707200000,0.0001
2022-07-25,BTCUSDT,1658736000000,0.0001
2022-07-25,BTCUSDT,1658764800000,0.00002443
2022-07-26,BTCUSDT,1658793600000,0.0001
2022-07-26,BTCUSDT,1658822400000,0.00009394
2022-07-26,BTCUSDT,1658851200000,0.0001
2022-07-27,BTCUSDT,1658880000000,0.00005271
2022-07-27,BTCUSDT,1658908800000,0.00003759
2022-07-27,BTCUSDT,1658937600000,-0.00001336
2022-07-28,BTCUSDT,1658966400000,0.00005351
2022-07-28,BTCUSDT,1658995200000,0.0001
2022-07-28,BTCUSDT,1659024000000,0.0001
2022-07-29,BTCUSDT,1659052800000,0.0001
2022-07-29,BTCUSDT,1659081600000,0.0001
2022-07-29,BTCUSDT,1659110400000,0.0001
2022-07-30,BTCUSDT,1659139200000,0.0001
2022-07-30,BTCUSDT,1659168000000,0.0001
2022-07-30,BTCUSDT,1659196800000,0.0000752
2022-07-31,BTCUSDT,1659225600000,0.0001
2022-07-31,BTCUSDT,1659254400000,0.0001
2022-07-31,BTCUSDT,1659283200000,0.00009467
2022-08-01,BTCUSDT,1659312000000,0.0001
2022-08-01,BTCUSDT,1659340800000,0.0001
2022-08-01,BTCUSDT,1659369600000,0.00005215
2022-08-02,BTCUSDT,1659398400000,0.0001
2022-08-02,BTCUSDT,1659427200000,0.0001
2022-08-02,BTCUSDT,1659456000000,0.00004102
2022-08-03,BTCUSDT,1659484800000,0.00002956
2022-08-03,BTCUSDT,1659513600000,-0.00003168
2022-08-03,BTCUSDT,1659542400000,-0.00003547
2022-08-04,BTCUSDT,1659571200000,-0.00004027
2022-08-04,BTCUSDT,1659600000000,-0.00005024
2022-08-04,BTCUSDT,1659628800000,0.0001
2022-08-05,BTCUSDT,1659657600000,0.00004211
2022-08-05,BTCUSDT,1659686400000,-0.00001016
2022-08-05,BTCUSDT,1659715200000,0.0001
2022-08-06,BTCUSDT,1659744000000,0.0001
2022-08-06,BTCUSDT,1659772800000,0.00004177
2022-08-06,BTCUSDT,1659801600000,0.0001
2022-08-07,BTCUSDT,1659830400000,0.0001
2022-08-07,BTCUSDT,1659859200000,0.0001
2022-08-07,BTCUSDT,1659888000000,0.00004166
2022-08-08,BTCUSDT,1659916800000,0.00006174
2022-08-08,BTCUSDT,1659945600000,-0.00008578
2022-08-08,BTCUSDT,1659974400000,-0.00001892
2022-08-09,BTCUSDT,1660003200000,0.0001
2022-08-09,BTCUSDT,1660032000000,0.0001
2022-08-09,BTCUSDT,1660060800000,0.0001
2022-08-10,BTCUSDT,1660089600000,0.0001
2022-08-10,BTCUSDT,1660118400000,0.0001
2022-08-10,BTCUSDT,1660147200000,0.0001
2022-08-11,BTCUSDT,1660176000000,0.0001
2022-08-11,BTCUSDT,1660204800000,0.0001
2022-08-11,BTCUSDT,1660233600000,0.0001
2022-08-12,BTCUSDT,1660262400000,0.0001
2022-08-12,BTCUSDT,1660291200000,0.0001
2022-08-12,BTCUSDT,1660320000000,0.0001
2022-08-13,BTCUSDT,1660348800000,0.0001
2022-08-13,BTCUSDT,1660377600000,0.0001
2022-08-13,BTCUSDT,1660406400000,0.0001
2022-08-14,BTCUSDT,1660435200000,0.0001
2022-08-14,BTCUSDT,1660464000000,0.0001
2022-08-14,BTCUSDT,1660492800000,0.0001
2022-08-15,BTCUSDT,1660521600000,0.0001
2022-08-15,BTCUSDT,1660550400000,0.0001
2022-08-15,BTCUSDT,1660579200000,0.0001
2022-08-16,BTCUSDT,1660608000000,0.0001
2022-08-16,BTCUSDT,1660636800000,0.0001
2022-08-16,BTCUSDT,1660665600000,0.0001
2022-08-17,BTCUSDT,1660694400000,0.0001
2022-08-17,BTCUSDT,1660723200000,0.0001
2022-08-17,BTCUSDT,1660752000000,0.0001
2022-08-18,BTCUSDT,1660780800000,0.0001
2022-08-18,BTCUSDT,1660809600000,0.0001
2022-08-18,BTCUSDT,1660838400000,0.00002591
2022-08-19,BTCUSDT,1660867200000,0.0001
2022-08-19,BTCUSDT,1660896000000,0.0001
2022-08-19,BTCUSDT,1660924800000,0.00001981
2022-08-20,BTCUSDT,1660953600000,0.00007325
2022-08-20,BTCUSDT,1660982400000,-0.00010208
2022-08-20,BTCUSDT,1661011200000,-0.00008407
2022-08-21,BTCUSDT,1661040000000,-0.00003307
2022-08-21,BTCUSDT,1661068800000,-0.0000871
2022-08-21,BTCUSDT,1661097600000,-0.00007817
2022-08-22,BTCUSDT,1661126400000,-0.00012187
2022-08-22,BTCUSDT,1661155200000,-0.00002536
2022-08-22,BTCUSDT,1661184000000,-0.00001974
2022-08-23,BTCUSDT,1661212800000,-0.00003888
2022-08-23,BTCUSDT,1661241600000,-0.00003496
2022-08-23,BTCUSDT,1661270400000,0.00003134
2022-08-24,BTCUSDT,1661299200000,0.0000127
2022-08-24,BTCUSDT,1661328000000,-0.00002743
2022-08-24,BTCUSDT,1661356800000,-0.00008491
2022-08-25,BTCUSDT,1661385600000,-0.00003609
2022-08-25,BTCUSDT,1661414400000,-0.00001316
2022-08-25,BTCUSDT,1661443200000,0.0001
2022-08-26,BTCUSDT,1661472000000,0.00007881
2022-08-26,BTCUSDT,1661500800000,0.0001
2022-08-26,BTCUSDT,1661529600000,0.0001
2022-08-27,BTCUSDT,1661558400000,0.00009776
2022-08-27,BTCUSDT,1661587200000,-0.00002791
2022-08-27,BTCUSDT,1661616000000,0.0000468
2022-08-28,BTCUSDT,1661644800000,0.00007514
2022-08-28,BTCUSDT,1661673600000,0.00001835
2022-08-28,BTCUSDT,1661702400000,0.0000269
2022-08-29,BTCUSDT,1661731200000,-0.00002107
2022-08-29,BTCUSDT,1661760000000,-0.00012872
2022-08-29,BTCUSDT,1661788800000,-0.00010156
2022-08-30,BTCUSDT,1661817600000,0.00002295
2022-08-30,BTCUSDT,1661846400000,0.00000914
2022-08-30,BTCUSDT,1661875200000,0.00007029
2022-08-31,BTCUSDT,1661904000000,0.00007635
2022-08-31,BTCUSDT,1661932800000,0.00001027
2022-08-31,BTCUSDT,1661961600000,0.00002156
2022-09-01,BTCUSDT,1661990400000,0.00006267
2022-09-01,BTCUSDT,1662019200000,0.00006768
2022-09-01,BTCUSDT,1662048000000,0.0001
2022-09-02,BTCUSDT,1662076800000,0.0001
2022-09-02,BTCUSDT,1662105600000,0.0001
2022-09-02,BTCUSDT,1662134400000,0.00002906
2022-09-03,BTCUSDT,1662163200000,0.00003025
2022-09-03,BTCUSDT,1662192000000,0.0001
2022-09-03,BTCUSDT,1662220800000,0.0001
2022-09-04,BTCUSDT,1662249600000,0.0001
2022-09-04,BTCUSDT,1662278400000,0.0001
2022-09-04,BTCUSDT,1662307200000,0.0001
2022-09-05,BTCUSDT,1662336000000,0.00005376
2022-09-05,BTCUSDT,1662364800000,0.0001
2022-09-05,BTCUSDT,1662393600000,0.0001
2022-09-06,BTCUSDT,1662422400000,0.0001
2022-09-06,BTCUSDT,1662451200000,0.00007048
2022-09-06,BTCUSDT,1662480000000,0.00006524
2022-09-07,BTCUSDT,1662508800000,0.0001
2022-09-07,BTCUSDT,1662537600000,0.0001
2022-09-07,BTCUSDT,1662566400000,-0.00003055
2022-09-08,BTCUSDT,1662595200000,-0.00006166
2022-09-08,BTCUSDT,1662624000000,0.00008242
2022-09-08,BTCUSDT,1662652800000,0.00007268
2022-09-09,BTCUSDT,1662681600000,0.00004587
2022-09-09,BTCUSDT,1662710400000,-0.00011025
2022-09-09,BTCUSDT,1662739200000,-0.00015318
2022-09-10,BTCUSDT,1662768000000,-0.00008964
2022-09-10,BTCUSDT,1662796800000,-0.00000914
2022-09-10,BTCUSDT,1662825600000,0.0001
2022-09-11,BTCUSDT,1662854400000,0.00000442
2022-09-11,BTCUSDT,1662883200000,0.0000206
2022-09-11,BTCUSDT,1662912000000,-0.00005103
2022-09-12,BTCUSDT,1662940800000,-0.00012697
2022-09-12,BTCUSDT,1662969600000,-0.00004087
2022-09-12,BTCUSDT,1662998400000,-0.00010085
2022-09-13,BTCUSDT,1663027200000,-0.00003721
2022-09-13,BTCUSDT,1663056000000,0.00004252
2022-09-13,BTCUSDT,1663084800000,0.0001
2022-09-14,BTCUSDT,1663113600000,0.0001
2022-09-14,BTCUSDT,1663142400000,0.00005483
2022-09-14,BTCUSDT,1663171200000,-0.00000862
2022-09-15,BTCUSDT,1663200000000,0.00003868
2022-09-15,BTCUSDT,1663228800000,0.00009994
2022-09-15,BTCUSDT,1663257600000,-0.00001653
2022-09-16,BTCUSDT,1663286400000,0.0001
2022-09-16,BTCUSDT,1663315200000,0.0000437
2022-09-16,BTCUSDT,1663344000000,0.00003118
2022-09-17,BTCUSDT,1663372800000,0.00006904
2022-09-17,BTCUSDT,1663401600000,-0.00000174
2022-09-17,BTCUSDT,1663430400000,0.0000148
2022-09-18,BTCUSDT,1663459200000,0.00003252
2022-09-18,BTCUSDT,1663488000000,0.00008301
2022-09-18,BTCUSDT,1663516800000,0.0001
2022-09-19,BTCUSDT,1663545600000,0.0001
2022-09-19,BTCUSDT,1663574400000,-0.00000209
2022-09-19,BTCUSDT,1663603200000,-0.00007589
2022-09-20,BTCUSDT,1663632000000,0.00005022
2022-09-20,BTCUSDT,1663660800000,0.00001506
2022-09-20,BTCUSDT,1663689600000,0.00009431
2022-09-21,BTCUSDT,1663718400000,0.0001
2022-09-21,BTCUSDT,1663747200000,0.00007607
2022-09-21,BTCUSDT,1663776000000,0.00001516
2022-09-22,BTCUSDT,1663804800000,-0.00004847
2022-09-22,BTCUSDT,1663833600000,-0.00009459
2022-09-22,BTCUSDT,1663862400000,0.00001717
2022-09-23,BTCUSDT,1663891200000,0.00001496
2022-09-23,BTCUSDT,1663920000000,-0.00003749
2022-09-23,BTCUSDT,1663948800000,0.00003188
2022-09-24,BTCUSDT,1663977600000,0.00001908
2022-09-24,BTCUSDT,1664006400000,0.00003276
2022-09-24,BTCUSDT,1664035200000,0.00005797
2022-09-25,BTCUSDT,1664064000000,0.0001
2022-09-25,BTCUSDT,1664092800000,0.00002737
2022-09-25,BTCUSDT,1664121600000,0.00002898
2022-09-26,BTCUSDT,1664150400000,0.00003519
2022-09-26,BTCUSDT,1664179200000,0.00009879
2022-09-26,BTCUSDT,1664208000000,0.00001016
2022-09-27,BTCUSDT,1664236800000,-0.00002284
2022-09-27,BTCUSDT,1664265600000,-0.00006784
2022-09-27,BTCUSDT,1664294400000,-0.00003419
2022-09-28,BTCUSDT,1664323200000,0.00003444
2022-09-28,BTCUSDT,1664352000000,0.00001325
2022-09-28,BTCUSDT,1664380800000,0.00002074
2022-09-29,BTCUSDT,1664409600000,-0.00004804
2022-09-29,BTCUSDT,1664438400000,-0.00002209
2022-09-29,BTCUSDT,1664467200000,0.00004184
2022-09-30,BTCUSDT,1664496000000,0.00003601
2022-09-30,BTCUSDT,1664524800000,0.0001
2022-09-30,BTCUSDT,1664553600000,0.0000195
2022-10-01,BTCUSDT,1664582400000,0.00009899
2022-10-01,BTCUSDT,1664611200000,0.0001
2022-10-01,BTCUSDT,1664640000000,0.0001
2022-10-02,BTCUSDT,1664668800000,0.0001
2022-10-02,BTCUSDT,1664697600000,0.00004954
2022-10-02,BTCUSDT,1664726400000,0.0001
2022-10-03,BTCUSDT,1664755200000,0.00008576
2022-10-03,BTCUSDT,1664784000000,0.0001
2022-10-03,BTCUSDT,1664812800000,0.0001
2022-10-04,BTCUSDT,1664841600000,0.00001215
2022-10-04,BTCUSDT,1664870400000,-0.00000525
2022-10-04,BTCUSDT,1664899200000,-0.00012187
2022-10-05,BTCUSDT,1664928000000,-0.00006701
2022-10-05,BTCUSDT,1664956800000,0.00001471
2022-10-05,BTCUSDT,1664985600000,0.00006623
2022-10-06,BTCUSDT,1665014400000,0.00004654
2022-10-06,BTCUSDT,1665043200000,-0.00003424
2022-10-06,BTCUSDT,1665072000000,0.0001
2022-10-07,BTCUSDT,1665100800000,0.0001
2022-10-07,BTCUSDT,1665129600000,0.0001
2022-10-07,BTCUSDT,1665158400000,0.0001
2022-10-08,BTCUSDT,1665187200000,0.0001
2022-10-08,BTCUSDT,1665216000000,0.0001
2022-10-08,BTCUSDT,1665244800000,0.0001
2022-10-09,BTCUSDT,1665273600000,0.00008493
2022-10-09,BTCUSDT,1665302400000,0.00005543
2022-10-09,BTCUSDT,1665331200000,0.00000458
2022-10-10,BTCUSDT,1665360000000,0.0001
2022-10-10,BTCUSDT,1665388800000,0.0001
2022-10-10,BTCUSDT,1665417600000,0.0001
2022-10-11,BTCUSDT,1665446400000,0.0001
2022-10-11,BTCUSDT,1665475200000,0.0001
2022-10-11,BTCUSDT,1665504000000,0.0001
2022-10-12,BTCUSDT,1665532800000,0.0001
2022-10-12,BTCUSDT,1665561600000,0.0001
2022-10-12,BTCUSDT,1665590400000,0.0001
2022-10-13,BTCUSDT,1665619200000,0.00007248
2022-10-13,BTCUSDT,1665648000000,0.0001
2022-10-13,BTCUSDT,1665676800000,0.0001
2022-10-14,BTCUSDT,1665705600000,-0.00002655
2022-10-14,BTCUSDT,1665734400000,-4.4e-7
2022-10-14,BTCUSDT,1665763200000,0.00003467
2022-10-15,BTCUSDT,1665792000000,0.0001
2022-10-15,BTCUSDT,1665820800000,0.00008506
2022-10-15,BTCUSDT,1665849600000,0.00007789
2022-10-16,BTCUSDT,1665878400000,0.00008867
2022-10-16,BTCUSDT,1665907200000,0.00005522
2022-10-16,BTCUSDT,1665936000000,0.00001462
2022-10-17,BTCUSDT,1665964800000,0.00006233
2022-10-17,BTCUSDT,1665993600000,0.0001
2022-10-17,BTCUSDT,1666022400000,-0.00006329
2022-10-18,BTCUSDT,1666051200000,0.00004257
2022-10-18,BTCUSDT,1666080000000,0.00003258
2022-10-18,BTCUSDT,1666108800000,0.00003261
2022-10-19,BTCUSDT,1666137600000,0.0001
2022-10-19,BTCUSDT,1666166400000,0.0001
2022-10-19,BTCUSDT,1666195200000,0.0001
2022-10-20,BTCUSDT,1666224000000,0.0001
2022-10-20,BTCUSDT,1666252800000,0.0001
2022-10-20,BTCUSDT,1666281600000,0.0001
2022-10-21,BTCUSDT,1666310400000,0.0001
2022-10-21,BTCUSDT,1666339200000,0.0001
2022-10-21,BTCUSDT,1666368000000,0.0001
2022-10-22,BTCUSDT,1666396800000,0.00000443
2022-10-22,BTCUSDT,1666425600000,-0.00000587
2022-10-22,BTCUSDT,1666454400000,-0.00005909
2022-10-23,BTCUSDT,1666483200000,0.00000636
2022-10-23,BTCUSDT,1666512000000,-0.00002399
2022-10-23,BTCUSDT,1666540800000,0.00006019
2022-10-24,BTCUSDT,1666569600000,-0.0000102
2022-10-24,BTCUSDT,1666598400000,0.00007201
2022-10-24,BTCUSDT,1666627200000,0.00004289
2022-10-25,BTCUSDT,1666656000000,0.00002585
2022-10-25,BTCUSDT,1666684800000,0.00000932
2022-10-25,BTCUSDT,1666713600000,-0.00008074
2022-10-26,BTCUSDT,1666742400000,-0.0002228
2022-10-26,BTCUSDT,1666771200000,-0.00006514
2022-10-26,BTCUSDT,1666800000000,-0.00000727
2022-10-27,BTCUSDT,1666828800000,-0.00004945
2022-10-27,BTCUSDT,1666857600000,-0.0000782
2022-10-27,BTCUSDT,1666886400000,0.00001722
2022-10-28,BTCUSDT,1666915200000,-7.5e-7
2022-10-28,BTCUSDT,1666944000000,0.00003124
2022-10-28,BTCUSDT,1666972800000,0.0000122
2022-10-29,BTCUSDT,1667001600000,0.00004921
2022-10-29,BTCUSDT,1667030400000,0.00002896
2022-10-29,BTCUSDT,1667059200000,0.00003414
2022-10-30,BTCUSDT,1667088000000,-0.00003045
2022-10-30,BTCUSDT,1667116800000,-0.00001171
2022-10-30,BTCUSDT,1667145600000,-0.00000197
2022-10-31,BTCUSDT,1667174400000,0.00001346
2022-10-31,BTCUSDT,1667203200000,0.00004618
2022-10-31,BTCUSDT,1667232000000,0.00006003
2022-11-01,BTCUSDT,1667260800000,6.1e-7
2022-11-01,BTCUSDT,1667289600000,-0.00007105
2022-11-01,BTCUSDT,1667318400000,0.00003047
2022-11-02,BTCUSDT,1667347200000,0.00006306
2022-11-02,BTCUSDT,1667376000000,0.00002412
2022-11-02,BTCUSDT,1667404800000,0.00005665
2022-11-03,BTCUSDT,1667433600000,0.00007337
2022-11-03,BTCUSDT,1667462400000,-0.00002029
2022-11-03,BTCUSDT,1667491200000,0.00006498
2022-11-04,BTCUSDT,1667520000000,0.000044
2022-11-04,BTCUSDT,1667548800000,-0.00009663
2022-11-04,BTCUSDT,1667577600000,-0.00011263
2022-11-05,BTCUSDT,1667606400000,-0.0000233
2022-11-05,BTCUSDT,1667635200000,-0.00017016
2022-11-05,BTCUSDT,1667664000000,0.00002445
2022-11-06,BTCUSDT,1667692800000,-0.0000233
2022-11-06,BTCUSDT,1667721600000,0.00000892
2022-11-06,BTCUSDT,1667750400000,0.0000565
2022-11-07,BTCUSDT,1667779200000,0.00009657
2022-11-07,BTCUSDT,1667808000000,0.0001
2022-11-07,BTCUSDT,1667836800000,0.0001
2022-11-08,BTCUSDT,1667865600000,0.00008265
2022-11-08,BTCUSDT,1667894400000,0.00008615
2022-11-08,BTCUSDT,1667923200000,0.00008632
2022-11-09,BTCUSDT,1667952000000,-0.00013242
2022-11-09,BTCUSDT,1667980800000,-0.0000553
2022-11-09,BTCUSDT,1668009600000,-0.00011464
2022-11-10,BTCUSDT,1668038400000,-0.00072479
2022-11-10,BTCUSDT,1668067200000,-0.00090728
2022-11-10,BTCUSDT,1668096000000,-0.0005293
2022-11-11,BTCUSDT,1668124800000,-0.00045079
2022-11-11,BTCUSDT,1668153600000,-0.00023665
2022-11-11,BTCUSDT,1668182400000,-0.00023126
2022-11-12,BTCUSDT,1668211200000,-0.0000605
2022-11-12,BTCUSDT,1668240000000,-0.00006859
2022-11-12,BTCUSDT,1668268800000,-0.00023166
2022-11-13,BTCUSDT,1668297600000,-0.00024885
2022-11-13,BTCUSDT,1668326400000,-0.00044079
2022-11-13,BTCUSDT,1668355200000,0.0001
2022-11-14,BTCUSDT,1668384000000,0.0001
2022-11-14,BTCUSDT,1668412800000,0.0001
2022-11-14,BTCUSDT,1668441600000,-0.00008397
2022-11-15,BTCUSDT,1668470400000,0.00000919
2022-11-15,BTCUSDT,1668499200000,-0.00037155
2022-11-15,BTCUSDT,1668528000000,-0.00036679
2022-11-16,BTCUSDT,1668556800000,-0.00049718
2022-11-16,BTCUSDT,1668585600000,-0.0003861
2022-11-16,BTCUSDT,1668614400000,-0.00003357
2022-11-17,BTCUSDT,1668643200000,-0.00011015
2022-11-17,BTCUSDT,1668672000000,-0.00021659
2022-11-17,BTCUSDT,1668700800000,-0.00043963
2022-11-18,BTCUSDT,1668729600000,-0.00078386
2022-11-18,BTCUSDT,1668758400000,-0.00011694
2022-11-18,BTCUSDT,1668787200000,0.0001
2022-11-19,BTCUSDT,1668816000000,0.0001
2022-11-19,BTCUSDT,1668844800000,0.0001
2022-11-19,BTCUSDT,1668873600000,0.00002644
2022-11-20,BTCUSDT,1668902400000,-0.00011447
2022-11-20,BTCUSDT,1668931200000,-0.00004416
2022-11-20,BTCUSDT,1668960000000,0.00004894
2022-11-21,BTCUSDT,1668988800000,0.0001
2022-11-21,BTCUSDT,1669017600000,0.0001
2022-11-21,BTCUSDT,1669046400000,0.0001
2022-11-22,BTCUSDT,1669075200000,-0.00012841
2022-11-22,BTCUSDT,1669104000000,0.0001
2022-11-22,BTCUSDT,1669132800000,-0.00004299
2022-11-23,BTCUSDT,1669161600000,0.00004463
2022-11-23,BTCUSDT,1669190400000,-0.00031843
2022-11-23,BTCUSDT,1669219200000,-0.00041738
2022-11-24,BTCUSDT,1669248000000,-0.00010098
2022-11-24,BTCUSDT,1669276800000,-0.00033361
2022-11-24,BTCUSDT,1669305600000,-0.00004314
2022-11-25,BTCUSDT,1669334400000,-0.00013314
2022-11-25,BTCUSDT,1669363200000,0.00004307
2022-11-25,BTCUSDT,1669392000000,-0.00016923
2022-11-26,BTCUSDT,1669420800000,-0.00009822
2022-11-26,BTCUSDT,1669449600000,-0.00028792
2022-11-26,BTCUSDT,1669478400000,-0.00016621
2022-11-27,BTCUSDT,1669507200000,0.00004987
2022-11-27,BTCUSDT,1669536000000,-0.00008743
2022-11-27,BTCUSDT,1669564800000,-0.00014055
2022-11-28,BTCUSDT,1669593600000,-0.00009912
2022-11-28,BTCUSDT,1669622400000,0.0001
2022-11-28,BTCUSDT,1669651200000,-0.0001755
2022-11-29,BTCUSDT,1669680000000,0.00009429
2022-11-29,BTCUSDT,1669708800000,0.00003629
2022-11-29,BTCUSDT,1669737600000,-0.00008526
2022-11-30,BTCUSDT,1669766400000,0.00001048
2022-11-30,BTCUSDT,1669795200000,-0.00000676
2022-11-30,BTCUSDT,1669824000000,0.0001
2022-12-01,BTCUSDT,1669852800000,-0.00018601
2022-12-01,BTCUSDT,1669881600000,-0.00030662
2022-12-01,BTCUSDT,1669910400000,-0.0000957
2022-12-02,BTCUSDT,1669939200000,0.0001
2022-12-02,BTCUSDT,1669968000000,0.0001
2022-12-02,BTCUSDT,1669996800000,0.00004769
2022-12-03,BTCUSDT,1670025600000,-0.00011683
2022-12-03,BTCUSDT,1670054400000,-0.00010381
2022-12-03,BTCUSDT,1670083200000,0.0001
2022-12-04,BTCUSDT,1670112000000,0.0001
2022-12-04,BTCUSDT,1670140800000,0.00008482
2022-12-04,BTCUSDT,1670169600000,0.00006685
2022-12-05,BTCUSDT,1670198400000,-0.00010183
2022-12-05,BTCUSDT,1670227200000,-0.00030041
2022-12-05,BTCUSDT,1670256000000,-0.00026486
2022-12-06,BTCUSDT,1670284800000,0.0001
2022-12-06,BTCUSDT,1670313600000,0.0001
2022-12-06,BTCUSDT,1670342400000,0.00009862
2022-12-07,BTCUSDT,1670371200000,0.00009301
2022-12-07,BTCUSDT,1670400000000,0.0001
2022-12-07,BTCUSDT,1670428800000,0.0001
2022-12-08,BTCUSDT,1670457600000,-0.00000629
2022-12-08,BTCUSDT,1670486400000,-0.00008519
2022-12-08,BTCUSDT,1670515200000,-0.0000265
2022-12-09,BTCUSDT,1670544000000,-0.0003213
2022-12-09,BTCUSDT,1670572800000,-0.00019539
2022-12-09,BTCUSDT,1670601600000,-0.00007354
2022-12-10,BTCUSDT,1670630400000,-0.000037
2022-12-10,BTCUSDT,1670659200000,-0.00004695
2022-12-10,BTCUSDT,1670688000000,-0.00003214
2022-12-11,BTCUSDT,1670716800000,-0.00024822
2022-12-11,BTCUSDT,1670745600000,-0.0000733
2022-12-11,BTCUSDT,1670774400000,-0.00007369
2022-12-12,BTCUSDT,1670803200000,0.00001826
2022-12-12,BTCUSDT,1670832000000,0.00007832
2022-12-12,BTCUSDT,1670860800000,-0.0000578
2022-12-13,BTCUSDT,1670889600000,-0.0002016
2022-12-13,BTCUSDT,1670918400000,-0.00022398
2022-12-13,BTCUSDT,1670947200000,-0.00038555
2022-12-14,BTCUSDT,1670976000000,-0.00032917
2022-12-14,BTCUSDT,1671004800000,0.00003926
2022-12-14,BTCUSDT,1671033600000,-0.00023733
2022-12-15,BTCUSDT,1671062400000,-0.0006066
2022-12-15,BTCUSDT,1671091200000,-0.00014548
2022-12-15,BTCUSDT,1671120000000,-0.00006123
2022-12-16,BTCUSDT,1671148800000,0.0001
2022-12-16,BTCUSDT,1671177600000,-0.00019453
2022-12-16,BTCUSDT,1671206400000,-0.00007165
2022-12-17,BTCUSDT,1671235200000,0.0001
2022-12-17,BTCUSDT,1671264000000,0.0001
2022-12-17,BTCUSDT,1671292800000,0.00009731
2022-12-18,BTCUSDT,1671321600000,0.00009656
2022-12-18,BTCUSDT,1671350400000,0.0000552
2022-12-18,BTCUSDT,1671379200000,0.00000537
2022-12-19,BTCUSDT,1671408000000,0.00007116
2022-12-19,BTCUSDT,1671436800000,-0.00004437
2022-12-19,BTCUSDT,1671465600000,0.00003085
2022-12-20,BTCUSDT,1671494400000,0.0001
2022-12-20,BTCUSDT,1671523200000,0.0001
2022-12-20,BTCUSDT,1671552000000,0.00006004
2022-12-21,BTCUSDT,1671580800000,0.00006598
2022-12-21,BTCUSDT,1671609600000,0.0001
2022-12-21,BTCUSDT,1671638400000,0.0001
2022-12-22,BTCUSDT,1671667200000,0.0001
2022-12-22,BTCUSDT,1671696000000,0.00007265
2022-12-22,BTCUSDT,1671724800000,0.0001
2022-12-23,BTCUSDT,1671753600000,0.0001
2022-12-23,BTCUSDT,1671782400000,0.0001
2022-12-23,BTCUSDT,1671811200000,0.0001
2022-12-24,BTCUSDT,1671840000000,0.0001
2022-12-24,BTCUSDT,1671868800000,0.0001
2022-12-24,BTCUSDT,1671897600000,0.0001
2022-12-25,BTCUSDT,1671926400000,0.0001
2022-12-25,BTCUSDT,1671955200000,0.0001
2022-12-25,BTCUSDT,1671984000000,0.0001
2022-12-26,BTCUSDT,1672012800000,0.0001
2022-12-26,BTCUSDT,1672041600000,0.00004361
2022-12-26,BTCUSDT,1672070400000,0.00009139
2022-12-27,BTCUSDT,1672099200000,0.0001
2022-12-27,BTCUSDT,1672128000000,0.00008357
2022-12-27,BTCUSDT,1672156800000,0.0001
2022-12-28,BTCUSDT,1672185600000,0.0001
2022-12-28,BTCUSDT,1672214400000,0.0001
2022-12-28,BTCUSDT,1672243200000,0.0001
2022-12-29,BTCUSDT,1672272000000,0.0001
2022-12-29,BTCUSDT,1672300800000,0.0001
2022-12-29,BTCUSDT,1672329600000,0.0001
2022-12-30,BTCUSDT,1672358400000,0.0001
2022-12-30,BTCUSDT,1672387200000,0.0001
2022-12-30,BTCUSDT,1672416000000,0.0001
2022-12-31,BTCUSDT,1672444800000,0.00014457
2022-12-31,BTCUSDT,1672473600000,0.0003689
2022-12-31,BTCUSDT,1672502400000,0.00035736
2023-01-01,BTCUSDT,1672531200000,0.00024639
2023-01-01,BTCUSDT,1672560000000,0.0003643
2023-01-01,BTCUSDT,1672588800000,0.00019145
2023-01-02,BTCUSDT,1672617600000,0.0001
2023-01-02,BTCUSDT,1672646400000,0.0001
2023-01-02,BTCUSDT,1672675200000,0.0001
2023-01-03,BTCUSDT,1672704000000,0.0001
2023-01-03,BTCUSDT,1672732800000,0.0001
2023-01-03,BTCUSDT,1672761600000,0.0001
2023-01-04,BTCUSDT,1672790400000,0.0001
2023-01-04,BTCUSDT,1672819200000,0.0001
2023-01-04,BTCUSDT,1672848000000,0.0001
2023-01-05,BTCUSDT,1672876800000,0.00006612
2023-01-05,BTCUSDT,1672905600000,0.00003569
2023-01-05,BTCUSDT,1672934400000,0.0001
2023-01-06,BTCUSDT,1672963200000,-0.00003394
2023-01-06,BTCUSDT,1672992000000,0.00008281
2023-01-06,BTCUSDT,1673020800000,0.0001
2023-01-07,BTCUSDT,1673049600000,0.00000582
2023-01-07,BTCUSDT,1673078400000,0.00002609
2023-01-07,BTCUSDT,1673107200000,0.0001
2023-01-08,BTCUSDT,1673136000000,0.0001
2023-01-08,BTCUSDT,1673164800000,0.0001
2023-01-08,BTCUSDT,1673193600000,0.0001
2023-01-09,BTCUSDT,1673222400000,0.0001
2023-01-09,BTCUSDT,1673251200000,-0.00011396
2023-01-09,BTCUSDT,1673280000000,-0.00021
2023-01-10,BTCUSDT,1673308800000,-0.00015672
2023-01-10,BTCUSDT,1673337600000,0.00001103
2023-01-10,BTCUSDT,1673366400000,-0.00017739
2023-01-11,BTCUSDT,1673395200000,-0.0004199
2023-01-11,BTCUSDT,1673424000000,-0.00016625
2023-01-11,BTCUSDT,1673452800000,0.00001701
2023-01-12,BTCUSDT,1673481600000,-0.00025655
2023-01-12,BTCUSDT,1673510400000,-0.00019061
2023-01-12,BTCUSDT,1673539200000,-0.00001809
2023-01-13,BTCUSDT,1673568000000,-0.00035608
2023-01-13,BTCUSDT,1673596800000,-0.00042722
2023-01-13,BTCUSDT,1673625600000,-0.00029924
2023-01-14,BTCUSDT,1673654400000,-0.00045309
2023-01-14,BTCUSDT,1673683200000,0.0001
2023-01-14,BTCUSDT,1673712000000,0.0001
2023-01-15,BTCUSDT,1673740800000,0.0001
2023-01-15,BTCUSDT,1673769600000,0.0001
2023-01-15,BTCUSDT,1673798400000,0.0001
2023-01-16,BTCUSDT,1673827200000,0.0001
2023-01-16,BTCUSDT,1673856000000,0.0001
2023-01-16,BTCUSDT,1673884800000,0.0001
2023-01-17,BTCUSDT,1673913600000,0.0001
2023-01-17,BTCUSDT,1673942400000,0.0001
2023-01-17,BTCUSDT,1673971200000,0.0001
2023-01-18,BTCUSDT,1674000000000,-0.0000982
2023-01-18,BTCUSDT,1674028800000,0.0001
2023-01-18,BTCUSDT,1674057600000,0.00001262
2023-01-19,BTCUSDT,1674086400000,0.0001
2023-01-19,BTCUSDT,1674115200000,0.0001
2023-01-19,BTCUSDT,1674144000000,-0.00001471
2023-01-20,BTCUSDT,1674172800000,-0.00018378
2023-01-20,BTCUSDT,1674201600000,-0.00001235
2023-01-20,BTCUSDT,1674230400000,0.00000914
2023-01-21,BTCUSDT,1674259200000,0.00000966
2023-01-21,BTCUSDT,1674288000000,0.0001
2023-01-21,BTCUSDT,1674316800000,0.0001
2023-01-22,BTCUSDT,1674345600000,0.0001
2023-01-22,BTCUSDT,1674374400000,0.0001
2023-01-22,BTCUSDT,1674403200000,0.0001
2023-01-23,BTCUSDT,1674432000000,0.0001
2023-01-23,BTCUSDT,1674460800000,0.0001
2023-01-23,BTCUSDT,1674489600000,0.0001
2023-01-24,BTCUSDT,1674518400000,0.0001
2023-01-24,BTCUSDT,1674547200000,0.0001
2023-01-24,BTCUSDT,1674576000000,0.0001
2023-01-25,BTCUSDT,1674604800000,0.0001
2023-01-25,BTCUSDT,1674633600000,0.0001
2023-01-25,BTCUSDT,1674662400000,0.0001
2023-01-26,BTCUSDT,1674691200000,0.0001
2023-01-26,BTCUSDT,1674720000000,0.0001
2023-01-26,BTCUSDT,1674748800000,0.0001
2023-01-27,BTCUSDT,1674777600000,0.0001
2023-01-27,BTCUSDT,1674806400000,0.0001
2023-01-27,BTCUSDT,1674835200000,0.0001
2023-01-28,BTCUSDT,1674864000000,0.0001
2023-01-28,BTCUSDT,1674892800000,0.0001
2023-01-28,BTCUSDT,1674921600000,0.0001
2023-01-29,BTCUSDT,1674950400000,0.0001
2023-01-29,BTCUSDT,1674979200000,0.0001
2023-01-29,BTCUSDT,1675008000000,0.0001
2023-01-30,BTCUSDT,1675036800000,0.0001
2023-01-30,BTCUSDT,1675065600000,0.0001
2023-01-30,BTCUSDT,1675094400000,0.0001
2023-01-31,BTCUSDT,1675123200000,0.0001
2023-01-31,BTCUSDT,1675152000000,0.0001
2023-01-31,BTCUSDT,1675180800000,0.0001
2023-02-01,BTCUSDT,1675209600000,0.0001
2023-02-01,BTCUSDT,1675238400000,0.0001
2023-02-01,BTCUSDT,1675267200000,0.0001
2023-02-02,BTCUSDT,1675296000000,0.0001
2023-02-02,BTCUSDT,1675324800000,0.0001
2023-02-02,BTCUSDT,1675353600000,0.0001
2023-02-03,BTCUSDT,1675382400000,0.0001
2023-02-03,BTCUSDT,1675411200000,0.0001
2023-02-03,BTCUSDT,1675440000000,0.0001
2023-02-04,BTCUSDT,1675468800000,0.0001
2023-02-04,BTCUSDT,1675497600000,0.0001
2023-02-04,BTCUSDT,1675526400000,0.0001
2023-02-05,BTCUSDT,1675555200000,0.0001
2023-02-05,BTCUSDT,1675584000000,0.0001
2023-02-05,BTCUSDT,1675612800000,0.0001
2023-02-06,BTCUSDT,1675641600000,0.0001
2023-02-06,BTCUSDT,1675670400000,0.0001
2023-02-06,BTCUSDT,1675699200000,0.0001
2023-02-07,BTCUSDT,1675728000000,0.0001
2023-02-07,BTCUSDT,1675756800000,0.0001
2023-02-07,BTCUSDT,1675785600000,0.0001
2023-02-08,BTCUSDT,1675814400000,0.0001
2023-02-08,BTCUSDT,1675843200000,0.0001
2023-02-08,BTCUSDT,1675872000000,0.0001
2023-02-09,BTCUSDT,1675900800000,0.0001
2023-02-09,BTCUSDT,1675929600000,0.0001
2023-02-09,BTCUSDT,1675958400000,0.00005169
2023-02-10,BTCUSDT,1675987200000,0.0001
2023-02-10,BTCUSDT,1676016000000,0.0001
2023-02-10,BTCUSDT,1676044800000,0.0001
2023-02-11,BTCUSDT,1676073600000,0.0001
2023-02-11,BTCUSDT,1676102400000,0.00005648
2023-02-11,BTCUSDT,1676131200000,0.0001
2023-02-12,BTCUSDT,1676160000000,0.0001
2023-02-12,BTCUSDT,1676188800000,0.0001
2023-02-12,BTCUSDT,1676217600000,0.0001
2023-02-13,BTCUSDT,1676246400000,0.00003235
2023-02-13,BTCUSDT,1676275200000,0.0001
2023-02-13,BTCUSDT,1676304000000,0.0001
2023-02-14,BTCUSDT,1676332800000,0.0001
2023-02-14,BTCUSDT,1676361600000,0.0001
2023-02-14,BTCUSDT,1676390400000,0.0001
2023-02-15,BTCUSDT,1676419200000,0.00001311
2023-02-15,BTCUSDT,1676448000000,5.8e-7
2023-02-15,BTCUSDT,1676476800000,0.00000791
2023-02-16,BTCUSDT,1676505600000,0.0001
2023-02-16,BTCUSDT,1676534400000,0.0001
2023-02-16,BTCUSDT,1676563200000,0.00014868
2023-02-17,BTCUSDT,1676592000000,0.0001
2023-02-17,BTCUSDT,1676620800000,0.0001
2023-02-17,BTCUSDT,1676649600000,0.0001
2023-02-18,BTCUSDT,1676678400000,0.0001
2023-02-18,BTCUSDT,1676707200000,0.0001
2023-02-18,BTCUSDT,1676736000000,0.0001
2023-02-19,BTCUSDT,1676764800000,0.0001
2023-02-19,BTCUSDT,1676793600000,0.0001
2023-02-19,BTCUSDT,1676822400000,0.0001
2023-02-20,BTCUSDT,1676851200000,0.0001
2023-02-20,BTCUSDT,1676880000000,0.0001
2023-02-20,BTCUSDT,1676908800000,0.0001
2023-02-21,BTCUSDT,1676937600000,0.0001
2023-02-21,BTCUSDT,1676966400000,0.0001
2023-02-21,BTCUSDT,1676995200000,0.0001
2023-02-22,BTCUSDT,1677024000000,0.0001
2023-02-22,BTCUSDT,1677052800000,0.0001
2023-02-22,BTCUSDT,1677081600000,0.0001
2023-02-23,BTCUSDT,1677110400000,0.0001
2023-02-23,BTCUSDT,1677139200000,0.0001
2023-02-23,BTCUSDT,1677168000000,0.0001
2023-02-24,BTCUSDT,1677196800000,0.0001
2023-02-24,BTCUSDT,1677225600000,0.0001
2023-02-24,BTCUSDT,1677254400000,0.0001
2023-02-25,BTCUSDT,1677283200000,0.0001
2023-02-25,BTCUSDT,1677312000000,0.0001
2023-02-25,BTCUSDT,1677340800000,0.0001
2023-02-26,BTCUSDT,1677369600000,0.0001
2023-02-26,BTCUSDT,1677398400000,0.0001
2023-02-26,BTCUSDT,1677427200000,0.0001
2023-02-27,BTCUSDT,1677456000000,0.0001
2023-02-27,BTCUSDT,1677484800000,0.0001
2023-02-27,BTCUSDT,1677513600000,0.0001
2023-02-28,BTCUSDT,1677542400000,0.0001
2023-02-28,BTCUSDT,1677571200000,0.0001
2023-02-28,BTCUSDT,1677600000000,0.0001
2023-03-01,BTCUSDT,1677628800000,0.0001
2023-03-01,BTCUSDT,1677657600000,0.0001
2023-03-01,BTCUSDT,1677686400000,0.0001
2023-03-02,BTCUSDT,1677715200000,0.0001
2023-03-02,BTCUSDT,1677744000000,0.0001
2023-03-02,BTCUSDT,1677772800000,0.0001
2023-03-03,BTCUSDT,1677801600000,0.0001
2023-03-03,BTCUSDT,1677830400000,0.0001
2023-03-03,BTCUSDT,1677859200000,0.0001
2023-03-04,BTCUSDT,1677888000000,0.0001
2023-03-04,BTCUSDT,1677916800000,0.00005761
2023-03-04,BTCUSDT,1677945600000,0.00002137
2023-03-05,BTCUSDT,1677974400000,0.0001
2023-03-05,BTCUSDT,1678003200000,0.00003899
2023-03-05,BTCUSDT,1678032000000,0.0001
2023-03-06,BTCUSDT,1678060800000,0.00003621
2023-03-06,BTCUSDT,1678089600000,-0.00000853
2023-03-06,BTCUSDT,1678118400000,0.00003329
2023-03-07,BTCUSDT,1678147200000,0.00003018
2023-03-07,BTCUSDT,1678176000000,0.00003779
2023-03-07,BTCUSDT,1678204800000,0.0001
2023-03-08,BTCUSDT,1678233600000,0.0001
2023-03-08,BTCUSDT,1678262400000,0.00005819
2023-03-08,BTCUSDT,1678291200000,0.0001
2023-03-09,BTCUSDT,1678320000000,0.0001
2023-03-09,BTCUSDT,1678348800000,0.0001
2023-03-09,BTCUSDT,1678377600000,0.0001
2023-03-10,BTCUSDT,1678406400000,0.0001
2023-03-10,BTCUSDT,1678435200000,0.00002191
2023-03-10,BTCUSDT,1678464000000,0.00005194
2023-03-11,BTCUSDT,1678492800000,0.00007963
2023-03-11,BTCUSDT,1678521600000,0.00002727
2023-03-11,BTCUSDT,1678550400000,0.0001
2023-03-12,BTCUSDT,1678579200000,0.0001
2023-03-12,BTCUSDT,1678608000000,0.0001
2023-03-12,BTCUSDT,1678636800000,0.00009121
2023-03-13,BTCUSDT,1678665600000,0.0001
2023-03-13,BTCUSDT,1678694400000,-0.0000281
2023-03-13,BTCUSDT,1678723200000,0.0001
2023-03-14,BTCUSDT,1678752000000,0.00012226
2023-03-14,BTCUSDT,1678780800000,0.0001
2023-03-14,BTCUSDT,1678809600000,0.0001
2023-03-15,BTCUSDT,1678838400000,0.0001
2023-03-15,BTCUSDT,1678867200000,0.0001719
2023-03-15,BTCUSDT,1678896000000,0.0001
2023-03-16,BTCUSDT,1678924800000,0.0001
2023-03-16,BTCUSDT,1678953600000,0.0001
2023-03-16,BTCUSDT,1678982400000,0.0001
2023-03-17,BTCUSDT,1679011200000,0.0001
2023-03-17,BTCUSDT,1679040000000,0.0001
2023-03-17,BTCUSDT,1679068800000,0.0001
2023-03-18,BTCUSDT,1679097600000,0.0001
2023-03-18,BTCUSDT,1679126400000,0.0001
2023-03-18,BTCUSDT,1679155200000,0.0001
2023-03-19,BTCUSDT,1679184000000,0.0001
2023-03-19,BTCUSDT,1679212800000,0.0001
2023-03-19,BTCUSDT,1679241600000,0.0001
2023-03-20,BTCUSDT,1679270400000,0.0001
2023-03-20,BTCUSDT,1679299200000,0.0001
2023-03-20,BTCUSDT,1679328000000,0.0001
2023-03-21,BTCUSDT,1679356800000,0.0001
2023-03-21,BTCUSDT,1679385600000,0.00003085
2023-03-21,BTCUSDT,1679414400000,0.00007882
2023-03-22,BTCUSDT,1679443200000,-0.00000795
2023-03-22,BTCUSDT,1679472000000,0.00006154
2023-03-22,BTCUSDT,1679500800000,0.00006755
2023-03-23,BTCUSDT,1679529600000,-0.00000895
2023-03-23,BTCUSDT,1679558400000,0.00008682
2023-03-23,BTCUSDT,1679587200000,0.0001
2023-03-24,BTCUSDT,1679616000000,0.0001
2023-03-24,BTCUSDT,1679644800000,0.0001
2023-03-24,BTCUSDT,1679673600000,0.00006691
2023-03-25,BTCUSDT,1679702400000,0.0001
2023-03-25,BTCUSDT,1679731200000,0.0001
2023-03-25,BTCUSDT,1679760000000,0.00003954
2023-03-26,BTCUSDT,1679788800000,0.00002751
2023-03-26,BTCUSDT,1679817600000,-0.000042
2023-03-26,BTCUSDT,1679846400000,0.00004325
2023-03-27,BTCUSDT,1679875200000,0.00007762
2023-03-27,BTCUSDT,1679904000000,0.00000965
2023-03-27,BTCUSDT,1679932800000,0.00004464
2023-03-28,BTCUSDT,1679961600000,0.00001868
2023-03-28,BTCUSDT,1679990400000,0.00008063
2023-03-28,BTCUSDT,1680019200000,0.0001
2023-03-29,BTCUSDT,1680048000000,-0.00005442
2023-03-29,BTCUSDT,1680076800000,-0.00001909
2023-03-29,BTCUSDT,1680105600000,0.0001
2023-03-30,BTCUSDT,1680134400000,0.0001
2023-03-30,BTCUSDT,1680163200000,0.0001
2023-03-30,BTCUSDT,1680192000000,0.0001
2023-03-31,BTCUSDT,1680220800000,0.00008299
2023-03-31,BTCUSDT,1680249600000,0.00003594
2023-03-31,BTCUSDT,1680278400000,-0.00002597
2023-04-01,BTCUSDT,1680307200000,1.2e-7
2023-04-01,BTCUSDT,1680336000000,-0.00001623
2023-04-01,BTCUSDT,1680364800000,0.0000014
2023-04-02,BTCUSDT,1680393600000,0.00001637
2023-04-02,BTCUSDT,1680422400000,0.00004341
2023-04-02,BTCUSDT,1680451200000,0.00004779
2023-04-03,BTCUSDT,1680480000000,0.00009336
2023-04-03,BTCUSDT,1680508800000,0.00004414
2023-04-03,BTCUSDT,1680537600000,0.00002306
2023-04-04,BTCUSDT,1680566400000,-0.00000531
2023-04-04,BTCUSDT,1680595200000,-0.00000816
2023-04-04,BTCUSDT,1680624000000,-0.00001772
2023-04-05,BTCUSDT,1680652800000,-0.00008251
2023-04-05,BTCUSDT,1680681600000,0.0001
2023-04-05,BTCUSDT,1680710400000,0.0001
2023-04-06,BTCUSDT,1680739200000,0.00003404
2023-04-06,BTCUSDT,1680768000000,0.00001126
2023-04-06,BTCUSDT,1680796800000,-0.00000396
2023-04-07,BTCUSDT,1680825600000,0.00007384
2023-04-07,BTCUSDT,1680854400000,0.00009198
2023-04-07,BTCUSDT,1680883200000,0.00004025
2023-04-08,BTCUSDT,1680912000000,0.00005402
2023-04-08,BTCUSDT,1680940800000,0.00004401
2023-04-08,BTCUSDT,1680969600000,0.00005449
2023-04-09,BTCUSDT,1680998400000,0.00008156
2023-04-09,BTCUSDT,1681027200000,0.00001394
2023-04-09,BTCUSDT,1681056000000,0.00006249
2023-04-10,BTCUSDT,1681084800000,0.00002949
2023-04-10,BTCUSDT,1681113600000,-0.00005131
2023-04-10,BTCUSDT,1681142400000,-0.00000271
2023-04-11,BTCUSDT,1681171200000,-0.00000638
2023-04-11,BTCUSDT,1681200000000,0.0001
2023-04-11,BTCUSDT,1681228800000,0.0001
2023-04-12,BTCUSDT,1681257600000,0.0001
2023-04-12,BTCUSDT,1681286400000,0.0001
2023-04-12,BTCUSDT,1681315200000,0.00006271
2023-04-13,BTCUSDT,1681344000000,0.00005908
2023-04-13,BTCUSDT,1681372800000,0.0001
2023-04-13,BTCUSDT,1681401600000,0.0001
2023-04-14,BTCUSDT,1681430400000,0.0001
2023-04-14,BTCUSDT,1681459200000,0.0001
2023-04-14,BTCUSDT,1681488000000,0.0001
2023-04-15,BTCUSDT,1681516800000,0.00000407
2023-04-15,BTCUSDT,1681545600000,0.0001
2023-04-15,BTCUSDT,1681574400000,0.0001
2023-04-16,BTCUSDT,1681603200000,0.0001
2023-04-16,BTCUSDT,1681632000000,0.0001
2023-04-16,BTCUSDT,1681660800000,0.0001
2023-04-17,BTCUSDT,1681689600000,0.0001
2023-04-17,BTCUSDT,1681718400000,0.0001
2023-04-17,BTCUSDT,1681747200000,0.0001
2023-04-18,BTCUSDT,1681776000000,0.0001
2023-04-18,BTCUSDT,1681804800000,0.0001
2023-04-18,BTCUSDT,1681833600000,0.0001
2023-04-19,BTCUSDT,1681862400000,0.0001
2023-04-19,BTCUSDT,1681891200000,0.0001
2023-04-19,BTCUSDT,1681920000000,0.0001
2023-04-20,BTCUSDT,1681948800000,0.0001
2023-04-20,BTCUSDT,1681977600000,0.0001
2023-04-20,BTCUSDT,1682006400000,0.0001
2023-04-21,BTCUSDT,1682035200000,0.0001
2023-04-21,BTCUSDT,1682064000000,0.0001
2023-04-21,BTCUSDT,1682092800000,0.0001
2023-04-22,BTCUSDT,1682121600000,0.0001
2023-04-22,BTCUSDT,1682150400000,0.0001
2023-04-22,BTCUSDT,1682179200000,0.0001
2023-04-23,BTCUSDT,1682208000000,0.0001
2023-04-23,BTCUSDT,1682236800000,0.0001
2023-04-23,BTCUSDT,1682265600000,0.00008685
2023-04-24,BTCUSDT,1682294400000,0.0001
2023-04-24,BTCUSDT,1682323200000,0.0001
2023-04-24,BTCUSDT,1682352000000,0.00003695
2023-04-25,BTCUSDT,1682380800000,0.00007732
2023-04-25,BTCUSDT,1682409600000,0.0001
2023-04-25,BTCUSDT,1682438400000,0.00007472
2023-04-26,BTCUSDT,1682467200000,-6.6e-7
2023-04-26,BTCUSDT,1682496000000,0.00001456
2023-04-26,BTCUSDT,1682524800000,0.00005947
2023-04-27,BTCUSDT,1682553600000,0.0001
2023-04-27,BTCUSDT,1682582400000,0.00008932
2023-04-27,BTCUSDT,1682611200000,0.0000514
2023-04-28,BTCUSDT,1682640000000,0.00005434
2023-04-28,BTCUSDT,1682668800000,0.0001
2023-04-28,BTCUSDT,1682697600000,0.00008576
2023-04-29,BTCUSDT,1682726400000,0.00006136
2023-04-29,BTCUSDT,1682755200000,-0.00004155
2023-04-29,BTCUSDT,1682784000000,0.00001043
2023-04-30,BTCUSDT,1682812800000,0.00000106
2023-04-30,BTCUSDT,1682841600000,0.00000177
2023-04-30,BTCUSDT,1682870400000,-0.00003648
2023-05-01,BTCUSDT,1682899200000,0.0000858
2023-05-01,BTCUSDT,1682928000000,0.00005264
2023-05-01,BTCUSDT,1682956800000,0.00000107
2023-05-02,BTCUSDT,1682985600000,0.0001
2023-05-02,BTCUSDT,1683014400000,0.00005136
2023-05-02,BTCUSDT,1683043200000,0.00004872
2023-05-03,BTCUSDT,1683072000000,-0.00004562
2023-05-03,BTCUSDT,1683100800000,0.0001
2023-05-03,BTCUSDT,1683129600000,0.0001
2023-05-04,BTCUSDT,1683158400000,0.0001
2023-05-04,BTCUSDT,1683187200000,0.0001
2023-05-04,BTCUSDT,1683216000000,0.0001
2023-05-05,BTCUSDT,1683244800000,0.00004261
2023-05-05,BTCUSDT,1683273600000,0.0001
2023-05-05,BTCUSDT,1683302400000,0.0001
2023-05-06,BTCUSDT,1683331200000,0.0001
2023-05-06,BTCUSDT,1683360000000,0.0001
2023-05-06,BTCUSDT,1683388800000,0.0001
2023-05-07,BTCUSDT,1683417600000,0.00009624
2023-05-07,BTCUSDT,1683446400000,-0.0000038
2023-05-07,BTCUSDT,1683475200000,0.00003148
2023-05-08,BTCUSDT,1683504000000,0.00008703
2023-05-08,BTCUSDT,1683532800000,0.00008905
2023-05-08,BTCUSDT,1683561600000,0.0000705
2023-05-09,BTCUSDT,1683590400000,0.0001
2023-05-09,BTCUSDT,1683619200000,0.00008542
2023-05-09,BTCUSDT,1683648000000,0.00008356
2023-05-10,BTCUSDT,1683676800000,0.00007871
2023-05-10,BTCUSDT,1683705600000,0.00005003
2023-05-10,BTCUSDT,1683734400000,-0.00001589
2023-05-11,BTCUSDT,1683763200000,-0.00001436
2023-05-11,BTCUSDT,1683792000000,0.0000342
2023-05-11,BTCUSDT,1683820800000,0.00001364
2023-05-12,BTCUSDT,1683849600000,0.00003612
2023-05-12,BTCUSDT,1683878400000,0.00006721
2023-05-12,BTCUSDT,1683907200000,0.00006428
2023-05-13,BTCUSDT,1683936000000,0.00003724
2023-05-13,BTCUSDT,1683964800000,0.00003879
2023-05-13,BTCUSDT,1683993600000,0.00003553
2023-05-14,BTCUSDT,1684022400000,0.00007907
2023-05-14,BTCUSDT,1684051200000,0.00004795
2023-05-14,BTCUSDT,1684080000000,0.00008298
2023-05-15,BTCUSDT,1684108800000,0.00007979
2023-05-15,BTCUSDT,1684137600000,0.00001918
2023-05-15,BTCUSDT,1684166400000,0.00005153
2023-05-16,BTCUSDT,1684195200000,0.00003473
2023-05-16,BTCUSDT,1684224000000,0.00007758
2023-05-16,BTCUSDT,1684252800000,0.00008434
2023-05-17,BTCUSDT,1684281600000,0.0001
2023-05-17,BTCUSDT,1684310400000,0.0001
2023-05-17,BTCUSDT,1684339200000,0.00007675
2023-05-18,BTCUSDT,1684368000000,0.00005809
2023-05-18,BTCUSDT,1684396800000,-0.0000095
2023-05-18,BTCUSDT,1684425600000,0.0001
2023-05-19,BTCUSDT,1684454400000,0.00007105
2023-05-19,BTCUSDT,1684483200000,0.00009379
2023-05-19,BTCUSDT,1684512000000,0.00007141
2023-05-20,BTCUSDT,1684540800000,0.0001
2023-05-20,BTCUSDT,1684569600000,0.0001
2023-05-20,BTCUSDT,1684598400000,0.00002041
2023-05-21,BTCUSDT,1684627200000,-0.00001167
2023-05-21,BTCUSDT,1684656000000,0.0001
2023-05-21,BTCUSDT,1684684800000,0.0001
2023-05-22,BTCUSDT,1684713600000,0.0001
2023-05-22,BTCUSDT,1684742400000,0.0001
2023-05-22,BTCUSDT,1684771200000,0.0001
2023-05-23,BTCUSDT,1684800000000,0.00006784
2023-05-23,BTCUSDT,1684828800000,0.00004273
2023-05-23,BTCUSDT,1684857600000,0.00002217
2023-05-24,BTCUSDT,1684886400000,0.0001
2023-05-24,BTCUSDT,1684915200000,0.0001
2023-05-24,BTCUSDT,1684944000000,0.0001
2023-05-25,BTCUSDT,1684972800000,0.0001
2023-05-25,BTCUSDT,1685001600000,0.0000576
2023-05-25,BTCUSDT,1685030400000,0.00005212
2023-05-26,BTCUSDT,1685059200000,0.00003485
2023-05-26,BTCUSDT,1685088000000,-0.0000191
2023-05-26,BTCUSDT,1685116800000,0.0001
2023-05-27,BTCUSDT,1685145600000,-0.00001856
2023-05-27,BTCUSDT,1685174400000,0.00009096
2023-05-27,BTCUSDT,1685203200000,0.00008723
2023-05-28,BTCUSDT,1685232000000,0.00006006
2023-05-28,BTCUSDT,1685260800000,-0.00005538
2023-05-28,BTCUSDT,1685289600000,-0.00003221
2023-05-29,BTCUSDT,1685318400000,0.00003516
2023-05-29,BTCUSDT,1685347200000,0.00009328
2023-05-29,BTCUSDT,1685376000000,0.0001
2023-05-30,BTCUSDT,1685404800000,0.0001
2023-05-30,BTCUSDT,1685433600000,0.0001
2023-05-30,BTCUSDT,1685462400000,0.0001
2023-05-31,BTCUSDT,1685491200000,0.0001
2023-05-31,BTCUSDT,1685520000000,0.0001
2023-05-31,BTCUSDT,1685548800000,0.0001
2023-06-01,BTCUSDT,1685577600000,0.0001
2023-06-01,BTCUSDT,1685606400000,0.0001
2023-06-01,BTCUSDT,1685635200000,0.0001
2023-06-02,BTCUSDT,1685664000000,0.0001
2023-06-02,BTCUSDT,1685692800000,0.0001
2023-06-02,BTCUSDT,1685721600000,0.0001
2023-06-03,BTCUSDT,1685750400000,0.0001
2023-06-03,BTCUSDT,1685779200000,0.0001
2023-06-03,BTCUSDT,1685808000000,0.0001
2023-06-04,BTCUSDT,1685836800000,0.0001
2023-06-04,BTCUSDT,1685865600000,0.0001
2023-06-04,BTCUSDT,1685894400000,0.0001
2023-06-05,BTCUSDT,1685923200000,0.0001
2023-06-05,BTCUSDT,1685952000000,0.0001
2023-06-05,BTCUSDT,1685980800000,0.0001
2023-06-06,BTCUSDT,1686009600000,0.0001
2023-06-06,BTCUSDT,1686038400000,0.00004867
2023-06-06,BTCUSDT,1686067200000,0.0001
2023-06-07,BTCUSDT,1686096000000,0.00009526
2023-06-07,BTCUSDT,1686124800000,0.0001
2023-06-07,BTCUSDT,1686153600000,0.0001
2023-06-08,BTCUSDT,1686182400000,0.0000574
2023-06-08,BTCUSDT,1686211200000,0.00002319
2023-06-08,BTCUSDT,1686240000000,0.00006353
2023-06-09,BTCUSDT,1686268800000,0.00006681
2023-06-09,BTCUSDT,1686297600000,0.00000468
2023-06-09,BTCUSDT,1686326400000,0.00003707
2023-06-10,BTCUSDT,1686355200000,0.0000818
2023-06-10,BTCUSDT,1686384000000,0.0001
2023-06-10,BTCUSDT,1686412800000,0.0001
2023-06-11,BTCUSDT,1686441600000,0.0001
2023-06-11,BTCUSDT,1686470400000,0.00009044
2023-06-11,BTCUSDT,1686499200000,0.0001
2023-06-12,BTCUSDT,1686528000000,0.0001
2023-06-12,BTCUSDT,1686556800000,0.0000801
2023-06-12,BTCUSDT,1686585600000,0.0000605
2023-06-13,BTCUSDT,1686614400000,0.0001
2023-06-13,BTCUSDT,1686643200000,0.00005611
2023-06-13,BTCUSDT,1686672000000,0.00000805
2023-06-14,BTCUSDT,1686700800000,0.00003376
2023-06-14,BTCUSDT,1686729600000,0.00002453
2023-06-14,BTCUSDT,1686758400000,-0.0000158
2023-06-15,BTCUSDT,1686787200000,0.00004939
2023-06-15,BTCUSDT,1686816000000,0.0001
2023-06-15,BTCUSDT,1686844800000,0.0001
2023-06-16,BTCUSDT,1686873600000,0.0001
2023-06-16,BTCUSDT,1686902400000,0.0001
2023-06-16,BTCUSDT,1686931200000,0.00007284
2023-06-17,BTCUSDT,1686960000000,-0.00003008
2023-06-17,BTCUSDT,1686988800000,0.00007489
2023-06-17,BTCUSDT,1687017600000,0.0001
2023-06-18,BTCUSDT,1687046400000,0.0001
2023-06-18,BTCUSDT,1687075200000,0.00003544
2023-06-18,BTCUSDT,1687104000000,0.00004409
2023-06-19,BTCUSDT,1687132800000,0.00008
2023-06-19,BTCUSDT,1687161600000,0.0001
2023-06-19,BTCUSDT,1687190400000,0.00009362
2023-06-20,BTCUSDT,1687219200000,0.0000354
2023-06-20,BTCUSDT,1687248000000,-0.00002504
2023-06-20,BTCUSDT,1687276800000,0.00004621
2023-06-21,BTCUSDT,1687305600000,-0.0000864
2023-06-21,BTCUSDT,1687334400000,0.00000378
2023-06-21,BTCUSDT,1687363200000,1.5e-7
2023-06-22,BTCUSDT,1687392000000,0.0001
2023-06-22,BTCUSDT,1687420800000,0.00009829
2023-06-22,BTCUSDT,1687449600000,0.0001
2023-06-23,BTCUSDT,1687478400000,0.0001
2023-06-23,BTCUSDT,1687507200000,0.0001
2023-06-23,BTCUSDT,1687536000000,0.0001
2023-06-24,BTCUSDT,1687564800000,0.0001
2023-06-24,BTCUSDT,1687593600000,0.0001
2023-06-24,BTCUSDT,1687622400000,0.0001
2023-06-25,BTCUSDT,1687651200000,0.0001
2023-06-25,BTCUSDT,1687680000000,0.0001
2023-06-25,BTCUSDT,1687708800000,0.0001
2023-06-26,BTCUSDT,1687737600000,0.0001
2023-06-26,BTCUSDT,1687766400000,0.0001
2023-06-26,BTCUSDT,1687795200000,0.0001
2023-06-27,BTCUSDT,1687824000000,0.0001
2023-06-27,BTCUSDT,1687852800000,0.0001
2023-06-27,BTCUSDT,1687881600000,0.0001
2023-06-28,BTCUSDT,1687910400000,0.0000662
2023-06-28,BTCUSDT,1687939200000,0.00008981
2023-06-28,BTCUSDT,1687968000000,0.00005861
2023-06-29,BTCUSDT,1687996800000,0.00009221
2023-06-29,BTCUSDT,1688025600000,0.00006167
2023-06-29,BTCUSDT,1688054400000,0.0001
2023-06-30,BTCUSDT,1688083200000,0.0001
2023-06-30,BTCUSDT,1688112000000,0.0001
2023-06-30,BTCUSDT,1688140800000,-0.00003168
2023-07-01,BTCUSDT,1688169600000,0.0001
2023-07-01,BTCUSDT,1688198400000,0.0001
2023-07-01,BTCUSDT,1688227200000,0.0001
2023-07-02,BTCUSDT,1688256000000,0.0001
2023-07-02,BTCUSDT,1688284800000,0.0001
2023-07-02,BTCUSDT,1688313600000,0.0001
2023-07-03,BTCUSDT,1688342400000,0.0001
2023-07-03,BTCUSDT,1688371200000,0.0001
2023-07-03,BTCUSDT,1688400000000,0.00009481
2023-07-04,BTCUSDT,1688428800000,0.0001
2023-07-04,BTCUSDT,1688457600000,0.0001
2023-07-04,BTCUSDT,1688486400000,0.0001
2023-07-05,BTCUSDT,1688515200000,0.0001
2023-07-05,BTCUSDT,1688544000000,0.0001
2023-07-05,BTCUSDT,1688572800000,0.00007615
2023-07-06,BTCUSDT,1688601600000,0.00004675
2023-07-06,BTCUSDT,1688630400000,0.00006954
2023-07-06,BTCUSDT,1688659200000,0.00004427
2023-07-07,BTCUSDT,1688688000000,0.0000878
2023-07-07,BTCUSDT,1688716800000,0.0001
2023-07-07,BTCUSDT,1688745600000,0.00001305
2023-07-08,BTCUSDT,1688774400000,-0.00002498
2023-07-08,BTCUSDT,1688803200000,0.0001
2023-07-08,BTCUSDT,1688832000000,0.00008567
2023-07-09,BTCUSDT,1688860800000,0.00005799
2023-07-09,BTCUSDT,1688889600000,0.0001
2023-07-09,BTCUSDT,1688918400000,0.0001
2023-07-10,BTCUSDT,1688947200000,0.0001
2023-07-10,BTCUSDT,1688976000000,0.0001
2023-07-10,BTCUSDT,1689004800000,0.00007674
2023-07-11,BTCUSDT,1689033600000,0.00001659
2023-07-11,BTCUSDT,1689062400000,0.00005316
2023-07-11,BTCUSDT,1689091200000,0.0001
2023-07-12,BTCUSDT,1689120000000,0.00008964
2023-07-12,BTCUSDT,1689148800000,0.00007769
2023-07-12,BTCUSDT,1689177600000,0.00000464
2023-07-13,BTCUSDT,1689206400000,0.00004083
2023-07-13,BTCUSDT,1689235200000,0.0000611
2023-07-13,BTCUSDT,1689264000000,-0.00000945
2023-07-14,BTCUSDT,1689292800000,0.0001
2023-07-14,BTCUSDT,1689321600000,0.0001
2023-07-14,BTCUSDT,1689350400000,0.0001
2023-07-15,BTCUSDT,1689379200000,0.00009997
2023-07-15,BTCUSDT,1689408000000,0.00001832
2023-07-15,BTCUSDT,1689436800000,0.00004004
2023-07-16,BTCUSDT,1689465600000,0.00003392
2023-07-16,BTCUSDT,1689494400000,0.0001
2023-07-16,BTCUSDT,1689523200000,0.00008931
2023-07-17,BTCUSDT,1689552000000,0.0001
2023-07-17,BTCUSDT,1689580800000,0.00006438
2023-07-17,BTCUSDT,1689609600000,0.00007613
2023-07-18,BTCUSDT,1689638400000,0.00000808
2023-07-18,BTCUSDT,1689667200000,-0.00003259
2023-07-18,BTCUSDT,1689696000000,0.00006215
2023-07-19,BTCUSDT,1689724800000,0.00007668
2023-07-19,BTCUSDT,1689753600000,0.0001
2023-07-19,BTCUSDT,1689782400000,0.00006233
2023-07-20,BTCUSDT,1689811200000,0.00000637
2023-07-20,BTCUSDT,1689840000000,0.00009372
2023-07-20,BTCUSDT,1689868800000,0.00005461
2023-07-21,BTCUSDT,1689897600000,0.00001987
2023-07-21,BTCUSDT,1689926400000,0.00003805
2023-07-21,BTCUSDT,1689955200000,-0.00000973
2023-07-22,BTCUSDT,1689984000000,0.00000948
2023-07-22,BTCUSDT,1690012800000,0.00009716
2023-07-22,BTCUSDT,1690041600000,0.00006647
2023-07-23,BTCUSDT,1690070400000,0.00009174
2023-07-23,BTCUSDT,1690099200000,0.00000264
2023-07-23,BTCUSDT,1690128000000,0.00004184
2023-07-24,BTCUSDT,1690156800000,-0.00000127
2023-07-24,BTCUSDT,1690185600000,0.00005915
2023-07-24,BTCUSDT,1690214400000,0.00005623
2023-07-25,BTCUSDT,1690243200000,0.00007692
2023-07-25,BTCUSDT,1690272000000,-0.00000611
2023-07-25,BTCUSDT,1690300800000,-0.0000097
2023-07-26,BTCUSDT,1690329600000,0.00003565
2023-07-26,BTCUSDT,1690358400000,0.0000884
2023-07-26,BTCUSDT,1690387200000,0.0000148
2023-07-27,BTCUSDT,1690416000000,0.00001276
2023-07-27,BTCUSDT,1690444800000,0.00004395
2023-07-27,BTCUSDT,1690473600000,0.00003725
2023-07-28,BTCUSDT,1690502400000,0.00004497
2023-07-28,BTCUSDT,1690531200000,0.00001787
2023-07-28,BTCUSDT,1690560000000,0.00003948
2023-07-29,BTCUSDT,1690588800000,0.0001
2023-07-29,BTCUSDT,1690617600000,0.00006411
2023-07-29,BTCUSDT,1690646400000,0.00007558
2023-07-30,BTCUSDT,1690675200000,0.00005174
2023-07-30,BTCUSDT,1690704000000,0.0000328
2023-07-30,BTCUSDT,1690732800000,0.00006935
2023-07-31,BTCUSDT,1690761600000,0.00002494
2023-07-31,BTCUSDT,1690790400000,0.00002445
2023-07-31,BTCUSDT,1690819200000,0.00001912
2023-08-01,BTCUSDT,1690848000000,0.0001
2023-08-01,BTCUSDT,1690876800000,0.0001
2023-08-01,BTCUSDT,1690905600000,0.0001
2023-08-02,BTCUSDT,1690934400000,0.0001
2023-08-02,BTCUSDT,1690963200000,0.0001
2023-08-02,BTCUSDT,1690992000000,0.0001
2023-08-03,BTCUSDT,1691020800000,0.0001
2023-08-03,BTCUSDT,1691049600000,0.0001
2023-08-03,BTCUSDT,1691078400000,0.0001
2023-08-04,BTCUSDT,1691107200000,0.0001
2023-08-04,BTCUSDT,1691136000000,0.0001
2023-08-04,BTCUSDT,1691164800000,0.0001
2023-08-05,BTCUSDT,1691193600000,0.0001
2023-08-05,BTCUSDT,1691222400000,0.00008422
2023-08-05,BTCUSDT,1691251200000,0.0001
2023-08-06,BTCUSDT,1691280000000,0.0001
2023-08-06,BTCUSDT,1691308800000,0.0001
2023-08-06,BTCUSDT,1691337600000,0.0001
2023-08-07,BTCUSDT,1691366400000,0.0001
2023-08-07,BTCUSDT,1691395200000,0.00008676
2023-08-07,BTCUSDT,1691424000000,0.0001
2023-08-08,BTCUSDT,1691452800000,0.0001
2023-08-08,BTCUSDT,1691481600000,0.00002398
2023-08-08,BTCUSDT,1691510400000,-0.00001053
2023-08-09,BTCUSDT,1691539200000,0.00000633
2023-08-09,BTCUSDT,1691568000000,0.00007799
2023-08-09,BTCUSDT,1691596800000,0.0001
2023-08-10,BTCUSDT,1691625600000,0.0001
2023-08-10,BTCUSDT,1691654400000,0.0001
2023-08-10,BTCUSDT,1691683200000,0.0001
2023-08-11,BTCUSDT,1691712000000,0.0001
2023-08-11,BTCUSDT,1691740800000,0.0001
2023-08-11,BTCUSDT,1691769600000,0.00006988
2023-08-12,BTCUSDT,1691798400000,0.0001
2023-08-12,BTCUSDT,1691827200000,0.0001
2023-08-12,BTCUSDT,1691856000000,0.0001
2023-08-13,BTCUSDT,1691884800000,0.0001
2023-08-13,BTCUSDT,1691913600000,0.0001
2023-08-13,BTCUSDT,1691942400000,0.0001
2023-08-14,BTCUSDT,1691971200000,0.0001
2023-08-14,BTCUSDT,1692000000000,0.0001
2023-08-14,BTCUSDT,1692028800000,0.0001
2023-08-15,BTCUSDT,1692057600000,0.0001
2023-08-15,BTCUSDT,1692086400000,0.0001
2023-08-15,BTCUSDT,1692115200000,0.0001
2023-08-16,BTCUSDT,1692144000000,0.0001
2023-08-16,BTCUSDT,1692172800000,0.0001
2023-08-16,BTCUSDT,1692201600000,0.0001
2023-08-17,BTCUSDT,1692230400000,0.0001
2023-08-17,BTCUSDT,1692259200000,0.0001
2023-08-17,BTCUSDT,1692288000000,0.0001
2023-08-18,BTCUSDT,1692316800000,0.00006393
2023-08-18,BTCUSDT,1692345600000,-0.00000492
2023-08-18,BTCUSDT,1692374400000,-6.2e-7
2023-08-19,BTCUSDT,1692403200000,-0.00001898
2023-08-19,BTCUSDT,1692432000000,-0.00000712
2023-08-19,BTCUSDT,1692460800000,0.00000878
2023-08-20,BTCUSDT,1692489600000,0.00005549
2023-08-20,BTCUSDT,1692518400000,0.00005412
2023-08-20,BTCUSDT,1692547200000,0.0000183
2023-08-21,BTCUSDT,1692576000000,-0.00004073
2023-08-21,BTCUSDT,1692604800000,-0.00002506
2023-08-21,BTCUSDT,1692633600000,0.00001392
2023-08-22,BTCUSDT,1692662400000,0.00001
2023-08-22,BTCUSDT,1692691200000,-0.00005498
2023-08-22,BTCUSDT,1692720000000,-0.00000376
2023-08-23,BTCUSDT,1692748800000,0.00005461
2023-08-23,BTCUSDT,1692777600000,0.00005724
2023-08-23,BTCUSDT,1692806400000,0.00001921
2023-08-24,BTCUSDT,1692835200000,-0.00001954
2023-08-24,BTCUSDT,1692864000000,0.00002141
2023-08-24,BTCUSDT,1692892800000,0.00008403
2023-08-25,BTCUSDT,1692921600000,0.00005872
2023-08-25,BTCUSDT,1692950400000,-0.00001352
2023-08-25,BTCUSDT,1692979200000,0.00000508
2023-08-26,BTCUSDT,1693008000000,0.00000877
2023-08-26,BTCUSDT,1693036800000,-0.00003137
2023-08-26,BTCUSDT,1693065600000,0.00000224
2023-08-27,BTCUSDT,1693094400000,0.00006063
2023-08-27,BTCUSDT,1693123200000,-0.00002401
2023-08-27,BTCUSDT,1693152000000,0.0000366
2023-08-28,BTCUSDT,1693180800000,0.00005189
2023-08-28,BTCUSDT,1693209600000,0.00009912
2023-08-28,BTCUSDT,1693238400000,0.00002413
2023-08-29,BTCUSDT,1693267200000,0.00001152
2023-08-29,BTCUSDT,1693296000000,-0.0000124
2023-08-29,BTCUSDT,1693324800000,0.000073
2023-08-30,BTCUSDT,1693353600000,0.00004032
2023-08-30,BTCUSDT,1693382400000,0.00006125
2023-08-30,BTCUSDT,1693411200000,0.0001
2023-08-31,BTCUSDT,1693440000000,0.0000169
2023-08-31,BTCUSDT,1693468800000,0.0000561
2023-08-31,BTCUSDT,1693497600000,0.00000882
2023-09-01,BTCUSDT,1693526400000,0.00002115
2023-09-01,BTCUSDT,1693555200000,0.00001899
2023-09-01,BTCUSDT,1693584000000,0.00001638
2023-09-02,BTCUSDT,1693612800000,0.00005825
2023-09-02,BTCUSDT,1693641600000,0.00002816
2023-09-02,BTCUSDT,1693670400000,0.00002341
2023-09-03,BTCUSDT,1693699200000,0.0001
2023-09-03,BTCUSDT,1693728000000,0.00003091
2023-09-03,BTCUSDT,1693756800000,0.00000399
2023-09-04,BTCUSDT,1693785600000,0.00003093
2023-09-04,BTCUSDT,1693814400000,0.00003004
2023-09-04,BTCUSDT,1693843200000,0.00008406
2023-09-05,BTCUSDT,1693872000000,0.00002449
2023-09-05,BTCUSDT,1693900800000,0.00000805
2023-09-05,BTCUSDT,1693929600000,0.00001126
2023-09-06,BTCUSDT,1693958400000,0.00001267
2023-09-06,BTCUSDT,1693987200000,0.00000642
2023-09-06,BTCUSDT,1694016000000,0.00006336
2023-09-07,BTCUSDT,1694044800000,0.00003892
2023-09-07,BTCUSDT,1694073600000,0.0001
2023-09-07,BTCUSDT,1694102400000,0.0000206
2023-09-08,BTCUSDT,1694131200000,0.00003593
2023-09-08,BTCUSDT,1694160000000,0.00005989
2023-09-08,BTCUSDT,1694188800000,0.00004996
2023-09-09,BTCUSDT,1694217600000,0.0000474
2023-09-09,BTCUSDT,1694246400000,0.00000425
2023-09-09,BTCUSDT,1694275200000,0.00001661
2023-09-10,BTCUSDT,1694304000000,0.00003389
2023-09-10,BTCUSDT,1694332800000,0.00006603
2023-09-10,BTCUSDT,1694361600000,0.00009439
2023-09-11,BTCUSDT,1694390400000,0.0000735
2023-09-11,BTCUSDT,1694419200000,0.00002295
2023-09-11,BTCUSDT,1694448000000,-0.00000452
2023-09-12,BTCUSDT,1694476800000,0.00004155
2023-09-12,BTCUSDT,1694505600000,0.00005007
2023-09-12,BTCUSDT,1694534400000,0.00006583
2023-09-13,BTCUSDT,1694563200000,0.00002247
2023-09-13,BTCUSDT,1694592000000,-0.00003967
2023-09-13,BTCUSDT,1694620800000,0.00000377
2023-09-14,BTCUSDT,1694649600000,-0.00002862
2023-09-14,BTCUSDT,1694678400000,-0.00000389
2023-09-14,BTCUSDT,1694707200000,0.00001107
2023-09-15,BTCUSDT,1694736000000,-0.00001362
2023-09-15,BTCUSDT,1694764800000,0.00001452
2023-09-15,BTCUSDT,1694793600000,0.0000745
2023-09-16,BTCUSDT,1694822400000,-0.00005021
2023-09-16,BTCUSDT,1694851200000,-0.00001001
2023-09-16,BTCUSDT,1694880000000,0.00005574
2023-09-17,BTCUSDT,1694908800000,0.00007234
2023-09-17,BTCUSDT,1694937600000,0.00003727
2023-09-17,BTCUSDT,1694966400000,0.00002862
2023-09-18,BTCUSDT,1694995200000,0.00000153
2023-09-18,BTCUSDT,1695024000000,0.0001
2023-09-18,BTCUSDT,1695052800000,0.00004192
2023-09-19,BTCUSDT,1695081600000,0.00005882
2023-09-19,BTCUSDT,1695110400000,0.00005051
2023-09-19,BTCUSDT,1695139200000,0.00008455
2023-09-20,BTCUSDT,1695168000000,0.00005883
2023-09-20,BTCUSDT,1695196800000,0.00003112
2023-09-20,BTCUSDT,1695225600000,0.00002605
2023-09-21,BTCUSDT,1695254400000,0.00003228
2023-09-21,BTCUSDT,1695283200000,0.00005862
2023-09-21,BTCUSDT,1695312000000,0.00002769
2023-09-22,BTCUSDT,1695340800000,-0.00002319
2023-09-22,BTCUSDT,1695369600000,0.00000166
2023-09-22,BTCUSDT,1695398400000,0.00002708
2023-09-23,BTCUSDT,1695427200000,0.00002088
2023-09-23,BTCUSDT,1695456000000,-0.00001691
2023-09-23,BTCUSDT,1695484800000,0.00002647
2023-09-24,BTCUSDT,1695513600000,0.00005368
2023-09-24,BTCUSDT,1695542400000,0.00003652
2023-09-24,BTCUSDT,1695571200000,0.00006269
2023-09-25,BTCUSDT,1695600000000,0.00001607
2023-09-25,BTCUSDT,1695628800000,-0.00000638
2023-09-25,BTCUSDT,1695657600000,0.00001864
2023-09-26,BTCUSDT,1695686400000,-0.00005563
2023-09-26,BTCUSDT,1695715200000,0.00001948
2023-09-26,BTCUSDT,1695744000000,0.00004889
2023-09-27,BTCUSDT,1695772800000,-0.00000291
2023-09-27,BTCUSDT,1695801600000,0.00002315
2023-09-27,BTCUSDT,1695830400000,-0.00005203
2023-09-28,BTCUSDT,1695859200000,0.00005036
2023-09-28,BTCUSDT,1695888000000,-0.00000943
2023-09-28,BTCUSDT,1695916800000,-0.00003652
2023-09-29,BTCUSDT,1695945600000,-0.00002847
2023-09-29,BTCUSDT,1695974400000,0.00001418
2023-09-29,BTCUSDT,1696003200000,0.00002607
2023-09-30,BTCUSDT,1696032000000,0.0001
2023-09-30,BTCUSDT,1696060800000,0.00005418
2023-09-30,BTCUSDT,1696089600000,0.0001
2023-10-01,BTCUSDT,1696118400000,0.0001
2023-10-01,BTCUSDT,1696147200000,0.00009189
2023-10-01,BTCUSDT,1696176000000,0.00005051
2023-10-02,BTCUSDT,1696204800000,0.00003324
2023-10-02,BTCUSDT,1696233600000,-0.0000487
2023-10-02,BTCUSDT,1696262400000,-0.00003239
2023-10-03,BTCUSDT,1696291200000,0.00009645
2023-10-03,BTCUSDT,1696320000000,0.0001
2023-10-03,BTCUSDT,1696348800000,0.00006702
2023-10-04,BTCUSDT,1696377600000,0.0001
2023-10-04,BTCUSDT,1696406400000,0.00007308
2023-10-04,BTCUSDT,1696435200000,0.00009079
2023-10-05,BTCUSDT,1696464000000,0.00008474
2023-10-05,BTCUSDT,1696492800000,0.00007741
2023-10-05,BTCUSDT,1696521600000,0.00001476
2023-10-06,BTCUSDT,1696550400000,0.00005881
2023-10-06,BTCUSDT,1696579200000,0.00005197
2023-10-06,BTCUSDT,1696608000000,0.00000457
2023-10-07,BTCUSDT,1696636800000,0.00003193
2023-10-07,BTCUSDT,1696665600000,0.00004409
2023-10-07,BTCUSDT,1696694400000,-0.00003952
2023-10-08,BTCUSDT,1696723200000,-0.00008017
2023-10-08,BTCUSDT,1696752000000,-0.00001736
2023-10-08,BTCUSDT,1696780800000,0.00003078
2023-10-09,BTCUSDT,1696809600000,-0.00002543
2023-10-09,BTCUSDT,1696838400000,-0.00001491
2023-10-09,BTCUSDT,1696867200000,-0.00001275
2023-10-10,BTCUSDT,1696896000000,0.00009735
2023-10-10,BTCUSDT,1696924800000,0.00002403
2023-10-10,BTCUSDT,1696953600000,0.00003746
2023-10-11,BTCUSDT,1696982400000,0.00008565
2023-10-11,BTCUSDT,1697011200000,0.00007159
2023-10-11,BTCUSDT,1697040000000,0.0001
2023-10-12,BTCUSDT,1697068800000,0.0001
2023-10-12,BTCUSDT,1697097600000,0.00009346
2023-10-12,BTCUSDT,1697126400000,0.0001
2023-10-13,BTCUSDT,1697155200000,0.0001
2023-10-13,BTCUSDT,1697184000000,0.00008044
2023-10-13,BTCUSDT,1697212800000,0.0001
2023-10-14,BTCUSDT,1697241600000,0.0001
2023-10-14,BTCUSDT,1697270400000,0.00009749
2023-10-14,BTCUSDT,1697299200000,0.0001
2023-10-15,BTCUSDT,1697328000000,0.00005329
2023-10-15,BTCUSDT,1697356800000,0.00006929
2023-10-15,BTCUSDT,1697385600000,0.00008953
2023-10-16,BTCUSDT,1697414400000,0.00001139
2023-10-16,BTCUSDT,1697443200000,-0.00002151
2023-10-16,BTCUSDT,1697472000000,0.00005177
2023-10-17,BTCUSDT,1697500800000,0.0000547
2023-10-17,BTCUSDT,1697529600000,0.00005961
2023-10-17,BTCUSDT,1697558400000,0.000051
2023-10-18,BTCUSDT,1697587200000,-0.00001695
2023-10-18,BTCUSDT,1697616000000,0.00005001
2023-10-18,BTCUSDT,1697644800000,0.00002251
2023-10-19,BTCUSDT,1697673600000,0.00004369
2023-10-19,BTCUSDT,1697702400000,-0.00000273
2023-10-19,BTCUSDT,1697731200000,0.00001257
2023-10-20,BTCUSDT,1697760000000,-0.00001658
2023-10-20,BTCUSDT,1697788800000,0.00005458
2023-10-20,BTCUSDT,1697817600000,0.00008577
2023-10-21,BTCUSDT,1697846400000,0.0001
2023-10-21,BTCUSDT,1697875200000,0.0001
2023-10-21,BTCUSDT,1697904000000,0.00000299
2023-10-22,BTCUSDT,1697932800000,0.00000398
2023-10-22,BTCUSDT,1697961600000,0.00001297
2023-10-22,BTCUSDT,1697990400000,0.00005399
2023-10-23,BTCUSDT,1698019200000,0.00005084
2023-10-23,BTCUSDT,1698048000000,0.0001
2023-10-23,BTCUSDT,1698076800000,0.0001
2023-10-24,BTCUSDT,1698105600000,0.0001
2023-10-24,BTCUSDT,1698134400000,0.0001
2023-10-24,BTCUSDT,1698163200000,0.0001
2023-10-25,BTCUSDT,1698192000000,0.0001
2023-10-25,BTCUSDT,1698220800000,0.0001
2023-10-25,BTCUSDT,1698249600000,0.0001
2023-10-26,BTCUSDT,1698278400000,0.0001
2023-10-26,BTCUSDT,1698307200000,0.0001
2023-10-26,BTCUSDT,1698336000000,0.0001
2023-10-27,BTCUSDT,1698364800000,0.0001
2023-10-27,BTCUSDT,1698393600000,0.0001
2023-10-27,BTCUSDT,1698422400000,0.0001
2023-10-28,BTCUSDT,1698451200000,0.0001
2023-10-28,BTCUSDT,1698480000000,0.00017876
2023-10-28,BTCUSDT,1698508800000,0.0001
2023-10-29,BTCUSDT,1698537600000,0.0001
2023-10-29,BTCUSDT,1698566400000,0.0001
2023-10-29,BTCUSDT,1698595200000,0.0001
2023-10-30,BTCUSDT,1698624000000,0.0001
2023-10-30,BTCUSDT,1698652800000,0.0001
2023-10-30,BTCUSDT,1698681600000,0.0001
2023-10-31,BTCUSDT,1698710400000,0.0001
2023-10-31,BTCUSDT,1698739200000,0.0001
2023-10-31,BTCUSDT,1698768000000,0.00010516
2023-11-01,BTCUSDT,1698796800000,0.0001
2023-11-01,BTCUSDT,1698825600000,0.0001193
2023-11-01,BTCUSDT,1698854400000,0.0001
2023-11-02,BTCUSDT,1698883200000,0.00014309
2023-11-02,BTCUSDT,1698912000000,0.00018541
2023-11-02,BTCUSDT,1698940800000,0.00011649
2023-11-03,BTCUSDT,1698969600000,0.0001
2023-11-03,BTCUSDT,1698998400000,0.0001
2023-11-03,BTCUSDT,1699027200000,0.0001
2023-11-04,BTCUSDT,1699056000000,0.0001
2023-11-04,BTCUSDT,1699084800000,0.0001
2023-11-04,BTCUSDT,1699113600000,0.0001
2023-11-05,BTCUSDT,1699142400000,0.0001
2023-11-05,BTCUSDT,1699171200000,0.0001
2023-11-05,BTCUSDT,1699200000000,0.0001
2023-11-06,BTCUSDT,1699228800000,0.00012243
2023-11-06,BTCUSDT,1699257600000,0.0001
2023-11-06,BTCUSDT,1699286400000,0.00026302
2023-11-07,BTCUSDT,1699315200000,0.0001
2023-11-07,BTCUSDT,1699344000000,0.0001
2023-11-07,BTCUSDT,1699372800000,0.00010434
2023-11-08,BTCUSDT,1699401600000,0.00011888
2023-11-08,BTCUSDT,1699430400000,0.00025842
2023-11-08,BTCUSDT,1699459200000,0.000157
2023-11-09,BTCUSDT,1699488000000,0.00013904
2023-11-09,BTCUSDT,1699516800000,0.0002041
2023-11-09,BTCUSDT,1699545600000,0.0004003
2023-11-10,BTCUSDT,1699574400000,0.00018027
2023-11-10,BTCUSDT,1699603200000,0.00045315
2023-11-10,BTCUSDT,1699632000000,0.0002972
2023-11-11,BTCUSDT,1699660800000,0.0002613
2023-11-11,BTCUSDT,1699689600000,0.00023984
2023-11-11,BTCUSDT,1699718400000,0.00025548
2023-11-12,BTCUSDT,1699747200000,0.00019689
2023-11-12,BTCUSDT,1699776000000,0.00020745
2023-11-12,BTCUSDT,1699804800000,0.0002686
2023-11-13,BTCUSDT,1699833600000,0.00031492
2023-11-13,BTCUSDT,1699862400000,0.00032407
2023-11-13,BTCUSDT,1699891200000,0.00037847
2023-11-14,BTCUSDT,1699920000000,0.00014184
2023-11-14,BTCUSDT,1699948800000,0.00017047
2023-11-14,BTCUSDT,1699977600000,0.00011821
2023-11-15,BTCUSDT,1700006400000,0.0001
2023-11-15,BTCUSDT,1700035200000,0.0001
2023-11-15,BTCUSDT,1700064000000,0.0001
2023-11-16,BTCUSDT,1700092800000,0.0001
2023-11-16,BTCUSDT,1700121600000,0.00020167
2023-11-16,BTCUSDT,1700150400000,0.00014161
2023-11-17,BTCUSDT,1700179200000,0.0001
2023-11-17,BTCUSDT,1700208000000,0.0001
2023-11-17,BTCUSDT,1700236800000,0.0001
2023-11-18,BTCUSDT,1700265600000,0.0001
2023-11-18,BTCUSDT,1700294400000,0.0001
2023-11-18,BTCUSDT,1700323200000,0.0001
2023-11-19,BTCUSDT,1700352000000,0.0001
2023-11-19,BTCUSDT,1700380800000,0.0001
2023-11-19,BTCUSDT,1700409600000,0.0001
2023-11-20,BTCUSDT,1700438400000,0.0001
2023-11-20,BTCUSDT,1700467200000,0.0001
2023-11-20,BTCUSDT,1700496000000,0.00015534
2023-11-21,BTCUSDT,1700524800000,0.0001
2023-11-21,BTCUSDT,1700553600000,0.0001
2023-11-21,BTCUSDT,1700582400000,0.0001
2023-11-22,BTCUSDT,1700611200000,0.0001
2023-11-22,BTCUSDT,1700640000000,0.0001
2023-11-22,BTCUSDT,1700668800000,0.0001
2023-11-23,BTCUSDT,1700697600000,0.0001
2023-11-23,BTCUSDT,1700726400000,0.0001
2023-11-23,BTCUSDT,1700755200000,0.0001
2023-11-24,BTCUSDT,1700784000000,0.0001
2023-11-24,BTCUSDT,1700812800000,0.0001
2023-11-24,BTCUSDT,1700841600000,0.0001
2023-11-25,BTCUSDT,1700870400000,0.0001
2023-11-25,BTCUSDT,1700899200000,0.0001
2023-11-25,BTCUSDT,1700928000000,0.0001
2023-11-26,BTCUSDT,1700956800000,0.0001
2023-11-26,BTCUSDT,1700985600000,0.0001
2023-11-26,BTCUSDT,1701014400000,0.0001
2023-11-27,BTCUSDT,1701043200000,0.0001
2023-11-27,BTCUSDT,1701072000000,0.0001
2023-11-27,BTCUSDT,1701100800000,0.0001
2023-11-28,BTCUSDT,1701129600000,0.0001
2023-11-28,BTCUSDT,1701158400000,0.0001
2023-11-28,BTCUSDT,1701187200000,0.0001
2023-11-29,BTCUSDT,1701216000000,0.0001
2023-11-29,BTCUSDT,1701244800000,0.0001
2023-11-29,BTCUSDT,1701273600000,0.0001
2023-11-30,BTCUSDT,1701302400000,0.0001
2023-11-30,BTCUSDT,1701331200000,0.0001
2023-11-30,BTCUSDT,1701360000000,0.0001
2023-12-01,BTCUSDT,1701388800000,0.0001
2023-12-01,BTCUSDT,1701417600000,0.0001
2023-12-01,BTCUSDT,1701446400000,0.0001
2023-12-02,BTCUSDT,1701475200000,0.0001
2023-12-02,BTCUSDT,1701504000000,0.0001
2023-12-02,BTCUSDT,1701532800000,0.0001
2023-12-03,BTCUSDT,1701561600000,0.0001
2023-12-03,BTCUSDT,1701590400000,0.0001
2023-12-03,BTCUSDT,1701619200000,0.0001
2023-12-04,BTCUSDT,1701648000000,0.0001
2023-12-04,BTCUSDT,1701676800000,0.00039246
2023-12-04,BTCUSDT,1701705600000,0.0001
2023-12-05,BTCUSDT,1701734400000,0.0001
2023-12-05,BTCUSDT,1701763200000,0.0001
2023-12-05,BTCUSDT,1701792000000,0.0001
2023-12-06,BTCUSDT,1701820800000,0.0001
2023-12-06,BTCUSDT,1701849600000,0.0001
2023-12-06,BTCUSDT,1701878400000,0.0001
2023-12-07,BTCUSDT,1701907200000,0.0001
2023-12-07,BTCUSDT,1701936000000,0.00010721
2023-12-07,BTCUSDT,1701964800000,0.00016767
2023-12-08,BTCUSDT,1701993600000,0.00023913
2023-12-08,BTCUSDT,1702022400000,0.00044041
2023-12-08,BTCUSDT,1702051200000,0.00034051
2023-12-09,BTCUSDT,1702080000000,0.00011864
2023-12-09,BTCUSDT,1702108800000,0.00049285
2023-12-09,BTCUSDT,1702137600000,0.00032929
2023-12-10,BTCUSDT,1702166400000,0.00033498
2023-12-10,BTCUSDT,1702195200000,0.0003097
2023-12-10,BTCUSDT,1702224000000,0.00039354
2023-12-11,BTCUSDT,1702252800000,0.00033285
2023-12-11,BTCUSDT,1702281600000,0.00015948
2023-12-11,BTCUSDT,1702310400000,0.0001
2023-12-12,BTCUSDT,1702339200000,0.00021542
2023-12-12,BTCUSDT,1702368000000,0.00016545
2023-12-12,BTCUSDT,1702396800000,0.0001
2023-12-13,BTCUSDT,1702425600000,0.00018236
2023-12-13,BTCUSDT,1702454400000,0.00015492
2023-12-13,BTCUSDT,1702483200000,0.00016232
2023-12-14,BTCUSDT,1702512000000,0.00010146
2023-12-14,BTCUSDT,1702540800000,0.00012332
2023-12-14,BTCUSDT,1702569600000,0.00011106
2023-12-15,BTCUSDT,1702598400000,0.00010466
2023-12-15,BTCUSDT,1702627200000,0.00015354
2023-12-15,BTCUSDT,1702656000000,0.00013415
2023-12-16,BTCUSDT,1702684800000,0.0001
2023-12-16,BTCUSDT,1702713600000,0.00024408
2023-12-16,BTCUSDT,1702742400000,0.00017406
2023-12-17,BTCUSDT,1702771200000,0.00017286
2023-12-17,BTCUSDT,1702800000000,0.0001
2023-12-17,BTCUSDT,1702828800000,0.0001
2023-12-18,BTCUSDT,1702857600000,0.00013303
2023-12-18,BTCUSDT,1702886400000,0.0001
2023-12-18,BTCUSDT,1702915200000,0.00010731
2023-12-19,BTCUSDT,1702944000000,0.0001
2023-12-19,BTCUSDT,1702972800000,0.00017727
2023-12-19,BTCUSDT,1703001600000,0.00013946
2023-12-20,BTCUSDT,1703030400000,0.0001
2023-12-20,BTCUSDT,1703059200000,0.0001
2023-12-20,BTCUSDT,1703088000000,0.00018725
2023-12-21,BTCUSDT,1703116800000,0.000152
2023-12-21,BTCUSDT,1703145600000,0.00022504
2023-12-21,BTCUSDT,1703174400000,0.00033844
2023-12-22,BTCUSDT,1703203200000,0.00024215
2023-12-22,BTCUSDT,1703232000000,0.00030643
2023-12-22,BTCUSDT,1703260800000,0.00020031
2023-12-23,BTCUSDT,1703289600000,0.00015263
2023-12-23,BTCUSDT,1703318400000,0.0001
2023-12-23,BTCUSDT,1703347200000,0.0001
2023-12-24,BTCUSDT,1703376000000,0.0001
2023-12-24,BTCUSDT,1703404800000,0.00025197
2023-12-24,BTCUSDT,1703433600000,0.0001
2023-12-25,BTCUSDT,1703462400000,0.0001
2023-12-25,BTCUSDT,1703491200000,0.0001
2023-12-25,BTCUSDT,1703520000000,0.00018708
2023-12-26,BTCUSDT,1703548800000,0.0003048
2023-12-26,BTCUSDT,1703577600000,0.00027919
2023-12-26,BTCUSDT,1703606400000,0.00032104
2023-12-27,BTCUSDT,1703635200000,0.00040735
2023-12-27,BTCUSDT,1703664000000,0.00042225
2023-12-27,BTCUSDT,1703692800000,0.0005221
2023-12-28,BTCUSDT,1703721600000,0.00019269
2023-12-28,BTCUSDT,1703750400000,0.00038854
2023-12-28,BTCUSDT,1703779200000,0.00057322
2023-12-29,BTCUSDT,1703808000000,0.00059775
2023-12-29,BTCUSDT,1703836800000,0.00044001
2023-12-29,BTCUSDT,1703865600000,0.000435
2023-12-30,BTCUSDT,1703894400000,0.00039208
2023-12-30,BTCUSDT,1703923200000,0.00036923
2023-12-30,BTCUSDT,1703952000000,0.00024277
2023-12-31,BTCUSDT,1703980800000,0.00026419
2023-12-31,BTCUSDT,1704009600000,0.00040148
2023-12-31,BTCUSDT,1704038400000,0.00044151
2024-01-01,BTCUSDT,1704067200000,0.00043294
2024-01-01,BTCUSDT,1704096000000,0.00049955
2024-01-01,BTCUSDT,1704124800000,0.00037274
2024-01-02,BTCUSDT,1704153600000,0.00057167
2024-01-02,BTCUSDT,1704182400000,0.00049958
2024-01-02,BTCUSDT,1704211200000,0.00066228
2024-01-03,BTCUSDT,1704240000000,0.00045739
2024-01-03,BTCUSDT,1704268800000,0.00035429
2024-01-03,BTCUSDT,1704297600000,0.0001
2024-01-04,BTCUSDT,1704326400000,0.0001
2024-01-04,BTCUSDT,1704355200000,0.0001
2024-01-04,BTCUSDT,1704384000000,0.0001
2024-01-05,BTCUSDT,1704412800000,0.0001
2024-01-05,BTCUSDT,1704441600000,0.0001
2024-01-05,BTCUSDT,1704470400000,0.0001
2024-01-06,BTCUSDT,1704499200000,0.0001
2024-01-06,BTCUSDT,1704528000000,0.0001
2024-01-06,BTCUSDT,1704556800000,0.0001
2024-01-07,BTCUSDT,1704585600000,0.0001
2024-01-07,BTCUSDT,1704614400000,0.0001
2024-01-07,BTCUSDT,1704643200000,0.0001
2024-01-08,BTCUSDT,1704672000000,0.0001
2024-01-08,BTCUSDT,1704700800000,0.0001
2024-01-08,BTCUSDT,1704729600000,0.0001
2024-01-09,BTCUSDT,1704758400000,0.0001
2024-01-09,BTCUSDT,1704787200000,0.0001
2024-01-09,BTCUSDT,1704816000000,0.0001
2024-01-10,BTCUSDT,1704844800000,0.0001
2024-01-10,BTCUSDT,1704873600000,0.0001
2024-01-10,BTCUSDT,1704902400000,0.0001
2024-01-11,BTCUSDT,1704931200000,0.0001
2024-01-11,BTCUSDT,1704960000000,0.0001
2024-01-11,BTCUSDT,1704988800000,0.0001
2024-01-12,BTCUSDT,1705017600000,0.0001
2024-01-12,BTCUSDT,1705046400000,0.0001
2024-01-12,BTCUSDT,1705075200000,0.0001
2024-01-13,BTCUSDT,1705104000000,0.0001
2024-01-13,BTCUSDT,1705132800000,0.0001
2024-01-13,BTCUSDT,1705161600000,0.0001
2024-01-14,BTCUSDT,1705190400000,0.0001
2024-01-14,BTCUSDT,1705219200000,0.0001
2024-01-14,BTCUSDT,1705248000000,0.0001
2024-01-15,BTCUSDT,1705276800000,0.0001
2024-01-15,BTCUSDT,1705305600000,0.0001
2024-01-15,BTCUSDT,1705334400000,0.0001
2024-01-16,BTCUSDT,1705363200000,0.0001
2024-01-16,BTCUSDT,1705392000000,0.0001
2024-01-16,BTCUSDT,1705420800000,0.0001
2024-01-17,BTCUSDT,1705449600000,0.0001
2024-01-17,BTCUSDT,1705478400000,0.0001
2024-01-17,BTCUSDT,1705507200000,0.0001
2024-01-18,BTCUSDT,1705536000000,0.0001
2024-01-18,BTCUSDT,1705564800000,0.0001
2024-01-18,BTCUSDT,1705593600000,0.0001
2024-01-19,BTCUSDT,1705622400000,0.0001
2024-01-19,BTCUSDT,1705651200000,0.0001
2024-01-19,BTCUSDT,1705680000000,0.0001
2024-01-20,BTCUSDT,1705708800000,0.0001
2024-01-20,BTCUSDT,1705737600000,0.0001
2024-01-20,BTCUSDT,1705766400000,0.0001
2024-01-21,BTCUSDT,1705795200000,0.0001
2024-01-21,BTCUSDT,1705824000000,0.0001
2024-01-21,BTCUSDT,1705852800000,0.0001
2024-01-22,BTCUSDT,1705881600000,0.0001
2024-01-22,BTCUSDT,1705910400000,0.0001
2024-01-22,BTCUSDT,1705939200000,0.0001
2024-01-23,BTCUSDT,1705968000000,0.0001
2024-01-23,BTCUSDT,1705996800000,0.0001
2024-01-23,BTCUSDT,1706025600000,0.0001
2024-01-24,BTCUSDT,1706054400000,0.0001
2024-01-24,BTCUSDT,1706083200000,0.0001
2024-01-24,BTCUSDT,1706112000000,0.0001
2024-01-25,BTCUSDT,1706140800000,0.0001
2024-01-25,BTCUSDT,1706169600000,0.0001
2024-01-25,BTCUSDT,1706198400000,0.0001
2024-01-26,BTCUSDT,1706227200000,0.0001
2024-01-26,BTCUSDT,1706256000000,0.0001
2024-01-26,BTCUSDT,1706284800000,0.0001
2024-01-27,BTCUSDT,1706313600000,0.0001
2024-01-27,BTCUSDT,1706342400000,0.0001
2024-01-27,BTCUSDT,1706371200000,0.0001
2024-01-28,BTCUSDT,1706400000000,0.00000678
2024-01-28,BTCUSDT,1706428800000,0.00000543
2024-01-28,BTCUSDT,1706457600000,0.0001
2024-01-29,BTCUSDT,1706486400000,0.0001
2024-01-29,BTCUSDT,1706515200000,0.0001
2024-01-29,BTCUSDT,1706544000000,0.0001
2024-01-30,BTCUSDT,1706572800000,0.00008201
2024-01-30,BTCUSDT,1706601600000,0.0001
2024-01-30,BTCUSDT,1706630400000,0.0001
2024-01-31,BTCUSDT,1706659200000,0.00001302
2024-01-31,BTCUSDT,1706688000000,0.0001
2024-01-31,BTCUSDT,1706716800000,0.0001
2024-02-01,BTCUSDT,1706745600000,0.00005432
2024-02-01,BTCUSDT,1706774400000,0.0001
2024-02-01,BTCUSDT,1706803200000,0.0001
2024-02-02,BTCUSDT,1706832000000,0.00007298
2024-02-02,BTCUSDT,1706860800000,0.0001
2024-02-02,BTCUSDT,1706889600000,0.0001
2024-02-03,BTCUSDT,1706918400000,0.00008511
2024-02-03,BTCUSDT,1706947200000,0.00004735
2024-02-03,BTCUSDT,1706976000000,0.0001
2024-02-04,BTCUSDT,1707004800000,0.00008642
2024-02-04,BTCUSDT,1707033600000,0.0001
2024-02-04,BTCUSDT,1707062400000,0.0001
2024-02-05,BTCUSDT,1707091200000,0.00008355
2024-02-05,BTCUSDT,1707120000000,0.0001
2024-02-05,BTCUSDT,1707148800000,0.0001
2024-02-06,BTCUSDT,1707177600000,0.0001
2024-02-06,BTCUSDT,1707206400000,0.0001
2024-02-06,BTCUSDT,1707235200000,0.0001
2024-02-07,BTCUSDT,1707264000000,0.00005488
2024-02-07,BTCUSDT,1707292800000,0.0001
2024-02-07,BTCUSDT,1707321600000,0.0001
2024-02-08,BTCUSDT,1707350400000,0.0001
2024-02-08,BTCUSDT,1707379200000,0.00006283
2024-02-08,BTCUSDT,1707408000000,0.00000361
2024-02-09,BTCUSDT,1707436800000,-0.0000288
2024-02-09,BTCUSDT,1707465600000,0.0001
2024-02-09,BTCUSDT,1707494400000,0.0001
2024-02-10,BTCUSDT,1707523200000,0.0001
2024-02-10,BTCUSDT,1707552000000,0.0001
2024-02-10,BTCUSDT,1707580800000,0.0001
2024-02-11,BTCUSDT,1707609600000,0.0001
2024-02-11,BTCUSDT,1707638400000,0.0001
2024-02-11,BTCUSDT,1707667200000,0.0001
2024-02-12,BTCUSDT,1707696000000,0.0001
2024-02-12,BTCUSDT,1707724800000,0.0001
2024-02-12,BTCUSDT,1707753600000,0.0001
2024-02-13,BTCUSDT,1707782400000,0.0001
2024-02-13,BTCUSDT,1707811200000,0.0001
2024-02-13,BTCUSDT,1707840000000,0.0001
2024-02-14,BTCUSDT,1707868800000,0.0001
2024-02-14,BTCUSDT,1707897600000,0.0001
2024-02-14,BTCUSDT,1707926400000,0.00011153
2024-02-15,BTCUSDT,1707955200000,0.0001
2024-02-15,BTCUSDT,1707984000000,0.00014722
2024-02-15,BTCUSDT,1708012800000,0.00010861
2024-02-16,BTCUSDT,1708041600000,0.0001
2024-02-16,BTCUSDT,1708070400000,0.0001
2024-02-16,BTCUSDT,1708099200000,0.0001
2024-02-17,BTCUSDT,1708128000000,0.0001
2024-02-17,BTCUSDT,1708156800000,0.0001
2024-02-17,BTCUSDT,1708185600000,0.0001
2024-02-18,BTCUSDT,1708214400000,0.00012154
2024-02-18,BTCUSDT,1708243200000,0.0001
2024-02-18,BTCUSDT,1708272000000,0.0001
2024-02-19,BTCUSDT,1708300800000,0.00017748
2024-02-19,BTCUSDT,1708329600000,0.00013098
2024-02-19,BTCUSDT,1708358400000,0.00019352
2024-02-20,BTCUSDT,1708387200000,0.0001
2024-02-20,BTCUSDT,1708416000000,0.0001
2024-02-20,BTCUSDT,1708444800000,0.0001
2024-02-21,BTCUSDT,1708473600000,0.0001
2024-02-21,BTCUSDT,1708502400000,0.0001
2024-02-21,BTCUSDT,1708531200000,0.0001
2024-02-22,BTCUSDT,1708560000000,0.0001
2024-02-22,BTCUSDT,1708588800000,0.0001
2024-02-22,BTCUSDT,1708617600000,0.0001
2024-02-23,BTCUSDT,1708646400000,0.0001
2024-02-23,BTCUSDT,1708675200000,0.0001
2024-02-23,BTCUSDT,1708704000000,0.0001
2024-02-24,BTCUSDT,1708732800000,0.0001
2024-02-24,BTCUSDT,1708761600000,0.0001
2024-02-24,BTCUSDT,1708790400000,0.00010658
2024-02-25,BTCUSDT,1708819200000,0.0001
2024-02-25,BTCUSDT,1708848000000,0.0001
2024-02-25,BTCUSDT,1708876800000,0.0001
2024-02-26,BTCUSDT,1708905600000,0.0001
2024-02-26,BTCUSDT,1708934400000,0.0001
2024-02-26,BTCUSDT,1708963200000,0.0001
2024-02-27,BTCUSDT,1708992000000,0.00026308
2024-02-27,BTCUSDT,1709020800000,0.00067187
2024-02-27,BTCUSDT,1709049600000,0.00030171
2024-02-28,BTCUSDT,1709078400000,0.00023372
2024-02-28,BTCUSDT,1709107200000,0.00019212
2024-02-28,BTCUSDT,1709136000000,0.0005031
2024-02-29,BTCUSDT,1709164800000,0.00061432
2024-02-29,BTCUSDT,1709193600000,0.00072478
2024-02-29,BTCUSDT,1709222400000,0.00069292
2024-03-01,BTCUSDT,1709251200000,0.0003927
2024-03-01,BTCUSDT,1709280000000,0.00039022
2024-03-01,BTCUSDT,1709308800000,0.00040755
2024-03-02,BTCUSDT,1709337600000,0.00013237
2024-03-02,BTCUSDT,1709366400000,0.00023839
2024-03-02,BTCUSDT,1709395200000,0.00059366
2024-03-03,BTCUSDT,1709424000000,0.0005429
2024-03-03,BTCUSDT,1709452800000,0.00041238
2024-03-03,BTCUSDT,1709481600000,0.00048175
2024-03-04,BTCUSDT,1709510400000,0.00045429
2024-03-04,BTCUSDT,1709539200000,0.00067979
2024-03-04,BTCUSDT,1709568000000,0.00082996
2024-03-05,BTCUSDT,1709596800000,0.00080029
2024-03-05,BTCUSDT,1709625600000,0.00112788
2024-03-05,BTCUSDT,1709654400000,0.0009208
2024-03-06,BTCUSDT,1709683200000,0.00028173
2024-03-06,BTCUSDT,1709712000000,0.00024214
2024-03-06,BTCUSDT,1709740800000,0.00047896
2024-03-07,BTCUSDT,1709769600000,0.00027527
2024-03-07,BTCUSDT,1709798400000,0.00024008
2024-03-07,BTCUSDT,1709827200000,0.00050302
2024-03-08,BTCUSDT,1709856000000,0.00035863
2024-03-08,BTCUSDT,1709884800000,0.00040848
2024-03-08,BTCUSDT,1709913600000,0.00072305
2024-03-09,BTCUSDT,1709942400000,0.00023097
2024-03-09,BTCUSDT,1709971200000,0.0002609
2024-03-09,BTCUSDT,1710000000000,0.00028422
2024-03-10,BTCUSDT,1710028800000,0.00033129
2024-03-10,BTCUSDT,1710057600000,0.00058798
2024-03-10,BTCUSDT,1710086400000,0.00065671
2024-03-11,BTCUSDT,1710115200000,0.00041946
2024-03-11,BTCUSDT,1710144000000,0.00077869
2024-03-11,BTCUSDT,1710172800000,0.00074316
2024-03-12,BTCUSDT,1710201600000,0.00049803
2024-03-12,BTCUSDT,1710230400000,0.00051935
2024-03-12,BTCUSDT,1710259200000,0.00055529
2024-03-13,BTCUSDT,1710288000000,0.00034133
2024-03-13,BTCUSDT,1710316800000,0.0007759
2024-03-13,BTCUSDT,1710345600000,0.0004918
2024-03-14,BTCUSDT,1710374400000,0.00028643
2024-03-14,BTCUSDT,1710403200000,0.00048932
2024-03-14,BTCUSDT,1710432000000,0.00049306
2024-03-15,BTCUSDT,1710460800000,0.00050945
2024-03-15,BTCUSDT,1710489600000,0.0001
2024-03-15,BTCUSDT,1710518400000,0.0001
2024-03-16,BTCUSDT,1710547200000,0.0001
2024-03-16,BTCUSDT,1710576000000,0.0001
2024-03-16,BTCUSDT,1710604800000,0.0001
2024-03-17,BTCUSDT,1710633600000,0.0001
2024-03-17,BTCUSDT,1710662400000,0.0001
2024-03-17,BTCUSDT,1710691200000,0.00019339
2024-03-18,BTCUSDT,1710720000000,0.00013515
2024-03-18,BTCUSDT,1710748800000,0.00030244
2024-03-18,BTCUSDT,1710777600000,0.0001
2024-03-19,BTCUSDT,1710806400000,0.0001
2024-03-19,BTCUSDT,1710835200000,0.0001
2024-03-19,BTCUSDT,1710864000000,0.00011542
2024-03-20,BTCUSDT,1710892800000,0.0001
2024-03-20,BTCUSDT,1710921600000,0.0001
2024-03-20,BTCUSDT,1710950400000,0.0001
2024-03-21,BTCUSDT,1710979200000,0.0001
2024-03-21,BTCUSDT,1711008000000,0.0001
2024-03-21,BTCUSDT,1711036800000,0.0001
2024-03-22,BTCUSDT,1711065600000,0.0001
2024-03-22,BTCUSDT,1711094400000,0.0001
2024-03-22,BTCUSDT,1711123200000,0.0001
2024-03-23,BTCUSDT,1711152000000,0.0001
2024-03-23,BTCUSDT,1711180800000,0.0001
2024-03-23,BTCUSDT,1711209600000,0.0001
2024-03-24,BTCUSDT,1711238400000,0.0001
2024-03-24,BTCUSDT,1711267200000,0.0001
2024-03-24,BTCUSDT,1711296000000,0.0001
2024-03-25,BTCUSDT,1711324800000,0.0001
2024-03-25,BTCUSDT,1711353600000,0.0001
2024-03-25,BTCUSDT,1711382400000,0.00025614
2024-03-26,BTCUSDT,1711411200000,0.00010181
2024-03-26,BTCUSDT,1711440000000,0.00023139
2024-03-26,BTCUSDT,1711468800000,0.00032273
2024-03-27,BTCUSDT,1711497600000,0.00046291
2024-03-27,BTCUSDT,1711526400000,0.00032533
2024-03-27,BTCUSDT,1711555200000,0.00042313
2024-03-28,BTCUSDT,1711584000000,0.00037678
2024-03-28,BTCUSDT,1711612800000,0.00052851
2024-03-28,BTCUSDT,1711641600000,0.00047308
2024-03-29,BTCUSDT,1711670400000,0.00043346
2024-03-29,BTCUSDT,1711699200000,0.0003284
2024-03-29,BTCUSDT,1711728000000,0.00037754
2024-03-30,BTCUSDT,1711756800000,0.00026099
2024-03-30,BTCUSDT,1711785600000,0.0004336
2024-03-30,BTCUSDT,1711814400000,0.00035292
2024-03-31,BTCUSDT,1711843200000,0.0003051
2024-03-31,BTCUSDT,1711872000000,0.00044673
2024-03-31,BTCUSDT,1711900800000,0.00049276
2024-04-01,BTCUSDT,1711929600000,0.00065297
2024-04-01,BTCUSDT,1711958400000,0.00029626
2024-04-01,BTCUSDT,1711987200000,0.00024903
2024-04-02,BTCUSDT,1712016000000,0.00024486
2024-04-02,BTCUSDT,1712044800000,0.0001
2024-04-02,BTCUSDT,1712073600000,0.0001
2024-04-03,BTCUSDT,1712102400000,0.0001
2024-04-03,BTCUSDT,1712131200000,0.0001
2024-04-03,BTCUSDT,1712160000000,0.0001
2024-04-04,BTCUSDT,1712188800000,0.0001
2024-04-04,BTCUSDT,1712217600000,0.0001
2024-04-04,BTCUSDT,1712246400000,0.0001
2024-04-05,BTCUSDT,1712275200000,0.0001
2024-04-05,BTCUSDT,1712304000000,0.0001
2024-04-05,BTCUSDT,1712332800000,0.0001
2024-04-06,BTCUSDT,1712361600000,0.0001
2024-04-06,BTCUSDT,1712390400000,0.0001
2024-04-06,BTCUSDT,1712419200000,0.0001
2024-04-07,BTCUSDT,1712448000000,0.0001
2024-04-07,BTCUSDT,1712476800000,0.0001
2024-04-07,BTCUSDT,1712505600000,0.0001
2024-04-08,BTCUSDT,1712534400000,0.0001
2024-04-08,BTCUSDT,1712563200000,0.0001
2024-04-08,BTCUSDT,1712592000000,0.00021323
2024-04-09,BTCUSDT,1712620800000,0.00020982
2024-04-09,BTCUSDT,1712649600000,0.00015607
2024-04-09,BTCUSDT,1712678400000,0.00016704
2024-04-10,BTCUSDT,1712707200000,0.00011987
2024-04-10,BTCUSDT,1712736000000,0.0001
2024-04-10,BTCUSDT,1712764800000,0.0001
2024-04-11,BTCUSDT,1712793600000,0.0001
2024-04-11,BTCUSDT,1712822400000,0.0001
2024-04-11,BTCUSDT,1712851200000,0.0001
2024-04-12,BTCUSDT,1712880000000,0.0001
2024-04-12,BTCUSDT,1712908800000,0.0001
2024-04-12,BTCUSDT,1712937600000,0.0001
2024-04-13,BTCUSDT,1712966400000,0.0001
2024-04-13,BTCUSDT,1712995200000,0.0001
2024-04-13,BTCUSDT,1713024000000,0.0001
2024-04-14,BTCUSDT,1713052800000,0.00007356
2024-04-14,BTCUSDT,1713081600000,0.0001
2024-04-14,BTCUSDT,1713110400000,0.0001
2024-04-15,BTCUSDT,1713139200000,0.00008288
2024-04-15,BTCUSDT,1713168000000,-0.00003849
2024-04-15,BTCUSDT,1713196800000,0.00000541
2024-04-16,BTCUSDT,1713225600000,0.00008676
2024-04-16,BTCUSDT,1713254400000,0.00006221
2024-04-16,BTCUSDT,1713283200000,0.00006552
2024-04-17,BTCUSDT,1713312000000,0.00003688
2024-04-17,BTCUSDT,1713340800000,0.00000663
2024-04-17,BTCUSDT,1713369600000,0.00004406
2024-04-18,BTCUSDT,1713398400000,0.00007307
2024-04-18,BTCUSDT,1713427200000,-0.00004087
2024-04-18,BTCUSDT,1713456000000,-0.00005366
2024-04-19,BTCUSDT,1713484800000,-0.00002998
2024-04-19,BTCUSDT,1713513600000,0.0001
2024-04-19,BTCUSDT,1713542400000,0.00005565
2024-04-20,BTCUSDT,1713571200000,0.0000358
2024-04-20,BTCUSDT,1713600000000,0.00000943
2024-04-20,BTCUSDT,1713628800000,-0.00006986
2024-04-21,BTCUSDT,1713657600000,-0.00001858
2024-04-21,BTCUSDT,1713686400000,0.00004833
2024-04-21,BTCUSDT,1713715200000,0.00005023
2024-04-22,BTCUSDT,1713744000000,0.00009377
2024-04-22,BTCUSDT,1713772800000,0.0001
2024-04-22,BTCUSDT,1713801600000,-0.00007379
2024-04-23,BTCUSDT,1713830400000,-0.00015398
2024-04-23,BTCUSDT,1713859200000,-0.00001744
2024-04-23,BTCUSDT,1713888000000,0.00007572
2024-04-24,BTCUSDT,1713916800000,0.0001
2024-04-24,BTCUSDT,1713945600000,0.0001
2024-04-24,BTCUSDT,1713974400000,0.0000493
2024-04-25,BTCUSDT,1714003200000,0.0001
2024-04-25,BTCUSDT,1714032000000,-0.00001371
2024-04-25,BTCUSDT,1714060800000,0.00002499
2024-04-26,BTCUSDT,1714089600000,-0.00001077
2024-04-26,BTCUSDT,1714118400000,-0.00003421
2024-04-26,BTCUSDT,1714147200000,0.00006161
2024-04-27,BTCUSDT,1714176000000,0.0001
2024-04-27,BTCUSDT,1714204800000,0.0001
2024-04-27,BTCUSDT,1714233600000,0.0001
2024-04-28,BTCUSDT,1714262400000,0.0000402
2024-04-28,BTCUSDT,1714291200000,0.0000792
2024-04-28,BTCUSDT,1714320000000,0.000079
2024-04-29,BTCUSDT,1714348800000,0.00001802
2024-04-29,BTCUSDT,1714377600000,-0.00005782
2024-04-29,BTCUSDT,1714406400000,0.0001
2024-04-30,BTCUSDT,1714435200000,0.0000143
2024-04-30,BTCUSDT,1714464000000,0.00000638
2024-04-30,BTCUSDT,1714492800000,0.00008364
2024-05-01,BTCUSDT,1714521600000,0.0001
2024-05-01,BTCUSDT,1714550400000,0.0001
2024-05-01,BTCUSDT,1714579200000,0.00005046
2024-05-02,BTCUSDT,1714608000000,0.00001443
2024-05-02,BTCUSDT,1714636800000,0.0001
2024-05-02,BTCUSDT,1714665600000,-0.0001045
2024-05-03,BTCUSDT,1714694400000,-0.00009395
2024-05-03,BTCUSDT,1714723200000,-0.00005166
2024-05-03,BTCUSDT,1714752000000,-0.00008669
2024-05-04,BTCUSDT,1714780800000,-0.00009541
2024-05-04,BTCUSDT,1714809600000,0.00001769
2024-05-04,BTCUSDT,1714838400000,-0.00002317
2024-05-05,BTCUSDT,1714867200000,0.00003013
2024-05-05,BTCUSDT,1714896000000,0.00007133
2024-05-05,BTCUSDT,1714924800000,0.0001
2024-05-06,BTCUSDT,1714953600000,0.00004545
2024-05-06,BTCUSDT,1714982400000,0.00007226
2024-05-06,BTCUSDT,1715011200000,0.00008717
2024-05-07,BTCUSDT,1715040000000,0.0001
2024-05-07,BTCUSDT,1715068800000,0.0001
2024-05-07,BTCUSDT,1715097600000,0.0001
2024-05-08,BTCUSDT,1715126400000,0.0001
2024-05-08,BTCUSDT,1715155200000,0.0001
2024-05-08,BTCUSDT,1715184000000,0.0001
2024-05-09,BTCUSDT,1715212800000,0.0001
2024-05-09,BTCUSDT,1715241600000,0.00004634
2024-05-09,BTCUSDT,1715270400000,0.00008999
2024-05-10,BTCUSDT,1715299200000,0.00000272
2024-05-10,BTCUSDT,1715328000000,0.00001145
2024-05-10,BTCUSDT,1715356800000,0.0001
2024-05-11,BTCUSDT,1715385600000,0.0001
2024-05-11,BTCUSDT,1715414400000,0.0001
2024-05-11,BTCUSDT,1715443200000,0.0001
2024-05-12,BTCUSDT,1715472000000,0.0001
2024-05-12,BTCUSDT,1715500800000,0.00005654
2024-05-12,BTCUSDT,1715529600000,0.0001
2024-05-13,BTCUSDT,1715558400000,-0.00000144
2024-05-13,BTCUSDT,1715587200000,0.00009033
2024-05-13,BTCUSDT,1715616000000,0.00000959
2024-05-14,BTCUSDT,1715644800000,-0.00002451
2024-05-14,BTCUSDT,1715673600000,0.0001
2024-05-14,BTCUSDT,1715702400000,0.00009399
2024-05-15,BTCUSDT,1715731200000,0.00006589
2024-05-15,BTCUSDT,1715760000000,0.00003598
2024-05-15,BTCUSDT,1715788800000,-0.00006766
2024-05-16,BTCUSDT,1715817600000,0.00003295
2024-05-16,BTCUSDT,1715846400000,0.00006558
2024-05-16,BTCUSDT,1715875200000,0.00002947
2024-05-17,BTCUSDT,1715904000000,0.0001
2024-05-17,BTCUSDT,1715932800000,0.0001
2024-05-17,BTCUSDT,1715961600000,0.0001
2024-05-18,BTCUSDT,1715990400000,0.00002216
2024-05-18,BTCUSDT,1716019200000,0.00007849
2024-05-18,BTCUSDT,1716048000000,0.00001546
2024-05-19,BTCUSDT,1716076800000,0.00004445
2024-05-19,BTCUSDT,1716105600000,0.00009105
2024-05-19,BTCUSDT,1716134400000,0.00007228
2024-05-20,BTCUSDT,1716163200000,0.00001894
2024-05-20,BTCUSDT,1716192000000,0.0001
2024-05-20,BTCUSDT,1716220800000,0.00006146
2024-05-21,BTCUSDT,1716249600000,0.0001
2024-05-21,BTCUSDT,1716278400000,0.0001
2024-05-21,BTCUSDT,1716307200000,0.0001
2024-05-22,BTCUSDT,1716336000000,0.0001
2024-05-22,BTCUSDT,1716364800000,0.0001
2024-05-22,BTCUSDT,1716393600000,0.0001
2024-05-23,BTCUSDT,1716422400000,0.0001
2024-05-23,BTCUSDT,1716451200000,0.00015256
2024-05-23,BTCUSDT,1716480000000,0.00010356
2024-05-24,BTCUSDT,1716508800000,0.0001
2024-05-24,BTCUSDT,1716537600000,0.0001
2024-05-24,BTCUSDT,1716566400000,0.0001
2024-05-25,BTCUSDT,1716595200000,0.0001
2024-05-25,BTCUSDT,1716624000000,0.0001
2024-05-25,BTCUSDT,1716652800000,0.0001
2024-05-26,BTCUSDT,1716681600000,0.0001
2024-05-26,BTCUSDT,1716710400000,0.0001
2024-05-26,BTCUSDT,1716739200000,0.0001
2024-05-27,BTCUSDT,1716768000000,0.0001
2024-05-27,BTCUSDT,1716796800000,0.0001
2024-05-27,BTCUSDT,1716825600000,0.0001
2024-05-28,BTCUSDT,1716854400000,0.0001
2024-05-28,BTCUSDT,1716883200000,0.0001
2024-05-28,BTCUSDT,1716912000000,0.0001
2024-05-29,BTCUSDT,1716940800000,0.0001
2024-05-29,BTCUSDT,1716969600000,0.00010687
2024-05-29,BTCUSDT,1716998400000,0.0001
2024-05-30,BTCUSDT,1717027200000,0.0001
2024-05-30,BTCUSDT,1717056000000,0.0001
2024-05-30,BTCUSDT,1717084800000,0.0001
2024-05-31,BTCUSDT,1717113600000,0.0001
2024-05-31,BTCUSDT,1717142400000,0.0001
2024-05-31,BTCUSDT,1717171200000,0.0001
2024-06-01,BTCUSDT,1717200000000,0.0001
2024-06-01,BTCUSDT,1717228800000,0.0001
2024-06-01,BTCUSDT,1717257600000,0.0001
2024-06-02,BTCUSDT,1717286400000,0.0001
2024-06-02,BTCUSDT,1717315200000,0.0001
2024-06-02,BTCUSDT,1717344000000,0.0001
2024-06-03,BTCUSDT,1717372800000,0.0001
2024-06-03,BTCUSDT,1717401600000,0.0001
2024-06-03,BTCUSDT,1717430400000,0.0001
2024-06-04,BTCUSDT,1717459200000,0.0001
2024-06-04,BTCUSDT,1717488000000,0.00016251
2024-06-04,BTCUSDT,1717516800000,0.0001
2024-06-05,BTCUSDT,1717545600000,0.0001
2024-06-05,BTCUSDT,1717574400000,0.0001104
2024-06-05,BTCUSDT,1717603200000,0.0001
2024-06-06,BTCUSDT,1717632000000,0.0001
2024-06-06,BTCUSDT,1717660800000,0.0001
2024-06-06,BTCUSDT,1717689600000,0.0001
2024-06-07,BTCUSDT,1717718400000,0.0001
2024-06-07,BTCUSDT,1717747200000,0.0001
2024-06-07,BTCUSDT,1717776000000,0.00014636
2024-06-08,BTCUSDT,1717804800000,0.00015015
2024-06-08,BTCUSDT,1717833600000,0.0001
2024-06-08,BTCUSDT,1717862400000,0.0001
2024-06-09,BTCUSDT,1717891200000,0.0001
2024-06-09,BTCUSDT,1717920000000,0.0001
2024-06-09,BTCUSDT,1717948800000,0.0001
2024-06-10,BTCUSDT,1717977600000,0.0001
2024-06-10,BTCUSDT,1718006400000,0.0001
2024-06-10,BTCUSDT,1718035200000,0.0001
2024-06-11,BTCUSDT,1718064000000,0.0001
2024-06-11,BTCUSDT,1718092800000,0.0001
2024-06-11,BTCUSDT,1718121600000,0.0001
2024-06-12,BTCUSDT,1718150400000,0.00002722
2024-06-12,BTCUSDT,1718179200000,0.00001528
2024-06-12,BTCUSDT,1718208000000,0.00002555
2024-06-13,BTCUSDT,1718236800000,0.0001
2024-06-13,BTCUSDT,1718265600000,0.00004526
2024-06-13,BTCUSDT,1718294400000,0.00004705
2024-06-14,BTCUSDT,1718323200000,0.00002162
2024-06-14,BTCUSDT,1718352000000,0.0001
2024-06-14,BTCUSDT,1718380800000,0.00004866
2024-06-15,BTCUSDT,1718409600000,0.00000849
2024-06-15,BTCUSDT,1718438400000,0.00009013
2024-06-15,BTCUSDT,1718467200000,0.00002833
2024-06-16,BTCUSDT,1718496000000,0.00001204
2024-06-16,BTCUSDT,1718524800000,-0.00001968
2024-06-16,BTCUSDT,1718553600000,-0.00002464
2024-06-17,BTCUSDT,1718582400000,-0.00002987
2024-06-17,BTCUSDT,1718611200000,0.0000041
2024-06-17,BTCUSDT,1718640000000,-0.00000986
2024-06-18,BTCUSDT,1718668800000,0.00000232
2024-06-18,BTCUSDT,1718697600000,0.0001
2024-06-18,BTCUSDT,1718726400000,0.00006445
2024-06-19,BTCUSDT,1718755200000,0.0001
2024-06-19,BTCUSDT,1718784000000,0.00007993
2024-06-19,BTCUSDT,1718812800000,0.00000173
2024-06-20,BTCUSDT,1718841600000,0.00008409
2024-06-20,BTCUSDT,1718870400000,0.0001
2024-06-20,BTCUSDT,1718899200000,0.0001
2024-06-21,BTCUSDT,1718928000000,0.000076
2024-06-21,BTCUSDT,1718956800000,-0.00000157
2024-06-21,BTCUSDT,1718985600000,-0.00003133
2024-06-22,BTCUSDT,1719014400000,0.00009131
2024-06-22,BTCUSDT,1719043200000,-0.00007713
2024-06-22,BTCUSDT,1719072000000,0.00001375
2024-06-23,BTCUSDT,1719100800000,0.00001361
2024-06-23,BTCUSDT,1719129600000,-0.00002913
2024-06-23,BTCUSDT,1719158400000,0.00003299
2024-06-24,BTCUSDT,1719187200000,0.00001505
2024-06-24,BTCUSDT,1719216000000,-0.00006977
2024-06-24,BTCUSDT,1719244800000,-0.0001414
2024-06-25,BTCUSDT,1719273600000,-0.0001186
2024-06-25,BTCUSDT,1719302400000,-0.00008286
2024-06-25,BTCUSDT,1719331200000,-0.00002683
2024-06-26,BTCUSDT,1719360000000,-0.00012635
2024-06-26,BTCUSDT,1719388800000,-0.00009366
2024-06-26,BTCUSDT,1719417600000,-0.00006612
2024-06-27,BTCUSDT,1719446400000,-0.00003526
2024-06-27,BTCUSDT,1719475200000,0.00004902
2024-06-27,BTCUSDT,1719504000000,0.00008267
2024-06-28,BTCUSDT,1719532800000,0.00003226
2024-06-28,BTCUSDT,1719561600000,0.00002455
2024-06-28,BTCUSDT,1719590400000,-0.00002545
2024-06-29,BTCUSDT,1719619200000,0.0001
2024-06-29,BTCUSDT,1719648000000,-0.0001494
2024-06-29,BTCUSDT,1719676800000,0.00005126
2024-06-30,BTCUSDT,1719705600000,-0.0000587
2024-06-30,BTCUSDT,1719734400000,-0.00006335
2024-06-30,BTCUSDT,1719763200000,-0.00014348
2024-07-01,BTCUSDT,1719792000000,-0.00001829
2024-07-01,BTCUSDT,1719820800000,-0.00011856
2024-07-01,BTCUSDT,1719849600000,-0.00003625
2024-07-02,BTCUSDT,1719878400000,-0.0000661
2024-07-02,BTCUSDT,1719907200000,-0.00000581
2024-07-02,BTCUSDT,1719936000000,0.00005178
2024-07-03,BTCUSDT,1719964800000,0.00004183
2024-07-03,BTCUSDT,1719993600000,0.00003338
2024-07-03,BTCUSDT,1720022400000,-0.00002314
2024-07-04,BTCUSDT,1720051200000,0.00005803
2024-07-04,BTCUSDT,1720080000000,0.00003251
2024-07-04,BTCUSDT,1720108800000,-0.00002617
2024-07-05,BTCUSDT,1720137600000,0.00004545
2024-07-05,BTCUSDT,1720166400000,0.0001
2024-07-05,BTCUSDT,1720195200000,0.00001577
2024-07-06,BTCUSDT,1720224000000,-0.00001215
2024-07-06,BTCUSDT,1720252800000,0.00007586
2024-07-06,BTCUSDT,1720281600000,0.00005275
2024-07-07,BTCUSDT,1720310400000,-0.00005467
2024-07-07,BTCUSDT,1720339200000,0.0001
2024-07-07,BTCUSDT,1720368000000,0.00005711
2024-07-08,BTCUSDT,1720396800000,-0.00002263
2024-07-08,BTCUSDT,1720425600000,0.00008711
2024-07-08,BTCUSDT,1720454400000,0.0001
2024-07-09,BTCUSDT,1720483200000,0.00008992
2024-07-09,BTCUSDT,1720512000000,0.0001
2024-07-09,BTCUSDT,1720540800000,0.0001
2024-07-10,BTCUSDT,1720569600000,0.0001
2024-07-10,BTCUSDT,1720598400000,0.00003916
2024-07-10,BTCUSDT,1720627200000,0.0001
2024-07-11,BTCUSDT,1720656000000,0.0001
2024-07-11,BTCUSDT,1720684800000,0.0000413
2024-07-11,BTCUSDT,1720713600000,0.00000784
2024-07-12,BTCUSDT,1720742400000,0.0001
2024-07-12,BTCUSDT,1720771200000,0.00004673
2024-07-12,BTCUSDT,1720800000000,-0.00003418
2024-07-13,BTCUSDT,1720828800000,-0.00000164
2024-07-13,BTCUSDT,1720857600000,9.8e-7
2024-07-13,BTCUSDT,1720886400000,0.0000782
2024-07-14,BTCUSDT,1720915200000,0.00005461
2024-07-14,BTCUSDT,1720944000000,0.0001
2024-07-14,BTCUSDT,1720972800000,0.00002743
2024-07-15,BTCUSDT,1721001600000,0.00000134
2024-07-15,BTCUSDT,1721030400000,-0.00000493
2024-07-15,BTCUSDT,1721059200000,0.0001
2024-07-16,BTCUSDT,1721088000000,-0.00004633
2024-07-16,BTCUSDT,1721116800000,0.0001
2024-07-16,BTCUSDT,1721145600000,0.0001
2024-07-17,BTCUSDT,1721174400000,0.00008038
2024-07-17,BTCUSDT,1721203200000,0.0001
2024-07-17,BTCUSDT,1721232000000,-0.00001974
2024-07-18,BTCUSDT,1721260800000,0.00000266
2024-07-18,BTCUSDT,1721289600000,0.00005085
2024-07-18,BTCUSDT,1721318400000,0.0000133
2024-07-19,BTCUSDT,1721347200000,0.00009438
2024-07-19,BTCUSDT,1721376000000,0.0001
2024-07-19,BTCUSDT,1721404800000,0.0001
2024-07-20,BTCUSDT,1721433600000,0.00009501
2024-07-20,BTCUSDT,1721462400000,0.0000495
2024-07-20,BTCUSDT,1721491200000,0.00003897
2024-07-21,BTCUSDT,1721520000000,0.00008307
2024-07-21,BTCUSDT,1721548800000,0.00006724
2024-07-21,BTCUSDT,1721577600000,0.0001
2024-07-22,BTCUSDT,1721606400000,0.0001
2024-07-22,BTCUSDT,1721635200000,0.0001
2024-07-22,BTCUSDT,1721664000000,0.0001
2024-07-23,BTCUSDT,1721692800000,0.00005306
2024-07-23,BTCUSDT,1721721600000,0.0001
2024-07-23,BTCUSDT,1721750400000,0.00003978
2024-07-24,BTCUSDT,1721779200000,0.0001
2024-07-24,BTCUSDT,1721808000000,0.0001
2024-07-24,BTCUSDT,1721836800000,0.0001
2024-07-25,BTCUSDT,1721865600000,0.0001
2024-07-25,BTCUSDT,1721894400000,0.0001
2024-07-25,BTCUSDT,1721923200000,0.0001
2024-07-26,BTCUSDT,1721952000000,0.00002176
2024-07-26,BTCUSDT,1721980800000,0.00006204
2024-07-26,BTCUSDT,1722009600000,0.00005936
2024-07-27,BTCUSDT,1722038400000,0.00008304
2024-07-27,BTCUSDT,1722067200000,0.0001
2024-07-27,BTCUSDT,1722096000000,0.0001
2024-07-28,BTCUSDT,1722124800000,0.0001
2024-07-28,BTCUSDT,1722153600000,0.0001
2024-07-28,BTCUSDT,1722182400000,0.0001
2024-07-29,BTCUSDT,1722211200000,0.0001
2024-07-29,BTCUSDT,1722240000000,0.0001
2024-07-29,BTCUSDT,1722268800000,0.0001
2024-07-30,BTCUSDT,1722297600000,0.0001
2024-07-30,BTCUSDT,1722326400000,-0.00011367
2024-07-30,BTCUSDT,1722355200000,0.00007656
2024-07-31,BTCUSDT,1722384000000,0.0001
2024-07-31,BTCUSDT,1722412800000,0.0001
2024-07-31,BTCUSDT,1722441600000,0.00004863
2024-08-01,BTCUSDT,1722470400000,0.00009544
2024-08-01,BTCUSDT,1722499200000,0.00007135
2024-08-01,BTCUSDT,1722528000000,0.00003459
2024-08-02,BTCUSDT,1722556800000,0.0001
2024-08-02,BTCUSDT,1722585600000,0.0001
2024-08-02,BTCUSDT,1722614400000,0.00002532
2024-08-03,BTCUSDT,1722643200000,0.00000223
2024-08-03,BTCUSDT,1722672000000,-0.00005581
2024-08-03,BTCUSDT,1722700800000,7.3e-7
2024-08-04,BTCUSDT,1722729600000,0.00003485
2024-08-04,BTCUSDT,1722758400000,0.00003978
2024-08-04,BTCUSDT,1722787200000,0.00000503
2024-08-05,BTCUSDT,1722816000000,0.00001975
2024-08-05,BTCUSDT,1722844800000,-0.00000592
2024-08-05,BTCUSDT,1722873600000,-0.00005066
2024-08-06,BTCUSDT,1722902400000,0.00000757
2024-08-06,BTCUSDT,1722931200000,0.00001866
2024-08-06,BTCUSDT,1722960000000,0.0001
2024-08-07,BTCUSDT,1722988800000,0.00002722
2024-08-07,BTCUSDT,1723017600000,0.00006767
2024-08-07,BTCUSDT,1723046400000,0.0001
2024-08-08,BTCUSDT,1723075200000,0.00004616
2024-08-08,BTCUSDT,1723104000000,0.00009389
2024-08-08,BTCUSDT,1723132800000,-0.00002911
2024-08-09,BTCUSDT,1723161600000,-0.0000192
2024-08-09,BTCUSDT,1723190400000,0.00002569
2024-08-09,BTCUSDT,1723219200000,-0.00001845
2024-08-10,BTCUSDT,1723248000000,0.00004448
2024-08-10,BTCUSDT,1723276800000,0.0001
2024-08-10,BTCUSDT,1723305600000,0.00005312
2024-08-11,BTCUSDT,1723334400000,0.00008623
2024-08-11,BTCUSDT,1723363200000,0.00003775
2024-08-11,BTCUSDT,1723392000000,-0.00002976
2024-08-12,BTCUSDT,1723420800000,0.0001
2024-08-12,BTCUSDT,1723449600000,0.0001
2024-08-12,BTCUSDT,1723478400000,0.00002174
2024-08-13,BTCUSDT,1723507200000,-0.00000123
2024-08-13,BTCUSDT,1723536000000,0.0001
2024-08-13,BTCUSDT,1723564800000,0.00004726
2024-08-14,BTCUSDT,1723593600000,-0.0000185
2024-08-14,BTCUSDT,1723622400000,-0.00000316
2024-08-14,BTCUSDT,1723651200000,-0.00001699
2024-08-15,BTCUSDT,1723680000000,0.00001011
2024-08-15,BTCUSDT,1723708800000,0.0000192
2024-08-15,BTCUSDT,1723737600000,0.00005472
2024-08-16,BTCUSDT,1723766400000,0.00003989
2024-08-16,BTCUSDT,1723795200000,0.00004876
2024-08-16,BTCUSDT,1723824000000,0.00003934
2024-08-17,BTCUSDT,1723852800000,0.00006207
2024-08-17,BTCUSDT,1723881600000,0.00006351
2024-08-17,BTCUSDT,1723910400000,0.00008377
2024-08-18,BTCUSDT,1723939200000,0.00007872
2024-08-18,BTCUSDT,1723968000000,-0.00000312
2024-08-18,BTCUSDT,1723996800000,0.00001326
2024-08-19,BTCUSDT,1724025600000,0.00001276
2024-08-19,BTCUSDT,1724054400000,-0.00001638
2024-08-19,BTCUSDT,1724083200000,0.00000469
2024-08-20,BTCUSDT,1724112000000,-0.00002908
2024-08-20,BTCUSDT,1724140800000,0.00006912
2024-08-20,BTCUSDT,1724169600000,0.00001082
2024-08-21,BTCUSDT,1724198400000,-0.00003496
2024-08-21,BTCUSDT,1724227200000,-0.00002723
2024-08-21,BTCUSDT,1724256000000,9.6e-7
2024-08-22,BTCUSDT,1724284800000,-0.00000761
2024-08-22,BTCUSDT,1724313600000,0.00004547
2024-08-22,BTCUSDT,1724342400000,0.0000623
2024-08-23,BTCUSDT,1724371200000,0.0001
2024-08-23,BTCUSDT,1724400000000,0.00007561
2024-08-23,BTCUSDT,1724428800000,0.00002511
2024-08-24,BTCUSDT,1724457600000,-0.00002164
2024-08-24,BTCUSDT,1724486400000,0.00008709
2024-08-24,BTCUSDT,1724515200000,0.00009036
2024-08-25,BTCUSDT,1724544000000,0.0001
2024-08-25,BTCUSDT,1724572800000,0.00003955
2024-08-25,BTCUSDT,1724601600000,0.0001
2024-08-26,BTCUSDT,1724630400000,0.0000824
2024-08-26,BTCUSDT,1724659200000,0.0000038
2024-08-26,BTCUSDT,1724688000000,0.00006223
2024-08-27,BTCUSDT,1724716800000,0.00008141
2024-08-27,BTCUSDT,1724745600000,0.00007353
2024-08-27,BTCUSDT,1724774400000,0.0001
2024-08-28,BTCUSDT,1724803200000,-0.00000789
2024-08-28,BTCUSDT,1724832000000,-0.00000581
2024-08-28,BTCUSDT,1724860800000,-0.0000324
2024-08-29,BTCUSDT,1724889600000,0.00001018
2024-08-29,BTCUSDT,1724918400000,0.00003501
2024-08-29,BTCUSDT,1724947200000,0.00000616
2024-08-30,BTCUSDT,1724976000000,-0.0001219
2024-08-30,BTCUSDT,1725004800000,0.00001737
2024-08-30,BTCUSDT,1725033600000,0.00001815
2024-08-31,BTCUSDT,1725062400000,0.00003389
2024-08-31,BTCUSDT,1725091200000,0.00007128
2024-08-31,BTCUSDT,1725120000000,0.00004759
2024-09-01,BTCUSDT,1725148800000,0.00009478
2024-09-01,BTCUSDT,1725177600000,0.00004649
2024-09-01,BTCUSDT,1725206400000,-0.00000928
2024-09-02,BTCUSDT,1725235200000,-0.00002521
2024-09-02,BTCUSDT,1725264000000,-0.00004265
2024-09-02,BTCUSDT,1725292800000,0.00003884
2024-09-03,BTCUSDT,1725321600000,0.00002799
2024-09-03,BTCUSDT,1725350400000,0.00002372
2024-09-03,BTCUSDT,1725379200000,0.00007738
2024-09-04,BTCUSDT,1725408000000,0.00004569
2024-09-04,BTCUSDT,1725436800000,0.00000358
2024-09-04,BTCUSDT,1725465600000,-0.00002771
2024-09-05,BTCUSDT,1725494400000,-0.00004165
2024-09-05,BTCUSDT,1725523200000,-0.00000239
2024-09-05,BTCUSDT,1725552000000,0.00000848
2024-09-06,BTCUSDT,1725580800000,-0.00004633
2024-09-06,BTCUSDT,1725609600000,-0.0000166
2024-09-06,BTCUSDT,1725638400000,0.00000186
2024-09-07,BTCUSDT,1725667200000,0.00002842
2024-09-07,BTCUSDT,1725696000000,0.0000243
2024-09-07,BTCUSDT,1725724800000,0.00003364
2024-09-08,BTCUSDT,1725753600000,0.0000468
2024-09-08,BTCUSDT,1725782400000,0.00001751
2024-09-08,BTCUSDT,1725811200000,0.00003261
2024-09-09,BTCUSDT,1725840000000,0.00009883
2024-09-09,BTCUSDT,1725868800000,0.00009123
2024-09-09,BTCUSDT,1725897600000,-0.0000354
2024-09-10,BTCUSDT,1725926400000,0.0001
2024-09-10,BTCUSDT,1725955200000,0.00001276
2024-09-10,BTCUSDT,1725984000000,0.00000995
2024-09-11,BTCUSDT,1726012800000,0.00004027
2024-09-11,BTCUSDT,1726041600000,0.00001728
2024-09-11,BTCUSDT,1726070400000,0.00009155
2024-09-12,BTCUSDT,1726099200000,0.00000315
2024-09-12,BTCUSDT,1726128000000,0.00006624
2024-09-12,BTCUSDT,1726156800000,0.00002538
2024-09-13,BTCUSDT,1726185600000,0.00003154
2024-09-13,BTCUSDT,1726214400000,-0.0000431
2024-09-13,BTCUSDT,1726243200000,0.00001552
2024-09-14,BTCUSDT,1726272000000,-0.00001724
2024-09-14,BTCUSDT,1726300800000,-0.00000795
2024-09-14,BTCUSDT,1726329600000,-0.00002375
2024-09-15,BTCUSDT,1726358400000,0.00007514
2024-09-15,BTCUSDT,1726387200000,0.00000208
2024-09-15,BTCUSDT,1726416000000,0.00007324
2024-09-16,BTCUSDT,1726444800000,0.00003377
2024-09-16,BTCUSDT,1726473600000,0.00002239
2024-09-16,BTCUSDT,1726502400000,0.00004538
2024-09-17,BTCUSDT,1726531200000,0.0001
2024-09-17,BTCUSDT,1726560000000,0.00007666
2024-09-17,BTCUSDT,1726588800000,0.00002251
2024-09-18,BTCUSDT,1726617600000,0.00000648
2024-09-18,BTCUSDT,1726646400000,0.00005549
2024-09-18,BTCUSDT,1726675200000,0.00008846
2024-09-19,BTCUSDT,1726704000000,0.00009784
2024-09-19,BTCUSDT,1726732800000,0.00006603
2024-09-19,BTCUSDT,1726761600000,0.00005137
2024-09-20,BTCUSDT,1726790400000,0.00003807
2024-09-20,BTCUSDT,1726819200000,-0.00001615
2024-09-20,BTCUSDT,1726848000000,0.0001
2024-09-21,BTCUSDT,1726876800000,0
2024-09-21,BTCUSDT,1726905600000,-0.0000054
2024-09-21,BTCUSDT,1726934400000,-0.00001119
2024-09-22,BTCUSDT,1726963200000,-0.00000558
2024-09-22,BTCUSDT,1726992000000,-0.00004374
2024-09-22,BTCUSDT,1727020800000,0.00005468
2024-09-23,BTCUSDT,1727049600000,0.0001
2024-09-23,BTCUSDT,1727078400000,-0.00001126
2024-09-23,BTCUSDT,1727107200000,0.00004386
2024-09-24,BTCUSDT,1727136000000,0.00008154
2024-09-24,BTCUSDT,1727164800000,0.00007883
2024-09-24,BTCUSDT,1727193600000,0.00002404
2024-09-25,BTCUSDT,1727222400000,0.0001
2024-09-25,BTCUSDT,1727251200000,0.0001
2024-09-25,BTCUSDT,1727280000000,0.0001
2024-09-26,BTCUSDT,1727308800000,0.0001
2024-09-26,BTCUSDT,1727337600000,0.0001
2024-09-26,BTCUSDT,1727366400000,0.00009007
2024-09-27,BTCUSDT,1727395200000,0.00007718
2024-09-27,BTCUSDT,1727424000000,0.0000868
2024-09-27,BTCUSDT,1727452800000,0.0000378
2024-09-28,BTCUSDT,1727481600000,0.00004588
2024-09-28,BTCUSDT,1727510400000,0.0001
2024-09-28,BTCUSDT,1727539200000,0.00006532
2024-09-29,BTCUSDT,1727568000000,0.0001
2024-09-29,BTCUSDT,1727596800000,0.0001
2024-09-29,BTCUSDT,1727625600000,0.0001
2024-09-30,BTCUSDT,1727654400000,0.0001
2024-09-30,BTCUSDT,1727683200000,0.0001
2024-09-30,BTCUSDT,1727712000000,0.0001
2024-10-01,BTCUSDT,1727740800000,0.00002677
2024-10-01,BTCUSDT,1727769600000,0.00000208
2024-10-01,BTCUSDT,1727798400000,0.0000526
2024-10-02,BTCUSDT,1727827200000,0.0001
2024-10-02,BTCUSDT,1727856000000,0.00009064
2024-10-02,BTCUSDT,1727884800000,-0.00000913
2024-10-03,BTCUSDT,1727913600000,0.00007216
2024-10-03,BTCUSDT,1727942400000,0.0001
2024-10-03,BTCUSDT,1727971200000,0.00007355
2024-10-04,BTCUSDT,1728000000000,0.0001
2024-10-04,BTCUSDT,1728028800000,0.00000878
2024-10-04,BTCUSDT,1728057600000,0.00006585
2024-10-05,BTCUSDT,1728086400000,0.00001457
2024-10-05,BTCUSDT,1728115200000,0.00003716
2024-10-05,BTCUSDT,1728144000000,0.00007081
2024-10-06,BTCUSDT,1728172800000,0.0001
2024-10-06,BTCUSDT,1728201600000,0.0001
2024-10-06,BTCUSDT,1728230400000,0.00004254
2024-10-07,BTCUSDT,1728259200000,0.00001298
2024-10-07,BTCUSDT,1728288000000,0.00000109
2024-10-07,BTCUSDT,1728316800000,0.00008184
2024-10-08,BTCUSDT,1728345600000,-0.00002285
2024-10-08,BTCUSDT,1728374400000,-0.00000639
2024-10-08,BTCUSDT,1728403200000,6e-7
2024-10-09,BTCUSDT,1728432000000,0.00002239
2024-10-09,BTCUSDT,1728460800000,0.00008393
2024-10-09,BTCUSDT,1728489600000,0.00008869
2024-10-10,BTCUSDT,1728518400000,0.00002703
2024-10-10,BTCUSDT,1728547200000,0.00005089
2024-10-10,BTCUSDT,1728576000000,0.00006638
2024-10-11,BTCUSDT,1728604800000,0.00000744
2024-10-11,BTCUSDT,1728633600000,0.00004712
2024-10-11,BTCUSDT,1728662400000,0.0001
2024-10-12,BTCUSDT,1728691200000,0.0001
2024-10-12,BTCUSDT,1728720000000,0.0001
2024-10-12,BTCUSDT,1728748800000,0.00006714
2024-10-13,BTCUSDT,1728777600000,0.0000918
2024-10-13,BTCUSDT,1728806400000,0.00005896
2024-10-13,BTCUSDT,1728835200000,0.00006966
2024-10-14,BTCUSDT,1728864000000,0.00006128
2024-10-14,BTCUSDT,1728892800000,0.0001
2024-10-14,BTCUSDT,1728921600000,0.0001
2024-10-15,BTCUSDT,1728950400000,0.0001
2024-10-15,BTCUSDT,1728979200000,0.0001
2024-10-15,BTCUSDT,1729008000000,0.0001
2024-10-16,BTCUSDT,1729036800000,0.0001
2024-10-16,BTCUSDT,1729065600000,0.0001
2024-10-16,BTCUSDT,1729094400000,0.0001
2024-10-17,BTCUSDT,1729123200000,0.0001
2024-10-17,BTCUSDT,1729152000000,0.0001
2024-10-17,BTCUSDT,1729180800000,0.0001
2024-10-18,BTCUSDT,1729209600000,0.00008463
2024-10-18,BTCUSDT,1729238400000,0.0001
2024-10-18,BTCUSDT,1729267200000,0.0001
2024-10-19,BTCUSDT,1729296000000,0.0001
2024-10-19,BTCUSDT,1729324800000,0.0001
2024-10-19,BTCUSDT,1729353600000,0.0001
2024-10-20,BTCUSDT,1729382400000,0.0001
2024-10-20,BTCUSDT,1729411200000,0.0001
2024-10-20,BTCUSDT,1729440000000,0.0001
2024-10-21,BTCUSDT,1729468800000,0.0001
2024-10-21,BTCUSDT,1729497600000,0.0001
2024-10-21,BTCUSDT,1729526400000,0.0001
2024-10-22,BTCUSDT,1729555200000,0.0001
2024-10-22,BTCUSDT,1729584000000,0.0001
2024-10-22,BTCUSDT,1729612800000,0.0001
2024-10-23,BTCUSDT,1729641600000,0.0001
2024-10-23,BTCUSDT,1729670400000,0.0001
2024-10-23,BTCUSDT,1729699200000,0.0001
2024-10-24,BTCUSDT,1729728000000,0.0001
2024-10-24,BTCUSDT,1729756800000,0.0001
2024-10-24,BTCUSDT,1729785600000,0.0001
2024-10-25,BTCUSDT,1729814400000,0.0001
2024-10-25,BTCUSDT,1729843200000,0.00007097
2024-10-25,BTCUSDT,1729872000000,0.0001
2024-10-26,BTCUSDT,1729900800000,0.00007515
2024-10-26,BTCUSDT,1729929600000,0.0001
2024-10-26,BTCUSDT,1729958400000,0.00008614
2024-10-27,BTCUSDT,1729987200000,0.00008659
2024-10-27,BTCUSDT,1730016000000,0.0001
2024-10-27,BTCUSDT,1730044800000,0.00009734
2024-10-28,BTCUSDT,1730073600000,0.0001
2024-10-28,BTCUSDT,1730102400000,0.0001
2024-10-28,BTCUSDT,1730131200000,0.0001
2024-10-29,BTCUSDT,1730160000000,0.0001
2024-10-29,BTCUSDT,1730188800000,0.0001
2024-10-29,BTCUSDT,1730217600000,0.0001
2024-10-30,BTCUSDT,1730246400000,0.0001
2024-10-30,BTCUSDT,1730275200000,0.0001
2024-10-30,BTCUSDT,1730304000000,0.0001
2024-10-31,BTCUSDT,1730332800000,0.0001
2024-10-31,BTCUSDT,1730361600000,0.0001
2024-10-31,BTCUSDT,1730390400000,0.0001
2024-11-01,BTCUSDT,1730419200000,0.0001
2024-11-01,BTCUSDT,1730448000000,0.0001
2024-11-01,BTCUSDT,1730476800000,0.0001
2024-11-02,BTCUSDT,1730505600000,0.0001
2024-11-02,BTCUSDT,1730534400000,0.0001
2024-11-02,BTCUSDT,1730563200000,0.0001
2024-11-03,BTCUSDT,1730592000000,0.0001
2024-11-03,BTCUSDT,1730620800000,0.0001
2024-11-03,BTCUSDT,1730649600000,0.0001
2024-11-04,BTCUSDT,1730678400000,0.0001
2024-11-04,BTCUSDT,1730707200000,0.0001
2024-11-04,BTCUSDT,1730736000000,0.0001
2024-11-05,BTCUSDT,1730764800000,0.0001
2024-11-05,BTCUSDT,1730793600000,0.0001
2024-11-05,BTCUSDT,1730822400000,0.0001
2024-11-06,BTCUSDT,1730851200000,0.00007377
2024-11-06,BTCUSDT,1730880000000,0.0001
2024-11-06,BTCUSDT,1730908800000,0.0001
2024-11-07,BTCUSDT,1730937600000,0.0001
2024-11-07,BTCUSDT,1730966400000,0.00011201
2024-11-07,BTCUSDT,1730995200000,0.0001
2024-11-08,BTCUSDT,1731024000000,0.0001
2024-11-08,BTCUSDT,1731052800000,0.0001
2024-11-08,BTCUSDT,1731081600000,0.0001
2024-11-09,BTCUSDT,1731110400000,0.0001
2024-11-09,BTCUSDT,1731139200000,0.0001
2024-11-09,BTCUSDT,1731168000000,0.0001
2024-11-10,BTCUSDT,1731196800000,0.0001
2024-11-10,BTCUSDT,1731225600000,0.00032792
2024-11-10,BTCUSDT,1731254400000,0.00018979
2024-11-11,BTCUSDT,1731283200000,0.00039065
2024-11-11,BTCUSDT,1731312000000,0.00017995
2024-11-11,BTCUSDT,1731340800000,0.0001
2024-11-12,BTCUSDT,1731369600000,0.00038564
2024-11-12,BTCUSDT,1731398400000,0.00061844
2024-11-12,BTCUSDT,1731427200000,0.00050342
2024-11-13,BTCUSDT,1731456000000,0.00014477
2024-11-13,BTCUSDT,1731484800000,0.0001
2024-11-13,BTCUSDT,1731513600000,0.00035174
2024-11-14,BTCUSDT,1731542400000,0.0001
2024-11-14,BTCUSDT,1731571200000,0.00016549
2024-11-14,BTCUSDT,1731600000000,0.00012832
2024-11-15,BTCUSDT,1731628800000,0.0001
2024-11-15,BTCUSDT,1731657600000,0.0001
2024-11-15,BTCUSDT,1731686400000,0.0001
2024-11-16,BTCUSDT,1731715200000,0.00019471
2024-11-16,BTCUSDT,1731744000000,0.00039173
2024-11-16,BTCUSDT,1731772800000,0.00025031
2024-11-17,BTCUSDT,1731801600000,0.00029261
2024-11-17,BTCUSDT,1731830400000,0.00030785
2024-11-17,BTCUSDT,1731859200000,0.00035655
2024-11-18,BTCUSDT,1731888000000,0.00021098
2024-11-18,BTCUSDT,1731916800000,0.0005391
2024-11-18,BTCUSDT,1731945600000,0.00033111
2024-11-19,BTCUSDT,1731974400000,0.00031835
2024-11-19,BTCUSDT,1732003200000,0.00039932
2024-11-19,BTCUSDT,1732032000000,0.00024229
2024-11-20,BTCUSDT,1732060800000,0.0001
2024-11-20,BTCUSDT,1732089600000,0.00011458
2024-11-20,BTCUSDT,1732118400000,0.00016424
2024-11-21,BTCUSDT,1732147200000,0.0001
2024-11-21,BTCUSDT,1732176000000,0.00014189
2024-11-21,BTCUSDT,1732204800000,0.00017392
2024-11-22,BTCUSDT,1732233600000,0.00015928
2024-11-22,BTCUSDT,1732262400000,0.00028963
2024-11-22,BTCUSDT,1732291200000,0.00023833
2024-11-23,BTCUSDT,1732320000000,0.0001
2024-11-23,BTCUSDT,1732348800000,0.00017386
2024-11-23,BTCUSDT,1732377600000,0.00025348
2024-11-24,BTCUSDT,1732406400000,0.00034942
2024-11-24,BTCUSDT,1732435200000,0.00032388
2024-11-24,BTCUSDT,1732464000000,0.00029092
2024-11-25,BTCUSDT,1732492800000,0.00036288
2024-11-25,BTCUSDT,1732521600000,0.00035212
2024-11-25,BTCUSDT,1732550400000,0.00034875
2024-11-26,BTCUSDT,1732579200000,0.0001
2024-11-26,BTCUSDT,1732608000000,0.00012749
2024-11-26,BTCUSDT,1732636800000,0.0001
2024-11-27,BTCUSDT,1732665600000,0.00023609
2024-11-27,BTCUSDT,1732694400000,0.00023229
2024-11-27,BTCUSDT,1732723200000,0.00027093
2024-11-28,BTCUSDT,1732752000000,0.00019422
2024-11-28,BTCUSDT,1732780800000,0.00019894
2024-11-28,BTCUSDT,1732809600000,0.00023188
2024-11-29,BTCUSDT,1732838400000,0.00030861
2024-11-29,BTCUSDT,1732867200000,0.0002543
2024-11-29,BTCUSDT,1732896000000,0.00035268
2024-11-30,BTCUSDT,1732924800000,0.00016876
2024-11-30,BTCUSDT,1732953600000,0.00028189
2024-11-30,BTCUSDT,1732982400000,0.00015012
2024-12-01,BTCUSDT,1733011200000,0.0001532
2024-12-01,BTCUSDT,1733040000000,0.0003311
2024-12-01,BTCUSDT,1733068800000,0.00016625
2024-12-02,BTCUSDT,1733097600000,0.00015058
2024-12-02,BTCUSDT,1733126400000,0.00014214
2024-12-02,BTCUSDT,1733155200000,0.0001
2024-12-03,BTCUSDT,1733184000000,0.0001
2024-12-03,BTCUSDT,1733212800000,0.00025103
2024-12-03,BTCUSDT,1733241600000,0.00012348
2024-12-04,BTCUSDT,1733270400000,0.00027771
2024-12-04,BTCUSDT,1733299200000,0.00042588
2024-12-04,BTCUSDT,1733328000000,0.00036313
2024-12-05,BTCUSDT,1733356800000,0.00031187
2024-12-05,BTCUSDT,1733385600000,0.00108552
2024-12-05,BTCUSDT,1733414400000,0.00064806
2024-12-06,BTCUSDT,1733443200000,0.00013466
2024-12-06,BTCUSDT,1733472000000,0.0001
2024-12-06,BTCUSDT,1733500800000,0.0001
2024-12-07,BTCUSDT,1733529600000,0.00015125
2024-12-07,BTCUSDT,1733558400000,0.0001
2024-12-07,BTCUSDT,1733587200000,0.0001
2024-12-08,BTCUSDT,1733616000000,0.00026121
2024-12-08,BTCUSDT,1733644800000,0.00024888
2024-12-08,BTCUSDT,1733673600000,0.00029123
2024-12-09,BTCUSDT,1733702400000,0.00017858
2024-12-09,BTCUSDT,1733731200000,0.0001
2024-12-09,BTCUSDT,1733760000000,0.00015788
2024-12-10,BTCUSDT,1733788800000,0.0001
2024-12-10,BTCUSDT,1733817600000,0.0001
2024-12-10,BTCUSDT,1733846400000,0.0001
2024-12-11,BTCUSDT,1733875200000,0.0001
2024-12-11,BTCUSDT,1733904000000,0.0001
2024-12-11,BTCUSDT,1733932800000,0.0001
2024-12-12,BTCUSDT,1733961600000,0.0001
2024-12-12,BTCUSDT,1733990400000,0.0001
2024-12-12,BTCUSDT,1734019200000,0.0001
2024-12-13,BTCUSDT,1734048000000,0.0001
2024-12-13,BTCUSDT,1734076800000,0.0001
2024-12-13,BTCUSDT,1734105600000,0.0001
2024-12-14,BTCUSDT,1734134400000,0.0001
2024-12-14,BTCUSDT,1734163200000,0.0001
2024-12-14,BTCUSDT,1734192000000,0.0001
2024-12-15,BTCUSDT,1734220800000,0.0001
2024-12-15,BTCUSDT,1734249600000,0.0001
2024-12-15,BTCUSDT,1734278400000,0.0001
2024-12-16,BTCUSDT,1734307200000,0.0001
2024-12-16,BTCUSDT,1734336000000,0.0001
2024-12-16,BTCUSDT,1734364800000,0.0001
2024-12-17,BTCUSDT,1734393600000,0.0001
2024-12-17,BTCUSDT,1734422400000,0.0001
2024-12-17,BTCUSDT,1734451200000,0.0001
2024-12-18,BTCUSDT,1734480000000,0.0001
2024-12-18,BTCUSDT,1734508800000,0.00009332
2024-12-18,BTCUSDT,1734537600000,0.0001
2024-12-19,BTCUSDT,1734566400000,0.00006854
2024-12-19,BTCUSDT,1734595200000,-0.00004531
2024-12-19,BTCUSDT,1734624000000,-0.00002748
2024-12-20,BTCUSDT,1734652800000,-0.00004799
2024-12-20,BTCUSDT,1734681600000,0.00002774
2024-12-20,BTCUSDT,1734710400000,0.00009101
2024-12-21,BTCUSDT,1734739200000,-0.00002976
2024-12-21,BTCUSDT,1734768000000,-0.00003727
2024-12-21,BTCUSDT,1734796800000,-0.00001912
2024-12-22,BTCUSDT,1734825600000,0.00001532
2024-12-22,BTCUSDT,1734854400000,0.0000456
2024-12-22,BTCUSDT,1734883200000,0.00002233
2024-12-23,BTCUSDT,1734912000000,0.00002123
2024-12-23,BTCUSDT,1734940800000,0.00000435
2024-12-23,BTCUSDT,1734969600000,0.00003701
2024-12-24,BTCUSDT,1734998400000,0.0000498
2024-12-24,BTCUSDT,1735027200000,0.00005237
2024-12-24,BTCUSDT,1735056000000,0.00008079
2024-12-25,BTCUSDT,1735084800000,0.0001
2024-12-25,BTCUSDT,1735113600000,0.0001
2024-12-25,BTCUSDT,1735142400000,0.0001
2024-12-26,BTCUSDT,1735171200000,0.0001
2024-12-26,BTCUSDT,1735200000000,0.00006989
2024-12-26,BTCUSDT,1735228800000,0.00004138
2024-12-27,BTCUSDT,1735257600000,0.00001089
2024-12-27,BTCUSDT,1735286400000,0.00005263
2024-12-27,BTCUSDT,1735315200000,0.00000327
2024-12-28,BTCUSDT,1735344000000,0.00000693
2024-12-28,BTCUSDT,1735372800000,-0.00003321
2024-12-28,BTCUSDT,1735401600000,0.00000577
2024-12-29,BTCUSDT,1735430400000,0.00003548
2024-12-29,BTCUSDT,1735459200000,6e-7
2024-12-29,BTCUSDT,1735488000000,0.00003159
2024-12-30,BTCUSDT,1735516800000,-0.00005981
2024-12-30,BTCUSDT,1735545600000,-0.00001761
2024-12-30,BTCUSDT,1735574400000,-0.00002975
2024-12-31,BTCUSDT,1735603200000,0.00000865
2024-12-31,BTCUSDT,1735632000000,-0.0000019
2024-12-31,BTCUSDT,1735660800000,0.0001
2025-01-01,BTCUSDT,1735689600000,0.0001
2025-01-01,BTCUSDT,1735718400000,0.00007085
2025-01-01,BTCUSDT,1735747200000,0.00006921
2025-01-02,BTCUSDT,1735776000000,0.0001
2025-01-02,BTCUSDT,1735804800000,0.0001
2025-01-02,BTCUSDT,1735833600000,0.0001
2025-01-03,BTCUSDT,1735862400000,0.0001
2025-01-03,BTCUSDT,1735891200000,0.00009015
2025-01-03,BTCUSDT,1735920000000,0.0001
2025-01-04,BTCUSDT,1735948800000,0.00003779
2025-01-04,BTCUSDT,1735977600000,0.00009859
2025-01-04,BTCUSDT,1736006400000,0.00005258
2025-01-05,BTCUSDT,1736035200000,0.0001
2025-01-05,BTCUSDT,1736064000000,0.0001
2025-01-05,BTCUSDT,1736092800000,0.00007478
2025-01-06,BTCUSDT,1736121600000,0.0001
2025-01-06,BTCUSDT,1736150400000,0.0001
2025-01-06,BTCUSDT,1736179200000,0.0001
2025-01-07,BTCUSDT,1736208000000,0.00005254
2025-01-07,BTCUSDT,1736236800000,0.00002899
2025-01-07,BTCUSDT,1736265600000,0.0001
2025-01-08,BTCUSDT,1736294400000,0.00008585
2025-01-08,BTCUSDT,1736323200000,0.00004936
2025-01-08,BTCUSDT,1736352000000,0.00009631
2025-01-09,BTCUSDT,1736380800000,0.0000643
2025-01-09,BTCUSDT,1736409600000,0.00005118
2025-01-09,BTCUSDT,1736438400000,-0.00000846
2025-01-10,BTCUSDT,1736467200000,0.00006938
2025-01-10,BTCUSDT,1736496000000,0.00000902
2025-01-10,BTCUSDT,1736524800000,0.00007043
2025-01-11,BTCUSDT,1736553600000,0.0000608
2025-01-11,BTCUSDT,1736582400000,0.00006697
2025-01-11,BTCUSDT,1736611200000,0.00004981
2025-01-12,BTCUSDT,1736640000000,0.0000831
2025-01-12,BTCUSDT,1736668800000,0.00006034
2025-01-12,BTCUSDT,1736697600000,0.00008847
2025-01-13,BTCUSDT,1736726400000,0.00009996
2025-01-13,BTCUSDT,1736755200000,0.00007361
2025-01-13,BTCUSDT,1736784000000,0.00000661
2025-01-14,BTCUSDT,1736812800000,0.0001
2025-01-14,BTCUSDT,1736841600000,0.0001
2025-01-14,BTCUSDT,1736870400000,0.0001
2025-01-15,BTCUSDT,1736899200000,0.00005343
2025-01-15,BTCUSDT,1736928000000,0.00007032
2025-01-15,BTCUSDT,1736956800000,0.0001
2025-01-16,BTCUSDT,1736985600000,0.00005755
2025-01-16,BTCUSDT,1737014400000,0.0001
2025-01-16,BTCUSDT,1737043200000,0.0001
2025-01-17,BTCUSDT,1737072000000,0.00007555
2025-01-17,BTCUSDT,1737100800000,0.0001
2025-01-17,BTCUSDT,1737129600000,0.0001
2025-01-18,BTCUSDT,1737158400000,0.00009347
2025-01-18,BTCUSDT,1737187200000,0.0001
2025-01-18,BTCUSDT,1737216000000,0.0001
2025-01-19,BTCUSDT,1737244800000,0.0001
2025-01-19,BTCUSDT,1737273600000,0.0001
2025-01-19,BTCUSDT,1737302400000,0.0001
2025-01-20,BTCUSDT,1737331200000,0.0001
2025-01-20,BTCUSDT,1737360000000,0.0001
2025-01-20,BTCUSDT,1737388800000,0.0001
2025-01-21,BTCUSDT,1737417600000,0.0001
2025-01-21,BTCUSDT,1737446400000,0.0001
2025-01-21,BTCUSDT,1737475200000,0.0001
2025-01-22,BTCUSDT,1737504000000,0.0001
2025-01-22,BTCUSDT,1737532800000,0.0001
2025-01-22,BTCUSDT,1737561600000,0.0001
2025-01-23,BTCUSDT,1737590400000,0.0001
2025-01-23,BTCUSDT,1737619200000,0.0001
2025-01-23,BTCUSDT,1737648000000,0.0001
2025-01-24,BTCUSDT,1737676800000,0.00004386
2025-01-24,BTCUSDT,1737705600000,0.00009463
2025-01-24,BTCUSDT,1737734400000,0.0001
2025-01-25,BTCUSDT,1737763200000,0.0001
2025-01-25,BTCUSDT,1737792000000,0.00007472
2025-01-25,BTCUSDT,1737820800000,0.00005217
2025-01-26,BTCUSDT,1737849600000,0.0001
2025-01-26,BTCUSDT,1737878400000,0.0001
2025-01-26,BTCUSDT,1737907200000,0.0001
2025-01-27,BTCUSDT,1737936000000,0.0001
2025-01-27,BTCUSDT,1737964800000,0.00000253
2025-01-27,BTCUSDT,1737993600000,0.00001349
2025-01-28,BTCUSDT,1738022400000,0.00000581
2025-01-28,BTCUSDT,1738051200000,0.00005241
2025-01-28,BTCUSDT,1738080000000,0.00000659
2025-01-29,BTCUSDT,1738108800000,-0.00002196
2025-01-29,BTCUSDT,1738137600000,0.00001792
2025-01-29,BTCUSDT,1738166400000,0.00006486
2025-01-30,BTCUSDT,1738195200000,0.00007587
2025-01-30,BTCUSDT,1738224000000,0.0001
2025-01-30,BTCUSDT,1738252800000,0.0001
2025-01-31,BTCUSDT,1738281600000,0.00001241
2025-01-31,BTCUSDT,1738310400000,0.00003319
2025-01-31,BTCUSDT,1738339200000,0.00002658
2025-02-01,BTCUSDT,1738368000000,-0.00014857
2025-02-01,BTCUSDT,1738396800000,-0.00011979
2025-02-01,BTCUSDT,1738425600000,-0.00002399
2025-02-02,BTCUSDT,1738454400000,-0.00001242
2025-02-02,BTCUSDT,1738483200000,-0.00001722
2025-02-02,BTCUSDT,1738512000000,-0.00002013
2025-02-03,BTCUSDT,1738540800000,0.00006421
2025-02-03,BTCUSDT,1738569600000,0.00001227
2025-02-03,BTCUSDT,1738598400000,-0.0000511
2025-02-04,BTCUSDT,1738627200000,-0.00001274
2025-02-04,BTCUSDT,1738656000000,0.0001
2025-02-04,BTCUSDT,1738684800000,0.00007932
2025-02-05,BTCUSDT,1738713600000,0.00001167
2025-02-05,BTCUSDT,1738742400000,0.00002633
2025-02-05,BTCUSDT,1738771200000,0.0001
2025-02-06,BTCUSDT,1738800000000,0.00006568
2025-02-06,BTCUSDT,1738828800000,0.0000801
2025-02-06,BTCUSDT,1738857600000,0.00006781
2025-02-07,BTCUSDT,1738886400000,0.00007196
2025-02-07,BTCUSDT,1738915200000,0.00003448
2025-02-07,BTCUSDT,1738944000000,0.00008283
2025-02-08,BTCUSDT,1738972800000,-0.00005658
2025-02-08,BTCUSDT,1739001600000,0.00001686
2025-02-08,BTCUSDT,1739030400000,0.00000656
2025-02-09,BTCUSDT,1739059200000,0.00002052
2025-02-09,BTCUSDT,1739088000000,0.00000927
2025-02-09,BTCUSDT,1739116800000,0.00003139
2025-02-10,BTCUSDT,1739145600000,0.00002217
2025-02-10,BTCUSDT,1739174400000,0.0000857
2025-02-10,BTCUSDT,1739203200000,0.00009182
2025-02-11,BTCUSDT,1739232000000,0.00007625
2025-02-11,BTCUSDT,1739260800000,0.00005578
2025-02-11,BTCUSDT,1739289600000,-0.00001778
2025-02-12,BTCUSDT,1739318400000,0.00001737
2025-02-12,BTCUSDT,1739347200000,0.00003227
2025-02-12,BTCUSDT,1739376000000,0.00000523
2025-02-13,BTCUSDT,1739404800000,0.00009802
2025-02-13,BTCUSDT,1739433600000,0.00006447
2025-02-13,BTCUSDT,1739462400000,0.00004455
2025-02-14,BTCUSDT,1739491200000,0.00008865
2025-02-14,BTCUSDT,1739520000000,0.0001
2025-02-14,BTCUSDT,1739548800000,0.0001
2025-02-15,BTCUSDT,1739577600000,0.00003027
2025-02-15,BTCUSDT,1739606400000,6.2e-7
2025-02-15,BTCUSDT,1739635200000,0.00005122
2025-02-16,BTCUSDT,1739664000000,0.00005342
2025-02-16,BTCUSDT,1739692800000,-0.00001542
2025-02-16,BTCUSDT,1739721600000,0.0000033
2025-02-17,BTCUSDT,1739750400000,0.00000939
2025-02-17,BTCUSDT,1739779200000,0.0000311
2025-02-17,BTCUSDT,1739808000000,4.1e-7
2025-02-18,BTCUSDT,1739836800000,0.00002818
2025-02-18,BTCUSDT,1739865600000,0.00001517
2025-02-18,BTCUSDT,1739894400000,0.00009433
2025-02-19,BTCUSDT,1739923200000,0.00009711
2025-02-19,BTCUSDT,1739952000000,0.0001
2025-02-19,BTCUSDT,1739980800000,0.0001
2025-02-20,BTCUSDT,1740009600000,0.0001
2025-02-20,BTCUSDT,1740038400000,0.0001
2025-02-20,BTCUSDT,1740067200000,0.0000778
2025-02-21,BTCUSDT,1740096000000,0.00001268
2025-02-21,BTCUSDT,1740124800000,0.00008046
2025-02-21,BTCUSDT,1740153600000,0.00003323
2025-02-22,BTCUSDT,1740182400000,0.0005139
2025-02-22,BTCUSDT,1740211200000,0.00025044
2025-02-22,BTCUSDT,1740240000000,0.0001
2025-02-23,BTCUSDT,1740268800000,0.0001
2025-02-23,BTCUSDT,1740297600000,0.0001
2025-02-23,BTCUSDT,1740326400000,0.0001
2025-02-24,BTCUSDT,1740355200000,0.0001
2025-02-24,BTCUSDT,1740384000000,0.0001
2025-02-24,BTCUSDT,1740412800000,0.0001
2025-02-25,BTCUSDT,1740441600000,0.0001
2025-02-25,BTCUSDT,1740470400000,0.0001
2025-02-25,BTCUSDT,1740499200000,0.0001
2025-02-26,BTCUSDT,1740528000000,0.0001
2025-02-26,BTCUSDT,1740556800000,0.0001
2025-02-26,BTCUSDT,1740585600000,0.00009698
2025-02-27,BTCUSDT,1740614400000,-0.00014527
2025-02-27,BTCUSDT,1740643200000,-0.00009552
2025-02-27,BTCUSDT,1740672000000,0.00008877
2025-02-28,BTCUSDT,1740700800000,0.0001
2025-02-28,BTCUSDT,1740729600000,0.0000261
2025-02-28,BTCUSDT,1740758400000,-0.00014671
2025-03-01,BTCUSDT,1740787200000,0.0001
2025-03-01,BTCUSDT,1740816000000,0.00004533
2025-03-01,BTCUSDT,1740844800000,0.00000917
2025-03-02,BTCUSDT,1740873600000,0.00007239
2025-03-02,BTCUSDT,1740902400000,0.0001
2025-03-02,BTCUSDT,1740931200000,0.00006936
2025-03-03,BTCUSDT,1740960000000,0.0001
2025-03-03,BTCUSDT,1740988800000,0.0001
2025-03-03,BTCUSDT,1741017600000,0.0001
2025-03-04,BTCUSDT,1741046400000,-0.00003351
2025-03-04,BTCUSDT,1741075200000,0.00000296
2025-03-04,BTCUSDT,1741104000000,0.0000123
2025-03-05,BTCUSDT,1741132800000,0.0001
2025-03-05,BTCUSDT,1741161600000,0.0001
2025-03-05,BTCUSDT,1741190400000,0.0001
2025-03-06,BTCUSDT,1741219200000,0.00002585
2025-03-06,BTCUSDT,1741248000000,0.0001
2025-03-06,BTCUSDT,1741276800000,0.00001038
2025-03-07,BTCUSDT,1741305600000,0.00001342
2025-03-07,BTCUSDT,1741334400000,0.0000804
2025-03-07,BTCUSDT,1741363200000,0.0001
2025-03-08,BTCUSDT,1741392000000,0.0001
2025-03-08,BTCUSDT,1741420800000,0.0000644
2025-03-08,BTCUSDT,1741449600000,0.00001288
2025-03-09,BTCUSDT,1741478400000,0.00003824
2025-03-09,BTCUSDT,1741507200000,0.00004848
2025-03-09,BTCUSDT,1741536000000,-0.000032
2025-03-10,BTCUSDT,1741564800000,-0.00029357
2025-03-10,BTCUSDT,1741593600000,-0.00007275
2025-03-10,BTCUSDT,1741622400000,-0.00008207
2025-03-11,BTCUSDT,1741651200000,0.00000832
2025-03-11,BTCUSDT,1741680000000,-0.00001591
2025-03-11,BTCUSDT,1741708800000,0.00006844
2025-03-12,BTCUSDT,1741737600000,0.00008765
2025-03-12,BTCUSDT,1741766400000,0.00007949
2025-03-12,BTCUSDT,1741795200000,0.00004824
2025-03-13,BTCUSDT,1741824000000,0.00005496
2025-03-13,BTCUSDT,1741852800000,0.00008477
2025-03-13,BTCUSDT,1741881600000,-0.00001285
2025-03-14,BTCUSDT,1741910400000,-0.00015919
2025-03-14,BTCUSDT,1741939200000,0.00004476
2025-03-14,BTCUSDT,1741968000000,0.0001
2025-03-15,BTCUSDT,1741996800000,0.0001
2025-03-15,BTCUSDT,1742025600000,0.0001
2025-03-15,BTCUSDT,1742054400000,0.00002487
2025-03-16,BTCUSDT,1742083200000,0.00009014
2025-03-16,BTCUSDT,1742112000000,0.00002721
2025-03-16,BTCUSDT,1742140800000,-0.00006539
2025-03-17,BTCUSDT,1742169600000,-0.00001937
2025-03-17,BTCUSDT,1742198400000,0.00006645
2025-03-17,BTCUSDT,1742227200000,-0.00000712
2025-03-18,BTCUSDT,1742256000000,-0.0000191
2025-03-18,BTCUSDT,1742284800000,0.00001801
2025-03-18,BTCUSDT,1742313600000,8.4e-7
2025-03-19,BTCUSDT,1742342400000,-0.0000612
2025-03-19,BTCUSDT,1742371200000,0.00007579
2025-03-19,BTCUSDT,1742400000000,0.00007731
2025-03-20,BTCUSDT,1742428800000,0.00001139
2025-03-20,BTCUSDT,1742457600000,0.00007139
2025-03-20,BTCUSDT,1742486400000,-0.00000981
2025-03-21,BTCUSDT,1742515200000,-0.00001414
2025-03-21,BTCUSDT,1742544000000,0.00002088
2025-03-21,BTCUSDT,1742572800000,-0.00000534
2025-03-22,BTCUSDT,1742601600000,0.00004702
2025-03-22,BTCUSDT,1742630400000,0.00002873
2025-03-22,BTCUSDT,1742659200000,0.00000295
2025-03-23,BTCUSDT,1742688000000,-0.00001499
2025-03-23,BTCUSDT,1742716800000,0.00001609
2025-03-23,BTCUSDT,1742745600000,-0.00003516
2025-03-24,BTCUSDT,1742774400000,0.00001997
2025-03-24,BTCUSDT,1742803200000,0.00009114
2025-03-24,BTCUSDT,1742832000000,0.00002952
2025-03-25,BTCUSDT,1742860800000,0.00001676
2025-03-25,BTCUSDT,1742889600000,-0.00000448
2025-03-25,BTCUSDT,1742918400000,0.00000784
2025-03-26,BTCUSDT,1742947200000,-0.00001721
2025-03-26,BTCUSDT,1742976000000,0.00007133
2025-03-26,BTCUSDT,1743004800000,-0.00004927
2025-03-27,BTCUSDT,1743033600000,-0.00001904
2025-03-27,BTCUSDT,1743062400000,0.000047
2025-03-27,BTCUSDT,1743091200000,-0.00003998
2025-03-28,BTCUSDT,1743120000000,-0.00000541
2025-03-28,BTCUSDT,1743148800000,-0.00000706
2025-03-28,BTCUSDT,1743177600000,0.00003856
2025-03-29,BTCUSDT,1743206400000,0.00003739
2025-03-29,BTCUSDT,1743235200000,-0.00001692
2025-03-29,BTCUSDT,1743264000000,0.00000668
2025-03-30,BTCUSDT,1743292800000,0.00004207
2025-03-30,BTCUSDT,1743321600000,-0.00004333
2025-03-30,BTCUSDT,1743350400000,0.00000413
2025-03-31,BTCUSDT,1743379200000,-0.00000311
2025-03-31,BTCUSDT,1743408000000,0.00002713
2025-03-31,BTCUSDT,1743436800000,-0.00000319
2025-04-01,BTCUSDT,1743465600000,-0.00011844
2025-04-01,BTCUSDT,1743494400000,0.00002705
2025-04-01,BTCUSDT,1743523200000,0.00001751
2025-04-02,BTCUSDT,1743552000000,0.00002346
2025-04-02,BTCUSDT,1743580800000,-0.00002533
2025-04-02,BTCUSDT,1743609600000,-0.00002791
2025-04-03,BTCUSDT,1743638400000,-0.00002095
2025-04-03,BTCUSDT,1743667200000,0.00001376
2025-04-03,BTCUSDT,1743696000000,-0.00000899
2025-04-04,BTCUSDT,1743724800000,0.0001
2025-04-04,BTCUSDT,1743753600000,0.00009307
2025-04-04,BTCUSDT,1743782400000,0.00003029
2025-04-05,BTCUSDT,1743811200000,0.00009537
2025-04-05,BTCUSDT,1743840000000,0.00009739
2025-04-05,BTCUSDT,1743868800000,0.00003366
2025-04-06,BTCUSDT,1743897600000,0.00009173
2025-04-06,BTCUSDT,1743926400000,0.00009894
2025-04-06,BTCUSDT,1743955200000,0.00000377
2025-04-07,BTCUSDT,1743984000000,0.00000125
2025-04-07,BTCUSDT,1744012800000,-0.00003202
2025-04-07,BTCUSDT,1744041600000,0.00003657
2025-04-08,BTCUSDT,1744070400000,0.00000902
2025-04-08,BTCUSDT,1744099200000,0.00007245
2025-04-08,BTCUSDT,1744128000000,0.00003545
2025-04-09,BTCUSDT,1744156800000,0.00002267
2025-04-09,BTCUSDT,1744185600000,-0.00002068
2025-04-09,BTCUSDT,1744214400000,0.0001
2025-04-10,BTCUSDT,1744243200000,0.00009218
2025-04-10,BTCUSDT,1744272000000,0.0001
2025-04-10,BTCUSDT,1744300800000,0.00004691
2025-04-11,BTCUSDT,1744329600000,-0.00003007
2025-04-11,BTCUSDT,1744358400000,0.00004989
2025-04-11,BTCUSDT,1744387200000,0.0001
2025-04-12,BTCUSDT,1744416000000,0.00006951
2025-04-12,BTCUSDT,1744444800000,-0.00000906
2025-04-12,BTCUSDT,1744473600000,0.00001472
2025-04-13,BTCUSDT,1744502400000,0.00007698
2025-04-13,BTCUSDT,1744531200000,0.00001214
2025-04-13,BTCUSDT,1744560000000,-0.00000389
2025-04-14,BTCUSDT,1744588800000,-0.00003415
2025-04-14,BTCUSDT,1744617600000,0.00005162
2025-04-14,BTCUSDT,1744646400000,0.00003854
2025-04-15,BTCUSDT,1744675200000,0.00000392
2025-04-15,BTCUSDT,1744704000000,0.0001
2025-04-15,BTCUSDT,1744732800000,0.00007167
2025-04-16,BTCUSDT,1744761600000,-0.00006198
2025-04-16,BTCUSDT,1744790400000,-0.00009053
2025-04-16,BTCUSDT,1744819200000,-0.00001926
2025-04-17,BTCUSDT,1744848000000,-0.00000984
2025-04-17,BTCUSDT,1744876800000,0.00000812
2025-04-17,BTCUSDT,1744905600000,-0.00001058
2025-04-18,BTCUSDT,1744934400000,0.00003447
2025-04-18,BTCUSDT,1744963200000,0.00000296
2025-04-18,BTCUSDT,1744992000000,-0.00005146
2025-04-19,BTCUSDT,1745020800000,-0.00001215
2025-04-19,BTCUSDT,1745049600000,0.00006867
2025-04-19,BTCUSDT,1745078400000,0.0001
2025-04-20,BTCUSDT,1745107200000,0.00007048
2025-04-20,BTCUSDT,1745136000000,-0.00001807
2025-04-20,BTCUSDT,1745164800000,-0.0000766
2025-04-21,BTCUSDT,1745193600000,0.00001937
2025-04-21,BTCUSDT,1745222400000,0.0001
2025-04-21,BTCUSDT,1745251200000,0.00009109
2025-04-22,BTCUSDT,1745280000000,0.00003961
2025-04-22,BTCUSDT,1745308800000,0.00004038
2025-04-22,BTCUSDT,1745337600000,-0.00001936
2025-04-23,BTCUSDT,1745366400000,-0.00002647
2025-04-23,BTCUSDT,1745395200000,0.00005975
2025-04-23,BTCUSDT,1745424000000,0.00002238
2025-04-24,BTCUSDT,1745452800000,-0.00003794
2025-04-24,BTCUSDT,1745481600000,0.0000149
2025-04-24,BTCUSDT,1745510400000,-0.00000618
2025-04-25,BTCUSDT,1745539200000,0.00008908
2025-04-25,BTCUSDT,1745568000000,0.00003245
2025-04-25,BTCUSDT,1745596800000,0.00004921
2025-04-26,BTCUSDT,1745625600000,-0.00007485
2025-04-26,BTCUSDT,1745654400000,0.00001459
2025-04-26,BTCUSDT,1745683200000,0.00004978
2025-04-27,BTCUSDT,1745712000000,-0.00006573
2025-04-27,BTCUSDT,1745740800000,-0.00001749
2025-04-27,BTCUSDT,1745769600000,-0.00003295
2025-04-28,BTCUSDT,1745798400000,0.00001103
2025-04-28,BTCUSDT,1745827200000,0.00005621
2025-04-28,BTCUSDT,1745856000000,0.00000589
2025-04-29,BTCUSDT,1745884800000,-0.00004385
2025-04-29,BTCUSDT,1745913600000,0.00003872
2025-04-29,BTCUSDT,1745942400000,0.00001268
2025-04-30,BTCUSDT,1745971200000,-0.00002275
2025-04-30,BTCUSDT,1746000000000,0.00009197
2025-04-30,BTCUSDT,1746028800000,2.9e-7
2025-05-01,BTCUSDT,1746057600000,-4.8e-7
2025-05-01,BTCUSDT,1746086400000,0.00005255
2025-05-01,BTCUSDT,1746115200000,0.00003782
2025-05-02,BTCUSDT,1746144000000,-0.00003523
2025-05-02,BTCUSDT,1746172800000,0.00002857
2025-05-02,BTCUSDT,1746201600000,-0.0000303
2025-05-03,BTCUSDT,1746230400000,-0.00011068
2025-05-03,BTCUSDT,1746259200000,-0.00001484
2025-05-03,BTCUSDT,1746288000000,-0.00006553
2025-05-04,BTCUSDT,1746316800000,0.00000312
2025-05-04,BTCUSDT,1746345600000,0.00004616
2025-05-04,BTCUSDT,1746374400000,0.00003498
2025-05-05,BTCUSDT,1746403200000,-0.00007123
2025-05-05,BTCUSDT,1746432000000,0.00006744
2025-05-05,BTCUSDT,1746460800000,0.00002175
2025-05-06,BTCUSDT,1746489600000,-0.0000178
2025-05-06,BTCUSDT,1746518400000,-0.00000683
2025-05-06,BTCUSDT,1746547200000,0.00002767
2025-05-07,BTCUSDT,1746576000000,0.00001728
2025-05-07,BTCUSDT,1746604800000,0.00008919
2025-05-07,BTCUSDT,1746633600000,0.00001529
2025-05-08,BTCUSDT,1746662400000,0.00006604
2025-05-08,BTCUSDT,1746691200000,0.0001
2025-05-08,BTCUSDT,1746720000000,0.0001
2025-05-09,BTCUSDT,1746748800000,0.0001
2025-05-09,BTCUSDT,1746777600000,0.00009238
2025-05-09,BTCUSDT,1746806400000,0.00005521
2025-05-10,BTCUSDT,1746835200000,0.00007638
2025-05-10,BTCUSDT,1746864000000,0.0001
2025-05-10,BTCUSDT,1746892800000,0.0001
2025-05-11,BTCUSDT,1746921600000,0.00008081
2025-05-11,BTCUSDT,1746950400000,0.0001
2025-05-11,BTCUSDT,1746979200000,0.0001
2025-05-12,BTCUSDT,1747008000000,0.0001
2025-05-12,BTCUSDT,1747036800000,0.0001
2025-05-12,BTCUSDT,1747065600000,0.00007469
2025-05-13,BTCUSDT,1747094400000,0.00006072
2025-05-13,BTCUSDT,1747123200000,0.00004172
2025-05-13,BTCUSDT,1747152000000,0.00001231
2025-05-14,BTCUSDT,1747180800000,0.00002701
2025-05-14,BTCUSDT,1747209600000,0.00005778
2025-05-14,BTCUSDT,1747238400000,-0.00001591
2025-05-15,BTCUSDT,1747267200000,-0.00003808
2025-05-15,BTCUSDT,1747296000000,-0.00002825
2025-05-15,BTCUSDT,1747324800000,0.0000338
2025-05-16,BTCUSDT,1747353600000,-0.0000084
2025-05-16,BTCUSDT,1747382400000,0.00003052
2025-05-16,BTCUSDT,1747411200000,0.00001606
2025-05-17,BTCUSDT,1747440000000,-0.00000198
2025-05-17,BTCUSDT,1747468800000,0.00001723
2025-05-17,BTCUSDT,1747497600000,0.00002515
2025-05-18,BTCUSDT,1747526400000,0.00006156
2025-05-18,BTCUSDT,1747555200000,0.00003858
2025-05-18,BTCUSDT,1747584000000,0.0001
2025-05-19,BTCUSDT,1747612800000,0.0001
2025-05-19,BTCUSDT,1747641600000,0.00001146
2025-05-19,BTCUSDT,1747670400000,0.00005514
2025-05-20,BTCUSDT,1747699200000,0.00005531
2025-05-20,BTCUSDT,1747728000000,0.00007096
2025-05-20,BTCUSDT,1747756800000,0.0000044
2025-05-21,BTCUSDT,1747785600000,0.00005146
2025-05-21,BTCUSDT,1747814400000,0.00007956
2025-05-21,BTCUSDT,1747843200000,0.00004226
2025-05-22,BTCUSDT,1747872000000,0.00007967
2025-05-22,BTCUSDT,1747900800000,0.0001
2025-05-22,BTCUSDT,1747929600000,0.00009599
2025-05-23,BTCUSDT,1747958400000,0.00002206
2025-05-23,BTCUSDT,1747987200000,0.00005364
2025-05-23,BTCUSDT,1748016000000,0.00006534
2025-05-24,BTCUSDT,1748044800000,0.00002203
2025-05-24,BTCUSDT,1748073600000,0.00003436
2025-05-24,BTCUSDT,1748102400000,0.00004126
2025-05-25,BTCUSDT,1748131200000,0.00007422
2025-05-25,BTCUSDT,1748160000000,0.0001
2025-05-25,BTCUSDT,1748188800000,0.00005451
2025-05-26,BTCUSDT,1748217600000,0.0001
2025-05-26,BTCUSDT,1748246400000,0.0001
2025-05-26,BTCUSDT,1748275200000,0.00009627
2025-05-27,BTCUSDT,1748304000000,0.0001
2025-05-27,BTCUSDT,1748332800000,0.00003247
2025-05-27,BTCUSDT,1748361600000,0.00002161
2025-05-28,BTCUSDT,1748390400000,-0.00015645
2025-05-28,BTCUSDT,1748419200000,-0.00009526
2025-05-28,BTCUSDT,1748448000000,0.00003181
2025-05-29,BTCUSDT,1748476800000,0.00007753
2025-05-29,BTCUSDT,1748505600000,0.00005974
2025-05-29,BTCUSDT,1748534400000,-0.00001219
2025-05-30,BTCUSDT,1748563200000,0.0001
2025-05-30,BTCUSDT,1748592000000,0.00009532
2025-05-30,BTCUSDT,1748620800000,0.0001
2025-05-31,BTCUSDT,1748649600000,0.0001
2025-05-31,BTCUSDT,1748678400000,0.0001
2025-05-31,BTCUSDT,1748707200000,0.0001
2025-06-01,BTCUSDT,1748736000000,0.0001
2025-06-01,BTCUSDT,1748764800000,0.00009391
2025-06-01,BTCUSDT,1748793600000,0.00007421
2025-06-02,BTCUSDT,1748822400000,0.0001
2025-06-02,BTCUSDT,1748851200000,0.00006634
2025-06-02,BTCUSDT,1748880000000,0.00000594
2025-06-03,BTCUSDT,1748908800000,0.00002472
2025-06-03,BTCUSDT,1748937600000,-0.00001601
2025-06-03,BTCUSDT,1748966400000,0.00005591
2025-06-04,BTCUSDT,1748995200000,-0.00000582
2025-06-04,BTCUSDT,1749024000000,-0.00004859
2025-06-04,BTCUSDT,1749052800000,0.00003102
2025-06-05,BTCUSDT,1749081600000,0.00000335
2025-06-05,BTCUSDT,1749110400000,-0.00000224
2025-06-05,BTCUSDT,1749139200000,0.00001778
2025-06-06,BTCUSDT,1749168000000,0.000066
2025-06-06,BTCUSDT,1749196800000,0.00000475
2025-06-06,BTCUSDT,1749225600000,0.00001407
2025-06-07,BTCUSDT,1749254400000,-0.00005637
2025-06-07,BTCUSDT,1749283200000,0.0001
2025-06-07,BTCUSDT,1749312000000,0.00001688
2025-06-08,BTCUSDT,1749340800000,0.0000343
2025-06-08,BTCUSDT,1749369600000,-0.00001743
2025-06-08,BTCUSDT,1749398400000,-0.00002669
2025-06-09,BTCUSDT,1749427200000,-0.00003739
2025-06-09,BTCUSDT,1749456000000,0.00002264
2025-06-09,BTCUSDT,1749484800000,0.0001
2025-06-10,BTCUSDT,1749513600000,0.0000811
2025-06-10,BTCUSDT,1749542400000,0.00008419
2025-06-10,BTCUSDT,1749571200000,0.0001
2025-06-11,BTCUSDT,1749600000000,0.00007171
2025-06-11,BTCUSDT,1749628800000,0.00004509
2025-06-11,BTCUSDT,1749657600000,0.00005768
2025-06-12,BTCUSDT,1749686400000,0.00005521
2025-06-12,BTCUSDT,1749715200000,0.00007557
2025-06-12,BTCUSDT,1749744000000,0.00004748
2025-06-13,BTCUSDT,1749772800000,-0.00001155
2025-06-13,BTCUSDT,1749801600000,0.00006608
2025-06-13,BTCUSDT,1749830400000,0.00004363
2025-06-14,BTCUSDT,1749859200000,0.00000574
2025-06-14,BTCUSDT,1749888000000,-0.00001611
2025-06-14,BTCUSDT,1749916800000,-0.00002466
2025-06-15,BTCUSDT,1749945600000,0.00007299
2025-06-15,BTCUSDT,1749974400000,0.0000717
2025-06-15,BTCUSDT,1750003200000,0.0001
2025-06-16,BTCUSDT,1750032000000,0.00004753
2025-06-16,BTCUSDT,1750060800000,0.0001
2025-06-16,BTCUSDT,1750089600000,0.00004729
2025-06-17,BTCUSDT,1750118400000,0.00003074
2025-06-17,BTCUSDT,1750147200000,0.00006718
2025-06-17,BTCUSDT,1750176000000,0.00003008
2025-06-18,BTCUSDT,1750204800000,-0.00001427
2025-06-18,BTCUSDT,1750233600000,0.00000243
2025-06-18,BTCUSDT,1750262400000,0.00002945
2025-06-19,BTCUSDT,1750291200000,0.00001655
2025-06-19,BTCUSDT,1750320000000,0.00001318
2025-06-19,BTCUSDT,1750348800000,-9.7e-7
2025-06-20,BTCUSDT,1750377600000,0.00007635
2025-06-20,BTCUSDT,1750406400000,0.00006425
2025-06-20,BTCUSDT,1750435200000,0.00000709
2025-06-21,BTCUSDT,1750464000000,0.00003019
2025-06-21,BTCUSDT,1750492800000,-0.00002522
2025-06-21,BTCUSDT,1750521600000,0.00003388
2025-06-22,BTCUSDT,1750550400000,-0.00000539
2025-06-22,BTCUSDT,1750579200000,0.00007054
2025-06-22,BTCUSDT,1750608000000,0.00000617
2025-06-23,BTCUSDT,1750636800000,-0.00000853
2025-06-23,BTCUSDT,1750665600000,0.00001988
2025-06-23,BTCUSDT,1750694400000,-0.00003379
2025-06-24,BTCUSDT,1750723200000,0.00003432
2025-06-24,BTCUSDT,1750752000000,0.00005734
2025-06-24,BTCUSDT,1750780800000,0.00000619
2025-06-25,BTCUSDT,1750809600000,-0.00002753
2025-06-25,BTCUSDT,1750838400000,0.00004784
2025-06-25,BTCUSDT,1750867200000,-0.00002087
2025-06-26,BTCUSDT,1750896000000,-0.00007601
2025-06-26,BTCUSDT,1750924800000,0.00000685
2025-06-26,BTCUSDT,1750953600000,-6.6e-7
2025-06-27,BTCUSDT,1750982400000,-0.0000185
2025-06-27,BTCUSDT,1751011200000,0.00001488
2025-06-27,BTCUSDT,1751040000000,0.00003673
2025-06-28,BTCUSDT,1751068800000,-0.00004711
2025-06-28,BTCUSDT,1751097600000,0.00001239
2025-06-28,BTCUSDT,1751126400000,0.00006048
2025-06-29,BTCUSDT,1751155200000,0.00004098
2025-06-29,BTCUSDT,1751184000000,0.00001443
2025-06-29,BTCUSDT,1751212800000,0.00000852
2025-06-30,BTCUSDT,1751241600000,0.00001024
2025-06-30,BTCUSDT,1751270400000,0.00004958
2025-06-30,BTCUSDT,1751299200000,-0.00000929
2025-07-01,BTCUSDT,1751328000000,-0.00000321
2025-07-01,BTCUSDT,1751356800000,-0.00002184
2025-07-01,BTCUSDT,1751385600000,0.00001879
2025-07-02,BTCUSDT,1751414400000,0.00004989
2025-07-02,BTCUSDT,1751443200000,0.00006496
2025-07-02,BTCUSDT,1751472000000,0.00005727
2025-07-03,BTCUSDT,1751500800000,0.00005264
2025-07-03,BTCUSDT,1751529600000,0.00005847
2025-07-03,BTCUSDT,1751558400000,0.00007064
2025-07-04,BTCUSDT,1751587200000,0.00005716
2025-07-04,BTCUSDT,1751616000000,0.00002295
2025-07-04,BTCUSDT,1751644800000,0.00002892
2025-07-05,BTCUSDT,1751673600000,0.0001
2025-07-05,BTCUSDT,1751702400000,0.00006637
2025-07-05,BTCUSDT,1751731200000,0.00006102
2025-07-06,BTCUSDT,1751760000000,0.00001647
2025-07-06,BTCUSDT,1751788800000,0.00000114
2025-07-06,BTCUSDT,1751817600000,0.00004813
2025-07-07,BTCUSDT,1751846400000,0.0000867
2025-07-07,BTCUSDT,1751875200000,0.00007141
2025-07-07,BTCUSDT,1751904000000,0.00002928
2025-07-08,BTCUSDT,1751932800000,-0.00005019
2025-07-08,BTCUSDT,1751961600000,0.00003413
2025-07-08,BTCUSDT,1751990400000,0.0000393
2025-07-09,BTCUSDT,1752019200000,0.00003556
2025-07-09,BTCUSDT,1752048000000,0.00004809
2025-07-09,BTCUSDT,1752076800000,0.0000667
2025-07-10,BTCUSDT,1752105600000,0.00008704
2025-07-10,BTCUSDT,1752134400000,0.000061
2025-07-10,BTCUSDT,1752163200000,0.0000794
2025-07-11,BTCUSDT,1752192000000,0.0001
2025-07-11,BTCUSDT,1752220800000,0.0001
2025-07-11,BTCUSDT,1752249600000,0.0001
2025-07-12,BTCUSDT,1752278400000,0.0001
2025-07-12,BTCUSDT,1752307200000,0.0001
2025-07-12,BTCUSDT,1752336000000,0.0001
2025-07-13,BTCUSDT,1752364800000,0.00007909
2025-07-13,BTCUSDT,1752393600000,0.00008875
2025-07-13,BTCUSDT,1752422400000,0.0000926
2025-07-14,BTCUSDT,1752451200000,0.00006157
2025-07-14,BTCUSDT,1752480000000,0.0001
2025-07-14,BTCUSDT,1752508800000,0.0001
2025-07-15,BTCUSDT,1752537600000,0.0001
2025-07-15,BTCUSDT,1752566400000,0.0001
2025-07-15,BTCUSDT,1752595200000,0.0001
2025-07-16,BTCUSDT,1752624000000,0.0001
2025-07-16,BTCUSDT,1752652800000,0.0001
2025-07-16,BTCUSDT,1752681600000,0.0001
2025-07-17,BTCUSDT,1752710400000,0.0001
2025-07-17,BTCUSDT,1752739200000,0.0001
2025-07-17,BTCUSDT,1752768000000,0.0001
2025-07-18,BTCUSDT,1752796800000,0.0001
2025-07-18,BTCUSDT,1752825600000,0.0001
2025-07-18,BTCUSDT,1752854400000,0.0001
2025-07-19,BTCUSDT,1752883200000,0.0001
2025-07-19,BTCUSDT,1752912000000,0.0001
2025-07-19,BTCUSDT,1752940800000,0.0001
2025-07-20,BTCUSDT,1752969600000,0.0001
2025-07-20,BTCUSDT,1752998400000,0.0001
2025-07-20,BTCUSDT,1753027200000,0.0001
2025-07-21,BTCUSDT,1753056000000,0.0001
2025-07-21,BTCUSDT,1753084800000,0.0001
2025-07-21,BTCUSDT,1753113600000,0.0001
2025-07-22,BTCUSDT,1753142400000,0.0001
2025-07-22,BTCUSDT,1753171200000,0.0001
2025-07-22,BTCUSDT,1753200000000,0.0001
2025-07-23,BTCUSDT,1753228800000,0.00011431
2025-07-23,BTCUSDT,1753257600000,0.0001
2025-07-23,BTCUSDT,1753286400000,0.0001
2025-07-24,BTCUSDT,1753315200000,0.0001
2025-07-24,BTCUSDT,1753344000000,0.0001
2025-07-24,BTCUSDT,1753372800000,0.0001
2025-07-25,BTCUSDT,1753401600000,0.0001
2025-07-25,BTCUSDT,1753430400000,0.0001
2025-07-25,BTCUSDT,1753459200000,0.0001
2025-07-26,BTCUSDT,1753488000000,0.0001
2025-07-26,BTCUSDT,1753516800000,0.0001
2025-07-26,BTCUSDT,1753545600000,0.0001
2025-07-27,BTCUSDT,1753574400000,0.0001
2025-07-27,BTCUSDT,1753603200000,0.0001
2025-07-27,BTCUSDT,1753632000000,0.0001
2025-07-28,BTCUSDT,1753660800000,0.0001
2025-07-28,BTCUSDT,1753689600000,0.0001
2025-07-28,BTCUSDT,1753718400000,0.0001
2025-07-29,BTCUSDT,1753747200000,0.0001
2025-07-29,BTCUSDT,1753776000000,0.0001
2025-07-29,BTCUSDT,1753804800000,0.0001
2025-07-30,BTCUSDT,1753833600000,0.0001
2025-07-30,BTCUSDT,1753862400000,0.0001
2025-07-30,BTCUSDT,1753891200000,0.0001
2025-07-31,BTCUSDT,1753920000000,0.0001
2025-07-31,BTCUSDT,1753948800000,0.0001
2025-07-31,BTCUSDT,1753977600000,0.0001
2025-08-01,BTCUSDT,1754006400000,-0.00001656
2025-08-01,BTCUSDT,1754035200000,-0.00006328
2025-08-01,BTCUSDT,1754064000000,0.0000378
2025-08-02,BTCUSDT,1754092800000,0.0001
2025-08-02,BTCUSDT,1754121600000,0.0001
2025-08-02,BTCUSDT,1754150400000,0.0001
2025-08-03,BTCUSDT,1754179200000,0.0001
2025-08-03,BTCUSDT,1754208000000,0.0001
2025-08-03,BTCUSDT,1754236800000,0.00007948
2025-08-04,BTCUSDT,1754265600000,0.00004923
2025-08-04,BTCUSDT,1754294400000,0.0000576
2025-08-04,BTCUSDT,1754323200000,0.00001817
2025-08-05,BTCUSDT,1754352000000,0.00007602
2025-08-05,BTCUSDT,1754380800000,0.0001
2025-08-05,BTCUSDT,1754409600000,0.00004579
2025-08-06,BTCUSDT,1754438400000,0.0001
2025-08-06,BTCUSDT,1754467200000,0.0001
2025-08-06,BTCUSDT,1754496000000,0.00008685
2025-08-07,BTCUSDT,1754524800000,0.00007728
2025-08-07,BTCUSDT,1754553600000,0.00009173
2025-08-07,BTCUSDT,1754582400000,0.00001388
2025-08-08,BTCUSDT,1754611200000,-0.00003108
2025-08-08,BTCUSDT,1754640000000,0.00003508
2025-08-08,BTCUSDT,1754668800000,0.00008916
2025-08-09,BTCUSDT,1754697600000,0.00000237
2025-08-09,BTCUSDT,1754726400000,0.0000759
2025-08-09,BTCUSDT,1754755200000,-0.00003166
2025-08-10,BTCUSDT,1754784000000,0.00000196
2025-08-10,BTCUSDT,1754812800000,0.0001
2025-08-10,BTCUSDT,1754841600000,0.0001
2025-08-11,BTCUSDT,1754870400000,0.0001
2025-08-11,BTCUSDT,1754899200000,0.0001
2025-08-11,BTCUSDT,1754928000000,0.0001
2025-08-12,BTCUSDT,1754956800000,0.0001
2025-08-12,BTCUSDT,1754985600000,0.0001
2025-08-12,BTCUSDT,1755014400000,0.00003101
2025-08-13,BTCUSDT,1755043200000,0.0001
2025-08-13,BTCUSDT,1755072000000,0.0001
2025-08-13,BTCUSDT,1755100800000,0.0001
2025-08-14,BTCUSDT,1755129600000,0.0001
2025-08-14,BTCUSDT,1755158400000,0.0001
2025-08-14,BTCUSDT,1755187200000,0.0001
2025-08-15,BTCUSDT,1755216000000,0.00009395
2025-08-15,BTCUSDT,1755244800000,0.0001
2025-08-15,BTCUSDT,1755273600000,0.0001
2025-08-16,BTCUSDT,1755302400000,0.00003229
2025-08-16,BTCUSDT,1755331200000,0.00005518
2025-08-16,BTCUSDT,1755360000000,0.00005028
2025-08-17,BTCUSDT,1755388800000,-0.00000725
2025-08-17,BTCUSDT,1755417600000,0.00006699
2025-08-17,BTCUSDT,1755446400000,0.00006233
2025-08-18,BTCUSDT,1755475200000,0.0001
2025-08-18,BTCUSDT,1755504000000,0.00009278
2025-08-18,BTCUSDT,1755532800000,0.0000241
2025-08-19,BTCUSDT,1755561600000,0.00005472
2025-08-19,BTCUSDT,1755590400000,-0.0000097
2025-08-19,BTCUSDT,1755619200000,0.00002078
2025-08-20,BTCUSDT,1755648000000,0.0001
2025-08-20,BTCUSDT,1755676800000,0.0001
2025-08-20,BTCUSDT,1755705600000,0.0001
2025-08-21,BTCUSDT,1755734400000,0.00008933
2025-08-21,BTCUSDT,1755763200000,0.0001
2025-08-21,BTCUSDT,1755792000000,0.0001
2025-08-22,BTCUSDT,1755820800000,0.00007466
2025-08-22,BTCUSDT,1755849600000,0.0001
2025-08-22,BTCUSDT,1755878400000,0.00007665
2025-08-23,BTCUSDT,1755907200000,0.0001
2025-08-23,BTCUSDT,1755936000000,0.0001
2025-08-23,BTCUSDT,1755964800000,0.0001
2025-08-24,BTCUSDT,1755993600000,0.0001
2025-08-24,BTCUSDT,1756022400000,0.0001
2025-08-24,BTCUSDT,1756051200000,0.0001
2025-08-25,BTCUSDT,1756080000000,0.0001
2025-08-25,BTCUSDT,1756108800000,0.0001
2025-08-25,BTCUSDT,1756137600000,0.0001
2025-08-26,BTCUSDT,1756166400000,0.0001
2025-08-26,BTCUSDT,1756195200000,0.0001
2025-08-26,BTCUSDT,1756224000000,0.0001
2025-08-27,BTCUSDT,1756252800000,0.0001
2025-08-27,BTCUSDT,1756281600000,0.0001
2025-08-27,BTCUSDT,1756310400000,0.00004016
2025-08-28,BTCUSDT,1756339200000,0.00003951
2025-08-28,BTCUSDT,1756368000000,0.00008813
2025-08-28,BTCUSDT,1756396800000,0.000076
2025-08-29,BTCUSDT,1756425600000,0.00004099
2025-08-29,BTCUSDT,1756454400000,0.00003251
2025-08-29,BTCUSDT,1756483200000,0.00004476
2025-08-30,BTCUSDT,1756512000000,0.0001
2025-08-30,BTCUSDT,1756540800000,0.0001
2025-08-30,BTCUSDT,1756569600000,0.0001
2025-08-31,BTCUSDT,1756598400000,0.0001
2025-08-31,BTCUSDT,1756627200000,0.00003706
2025-08-31,BTCUSDT,1756656000000,0.00005329
2025-09-01,BTCUSDT,1756684800000,0.00004929
2025-09-01,BTCUSDT,1756713600000,0.0001
2025-09-01,BTCUSDT,1756742400000,0.0001
2025-09-02,BTCUSDT,1756771200000,0.0001
2025-09-02,BTCUSDT,1756800000000,0.0001
2025-09-02,BTCUSDT,1756828800000,0.0001
2025-09-03,BTCUSDT,1756857600000,0.0001
2025-09-03,BTCUSDT,1756886400000,0.0001
2025-09-03,BTCUSDT,1756915200000,0.0001
2025-09-04,BTCUSDT,1756944000000,0.00009011
2025-09-04,BTCUSDT,1756972800000,0.0000543
2025-09-04,BTCUSDT,1757001600000,0.00005321
2025-09-05,BTCUSDT,1757030400000,0.00009591
2025-09-05,BTCUSDT,1757059200000,0.0001
2025-09-05,BTCUSDT,1757088000000,0.00009934
2025-09-06,BTCUSDT,1757116800000,0.00008521
2025-09-06,BTCUSDT,1757145600000,0.00004635
2025-09-06,BTCUSDT,1757174400000,-0.00000897
2025-09-07,BTCUSDT,1757203200000,0.00004448
2025-09-07,BTCUSDT,1757232000000,0.0001
2025-09-07,BTCUSDT,1757260800000,0.00007039
2025-09-08,BTCUSDT,1757289600000,0.0001
2025-09-08,BTCUSDT,1757318400000,0.00002857
2025-09-08,BTCUSDT,1757347200000,0.00007948
2025-09-09,BTCUSDT,1757376000000,0.00002551
2025-09-09,BTCUSDT,1757404800000,0.00001604
2025-09-09,BTCUSDT,1757433600000,0.00001388
2025-09-10,BTCUSDT,1757462400000,0.00003935
2025-09-10,BTCUSDT,1757491200000,0.0001
2025-09-10,BTCUSDT,1757520000000,0.00007774
2025-09-11,BTCUSDT,1757548800000,0.00000819
2025-09-11,BTCUSDT,1757577600000,0.00004762
2025-09-11,BTCUSDT,1757606400000,0.0001
2025-09-12,BTCUSDT,1757635200000,0.00009416
2025-09-12,BTCUSDT,1757664000000,0.00006127
2025-09-12,BTCUSDT,1757692800000,0.00009896
2025-09-13,BTCUSDT,1757721600000,-0.00003243
2025-09-13,BTCUSDT,1757750400000,0.00003148
2025-09-13,BTCUSDT,1757779200000,0.0000608
2025-09-14,BTCUSDT,1757808000000,0.00002142
2025-09-14,BTCUSDT,1757836800000,-0.00001938
2025-09-14,BTCUSDT,1757865600000,0.00005701
2025-09-15,BTCUSDT,1757894400000,0.00007622
2025-09-15,BTCUSDT,1757923200000,0.0001
2025-09-15,BTCUSDT,1757952000000,0.0000798
2025-09-16,BTCUSDT,1757980800000,0.0001
2025-09-16,BTCUSDT,1758009600000,0.0001
2025-09-16,BTCUSDT,1758038400000,0.00003464
2025-09-17,BTCUSDT,1758067200000,0.00008059
2025-09-17,BTCUSDT,1758096000000,0.00004581
2025-09-17,BTCUSDT,1758124800000,0.00004605
2025-09-18,BTCUSDT,1758153600000,0.0001
2025-09-18,BTCUSDT,1758182400000,0.0001
2025-09-18,BTCUSDT,1758211200000,0.00008669
2025-09-19,BTCUSDT,1758240000000,0.0000674
2025-09-19,BTCUSDT,1758268800000,0.00006754
2025-09-19,BTCUSDT,1758297600000,0.00003193
2025-09-20,BTCUSDT,1758326400000,0.0000292
2025-09-20,BTCUSDT,1758355200000,0.00008845
2025-09-20,BTCUSDT,1758384000000,0.0001
2025-09-21,BTCUSDT,1758412800000,0.00006911
2025-09-21,BTCUSDT,1758441600000,0.0001
2025-09-21,BTCUSDT,1758470400000,0.00008065
2025-09-22,BTCUSDT,1758499200000,0.00004095
2025-09-22,BTCUSDT,1758528000000,0.00008326
2025-09-22,BTCUSDT,1758556800000,8.6e-7
2025-09-23,BTCUSDT,1758585600000,0.00003469
2025-09-23,BTCUSDT,1758614400000,-0.00001646
2025-09-23,BTCUSDT,1758643200000,-0.00002302
2025-09-24,BTCUSDT,1758672000000,-0.00002517
2025-09-24,BTCUSDT,1758700800000,0.00001004
2025-09-24,BTCUSDT,1758729600000,0.0000694
2025-09-25,BTCUSDT,1758758400000,0.00004029
2025-09-25,BTCUSDT,1758787200000,-0.00000374
2025-09-25,BTCUSDT,1758816000000,-0.00002638
2025-09-26,BTCUSDT,1758844800000,0.0000593
2025-09-26,BTCUSDT,1758873600000,0.00003018
2025-09-26,BTCUSDT,1758902400000,0.00007381
2025-09-27,BTCUSDT,1758931200000,0.00006796
2025-09-27,BTCUSDT,1758960000000,0.0000645
2025-09-27,BTCUSDT,1758988800000,0.00006911
2025-09-28,BTCUSDT,1759017600000,0.0001
2025-09-28,BTCUSDT,1759046400000,0.00001443
2025-09-28,BTCUSDT,1759075200000,0.00005984
2025-09-29,BTCUSDT,1759104000000,0.0001
2025-09-29,BTCUSDT,1759132800000,0.00006586
2025-09-29,BTCUSDT,1759161600000,0.0001
2025-09-30,BTCUSDT,1759190400000,0.00006638
2025-09-30,BTCUSDT,1759219200000,0.00008111
2025-09-30,BTCUSDT,1759248000000,0.00001288
2025-10-01,BTCUSDT,1759276800000,0.0001
2025-10-01,BTCUSDT,1759305600000,0.0001
2025-10-01,BTCUSDT,1759334400000,0.00002801
2025-10-02,BTCUSDT,1759363200000,0.00004183
2025-10-02,BTCUSDT,1759392000000,0.00006812
2025-10-02,BTCUSDT,1759420800000,0.00009106
2025-10-03,BTCUSDT,1759449600000,0.00001482
2025-10-03,BTCUSDT,1759478400000,6.6e-7
2025-10-03,BTCUSDT,1759507200000,0.00001396
2025-10-04,BTCUSDT,1759536000000,0.00000884
2025-10-04,BTCUSDT,1759564800000,0.00005991
2025-10-04,BTCUSDT,1759593600000,0.00004757
2025-10-05,BTCUSDT,1759622400000,0.0001
2025-10-05,BTCUSDT,1759651200000,0.0001
2025-10-05,BTCUSDT,1759680000000,0.00007664
2025-10-06,BTCUSDT,1759708800000,0.00009618
2025-10-06,BTCUSDT,1759737600000,0.0001
2025-10-06,BTCUSDT,1759766400000,0.0000758
2025-10-07,BTCUSDT,1759795200000,0.00000246
2025-10-07,BTCUSDT,1759824000000,-0.00002887
2025-10-07,BTCUSDT,1759852800000,0.0001
2025-10-08,BTCUSDT,1759881600000,0.0001
2025-10-08,BTCUSDT,1759910400000,0.0001
2025-10-08,BTCUSDT,1759939200000,0.0001
2025-10-09,BTCUSDT,1759968000000,0.00003109
2025-10-09,BTCUSDT,1759996800000,0.00003706
2025-10-09,BTCUSDT,1760025600000,0.00005581
2025-10-10,BTCUSDT,1760054400000,0.0001
2025-10-10,BTCUSDT,1760083200000,0.0001
2025-10-10,BTCUSDT,1760112000000,0.00004578
2025-10-11,BTCUSDT,1760140800000,-0.00014131
2025-10-11,BTCUSDT,1760169600000,0.0001
2025-10-11,BTCUSDT,1760198400000,0.0001
2025-10-12,BTCUSDT,1760227200000,-0.00000737
2025-10-12,BTCUSDT,1760256000000,0.0000284
2025-10-12,BTCUSDT,1760284800000,0.00006092
2025-10-13,BTCUSDT,1760313600000,0.0001
2025-10-13,BTCUSDT,1760342400000,0.0001
2025-10-13,BTCUSDT,1760371200000,0.00004824
2025-10-14,BTCUSDT,1760400000000,0.00007775
2025-10-14,BTCUSDT,1760428800000,-0.00002259
2025-10-14,BTCUSDT,1760457600000,3e-7
2025-10-15,BTCUSDT,1760486400000,0.00000962
2025-10-15,BTCUSDT,1760515200000,0.00002225
2025-10-15,BTCUSDT,1760544000000,-0.00000158
2025-10-16,BTCUSDT,1760572800000,0.00000329
2025-10-16,BTCUSDT,1760601600000,-0.00000475
2025-10-16,BTCUSDT,1760630400000,-0.00003787
2025-10-17,BTCUSDT,1760659200000,0.00000925
2025-10-17,BTCUSDT,1760688000000,-0.00000891
2025-10-17,BTCUSDT,1760716800000,0.00001371
2025-10-18,BTCUSDT,1760745600000,-0.00002473
2025-10-18,BTCUSDT,1760774400000,-0.00001289
2025-10-18,BTCUSDT,1760803200000,0.00005928
2025-10-19,BTCUSDT,1760832000000,0.00003953
2025-10-19,BTCUSDT,1760860800000,0.00003762
2025-10-19,BTCUSDT,1760889600000,0.0001
2025-10-20,BTCUSDT,1760918400000,0.00005677
2025-10-20,BTCUSDT,1760947200000,0.0001
2025-10-20,BTCUSDT,1760976000000,0.0001
2025-10-21,BTCUSDT,1761004800000,0.00007228
2025-10-21,BTCUSDT,1761033600000,0.00001871
2025-10-21,BTCUSDT,1761062400000,0.00008799
2025-10-22,BTCUSDT,1761091200000,0.00002025
2025-10-22,BTCUSDT,1761120000000,0.00004647
2025-10-22,BTCUSDT,1761148800000,0.000055
2025-10-23,BTCUSDT,1761177600000,0.00005646
2025-10-23,BTCUSDT,1761206400000,0.0001
2025-10-23,BTCUSDT,1761235200000,0.00006755
2025-10-24,BTCUSDT,1761264000000,-0.00000164
2025-10-24,BTCUSDT,1761292800000,0.0001
2025-10-24,BTCUSDT,1761321600000,0.00004654
2025-10-25,BTCUSDT,1761350400000,0.00003168
2025-10-25,BTCUSDT,1761379200000,0.0001
2025-10-25,BTCUSDT,1761408000000,0.0001
2025-10-26,BTCUSDT,1761436800000,0.00009909
2025-10-26,BTCUSDT,1761465600000,0.00005578
2025-10-26,BTCUSDT,1761494400000,0.0001
2025-10-27,BTCUSDT,1761523200000,0.0001
2025-10-27,BTCUSDT,1761552000000,0.0001
2025-10-27,BTCUSDT,1761580800000,0.00005882
2025-10-28,BTCUSDT,1761609600000,0.00001045
2025-10-28,BTCUSDT,1761638400000,0.00003558
2025-10-28,BTCUSDT,1761667200000,0.00008991
2025-10-29,BTCUSDT,1761696000000,-0.00000396
2025-10-29,BTCUSDT,1761724800000,0.00001593
2025-10-29,BTCUSDT,1761753600000,0.00001663
2025-10-30,BTCUSDT,1761782400000,0.00002081
2025-10-30,BTCUSDT,1761811200000,0.0000362
2025-10-30,BTCUSDT,1761840000000,-0.00002633
2025-10-31,BTCUSDT,1761868800000,0.00002357
2025-10-31,BTCUSDT,1761897600000,0.0001
2025-10-31,BTCUSDT,1761926400000,0.00005658
2025-11-01,BTCUSDT,1761955200000,0.00002475
2025-11-01,BTCUSDT,1761984000000,0.00002432
2025-11-01,BTCUSDT,1762012800000,0.00006744
2025-11-02,BTCUSDT,1762041600000,0.00005819
2025-11-02,BTCUSDT,1762070400000,0.0000476
2025-11-02,BTCUSDT,1762099200000,0.00001946
2025-11-03,BTCUSDT,1762128000000,0.00002067
2025-11-03,BTCUSDT,1762156800000,-0.00004708
2025-11-03,BTCUSDT,1762185600000,0.0000529
2025-11-04,BTCUSDT,1762214400000,0.00003846
2025-11-04,BTCUSDT,1762243200000,-0.00001217
2025-11-04,BTCUSDT,1762272000000,0.00004548
2025-11-05,BTCUSDT,1762300800000,0.00004865
2025-11-05,BTCUSDT,1762329600000,0.00001344
2025-11-05,BTCUSDT,1762358400000,-0.0000114
2025-11-06,BTCUSDT,1762387200000,0.00002099
2025-11-06,BTCUSDT,1762416000000,0.00003291
2025-11-06,BTCUSDT,1762444800000,0.00004827
2025-11-07,BTCUSDT,1762473600000,-0.00003307
2025-11-07,BTCUSDT,1762502400000,0.00003929
2025-11-07,BTCUSDT,1762531200000,0.0000252
2025-11-08,BTCUSDT,1762560000000,0.00007924
2025-11-08,BTCUSDT,1762588800000,0.00000847
2025-11-08,BTCUSDT,1762617600000,-0.00000744
2025-11-09,BTCUSDT,1762646400000,-0.00000171
2025-11-09,BTCUSDT,1762675200000,0.00003745
2025-11-09,BTCUSDT,1762704000000,0.00007699
2025-11-10,BTCUSDT,1762732800000,0.00009233
2025-11-10,BTCUSDT,1762761600000,0.00008068
2025-11-10,BTCUSDT,1762790400000,0.00004716
2025-11-11,BTCUSDT,1762819200000,0.0000135
2025-11-11,BTCUSDT,1762848000000,-0.00004885
2025-11-11,BTCUSDT,1762876800000,0.00005706
2025-11-12,BTCUSDT,1762905600000,0.00006811
2025-11-12,BTCUSDT,1762934400000,0.00003386
2025-11-12,BTCUSDT,1762963200000,0.00009323
2025-11-13,BTCUSDT,1762992000000,-0.00001163
2025-11-13,BTCUSDT,1763020800000,0.00001427
2025-11-13,BTCUSDT,1763049600000,0.00002564
2025-11-14,BTCUSDT,1763078400000,-0.00004056
2025-11-14,BTCUSDT,1763107200000,0.00001296
2025-11-14,BTCUSDT,1763136000000,0.00005789
2025-11-15,BTCUSDT,1763164800000,0.00004552
2025-11-15,BTCUSDT,1763193600000,0.0000712
2025-11-15,BTCUSDT,1763222400000,0.0000447
2025-11-16,BTCUSDT,1763251200000,0.00000979
2025-11-16,BTCUSDT,1763280000000,0.00003754
2025-11-16,BTCUSDT,1763308800000,0.00004955
2025-11-17,BTCUSDT,1763337600000,0.00005953
2025-11-17,BTCUSDT,1763366400000,0.0001
2025-11-17,BTCUSDT,1763395200000,0.00007101
2025-11-18,BTCUSDT,1763424000000,0.00008162
2025-11-18,BTCUSDT,1763452800000,0.0000431
2025-11-18,BTCUSDT,1763481600000,0.0001
2025-11-19,BTCUSDT,1763510400000,0.00004908
2025-11-19,BTCUSDT,1763539200000,-0.00000434
2025-11-19,BTCUSDT,1763568000000,-0.00000981
2025-11-20,BTCUSDT,1763596800000,0.00004555
2025-11-20,BTCUSDT,1763625600000,0.0001
2025-11-20,BTCUSDT,1763654400000,0.00001338
2025-11-21,BTCUSDT,1763683200000,-0.00000479
2025-11-21,BTCUSDT,1763712000000,-0.00000726
2025-11-21,BTCUSDT,1763740800000,0.00005602
2025-11-22,BTCUSDT,1763769600000,0.0000339
2025-11-22,BTCUSDT,1763798400000,0.00002259
2025-11-22,BTCUSDT,1763827200000,0.00006123
2025-11-23,BTCUSDT,1763856000000,0.00004974
2025-11-23,BTCUSDT,1763884800000,0.00004368
2025-11-23,BTCUSDT,1763913600000,0.00000931
2025-11-24,BTCUSDT,1763942400000,-0.00001427
2025-11-24,BTCUSDT,1763971200000,-0.00003212
2025-11-24,BTCUSDT,1764000000000,-1.6e-7
2025-11-25,BTCUSDT,1764028800000,-0.00006725
2025-11-25,BTCUSDT,1764057600000,-0.00000414
2025-11-25,BTCUSDT,1764086400000,-0.00004901
2025-11-26,BTCUSDT,1764115200000,-0.00000927
2025-11-26,BTCUSDT,1764144000000,-0.00000268
2025-11-26,BTCUSDT,1764172800000,0.00000162
2025-11-27,BTCUSDT,1764201600000,0.0000341
2025-11-27,BTCUSDT,1764230400000,-0.00000303
2025-11-27,BTCUSDT,1764259200000,-0.00000801
2025-11-28,BTCUSDT,1764288000000,0.0000017
2025-11-28,BTCUSDT,1764316800000,-0.00000378
2025-11-28,BTCUSDT,1764345600000,-0.00000746
2025-11-29,BTCUSDT,1764374400000,-0.00009691
2025-11-29,BTCUSDT,1764403200000,-0.00000976
2025-11-29,BTCUSDT,1764432000000,0.00001029
2025-11-30,BTCUSDT,1764460800000,0.00007307
2025-11-30,BTCUSDT,1764489600000,0.00005238
2025-11-30,BTCUSDT,1764518400000,0.00001622
2025-12-01,BTCUSDT,1764547200000,0.0000075
2025-12-01,BTCUSDT,1764576000000,-0.00000605
2025-12-01,BTCUSDT,1764604800000,-0.00000107
2025-12-02,BTCUSDT,1764633600000,-0.00000917
2025-12-02,BTCUSDT,1764662400000,0.00004832
2025-12-02,BTCUSDT,1764691200000,0.0000179
2025-12-03,BTCUSDT,1764720000000,0.00000924
2025-12-03,BTCUSDT,1764748800000,0.0000273
2025-12-03,BTCUSDT,1764777600000,0.00003174
2025-12-04,BTCUSDT,1764806400000,0.00007408
2025-12-04,BTCUSDT,1764835200000,0.00003057
2025-12-04,BTCUSDT,1764864000000,-0.00000857
2025-12-05,BTCUSDT,1764892800000,0.00001741
2025-12-05,BTCUSDT,1764921600000,0.00004438
2025-12-05,BTCUSDT,1764950400000,-0.00000868
2025-12-06,BTCUSDT,1764979200000,-0.00000586
2025-12-06,BTCUSDT,1765008000000,-0.0000331
2025-12-06,BTCUSDT,1765036800000,-0.00004707
2025-12-07,BTCUSDT,1765065600000,-0.00000828
2025-12-07,BTCUSDT,1765094400000,-0.00001167
2025-12-07,BTCUSDT,1765123200000,0.00002284
2025-12-08,BTCUSDT,1765152000000,0.0000287
2025-12-08,BTCUSDT,1765180800000,0.00008354
2025-12-08,BTCUSDT,1765209600000,0.00003817
2025-12-09,BTCUSDT,1765238400000,-0.00001767
2025-12-09,BTCUSDT,1765267200000,0.00001299
2025-12-09,BTCUSDT,1765296000000,0.00001324
2025-12-10,BTCUSDT,1765324800000,0.00003203
2025-12-10,BTCUSDT,1765353600000,0.00001545
2025-12-10,BTCUSDT,1765382400000,0.00001461
2025-12-11,BTCUSDT,1765411200000,0.00003674
2025-12-11,BTCUSDT,1765440000000,-0.00002557
2025-12-11,BTCUSDT,1765468800000,0.0000362
2025-12-12,BTCUSDT,1765497600000,0.00008389
2025-12-12,BTCUSDT,1765526400000,0.00009806
2025-12-12,BTCUSDT,1765555200000,0.00002758
2025-12-13,BTCUSDT,1765584000000,-0.00000341
2025-12-13,BTCUSDT,1765612800000,-0.00000263
2025-12-13,BTCUSDT,1765641600000,0.00003709
2025-12-14,BTCUSDT,1765670400000,0.00003698
2025-12-14,BTCUSDT,1765699200000,0.00001145
2025-12-14,BTCUSDT,1765728000000,-0.00000781
2025-12-15,BTCUSDT,1765756800000,0.00000488
2025-12-15,BTCUSDT,1765785600000,0.00002867
2025-12-15,BTCUSDT,1765814400000,0.00003887
2025-12-16,BTCUSDT,1765843200000,0.00000757
2025-12-16,BTCUSDT,1765872000000,-0.00001351
2025-12-16,BTCUSDT,1765900800000,0.00005556
2025-12-17,BTCUSDT,1765929600000,0.00004598
2025-12-17,BTCUSDT,1765958400000,0.00001137
2025-12-17,BTCUSDT,1765987200000,0.00008443
2025-12-18,BTCUSDT,1766016000000,0.00000163
2025-12-18,BTCUSDT,1766044800000,0.00007539
2025-12-18,BTCUSDT,1766073600000,0.0001
2025-12-19,BTCUSDT,1766102400000,-0.00000676
2025-12-19,BTCUSDT,1766131200000,0.00001709
2025-12-19,BTCUSDT,1766160000000,0.00007296
2025-12-20,BTCUSDT,1766188800000,0.0000318
2025-12-20,BTCUSDT,1766217600000,-0.0000071
2025-12-20,BTCUSDT,1766246400000,-0.00003557
2025-12-21,BTCUSDT,1766275200000,0.00001724
2025-12-21,BTCUSDT,1766304000000,-0.00000537
2025-12-21,BTCUSDT,1766332800000,-0.00001499
2025-12-22,BTCUSDT,1766361600000,0.00005372
2025-12-22,BTCUSDT,1766390400000,0.00005485
2025-12-22,BTCUSDT,1766419200000,0.0000676
2025-12-23,BTCUSDT,1766448000000,-0.00002911
2025-12-23,BTCUSDT,1766476800000,-0.00001673
2025-12-23,BTCUSDT,1766505600000,0.00001491
2025-12-24,BTCUSDT,1766534400000,0.00002786
2025-12-24,BTCUSDT,1766563200000,-0.00002072
2025-12-24,BTCUSDT,1766592000000,0.00004572
2025-12-25,BTCUSDT,1766620800000,0.00009492
2025-12-25,BTCUSDT,1766649600000,0.0000746
2025-12-25,BTCUSDT,1766678400000,0.00005249
2025-12-26,BTCUSDT,1766707200000,0.00003744
2025-12-26,BTCUSDT,1766736000000,0.0001
2025-12-26,BTCUSDT,1766764800000,0.0001
2025-12-27,BTCUSDT,1766793600000,0.00003048
2025-12-27,BTCUSDT,1766822400000,0.00002438
2025-12-27,BTCUSDT,1766851200000,0.00006103
2025-12-28,BTCUSDT,1766880000000,0.00005786
2025-12-28,BTCUSDT,1766908800000,0.0001
2025-12-28,BTCUSDT,1766937600000,0.00009813
2025-12-29,BTCUSDT,1766966400000,0.00003373
2025-12-29,BTCUSDT,1766995200000,0.0001
2025-12-29,BTCUSDT,1767024000000,-0.00002482
2025-12-30,BTCUSDT,1767052800000,0.00005475
2025-12-30,BTCUSDT,1767081600000,-0.00003667
2025-12-30,BTCUSDT,1767110400000,0.00006054
2025-12-31,BTCUSDT,1767139200000,0.00003257
2025-12-31,BTCUSDT,1767168000000,0.00009464
2025-12-31,BTCUSDT,1767196800000,0.0001
