date,year,regime,source_alert_state,applied_alert_state,hedge_ratio,unhedged_daily_return_pct,hedged_daily_return_pct,unhedged_equity,hedged_equity,unhedged_drawdown_pct,hedged_drawdown_pct,unhedged_ewma_vol_pct,hedged_ewma_vol_pct,unhedged_historical_var_pct,hedged_historical_var_pct,methodology_note
2020-01-03,2020,Bull market,normal,,,,,1,1,0,0,,,,,hedge ratio uses previous valid MTM alert_state; hedged_return = unhedged_return * (1 - hedge_ratio)
2020-01-04,2020,Bull market,normal,normal,0,0.714534,0.714534,1.007145,1.007145,0,0,0.714534,0.714534,,,hedge ratio uses previous valid MTM alert_state; hedged_return = unhedged_return * (1 - hedge_ratio)
2020-01-05,2020,Bull market,normal,normal,0,1.60797,1.60797,1.02334,1.02334,0,0,0.796906,0.796906,,,hedge ratio uses previous valid MTM alert_state; hedged_return = unhedged_return * (1 - hedge_ratio)
2020-01-06,2020,Bull market,normal,normal,0,1.36133,1.36133,1.037271,1.037271,0,0,0.841516,0.841516,,,hedge ratio uses previous valid MTM alert_state; hedged_return = unhedged_return * (1 - hedge_ratio)
2020-01-07,2020,Bull market,normal,normal,0,3.287906,3.287906,1.071375,1.071375,0,0,1.14642,1.14642,,,hedge ratio uses previous valid MTM alert_state; hedged_return = unhedged_return * (1 - hedge_ratio)
2020-01-08,2020,Bull market,normal,normal,0,2.702931,2.702931,1.100334,1.100334,0,0,1.293744,1.293744,,,hedge ratio uses previous valid MTM alert_state; hedged_return = unhedged_return * (1 - hedge_ratio)
2020-01-09,2020,Bull market,normal,normal,0,-1.461171,-1.461171,1.084256,1.084256,-1.461171,-1.461171,1.304396,1.304396,,,hedge ratio uses previous valid MTM alert_state; hedged_return = unhedged_return * (1 - hedge_ratio)
2020-01-10,2020,Bull market,normal,normal,0,-1.029423,-1.029423,1.073095,1.073095,-2.475552,-2.475552,1.289552,1.289552,,,hedge ratio uses previous valid MTM alert_state; hedged_return = unhedged_return * (1 - hedge_ratio)
2020-01-11,2020,Bull market,normal,normal,0,0.432073,0.432073,1.077731,1.077731,-2.054176,-2.054176,1.254738,1.254738,,,hedge ratio uses previous valid MTM alert_state; hedged_return = unhedged_return * (1 - hedge_ratio)
2020-01-12,2020,Bull market,normal,normal,0,0.813183,0.813183,1.086495,1.086495,-1.257697,-1.257697,1.232713,1.232713,,,hedge ratio uses previous valid MTM alert_state; hedged_return = unhedged_return * (1 - hedge_ratio)
2020-01-13,2020,Bull market,normal,normal,0,0.011126,0.011126,1.086616,1.086616,-1.246711,-1.246711,1.195163,1.195163,,,hedge ratio uses previous valid MTM alert_state; hedged_return = unhedged_return * (1 - hedge_ratio)
2020-01-14,2020,Bull market,normal,normal,0,1.71198,1.71198,1.105219,1.105219,0,0,1.2323,1.2323,,,hedge ratio uses previous valid MTM alert_state; hedged_return = unhedged_return * (1 - hedge_ratio)
2020-01-15,2020,Bull market,normal,normal,0,0.49531,0.49531,1.110693,1.110693,0,0,1.200903,1.200903,,,hedge ratio uses previous valid MTM alert_state; hedged_return = unhedged_return * (1 - hedge_ratio)
2020-01-16,2020,Bull market,normal,normal,0,-0.408659,-0.408659,1.106154,1.106154,-0.408659,-0.408659,1.168614,1.168614,,,hedge ratio uses previous valid MTM alert_state; hedged_return = unhedged_return * (1 - hedge_ratio)
2020-01-17,2020,Bull market,normal,normal,0,6.878665,6.878665,1.182243,1.182243,0,0,2.030439,2.030439,,,hedge ratio uses previous valid MTM alert_state; hedged_return = unhedged_return * (1 - hedge_ratio)
2020-01-18,2020,Bull market,normal,normal,0,1.571027,1.571027,1.200816,1.200816,0,0,2.005843,2.005843,,,hedge ratio uses previous valid MTM alert_state; hedged_return = unhedged_return * (1 - hedge_ratio)
2020-01-19,2020,Bull market,normal,normal,0,-2.015023,-2.015023,1.176619,1.176619,-2.015023,-2.015023,2.006395,2.006395,,,hedge ratio uses previous valid MTM alert_state; hedged_return = unhedged_return * (1 - hedge_ratio)
2020-01-20,2020,Bull market,normal,normal,0,0.933399,0.933399,1.187602,1.187602,-1.100432,-1.100432,1.958663,1.958663,,,hedge ratio uses previous valid MTM alert_state; hedged_return = unhedged_return * (1 - hedge_ratio)
2020-01-21,2020,Bull market,normal,normal,0,0.002391,0.002391,1.18763,1.18763,-1.098068,-1.098068,1.898994,1.898994,,,hedge ratio uses previous valid MTM alert_state; hedged_return = unhedged_return * (1 - hedge_ratio)
2020-01-22,2020,Bull market,normal,normal,0,0.162599,0.162599,1.189561,1.189561,-0.937254,-0.937254,1.841574,1.841574,,,hedge ratio uses previous valid MTM alert_state; hedged_return = unhedged_return * (1 - hedge_ratio)
2020-01-23,2020,Bull market,normal,normal,0,-3.197762,-3.197762,1.151522,1.151522,-4.105045,-4.105045,1.949731,1.949731,,,hedge ratio uses previous valid MTM alert_state; hedged_return = unhedged_return * (1 - hedge_ratio)
2020-01-24,2020,Bull market,normal,normal,0,0.716686,0.716686,1.159775,1.159775,-3.417779,-3.417779,1.898468,1.898468,,,hedge ratio uses previous valid MTM alert_state; hedged_return = unhedged_return * (1 - hedge_ratio)
2020-01-25,2020,Bull market,normal,normal,0,-1.46277,-1.46277,1.14281,1.14281,-4.830555,-4.830555,1.875183,1.875183,,,hedge ratio uses previous valid MTM alert_state; hedged_return = unhedged_return * (1 - hedge_ratio)
2020-01-26,2020,Bull market,normal,normal,0,1.698181,1.698181,1.162217,1.162217,-3.214405,-3.214405,1.865037,1.865037,,,hedge ratio uses previous valid MTM alert_state; hedged_return = unhedged_return * (1 - hedge_ratio)
2020-01-27,2020,Bull market,normal,normal,0,3.067276,3.067276,1.197865,1.197865,-0.245724,-0.245724,1.958099,1.958099,,,hedge ratio uses previous valid MTM alert_state; hedged_return = unhedged_return * (1 - hedge_ratio)
2020-01-28,2020,Bull market,normal,normal,0,1.950324,1.950324,1.221228,1.221228,0,0,1.957634,1.957634,,,hedge ratio uses previous valid MTM alert_state; hedged_return = unhedged_return * (1 - hedge_ratio)
2020-01-29,2020,Bull market,normal,normal,0,1.414915,1.414915,1.238507,1.238507,0,0,1.92938,1.92938,,,hedge ratio uses previous valid MTM alert_state; hedged_return = unhedged_return * (1 - hedge_ratio)
2020-01-30,2020,Bull market,normal,normal,0,-0.292166,-0.292166,1.234888,1.234888,-0.292166,-0.292166,1.871972,1.871972,,,hedge ratio uses previous valid MTM alert_state; hedged_return = unhedged_return * (1 - hedge_ratio)
2020-01-31,2020,Bull market,normal,,,,,1.234888,1.234888,-0.292166,-0.292166,1.871972,1.871972,,,hedge ratio uses previous valid MTM alert_state; hedged_return = unhedged_return * (1 - hedge_ratio)
2020-02-01,2020,Bull market,normal,,,,,1.234888,1.234888,-0.292166,-0.292166,1.871972,1.871972,,,hedge ratio uses previous valid MTM alert_state; hedged_return = unhedged_return * (1 - hedge_ratio)
2020-02-02,2020,Bull market,normal,,,,,1.234888,1.234888,-0.292166,-0.292166,1.871972,1.871972,,,hedge ratio uses previous valid MTM alert_state; hedged_return = unhedged_return * (1 - hedge_ratio)
2020-02-03,2020,Bull market,normal,,,,,1.234888,1.234888,-0.292166,-0.292166,1.871972,1.871972,,,hedge ratio uses previous valid MTM alert_state; hedged_return = unhedged_return * (1 - hedge_ratio)
2020-02-04,2020,Bull market,normal,,,,,1.234888,1.234888,-0.292166,-0.292166,1.871972,1.871972,,,hedge ratio uses previous valid MTM alert_state; hedged_return = unhedged_return * (1 - hedge_ratio)
2020-02-05,2020,Bull market,normal,,,,,1.234888,1.234888,-0.292166,-0.292166,1.871972,1.871972,,,hedge ratio uses previous valid MTM alert_state; hedged_return = unhedged_return * (1 - hedge_ratio)
2020-02-06,2020,Bull market,normal,,,,,1.234888,1.234888,-0.292166,-0.292166,1.871972,1.871972,,,hedge ratio uses previous valid MTM alert_state; hedged_return = unhedged_return * (1 - hedge_ratio)
2020-02-07,2020,Bull market,normal,,,,,1.234888,1.234888,-0.292166,-0.292166,1.871972,1.871972,,,hedge ratio uses previous valid MTM alert_state; hedged_return = unhedged_return * (1 - hedge_ratio)
2020-02-08,2020,Bull market,normal,normal,0,0.427934,0.427934,1.240173,1.240173,0,0,1.817969,1.817969,,,hedge ratio uses previous valid MTM alert_state; hedged_return = unhedged_return * (1 - hedge_ratio)
2020-02-09,2020,Bull market,normal,normal,0,1.69333,1.69333,1.261173,1.261173,0,0,1.810732,1.810732,,,hedge ratio uses previous valid MTM alert_state; hedged_return = unhedged_return * (1 - hedge_ratio)
2020-02-10,2020,Bull market,normal,normal,0,-0.674914,-0.674914,1.252661,1.252661,-0.674914,-0.674914,1.763337,1.763337,,,hedge ratio uses previous valid MTM alert_state; hedged_return = unhedged_return * (1 - hedge_ratio)
2020-02-11,2020,Bull market,normal,normal,0,0.126848,0.126848,1.25425,1.25425,-0.548922,-0.548922,1.709901,1.709901,-1.766509,-1.766509,hedge ratio uses previous valid MTM alert_state; hedged_return = unhedged_return * (1 - hedge_ratio)
2020-02-12,2020,Bull market,normal,normal,0,1.977289,1.977289,1.27905,1.27905,0,0,1.727112,1.727112,-1.766509,-1.766509,hedge ratio uses previous valid MTM alert_state; hedged_return = unhedged_return * (1 - hedge_ratio)
2020-02-13,2020,Bull market,normal,normal,0,0.099896,0.099896,1.280328,1.280328,0,0,1.674676,1.674676,-1.766509,-1.766509,hedge ratio uses previous valid MTM alert_state; hedged_return = unhedged_return * (1 - hedge_ratio)
2020-02-14,2020,Bull market,normal,normal,0,1.841673,1.841673,1.303908,1.303908,0,0,1.685163,1.685163,-1.766509,-1.766509,hedge ratio uses previous valid MTM alert_state; hedged_return = unhedged_return * (1 - hedge_ratio)
2020-02-15,2020,Bull market,normal,normal,0,0.254425,0.254425,1.307225,1.307225,0,0,1.635014,1.635014,-1.766509,-1.766509,hedge ratio uses previous valid MTM alert_state; hedged_return = unhedged_return * (1 - hedge_ratio)
2020-02-16,2020,Bull market,normal,normal,0,-2.702761,-2.702761,1.271894,1.271894,-2.702761,-2.702761,1.717897,1.717897,-1.766509,-1.766509,hedge ratio uses previous valid MTM alert_state; hedged_return = unhedged_return * (1 - hedge_ratio)
2020-02-17,2020,Bull market,normal,normal,0,-2.807174,-2.807174,1.23619,1.23619,-5.434064,-5.434064,1.801919,1.801919,-2.393279,-2.393279,hedge ratio uses previous valid MTM alert_state; hedged_return = unhedged_return * (1 - hedge_ratio)
2020-02-18,2020,Bull market,normal,normal,0,1.165764,1.165764,1.250601,1.250601,-4.331648,-4.331648,1.770209,1.770209,-2.760188,-2.760188,hedge ratio uses previous valid MTM alert_state; hedged_return = unhedged_return * (1 - hedge_ratio)
2020-02-19,2020,Bull market,normal,normal,0,4.15607,4.15607,1.302576,1.302576,-0.355604,-0.355604,1.995494,1.995494,-2.760188,-2.760188,hedge ratio uses previous valid MTM alert_state; hedged_return = unhedged_return * (1 - hedge_ratio)
2020-02-20,2020,Bull market,normal,normal,0,-5.280805,-5.280805,1.23379,1.23379,-5.617631,-5.617631,2.327292,2.327292,-2.760188,-2.760188,hedge ratio uses previous valid MTM alert_state; hedged_return = unhedged_return * (1 - hedge_ratio)
2020-02-21,2020,Bull market,normal,normal,0,-0.552921,-0.552921,1.226968,1.226968,-6.139491,-6.139491,2.260455,2.260455,-3.021997,-3.021997,hedge ratio uses previous valid MTM alert_state; hedged_return = unhedged_return * (1 - hedge_ratio)
2020-02-22,2020,Bull market,normal,normal,0,0.158012,0.158012,1.228907,1.228907,-5.99118,-5.99118,2.191934,2.191934,-3.021997,-3.021997,hedge ratio uses previous valid MTM alert_state; hedged_return = unhedged_return * (1 - hedge_ratio)
2020-02-23,2020,Bull market,normal,normal,0,2.028184,2.028184,1.253831,1.253831,-4.084508,-4.084508,2.182455,2.182455,-3.021997,-3.021997,hedge ratio uses previous valid MTM alert_state; hedged_return = unhedged_return * (1 - hedge_ratio)
2020-02-24,2020,Bull market,normal,normal,0,-1.466067,-1.466067,1.235449,1.235449,-5.490693,-5.490693,2.146226,2.146226,-3.021997,-3.021997,hedge ratio uses previous valid MTM alert_state; hedged_return = unhedged_return * (1 - hedge_ratio)
2020-02-25,2020,Bull market,normal,normal,0,-2.608856,-2.608856,1.203218,1.203218,-7.956305,-7.956305,2.176758,2.176758,-3.021997,-3.021997,hedge ratio uses previous valid MTM alert_state; hedged_return = unhedged_return * (1 - hedge_ratio)
2020-02-26,2020,Bull market,normal,normal,0,-3.586874,-3.586874,1.16006,1.16006,-11.257796,-11.257796,2.286027,2.286027,-3.021997,-3.021997,hedge ratio uses previous valid MTM alert_state; hedged_return = unhedged_return * (1 - hedge_ratio)
2020-02-27,2020,Bull market,normal,normal,0,-1.83903,-1.83903,1.138726,1.138726,-12.889792,-12.889792,2.2617,2.2617,-3.411774,-3.411774,hedge ratio uses previous valid MTM alert_state; hedged_return = unhedged_return * (1 - hedge_ratio)
2020-02-28,2020,Bull market,normal,,,,,1.138726,1.138726,-12.889792,-12.889792,2.2617,2.2617,-3.411774,-3.411774,hedge ratio uses previous valid MTM alert_state; hedged_return = unhedged_return * (1 - hedge_ratio)
2020-02-29,2020,Bull market,normal,,,,,1.138726,1.138726,-12.889792,-12.889792,2.2617,2.2617,-3.411774,-3.411774,hedge ratio uses previous valid MTM alert_state; hedged_return = unhedged_return * (1 - hedge_ratio)
2020-03-01,2020,Bull market,normal,,,,,1.138726,1.138726,-12.889792,-12.889792,2.2617,2.2617,-3.411774,-3.411774,hedge ratio uses previous valid MTM alert_state; hedged_return = unhedged_return * (1 - hedge_ratio)
2020-03-02,2020,Bull market,normal,,,,,1.138726,1.138726,-12.889792,-12.889792,2.2617,2.2617,-3.411774,-3.411774,hedge ratio uses previous valid MTM alert_state; hedged_return = unhedged_return * (1 - hedge_ratio)
2020-03-03,2020,Bull market,normal,,,,,1.138726,1.138726,-12.889792,-12.889792,2.2617,2.2617,-3.411774,-3.411774,hedge ratio uses previous valid MTM alert_state; hedged_return = unhedged_return * (1 - hedge_ratio)
2020-03-04,2020,Bull market,normal,,,,,1.138726,1.138726,-12.889792,-12.889792,2.2617,2.2617,-3.411774,-3.411774,hedge ratio uses previous valid MTM alert_state; hedged_return = unhedged_return * (1 - hedge_ratio)
2020-03-05,2020,Bull market,normal,,,,,1.138726,1.138726,-12.889792,-12.889792,2.2617,2.2617,-3.411774,-3.411774,hedge ratio uses previous valid MTM alert_state; hedged_return = unhedged_return * (1 - hedge_ratio)
2020-03-06,2020,Bull market,normal,,,,,1.138726,1.138726,-12.889792,-12.889792,2.2617,2.2617,-3.411774,-3.411774,hedge ratio uses previous valid MTM alert_state; hedged_return = unhedged_return * (1 - hedge_ratio)
2020-03-07,2020,Bull market,watch,normal,0,0.540958,0.540958,1.144886,1.144886,-12.418562,-12.418562,2.196799,2.196799,-3.411774,-3.411774,hedge ratio uses previous valid MTM alert_state; hedged_return = unhedged_return * (1 - hedge_ratio)
2020-03-08,2020,Bull market,watch,watch,0,-4.94263,-4.94263,1.088299,1.088299,-16.747389,-16.747389,2.449928,2.449928,-3.411774,-3.411774,hedge ratio uses previous valid MTM alert_state; hedged_return = unhedged_return * (1 - hedge_ratio)
2020-03-09,2020,Bull market,watch,watch,0,-9.464141,-9.464141,0.985301,0.985301,-24.626533,-24.626533,3.319069,3.319069,-4.33254,-4.33254,hedge ratio uses previous valid MTM alert_state; hedged_return = unhedged_return * (1 - hedge_ratio)
2020-03-10,2020,Bull market,watch,watch,0,2.99764,2.99764,1.014837,1.014837,-22.367108,-22.367108,3.300666,3.300666,-5.128626,-5.128626,hedge ratio uses previous valid MTM alert_state; hedged_return = unhedged_return * (1 - hedge_ratio)
2020-03-11,2020,Bull market,watch,watch,0,-2.780358,-2.780358,0.98662,0.98662,-24.525581,-24.525581,3.271781,3.271781,-5.128626,-5.128626,hedge ratio uses previous valid MTM alert_state; hedged_return = unhedged_return * (1 - hedge_ratio)
2020-03-12,2020,Bull market,stress,watch,0,-24.329604,-24.329604,0.74658,0.74658,-42.888208,-42.888208,6.751152,6.751152,-5.128626,-5.128626,hedge ratio uses previous valid MTM alert_state; hedged_return = unhedged_return * (1 - hedge_ratio)
2020-03-13,2020,Bull market,stress,stress,0.25,-10.239136,-7.679352,0.670136,0.689247,-48.735962,-47.274023,7.009548,6.810413,-7.58164,-7.58164,hedge ratio uses previous valid MTM alert_state; hedged_return = unhedged_return * (1 - hedge_ratio)
2020-03-14,2020,Bull market,stress,stress,0.25,-2.502068,-1.876551,0.653369,0.676313,-50.018623,-48.263453,6.823589,6.61892,-9.890388,-8.660986,hedge ratio uses previous valid MTM alert_state; hedged_return = unhedged_return * (1 - hedge_ratio)
2020-03-15,2020,Bull market,stress,stress,0.25,-0.39879,-0.299092,0.650763,0.67429,-50.217944,-48.418193,6.616436,6.417699,-9.890388,-8.660986,hedge ratio uses previous valid MTM alert_state; hedged_return = unhedged_return * (1 - hedge_ratio)
2020-03-16,2020,Bull market,stress,stress,0.25,-9.705874,-7.279405,0.587601,0.625206,-55.049727,-52.173042,6.841259,6.472638,-9.890388,-8.660986,hedge ratio uses previous valid MTM alert_state; hedged_return = unhedged_return * (1 - hedge_ratio)
2020-03-17,2020,Bull market,stress,stress,0.25,7.378901,5.534176,0.63096,0.659806,-51.732891,-49.526214,6.874704,6.4202,-9.999168,-8.660986,hedge ratio uses previous valid MTM alert_state; hedged_return = unhedged_return * (1 - hedge_ratio)
2020-03-18,2020,Bull market,stress,stress,0.25,5.280287,3.960215,0.664276,0.685936,-49.184249,-47.527344,6.789606,6.299748,-9.999168,-8.660986,hedge ratio uses previous valid MTM alert_state; hedged_return = unhedged_return * (1 - hedge_ratio)
2020-03-19,2020,Bull market,stress,stress,0.25,8.659449,6.494587,0.721799,0.730484,-44.783885,-44.119462,6.916067,6.311608,-9.999168,-8.660986,hedge ratio uses previous valid MTM alert_state; hedged_return = unhedged_return * (1 - hedge_ratio)
2020-03-20,2020,Bull market,stress,stress,0.25,7.646965,5.735224,0.776995,0.772379,-40.561529,-40.914588,6.962085,6.278517,-9.999168,-8.660986,hedge ratio uses previous valid MTM alert_state; hedged_return = unhedged_return * (1 - hedge_ratio)
2020-03-21,2020,Bull market,stress,stress,0.25,-2.595148,-1.946361,0.75683,0.757346,-42.104045,-42.064603,6.779858,6.10589,-9.999168,-8.660986,hedge ratio uses previous valid MTM alert_state; hedged_return = unhedged_return * (1 - hedge_ratio)
2020-03-22,2020,Bull market,stress,stress,0.25,-1.435939,-1.076954,0.745963,0.74919,-42.935395,-42.688541,6.58272,5.925754,-9.999168,-8.660986,hedge ratio uses previous valid MTM alert_state; hedged_return = unhedged_return * (1 - hedge_ratio)
2020-03-23,2020,Bull market,stress,stress,0.25,2.970938,2.228204,0.768125,0.765883,-41.240041,-41.411525,6.42354,5.771099,-9.999168,-8.660986,hedge ratio uses previous valid MTM alert_state; hedged_return = unhedged_return * (1 - hedge_ratio)
2020-03-24,2020,Bull market,stress,stress,0.25,5.991231,4.493423,0.814145,0.800298,-37.719597,-38.778897,6.398425,5.702517,-9.999168,-8.660986,hedge ratio uses previous valid MTM alert_state; hedged_return = unhedged_return * (1 - hedge_ratio)
2020-03-25,2020,Bull market,stress,stress,0.25,-1.051901,-0.788926,0.805581,0.793984,-38.374725,-39.261886,6.208852,5.532172,-9.999168,-8.660986,hedge ratio uses previous valid MTM alert_state; hedged_return = unhedged_return * (1 - hedge_ratio)
2020-03-26,2020,Bull market,stress,stress,0.25,2.807849,2.105887,0.828201,0.810704,-36.64438,-37.98281,6.058869,5.388387,-9.999168,-8.660986,hedge ratio uses previous valid MTM alert_state; hedged_return = unhedged_return * (1 - hedge_ratio)
2020-03-27,2020,Bull market,watch,,,,,0.828201,0.810704,-36.64438,-37.98281,6.058869,5.388387,-9.999168,-8.660986,hedge ratio uses previous valid MTM alert_state; hedged_return = unhedged_return * (1 - hedge_ratio)
2020-03-28,2020,Bull market,watch,,,,,0.828201,0.810704,-36.64438,-37.98281,6.058869,5.388387,-9.999168,-8.660986,hedge ratio uses previous valid MTM alert_state; hedged_return = unhedged_return * (1 - hedge_ratio)
2020-03-29,2020,Bull market,watch,,,,,0.828201,0.810704,-36.64438,-37.98281,6.058869,5.388387,-9.999168,-8.660986,hedge ratio uses previous valid MTM alert_state; hedged_return = unhedged_return * (1 - hedge_ratio)
2020-03-30,2020,Bull market,watch,,,,,0.828201,0.810704,-36.64438,-37.98281,6.058869,5.388387,-9.999168,-8.660986,hedge ratio uses previous valid MTM alert_state; hedged_return = unhedged_return * (1 - hedge_ratio)
2020-03-31,2020,Bull market,watch,,,,,0.828201,0.810704,-36.64438,-37.98281,6.058869,5.388387,-9.999168,-8.660986,hedge ratio uses previous valid MTM alert_state; hedged_return = unhedged_return * (1 - hedge_ratio)
2020-04-01,2020,Bull market,watch,,,,,0.828201,0.810704,-36.64438,-37.98281,6.058869,5.388387,-9.999168,-8.660986,hedge ratio uses previous valid MTM alert_state; hedged_return = unhedged_return * (1 - hedge_ratio)
2020-04-02,2020,Bull market,watch,,,,,0.828201,0.810704,-36.64438,-37.98281,6.058869,5.388387,-9.999168,-8.660986,hedge ratio uses previous valid MTM alert_state; hedged_return = unhedged_return * (1 - hedge_ratio)
2020-04-03,2020,Bull market,stress,,,,,0.828201,0.810704,-36.64438,-37.98281,6.058869,5.388387,-9.999168,-8.660986,hedge ratio uses previous valid MTM alert_state; hedged_return = unhedged_return * (1 - hedge_ratio)
2020-04-04,2020,Bull market,stress,stress,0.25,-0.020029,-0.015022,0.828035,0.810582,-36.65707,-37.992126,5.874293,5.224236,-9.999168,-8.660986,hedge ratio uses previous valid MTM alert_state; hedged_return = unhedged_return * (1 - hedge_ratio)
2020-04-05,2020,Bull market,stress,stress,0.25,1.157019,0.867764,0.837615,0.817616,-35.92418,-37.454044,5.702386,5.069543,-9.999168,-8.660986,hedge ratio uses previous valid MTM alert_state; hedged_return = unhedged_return * (1 - hedge_ratio)
2020-04-06,2020,Bull market,stress,stress,0.25,2.722694,2.042021,0.860421,0.834312,-34.179591,-36.176843,5.568748,4.94049,-9.999168,-8.660986,hedge ratio uses previous valid MTM alert_state; hedged_return = unhedged_return * (1 - hedge_ratio)
2020-04-07,2020,Bull market,stress,stress,0.25,1.9793,1.484475,0.877451,0.846697,-32.876808,-35.229404,5.420826,4.803765,-9.999168,-8.660986,hedge ratio uses previous valid MTM alert_state; hedged_return = unhedged_return * (1 - hedge_ratio)
2020-04-08,2020,Bull market,stress,stress,0.25,-0.556558,-0.417418,0.872568,0.843163,-33.250387,-35.499768,5.257454,4.658545,-9.999168,-8.660986,hedge ratio uses previous valid MTM alert_state; hedged_return = unhedged_return * (1 - hedge_ratio)
2020-04-09,2020,Bull market,stress,stress,0.25,0.837729,0.628297,0.879877,0.848461,-32.691207,-35.094515,5.101419,4.519248,-9.999168,-8.660986,hedge ratio uses previous valid MTM alert_state; hedged_return = unhedged_return * (1 - hedge_ratio)
2020-04-10,2020,Bull market,stress,stress,0.25,-4.087856,-3.065892,0.843909,0.822448,-35.442693,-37.084447,5.046349,4.445466,-9.999168,-8.660986,hedge ratio uses previous valid MTM alert_state; hedged_return = unhedged_return * (1 - hedge_ratio)
2020-04-11,2020,Bull market,stress,stress,0.25,-0.132743,-0.099557,0.842789,0.821629,-35.528388,-37.147084,4.892725,4.310108,-9.999168,-8.660986,hedge ratio uses previous valid MTM alert_state; hedged_return = unhedged_return * (1 - hedge_ratio)
2020-04-12,2020,Bull market,stress,stress,0.25,0.983158,0.737369,0.851075,0.827687,-34.894531,-36.683627,4.749782,4.182707,-9.999168,-8.660986,hedge ratio uses previous valid MTM alert_state; hedged_return = unhedged_return * (1 - hedge_ratio)
2020-04-13,2020,Bull market,stress,stress,0.25,-2.740991,-2.055743,0.827747,0.810672,-36.679066,-37.985249,4.653771,4.086428,-9.999168,-8.660986,hedge ratio uses previous valid MTM alert_state; hedged_return = unhedged_return * (1 - hedge_ratio)
2020-04-14,2020,Bull market,stress,stress,0.25,3.354934,2.516201,0.855517,0.83107,-34.55469,-36.424833,4.586226,4.009593,-9.999168,-8.660986,hedge ratio uses previous valid MTM alert_state; hedged_return = unhedged_return * (1 - hedge_ratio)
2020-04-15,2020,Bull market,stress,stress,0.25,-1.525192,-1.143894,0.842469,0.821564,-35.552857,-37.152066,4.462178,3.89753,-9.999168,-8.660986,hedge ratio uses previous valid MTM alert_state; hedged_return = unhedged_return * (1 - hedge_ratio)
2020-04-16,2020,Bull market,stress,stress,0.25,3.282491,2.461868,0.870123,0.84179,-33.437385,-35.604833,4.400324,3.82661,-9.999168,-8.660986,hedge ratio uses previous valid MTM alert_state; hedged_return = unhedged_return * (1 - hedge_ratio)
2020-04-17,2020,Bull market,stress,stress,0.25,-1.521936,-1.141452,0.85688,0.832181,-34.450425,-36.339873,4.28253,3.720556,-9.999168,-7.499376,hedge ratio uses previous valid MTM alert_state; hedged_return = unhedged_return * (1 - hedge_ratio)
2020-04-18,2020,Bull market,stress,stress,0.25,1.176879,0.882659,0.866965,0.839526,-33.678986,-35.777971,4.162062,3.613687,-9.999168,-7.499376,hedge ratio uses previous valid MTM alert_state; hedged_return = unhedged_return * (1 - hedge_ratio)
2020-04-19,2020,Bull market,stress,stress,0.25,-1.17723,-0.882922,0.856759,0.832114,-34.459737,-36.345001,4.045559,3.510268,-9.999168,-7.499376,hedge ratio uses previous valid MTM alert_state; hedged_return = unhedged_return * (1 - hedge_ratio)
2020-04-20,2020,Bull market,stress,stress,0.25,0.285545,0.214159,0.859205,0.833896,-34.27259,-36.208679,3.922938,3.403735,-7.177766,-5.383324,hedge ratio uses previous valid MTM alert_state; hedged_return = unhedged_return * (1 - hedge_ratio)
2020-04-21,2020,Bull market,watch,stress,0.25,-0.88586,-0.664395,0.851594,0.828356,-34.854843,-36.632505,3.809615,3.304054,-3.481767,-2.611325,hedge ratio uses previous valid MTM alert_state; hedged_return = unhedged_return * (1 - hedge_ratio)
2020-04-22,2020,Bull market,watch,watch,0,2.39638,2.39638,0.872001,0.848206,-33.293718,-35.113979,3.739911,3.256736,-3.481767,-2.611325,hedge ratio uses previous valid MTM alert_state; hedged_return = unhedged_return * (1 - hedge_ratio)
2020-04-23,2020,Bull market,watch,watch,0,0.791482,0.791482,0.878903,0.85492,-32.765749,-34.600418,3.631157,3.163469,-3.481767,-2.611325,hedge ratio uses previous valid MTM alert_state; hedged_return = unhedged_return * (1 - hedge_ratio)
2020-04-24,2020,Bull market,watch,,,,,0.878903,0.85492,-32.765749,-34.600418,3.631157,3.163469,-2.675362,-2.006521,hedge ratio uses previous valid MTM alert_state; hedged_return = unhedged_return * (1 - hedge_ratio)
2020-04-25,2020,Bull market,watch,,,,,0.878903,0.85492,-32.765749,-34.600418,3.631157,3.163469,-2.675362,-2.006521,hedge ratio uses previous valid MTM alert_state; hedged_return = unhedged_return * (1 - hedge_ratio)
2020-04-26,2020,Bull market,watch,,,,,0.878903,0.85492,-32.765749,-34.600418,3.631157,3.163469,-2.675362,-2.006521,hedge ratio uses previous valid MTM alert_state; hedged_return = unhedged_return * (1 - hedge_ratio)
2020-04-27,2020,Bull market,watch,,,,,0.878903,0.85492,-32.765749,-34.600418,3.631157,3.163469,-2.675362,-2.006521,hedge ratio uses previous valid MTM alert_state; hedged_return = unhedged_return * (1 - hedge_ratio)
2020-04-28,2020,Bull market,watch,,,,,0.878903,0.85492,-32.765749,-34.600418,3.631157,3.163469,-2.675362,-2.006521,hedge ratio uses previous valid MTM alert_state; hedged_return = unhedged_return * (1 - hedge_ratio)
2020-04-29,2020,Bull market,watch,,,,,0.878903,0.85492,-32.765749,-34.600418,3.631157,3.163469,-2.675362,-2.006521,hedge ratio uses previous valid MTM alert_state; hedged_return = unhedged_return * (1 - hedge_ratio)
2020-04-30,2020,Bull market,watch,,,,,0.878903,0.85492,-32.765749,-34.600418,3.631157,3.163469,-2.675362,-2.006521,hedge ratio uses previous valid MTM alert_state; hedged_return = unhedged_return * (1 - hedge_ratio)
2020-05-01,2020,Bull market,watch,,,,,0.878903,0.85492,-32.765749,-34.600418,3.631157,3.163469,-2.675362,-2.006521,hedge ratio uses previous valid MTM alert_state; hedged_return = unhedged_return * (1 - hedge_ratio)
2020-05-02,2020,Bull market,watch,,,,,0.878903,0.85492,-32.765749,-34.600418,3.631157,3.163469,-2.675362,-2.006521,hedge ratio uses previous valid MTM alert_state; hedged_return = unhedged_return * (1 - hedge_ratio)
2020-05-03,2020,Bull market,watch,,,,,0.878903,0.85492,-32.765749,-34.600418,3.631157,3.163469,-2.675362,-2.006521,hedge ratio uses previous valid MTM alert_state; hedged_return = unhedged_return * (1 - hedge_ratio)
2020-05-04,2020,Bull market,watch,,,,,0.878903,0.85492,-32.765749,-34.600418,3.631157,3.163469,-2.675362,-2.006521,hedge ratio uses previous valid MTM alert_state; hedged_return = unhedged_return * (1 - hedge_ratio)
2020-05-05,2020,Bull market,watch,,,,,0.878903,0.85492,-32.765749,-34.600418,3.631157,3.163469,-2.675362,-2.006521,hedge ratio uses previous valid MTM alert_state; hedged_return = unhedged_return * (1 - hedge_ratio)
2020-05-06,2020,Bull market,watch,,,,,0.878903,0.85492,-32.765749,-34.600418,3.631157,3.163469,-2.675362,-2.006521,hedge ratio uses previous valid MTM alert_state; hedged_return = unhedged_return * (1 - hedge_ratio)
2020-05-07,2020,Bull market,watch,,,,,0.878903,0.85492,-32.765749,-34.600418,3.631157,3.163469,-2.675362,-2.006521,hedge ratio uses previous valid MTM alert_state; hedged_return = unhedged_return * (1 - hedge_ratio)
2020-05-08,2020,Bull market,watch,,,,,0.878903,0.85492,-32.765749,-34.600418,3.631157,3.163469,-2.675362,-2.006521,hedge ratio uses previous valid MTM alert_state; hedged_return = unhedged_return * (1 - hedge_ratio)
2020-05-09,2020,Bull market,watch,watch,0,-0.120184,-0.120184,0.877847,0.853892,-32.846554,-34.679018,3.520661,3.067238,-2.675362,-2.006521,hedge ratio uses previous valid MTM alert_state; hedged_return = unhedged_return * (1 - hedge_ratio)
2020-05-10,2020,Bull market,watch,watch,0,-8.565766,-8.565766,0.802652,0.78075,-38.598761,-40.27426,4.006706,3.63948,-2.675362,-2.006521,hedge ratio uses previous valid MTM alert_state; hedged_return = unhedged_return * (1 - hedge_ratio)
2020-05-11,2020,Bull market,watch,watch,0,1.094109,1.094109,0.811434,0.789292,-37.926965,-39.620795,3.893879,3.538769,-3.481767,-2.611325,hedge ratio uses previous valid MTM alert_state; hedged_return = unhedged_return * (1 - hedge_ratio)
2020-05-12,2020,Bull market,watch,watch,0,-0.554133,-0.554133,0.806938,0.784918,-38.270932,-39.955376,3.777695,3.433648,-3.481767,-2.611325,hedge ratio uses previous valid MTM alert_state; hedged_return = unhedged_return * (1 - hedge_ratio)
2020-05-13,2020,Bull market,watch,watch,0,3.661912,3.661912,0.836487,0.813661,-36.010468,-37.756595,3.770848,3.44777,-3.481767,-2.611325,hedge ratio uses previous valid MTM alert_state; hedged_return = unhedged_return * (1 - hedge_ratio)
2020-05-14,2020,Bull market,watch,watch,0,5.545131,5.545131,0.882871,0.85878,-32.462164,-34.305117,3.900134,3.608157,-3.481767,-2.611325,hedge ratio uses previous valid MTM alert_state; hedged_return = unhedged_return * (1 - hedge_ratio)
2020-05-15,2020,Bull market,watch,watch,0,-2.746731,-2.746731,0.858621,0.835192,-34.317247,-36.109579,3.84071,3.562351,-3.481767,-2.611325,hedge ratio uses previous valid MTM alert_state; hedged_return = unhedged_return * (1 - hedge_ratio)
2020-05-16,2020,Bull market,watch,watch,0,-0.159421,-0.159421,0.857253,0.83386,-34.421959,-36.211433,3.723912,3.454048,-3.48435,-2.92227,hedge ratio uses previous valid MTM alert_state; hedged_return = unhedged_return * (1 - hedge_ratio)
2020-05-17,2020,Bull market,watch,watch,0,2.866704,2.866704,0.881827,0.857764,-32.542031,-34.382804,3.678117,3.421652,-3.48435,-2.92227,hedge ratio uses previous valid MTM alert_state; hedged_return = unhedged_return * (1 - hedge_ratio)
2020-05-18,2020,Bull market,watch,watch,0,-1.068009,-1.068009,0.872409,0.848603,-33.262488,-35.083601,3.57565,3.327714,-3.48435,-2.92227,hedge ratio uses previous valid MTM alert_state; hedged_return = unhedged_return * (1 - hedge_ratio)
2020-05-19,2020,Bull market,watch,watch,0,0.577963,0.577963,0.877452,0.853508,-32.87677,-34.708409,3.469611,3.229443,-3.48435,-2.92227,hedge ratio uses previous valid MTM alert_state; hedged_return = unhedged_return * (1 - hedge_ratio)
2020-05-20,2020,Bull market,watch,watch,0,1.784978,1.784978,0.893114,0.868743,-31.678635,-33.542968,3.392208,3.161441,-3.48435,-2.92227,hedge ratio uses previous valid MTM alert_state; hedged_return = unhedged_return * (1 - hedge_ratio)
2020-05-21,2020,Bull market,watch,watch,0,-4.093238,-4.093238,0.856557,0.833183,-34.475191,-36.263213,3.438303,3.22495,-3.48435,-2.92227,hedge ratio uses previous valid MTM alert_state; hedged_return = unhedged_return * (1 - hedge_ratio)
2020-05-22,2020,Bull market,watch,watch,0,-2.72229,-2.72229,0.833239,0.810502,-36.258966,-37.998313,3.399597,3.19702,-4.090816,-3.630932,hedge ratio uses previous valid MTM alert_state; hedged_return = unhedged_return * (1 - hedge_ratio)
2020-05-23,2020,Bull market,watch,watch,0,0.559087,0.559087,0.837897,0.815033,-35.902599,-37.651669,3.298876,3.10265,-4.090816,-3.630932,hedge ratio uses previous valid MTM alert_state; hedged_return = unhedged_return * (1 - hedge_ratio)
2020-05-24,2020,Bull market,watch,watch,0,-1.387994,-1.387994,0.826267,0.80372,-36.792267,-38.517061,3.216398,3.027283,-4.090816,-3.630932,hedge ratio uses previous valid MTM alert_state; hedged_return = unhedged_return * (1 - hedge_ratio)
2020-05-25,2020,Bull market,watch,watch,0,-1.850965,-1.850965,0.810973,0.788844,-37.96222,-39.655088,3.151201,2.969872,-4.090816,-3.630932,hedge ratio uses previous valid MTM alert_state; hedged_return = unhedged_return * (1 - hedge_ratio)
2020-05-26,2020,Bull market,watch,watch,0,-0.188907,-0.188907,0.809441,0.787354,-38.079413,-39.769084,3.055553,2.879769,-3.48731,-3.48731,hedge ratio uses previous valid MTM alert_state; hedged_return = unhedged_return * (1 - hedge_ratio)
2020-05-27,2020,Bull market,watch,watch,0,3.881123,3.881123,0.840857,0.817912,-35.676199,-37.431448,3.111271,2.949453,-3.48731,-3.48731,hedge ratio uses previous valid MTM alert_state; hedged_return = unhedged_return * (1 - hedge_ratio)
2020-05-28,2020,Bull market,watch,watch,0,3.19088,3.19088,0.867688,0.84401,-33.623704,-35.434961,3.116105,2.964493,-3.48731,-3.48731,hedge ratio uses previous valid MTM alert_state; hedged_return = unhedged_return * (1 - hedge_ratio)
2020-05-29,2020,Bull market,watch,,,,,0.867688,0.84401,-33.623704,-35.434961,3.116105,2.964493,-3.48731,-3.48731,hedge ratio uses previous valid MTM alert_state; hedged_return = unhedged_return * (1 - hedge_ratio)
2020-05-30,2020,Bull market,watch,,,,,0.867688,0.84401,-33.623704,-35.434961,3.116105,2.964493,-3.48731,-3.48731,hedge ratio uses previous valid MTM alert_state; hedged_return = unhedged_return * (1 - hedge_ratio)
2020-05-31,2020,Bull market,watch,,,,,0.867688,0.84401,-33.623704,-35.434961,3.116105,2.964493,-3.48731,-3.48731,hedge ratio uses previous valid MTM alert_state; hedged_return = unhedged_return * (1 - hedge_ratio)
2020-06-01,2020,Bull market,watch,,,,,0.867688,0.84401,-33.623704,-35.434961,3.116105,2.964493,-3.48731,-3.48731,hedge ratio uses previous valid MTM alert_state; hedged_return = unhedged_return * (1 - hedge_ratio)
2020-06-02,2020,Bull market,watch,,,,,0.867688,0.84401,-33.623704,-35.434961,3.116105,2.964493,-3.48731,-3.48731,hedge ratio uses previous valid MTM alert_state; hedged_return = unhedged_return * (1 - hedge_ratio)
2020-06-03,2020,Bull market,watch,,,,,0.867688,0.84401,-33.623704,-35.434961,3.116105,2.964493,-3.48731,-3.48731,hedge ratio uses previous valid MTM alert_state; hedged_return = unhedged_return * (1 - hedge_ratio)
2020-06-04,2020,Bull market,watch,,,,,0.867688,0.84401,-33.623704,-35.434961,3.116105,2.964493,-3.48731,-3.48731,hedge ratio uses previous valid MTM alert_state; hedged_return = unhedged_return * (1 - hedge_ratio)
2020-06-05,2020,Bull market,watch,,,,,0.867688,0.84401,-33.623704,-35.434961,3.116105,2.964493,-3.48731,-3.48731,hedge ratio uses previous valid MTM alert_state; hedged_return = unhedged_return * (1 - hedge_ratio)
2020-06-06,2020,Bull market,watch,watch,0,-0.197068,-0.197068,0.865978,0.842347,-33.75451,-35.562198,3.021562,2.874588,-3.48731,-3.48731,hedge ratio uses previous valid MTM alert_state; hedged_return = unhedged_return * (1 - hedge_ratio)
2020-06-07,2020,Bull market,watch,watch,0,-1.572351,-1.572351,0.852361,0.829102,-34.796122,-36.575386,2.954722,2.813503,-3.48731,-3.48731,hedge ratio uses previous valid MTM alert_state; hedged_return = unhedged_return * (1 - hedge_ratio)
2020-06-08,2020,Bull market,watch,watch,0,2.24499,2.24499,0.871497,0.847716,-33.332301,-35.15151,2.917012,2.78267,-3.48731,-3.48731,hedge ratio uses previous valid MTM alert_state; hedged_return = unhedged_return * (1 - hedge_ratio)
2020-06-09,2020,Bull market,watch,watch,0,0.503599,0.503599,0.875886,0.851985,-32.996564,-34.824934,2.830837,2.700717,-3.48731,-3.48731,hedge ratio uses previous valid MTM alert_state; hedged_return = unhedged_return * (1 - hedge_ratio)
2020-06-10,2020,Bull market,watch,watch,0,0.635375,0.635375,0.881451,0.857398,-32.57084,-34.410827,2.749007,2.623063,-3.48731,-3.48731,hedge ratio uses previous valid MTM alert_state; hedged_return = unhedged_return * (1 - hedge_ratio)
2020-06-11,2020,Bull market,watch,watch,0,-0.844961,-0.844961,0.874003,0.850153,-33.140591,-34.96503,2.673286,2.551563,-3.48731,-3.48731,hedge ratio uses previous valid MTM alert_state; hedged_return = unhedged_return * (1 - hedge_ratio)
2020-06-12,2020,Bull market,watch,watch,0,-1.515922,-1.515922,0.860754,0.837266,-34.154127,-35.95091,2.61831,2.501544,-3.48731,-3.48731,hedge ratio uses previous valid MTM alert_state; hedged_return = unhedged_return * (1 - hedge_ratio)
2020-06-13,2020,Bull market,watch,watch,0,-0.798502,-0.798502,0.853881,0.83058,-34.679908,-36.462343,2.54607,2.433211,-3.48731,-3.48731,hedge ratio uses previous valid MTM alert_state; hedged_return = unhedged_return * (1 - hedge_ratio)
2020-06-14,2020,Bull market,watch,watch,0,-0.254534,-0.254534,0.851707,0.828466,-34.84617,-36.624068,2.469294,2.35991,-3.48731,-3.48731,hedge ratio uses previous valid MTM alert_state; hedged_return = unhedged_return * (1 - hedge_ratio)
2020-06-15,2020,Bull market,watch,watch,0,-1.806046,-1.806046,0.836325,0.813504,-36.022878,-37.768667,2.4346,2.330393,-3.48731,-3.48731,hedge ratio uses previous valid MTM alert_state; hedged_return = unhedged_return * (1 - hedge_ratio)
2020-06-16,2020,Bull market,watch,watch,0,3.411375,3.411375,0.864855,0.841255,-33.840378,-35.645722,2.503974,2.40897,-3.48731,-3.48731,hedge ratio uses previous valid MTM alert_state; hedged_return = unhedged_return * (1 - hedge_ratio)
2020-06-17,2020,Bull market,watch,watch,0,-0.919393,-0.919393,0.856904,0.833521,-34.448645,-36.237391,2.438116,2.346415,-3.48731,-3.48731,hedge ratio uses previous valid MTM alert_state; hedged_return = unhedged_return * (1 - hedge_ratio)
2020-06-18,2020,Bull market,watch,watch,0,-0.173085,-0.173085,0.855421,0.832078,-34.562105,-36.347755,2.364222,2.275329,-2.735733,-2.735733,hedge ratio uses previous valid MTM alert_state; hedged_return = unhedged_return * (1 - hedge_ratio)
2020-06-19,2020,Bull market,watch,watch,0,-0.637635,-0.637635,0.849966,0.826772,-34.97936,-36.753624,2.297513,2.211536,-2.735733,-2.735733,hedge ratio uses previous valid MTM alert_state; hedged_return = unhedged_return * (1 - hedge_ratio)
2020-06-20,2020,Bull market,watch,watch,0,-0.94212,-0.94212,0.841958,0.818983,-35.591932,-37.34948,2.239444,2.156546,-2.735733,-2.735733,hedge ratio uses previous valid MTM alert_state; hedged_return = unhedged_return * (1 - hedge_ratio)
2020-06-21,2020,Bull market,watch,watch,0,0.808582,0.808582,0.848766,0.825605,-35.07114,-36.8429,2.180236,2.100209,-2.735733,-2.735733,hedge ratio uses previous valid MTM alert_state; hedged_return = unhedged_return * (1 - hedge_ratio)
2020-06-22,2020,Bull market,watch,watch,0,1.270133,1.270133,0.859547,0.836092,-34.246457,-36.04072,2.13659,2.059859,-2.735733,-2.735733,hedge ratio uses previous valid MTM alert_state; hedged_return = unhedged_return * (1 - hedge_ratio)
2020-06-23,2020,Bull market,watch,watch,0,1.717162,1.717162,0.874307,0.850449,-33.117362,-34.942436,2.113773,2.040921,-2.330194,-2.330194,hedge ratio uses previous valid MTM alert_state; hedged_return = unhedged_return * (1 - hedge_ratio)
2020-06-24,2020,Bull market,watch,watch,0,-2.885731,-2.885731,0.849076,0.825907,-35.047415,-36.819822,2.167856,2.10121,-2.330194,-2.330194,hedge ratio uses previous valid MTM alert_state; hedged_return = unhedged_return * (1 - hedge_ratio)
2020-06-25,2020,Bull market,watch,watch,0,-1.305479,-1.305479,0.837992,0.815125,-35.895358,-37.644626,2.126001,2.062143,-2.812183,-2.812183,hedge ratio uses previous valid MTM alert_state; hedged_return = unhedged_return * (1 - hedge_ratio)
2020-06-26,2020,Bull market,watch,,,,,0.837992,0.815125,-35.895358,-37.644626,2.126001,2.062143,-2.812183,-2.812183,hedge ratio uses previous valid MTM alert_state; hedged_return = unhedged_return * (1 - hedge_ratio)
2020-06-27,2020,Bull market,watch,,,,,0.837992,0.815125,-35.895358,-37.644626,2.126001,2.062143,-2.812183,-2.812183,hedge ratio uses previous valid MTM alert_state; hedged_return = unhedged_return * (1 - hedge_ratio)
2020-06-28,2020,Bull market,watch,,,,,0.837992,0.815125,-35.895358,-37.644626,2.126001,2.062143,-2.812183,-2.812183,hedge ratio uses previous valid MTM alert_state; hedged_return = unhedged_return * (1 - hedge_ratio)
2020-06-29,2020,Bull market,watch,,,,,0.837992,0.815125,-35.895358,-37.644626,2.126001,2.062143,-2.812183,-2.812183,hedge ratio uses previous valid MTM alert_state; hedged_return = unhedged_return * (1 - hedge_ratio)
2020-06-30,2020,Bull market,watch,,,,,0.837992,0.815125,-35.895358,-37.644626,2.126001,2.062143,-2.812183,-2.812183,hedge ratio uses previous valid MTM alert_state; hedged_return = unhedged_return * (1 - hedge_ratio)
2020-07-01,2020,Bull market,watch,,,,,0.837992,0.815125,-35.895358,-37.644626,2.126001,2.062143,-2.812183,-2.812183,hedge ratio uses previous valid MTM alert_state; hedged_return = unhedged_return * (1 - hedge_ratio)
2020-07-02,2020,Bull market,watch,,,,,0.837992,0.815125,-35.895358,-37.644626,2.126001,2.062143,-2.812183,-2.812183,hedge ratio uses previous valid MTM alert_state; hedged_return = unhedged_return * (1 - hedge_ratio)
2020-07-03,2020,Bull market,watch,,,,,0.837992,0.815125,-35.895358,-37.644626,2.126001,2.062143,-2.812183,-2.812183,hedge ratio uses previous valid MTM alert_state; hedged_return = unhedged_return * (1 - hedge_ratio)
2020-07-04,2020,Bull market,watch,watch,0,-0.154508,-0.154508,0.836697,0.813866,-35.994404,-37.74097,2.061582,1.99968,-2.812183,-2.812183,hedge ratio uses previous valid MTM alert_state; hedged_return = unhedged_return * (1 - hedge_ratio)
2020-07-05,2020,Bull market,watch,watch,0,-0.798414,-0.798414,0.830017,0.807368,-36.505434,-38.238055,2.008323,1.948601,-2.812183,-2.812183,hedge ratio uses previous valid MTM alert_state; hedged_return = unhedged_return * (1 - hedge_ratio)
2020-07-06,2020,Bull market,watch,watch,0,2.734942,2.734942,0.852717,0.829449,-34.768894,-36.548902,2.059163,2.004499,-2.812183,-2.812183,hedge ratio uses previous valid MTM alert_state; hedged_return = unhedged_return * (1 - hedge_ratio)
2020-07-07,2020,Bull market,watch,watch,0,0.0162,0.0162,0.852855,0.829583,-34.758327,-36.538623,1.996437,1.943438,-2.330194,-2.330194,hedge ratio uses previous valid MTM alert_state; hedged_return = unhedged_return * (1 - hedge_ratio)
2020-07-08,2020,Bull market,watch,watch,0,2.229901,2.229901,0.871873,0.848082,-33.303502,-35.123497,2.011209,1.961806,-1.830751,-1.830751,hedge ratio uses previous valid MTM alert_state; hedged_return = unhedged_return * (1 - hedge_ratio)
2020-07-09,2020,Bull market,watch,watch,0,-0.611379,-0.611379,0.866543,0.842897,-33.711271,-35.520138,1.955682,1.907928,-1.830751,-1.830751,hedge ratio uses previous valid MTM alert_state; hedged_return = unhedged_return * (1 - hedge_ratio)
2020-07-10,2020,Bull market,watch,watch,0,-2.559396,-2.559396,0.844365,0.821324,-35.407862,-37.170433,1.997058,1.953153,-1.830751,-1.830751,hedge ratio uses previous valid MTM alert_state; hedged_return = unhedged_return * (1 - hedge_ratio)
2020-07-11,2020,Bull market,watch,watch,0,0.539363,0.539363,0.848919,0.825754,-35.059476,-36.831554,1.940722,1.898255,-2.220388,-2.220388,hedge ratio uses previous valid MTM alert_state; hedged_return = unhedged_return * (1 - hedge_ratio)
2020-07-12,2020,Bull market,watch,watch,0,-0.157148,-0.157148,0.847585,0.824456,-35.161528,-36.930822,1.881993,1.840829,-2.220388,-2.220388,hedge ratio uses previous valid MTM alert_state; hedged_return = unhedged_return * (1 - hedge_ratio)
2020-07-13,2020,Bull market,watch,watch,0,1.27193,1.27193,0.858365,0.834943,-34.336828,-36.128626,1.851068,1.81174,-2.220388,-2.220388,hedge ratio uses previous valid MTM alert_state; hedged_return = unhedged_return * (1 - hedge_ratio)
2020-07-14,2020,Bull market,watch,watch,0,-1.127682,-1.127682,0.848686,0.825527,-35.0773,-36.848892,1.81581,1.778133,-2.220388,-2.220388,hedge ratio uses previous valid MTM alert_state; hedged_return = unhedged_return * (1 - hedge_ratio)
2020-07-15,2020,Bull market,watch,watch,0,0.229371,0.229371,0.850632,0.827421,-34.928386,-36.704041,1.761389,1.72488,-2.220388,-2.220388,hedge ratio uses previous valid MTM alert_state; hedged_return = unhedged_return * (1 - hedge_ratio)
2020-07-16,2020,Bull market,watch,watch,0,-1.539713,-1.539713,0.837535,0.814681,-35.930302,-37.678617,1.748881,1.714334,-2.220388,-2.220388,hedge ratio uses previous valid MTM alert_state; hedged_return = unhedged_return * (1 - hedge_ratio)
2020-07-17,2020,Bull market,watch,watch,0,0.707619,0.707619,0.843462,0.820446,-35.476933,-37.23762,1.70444,1.671121,-2.220388,-2.220388,hedge ratio uses previous valid MTM alert_state; hedged_return = unhedged_return * (1 - hedge_ratio)
2020-07-18,2020,Bull market,watch,watch,0,0.087351,0.087351,0.844198,0.821162,-35.420572,-37.182796,1.652654,1.620354,-2.220388,-2.220388,hedge ratio uses previous valid MTM alert_state; hedged_return = unhedged_return * (1 - hedge_ratio)
2020-07-19,2020,Bull market,watch,watch,0,-0.321001,-0.321001,0.841489,0.818526,-35.627872,-37.38444,1.604236,1.572958,-2.220388,-2.220388,hedge ratio uses previous valid MTM alert_state; hedged_return = unhedged_return * (1 - hedge_ratio)
2020-07-20,2020,Bull market,watch,watch,0,0.241794,0.241794,0.843523,0.820505,-35.472224,-37.233039,1.556491,1.526189,-2.220388,-2.220388,hedge ratio uses previous valid MTM alert_state; hedged_return = unhedged_return * (1 - hedge_ratio)
2020-07-21,2020,Bull market,watch,watch,0,2.799247,2.799247,0.867136,0.843473,-33.665932,-35.476037,1.657544,1.630841,-2.220388,-2.220388,hedge ratio uses previous valid MTM alert_state; hedged_return = unhedged_return * (1 - hedge_ratio)
2020-07-22,2020,Bull market,watch,watch,0,-0.697748,-0.697748,0.861085,0.837588,-34.128777,-35.926252,1.616112,1.59037,-2.220388,-2.220388,hedge ratio uses previous valid MTM alert_state; hedged_return = unhedged_return * (1 - hedge_ratio)
2020-07-23,2020,Bull market,watch,watch,0,1.803972,1.803972,0.876619,0.852698,-32.940479,-34.770379,1.627995,1.603988,-2.220388,-2.220388,hedge ratio uses previous valid MTM alert_state; hedged_return = unhedged_return * (1 - hedge_ratio)
2020-07-24,2020,Bull market,watch,watch,0,-0.285994,-0.285994,0.874112,0.850259,-33.132265,-34.956932,1.579953,1.556701,-2.100539,-2.100539,hedge ratio uses previous valid MTM alert_state; hedged_return = unhedged_return * (1 - hedge_ratio)
2020-07-25,2020,Bull market,watch,watch,0,0.678646,0.678646,0.880044,0.85603,-32.67847,-34.51552,1.540815,1.518405,-2.100539,-2.100539,hedge ratio uses previous valid MTM alert_state; hedged_return = unhedged_return * (1 - hedge_ratio)
2020-07-26,2020,Bull market,watch,watch,0,1.972814,1.972814,0.897406,0.872917,-31.350341,-33.223633,1.57009,1.549432,-2.100539,-2.100539,hedge ratio uses previous valid MTM alert_state; hedged_return = unhedged_return * (1 - hedge_ratio)
2020-07-27,2020,Bull market,watch,watch,0,1.07093,1.07093,0.907016,0.882266,-30.615151,-32.508505,1.544696,1.524962,-2.100539,-2.100539,hedge ratio uses previous valid MTM alert_state; hedged_return = unhedged_return * (1 - hedge_ratio)
2020-07-28,2020,Bull market,watch,watch,0,1.716829,1.716829,0.922588,0.897413,-29.423932,-31.349791,1.555561,1.53715,-2.100539,-2.100539,hedge ratio uses previous valid MTM alert_state; hedged_return = unhedged_return * (1 - hedge_ratio)
2020-07-29,2020,Bull market,watch,watch,0,0.070692,0.070692,0.92324,0.898047,-29.37404,-31.301261,1.508272,1.490422,-2.100539,-2.100539,hedge ratio uses previous valid MTM alert_state; hedged_return = unhedged_return * (1 - hedge_ratio)
2020-07-30,2020,Bull market,watch,watch,0,-0.284231,-0.284231,0.920616,0.895495,-29.574781,-31.496524,1.46398,1.446694,-2.100539,-2.100539,hedge ratio uses previous valid MTM alert_state; hedged_return = unhedged_return * (1 - hedge_ratio)
2020-07-31,2020,Bull market,watch,,,,,0.920616,0.895495,-29.574781,-31.496524,1.46398,1.446694,-2.100539,-2.100539,hedge ratio uses previous valid MTM alert_state; hedged_return = unhedged_return * (1 - hedge_ratio)
2020-08-01,2020,Bull market,watch,,,,,0.920616,0.895495,-29.574781,-31.496524,1.46398,1.446694,-2.100539,-2.100539,hedge ratio uses previous valid MTM alert_state; hedged_return = unhedged_return * (1 - hedge_ratio)
2020-08-02,2020,Bull market,watch,,,,,0.920616,0.895495,-29.574781,-31.496524,1.46398,1.446694,-2.100539,-2.100539,hedge ratio uses previous valid MTM alert_state; hedged_return = unhedged_return * (1 - hedge_ratio)
2020-08-03,2020,Bull market,watch,,,,,0.920616,0.895495,-29.574781,-31.496524,1.46398,1.446694,-2.100539,-2.100539,hedge ratio uses previous valid MTM alert_state; hedged_return = unhedged_return * (1 - hedge_ratio)
2020-08-04,2020,Bull market,watch,,,,,0.920616,0.895495,-29.574781,-31.496524,1.46398,1.446694,-2.100539,-2.100539,hedge ratio uses previous valid MTM alert_state; hedged_return = unhedged_return * (1 - hedge_ratio)
2020-08-05,2020,Bull market,watch,,,,,0.920616,0.895495,-29.574781,-31.496524,1.46398,1.446694,-2.100539,-2.100539,hedge ratio uses previous valid MTM alert_state; hedged_return = unhedged_return * (1 - hedge_ratio)
2020-08-06,2020,Bull market,watch,,,,,0.920616,0.895495,-29.574781,-31.496524,1.46398,1.446694,-2.100539,-2.100539,hedge ratio uses previous valid MTM alert_state; hedged_return = unhedged_return * (1 - hedge_ratio)
2020-08-07,2020,Bull market,normal,,,,,0.920616,0.895495,-29.574781,-31.496524,1.46398,1.446694,-2.100539,-2.100539,hedge ratio uses previous valid MTM alert_state; hedged_return = unhedged_return * (1 - hedge_ratio)
2020-08-08,2020,Bull market,normal,normal,0,0.630628,0.630628,0.926422,0.901142,-29.13066,-31.064522,1.427763,1.411103,-2.100539,-2.100539,hedge ratio uses previous valid MTM alert_state; hedged_return = unhedged_return * (1 - hedge_ratio)
2020-08-09,2020,Bull market,normal,normal,0,-0.44118,-0.44118,0.922335,0.897166,-29.443321,-31.368651,1.388479,1.372376,-2.100539,-2.100539,hedge ratio uses previous valid MTM alert_state; hedged_return = unhedged_return * (1 - hedge_ratio)
2020-08-10,2020,Bull market,normal,normal,0,1.651652,1.651652,0.937568,0.911984,-28.277971,-30.2351,1.40566,1.390715,-1.434308,-1.434308,hedge ratio uses previous valid MTM alert_state; hedged_return = unhedged_return * (1 - hedge_ratio)
2020-08-11,2020,Bull market,normal,normal,0,-1.02585,-1.02585,0.92795,0.902629,-29.013731,-30.950783,1.38581,1.371563,-1.354299,-1.354299,hedge ratio uses previous valid MTM alert_state; hedged_return = unhedged_return * (1 - hedge_ratio)
2020-08-12,2020,Bull market,normal,normal,0,-0.280589,-0.280589,0.925347,0.900096,-29.212911,-31.144528,1.345349,1.331555,-1.354299,-1.354299,hedge ratio uses previous valid MTM alert_state; hedged_return = unhedged_return * (1 - hedge_ratio)
2020-08-13,2020,Bull market,normal,normal,0,-0.333705,-0.333705,0.922259,0.897092,-29.449131,-31.374302,1.306923,1.293575,-1.354299,-1.354299,hedge ratio uses previous valid MTM alert_state; hedged_return = unhedged_return * (1 - hedge_ratio)
2020-08-14,2020,Bull market,normal,normal,0,0.152439,0.152439,0.923664,0.89846,-29.341584,-31.26969,1.267659,1.254724,-1.354299,-1.354299,hedge ratio uses previous valid MTM alert_state; hedged_return = unhedged_return * (1 - hedge_ratio)
2020-08-15,2020,Bull market,normal,normal,0,0.306849,0.306849,0.926499,0.901217,-29.124769,-31.058792,1.231337,1.218819,-1.354299,-1.354299,hedge ratio uses previous valid MTM alert_state; hedged_return = unhedged_return * (1 - hedge_ratio)
2020-08-16,2020,Bull market,normal,normal,0,0.433256,0.433256,0.930513,0.905121,-28.817698,-30.7601,1.198533,1.186445,-1.354299,-1.354299,hedge ratio uses previous valid MTM alert_state; hedged_return = unhedged_return * (1 - hedge_ratio)
2020-08-17,2020,Bull market,normal,normal,0,1.617824,1.617824,0.945567,0.919765,-27.666094,-29.63992,1.227735,1.216649,-1.354299,-1.354299,hedge ratio uses previous valid MTM alert_state; hedged_return = unhedged_return * (1 - hedge_ratio)
2020-08-18,2020,Bull market,normal,normal,0,0.095041,0.095041,0.946466,0.920639,-27.597347,-29.573049,1.190561,1.179815,-1.081858,-1.081858,hedge ratio uses previous valid MTM alert_state; hedged_return = unhedged_return * (1 - hedge_ratio)
2020-08-19,2020,Bull market,normal,normal,0,-0.491573,-0.491573,0.941813,0.916113,-27.953259,-29.919249,1.160555,1.150193,-1.081858,-1.081858,hedge ratio uses previous valid MTM alert_state; hedged_return = unhedged_return * (1 - hedge_ratio)
2020-08-20,2020,Bull market,normal,normal,0,0.169174,0.169174,0.943406,0.917663,-27.831374,-29.80069,1.125963,1.115923,-1.081858,-1.081858,hedge ratio uses previous valid MTM alert_state; hedged_return = unhedged_return * (1 - hedge_ratio)
2020-08-21,2020,Bull market,normal,normal,0,-2.014877,-2.014877,0.924398,0.899173,-29.285483,-31.21512,1.198044,1.189181,-1.081858,-1.081858,hedge ratio uses previous valid MTM alert_state; hedged_return = unhedged_return * (1 - hedge_ratio)
2020-08-22,2020,Bull market,normal,normal,0,-0.31028,-0.31028,0.92153,0.896383,-29.504896,-31.428546,1.16403,1.155456,-1.308475,-1.308475,hedge ratio uses previous valid MTM alert_state; hedged_return = unhedged_return * (1 - hedge_ratio)
2020-08-23,2020,Bull market,normal,normal,0,-0.111977,-0.111977,0.920498,0.895379,-29.583835,-31.50533,1.128903,1.120592,-1.308475,-1.308475,hedge ratio uses previous valid MTM alert_state; hedged_return = unhedged_return * (1 - hedge_ratio)
2020-08-24,2020,Bull market,normal,normal,0,1.206392,1.206392,0.931603,0.906181,-28.73434,-30.679016,1.133701,1.125924,-0.878204,-0.878204,hedge ratio uses previous valid MTM alert_state; hedged_return = unhedged_return * (1 - hedge_ratio)
2020-08-25,2020,Bull market,normal,normal,0,-2.173168,-2.173168,0.911357,0.886488,-30.283062,-32.185477,1.221279,1.214497,-0.878204,-0.878204,hedge ratio uses previous valid MTM alert_state; hedged_return = unhedged_return * (1 - hedge_ratio)
2020-08-26,2020,Bull market,normal,normal,0,0.128081,0.128081,0.912525,0.887624,-30.193768,-32.09862,1.184489,1.177916,-1.569815,-1.569815,hedge ratio uses previous valid MTM alert_state; hedged_return = unhedged_return * (1 - hedge_ratio)
2020-08-27,2020,Bull market,normal,normal,0,0.001846,0.001846,0.912541,0.88764,-30.192479,-32.097366,1.148405,1.142032,-1.569815,-1.569815,hedge ratio uses previous valid MTM alert_state; hedged_return = unhedged_return * (1 - hedge_ratio)
2020-08-28,2020,Bull market,normal,,,,,0.912541,0.88764,-30.192479,-32.097366,1.148405,1.142032,-1.569815,-1.569815,hedge ratio uses previous valid MTM alert_state; hedged_return = unhedged_return * (1 - hedge_ratio)
2020-08-29,2020,Bull market,normal,,,,,0.912541,0.88764,-30.192479,-32.097366,1.148405,1.142032,-1.569815,-1.569815,hedge ratio uses previous valid MTM alert_state; hedged_return = unhedged_return * (1 - hedge_ratio)
2020-08-30,2020,Bull market,normal,,,,,0.912541,0.88764,-30.192479,-32.097366,1.148405,1.142032,-1.569815,-1.569815,hedge ratio uses previous valid MTM alert_state; hedged_return = unhedged_return * (1 - hedge_ratio)
2020-08-31,2020,Bull market,normal,,,,,0.912541,0.88764,-30.192479,-32.097366,1.148405,1.142032,-1.569815,-1.569815,hedge ratio uses previous valid MTM alert_state; hedged_return = unhedged_return * (1 - hedge_ratio)
2020-09-01,2020,Bull market,normal,,,,,0.912541,0.88764,-30.192479,-32.097366,1.148405,1.142032,-1.569815,-1.569815,hedge ratio uses previous valid MTM alert_state; hedged_return = unhedged_return * (1 - hedge_ratio)
2020-09-02,2020,Bull market,normal,,,,,0.912541,0.88764,-30.192479,-32.097366,1.148405,1.142032,-1.569815,-1.569815,hedge ratio uses previous valid MTM alert_state; hedged_return = unhedged_return * (1 - hedge_ratio)
2020-09-03,2020,Bull market,normal,,,,,0.912541,0.88764,-30.192479,-32.097366,1.148405,1.142032,-1.569815,-1.569815,hedge ratio uses previous valid MTM alert_state; hedged_return = unhedged_return * (1 - hedge_ratio)
2020-09-04,2020,Bull market,normal,,,,,0.912541,0.88764,-30.192479,-32.097366,1.148405,1.142032,-1.569815,-1.569815,hedge ratio uses previous valid MTM alert_state; hedged_return = unhedged_return * (1 - hedge_ratio)
2020-09-05,2020,Bull market,normal,normal,0,-0.557518,-0.557518,0.907454,0.882691,-30.581669,-32.475936,1.121763,1.115631,-1.569815,-1.569815,hedge ratio uses previous valid MTM alert_state; hedged_return = unhedged_return * (1 - hedge_ratio)
2020-09-06,2020,Bull market,normal,normal,0,-0.852598,-0.852598,0.899717,0.875166,-31.173528,-33.051645,1.10746,1.101622,-1.569815,-1.569815,hedge ratio uses previous valid MTM alert_state; hedged_return = unhedged_return * (1 - hedge_ratio)
2020-09-07,2020,Bull market,normal,normal,0,-1.152535,-1.152535,0.889347,0.865079,-31.966777,-33.823248,1.110216,1.104743,-1.569815,-1.569815,hedge ratio uses previous valid MTM alert_state; hedged_return = unhedged_return * (1 - hedge_ratio)
2020-09-08,2020,Bull market,watch,normal,0,-0.924558,-0.924558,0.881125,0.857081,-32.595784,-34.43509,1.099961,1.094768,-1.626823,-1.626823,hedge ratio uses previous valid MTM alert_state; hedged_return = unhedged_return * (1 - hedge_ratio)
2020-09-09,2020,Bull market,watch,watch,0,2.635173,2.635173,0.904344,0.879666,-30.819566,-32.707342,1.246582,1.242278,-1.626823,-1.626823,hedge ratio uses previous valid MTM alert_state; hedged_return = unhedged_return * (1 - hedge_ratio)
2020-09-10,2020,Bull market,watch,watch,0,2.598753,2.598753,0.927846,0.902527,-29.021738,-30.958572,1.365994,1.362303,-1.626823,-1.626823,hedge ratio uses previous valid MTM alert_state; hedged_return = unhedged_return * (1 - hedge_ratio)
2020-09-11,2020,Bull market,watch,watch,0,-2.747254,-2.747254,0.902355,0.877732,-30.971691,-32.855315,1.48554,1.48235,-1.626823,-1.626823,hedge ratio uses previous valid MTM alert_state; hedged_return = unhedged_return * (1 - hedge_ratio)
2020-09-12,2020,Bull market,watch,watch,0,0.455014,0.455014,0.906461,0.881726,-30.657602,-32.549797,1.44459,1.441507,-2.101937,-2.101937,hedge ratio uses previous valid MTM alert_state; hedged_return = unhedged_return * (1 - hedge_ratio)
2020-09-13,2020,Bull market,watch,watch,0,0.33252,0.33252,0.909475,0.884658,-30.427025,-32.325512,1.402948,1.399964,-2.101937,-2.101937,hedge ratio uses previous valid MTM alert_state; hedged_return = unhedged_return * (1 - hedge_ratio)
2020-09-14,2020,Bull market,watch,watch,0,3.267739,3.267739,0.939195,0.913566,-28.153562,-30.114086,1.578244,1.575752,-2.101937,-2.101937,hedge ratio uses previous valid MTM alert_state; hedged_return = unhedged_return * (1 - hedge_ratio)
2020-09-15,2020,Bull market,watch,watch,0,1.030597,1.030597,0.948874,0.922981,-27.413115,-29.393844,1.550849,1.548464,-2.101937,-2.101937,hedge ratio uses previous valid MTM alert_state; hedged_return = unhedged_return * (1 - hedge_ratio)
2020-09-16,2020,Bull market,watch,watch,0,1.149506,1.149506,0.959781,0.933591,-26.578724,-28.582222,1.52974,1.527468,-2.101937,-2.101937,hedge ratio uses previous valid MTM alert_state; hedged_return = unhedged_return * (1 - hedge_ratio)
2020-09-17,2020,Bull market,watch,watch,0,-0.435616,-0.435616,0.9556,0.929524,-26.898559,-28.893329,1.486972,1.484774,-2.101937,-2.101937,hedge ratio uses previous valid MTM alert_state; hedged_return = unhedged_return * (1 - hedge_ratio)
2020-09-18,2020,Bull market,watch,watch,0,0.870666,0.870666,0.96392,0.937617,-26.262089,-28.274228,1.457362,1.455254,-2.101937,-2.101937,hedge ratio uses previous valid MTM alert_state; hedged_return = unhedged_return * (1 - hedge_ratio)
2020-09-19,2020,Bull market,watch,watch,0,1.520785,1.520785,0.97858,0.951876,-25.140694,-27.183433,1.461245,1.459269,-2.101937,-2.101937,hedge ratio uses previous valid MTM alert_state; hedged_return = unhedged_return * (1 - hedge_ratio)
2020-09-20,2020,Bull market,watch,watch,0,-1.927662,-1.927662,0.959716,0.933527,-26.583729,-28.58709,1.493344,1.491527,-2.101937,-2.101937,hedge ratio uses previous valid MTM alert_state; hedged_return = unhedged_return * (1 - hedge_ratio)
2020-09-21,2020,Bull market,watch,watch,0,-2.390595,-2.390595,0.936773,0.911211,-28.338814,-30.294284,1.561783,1.56015,-2.101937,-2.101937,hedge ratio uses previous valid MTM alert_state; hedged_return = unhedged_return * (1 - hedge_ratio)
2020-09-22,2020,Bull market,watch,watch,0,-1.078061,-1.078061,0.926674,0.901387,-29.111366,-31.045754,1.537059,1.535499,-2.292753,-2.292753,hedge ratio uses previous valid MTM alert_state; hedged_return = unhedged_return * (1 - hedge_ratio)
2020-09-23,2020,Bull market,watch,watch,0,0.243355,0.243355,0.928929,0.903581,-28.938855,-30.87795,1.491426,1.489915,-2.292753,-2.292753,hedge ratio uses previous valid MTM alert_state; hedged_return = unhedged_return * (1 - hedge_ratio)
2020-09-24,2020,Bull market,watch,watch,0,-0.940545,-0.940545,0.920192,0.895082,-29.607217,-31.528074,1.464229,1.462782,-2.292753,-2.292753,hedge ratio uses previous valid MTM alert_state; hedged_return = unhedged_return * (1 - hedge_ratio)
2020-09-25,2020,Bull market,watch,,,,,0.920192,0.895082,-29.607217,-31.528074,1.464229,1.462782,-2.292753,-2.292753,hedge ratio uses previous valid MTM alert_state; hedged_return = unhedged_return * (1 - hedge_ratio)
2020-09-26,2020,Bull market,watch,,,,,0.920192,0.895082,-29.607217,-31.528074,1.464229,1.462782,-2.292753,-2.292753,hedge ratio uses previous valid MTM alert_state; hedged_return = unhedged_return * (1 - hedge_ratio)
2020-09-27,2020,Bull market,watch,,,,,0.920192,0.895082,-29.607217,-31.528074,1.464229,1.462782,-2.292753,-2.292753,hedge ratio uses previous valid MTM alert_state; hedged_return = unhedged_return * (1 - hedge_ratio)
2020-09-28,2020,Bull market,watch,,,,,0.920192,0.895082,-29.607217,-31.528074,1.464229,1.462782,-2.292753,-2.292753,hedge ratio uses previous valid MTM alert_state; hedged_return = unhedged_return * (1 - hedge_ratio)
2020-09-29,2020,Bull market,watch,,,,,0.920192,0.895082,-29.607217,-31.528074,1.464229,1.462782,-2.292753,-2.292753,hedge ratio uses previous valid MTM alert_state; hedged_return = unhedged_return * (1 - hedge_ratio)
2020-09-30,2020,Bull market,watch,,,,,0.920192,0.895082,-29.607217,-31.528074,1.464229,1.462782,-2.292753,-2.292753,hedge ratio uses previous valid MTM alert_state; hedged_return = unhedged_return * (1 - hedge_ratio)
2020-10-01,2020,Bull market,watch,,,,,0.920192,0.895082,-29.607217,-31.528074,1.464229,1.462782,-2.292753,-2.292753,hedge ratio uses previous valid MTM alert_state; hedged_return = unhedged_return * (1 - hedge_ratio)
2020-10-02,2020,Bull market,watch,,,,,0.920192,0.895082,-29.607217,-31.528074,1.464229,1.462782,-2.292753,-2.292753,hedge ratio uses previous valid MTM alert_state; hedged_return = unhedged_return * (1 - hedge_ratio)
2020-10-03,2020,Bull market,watch,,,,,0.920192,0.895082,-29.607217,-31.528074,1.464229,1.462782,-2.292753,-2.292753,hedge ratio uses previous valid MTM alert_state; hedged_return = unhedged_return * (1 - hedge_ratio)
2020-10-04,2020,Bull market,watch,,,,,0.920192,0.895082,-29.607217,-31.528074,1.464229,1.462782,-2.292753,-2.292753,hedge ratio uses previous valid MTM alert_state; hedged_return = unhedged_return * (1 - hedge_ratio)
2020-10-05,2020,Bull market,watch,,,,,0.920192,0.895082,-29.607217,-31.528074,1.464229,1.462782,-2.292753,-2.292753,hedge ratio uses previous valid MTM alert_state; hedged_return = unhedged_return * (1 - hedge_ratio)
2020-10-06,2020,Bull market,watch,,,,,0.920192,0.895082,-29.607217,-31.528074,1.464229,1.462782,-2.292753,-2.292753,hedge ratio uses previous valid MTM alert_state; hedged_return = unhedged_return * (1 - hedge_ratio)
2020-10-07,2020,Bull market,watch,,,,,0.920192,0.895082,-29.607217,-31.528074,1.464229,1.462782,-2.292753,-2.292753,hedge ratio uses previous valid MTM alert_state; hedged_return = unhedged_return * (1 - hedge_ratio)
2020-10-08,2020,Bull market,watch,,,,,0.920192,0.895082,-29.607217,-31.528074,1.464229,1.462782,-2.292753,-2.292753,hedge ratio uses previous valid MTM alert_state; hedged_return = unhedged_return * (1 - hedge_ratio)
2020-10-09,2020,Bull market,watch,,,,,0.920192,0.895082,-29.607217,-31.528074,1.464229,1.462782,-2.292753,-2.292753,hedge ratio uses previous valid MTM alert_state; hedged_return = unhedged_return * (1 - hedge_ratio)
2020-10-10,2020,Bull market,watch,watch,0,0.990323,0.990323,0.929305,0.903946,-28.910101,-30.849981,1.440199,1.438816,-2.292753,-2.292753,hedge ratio uses previous valid MTM alert_state; hedged_return = unhedged_return * (1 - hedge_ratio)
2020-10-11,2020,Bull market,watch,watch,0,-0.184972,-0.184972,0.927586,0.902274,-29.041597,-30.977889,1.39706,1.39572,-2.292753,-2.292753,hedge ratio uses previous valid MTM alert_state; hedged_return = unhedged_return * (1 - hedge_ratio)
2020-10-12,2020,Bull market,watch,watch,0,0.684956,0.684956,0.93394,0.908454,-28.555563,-30.505118,1.364851,1.363562,-2.292753,-2.292753,hedge ratio uses previous valid MTM alert_state; hedged_return = unhedged_return * (1 - hedge_ratio)
2020-10-13,2020,Bull market,watch,watch,0,-0.246167,-0.246167,0.93164,0.906218,-28.731436,-30.676192,1.324646,1.323397,-2.292753,-2.292753,hedge ratio uses previous valid MTM alert_state; hedged_return = unhedged_return * (1 - hedge_ratio)
2020-10-14,2020,Bull market,watch,watch,0,0.052351,0.052351,0.932128,0.906693,-28.694126,-30.6399,1.284356,1.283145,-2.292753,-2.292753,hedge ratio uses previous valid MTM alert_state; hedged_return = unhedged_return * (1 - hedge_ratio)
2020-10-15,2020,Bull market,watch,watch,0,0.273853,0.273853,0.934681,0.909176,-28.498853,-30.449955,1.247034,1.245863,-2.292753,-2.292753,hedge ratio uses previous valid MTM alert_state; hedged_return = unhedged_return * (1 - hedge_ratio)
2020-10-16,2020,Bull market,watch,watch,0,3.131234,3.131234,0.963948,0.937644,-26.259985,-28.27218,1.431805,1.430846,-2.292753,-2.292753,hedge ratio uses previous valid MTM alert_state; hedged_return = unhedged_return * (1 - hedge_ratio)
2020-10-17,2020,Bull market,watch,watch,0,-0.253659,-0.253659,0.961503,0.935266,-26.447033,-28.454125,1.389577,1.388648,-2.292753,-2.292753,hedge ratio uses previous valid MTM alert_state; hedged_return = unhedged_return * (1 - hedge_ratio)
2020-10-18,2020,Bull market,watch,watch,0,0.982287,0.982287,0.970948,0.944453,-25.724532,-27.751339,1.368562,1.367675,-2.182275,-2.182275,hedge ratio uses previous valid MTM alert_state; hedged_return = unhedged_return * (1 - hedge_ratio)
2020-10-19,2020,Bull market,watch,watch,0,1.806293,1.806293,0.988486,0.961512,-24.382899,-26.446316,1.398694,1.397879,-2.182275,-2.182275,hedge ratio uses previous valid MTM alert_state; hedged_return = unhedged_return * (1 - hedge_ratio)
2020-10-20,2020,Bull market,watch,watch,0,1.699745,1.699745,1.005287,0.977855,-23.097601,-25.196091,1.41856,1.417804,-2.182275,-2.182275,hedge ratio uses previous valid MTM alert_state; hedged_return = unhedged_return * (1 - hedge_ratio)
2020-10-21,2020,Bull market,normal,watch,0,1.272539,1.272539,1.01808,0.990299,-22.118988,-24.244182,1.410225,1.40951,-2.182275,-2.182275,hedge ratio uses previous valid MTM alert_state; hedged_return = unhedged_return * (1 - hedge_ratio)
2020-10-22,2020,Bull market,normal,normal,0,0.625384,0.625384,1.024447,0.996492,-21.631933,-23.770417,1.375819,1.37513,-2.182275,-2.182275,hedge ratio uses previous valid MTM alert_state; hedged_return = unhedged_return * (1 - hedge_ratio)
2020-10-23,2020,Bull market,normal,normal,0,7.026583,7.026583,1.096431,1.066512,-16.125335,-18.414083,2.177539,2.17713,-2.182275,-2.182275,hedge ratio uses previous valid MTM alert_state; hedged_return = unhedged_return * (1 - hedge_ratio)
2020-10-24,2020,Bull market,normal,normal,0,0.514051,0.514051,1.102067,1.071994,-15.694177,-17.994689,2.114954,2.114558,-2.182275,-2.182275,hedge ratio uses previous valid MTM alert_state; hedged_return = unhedged_return * (1 - hedge_ratio)
2020-10-25,2020,Bull market,normal,normal,0,0.054071,0.054071,1.102663,1.072574,-15.648592,-17.950348,2.050567,2.050183,-2.182275,-2.182275,hedge ratio uses previous valid MTM alert_state; hedged_return = unhedged_return * (1 - hedge_ratio)
2020-10-26,2020,Bull market,normal,normal,0,1.695978,1.695978,1.121364,1.090764,-14.218011,-16.558804,2.031038,2.030674,-2.182275,-2.182275,hedge ratio uses previous valid MTM alert_state; hedged_return = unhedged_return * (1 - hedge_ratio)
2020-10-27,2020,Bull market,normal,normal,0,1.412072,1.412072,1.137198,1.106167,-13.006707,-15.380554,1.999311,1.998964,-1.545342,-1.545342,hedge ratio uses previous valid MTM alert_state; hedged_return = unhedged_return * (1 - hedge_ratio)
2020-10-28,2020,Bull market,normal,normal,0,-1.668324,-1.668324,1.118226,1.087712,-14.458037,-16.792281,1.981012,1.980682,-1.545342,-1.545342,hedge ratio uses previous valid MTM alert_state; hedged_return = unhedged_return * (1 - hedge_ratio)
2020-10-29,2020,Bull market,normal,normal,0,0.791669,0.791669,1.127079,1.096323,-13.780828,-16.133551,1.930427,1.930109,-1.81096,-1.81096,hedge ratio uses previous valid MTM alert_state; hedged_return = unhedged_return * (1 - hedge_ratio)
2020-10-30,2020,Bull market,normal,,,,,1.127079,1.096323,-13.780828,-16.133551,1.930427,1.930109,-1.81096,-1.81096,hedge ratio uses previous valid MTM alert_state; hedged_return = unhedged_return * (1 - hedge_ratio)
2020-10-31,2020,Bull market,normal,,,,,1.127079,1.096323,-13.780828,-16.133551,1.930427,1.930109,-1.81096,-1.81096,hedge ratio uses previous valid MTM alert_state; hedged_return = unhedged_return * (1 - hedge_ratio)
2020-11-01,2020,Bull market,normal,,,,,1.127079,1.096323,-13.780828,-16.133551,1.930427,1.930109,-1.81096,-1.81096,hedge ratio uses previous valid MTM alert_state; hedged_return = unhedged_return * (1 - hedge_ratio)
2020-11-02,2020,Bull market,normal,,,,,1.127079,1.096323,-13.780828,-16.133551,1.930427,1.930109,-1.81096,-1.81096,hedge ratio uses previous valid MTM alert_state; hedged_return = unhedged_return * (1 - hedge_ratio)
2020-11-03,2020,Bull market,normal,,,,,1.127079,1.096323,-13.780828,-16.133551,1.930427,1.930109,-1.81096,-1.81096,hedge ratio uses previous valid MTM alert_state; hedged_return = unhedged_return * (1 - hedge_ratio)
2020-11-04,2020,Bull market,normal,,,,,1.127079,1.096323,-13.780828,-16.133551,1.930427,1.930109,-1.81096,-1.81096,hedge ratio uses previous valid MTM alert_state; hedged_return = unhedged_return * (1 - hedge_ratio)
2020-11-05,2020,Bull market,normal,,,,,1.127079,1.096323,-13.780828,-16.133551,1.930427,1.930109,-1.81096,-1.81096,hedge ratio uses previous valid MTM alert_state; hedged_return = unhedged_return * (1 - hedge_ratio)
2020-11-06,2020,Bull market,normal,,,,,1.127079,1.096323,-13.780828,-16.133551,1.930427,1.930109,-1.81096,-1.81096,hedge ratio uses previous valid MTM alert_state; hedged_return = unhedged_return * (1 - hedge_ratio)
2020-11-07,2020,Bull market,normal,normal,0,-0.31202,-0.31202,1.123562,1.092902,-14.049849,-16.395231,1.873178,1.87287,-1.81096,-1.81096,hedge ratio uses previous valid MTM alert_state; hedged_return = unhedged_return * (1 - hedge_ratio)
2020-11-08,2020,Bull market,normal,normal,0,0.27445,0.27445,1.126645,1.095902,-13.813959,-16.165778,1.817358,1.817059,-1.81096,-1.81096,hedge ratio uses previous valid MTM alert_state; hedged_return = unhedged_return * (1 - hedge_ratio)
2020-11-09,2020,Bull market,normal,normal,0,-2.187708,-2.187708,1.101998,1.071927,-15.699458,-17.999826,1.84168,1.841403,-1.81096,-1.81096,hedge ratio uses previous valid MTM alert_state; hedged_return = unhedged_return * (1 - hedge_ratio)
2020-11-10,2020,Bull market,normal,normal,0,1.305474,1.305474,1.116384,1.085921,-14.598936,-16.929335,1.813983,1.813719,-2.070687,-2.070687,hedge ratio uses previous valid MTM alert_state; hedged_return = unhedged_return * (1 - hedge_ratio)
2020-11-11,2020,Bull market,normal,normal,0,2.724422,2.724422,1.146799,1.115506,-12.272251,-14.66614,1.881077,1.880837,-2.070687,-2.070687,hedge ratio uses previous valid MTM alert_state; hedged_return = unhedged_return * (1 - hedge_ratio)
2020-11-12,2020,Bull market,normal,normal,0,2.646551,2.646551,1.17715,1.145028,-9.950491,-12.407735,1.935561,1.935342,-2.070687,-2.070687,hedge ratio uses previous valid MTM alert_state; hedged_return = unhedged_return * (1 - hedge_ratio)
2020-11-13,2020,Bull market,normal,normal,0,-0.043632,-0.043632,1.176636,1.144528,-9.989781,-12.445954,1.876627,1.876414,-1.953985,-1.953985,hedge ratio uses previous valid MTM alert_state; hedged_return = unhedged_return * (1 - hedge_ratio)
2020-11-14,2020,Bull market,normal,normal,0,-0.77835,-0.77835,1.167478,1.13562,-10.690376,-13.127431,1.829419,1.829214,-1.402706,-1.402706,hedge ratio uses previous valid MTM alert_state; hedged_return = unhedged_return * (1 - hedge_ratio)
2020-11-15,2020,Bull market,normal,normal,0,0.322437,0.322437,1.171242,1.139282,-10.402409,-12.847321,1.775445,1.775247,-1.340823,-1.340823,hedge ratio uses previous valid MTM alert_state; hedged_return = unhedged_return * (1 - hedge_ratio)
2020-11-16,2020,Bull market,normal,normal,0,2.262897,2.262897,1.197746,1.165062,-8.374907,-10.875146,1.808401,1.808218,-1.340823,-1.340823,hedge ratio uses previous valid MTM alert_state; hedged_return = unhedged_return * (1 - hedge_ratio)
2020-11-17,2020,Bull market,normal,normal,0,2.64249,2.64249,1.229396,1.195849,-5.953724,-8.520031,1.868973,1.868807,-1.267836,-1.267836,hedge ratio uses previous valid MTM alert_state; hedged_return = unhedged_return * (1 - hedge_ratio)
2020-11-18,2020,Bull market,normal,normal,0,0.837626,0.837626,1.239694,1.205866,-5.165967,-7.753771,1.823616,1.823456,-1.267836,-1.267836,hedge ratio uses previous valid MTM alert_state; hedged_return = unhedged_return * (1 - hedge_ratio)
2020-11-19,2020,Bull market,normal,normal,0,1.487402,1.487402,1.258133,1.223802,-3.755404,-6.381698,1.80521,1.805058,-1.267836,-1.267836,hedge ratio uses previous valid MTM alert_state; hedged_return = unhedged_return * (1 - hedge_ratio)
2020-11-20,2020,Bull market,normal,normal,0,5.962912,5.962912,1.333155,1.296776,0,-0.799321,2.279613,2.279499,-1.267836,-1.267836,hedge ratio uses previous valid MTM alert_state; hedged_return = unhedged_return * (1 - hedge_ratio)
2020-11-21,2020,Bull market,normal,normal,0,-0.254008,-0.254008,1.329769,1.293482,-0.254008,-1.051299,2.211042,2.210932,-1.267836,-1.267836,hedge ratio uses previous valid MTM alert_state; hedged_return = unhedged_return * (1 - hedge_ratio)
2020-11-22,2020,Bull market,normal,normal,0,-1.204129,-1.204129,1.313756,1.277907,-1.455078,-2.242769,2.163881,2.163775,-1.267836,-1.267836,hedge ratio uses previous valid MTM alert_state; hedged_return = unhedged_return * (1 - hedge_ratio)
2020-11-23,2020,Bull market,normal,normal,0,0.93264,0.93264,1.326009,1.289825,-0.536009,-1.331046,2.110362,2.11026,-1.459436,-1.459436,hedge ratio uses previous valid MTM alert_state; hedged_return = unhedged_return * (1 - hedge_ratio)
2020-11-24,2020,Bull market,normal,normal,0,2.935368,2.935368,1.364932,1.327686,0,0,2.168731,2.168638,-1.459436,-1.459436,hedge ratio uses previous valid MTM alert_state; hedged_return = unhedged_return * (1 - hedge_ratio)
2020-11-25,2020,Bull market,normal,normal,0,0.987484,0.987484,1.378411,1.340797,0,0,2.116529,2.11644,-1.459436,-1.459436,hedge ratio uses previous valid MTM alert_state; hedged_return = unhedged_return * (1 - hedge_ratio)
2020-11-26,2020,Bull market,normal,normal,0,-10.44802,-10.44802,1.234394,1.20071,-10.44802,-10.44802,3.280333,3.280278,-1.459436,-1.459436,hedge ratio uses previous valid MTM alert_state; hedged_return = unhedged_return * (1 - hedge_ratio)
2020-11-27,2020,Bull market,normal,,,,,1.234394,1.20071,-10.44802,-10.44802,3.280333,3.280278,-1.953985,-1.953985,hedge ratio uses previous valid MTM alert_state; hedged_return = unhedged_return * (1 - hedge_ratio)
2020-11-28,2020,Bull market,normal,,,,,1.234394,1.20071,-10.44802,-10.44802,3.280333,3.280278,-1.953985,-1.953985,hedge ratio uses previous valid MTM alert_state; hedged_return = unhedged_return * (1 - hedge_ratio)
2020-11-29,2020,Bull market,normal,,,,,1.234394,1.20071,-10.44802,-10.44802,3.280333,3.280278,-1.953985,-1.953985,hedge ratio uses previous valid MTM alert_state; hedged_return = unhedged_return * (1 - hedge_ratio)
2020-11-30,2020,Bull market,normal,,,,,1.234394,1.20071,-10.44802,-10.44802,3.280333,3.280278,-1.953985,-1.953985,hedge ratio uses previous valid MTM alert_state; hedged_return = unhedged_return * (1 - hedge_ratio)
2020-12-01,2020,Bull market,normal,,,,,1.234394,1.20071,-10.44802,-10.44802,3.280333,3.280278,-1.953985,-1.953985,hedge ratio uses previous valid MTM alert_state; hedged_return = unhedged_return * (1 - hedge_ratio)
2020-12-02,2020,Bull market,normal,,,,,1.234394,1.20071,-10.44802,-10.44802,3.280333,3.280278,-1.953985,-1.953985,hedge ratio uses previous valid MTM alert_state; hedged_return = unhedged_return * (1 - hedge_ratio)
2020-12-03,2020,Bull market,normal,,,,,1.234394,1.20071,-10.44802,-10.44802,3.280333,3.280278,-1.953985,-1.953985,hedge ratio uses previous valid MTM alert_state; hedged_return = unhedged_return * (1 - hedge_ratio)
2020-12-04,2020,Bull market,normal,,,,,1.234394,1.20071,-10.44802,-10.44802,3.280333,3.280278,-1.953985,-1.953985,hedge ratio uses previous valid MTM alert_state; hedged_return = unhedged_return * (1 - hedge_ratio)
2020-12-05,2020,Bull market,normal,normal,0,0.730929,0.730929,1.243417,1.209487,-9.793459,-9.793459,3.185436,3.185383,-1.953985,-1.953985,hedge ratio uses previous valid MTM alert_state; hedged_return = unhedged_return * (1 - hedge_ratio)
2020-12-06,2020,Bull market,normal,normal,0,0.415351,0.415351,1.248581,1.21451,-9.418785,-9.418785,3.09007,3.090019,-1.953985,-1.953985,hedge ratio uses previous valid MTM alert_state; hedged_return = unhedged_return * (1 - hedge_ratio)
2020-12-07,2020,Bull market,normal,normal,0,0.209387,0.209387,1.251196,1.217053,-9.22912,-9.22912,2.996373,2.996324,-1.953985,-1.953985,hedge ratio uses previous valid MTM alert_state; hedged_return = unhedged_return * (1 - hedge_ratio)
2020-12-08,2020,Bull market,normal,normal,0,-0.914488,-0.914488,1.239754,1.205923,-10.059208,-10.059208,2.913715,2.913667,-1.953985,-1.953985,hedge ratio uses previous valid MTM alert_state; hedged_return = unhedged_return * (1 - hedge_ratio)
2020-12-09,2020,Bull market,normal,normal,0,-1.758526,-1.758526,1.217952,1.184717,-11.640841,-11.640841,2.857603,2.857557,-1.953985,-1.953985,hedge ratio uses previous valid MTM alert_state; hedged_return = unhedged_return * (1 - hedge_ratio)
2020-12-10,2020,Bull market,normal,normal,0,-1.803331,-1.803331,1.195988,1.163353,-13.234249,-13.234249,2.805541,2.805497,-1.994576,-1.994576,hedge ratio uses previous valid MTM alert_state; hedged_return = unhedged_return * (1 - hedge_ratio)
2020-12-11,2020,Bull market,normal,normal,0,-1.314233,-1.314233,1.18027,1.148063,-14.374553,-14.374553,2.739056,2.739014,-2.014738,-2.014738,hedge ratio uses previous valid MTM alert_state; hedged_return = unhedged_return * (1 - hedge_ratio)
2020-12-12,2020,Bull market,normal,normal,0,1.258762,1.258762,1.195127,1.162515,-13.296732,-13.296732,2.673453,2.673413,-2.014738,-2.014738,hedge ratio uses previous valid MTM alert_state; hedged_return = unhedged_return * (1 - hedge_ratio)
2020-12-13,2020,Bull market,normal,normal,0,4.151256,4.151256,1.24474,1.210774,-9.697458,-9.697458,2.784329,2.784292,-2.014738,-2.014738,hedge ratio uses previous valid MTM alert_state; hedged_return = unhedged_return * (1 - hedge_ratio)
2020-12-14,2020,Bull market,normal,normal,0,-0.511411,-0.511411,1.238374,1.204582,-10.159275,-10.159275,2.702412,2.702377,-2.014738,-2.014738,hedge ratio uses previous valid MTM alert_state; hedged_return = unhedged_return * (1 - hedge_ratio)
2020-12-15,2020,Bull market,normal,normal,0,0.693413,0.693413,1.246961,1.212935,-9.536307,-9.536307,2.625585,2.625551,-2.014738,-2.014738,hedge ratio uses previous valid MTM alert_state; hedged_return = unhedged_return * (1 - hedge_ratio)
2020-12-16,2020,Bull market,normal,normal,0,0.921719,0.921719,1.258455,1.224114,-8.702486,-8.702486,2.555592,2.555559,-2.014738,-2.014738,hedge ratio uses previous valid MTM alert_state; hedged_return = unhedged_return * (1 - hedge_ratio)
2020-12-17,2020,Bull market,normal,normal,0,2.761413,2.761413,1.293206,1.257917,-6.181385,-6.181385,2.568406,2.568375,-2.014738,-2.014738,hedge ratio uses previous valid MTM alert_state; hedged_return = unhedged_return * (1 - hedge_ratio)
2020-12-18,2020,Bull market,normal,normal,0,13.413556,13.413556,1.466671,1.426649,0,0,4.122659,4.122641,-1.783169,-1.783169,hedge ratio uses previous valid MTM alert_state; hedged_return = unhedged_return * (1 - hedge_ratio)
2020-12-19,2020,Bull market,normal,normal,0,2.406188,2.406188,1.501962,1.460977,0,0,4.040288,4.04027,-1.783169,-1.783169,hedge ratio uses previous valid MTM alert_state; hedged_return = unhedged_return * (1 - hedge_ratio)
2020-12-20,2020,Bull market,normal,normal,0,0.564669,0.564669,1.510443,1.469226,0,0,3.919645,3.919628,-1.783169,-1.783169,hedge ratio uses previous valid MTM alert_state; hedged_return = unhedged_return * (1 - hedge_ratio)
2020-12-21,2020,Bull market,normal,normal,0,-0.347276,-0.347276,1.505197,1.464124,-0.347276,-0.347276,3.801189,3.801173,-1.783169,-1.783169,hedge ratio uses previous valid MTM alert_state; hedged_return = unhedged_return * (1 - hedge_ratio)
2020-12-22,2020,Bull market,normal,normal,0,1.733677,1.733677,1.531293,1.489507,0,0,3.709775,3.70976,-1.783169,-1.783169,hedge ratio uses previous valid MTM alert_state; hedged_return = unhedged_return * (1 - hedge_ratio)
2020-12-23,2020,Bull market,normal,normal,0,0.981446,0.981446,1.546321,1.504126,0,0,3.604786,3.604771,-1.783169,-1.783169,hedge ratio uses previous valid MTM alert_state; hedged_return = unhedged_return * (1 - hedge_ratio)
2020-12-24,2020,Bull market,normal,normal,0,-0.82037,-0.82037,1.533636,1.491786,-0.82037,-0.82037,3.500742,3.500727,-1.783169,-1.783169,hedge ratio uses previous valid MTM alert_state; hedged_return = unhedged_return * (1 - hedge_ratio)
2021-01-01,2021,Bull market,normal,,,,,1.533636,1.491786,-0.82037,-0.82037,3.500742,3.500727,-1.783169,-1.783169,hedge ratio uses previous valid MTM alert_state; hedged_return = unhedged_return * (1 - hedge_ratio)
2021-01-02,2021,Bull market,normal,,,,,1.533636,1.491786,-0.82037,-0.82037,3.500742,3.500727,-1.783169,-1.783169,hedge ratio uses previous valid MTM alert_state; hedged_return = unhedged_return * (1 - hedge_ratio)
2021-01-03,2021,Bull market,normal,,,,,1.533636,1.491786,-0.82037,-0.82037,3.500742,3.500727,-1.783169,-1.783169,hedge ratio uses previous valid MTM alert_state; hedged_return = unhedged_return * (1 - hedge_ratio)
2021-01-04,2021,Bull market,normal,,,,,1.533636,1.491786,-0.82037,-0.82037,3.500742,3.500727,-1.783169,-1.783169,hedge ratio uses previous valid MTM alert_state; hedged_return = unhedged_return * (1 - hedge_ratio)
2021-01-05,2021,Bull market,normal,,,,,1.533636,1.491786,-0.82037,-0.82037,3.500742,3.500727,-1.783169,-1.783169,hedge ratio uses previous valid MTM alert_state; hedged_return = unhedged_return * (1 - hedge_ratio)
2021-01-06,2021,Bull market,normal,,,,,1.533636,1.491786,-0.82037,-0.82037,3.500742,3.500727,-1.783169,-1.783169,hedge ratio uses previous valid MTM alert_state; hedged_return = unhedged_return * (1 - hedge_ratio)
2021-01-07,2021,Bull market,normal,,,,,1.533636,1.491786,-0.82037,-0.82037,3.500742,3.500727,-1.783169,-1.783169,hedge ratio uses previous valid MTM alert_state; hedged_return = unhedged_return * (1 - hedge_ratio)
2021-01-08,2021,Bull market,normal,,,,,1.533636,1.491786,-0.82037,-0.82037,3.500742,3.500727,-1.783169,-1.783169,hedge ratio uses previous valid MTM alert_state; hedged_return = unhedged_return * (1 - hedge_ratio)
2021-01-09,2021,Bull market,normal,normal,0,-1.302586,-1.302586,1.513659,1.472355,-2.11227,-2.11227,3.409059,3.409045,-1.783169,-1.783169,hedge ratio uses previous valid MTM alert_state; hedged_return = unhedged_return * (1 - hedge_ratio)
2021-01-10,2021,Bull market,normal,normal,0,-1.434449,-1.434449,1.491946,1.451234,-3.51642,-3.51642,3.32383,3.323816,-1.783169,-1.783169,hedge ratio uses previous valid MTM alert_state; hedged_return = unhedged_return * (1 - hedge_ratio)
2021-01-11,2021,Bull market,normal,normal,0,-10.9957,-10.9957,1.327896,1.291661,-14.125465,-14.125465,4.199916,4.199906,-1.783169,-1.783169,hedge ratio uses previous valid MTM alert_state; hedged_return = unhedged_return * (1 - hedge_ratio)
2021-01-12,2021,Bull market,normal,normal,0,0.790923,0.790923,1.338399,1.301877,-13.446263,-13.446263,4.076576,4.076566,-6.55791,-6.55791,hedge ratio uses previous valid MTM alert_state; hedged_return = unhedged_return * (1 - hedge_ratio)
2021-01-13,2021,Bull market,normal,normal,0,2.485588,2.485588,1.371666,1.334236,-11.294894,-11.294894,3.999007,3.998997,-6.55791,-6.55791,hedge ratio uses previous valid MTM alert_state; hedged_return = unhedged_return * (1 - hedge_ratio)
2021-01-14,2021,Bull market,normal,normal,0,13.538071,13.538071,1.557363,1.514866,0,0,5.101891,5.101884,-6.55791,-6.55791,hedge ratio uses previous valid MTM alert_state; hedged_return = unhedged_return * (1 - hedge_ratio)
2021-01-15,2021,Bull market,normal,normal,0,-10.767556,-10.767556,1.389673,1.351752,-10.767556,-10.767556,5.605707,5.605701,-6.55791,-6.55791,hedge ratio uses previous valid MTM alert_state; hedged_return = unhedged_return * (1 - hedge_ratio)
2021-01-16,2021,Bull market,normal,normal,0,2.95584,2.95584,1.43075,1.391708,-8.129988,-8.129988,5.482949,5.482944,-10.623765,-10.623765,hedge ratio uses previous valid MTM alert_state; hedged_return = unhedged_return * (1 - hedge_ratio)
2021-01-17,2021,Bull market,normal,normal,0,-4.404592,-4.404592,1.367731,1.330409,-12.176487,-12.176487,5.424297,5.424291,-10.623765,-10.623765,hedge ratio uses previous valid MTM alert_state; hedged_return = unhedged_return * (1 - hedge_ratio)
2021-01-18,2021,Bull market,normal,normal,0,4.651916,4.651916,1.431357,1.392298,-8.091011,-8.091011,5.381081,5.381076,-10.623765,-10.623765,hedge ratio uses previous valid MTM alert_state; hedged_return = unhedged_return * (1 - hedge_ratio)
2021-01-19,2021,Bull market,normal,normal,0,1.816655,1.816655,1.45736,1.417592,-6.421342,-6.421342,5.236095,5.23609,-7.904222,-7.904222,hedge ratio uses previous valid MTM alert_state; hedged_return = unhedged_return * (1 - hedge_ratio)
2021-01-20,2021,Bull market,normal,normal,0,-4.183695,-4.183695,1.396388,1.358284,-10.336387,-10.336387,5.178985,5.17898,-7.904222,-7.904222,hedge ratio uses previous valid MTM alert_state; hedged_return = unhedged_return * (1 - hedge_ratio)
2021-01-21,2021,Bull market,normal,normal,0,-10.274308,-10.274308,1.252919,1.21873,-19.548703,-19.548703,5.616605,5.616601,-7.904222,-7.904222,hedge ratio uses previous valid MTM alert_state; hedged_return = unhedged_return * (1 - hedge_ratio)
2021-01-22,2021,Bull market,watch,normal,0,-2.492053,-2.492053,1.221695,1.188358,-21.553592,-21.553592,5.479608,5.479604,-10.545594,-10.545594,hedge ratio uses previous valid MTM alert_state; hedged_return = unhedged_return * (1 - hedge_ratio)
2021-01-23,2021,Bull market,watch,watch,0,-1.309563,-1.309563,1.205697,1.172796,-22.580897,-22.580897,5.322352,5.322348,-10.545594,-10.545594,hedge ratio uses previous valid MTM alert_state; hedged_return = unhedged_return * (1 - hedge_ratio)
2021-01-24,2021,Bull market,watch,watch,0,1.368783,1.368783,1.2222,1.188849,-21.521198,-21.521198,5.171093,5.171089,-10.545594,-10.545594,hedge ratio uses previous valid MTM alert_state; hedged_return = unhedged_return * (1 - hedge_ratio)
2021-01-25,2021,Bull market,normal,watch,0,3.389524,3.389524,1.263627,1.229145,-18.86114,-18.86114,5.081842,5.081839,-10.545594,-10.545594,hedge ratio uses previous valid MTM alert_state; hedged_return = unhedged_return * (1 - hedge_ratio)
2021-01-26,2021,Bull market,watch,normal,0,-3.235295,-3.235295,1.222745,1.189379,-21.486221,-21.486221,4.990355,4.990351,-10.545594,-10.545594,hedge ratio uses previous valid MTM alert_state; hedged_return = unhedged_return * (1 - hedge_ratio)
2021-01-27,2021,Bull market,watch,watch,0,-3.757765,-3.757765,1.176797,1.144685,-24.436585,-24.436585,4.925106,4.925103,-10.545594,-10.545594,hedge ratio uses previous valid MTM alert_state; hedged_return = unhedged_return * (1 - hedge_ratio)
2021-01-28,2021,Bull market,watch,watch,0,6.753014,6.753014,1.256266,1.221985,-19.333777,-19.333777,5.05346,5.053457,-10.545594,-10.545594,hedge ratio uses previous valid MTM alert_state; hedged_return = unhedged_return * (1 - hedge_ratio)
2021-01-29,2021,Bull market,watch,,,,,1.256266,1.221985,-19.333777,-19.333777,5.05346,5.053457,-10.545594,-10.545594,hedge ratio uses previous valid MTM alert_state; hedged_return = unhedged_return * (1 - hedge_ratio)
2021-01-30,2021,Bull market,watch,,,,,1.256266,1.221985,-19.333777,-19.333777,5.05346,5.053457,-10.545594,-10.545594,hedge ratio uses previous valid MTM alert_state; hedged_return = unhedged_return * (1 - hedge_ratio)
2021-01-31,2021,Bull market,watch,,,,,1.256266,1.221985,-19.333777,-19.333777,5.05346,5.053457,-10.545594,-10.545594,hedge ratio uses previous valid MTM alert_state; hedged_return = unhedged_return * (1 - hedge_ratio)
2021-02-01,2021,Bull market,watch,,,,,1.256266,1.221985,-19.333777,-19.333777,5.05346,5.053457,-10.545594,-10.545594,hedge ratio uses previous valid MTM alert_state; hedged_return = unhedged_return * (1 - hedge_ratio)
2021-02-02,2021,Bull market,watch,,,,,1.256266,1.221985,-19.333777,-19.333777,5.05346,5.053457,-10.545594,-10.545594,hedge ratio uses previous valid MTM alert_state; hedged_return = unhedged_return * (1 - hedge_ratio)
2021-02-03,2021,Bull market,watch,,,,,1.256266,1.221985,-19.333777,-19.333777,5.05346,5.053457,-10.545594,-10.545594,hedge ratio uses previous valid MTM alert_state; hedged_return = unhedged_return * (1 - hedge_ratio)
2021-02-04,2021,Bull market,watch,,,,,1.256266,1.221985,-19.333777,-19.333777,5.05346,5.053457,-10.545594,-10.545594,hedge ratio uses previous valid MTM alert_state; hedged_return = unhedged_return * (1 - hedge_ratio)
2021-02-05,2021,Bull market,watch,,,,,1.256266,1.221985,-19.333777,-19.333777,5.05346,5.053457,-10.545594,-10.545594,hedge ratio uses previous valid MTM alert_state; hedged_return = unhedged_return * (1 - hedge_ratio)
2021-02-06,2021,Bull market,watch,watch,0,3.181628,3.181628,1.296236,1.260864,-16.767277,-16.767277,4.961107,4.961104,-10.545594,-10.545594,hedge ratio uses previous valid MTM alert_state; hedged_return = unhedged_return * (1 - hedge_ratio)
2021-02-07,2021,Bull market,watch,watch,0,-2.384594,-2.384594,1.265326,1.230798,-18.75204,-18.75204,4.845307,4.845304,-10.545594,-10.545594,hedge ratio uses previous valid MTM alert_state; hedged_return = unhedged_return * (1 - hedge_ratio)
2021-02-08,2021,Bull market,normal,watch,0,5.578445,5.578445,1.335911,1.299457,-14.219667,-14.219667,4.892395,4.892392,-10.545594,-10.545594,hedge ratio uses previous valid MTM alert_state; hedged_return = unhedged_return * (1 - hedge_ratio)
2021-02-09,2021,Bull market,normal,normal,0,1.502524,1.502524,1.355984,1.318982,-12.930797,-12.930797,4.757609,4.757607,-10.545594,-10.545594,hedge ratio uses previous valid MTM alert_state; hedged_return = unhedged_return * (1 - hedge_ratio)
2021-02-10,2021,Bull market,normal,normal,0,0.297044,0.297044,1.360012,1.3229,-12.672163,-12.672163,4.613247,4.613245,-10.545594,-10.545594,hedge ratio uses previous valid MTM alert_state; hedged_return = unhedged_return * (1 - hedge_ratio)
2021-02-11,2021,Bull market,normal,normal,0,0.137426,0.137426,1.361881,1.324718,-12.552152,-12.552152,4.472836,4.472834,-10.545594,-10.545594,hedge ratio uses previous valid MTM alert_state; hedged_return = unhedged_return * (1 - hedge_ratio)
2021-02-12,2021,Bull market,normal,normal,0,13.361981,13.361981,1.543855,1.501727,-0.867387,-0.867387,5.433087,5.433086,-10.545594,-10.545594,hedge ratio uses previous valid MTM alert_state; hedged_return = unhedged_return * (1 - hedge_ratio)
2021-02-13,2021,Bull market,normal,normal,0,0.524195,0.524195,1.551948,1.509598,-0.347739,-0.347739,5.269138,5.269137,-10.545594,-10.545594,hedge ratio uses previous valid MTM alert_state; hedged_return = unhedged_return * (1 - hedge_ratio)
2021-02-14,2021,Bull market,normal,normal,0,2.631002,2.631002,1.592779,1.549316,0,0,5.149109,5.149107,-10.545594,-10.545594,hedge ratio uses previous valid MTM alert_state; hedged_return = unhedged_return * (1 - hedge_ratio)
2021-02-15,2021,Bull market,normal,normal,0,-0.332309,-0.332309,1.587486,1.544168,-0.332309,-0.332309,4.99291,4.992908,-10.545594,-10.545594,hedge ratio uses previous valid MTM alert_state; hedged_return = unhedged_return * (1 - hedge_ratio)
2021-02-16,2021,Bull market,normal,normal,0,2.172073,2.172073,1.621968,1.577708,0,0,4.869956,4.869954,-10.545594,-10.545594,hedge ratio uses previous valid MTM alert_state; hedged_return = unhedged_return * (1 - hedge_ratio)
2021-02-17,2021,Bull market,normal,normal,0,4.043882,4.043882,1.687558,1.641509,0,0,4.824382,4.824381,-10.545594,-10.545594,hedge ratio uses previous valid MTM alert_state; hedged_return = unhedged_return * (1 - hedge_ratio)
2021-02-18,2021,Bull market,normal,normal,0,0.489956,0.489956,1.695827,1.649551,0,0,4.678951,4.67895,-10.545594,-10.545594,hedge ratio uses previous valid MTM alert_state; hedged_return = unhedged_return * (1 - hedge_ratio)
2021-02-19,2021,Bull market,normal,normal,0,1.731082,1.731082,1.725183,1.678106,0,0,4.556186,4.556184,-7.632936,-7.632936,hedge ratio uses previous valid MTM alert_state; hedged_return = unhedged_return * (1 - hedge_ratio)
2021-02-20,2021,Bull market,normal,normal,0,1.995382,1.995382,1.759607,1.711591,0,0,4.444344,4.444343,-7.632936,-7.632936,hedge ratio uses previous valid MTM alert_state; hedged_return = unhedged_return * (1 - hedge_ratio)
2021-02-21,2021,Bull market,normal,normal,0,2.242293,2.242293,1.799062,1.74997,0,0,4.343816,4.343814,-7.632936,-7.632936,hedge ratio uses previous valid MTM alert_state; hedged_return = unhedged_return * (1 - hedge_ratio)
2021-02-22,2021,Bull market,normal,normal,0,-2.664186,-2.664186,1.751132,1.703347,-2.664186,-2.664186,4.261746,4.261745,-7.632936,-7.632936,hedge ratio uses previous valid MTM alert_state; hedged_return = unhedged_return * (1 - hedge_ratio)
2021-02-23,2021,Bull market,normal,normal,0,-10.00261,-10.00261,1.575973,1.532968,-12.400308,-12.400308,4.803735,4.803734,-4.305188,-4.305188,hedge ratio uses previous valid MTM alert_state; hedged_return = unhedged_return * (1 - hedge_ratio)
2021-02-24,2021,Bull market,normal,normal,0,6.647228,6.647228,1.680731,1.634868,-6.577357,-6.577357,4.933807,4.933806,-7.483502,-7.483502,hedge ratio uses previous valid MTM alert_state; hedged_return = unhedged_return * (1 - hedge_ratio)
2021-02-25,2021,Bull market,normal,normal,0,3.164791,3.164791,1.733923,1.686608,-3.620725,-3.620725,4.845912,4.845911,-7.384098,-7.384098,hedge ratio uses previous valid MTM alert_state; hedged_return = unhedged_return * (1 - hedge_ratio)
2021-02-26,2021,Bull market,normal,,,,,1.733923,1.686608,-3.620725,-3.620725,4.845912,4.845911,-7.384098,-7.384098,hedge ratio uses previous valid MTM alert_state; hedged_return = unhedged_return * (1 - hedge_ratio)
2021-02-27,2021,Bull market,normal,,,,,1.733923,1.686608,-3.620725,-3.620725,4.845912,4.845911,-7.384098,-7.384098,hedge ratio uses previous valid MTM alert_state; hedged_return = unhedged_return * (1 - hedge_ratio)
2021-02-28,2021,Bull market,normal,,,,,1.733923,1.686608,-3.620725,-3.620725,4.845912,4.845911,-7.384098,-7.384098,hedge ratio uses previous valid MTM alert_state; hedged_return = unhedged_return * (1 - hedge_ratio)
2021-03-01,2021,Bull market,normal,,,,,1.733923,1.686608,-3.620725,-3.620725,4.845912,4.845911,-7.384098,-7.384098,hedge ratio uses previous valid MTM alert_state; hedged_return = unhedged_return * (1 - hedge_ratio)
2021-03-02,2021,Bull market,normal,,,,,1.733923,1.686608,-3.620725,-3.620725,4.845912,4.845911,-7.384098,-7.384098,hedge ratio uses previous valid MTM alert_state; hedged_return = unhedged_return * (1 - hedge_ratio)
2021-03-03,2021,Bull market,normal,,,,,1.733923,1.686608,-3.620725,-3.620725,4.845912,4.845911,-7.384098,-7.384098,hedge ratio uses previous valid MTM alert_state; hedged_return = unhedged_return * (1 - hedge_ratio)
2021-03-04,2021,Bull market,normal,,,,,1.733923,1.686608,-3.620725,-3.620725,4.845912,4.845911,-7.384098,-7.384098,hedge ratio uses previous valid MTM alert_state; hedged_return = unhedged_return * (1 - hedge_ratio)
2021-03-05,2021,Bull market,normal,,,,,1.733923,1.686608,-3.620725,-3.620725,4.845912,4.845911,-7.384098,-7.384098,hedge ratio uses previous valid MTM alert_state; hedged_return = unhedged_return * (1 - hedge_ratio)
2021-03-06,2021,Bull market,normal,normal,0,-0.440095,-0.440095,1.726292,1.679186,-4.044886,-4.044886,4.699522,4.699521,-7.384098,-7.384098,hedge ratio uses previous valid MTM alert_state; hedged_return = unhedged_return * (1 - hedge_ratio)
2021-03-07,2021,Bull market,normal,normal,0,4.745716,4.745716,1.808217,1.758875,0,0,4.702307,4.702306,-7.384098,-7.384098,hedge ratio uses previous valid MTM alert_state; hedged_return = unhedged_return * (1 - hedge_ratio)
2021-03-08,2021,Bull market,normal,normal,0,0.046657,0.046657,1.809061,1.759696,0,0,4.55907,4.559069,-7.19243,-7.19243,hedge ratio uses previous valid MTM alert_state; hedged_return = unhedged_return * (1 - hedge_ratio)
2021-03-09,2021,Bull market,normal,normal,0,2.064575,2.064575,1.84641,1.796026,0,0,4.449018,4.449017,-3.522653,-3.522653,hedge ratio uses previous valid MTM alert_state; hedged_return = unhedged_return * (1 - hedge_ratio)
2021-03-10,2021,Bull market,normal,normal,0,0.790346,0.790346,1.861003,1.810221,0,0,4.317825,4.317824,-3.522653,-3.522653,hedge ratio uses previous valid MTM alert_state; hedged_return = unhedged_return * (1 - hedge_ratio)
2021-03-11,2021,Bull market,normal,normal,0,2.752709,2.752709,1.912231,1.860051,0,0,4.24024,4.24024,-3.522653,-3.522653,hedge ratio uses previous valid MTM alert_state; hedged_return = unhedged_return * (1 - hedge_ratio)
2021-03-12,2021,Bull market,normal,normal,0,6.885357,6.885357,2.043895,1.988122,0,0,4.443574,4.443573,-3.522653,-3.522653,hedge ratio uses previous valid MTM alert_state; hedged_return = unhedged_return * (1 - hedge_ratio)
2021-03-13,2021,Bull market,normal,normal,0,3.65522,3.65522,2.118604,2.060792,0,0,4.400258,4.400257,-3.522653,-3.522653,hedge ratio uses previous valid MTM alert_state; hedged_return = unhedged_return * (1 - hedge_ratio)
2021-03-14,2021,Bull market,normal,normal,0,1.275281,1.275281,2.145622,2.087073,0,0,4.277629,4.277629,-3.265654,-3.265654,hedge ratio uses previous valid MTM alert_state; hedged_return = unhedged_return * (1 - hedge_ratio)
2021-03-15,2021,Bull market,normal,normal,0,-3.28294,-3.28294,2.075183,2.018556,-3.28294,-3.28294,4.224557,4.224557,-2.53837,-2.53837,hedge ratio uses previous valid MTM alert_state; hedged_return = unhedged_return * (1 - hedge_ratio)
2021-03-16,2021,Bull market,normal,normal,0,-1.312926,-1.312926,2.047937,1.992054,-4.552763,-4.552763,4.108467,4.108466,-3.004501,-3.004501,hedge ratio uses previous valid MTM alert_state; hedged_return = unhedged_return * (1 - hedge_ratio)
2021-03-17,2021,Bull market,normal,normal,0,-0.271369,-0.271369,2.04238,1.986648,-4.811778,-4.811778,3.983861,3.98386,-3.004501,-3.004501,hedge ratio uses previous valid MTM alert_state; hedged_return = unhedged_return * (1 - hedge_ratio)
2021-03-18,2021,Bull market,normal,normal,0,5.254217,5.254217,2.149691,2.091031,0,0,4.071276,4.071275,-3.004501,-3.004501,hedge ratio uses previous valid MTM alert_state; hedged_return = unhedged_return * (1 - hedge_ratio)
2021-03-19,2021,Bull market,normal,normal,0,-2.856969,-2.856969,2.088275,2.03129,-2.856969,-2.856969,4.008804,4.008803,-3.004501,-3.004501,hedge ratio uses previous valid MTM alert_state; hedged_return = unhedged_return * (1 - hedge_ratio)
2021-03-20,2021,Bull market,normal,normal,0,1.161921,1.161921,2.112539,2.054892,-1.728244,-1.728244,3.897086,3.897086,-3.091253,-3.091253,hedge ratio uses previous valid MTM alert_state; hedged_return = unhedged_return * (1 - hedge_ratio)
2021-03-21,2021,Bull market,normal,normal,0,-0.907998,-0.907998,2.093357,2.036234,-2.620549,-2.620549,3.784906,3.784905,-3.091253,-3.091253,hedge ratio uses previous valid MTM alert_state; hedged_return = unhedged_return * (1 - hedge_ratio)
2021-03-22,2021,Bull market,normal,normal,0,0.254168,0.254168,2.098678,2.04141,-2.373042,-2.373042,3.67013,3.67013,-3.091253,-3.091253,hedge ratio uses previous valid MTM alert_state; hedged_return = unhedged_return * (1 - hedge_ratio)
2021-03-23,2021,Bull market,normal,normal,0,-2.076438,-2.076438,2.0551,1.999021,-4.400205,-4.400205,3.59449,3.59449,-3.091253,-3.091253,hedge ratio uses previous valid MTM alert_state; hedged_return = unhedged_return * (1 - hedge_ratio)
2021-03-24,2021,Bull market,normal,normal,0,2.847575,2.847575,2.11362,2.055945,-1.677929,-1.677929,3.554105,3.554104,-3.091253,-3.091253,hedge ratio uses previous valid MTM alert_state; hedged_return = unhedged_return * (1 - hedge_ratio)
2021-03-25,2021,Bull market,normal,normal,0,-8.760044,-8.760044,1.928466,1.875843,-10.290986,-10.290986,4.059318,4.059318,-3.091253,-3.091253,hedge ratio uses previous valid MTM alert_state; hedged_return = unhedged_return * (1 - hedge_ratio)
2021-03-26,2021,Bull market,normal,,,,,1.928466,1.875843,-10.290986,-10.290986,4.059318,4.059318,-6.295347,-6.295347,hedge ratio uses previous valid MTM alert_state; hedged_return = unhedged_return * (1 - hedge_ratio)
2021-03-27,2021,Bull market,normal,,,,,1.928466,1.875843,-10.290986,-10.290986,4.059318,4.059318,-6.295347,-6.295347,hedge ratio uses previous valid MTM alert_state; hedged_return = unhedged_return * (1 - hedge_ratio)
2021-03-28,2021,Bull market,normal,,,,,1.928466,1.875843,-10.290986,-10.290986,4.059318,4.059318,-6.295347,-6.295347,hedge ratio uses previous valid MTM alert_state; hedged_return = unhedged_return * (1 - hedge_ratio)
2021-03-29,2021,Bull market,normal,,,,,1.928466,1.875843,-10.290986,-10.290986,4.059318,4.059318,-6.295347,-6.295347,hedge ratio uses previous valid MTM alert_state; hedged_return = unhedged_return * (1 - hedge_ratio)
2021-03-30,2021,Bull market,normal,,,,,1.928466,1.875843,-10.290986,-10.290986,4.059318,4.059318,-6.295347,-6.295347,hedge ratio uses previous valid MTM alert_state; hedged_return = unhedged_return * (1 - hedge_ratio)
2021-03-31,2021,Bull market,normal,,,,,1.928466,1.875843,-10.290986,-10.290986,4.059318,4.059318,-6.295347,-6.295347,hedge ratio uses previous valid MTM alert_state; hedged_return = unhedged_return * (1 - hedge_ratio)
2021-04-01,2021,Bull market,normal,,,,,1.928466,1.875843,-10.290986,-10.290986,4.059318,4.059318,-6.295347,-6.295347,hedge ratio uses previous valid MTM alert_state; hedged_return = unhedged_return * (1 - hedge_ratio)
2021-04-02,2021,Bull market,normal,,,,,1.928466,1.875843,-10.290986,-10.290986,4.059318,4.059318,-6.295347,-6.295347,hedge ratio uses previous valid MTM alert_state; hedged_return = unhedged_return * (1 - hedge_ratio)
2021-04-03,2021,Bull market,normal,,,,,1.928466,1.875843,-10.290986,-10.290986,4.059318,4.059318,-6.295347,-6.295347,hedge ratio uses previous valid MTM alert_state; hedged_return = unhedged_return * (1 - hedge_ratio)
2021-04-04,2021,Bull market,normal,,,,,1.928466,1.875843,-10.290986,-10.290986,4.059318,4.059318,-6.295347,-6.295347,hedge ratio uses previous valid MTM alert_state; hedged_return = unhedged_return * (1 - hedge_ratio)
2021-04-05,2021,Bull market,normal,,,,,1.928466,1.875843,-10.290986,-10.290986,4.059318,4.059318,-6.295347,-6.295347,hedge ratio uses previous valid MTM alert_state; hedged_return = unhedged_return * (1 - hedge_ratio)
2021-04-06,2021,Bull market,normal,,,,,1.928466,1.875843,-10.290986,-10.290986,4.059318,4.059318,-6.295347,-6.295347,hedge ratio uses previous valid MTM alert_state; hedged_return = unhedged_return * (1 - hedge_ratio)
2021-04-07,2021,Bull market,normal,,,,,1.928466,1.875843,-10.290986,-10.290986,4.059318,4.059318,-6.295347,-6.295347,hedge ratio uses previous valid MTM alert_state; hedged_return = unhedged_return * (1 - hedge_ratio)
2021-04-08,2021,Bull market,normal,,,,,1.928466,1.875843,-10.290986,-10.290986,4.059318,4.059318,-6.295347,-6.295347,hedge ratio uses previous valid MTM alert_state; hedged_return = unhedged_return * (1 - hedge_ratio)
2021-04-09,2021,Bull market,normal,,,,,1.928466,1.875843,-10.290986,-10.290986,4.059318,4.059318,-6.295347,-6.295347,hedge ratio uses previous valid MTM alert_state; hedged_return = unhedged_return * (1 - hedge_ratio)
2021-04-10,2021,Bull market,normal,normal,0,2.136794,2.136794,1.969674,1.915926,-8.374089,-8.374089,3.970306,3.970306,-6.295347,-6.295347,hedge ratio uses previous valid MTM alert_state; hedged_return = unhedged_return * (1 - hedge_ratio)
2021-04-11,2021,Bull market,normal,normal,0,-1.070294,-1.070294,1.948592,1.89542,-9.354756,-9.354756,3.858272,3.858272,-6.295347,-6.295347,hedge ratio uses previous valid MTM alert_state; hedged_return = unhedged_return * (1 - hedge_ratio)
2021-04-12,2021,Bull market,normal,normal,0,1.762534,1.762534,1.982937,1.928827,-7.757103,-7.757103,3.765565,3.765565,-6.295347,-6.295347,hedge ratio uses previous valid MTM alert_state; hedged_return = unhedged_return * (1 - hedge_ratio)
2021-04-13,2021,Bull market,normal,normal,0,2.506488,2.506488,2.032639,1.977173,-5.445045,-5.445045,3.702116,3.702115,-6.295347,-6.295347,hedge ratio uses previous valid MTM alert_state; hedged_return = unhedged_return * (1 - hedge_ratio)
2021-04-14,2021,Bull market,normal,normal,0,1.180874,1.180874,2.056642,2.000521,-4.32847,-4.32847,3.60097,3.60097,-6.295347,-6.295347,hedge ratio uses previous valid MTM alert_state; hedged_return = unhedged_return * (1 - hedge_ratio)
2021-04-15,2021,Bull market,normal,normal,0,0.644415,0.644415,2.069895,2.013413,-3.711949,-3.711949,3.494837,3.494837,-6.295347,-6.295347,hedge ratio uses previous valid MTM alert_state; hedged_return = unhedged_return * (1 - hedge_ratio)
2021-04-16,2021,Bull market,normal,normal,0,-2.378275,-2.378275,2.020667,1.965528,-6.001943,-6.001943,3.438084,3.438084,-6.295347,-6.295347,hedge ratio uses previous valid MTM alert_state; hedged_return = unhedged_return * (1 - hedge_ratio)
2021-04-17,2021,Bull market,normal,normal,0,0.27933,0.27933,2.026312,1.971018,-5.739379,-5.739379,3.334048,3.334048,-6.295347,-6.295347,hedge ratio uses previous valid MTM alert_state; hedged_return = unhedged_return * (1 - hedge_ratio)
2021-04-18,2021,Bull market,normal,normal,0,-8.762042,-8.762042,1.848765,1.798317,-13.998534,-13.998534,3.88012,3.88012,-3.091253,-3.091253,hedge ratio uses previous valid MTM alert_state; hedged_return = unhedged_return * (1 - hedge_ratio)
2021-04-19,2021,Bull market,normal,normal,0,2.529943,2.529943,1.895538,1.843813,-11.822746,-11.822746,3.812617,3.812617,-6.295347,-6.295347,hedge ratio uses previous valid MTM alert_state; hedged_return = unhedged_return * (1 - hedge_ratio)
2021-04-20,2021,Bull market,normal,normal,0,-0.251742,-0.251742,1.890766,1.839172,-12.044725,-12.044725,3.696983,3.696983,-6.295347,-6.295347,hedge ratio uses previous valid MTM alert_state; hedged_return = unhedged_return * (1 - hedge_ratio)
2021-04-21,2021,Bull market,normal,normal,0,-1.367516,-1.367516,1.86491,1.814021,-13.247527,-13.247527,3.599976,3.599976,-6.295347,-6.295347,hedge ratio uses previous valid MTM alert_state; hedged_return = unhedged_return * (1 - hedge_ratio)
2021-04-22,2021,Bull market,normal,normal,0,-2.158525,-2.158525,1.824655,1.774865,-15.120101,-15.120101,3.530127,3.530127,-6.295347,-6.295347,hedge ratio uses previous valid MTM alert_state; hedged_return = unhedged_return * (1 - hedge_ratio)
2021-04-23,2021,Bull market,stress,normal,0,-12.737565,-12.737565,1.592239,1.54879,-25.931734,-25.931734,4.631287,4.631287,-6.295347,-6.295347,hedge ratio uses previous valid MTM alert_state; hedged_return = unhedged_return * (1 - hedge_ratio)
2021-04-24,2021,Bull market,stress,stress,0.25,0.381257,0.285943,1.598309,1.553219,-25.649343,-25.719941,4.491171,4.490746,-8.761143,-8.761143,hedge ratio uses previous valid MTM alert_state; hedged_return = unhedged_return * (1 - hedge_ratio)
2021-04-25,2021,Bull market,stress,stress,0.25,1.147936,0.860952,1.616657,1.566591,-24.795845,-25.080425,4.363421,4.359044,-8.761143,-8.761143,hedge ratio uses previous valid MTM alert_state; hedged_return = unhedged_return * (1 - hedge_ratio)
2021-04-26,2021,Bull market,normal,stress,0.25,2.826945,2.120209,1.662359,1.599806,-22.669865,-23.491974,4.28679,4.25804,-8.761143,-8.761143,hedge ratio uses previous valid MTM alert_state; hedged_return = unhedged_return * (1 - hedge_ratio)
2021-04-27,2021,Bull market,normal,normal,0,0.174452,0.174452,1.665259,1.602597,-22.534961,-23.358504,4.156417,4.128544,-8.761143,-8.761143,hedge ratio uses previous valid MTM alert_state; hedged_return = unhedged_return * (1 - hedge_ratio)
2021-04-28,2021,Bull market,normal,normal,0,0.130596,0.130596,1.667433,1.60469,-22.433795,-23.258413,4.029923,4.0029,-8.761143,-8.761143,hedge ratio uses previous valid MTM alert_state; hedged_return = unhedged_return * (1 - hedge_ratio)
2021-04-29,2021,Bull market,watch,normal,0,0.457865,0.457865,1.675068,1.612037,-22.078646,-22.90704,3.908765,3.882576,-8.761143,-8.761143,hedge ratio uses previous valid MTM alert_state; hedged_return = unhedged_return * (1 - hedge_ratio)
2021-04-30,2021,Bull market,watch,,,,,1.675068,1.612037,-22.078646,-22.90704,3.908765,3.882576,-8.761143,-8.761143,hedge ratio uses previous valid MTM alert_state; hedged_return = unhedged_return * (1 - hedge_ratio)
2021-05-01,2021,Bull market,watch,,,,,1.675068,1.612037,-22.078646,-22.90704,3.908765,3.882576,-8.761143,-8.761143,hedge ratio uses previous valid MTM alert_state; hedged_return = unhedged_return * (1 - hedge_ratio)
2021-05-02,2021,Bull market,watch,,,,,1.675068,1.612037,-22.078646,-22.90704,3.908765,3.882576,-8.761143,-8.761143,hedge ratio uses previous valid MTM alert_state; hedged_return = unhedged_return * (1 - hedge_ratio)
2021-05-03,2021,Bull market,watch,,,,,1.675068,1.612037,-22.078646,-22.90704,3.908765,3.882576,-8.761143,-8.761143,hedge ratio uses previous valid MTM alert_state; hedged_return = unhedged_return * (1 - hedge_ratio)
2021-05-04,2021,Bull market,watch,,,,,1.675068,1.612037,-22.078646,-22.90704,3.908765,3.882576,-8.761143,-8.761143,hedge ratio uses previous valid MTM alert_state; hedged_return = unhedged_return * (1 - hedge_ratio)
2021-05-05,2021,Bull market,watch,,,,,1.675068,1.612037,-22.078646,-22.90704,3.908765,3.882576,-8.761143,-8.761143,hedge ratio uses previous valid MTM alert_state; hedged_return = unhedged_return * (1 - hedge_ratio)
2021-05-06,2021,Bull market,watch,,,,,1.675068,1.612037,-22.078646,-22.90704,3.908765,3.882576,-8.761143,-8.761143,hedge ratio uses previous valid MTM alert_state; hedged_return = unhedged_return * (1 - hedge_ratio)
2021-05-07,2021,Bull market,watch,,,,,1.675068,1.612037,-22.078646,-22.90704,3.908765,3.882576,-8.761143,-8.761143,hedge ratio uses previous valid MTM alert_state; hedged_return = unhedged_return * (1 - hedge_ratio)
2021-05-08,2021,Bull market,watch,watch,0,1.96938,1.96938,1.708057,1.643784,-20.544079,-21.388787,3.820267,3.795081,-8.761143,-8.761143,hedge ratio uses previous valid MTM alert_state; hedged_return = unhedged_return * (1 - hedge_ratio)
2021-05-09,2021,Bull market,watch,watch,0,-1.464662,-1.464662,1.683039,1.619709,-21.707839,-22.540176,3.721221,3.696917,-8.761143,-8.761143,hedge ratio uses previous valid MTM alert_state; hedged_return = unhedged_return * (1 - hedge_ratio)
2021-05-10,2021,Bull market,watch,watch,0,-0.030892,-0.030892,1.682519,1.619208,-21.732025,-22.564104,3.607866,3.584302,-8.761143,-8.761143,hedge ratio uses previous valid MTM alert_state; hedged_return = unhedged_return * (1 - hedge_ratio)
2021-05-11,2021,Bull market,watch,watch,0,-0.680993,-0.680993,1.671062,1.608182,-22.265025,-23.091437,3.501931,3.479111,-8.761143,-8.761143,hedge ratio uses previous valid MTM alert_state; hedged_return = unhedged_return * (1 - hedge_ratio)
2021-05-12,2021,Bull market,watch,watch,0,1.603019,1.603019,1.697849,1.633961,-21.018918,-21.858579,3.417878,3.3959,-8.761143,-8.761143,hedge ratio uses previous valid MTM alert_state; hedged_return = unhedged_return * (1 - hedge_ratio)
2021-05-13,2021,Bull market,watch,watch,0,-10.088635,-10.088635,1.526559,1.469117,-28.987032,-29.741981,4.13374,4.116679,-8.761143,-8.761143,hedge ratio uses previous valid MTM alert_state; hedged_return = unhedged_return * (1 - hedge_ratio)
2021-05-14,2021,Bull market,watch,watch,0,-1.413319,-1.413319,1.504984,1.448353,-29.990671,-30.734951,4.022734,4.006254,-9.491668,-9.491668,hedge ratio uses previous valid MTM alert_state; hedged_return = unhedged_return * (1 - hedge_ratio)
2021-05-15,2021,Bull market,stress,watch,0,-2.90732,-2.90732,1.461229,1.406245,-32.026067,-32.748708,3.964668,3.948951,-9.491668,-9.491668,hedge ratio uses previous valid MTM alert_state; hedged_return = unhedged_return * (1 - hedge_ratio)
2021-05-16,2021,Bull market,stress,stress,0.25,-0.031082,-0.023311,1.460775,1.405917,-32.047194,-32.764385,3.843896,3.828654,-9.491668,-9.491668,hedge ratio uses previous valid MTM alert_state; hedged_return = unhedged_return * (1 - hedge_ratio)
2021-05-17,2021,Bull market,stress,stress,0.25,-7.370461,-5.527846,1.353109,1.3282,-37.055629,-36.481066,4.141066,3.951266,-9.491668,-9.491668,hedge ratio uses previous valid MTM alert_state; hedged_return = unhedged_return * (1 - hedge_ratio)
2021-05-18,2021,Bull market,stress,stress,0.25,-3.075756,-2.306817,1.311491,1.297561,-38.991644,-37.946332,4.084989,3.872343,-9.491668,-9.491668,hedge ratio uses previous valid MTM alert_state; hedged_return = unhedged_return * (1 - hedge_ratio)
2021-05-19,2021,Bull market,stress,stress,0.25,-18.002004,-13.501503,1.075396,1.122371,-49.974371,-46.32451,5.927077,5.003276,-9.491668,-9.491668,hedge ratio uses previous valid MTM alert_state; hedged_return = unhedged_return * (1 - hedge_ratio)
2021-05-20,2021,Bull market,stress,stress,0.25,17.514624,13.135968,1.263748,1.269805,-41.21257,-39.273714,7.171342,5.820999,-11.545546,-11.545546,hedge ratio uses previous valid MTM alert_state; hedged_return = unhedged_return * (1 - hedge_ratio)
2021-05-21,2021,Bull market,stress,stress,0.25,-5.279794,-3.959845,1.197025,1.219523,-44.316425,-41.678382,7.072131,5.726413,-11.545546,-11.545546,hedge ratio uses previous valid MTM alert_state; hedged_return = unhedged_return * (1 - hedge_ratio)
2021-05-22,2021,Bull market,crisis,stress,0.25,-6.63313,-4.974847,1.117624,1.158853,-48.009989,-44.579793,7.046562,5.684122,-11.545546,-11.545546,hedge ratio uses previous valid MTM alert_state; hedged_return = unhedged_return * (1 - hedge_ratio)
2021-05-23,2021,Bull market,crisis,crisis,0.5,-10.610411,-5.305205,0.99904,1.097374,-53.526343,-47.519949,7.309558,5.662102,-11.545546,-11.545546,hedge ratio uses previous valid MTM alert_state; hedged_return = unhedged_return * (1 - hedge_ratio)
2021-05-24,2021,Bull market,stress,crisis,0.5,12.436824,6.218412,1.123289,1.165613,-47.746496,-44.256523,7.713906,5.697013,-11.780346,-11.545546,hedge ratio uses previous valid MTM alert_state; hedged_return = unhedged_return * (1 - hedge_ratio)
2021-05-25,2021,Bull market,stress,stress,0.25,0.318859,0.239144,1.12687,1.168401,-47.579881,-44.123216,7.479317,5.52377,-11.780346,-11.545546,hedge ratio uses previous valid MTM alert_state; hedged_return = unhedged_return * (1 - hedge_ratio)
2021-05-26,2021,Bull market,stress,stress,0.25,3.759224,2.819418,1.169232,1.201343,-45.609292,-42.547816,7.309697,5.399838,-11.780346,-11.545546,hedge ratio uses previous valid MTM alert_state; hedged_return = unhedged_return * (1 - hedge_ratio)
2021-05-27,2021,Bull market,stress,stress,0.25,2.892136,2.169102,1.203048,1.227401,-44.036238,-41.301619,7.122334,5.26223,-11.780346,-11.545546,hedge ratio uses previous valid MTM alert_state; hedged_return = unhedged_return * (1 - hedge_ratio)
2021-05-28,2021,Bull market,watch,,,,,1.203048,1.227401,-44.036238,-41.301619,7.122334,5.26223,-11.780346,-11.545546,hedge ratio uses previous valid MTM alert_state; hedged_return = unhedged_return * (1 - hedge_ratio)
2021-05-29,2021,Bull market,watch,,,,,1.203048,1.227401,-44.036238,-41.301619,7.122334,5.26223,-11.780346,-11.545546,hedge ratio uses previous valid MTM alert_state; hedged_return = unhedged_return * (1 - hedge_ratio)
2021-05-30,2021,Bull market,watch,,,,,1.203048,1.227401,-44.036238,-41.301619,7.122334,5.26223,-11.780346,-11.545546,hedge ratio uses previous valid MTM alert_state; hedged_return = unhedged_return * (1 - hedge_ratio)
2021-05-31,2021,Bull market,watch,,,,,1.203048,1.227401,-44.036238,-41.301619,7.122334,5.26223,-11.780346,-11.545546,hedge ratio uses previous valid MTM alert_state; hedged_return = unhedged_return * (1 - hedge_ratio)
2021-06-01,2021,Bull market,watch,,,,,1.203048,1.227401,-44.036238,-41.301619,7.122334,5.26223,-11.780346,-11.545546,hedge ratio uses previous valid MTM alert_state; hedged_return = unhedged_return * (1 - hedge_ratio)
2021-06-02,2021,Bull market,watch,,,,,1.203048,1.227401,-44.036238,-41.301619,7.122334,5.26223,-11.780346,-11.545546,hedge ratio uses previous valid MTM alert_state; hedged_return = unhedged_return * (1 - hedge_ratio)
2021-06-03,2021,Bull market,watch,,,,,1.203048,1.227401,-44.036238,-41.301619,7.122334,5.26223,-11.780346,-11.545546,hedge ratio uses previous valid MTM alert_state; hedged_return = unhedged_return * (1 - hedge_ratio)
2021-06-04,2021,Bull market,crisis,,,,,1.203048,1.227401,-44.036238,-41.301619,7.122334,5.26223,-11.780346,-11.545546,hedge ratio uses previous valid MTM alert_state; hedged_return = unhedged_return * (1 - hedge_ratio)
2021-06-05,2021,Bull market,crisis,crisis,0.5,-2.025917,-1.012958,1.178675,1.214968,-45.170018,-41.89621,6.923167,5.107951,-11.780346,-11.545546,hedge ratio uses previous valid MTM alert_state; hedged_return = unhedged_return * (1 - hedge_ratio)
2021-06-06,2021,Bull market,crisis,crisis,0.5,0.217986,0.108993,1.181244,1.216292,-45.050496,-41.83288,6.712472,4.952414,-11.780346,-11.545546,hedge ratio uses previous valid MTM alert_state; hedged_return = unhedged_return * (1 - hedge_ratio)
2021-06-07,2021,Bull market,stress,crisis,0.5,2.102331,1.051166,1.206078,1.229077,-43.895276,-41.221448,6.528325,4.808442,-11.780346,-11.545546,hedge ratio uses previous valid MTM alert_state; hedged_return = unhedged_return * (1 - hedge_ratio)
2021-06-08,2021,Bull market,crisis,stress,0.25,-9.169472,-6.877104,1.095487,1.144553,-49.039783,-45.26371,6.716148,4.956967,-11.780346,-11.545546,hedge ratio uses previous valid MTM alert_state; hedged_return = unhedged_return * (1 - hedge_ratio)
2021-06-09,2021,Bull market,crisis,crisis,0.5,7.851325,3.925663,1.181497,1.189484,-45.03873,-43.114948,6.789613,4.901212,-10.375612,-8.643446,hedge ratio uses previous valid MTM alert_state; hedged_return = unhedged_return * (1 - hedge_ratio)
2021-06-10,2021,Bull market,stress,crisis,0.5,7.262309,3.631155,1.267301,1.232676,-41.047273,-41.049364,6.818899,4.834427,-10.375612,-8.643446,hedge ratio uses previous valid MTM alert_state; hedged_return = unhedged_return * (1 - hedge_ratio)
2021-06-11,2021,Bull market,crisis,stress,0.25,-2.551572,-1.913679,1.234965,1.209086,-42.551494,-42.17749,6.640645,4.710532,-10.375612,-8.643446,hedge ratio uses previous valid MTM alert_state; hedged_return = unhedged_return * (1 - hedge_ratio)
2021-06-12,2021,Bull market,crisis,crisis,0.5,-2.775762,-1.387881,1.200685,1.192306,-44.146128,-42.979997,6.474146,4.579666,-10.375612,-8.643446,hedge ratio uses previous valid MTM alert_state; hedged_return = unhedged_return * (1 - hedge_ratio)
2021-06-13,2021,Bull market,crisis,crisis,0.5,0.246677,0.123339,1.203647,1.193776,-44.008349,-42.90967,6.277208,4.440254,-10.375612,-8.643446,hedge ratio uses previous valid MTM alert_state; hedged_return = unhedged_return * (1 - hedge_ratio)
2021-06-14,2021,Bull market,stress,crisis,0.5,6.150899,3.07545,1.277682,1.23049,-40.56436,-41.153885,6.269702,4.370401,-10.375612,-8.643446,hedge ratio uses previous valid MTM alert_state; hedged_return = unhedged_return * (1 - hedge_ratio)
2021-06-15,2021,Bull market,stress,stress,0.25,0.960007,0.720005,1.289948,1.23935,-39.993773,-40.73019,6.083248,4.24093,-10.375612,-8.643446,hedge ratio uses previous valid MTM alert_state; hedged_return = unhedged_return * (1 - hedge_ratio)
2021-06-16,2021,Bull market,stress,stress,0.25,0.100048,0.075036,1.291239,1.24028,-39.933738,-40.685717,5.897979,4.111775,-10.375612,-8.643446,hedge ratio uses previous valid MTM alert_state; hedged_return = unhedged_return * (1 - hedge_ratio)
2021-06-17,2021,Bull market,stress,stress,0.25,0.254903,0.191177,1.29453,1.242651,-39.780627,-40.572321,5.718643,3.986789,-10.375612,-8.643446,hedge ratio uses previous valid MTM alert_state; hedged_return = unhedged_return * (1 - hedge_ratio)
2021-06-18,2021,Bull market,crisis,stress,0.25,-4.442314,-3.331735,1.237023,1.201249,-42.455761,-42.552294,5.6502,3.95055,-10.375612,-8.643446,hedge ratio uses previous valid MTM alert_state; hedged_return = unhedged_return * (1 - hedge_ratio)
2021-06-19,2021,Bull market,crisis,crisis,0.5,-2.840638,-1.420319,1.201884,1.184188,-44.090385,-43.368235,5.522085,3.845968,-10.375612,-8.643446,hedge ratio uses previous valid MTM alert_state; hedged_return = unhedged_return * (1 - hedge_ratio)
2021-06-20,2021,Bull market,crisis,crisis,0.5,-5.079369,-2.539684,1.140836,1.154113,-46.93024,-44.806503,5.496528,3.780342,-10.375612,-8.643446,hedge ratio uses previous valid MTM alert_state; hedged_return = unhedged_return * (1 - hedge_ratio)
2021-06-21,2021,Bull market,stress,crisis,0.5,-2.06167,-1.030835,1.117315,1.142216,-48.024364,-45.375457,5.352956,3.673865,-9.961988,-6.269938,hedge ratio uses previous valid MTM alert_state; hedged_return = unhedged_return * (1 - hedge_ratio)
2021-06-22,2021,Bull market,stress,stress,0.25,-11.086798,-8.315098,0.993441,1.047239,-53.786797,-49.917542,5.857467,4.103157,-9.961988,-6.269938,hedge ratio uses previous valid MTM alert_state; hedged_return = unhedged_return * (1 - hedge_ratio)
2021-06-23,2021,Bull market,crisis,stress,0.25,15.293397,11.470048,1.145372,1.167358,-46.719229,-44.17306,6.803279,4.870263,-10.872424,-7.668001,hedge ratio uses previous valid MTM alert_state; hedged_return = unhedged_return * (1 - hedge_ratio)
2021-06-24,2021,Bull market,crisis,crisis,0.5,0.687744,0.343872,1.153249,1.171373,-46.352794,-43.981086,6.598174,4.722646,-10.872424,-7.668001,hedge ratio uses previous valid MTM alert_state; hedged_return = unhedged_return * (1 - hedge_ratio)
2021-06-25,2021,Bull market,watch,,,,,1.153249,1.171373,-46.352794,-43.981086,6.598174,4.722646,-10.872424,-7.668001,hedge ratio uses previous valid MTM alert_state; hedged_return = unhedged_return * (1 - hedge_ratio)
2021-06-26,2021,Bull market,watch,,,,,1.153249,1.171373,-46.352794,-43.981086,6.598174,4.722646,-10.872424,-7.668001,hedge ratio uses previous valid MTM alert_state; hedged_return = unhedged_return * (1 - hedge_ratio)
2021-06-27,2021,Bull market,watch,,,,,1.153249,1.171373,-46.352794,-43.981086,6.598174,4.722646,-10.872424,-7.668001,hedge ratio uses previous valid MTM alert_state; hedged_return = unhedged_return * (1 - hedge_ratio)
2021-06-28,2021,Bull market,watch,,,,,1.153249,1.171373,-46.352794,-43.981086,6.598174,4.722646,-10.872424,-7.668001,hedge ratio uses previous valid MTM alert_state; hedged_return = unhedged_return * (1 - hedge_ratio)
2021-06-29,2021,Bull market,watch,,,,,1.153249,1.171373,-46.352794,-43.981086,6.598174,4.722646,-10.872424,-7.668001,hedge ratio uses previous valid MTM alert_state; hedged_return = unhedged_return * (1 - hedge_ratio)
2021-06-30,2021,Bull market,watch,,,,,1.153249,1.171373,-46.352794,-43.981086,6.598174,4.722646,-10.872424,-7.668001,hedge ratio uses previous valid MTM alert_state; hedged_return = unhedged_return * (1 - hedge_ratio)
2021-07-01,2021,Bull market,watch,,,,,1.153249,1.171373,-46.352794,-43.981086,6.598174,4.722646,-10.872424,-7.668001,hedge ratio uses previous valid MTM alert_state; hedged_return = unhedged_return * (1 - hedge_ratio)
2021-07-02,2021,Bull market,watch,,,,,1.153249,1.171373,-46.352794,-43.981086,6.598174,4.722646,-10.872424,-7.668001,hedge ratio uses previous valid MTM alert_state; hedged_return = unhedged_return * (1 - hedge_ratio)
2021-07-03,2021,Bull market,watch,,,,,1.153249,1.171373,-46.352794,-43.981086,6.598174,4.722646,-10.872424,-7.668001,hedge ratio uses previous valid MTM alert_state; hedged_return = unhedged_return * (1 - hedge_ratio)
2021-07-04,2021,Bull market,watch,,,,,1.153249,1.171373,-46.352794,-43.981086,6.598174,4.722646,-10.872424,-7.668001,hedge ratio uses previous valid MTM alert_state; hedged_return = unhedged_return * (1 - hedge_ratio)
2021-07-05,2021,Bull market,watch,,,,,1.153249,1.171373,-46.352794,-43.981086,6.598174,4.722646,-10.872424,-7.668001,hedge ratio uses previous valid MTM alert_state; hedged_return = unhedged_return * (1 - hedge_ratio)
2021-07-06,2021,Bull market,watch,,,,,1.153249,1.171373,-46.352794,-43.981086,6.598174,4.722646,-10.872424,-7.668001,hedge ratio uses previous valid MTM alert_state; hedged_return = unhedged_return * (1 - hedge_ratio)
2021-07-07,2021,Bull market,watch,,,,,1.153249,1.171373,-46.352794,-43.981086,6.598174,4.722646,-10.872424,-7.668001,hedge ratio uses previous valid MTM alert_state; hedged_return = unhedged_return * (1 - hedge_ratio)
2021-07-08,2021,Bull market,watch,,,,,1.153249,1.171373,-46.352794,-43.981086,6.598174,4.722646,-10.872424,-7.668001,hedge ratio uses previous valid MTM alert_state; hedged_return = unhedged_return * (1 - hedge_ratio)
2021-07-09,2021,Bull market,crisis,,,,,1.153249,1.171373,-46.352794,-43.981086,6.598174,4.722646,-10.872424,-7.668001,hedge ratio uses previous valid MTM alert_state; hedged_return = unhedged_return * (1 - hedge_ratio)
2021-07-10,2021,Bull market,crisis,crisis,0.5,0.850526,0.425263,1.163058,1.176354,-45.89651,-43.742859,6.400559,4.57996,-10.872424,-7.668001,hedge ratio uses previous valid MTM alert_state; hedged_return = unhedged_return * (1 - hedge_ratio)
2021-07-11,2021,Bull market,crisis,crisis,0.5,1.112296,0.556148,1.175994,1.182896,-45.294719,-43.429986,6.21155,4.442525,-10.872424,-7.668001,hedge ratio uses previous valid MTM alert_state; hedged_return = unhedged_return * (1 - hedge_ratio)
2021-07-12,2021,Bull market,stress,crisis,0.5,-0.60814,-0.30407,1.168843,1.179299,-45.627404,-43.601998,6.024163,4.307832,-9.961988,-6.16975,hedge ratio uses previous valid MTM alert_state; hedged_return = unhedged_return * (1 - hedge_ratio)
2021-07-13,2021,Bull market,stress,stress,0.25,-2.107608,-1.580706,1.144208,1.160658,-46.773365,-44.493485,5.863415,4.194507,-9.961988,-6.16975,hedge ratio uses previous valid MTM alert_state; hedged_return = unhedged_return * (1 - hedge_ratio)
2021-07-14,2021,Bull market,stress,stress,0.25,0.873816,0.655362,1.154206,1.168265,-46.308262,-44.129716,5.68882,4.069893,-9.961988,-6.16975,hedge ratio uses previous valid MTM alert_state; hedged_return = unhedged_return * (1 - hedge_ratio)
2021-07-15,2021,Bull market,stress,stress,0.25,-3.019515,-2.264636,1.119355,1.141808,-47.929492,-45.394975,5.564886,3.984708,-9.961988,-6.16975,hedge ratio uses previous valid MTM alert_state; hedged_return = unhedged_return * (1 - hedge_ratio)
2021-07-16,2021,Bull market,stress,stress,0.25,-1.955529,-1.466647,1.097466,1.125061,-48.947746,-46.195838,5.416579,3.879986,-7.328926,-5.281688,hedge ratio uses previous valid MTM alert_state; hedged_return = unhedged_return * (1 - hedge_ratio)
2021-07-17,2021,Bull market,stress,stress,0.25,-0.002341,-0.001756,1.09744,1.125042,-48.948941,-46.196782,5.251568,3.761786,-7.328926,-5.281688,hedge ratio uses previous valid MTM alert_state; hedged_return = unhedged_return * (1 - hedge_ratio)
2021-07-18,2021,Bull market,stress,stress,0.25,0.348717,0.261538,1.101267,1.127984,-48.770918,-46.056067,5.0923,3.647749,-7.328926,-5.281688,hedge ratio uses previous valid MTM alert_state; hedged_return = unhedged_return * (1 - hedge_ratio)
2021-07-19,2021,Bull market,stress,stress,0.25,-2.532348,-1.899261,1.073379,1.106561,-50.068216,-47.080603,4.975982,3.567091,-7.328926,-5.281688,hedge ratio uses previous valid MTM alert_state; hedged_return = unhedged_return * (1 - hedge_ratio)
2021-07-20,2021,Bull market,stress,stress,0.25,-3.382819,-2.537114,1.037068,1.078486,-51.757318,-48.423228,4.895037,3.513817,-7.328926,-5.281688,hedge ratio uses previous valid MTM alert_state; hedged_return = unhedged_return * (1 - hedge_ratio)
2021-07-21,2021,Bull market,stress,stress,0.25,6.379999,4.784999,1.103233,1.130092,-48.679435,-45.95528,4.996595,3.602758,-7.328926,-5.281688,hedge ratio uses previous valid MTM alert_state; hedged_return = unhedged_return * (1 - hedge_ratio)
2021-07-22,2021,Bull market,stress,stress,0.25,2.188236,1.641177,1.127375,1.148638,-47.55642,-45.068311,4.873942,3.516061,-7.328926,-5.281688,hedge ratio uses previous valid MTM alert_state; hedged_return = unhedged_return * (1 - hedge_ratio)
2021-07-23,2021,Bull market,stress,stress,0.25,0.097657,0.073243,1.128476,1.14948,-47.505206,-45.028077,4.725522,3.408995,-7.328926,-5.281688,hedge ratio uses previous valid MTM alert_state; hedged_return = unhedged_return * (1 - hedge_ratio)
2021-07-24,2021,Bull market,stress,stress,0.25,2.162361,1.621771,1.152877,1.168122,-46.370079,-44.136559,4.612079,3.328931,-4.792694,-2.975313,hedge ratio uses previous valid MTM alert_state; hedged_return = unhedged_return * (1 - hedge_ratio)
2021-07-25,2021,Bull market,stress,stress,0.25,1.108671,0.831503,1.165659,1.177835,-45.775499,-43.672052,4.479816,3.233938,-4.792694,-2.975313,hedge ratio uses previous valid MTM alert_state; hedged_return = unhedged_return * (1 - hedge_ratio)
2021-07-26,2021,Bull market,stress,stress,0.25,2.999791,2.249843,1.200626,1.204334,-44.148878,-42.404762,4.405059,3.183483,-4.792694,-2.975313,hedge ratio uses previous valid MTM alert_state; hedged_return = unhedged_return * (1 - hedge_ratio)
2021-07-27,2021,Bull market,stress,stress,0.25,-0.836752,-0.627564,1.19058,1.196776,-44.616213,-42.766209,4.275779,3.090327,-4.792694,-2.975313,hedge ratio uses previous valid MTM alert_state; hedged_return = unhedged_return * (1 - hedge_ratio)
2021-07-28,2021,Bull market,stress,stress,0.25,-0.244522,-0.183391,1.187669,1.194581,-44.751638,-42.871171,4.145954,2.99652,-4.792694,-2.975313,hedge ratio uses previous valid MTM alert_state; hedged_return = unhedged_return * (1 - hedge_ratio)
2021-07-29,2021,Bull market,stress,stress,0.25,1.203096,0.902322,1.201958,1.20536,-44.086948,-42.355685,4.03044,2.913629,-4.792694,-2.975313,hedge ratio uses previous valid MTM alert_state; hedged_return = unhedged_return * (1 - hedge_ratio)
2021-07-30,2021,Bull market,watch,,,,,1.201958,1.20536,-44.086948,-42.355685,4.03044,2.913629,-4.792694,-2.975313,hedge ratio uses previous valid MTM alert_state; hedged_return = unhedged_return * (1 - hedge_ratio)
2021-07-31,2021,Bull market,watch,,,,,1.201958,1.20536,-44.086948,-42.355685,4.03044,2.913629,-4.792694,-2.975313,hedge ratio uses previous valid MTM alert_state; hedged_return = unhedged_return * (1 - hedge_ratio)
2021-08-01,2021,Bull market,watch,,,,,1.201958,1.20536,-44.086948,-42.355685,4.03044,2.913629,-4.792694,-2.975313,hedge ratio uses previous valid MTM alert_state; hedged_return = unhedged_return * (1 - hedge_ratio)
2021-08-02,2021,Bull market,watch,,,,,1.201958,1.20536,-44.086948,-42.355685,4.03044,2.913629,-4.792694,-2.975313,hedge ratio uses previous valid MTM alert_state; hedged_return = unhedged_return * (1 - hedge_ratio)
2021-08-03,2021,Bull market,watch,,,,,1.201958,1.20536,-44.086948,-42.355685,4.03044,2.913629,-4.792694,-2.975313,hedge ratio uses previous valid MTM alert_state; hedged_return = unhedged_return * (1 - hedge_ratio)
2021-08-04,2021,Bull market,watch,,,,,1.201958,1.20536,-44.086948,-42.355685,4.03044,2.913629,-4.792694,-2.975313,hedge ratio uses previous valid MTM alert_state; hedged_return = unhedged_return * (1 - hedge_ratio)
2021-08-05,2021,Bull market,watch,,,,,1.201958,1.20536,-44.086948,-42.355685,4.03044,2.913629,-4.792694,-2.975313,hedge ratio uses previous valid MTM alert_state; hedged_return = unhedged_return * (1 - hedge_ratio)
2021-08-06,2021,Bull market,watch,,,,,1.201958,1.20536,-44.086948,-42.355685,4.03044,2.913629,-4.792694,-2.975313,hedge ratio uses previous valid MTM alert_state; hedged_return = unhedged_return * (1 - hedge_ratio)
2021-08-07,2021,Bull market,watch,watch,0,2.252551,2.252551,1.229032,1.232512,-42.827478,-41.057217,3.946418,2.878249,-4.792694,-2.975313,hedge ratio uses previous valid MTM alert_state; hedged_return = unhedged_return * (1 - hedge_ratio)
2021-08-08,2021,Bull market,watch,watch,0,2.574214,2.574214,1.26067,1.264239,-41.355735,-39.539904,3.877803,2.860918,-4.792694,-2.975313,hedge ratio uses previous valid MTM alert_state; hedged_return = unhedged_return * (1 - hedge_ratio)
2021-08-09,2021,Bull market,watch,watch,0,0.557837,0.557837,1.267703,1.271291,-41.028595,-39.202635,3.762152,2.777127,-4.792694,-2.975313,hedge ratio uses previous valid MTM alert_state; hedged_return = unhedged_return * (1 - hedge_ratio)
2021-08-10,2021,Bull market,watch,watch,0,-1.327378,-1.327378,1.250876,1.254417,-41.811369,-40.009646,3.662005,2.712085,-4.792694,-2.975313,hedge ratio uses previous valid MTM alert_state; hedged_return = unhedged_return * (1 - hedge_ratio)
2021-08-11,2021,Bull market,watch,watch,0,3.484237,3.484237,1.294459,1.298123,-39.783939,-37.91944,3.651583,2.764502,-4.315921,-2.538528,hedge ratio uses previous valid MTM alert_state; hedged_return = unhedged_return * (1 - hedge_ratio)
2021-08-12,2021,Bull market,watch,watch,0,-0.989708,-0.989708,1.281648,1.285276,-40.379902,-38.533856,3.548631,2.691226,-4.315921,-2.538528,hedge ratio uses previous valid MTM alert_state; hedged_return = unhedged_return * (1 - hedge_ratio)
2021-08-13,2021,Bull market,watch,watch,0,5.823119,5.823119,1.35628,1.360119,-36.908153,-34.954609,3.724478,2.973661,-3.219332,-2.414499,hedge ratio uses previous valid MTM alert_state; hedged_return = unhedged_return * (1 - hedge_ratio)
2021-08-14,2021,Bull market,watch,watch,0,0.131425,0.131425,1.358062,1.361907,-36.825234,-34.869123,3.611159,2.883251,-3.219332,-2.414499,hedge ratio uses previous valid MTM alert_state; hedged_return = unhedged_return * (1 - hedge_ratio)
2021-08-15,2021,Bull market,watch,watch,0,-0.27986,-0.27986,1.354261,1.358095,-37.002035,-35.051399,3.50182,2.796256,-2.80029,-2.100217,hedge ratio uses previous valid MTM alert_state; hedged_return = unhedged_return * (1 - hedge_ratio)
2021-08-16,2021,Bull market,watch,watch,0,0.954344,0.954344,1.367186,1.371056,-36.400818,-34.431566,3.403179,2.72113,-2.80029,-2.100217,hedge ratio uses previous valid MTM alert_state; hedged_return = unhedged_return * (1 - hedge_ratio)
2021-08-17,2021,Bull market,watch,watch,0,0.533109,0.533109,1.374474,1.378365,-36.061765,-34.082014,3.302087,2.641463,-2.80029,-2.100217,hedge ratio uses previous valid MTM alert_state; hedged_return = unhedged_return * (1 - hedge_ratio)
2021-08-18,2021,Bull market,watch,watch,0,-1.286316,-1.286316,1.356794,1.360635,-36.884213,-34.929928,3.21696,2.580303,-2.80029,-2.100217,hedge ratio uses previous valid MTM alert_state; hedged_return = unhedged_return * (1 - hedge_ratio)
2021-08-19,2021,Bull market,watch,watch,0,-0.16777,-0.16777,1.354518,1.358352,-36.990102,-35.039096,3.119229,2.502034,-2.80029,-2.100217,hedge ratio uses previous valid MTM alert_state; hedged_return = unhedged_return * (1 - hedge_ratio)
2021-08-20,2021,Bull market,watch,watch,0,3.254544,3.254544,1.398601,1.402561,-34.939417,-32.924915,3.127513,2.553447,-2.80029,-2.100217,hedge ratio uses previous valid MTM alert_state; hedged_return = unhedged_return * (1 - hedge_ratio)
2021-08-21,2021,Bull market,watch,watch,0,2.226808,2.226808,1.429745,1.433793,-33.490643,-31.431281,3.080905,2.535035,-2.80029,-2.100217,hedge ratio uses previous valid MTM alert_state; hedged_return = unhedged_return * (1 - hedge_ratio)
2021-08-22,2021,Bull market,watch,watch,0,-0.775814,-0.775814,1.418653,1.422669,-34.006632,-31.963247,2.993087,2.465144,-2.80029,-2.100217,hedge ratio uses previous valid MTM alert_state; hedged_return = unhedged_return * (1 - hedge_ratio)
2021-08-23,2021,Bull market,watch,watch,0,1.29224,1.29224,1.436986,1.441054,-33.153839,-31.084049,2.919118,2.410915,-2.272779,-1.704585,hedge ratio uses previous valid MTM alert_state; hedged_return = unhedged_return * (1 - hedge_ratio)
2021-08-24,2021,Bull market,watch,watch,0,-0.871988,-0.871988,1.424455,1.428488,-33.73673,-31.684988,2.838238,2.347207,-1.990111,-1.641914,hedge ratio uses previous valid MTM alert_state; hedged_return = unhedged_return * (1 - hedge_ratio)
2021-08-25,2021,Bull market,watch,watch,0,-0.608475,-0.608475,1.415788,1.419796,-34.139925,-32.100668,2.755808,2.280577,-1.990111,-1.641914,hedge ratio uses previous valid MTM alert_state; hedged_return = unhedged_return * (1 - hedge_ratio)
2021-08-26,2021,Bull market,watch,watch,0,0.045141,0.045141,1.416427,1.420437,-34.110195,-32.070017,2.671877,2.211129,-1.990111,-1.641914,hedge ratio uses previous valid MTM alert_state; hedged_return = unhedged_return * (1 - hedge_ratio)
2021-08-27,2021,Bull market,watch,,,,,1.416427,1.420437,-34.110195,-32.070017,2.671877,2.211129,-1.3089,-1.3089,hedge ratio uses previous valid MTM alert_state; hedged_return = unhedged_return * (1 - hedge_ratio)
2021-08-28,2021,Bull market,watch,,,,,1.416427,1.420437,-34.110195,-32.070017,2.671877,2.211129,-1.3089,-1.3089,hedge ratio uses previous valid MTM alert_state; hedged_return = unhedged_return * (1 - hedge_ratio)
2021-08-29,2021,Bull market,watch,,,,,1.416427,1.420437,-34.110195,-32.070017,2.671877,2.211129,-1.3089,-1.3089,hedge ratio uses previous valid MTM alert_state; hedged_return = unhedged_return * (1 - hedge_ratio)
2021-08-30,2021,Bull market,watch,,,,,1.416427,1.420437,-34.110195,-32.070017,2.671877,2.211129,-1.3089,-1.3089,hedge ratio uses previous valid MTM alert_state; hedged_return = unhedged_return * (1 - hedge_ratio)
2021-08-31,2021,Bull market,watch,,,,,1.416427,1.420437,-34.110195,-32.070017,2.671877,2.211129,-1.3089,-1.3089,hedge ratio uses previous valid MTM alert_state; hedged_return = unhedged_return * (1 - hedge_ratio)
2021-09-01,2021,Bull market,watch,,,,,1.416427,1.420437,-34.110195,-32.070017,2.671877,2.211129,-1.3089,-1.3089,hedge ratio uses previous valid MTM alert_state; hedged_return = unhedged_return * (1 - hedge_ratio)
2021-09-02,2021,Bull market,watch,,,,,1.416427,1.420437,-34.110195,-32.070017,2.671877,2.211129,-1.3089,-1.3089,hedge ratio uses previous valid MTM alert_state; hedged_return = unhedged_return * (1 - hedge_ratio)
2021-09-03,2021,Bull market,watch,,,,,1.416427,1.420437,-34.110195,-32.070017,2.671877,2.211129,-1.3089,-1.3089,hedge ratio uses previous valid MTM alert_state; hedged_return = unhedged_return * (1 - hedge_ratio)
2021-09-04,2021,Bull market,watch,watch,0,-0.007307,-0.007307,1.416323,1.420333,-34.11501,-32.074981,2.590482,2.14377,-1.3089,-1.3089,hedge ratio uses previous valid MTM alert_state; hedged_return = unhedged_return * (1 - hedge_ratio)
2021-09-05,2021,Bull market,watch,watch,0,0.209825,0.209825,1.419295,1.423313,-33.976766,-31.932457,2.512091,2.079098,-1.152842,-1.152842,hedge ratio uses previous valid MTM alert_state; hedged_return = unhedged_return * (1 - hedge_ratio)
2021-09-06,2021,Bull market,watch,watch,0,1.952973,1.952973,1.447014,1.45111,-32.687351,-30.603116,2.482098,2.071747,-1.152842,-1.152842,hedge ratio uses previous valid MTM alert_state; hedged_return = unhedged_return * (1 - hedge_ratio)
2021-09-07,2021,Bull market,watch,watch,0,-0.944002,-0.944002,1.433354,1.437412,-33.322783,-31.258224,2.417567,2.021899,-1.152842,-1.152842,hedge ratio uses previous valid MTM alert_state; hedged_return = unhedged_return * (1 - hedge_ratio)
2021-09-08,2021,Bull market,stress,watch,0,-6.971788,-6.971788,1.333424,1.337198,-37.971377,-36.050755,2.900052,2.599835,-1.152842,-1.152842,hedge ratio uses previous valid MTM alert_state; hedged_return = unhedged_return * (1 - hedge_ratio)
2021-09-09,2021,Bull market,watch,stress,0.25,1.670241,1.252681,1.355695,1.353949,-36.93535,-35.249675,2.841314,2.539241,-1.3089,-1.3089,hedge ratio uses previous valid MTM alert_state; hedged_return = unhedged_return * (1 - hedge_ratio)
2021-09-10,2021,Bull market,stress,watch,0,-4.709526,-4.709526,1.291848,1.290184,-39.905396,-38.299109,2.986547,2.71876,-1.3089,-1.3089,hedge ratio uses previous valid MTM alert_state; hedged_return = unhedged_return * (1 - hedge_ratio)
2021-09-11,2021,Bull market,stress,stress,0.25,0.003329,0.002497,1.291891,1.290217,-39.903396,-38.297568,2.895565,2.635936,-3.187559,-3.187559,hedge ratio uses previous valid MTM alert_state; hedged_return = unhedged_return * (1 - hedge_ratio)
2021-09-12,2021,Bull market,stress,stress,0.25,1.150623,0.862967,1.306756,1.301351,-39.21191,-37.765096,2.821466,2.564362,-3.187559,-3.187559,hedge ratio uses previous valid MTM alert_state; hedged_return = unhedged_return * (1 - hedge_ratio)
2021-09-13,2021,Bull market,stress,stress,0.25,0.135001,0.101251,1.30852,1.302668,-39.129846,-37.702083,2.735713,2.486365,-3.187559,-3.187559,hedge ratio uses previous valid MTM alert_state; hedged_return = unhedged_return * (1 - hedge_ratio)
2021-09-14,2021,Bull market,stress,stress,0.25,0.607441,0.455581,1.316469,1.308603,-38.760095,-37.418266,2.656542,2.413202,-3.187559,-3.187559,hedge ratio uses previous valid MTM alert_state; hedged_return = unhedged_return * (1 - hedge_ratio)
2021-09-15,2021,Bull market,watch,stress,0.25,2.840207,2.130155,1.353859,1.336478,-37.020755,-36.085178,2.667919,2.397162,-3.187559,-3.187559,hedge ratio uses previous valid MTM alert_state; hedged_return = unhedged_return * (1 - hedge_ratio)
2021-09-16,2021,Bull market,watch,watch,0,0.258279,0.258279,1.357356,1.33993,-36.858093,-35.920099,2.587417,2.324995,-3.187559,-3.187559,hedge ratio uses previous valid MTM alert_state; hedged_return = unhedged_return * (1 - hedge_ratio)
2021-09-17,2021,Bull market,watch,watch,0,-1.406956,-1.406956,1.338258,1.321078,-37.746472,-36.821675,2.532156,2.280359,-3.187559,-3.187559,hedge ratio uses previous valid MTM alert_state; hedged_return = unhedged_return * (1 - hedge_ratio)
2021-09-18,2021,Bull market,watch,watch,0,2.358081,2.358081,1.369815,1.35223,-36.278483,-35.331879,2.52205,2.285097,-3.223369,-3.223369,hedge ratio uses previous valid MTM alert_state; hedged_return = unhedged_return * (1 - hedge_ratio)
2021-09-19,2021,Bull market,watch,watch,0,-1.407278,-1.407278,1.350538,1.333201,-37.175222,-36.241939,2.469397,2.242141,-3.223369,-3.223369,hedge ratio uses previous valid MTM alert_state; hedged_return = unhedged_return * (1 - hedge_ratio)
2021-09-20,2021,Bull market,stress,watch,0,-6.416786,-6.416786,1.263877,1.247652,-41.206554,-40.333158,2.86401,2.682549,-3.223514,-3.223514,hedge ratio uses previous valid MTM alert_state; hedged_return = unhedged_return * (1 - hedge_ratio)
2021-09-21,2021,Bull market,watch,stress,0.25,-1.849585,-1.387189,1.240501,1.230345,-42.293989,-41.160849,2.813478,2.622931,-5.648519,-5.648519,hedge ratio uses previous valid MTM alert_state; hedged_return = unhedged_return * (1 - hedge_ratio)
2021-09-22,2021,Bull market,watch,watch,0,-1.487163,-1.487163,1.222052,1.212047,-43.152171,-42.035883,2.751984,2.568984,-5.648519,-5.648519,hedge ratio uses previous valid MTM alert_state; hedged_return = unhedged_return * (1 - hedge_ratio)
2021-09-23,2021,Bull market,watch,watch,0,3.737227,3.737227,1.267723,1.257344,-41.027639,-39.869633,2.82082,2.653622,-5.648519,-5.648519,hedge ratio uses previous valid MTM alert_state; hedged_return = unhedged_return * (1 - hedge_ratio)
2021-09-24,2021,Bull market,watch,,,,,1.267723,1.257344,-41.027639,-39.869633,2.82082,2.653622,-5.648519,-5.648519,hedge ratio uses previous valid MTM alert_state; hedged_return = unhedged_return * (1 - hedge_ratio)
2021-09-25,2021,Bull market,watch,,,,,1.267723,1.257344,-41.027639,-39.869633,2.82082,2.653622,-5.648519,-5.648519,hedge ratio uses previous valid MTM alert_state; hedged_return = unhedged_return * (1 - hedge_ratio)
2021-09-26,2021,Bull market,watch,,,,,1.267723,1.257344,-41.027639,-39.869633,2.82082,2.653622,-5.648519,-5.648519,hedge ratio uses previous valid MTM alert_state; hedged_return = unhedged_return * (1 - hedge_ratio)
2021-09-27,2021,Bull market,watch,,,,,1.267723,1.257344,-41.027639,-39.869633,2.82082,2.653622,-5.648519,-5.648519,hedge ratio uses previous valid MTM alert_state; hedged_return = unhedged_return * (1 - hedge_ratio)
2021-09-28,2021,Bull market,watch,,,,,1.267723,1.257344,-41.027639,-39.869633,2.82082,2.653622,-5.648519,-5.648519,hedge ratio uses previous valid MTM alert_state; hedged_return = unhedged_return * (1 - hedge_ratio)
2021-09-29,2021,Bull market,watch,,,,,1.267723,1.257344,-41.027639,-39.869633,2.82082,2.653622,-5.648519,-5.648519,hedge ratio uses previous valid MTM alert_state; hedged_return = unhedged_return * (1 - hedge_ratio)
2021-09-30,2021,Bull market,watch,,,,,1.267723,1.257344,-41.027639,-39.869633,2.82082,2.653622,-5.648519,-5.648519,hedge ratio uses previous valid MTM alert_state; hedged_return = unhedged_return * (1 - hedge_ratio)
2021-10-01,2021,Bull market,watch,,,,,1.267723,1.257344,-41.027639,-39.869633,2.82082,2.653622,-5.648519,-5.648519,hedge ratio uses previous valid MTM alert_state; hedged_return = unhedged_return * (1 - hedge_ratio)
2021-10-02,2021,Bull market,watch,,,,,1.267723,1.257344,-41.027639,-39.869633,2.82082,2.653622,-5.648519,-5.648519,hedge ratio uses previous valid MTM alert_state; hedged_return = unhedged_return * (1 - hedge_ratio)
2021-10-03,2021,Bull market,watch,,,,,1.267723,1.257344,-41.027639,-39.869633,2.82082,2.653622,-5.648519,-5.648519,hedge ratio uses previous valid MTM alert_state; hedged_return = unhedged_return * (1 - hedge_ratio)
2021-10-04,2021,Bull market,watch,,,,,1.267723,1.257344,-41.027639,-39.869633,2.82082,2.653622,-5.648519,-5.648519,hedge ratio uses previous valid MTM alert_state; hedged_return = unhedged_return * (1 - hedge_ratio)
2021-10-05,2021,Bull market,watch,,,,,1.267723,1.257344,-41.027639,-39.869633,2.82082,2.653622,-5.648519,-5.648519,hedge ratio uses previous valid MTM alert_state; hedged_return = unhedged_return * (1 - hedge_ratio)
2021-10-06,2021,Bull market,watch,,,,,1.267723,1.257344,-41.027639,-39.869633,2.82082,2.653622,-5.648519,-5.648519,hedge ratio uses previous valid MTM alert_state; hedged_return = unhedged_return * (1 - hedge_ratio)
2021-10-07,2021,Bull market,watch,,,,,1.267723,1.257344,-41.027639,-39.869633,2.82082,2.653622,-5.648519,-5.648519,hedge ratio uses previous valid MTM alert_state; hedged_return = unhedged_return * (1 - hedge_ratio)
2021-10-08,2021,Bull market,watch,,,,,1.267723,1.257344,-41.027639,-39.869633,2.82082,2.653622,-5.648519,-5.648519,hedge ratio uses previous valid MTM alert_state; hedged_return = unhedged_return * (1 - hedge_ratio)
2021-10-09,2021,Bull market,watch,watch,0,1.873211,1.873211,1.29147,1.280897,-39.922962,-38.743264,2.77311,2.613378,-5.648519,-5.648519,hedge ratio uses previous valid MTM alert_state; hedged_return = unhedged_return * (1 - hedge_ratio)
2021-10-10,2021,Bull market,watch,watch,0,0.408032,0.408032,1.29674,1.286124,-39.677828,-38.493317,2.690487,2.535734,-5.648519,-5.648519,hedge ratio uses previous valid MTM alert_state; hedged_return = unhedged_return * (1 - hedge_ratio)
2021-10-11,2021,Bull market,watch,watch,0,2.360613,2.360613,1.327351,1.316484,-38.253855,-37.041382,2.671843,2.525569,-5.648519,-5.648519,hedge ratio uses previous valid MTM alert_state; hedged_return = unhedged_return * (1 - hedge_ratio)
2021-10-12,2021,Bull market,watch,watch,0,0.283283,0.283283,1.331111,1.320213,-38.078939,-36.863031,2.591377,2.449613,-5.648519,-5.648519,hedge ratio uses previous valid MTM alert_state; hedged_return = unhedged_return * (1 - hedge_ratio)
2021-10-13,2021,Bull market,watch,watch,0,-2.658096,-2.658096,1.295729,1.285121,-39.72486,-38.541272,2.595429,2.46262,-5.648519,-5.648519,hedge ratio uses previous valid MTM alert_state; hedged_return = unhedged_return * (1 - hedge_ratio)
2021-10-14,2021,Bull market,watch,watch,0,4.507867,4.507867,1.354139,1.343052,-37.007737,-35.770795,2.747968,2.630566,-5.648519,-5.648519,hedge ratio uses previous valid MTM alert_state; hedged_return = unhedged_return * (1 - hedge_ratio)
2021-10-15,2021,Bull market,watch,watch,0,0.428305,0.428305,1.359939,1.348805,-36.737938,-35.495698,2.666318,2.552586,-5.648519,-5.648519,hedge ratio uses previous valid MTM alert_state; hedged_return = unhedged_return * (1 - hedge_ratio)
2021-10-16,2021,Bull market,watch,watch,0,2.777031,2.777031,1.397705,1.386261,-34.981131,-33.704393,2.673091,2.566606,-5.648519,-5.648519,hedge ratio uses previous valid MTM alert_state; hedged_return = unhedged_return * (1 - hedge_ratio)
2021-10-17,2021,Bull market,watch,watch,0,0.239392,0.239392,1.401051,1.38958,-34.825481,-33.545687,2.592321,2.489107,-5.648519,-5.648519,hedge ratio uses previous valid MTM alert_state; hedged_return = unhedged_return * (1 - hedge_ratio)
2021-10-18,2021,Bull market,watch,watch,0,1.905595,1.905595,1.427749,1.41606,-33.583519,-32.279337,2.556325,2.458006,-5.648519,-5.648519,hedge ratio uses previous valid MTM alert_state; hedged_return = unhedged_return * (1 - hedge_ratio)
2021-10-19,2021,Bull market,watch,watch,0,0.424577,0.424577,1.433811,1.422072,-33.30153,-31.991811,2.48063,2.385394,-5.648519,-5.648519,hedge ratio uses previous valid MTM alert_state; hedged_return = unhedged_return * (1 - hedge_ratio)
2021-10-20,2021,Bull market,normal,watch,0,2.519911,2.519911,1.469942,1.457907,-31.620787,-30.278065,2.483004,2.393678,-5.648519,-5.648519,hedge ratio uses previous valid MTM alert_state; hedged_return = unhedged_return * (1 - hedge_ratio)
2021-10-21,2021,Bull market,normal,normal,0,-1.264816,-1.264816,1.451349,1.439467,-32.485659,-31.159919,2.427216,2.341345,-5.648519,-5.648519,hedge ratio uses previous valid MTM alert_state; hedged_return = unhedged_return * (1 - hedge_ratio)
2021-10-22,2021,Bull market,normal,normal,0,-0.476245,-0.476245,1.444438,1.432612,-32.807192,-31.487766,2.356163,2.273014,-5.648519,-5.648519,hedge ratio uses previous valid MTM alert_state; hedged_return = unhedged_return * (1 - hedge_ratio)
2021-10-23,2021,Bull market,normal,normal,0,-0.428131,-0.428131,1.438253,1.426478,-33.094866,-31.781089,2.286791,2.206263,-5.648519,-5.648519,hedge ratio uses previous valid MTM alert_state; hedged_return = unhedged_return * (1 - hedge_ratio)
2021-10-24,2021,Bull market,normal,normal,0,-0.771834,-0.771834,1.427152,1.415468,-33.611262,-32.307625,2.225172,2.14739,-3.786382,-3.786382,hedge ratio uses previous valid MTM alert_state; hedged_return = unhedged_return * (1 - hedge_ratio)
2021-10-25,2021,Bull market,normal,normal,0,3.751321,3.751321,1.48069,1.468567,-31.120807,-29.768267,2.34492,2.275731,-3.786382,-3.786382,hedge ratio uses previous valid MTM alert_state; hedged_return = unhedged_return * (1 - hedge_ratio)
2021-10-26,2021,Bull market,normal,normal,0,-0.97283,-0.97283,1.466285,1.45428,-31.790885,-30.451502,2.285939,2.219233,-2.294266,-2.131176,hedge ratio uses previous valid MTM alert_state; hedged_return = unhedged_return * (1 - hedge_ratio)
2021-10-27,2021,Bull market,normal,normal,0,-4.335885,-4.335885,1.402709,1.391224,-34.748354,-33.467045,2.457637,2.399477,-2.294266,-2.131176,hedge ratio uses previous valid MTM alert_state; hedged_return = unhedged_return * (1 - hedge_ratio)
2021-10-28,2021,Bull market,normal,normal,0,4.240014,4.240014,1.462184,1.450213,-31.981675,-30.646039,2.599277,2.547686,-3.58088,-3.58088,hedge ratio uses previous valid MTM alert_state; hedged_return = unhedged_return * (1 - hedge_ratio)
2021-10-29,2021,Bull market,normal,,,,,1.462184,1.450213,-31.981675,-30.646039,2.599277,2.547686,-3.58088,-3.58088,hedge ratio uses previous valid MTM alert_state; hedged_return = unhedged_return * (1 - hedge_ratio)
2021-10-30,2021,Bull market,normal,,,,,1.462184,1.450213,-31.981675,-30.646039,2.599277,2.547686,-3.58088,-3.58088,hedge ratio uses previous valid MTM alert_state; hedged_return = unhedged_return * (1 - hedge_ratio)
2021-10-31,2021,Bull market,normal,,,,,1.462184,1.450213,-31.981675,-30.646039,2.599277,2.547686,-3.58088,-3.58088,hedge ratio uses previous valid MTM alert_state; hedged_return = unhedged_return * (1 - hedge_ratio)
2021-11-01,2021,Bull market,normal,,,,,1.462184,1.450213,-31.981675,-30.646039,2.599277,2.547686,-3.58088,-3.58088,hedge ratio uses previous valid MTM alert_state; hedged_return = unhedged_return * (1 - hedge_ratio)
2021-11-02,2021,Bull market,normal,,,,,1.462184,1.450213,-31.981675,-30.646039,2.599277,2.547686,-3.58088,-3.58088,hedge ratio uses previous valid MTM alert_state; hedged_return = unhedged_return * (1 - hedge_ratio)
2021-11-03,2021,Bull market,normal,,,,,1.462184,1.450213,-31.981675,-30.646039,2.599277,2.547686,-3.58088,-3.58088,hedge ratio uses previous valid MTM alert_state; hedged_return = unhedged_return * (1 - hedge_ratio)
2021-11-04,2021,Bull market,normal,,,,,1.462184,1.450213,-31.981675,-30.646039,2.599277,2.547686,-3.58088,-3.58088,hedge ratio uses previous valid MTM alert_state; hedged_return = unhedged_return * (1 - hedge_ratio)
2021-11-05,2021,Bull market,normal,,,,,1.462184,1.450213,-31.981675,-30.646039,2.599277,2.547686,-3.58088,-3.58088,hedge ratio uses previous valid MTM alert_state; hedged_return = unhedged_return * (1 - hedge_ratio)
2021-11-06,2021,Bull market,normal,normal,0,-1.438363,-1.438363,1.441152,1.429353,-32.960025,-31.6436,2.544603,2.495074,-3.58088,-3.58088,hedge ratio uses previous valid MTM alert_state; hedged_return = unhedged_return * (1 - hedge_ratio)
2021-11-07,2021,Bull market,normal,normal,0,1.629156,1.629156,1.464631,1.45264,-31.867839,-30.529968,2.49915,2.451759,-3.58088,-3.58088,hedge ratio uses previous valid MTM alert_state; hedged_return = unhedged_return * (1 - hedge_ratio)
2021-11-08,2021,Bull market,normal,normal,0,3.974471,3.974471,1.522842,1.510374,-29.159946,-27.768902,2.611281,2.568704,-3.58088,-3.58088,hedge ratio uses previous valid MTM alert_state; hedged_return = unhedged_return * (1 - hedge_ratio)
2021-11-09,2021,Bull market,normal,normal,0,1.501735,1.501735,1.545711,1.533056,-28.096117,-26.684182,2.558315,2.51747,-3.58088,-3.58088,hedge ratio uses previous valid MTM alert_state; hedged_return = unhedged_return * (1 - hedge_ratio)
2021-11-10,2021,Bull market,normal,normal,0,0.793261,0.793261,1.557973,1.545217,-27.525731,-26.102596,2.487978,2.4485,-3.58088,-3.58088,hedge ratio uses previous valid MTM alert_state; hedged_return = unhedged_return * (1 - hedge_ratio)
2021-11-11,2021,Bull market,normal,normal,0,-0.913402,-0.913402,1.543742,1.531103,-28.187713,-26.777577,2.422538,2.384429,-3.58088,-3.58088,hedge ratio uses previous valid MTM alert_state; hedged_return = unhedged_return * (1 - hedge_ratio)
2021-11-12,2021,Bull market,normal,normal,0,-2.477804,-2.477804,1.505491,1.493165,-29.96708,-28.591885,2.425889,2.390134,-3.58088,-3.58088,hedge ratio uses previous valid MTM alert_state; hedged_return = unhedged_return * (1 - hedge_ratio)
2021-11-13,2021,Bull market,normal,normal,0,1.580942,1.580942,1.529292,1.516772,-28.8599,-27.462964,2.383654,2.349455,-2.576965,-2.576965,hedge ratio uses previous valid MTM alert_state; hedged_return = unhedged_return * (1 - hedge_ratio)
2021-11-14,2021,Bull market,normal,normal,0,-0.163972,-0.163972,1.526784,1.514284,-28.97655,-27.581904,2.311387,2.278236,-2.576965,-2.576965,hedge ratio uses previous valid MTM alert_state; hedged_return = unhedged_return * (1 - hedge_ratio)
2021-11-15,2021,Bull market,normal,normal,0,0.946678,0.946678,1.541238,1.52862,-28.304187,-26.896338,2.252938,2.22097,-2.576965,-2.576965,hedge ratio uses previous valid MTM alert_state; hedged_return = unhedged_return * (1 - hedge_ratio)
2021-11-16,2021,Bull market,normal,normal,0,-5.106337,-5.106337,1.462537,1.450563,-31.965217,-30.629257,2.517075,2.490226,-2.576965,-2.576965,hedge ratio uses previous valid MTM alert_state; hedged_return = unhedged_return * (1 - hedge_ratio)
2021-11-17,2021,Bull market,normal,normal,0,-2.088645,-2.088645,1.43199,1.420266,-33.386222,-32.078166,2.493446,2.467975,-3.58088,-3.58088,hedge ratio uses previous valid MTM alert_state; hedged_return = unhedged_return * (1 - hedge_ratio)
2021-11-18,2021,Bull market,normal,normal,0,-0.947403,-0.947403,1.418423,1.406811,-34.017323,-32.721659,2.428599,2.404017,-3.58088,-3.58088,hedge ratio uses previous valid MTM alert_state; hedged_return = unhedged_return * (1 - hedge_ratio)
2021-11-19,2021,Bull market,normal,normal,0,-4.618925,-4.618925,1.352908,1.341831,-37.065013,-35.829196,2.612331,2.59087,-3.58088,-3.58088,hedge ratio uses previous valid MTM alert_state; hedged_return = unhedged_return * (1 - hedge_ratio)
2021-11-20,2021,Bull market,normal,normal,0,0.509037,0.509037,1.359794,1.348662,-36.744651,-35.502542,2.535817,2.515035,-4.491557,-4.491557,hedge ratio uses previous valid MTM alert_state; hedged_return = unhedged_return * (1 - hedge_ratio)
2021-11-21,2021,Bull market,normal,normal,0,1.159947,1.159947,1.375567,1.364305,-36.010922,-34.754406,2.474929,2.454914,-4.491557,-4.491557,hedge ratio uses previous valid MTM alert_state; hedged_return = unhedged_return * (1 - hedge_ratio)
2021-11-22,2021,Bull market,normal,normal,0,-0.512325,-0.512325,1.36852,1.357316,-36.338754,-35.088676,2.402812,2.383434,-4.491557,-4.491557,hedge ratio uses previous valid MTM alert_state; hedged_return = unhedged_return * (1 - hedge_ratio)
2021-11-23,2021,Bull market,normal,normal,0,0.401003,0.401003,1.374008,1.362758,-36.083471,-34.828379,2.331682,2.312912,-4.491557,-4.491557,hedge ratio uses previous valid MTM alert_state; hedged_return = unhedged_return * (1 - hedge_ratio)
2021-11-24,2021,Bull market,watch,normal,0,-1.779659,-1.779659,1.349555,1.338506,-37.220967,-35.988212,2.302296,2.284429,-4.491557,-4.491557,hedge ratio uses previous valid MTM alert_state; hedged_return = unhedged_return * (1 - hedge_ratio)
2021-11-25,2021,Bull market,watch,watch,0,4.014896,4.014896,1.403738,1.392246,-34.700454,-33.418205,2.4392,2.423358,-4.491557,-4.491557,hedge ratio uses previous valid MTM alert_state; hedged_return = unhedged_return * (1 - hedge_ratio)
2021-11-26,2021,Bull market,watch,,,,,1.403738,1.392246,-34.700454,-33.418205,2.4392,2.423358,-4.491557,-4.491557,hedge ratio uses previous valid MTM alert_state; hedged_return = unhedged_return * (1 - hedge_ratio)
2021-11-27,2021,Bull market,watch,,,,,1.403738,1.392246,-34.700454,-33.418205,2.4392,2.423358,-4.491557,-4.491557,hedge ratio uses previous valid MTM alert_state; hedged_return = unhedged_return * (1 - hedge_ratio)
2021-11-28,2021,Bull market,watch,,,,,1.403738,1.392246,-34.700454,-33.418205,2.4392,2.423358,-4.491557,-4.491557,hedge ratio uses previous valid MTM alert_state; hedged_return = unhedged_return * (1 - hedge_ratio)
2021-11-29,2021,Bull market,watch,,,,,1.403738,1.392246,-34.700454,-33.418205,2.4392,2.423358,-4.491557,-4.491557,hedge ratio uses previous valid MTM alert_state; hedged_return = unhedged_return * (1 - hedge_ratio)
2021-11-30,2021,Bull market,watch,,,,,1.403738,1.392246,-34.700454,-33.418205,2.4392,2.423358,-4.491557,-4.491557,hedge ratio uses previous valid MTM alert_state; hedged_return = unhedged_return * (1 - hedge_ratio)
2021-12-01,2021,Bull market,watch,,,,,1.403738,1.392246,-34.700454,-33.418205,2.4392,2.423358,-4.491557,-4.491557,hedge ratio uses previous valid MTM alert_state; hedged_return = unhedged_return * (1 - hedge_ratio)
2021-12-02,2021,Bull market,watch,,,,,1.403738,1.392246,-34.700454,-33.418205,2.4392,2.423358,-4.491557,-4.491557,hedge ratio uses previous valid MTM alert_state; hedged_return = unhedged_return * (1 - hedge_ratio)
2021-12-03,2021,Bull market,watch,,,,,1.403738,1.392246,-34.700454,-33.418205,2.4392,2.423358,-4.491557,-4.491557,hedge ratio uses previous valid MTM alert_state; hedged_return = unhedged_return * (1 - hedge_ratio)
2021-12-04,2021,Bull market,watch,watch,0,-13.787219,-13.787219,1.210202,1.200294,-43.703446,-42.597983,4.122858,4.114067,-4.491557,-4.491557,hedge ratio uses previous valid MTM alert_state; hedged_return = unhedged_return * (1 - hedge_ratio)
2021-12-05,2021,Bull market,watch,watch,0,2.597837,2.597837,1.241641,1.231475,-42.240953,-41.106772,4.047593,4.039176,-4.887002,-4.887002,hedge ratio uses previous valid MTM alert_state; hedged_return = unhedged_return * (1 - hedge_ratio)
2021-12-06,2021,Bull market,watch,watch,0,-1.52053,-1.52053,1.222761,1.21275,-43.119196,-42.002261,3.941922,3.933798,-4.887002,-4.887002,hedge ratio uses previous valid MTM alert_state; hedged_return = unhedged_return * (1 - hedge_ratio)
2021-12-07,2021,Bull market,watch,watch,0,6.710714,6.710714,1.304817,1.294135,-39.302088,-38.110199,4.160342,4.153107,-4.887002,-4.887002,hedge ratio uses previous valid MTM alert_state; hedged_return = unhedged_return * (1 - hedge_ratio)
2021-12-08,2021,Bull market,watch,watch,0,-1.514916,-1.514916,1.28505,1.27453,-40.221611,-39.047778,4.050634,4.043649,-4.887002,-4.887002,hedge ratio uses previous valid MTM alert_state; hedged_return = unhedged_return * (1 - hedge_ratio)
2021-12-09,2021,Bull market,stress,watch,0,-4.273706,-4.273706,1.230131,1.22006,-42.776363,-41.652696,4.064364,4.057821,-4.887002,-4.887002,hedge ratio uses previous valid MTM alert_state; hedged_return = unhedged_return * (1 - hedge_ratio)
2021-12-10,2021,Bull market,stress,stress,0.25,-3.012846,-2.259634,1.193069,1.192491,-44.500423,-42.971132,4.009058,3.972947,-4.887002,-4.887002,hedge ratio uses previous valid MTM alert_state; hedged_return = unhedged_return * (1 - hedge_ratio)
2021-12-11,2021,Bull market,stress,stress,0.25,0.770097,0.577573,1.202257,1.199379,-44.073023,-42.641749,3.8915,3.854513,-4.887002,-4.887002,hedge ratio uses previous valid MTM alert_state; hedged_return = unhedged_return * (1 - hedge_ratio)
2021-12-12,2021,Bull market,stress,stress,0.25,1.943922,1.457942,1.225628,1.216865,-42.985846,-41.805499,3.802877,3.754113,-4.887002,-4.887002,hedge ratio uses previous valid MTM alert_state; hedged_return = unhedged_return * (1 - hedge_ratio)
2021-12-13,2021,Bull market,stress,stress,0.25,-2.280454,-1.71034,1.197678,1.196052,-44.286028,-42.800823,3.729101,3.66378,-4.887002,-4.887002,hedge ratio uses previous valid MTM alert_state; hedged_return = unhedged_return * (1 - hedge_ratio)
2021-12-14,2021,Bull market,stress,stress,0.25,-0.485919,-0.364439,1.191858,1.191693,-44.556752,-43.00928,3.617456,3.553288,-4.887002,-4.887002,hedge ratio uses previous valid MTM alert_state; hedged_return = unhedged_return * (1 - hedge_ratio)
2021-12-15,2021,Bull market,stress,stress,0.25,0.227764,0.170823,1.194573,1.193729,-44.430473,-42.911926,3.507697,3.445294,-4.887002,-4.887002,hedge ratio uses previous valid MTM alert_state; hedged_return = unhedged_return * (1 - hedge_ratio)
2021-12-16,2021,Bull market,stress,stress,0.25,2.507523,1.880642,1.224527,1.216179,-43.037054,-41.838304,3.45586,3.371952,-4.887002,-4.887002,hedge ratio uses previous valid MTM alert_state; hedged_return = unhedged_return * (1 - hedge_ratio)
2021-12-17,2021,Bull market,stress,stress,0.25,-6.554881,-4.916161,1.144261,1.15639,-46.770907,-44.697626,3.715424,3.483959,-4.887002,-4.887002,hedge ratio uses previous valid MTM alert_state; hedged_return = unhedged_return * (1 - hedge_ratio)
2021-12-18,2021,Bull market,stress,stress,0.25,2.376424,1.782318,1.171453,1.177,-45.505958,-43.711962,3.648966,3.40592,-5.903036,-5.020758,hedge ratio uses previous valid MTM alert_state; hedged_return = unhedged_return * (1 - hedge_ratio)
2021-12-19,2021,Bull market,stress,stress,0.25,0.055714,0.041786,1.172106,1.177492,-45.475598,-43.688442,3.537831,3.302178,-5.903036,-5.020758,hedge ratio uses previous valid MTM alert_state; hedged_return = unhedged_return * (1 - hedge_ratio)
2021-12-20,2021,Bull market,watch,stress,0.25,-0.954881,-0.716161,1.160914,1.169059,-45.996241,-44.091723,3.43802,3.206383,-5.903036,-5.020758,hedge ratio uses previous valid MTM alert_state; hedged_return = unhedged_return * (1 - hedge_ratio)
2021-12-21,2021,Bull market,watch,watch,0,4.110321,4.110321,1.208631,1.217111,-43.776513,-41.793714,3.48202,3.267678,-5.903036,-5.020758,hedge ratio uses previous valid MTM alert_state; hedged_return = unhedged_return * (1 - hedge_ratio)
2021-12-22,2021,Bull market,watch,watch,0,0.94354,0.94354,1.220035,1.228595,-43.246022,-41.244514,3.383846,3.176551,-5.903036,-5.020758,hedge ratio uses previous valid MTM alert_state; hedged_return = unhedged_return * (1 - hedge_ratio)
2021-12-23,2021,Bull market,watch,watch,0,0.377019,0.377019,1.224635,1.233227,-43.032048,-41.022995,3.28206,3.081165,-5.903036,-5.020758,hedge ratio uses previous valid MTM alert_state; hedged_return = unhedged_return * (1 - hedge_ratio)
2021-12-24,2021,Bull market,watch,watch,0,3.158968,3.158968,1.263321,1.272184,-41.232449,-39.15993,3.274805,3.085888,-5.903036,-5.020758,hedge ratio uses previous valid MTM alert_state; hedged_return = unhedged_return * (1 - hedge_ratio)
2021-12-25,2021,Bull market,watch,watch,0,0.489498,0.489498,1.269504,1.278412,-40.944783,-38.862119,3.177304,2.994281,-5.683701,-4.782405,hedge ratio uses previous valid MTM alert_state; hedged_return = unhedged_return * (1 - hedge_ratio)
2021-12-26,2021,Bull market,watch,watch,0,-0.842244,-0.842244,1.258812,1.267644,-41.442172,-39.377049,3.087411,2.910385,-5.683701,-4.782405,hedge ratio uses previous valid MTM alert_state; hedged_return = unhedged_return * (1 - hedge_ratio)
2021-12-27,2021,Bull market,watch,watch,0,2.802819,2.802819,1.294094,1.303174,-39.800902,-37.677897,3.07108,2.904043,-5.683701,-4.782405,hedge ratio uses previous valid MTM alert_state; hedged_return = unhedged_return * (1 - hedge_ratio)
2021-12-28,2021,Bull market,stress,watch,0,-3.916806,-3.916806,1.243407,1.252131,-42.158784,-40.118933,3.128277,2.974549,-5.528352,-4.627056,hedge ratio uses previous valid MTM alert_state; hedged_return = unhedged_return * (1 - hedge_ratio)
2021-12-29,2021,Bull market,stress,stress,0.25,-2.570887,-1.928165,1.211441,1.227988,-43.645816,-41.273539,3.097664,2.922351,-5.528352,-4.627056,hedge ratio uses previous valid MTM alert_state; hedged_return = unhedged_return * (1 - hedge_ratio)
2021-12-30,2021,Bull market,stress,stress,0.25,-0.865493,-0.64912,1.200956,1.220017,-44.133558,-41.654744,3.01077,2.837782,-5.528352,-4.627056,hedge ratio uses previous valid MTM alert_state; hedged_return = unhedged_return * (1 - hedge_ratio)
2022-01-07,2022,Bear market,normal,,,,,1.200956,1.220017,-44.133558,-41.654744,3.01077,2.837782,-5.528352,-4.627056,hedge ratio uses previous valid MTM alert_state; hedged_return = unhedged_return * (1 - hedge_ratio)
2022-01-08,2022,Bear market,normal,normal,0,0.445357,0.445357,1.206304,1.225451,-43.884753,-41.3949,2.921087,2.753494,-5.528352,-4.627056,hedge ratio uses previous valid MTM alert_state; hedged_return = unhedged_return * (1 - hedge_ratio)
2022-01-09,2022,Bear market,normal,normal,0,-0.14295,-0.14295,1.20458,1.223699,-43.96497,-41.478676,2.832316,2.669841,-5.528352,-4.627056,hedge ratio uses previous valid MTM alert_state; hedged_return = unhedged_return * (1 - hedge_ratio)
2022-01-10,2022,Bear market,normal,normal,0,-1.557063,-1.557063,1.185824,1.204645,-44.83747,-42.38989,2.772392,2.616454,-5.528352,-4.627056,hedge ratio uses previous valid MTM alert_state; hedged_return = unhedged_return * (1 - hedge_ratio)
2022-01-11,2022,Bear market,normal,normal,0,2.451161,2.451161,1.21489,1.234173,-43.485348,-40.977773,2.754175,2.606832,-5.528352,-4.627056,hedge ratio uses previous valid MTM alert_state; hedged_return = unhedged_return * (1 - hedge_ratio)
2022-01-12,2022,Bear market,normal,normal,0,3.79818,3.79818,1.261034,1.281049,-41.33882,-38.736003,2.827706,2.693216,-4.113101,-4.113101,hedge ratio uses previous valid MTM alert_state; hedged_return = unhedged_return * (1 - hedge_ratio)
2022-01-13,2022,Bear market,normal,normal,0,1.051387,1.051387,1.274292,1.294518,-40.722064,-38.091881,2.753632,2.623839,-4.113101,-4.113101,hedge ratio uses previous valid MTM alert_state; hedged_return = unhedged_return * (1 - hedge_ratio)
2022-01-14,2022,Bear market,normal,normal,0,-2.622547,-2.622547,1.240873,1.260568,-42.276655,-39.71545,2.745944,2.623761,-4.113101,-4.113101,hedge ratio uses previous valid MTM alert_state; hedged_return = unhedged_return * (1 - hedge_ratio)
2022-01-15,2022,Bear market,normal,normal,0,0.861833,0.861833,1.251568,1.271432,-41.779177,-39.195898,2.670648,2.552576,-4.113101,-4.113101,hedge ratio uses previous valid MTM alert_state; hedged_return = unhedged_return * (1 - hedge_ratio)
2022-01-16,2022,Bear market,normal,normal,0,0.021795,0.021795,1.25184,1.271709,-41.766487,-39.182646,2.589295,2.47482,-4.113101,-4.113101,hedge ratio uses previous valid MTM alert_state; hedged_return = unhedged_return * (1 - hedge_ratio)
2022-01-17,2022,Bear market,normal,normal,0,-0.949034,-0.949034,1.23996,1.25964,-42.319143,-39.759823,2.521154,2.410661,-3.510024,-3.334389,hedge ratio uses previous valid MTM alert_state; hedged_return = unhedged_return * (1 - hedge_ratio)
2022-01-18,2022,Bear market,normal,normal,0,-2.645883,-2.645883,1.207152,1.226312,-43.845311,-41.353708,2.528812,2.425418,-3.334389,-3.334389,hedge ratio uses previous valid MTM alert_state; hedged_return = unhedged_return * (1 - hedge_ratio)
2022-01-19,2022,Bear market,normal,normal,0,2.67178,2.67178,1.239405,1.259076,-42.344981,-39.786808,2.537617,2.440901,-3.344891,-3.344891,hedge ratio uses previous valid MTM alert_state; hedged_return = unhedged_return * (1 - hedge_ratio)
2022-01-20,2022,Bear market,normal,normal,0,1.357935,1.357935,1.256235,1.276174,-41.562064,-38.969152,2.482694,2.389803,-3.344891,-3.344891,hedge ratio uses previous valid MTM alert_state; hedged_return = unhedged_return * (1 - hedge_ratio)
2022-01-21,2022,Bear market,normal,normal,0,-11.519976,-11.519976,1.111517,1.129159,-48.2941,-45.999891,3.70898,3.651175,-3.344891,-3.344891,hedge ratio uses previous valid MTM alert_state; hedged_return = unhedged_return * (1 - hedge_ratio)
2022-01-22,2022,Bear market,normal,normal,0,-7.900159,-7.900159,1.023705,1.039953,-52.378948,-50.265986,4.083613,4.034348,-5.367747,-4.466451,hedge ratio uses previous valid MTM alert_state; hedged_return = unhedged_return * (1 - hedge_ratio)
2022-01-23,2022,Bear market,normal,normal,0,0.565698,0.565698,1.029496,1.045836,-52.109557,-49.984641,3.961633,3.913899,-7.294784,-6.55736,hedge ratio uses previous valid MTM alert_state; hedged_return = unhedged_return * (1 - hedge_ratio)
2022-01-24,2022,Bear market,watch,normal,0,-4.527624,-4.527624,0.982885,0.998485,-54.277856,-52.249149,3.997853,3.95341,-7.294784,-6.55736,hedge ratio uses previous valid MTM alert_state; hedged_return = unhedged_return * (1 - hedge_ratio)
2022-01-25,2022,Bear market,normal,watch,0,7.765665,7.765665,1.059212,1.076024,-50.727228,-48.540977,4.317661,4.279021,-6.382518,-6.382518,hedge ratio uses previous valid MTM alert_state; hedged_return = unhedged_return * (1 - hedge_ratio)
2022-01-26,2022,Bear market,normal,normal,0,5.215027,5.215027,1.11445,1.132139,-48.157639,-45.857375,4.376694,4.340877,-6.382518,-6.382518,hedge ratio uses previous valid MTM alert_state; hedged_return = unhedged_return * (1 - hedge_ratio)
2022-01-27,2022,Bear market,watch,normal,0,-3.674014,-3.674014,1.073505,1.090544,-50.062335,-47.846583,4.337745,4.30378,-6.382518,-6.382518,hedge ratio uses previous valid MTM alert_state; hedged_return = unhedged_return * (1 - hedge_ratio)
2022-01-28,2022,Bear market,watch,,,,,1.073505,1.090544,-50.062335,-47.846583,4.337745,4.30378,-6.382518,-6.382518,hedge ratio uses previous valid MTM alert_state; hedged_return = unhedged_return * (1 - hedge_ratio)
2022-01-29,2022,Bear market,watch,,,,,1.073505,1.090544,-50.062335,-47.846583,4.337745,4.30378,-6.382518,-6.382518,hedge ratio uses previous valid MTM alert_state; hedged_return = unhedged_return * (1 - hedge_ratio)
2022-01-30,2022,Bear market,watch,,,,,1.073505,1.090544,-50.062335,-47.846583,4.337745,4.30378,-6.382518,-6.382518,hedge ratio uses previous valid MTM alert_state; hedged_return = unhedged_return * (1 - hedge_ratio)
2022-01-31,2022,Bear market,watch,,,,,1.073505,1.090544,-50.062335,-47.846583,4.337745,4.30378,-6.382518,-6.382518,hedge ratio uses previous valid MTM alert_state; hedged_return = unhedged_return * (1 - hedge_ratio)
2022-02-01,2022,Bear market,watch,,,,,1.073505,1.090544,-50.062335,-47.846583,4.337745,4.30378,-6.382518,-6.382518,hedge ratio uses previous valid MTM alert_state; hedged_return = unhedged_return * (1 - hedge_ratio)
2022-02-02,2022,Bear market,watch,,,,,1.073505,1.090544,-50.062335,-47.846583,4.337745,4.30378,-6.382518,-6.382518,hedge ratio uses previous valid MTM alert_state; hedged_return = unhedged_return * (1 - hedge_ratio)
2022-02-03,2022,Bear market,watch,,,,,1.073505,1.090544,-50.062335,-47.846583,4.337745,4.30378,-6.382518,-6.382518,hedge ratio uses previous valid MTM alert_state; hedged_return = unhedged_return * (1 - hedge_ratio)
2022-02-04,2022,Bear market,watch,,,,,1.073505,1.090544,-50.062335,-47.846583,4.337745,4.30378,-6.382518,-6.382518,hedge ratio uses previous valid MTM alert_state; hedged_return = unhedged_return * (1 - hedge_ratio)
2022-02-05,2022,Bear market,watch,watch,0,4.644275,4.644275,1.123362,1.141192,-47.743092,-45.424435,4.356745,4.324965,-6.382518,-6.382518,hedge ratio uses previous valid MTM alert_state; hedged_return = unhedged_return * (1 - hedge_ratio)
2022-02-06,2022,Bear market,watch,watch,0,-0.385673,-0.385673,1.119029,1.13679,-47.944633,-45.634918,4.225077,4.194274,-6.382518,-6.382518,hedge ratio uses previous valid MTM alert_state; hedged_return = unhedged_return * (1 - hedge_ratio)
2022-02-07,2022,Bear market,watch,watch,0,2.791438,2.791438,1.150266,1.168523,-46.49154,-44.117351,4.153038,4.123584,-6.382518,-6.382518,hedge ratio uses previous valid MTM alert_state; hedged_return = unhedged_return * (1 - hedge_ratio)
2022-02-08,2022,Bear market,watch,watch,0,-0.922703,-0.922703,1.139653,1.157741,-46.985264,-44.632982,4.032858,4.004346,-6.382518,-6.382518,hedge ratio uses previous valid MTM alert_state; hedged_return = unhedged_return * (1 - hedge_ratio)
2022-02-09,2022,Bear market,watch,watch,0,0.798513,0.798513,1.148753,1.166986,-46.561934,-44.190869,3.91489,3.887282,-6.382518,-6.382518,hedge ratio uses previous valid MTM alert_state; hedged_return = unhedged_return * (1 - hedge_ratio)
2022-02-10,2022,Bear market,watch,watch,0,0.452656,0.452656,1.153953,1.172268,-46.320044,-43.938245,3.797246,3.77049,-6.382518,-6.382518,hedge ratio uses previous valid MTM alert_state; hedged_return = unhedged_return * (1 - hedge_ratio)
2022-02-11,2022,Bear market,watch,watch,0,6.790555,6.790555,1.232313,1.251872,-42.674877,-40.131341,4.03988,4.016254,-6.382518,-6.382518,hedge ratio uses previous valid MTM alert_state; hedged_return = unhedged_return * (1 - hedge_ratio)
2022-02-12,2022,Bear market,watch,watch,0,-2.707339,-2.707339,1.19895,1.21798,-44.226862,-41.752189,3.972553,3.94997,-6.382518,-6.382518,hedge ratio uses previous valid MTM alert_state; hedged_return = unhedged_return * (1 - hedge_ratio)
2022-02-13,2022,Bear market,watch,watch,0,0.817606,0.817606,1.208753,1.227938,-43.770858,-41.275951,3.856736,3.834871,-6.382518,-6.382518,hedge ratio uses previous valid MTM alert_state; hedged_return = unhedged_return * (1 - hedge_ratio)
2022-02-14,2022,Bear market,watch,watch,0,-0.066284,-0.066284,1.207951,1.227124,-43.808129,-41.314876,3.73928,3.718081,-6.382518,-6.382518,hedge ratio uses previous valid MTM alert_state; hedged_return = unhedged_return * (1 - hedge_ratio)
2022-02-15,2022,Bear market,normal,watch,0,3.840708,3.840708,1.254345,1.274254,-41.649963,-39.060951,3.745443,3.725552,-6.382518,-6.382518,hedge ratio uses previous valid MTM alert_state; hedged_return = unhedged_return * (1 - hedge_ratio)
2022-02-16,2022,Bear market,normal,normal,0,-1.130611,-1.130611,1.240164,1.259847,-42.309675,-39.749935,3.641887,3.622658,-6.382518,-6.382518,hedge ratio uses previous valid MTM alert_state; hedged_return = unhedged_return * (1 - hedge_ratio)
2022-02-17,2022,Bear market,normal,normal,0,-3.580766,-3.580766,1.195756,1.214735,-44.37543,-41.907349,3.638248,3.620158,-6.382518,-6.382518,hedge ratio uses previous valid MTM alert_state; hedged_return = unhedged_return * (1 - hedge_ratio)
2022-02-18,2022,Bear market,normal,normal,0,-3.987471,-3.987471,1.148076,1.166298,-46.593444,-44.223776,3.660141,3.643241,-6.382518,-6.382518,hedge ratio uses previous valid MTM alert_state; hedged_return = unhedged_return * (1 - hedge_ratio)
2022-02-19,2022,Bear market,normal,normal,0,-1.33418,-1.33418,1.132758,1.150737,-47.305984,-44.967932,3.563655,3.547339,-6.382518,-6.382518,hedge ratio uses previous valid MTM alert_state; hedged_return = unhedged_return * (1 - hedge_ratio)
2022-02-20,2022,Bear market,normal,normal,0,-3.963166,-3.963166,1.087865,1.105132,-49.394335,-47.148944,3.58888,3.573654,-6.382518,-6.382518,hedge ratio uses previous valid MTM alert_state; hedged_return = unhedged_return * (1 - hedge_ratio)
2022-02-21,2022,Bear market,normal,normal,0,1.202706,1.202706,1.100949,1.118423,-48.785698,-46.513301,3.491998,3.477288,-6.382518,-6.382518,hedge ratio uses previous valid MTM alert_state; hedged_return = unhedged_return * (1 - hedge_ratio)
2022-02-22,2022,Bear market,normal,normal,0,-1.441281,-1.441281,1.085081,1.102304,-49.52384,-47.284195,3.403975,3.38979,-6.382518,-6.382518,hedge ratio uses previous valid MTM alert_state; hedged_return = unhedged_return * (1 - hedge_ratio)
2022-02-23,2022,Bear market,normal,normal,0,1.580793,1.580793,1.102234,1.119729,-48.725916,-46.450867,3.322914,3.309255,-6.382518,-6.382518,hedge ratio uses previous valid MTM alert_state; hedged_return = unhedged_return * (1 - hedge_ratio)
2022-02-24,2022,Bear market,normal,normal,0,-7.922967,-7.922967,1.014905,1.031013,-52.788345,-50.693547,3.761071,3.749734,-6.382518,-6.382518,hedge ratio uses previous valid MTM alert_state; hedged_return = unhedged_return * (1 - hedge_ratio)
2022-02-25,2022,Bear market,normal,,,,,1.014905,1.031013,-52.788345,-50.693547,3.761071,3.749734,-7.912703,-7.912703,hedge ratio uses previous valid MTM alert_state; hedged_return = unhedged_return * (1 - hedge_ratio)
2022-02-26,2022,Bear market,normal,,,,,1.014905,1.031013,-52.788345,-50.693547,3.761071,3.749734,-7.912703,-7.912703,hedge ratio uses previous valid MTM alert_state; hedged_return = unhedged_return * (1 - hedge_ratio)
2022-02-27,2022,Bear market,normal,,,,,1.014905,1.031013,-52.788345,-50.693547,3.761071,3.749734,-7.912703,-7.912703,hedge ratio uses previous valid MTM alert_state; hedged_return = unhedged_return * (1 - hedge_ratio)
2022-02-28,2022,Bear market,normal,,,,,1.014905,1.031013,-52.788345,-50.693547,3.761071,3.749734,-7.912703,-7.912703,hedge ratio uses previous valid MTM alert_state; hedged_return = unhedged_return * (1 - hedge_ratio)
2022-03-01,2022,Bear market,normal,,,,,1.014905,1.031013,-52.788345,-50.693547,3.761071,3.749734,-7.912703,-7.912703,hedge ratio uses previous valid MTM alert_state; hedged_return = unhedged_return * (1 - hedge_ratio)
2022-03-02,2022,Bear market,normal,,,,,1.014905,1.031013,-52.788345,-50.693547,3.761071,3.749734,-7.912703,-7.912703,hedge ratio uses previous valid MTM alert_state; hedged_return = unhedged_return * (1 - hedge_ratio)
2022-03-03,2022,Bear market,normal,,,,,1.014905,1.031013,-52.788345,-50.693547,3.761071,3.749734,-7.912703,-7.912703,hedge ratio uses previous valid MTM alert_state; hedged_return = unhedged_return * (1 - hedge_ratio)
2022-03-04,2022,Bear market,normal,,,,,1.014905,1.031013,-52.788345,-50.693547,3.761071,3.749734,-7.912703,-7.912703,hedge ratio uses previous valid MTM alert_state; hedged_return = unhedged_return * (1 - hedge_ratio)
2022-03-05,2022,Bear market,normal,normal,0,-4.19061,-4.19061,0.972374,0.987807,-54.766801,-52.759788,3.788217,3.777638,-7.912703,-7.912703,hedge ratio uses previous valid MTM alert_state; hedged_return = unhedged_return * (1 - hedge_ratio)
2022-03-06,2022,Bear market,normal,normal,0,-0.694097,-0.694097,0.965625,0.980951,-55.080763,-53.087681,3.676746,3.6665,-7.912703,-7.912703,hedge ratio uses previous valid MTM alert_state; hedged_return = unhedged_return * (1 - hedge_ratio)
2022-03-07,2022,Bear market,normal,normal,0,0.201052,0.201052,0.967566,0.982923,-54.990452,-52.993363,3.565077,3.555145,-7.912703,-7.912703,hedge ratio uses previous valid MTM alert_state; hedged_return = unhedged_return * (1 - hedge_ratio)
2022-03-08,2022,Bear market,watch,normal,0,-0.140744,-0.140744,0.966204,0.98154,-55.053801,-53.059522,3.456643,3.447013,-7.912703,-7.912703,hedge ratio uses previous valid MTM alert_state; hedged_return = unhedged_return * (1 - hedge_ratio)
2022-03-09,2022,Bear market,watch,watch,0,8.442259,8.442259,1.047774,1.064404,-51.259326,-49.096685,3.937992,3.930049,-6.382518,-6.382518,hedge ratio uses previous valid MTM alert_state; hedged_return = unhedged_return * (1 - hedge_ratio)
2022-03-10,2022,Bear market,watch,watch,0,-6.539224,-6.539224,0.979257,0.9948,-54.446588,-52.425367,4.140411,4.133311,-4.375968,-4.375968,hedge ratio uses previous valid MTM alert_state; hedged_return = unhedged_return * (1 - hedge_ratio)
2022-03-11,2022,Bear market,watch,watch,0,-2.353194,-2.353194,0.956214,0.971391,-55.518548,-53.54489,4.05545,4.048636,-5.634004,-5.634004,hedge ratio uses previous valid MTM alert_state; hedged_return = unhedged_return * (1 - hedge_ratio)
2022-03-12,2022,Bear market,watch,watch,0,-0.140554,-0.140554,0.95487,0.970025,-55.581068,-53.610185,3.932055,3.925449,-5.482348,-5.482348,hedge ratio uses previous valid MTM alert_state; hedged_return = unhedged_return * (1 - hedge_ratio)
2022-03-13,2022,Bear market,watch,watch,0,-0.081648,-0.081648,0.95409,0.969233,-55.617336,-53.648061,3.812321,3.805917,-5.482348,-5.482348,hedge ratio uses previous valid MTM alert_state; hedged_return = unhedged_return * (1 - hedge_ratio)
2022-03-14,2022,Bear market,watch,watch,0,0.314433,0.314433,0.95709,0.972281,-55.477782,-53.502315,3.696985,3.690777,-5.482348,-5.482348,hedge ratio uses previous valid MTM alert_state; hedged_return = unhedged_return * (1 - hedge_ratio)
2022-03-15,2022,Bear market,watch,watch,0,0.221642,0.221642,0.959211,0.974436,-55.379102,-53.399257,3.584771,3.578753,-5.482348,-5.482348,hedge ratio uses previous valid MTM alert_state; hedged_return = unhedged_return * (1 - hedge_ratio)
2022-03-16,2022,Bear market,watch,watch,0,3.837744,3.837744,0.996023,1.011832,-53.666666,-51.61084,3.600451,3.594819,-5.482348,-5.482348,hedge ratio uses previous valid MTM alert_state; hedged_return = unhedged_return * (1 - hedge_ratio)
2022-03-17,2022,Bear market,watch,watch,0,1.838267,1.838267,1.014333,1.030432,-52.814936,-50.721318,3.519688,3.514272,-5.482348,-5.482348,hedge ratio uses previous valid MTM alert_state; hedged_return = unhedged_return * (1 - hedge_ratio)
2022-03-18,2022,Bear market,watch,watch,0,-2.405787,-2.405787,0.98993,1.005642,-53.950108,-51.906858,3.462973,3.457799,-5.482348,-5.482348,hedge ratio uses previous valid MTM alert_state; hedged_return = unhedged_return * (1 - hedge_ratio)
2022-03-19,2022,Bear market,watch,watch,0,2.177086,2.177086,1.011482,1.027536,-52.947562,-50.859829,3.399563,3.394609,-5.482348,-5.482348,hedge ratio uses previous valid MTM alert_state; hedged_return = unhedged_return * (1 - hedge_ratio)
2022-03-20,2022,Bear market,watch,watch,0,-0.384478,-0.384478,1.007593,1.023585,-53.128468,-51.048762,3.297344,3.292543,-5.482348,-5.482348,hedge ratio uses previous valid MTM alert_state; hedged_return = unhedged_return * (1 - hedge_ratio)
2022-03-21,2022,Bear market,watch,watch,0,-0.002772,-0.002772,1.007565,1.023557,-53.129768,-51.050119,3.196894,3.192239,-5.482348,-5.482348,hedge ratio uses previous valid MTM alert_state; hedged_return = unhedged_return * (1 - hedge_ratio)
2022-03-22,2022,Bear market,watch,watch,0,2.72919,2.72919,1.035063,1.051492,-51.85059,-49.714184,3.170778,3.166366,-5.482348,-5.482348,hedge ratio uses previous valid MTM alert_state; hedged_return = unhedged_return * (1 - hedge_ratio)
2022-03-23,2022,Bear market,watch,watch,0,-0.709971,-0.709971,1.027715,1.044026,-52.192437,-50.071199,3.079098,3.074828,-5.482348,-5.482348,hedge ratio uses previous valid MTM alert_state; hedged_return = unhedged_return * (1 - hedge_ratio)
2022-03-24,2022,Bear market,watch,watch,0,2.014974,2.014974,1.048423,1.065063,-51.229127,-49.065146,3.025822,3.021738,-5.482348,-5.482348,hedge ratio uses previous valid MTM alert_state; hedged_return = unhedged_return * (1 - hedge_ratio)
2022-03-25,2022,Bear market,watch,,,,,1.048423,1.065063,-51.229127,-49.065146,3.025822,3.021738,-5.482348,-5.482348,hedge ratio uses previous valid MTM alert_state; hedged_return = unhedged_return * (1 - hedge_ratio)
2022-03-26,2022,Bear market,watch,,,,,1.048423,1.065063,-51.229127,-49.065146,3.025822,3.021738,-5.482348,-5.482348,hedge ratio uses previous valid MTM alert_state; hedged_return = unhedged_return * (1 - hedge_ratio)
2022-03-27,2022,Bear market,watch,,,,,1.048423,1.065063,-51.229127,-49.065146,3.025822,3.021738,-5.482348,-5.482348,hedge ratio uses previous valid MTM alert_state; hedged_return = unhedged_return * (1 - hedge_ratio)
2022-03-28,2022,Bear market,watch,,,,,1.048423,1.065063,-51.229127,-49.065146,3.025822,3.021738,-5.482348,-5.482348,hedge ratio uses previous valid MTM alert_state; hedged_return = unhedged_return * (1 - hedge_ratio)
2022-03-29,2022,Bear market,watch,,,,,1.048423,1.065063,-51.229127,-49.065146,3.025822,3.021738,-5.482348,-5.482348,hedge ratio uses previous valid MTM alert_state; hedged_return = unhedged_return * (1 - hedge_ratio)
2022-03-30,2022,Bear market,watch,,,,,1.048423,1.065063,-51.229127,-49.065146,3.025822,3.021738,-5.482348,-5.482348,hedge ratio uses previous valid MTM alert_state; hedged_return = unhedged_return * (1 - hedge_ratio)
2022-03-31,2022,Bear market,watch,,,,,1.048423,1.065063,-51.229127,-49.065146,3.025822,3.021738,-5.482348,-5.482348,hedge ratio uses previous valid MTM alert_state; hedged_return = unhedged_return * (1 - hedge_ratio)
2022-04-01,2022,Bear market,watch,,,,,1.048423,1.065063,-51.229127,-49.065146,3.025822,3.021738,-5.482348,-5.482348,hedge ratio uses previous valid MTM alert_state; hedged_return = unhedged_return * (1 - hedge_ratio)
2022-04-02,2022,Bear market,watch,,,,,1.048423,1.065063,-51.229127,-49.065146,3.025822,3.021738,-5.482348,-5.482348,hedge ratio uses previous valid MTM alert_state; hedged_return = unhedged_return * (1 - hedge_ratio)
2022-04-03,2022,Bear market,watch,,,,,1.048423,1.065063,-51.229127,-49.065146,3.025822,3.021738,-5.482348,-5.482348,hedge ratio uses previous valid MTM alert_state; hedged_return = unhedged_return * (1 - hedge_ratio)
2022-04-04,2022,Bear market,watch,,,,,1.048423,1.065063,-51.229127,-49.065146,3.025822,3.021738,-5.482348,-5.482348,hedge ratio uses previous valid MTM alert_state; hedged_return = unhedged_return * (1 - hedge_ratio)
2022-04-05,2022,Bear market,watch,,,,,1.048423,1.065063,-51.229127,-49.065146,3.025822,3.021738,-5.482348,-5.482348,hedge ratio uses previous valid MTM alert_state; hedged_return = unhedged_return * (1 - hedge_ratio)
2022-04-06,2022,Bear market,watch,,,,,1.048423,1.065063,-51.229127,-49.065146,3.025822,3.021738,-5.482348,-5.482348,hedge ratio uses previous valid MTM alert_state; hedged_return = unhedged_return * (1 - hedge_ratio)
2022-04-07,2022,Bear market,watch,,,,,1.048423,1.065063,-51.229127,-49.065146,3.025822,3.021738,-5.482348,-5.482348,hedge ratio uses previous valid MTM alert_state; hedged_return = unhedged_return * (1 - hedge_ratio)
2022-04-08,2022,Bear market,watch,,,,,1.048423,1.065063,-51.229127,-49.065146,3.025822,3.021738,-5.482348,-5.482348,hedge ratio uses previous valid MTM alert_state; hedged_return = unhedged_return * (1 - hedge_ratio)
2022-04-09,2022,Bear market,watch,watch,0,-0.835097,-0.835097,1.039668,1.056169,-51.636411,-49.490502,2.940767,2.936816,-5.482348,-5.482348,hedge ratio uses previous valid MTM alert_state; hedged_return = unhedged_return * (1 - hedge_ratio)
2022-04-10,2022,Bear market,watch,watch,0,0.239715,0.239715,1.04216,1.058701,-51.520476,-49.369423,2.851784,2.847954,-5.482348,-5.482348,hedge ratio uses previous valid MTM alert_state; hedged_return = unhedged_return * (1 - hedge_ratio)
2022-04-11,2022,Bear market,watch,watch,0,-3.294039,-3.294039,1.007831,1.023827,-53.117411,-51.037214,2.880235,2.876671,-5.482348,-5.482348,hedge ratio uses previous valid MTM alert_state; hedged_return = unhedged_return * (1 - hedge_ratio)
2022-04-12,2022,Bear market,watch,watch,0,-1.776742,-1.776742,0.989924,1.005636,-53.950393,-51.907156,2.826202,2.822787,-5.482348,-5.482348,hedge ratio uses previous valid MTM alert_state; hedged_return = unhedged_return * (1 - hedge_ratio)
2022-04-13,2022,Bear market,watch,watch,0,0.608381,0.608381,0.995947,1.011754,-53.670236,-51.614568,2.744153,2.740848,-5.482348,-5.482348,hedge ratio uses previous valid MTM alert_state; hedged_return = unhedged_return * (1 - hedge_ratio)
2022-04-14,2022,Bear market,watch,watch,0,0.077589,0.077589,0.996719,1.012539,-53.634289,-51.577027,2.660623,2.657419,-5.482348,-5.482348,hedge ratio uses previous valid MTM alert_state; hedged_return = unhedged_return * (1 - hedge_ratio)
2022-04-15,2022,Bear market,watch,watch,0,-2.165219,-2.165219,0.975138,0.990615,-54.638209,-52.62549,2.633528,2.630485,-5.482348,-5.482348,hedge ratio uses previous valid MTM alert_state; hedged_return = unhedged_return * (1 - hedge_ratio)
2022-04-16,2022,Bear market,watch,watch,0,0.883691,0.883691,0.983755,0.999369,-54.237351,-52.206846,2.562459,2.55952,-5.482348,-5.482348,hedge ratio uses previous valid MTM alert_state; hedged_return = unhedged_return * (1 - hedge_ratio)
2022-04-17,2022,Bear market,watch,watch,0,-0.523447,-0.523447,0.978606,0.994138,-54.476894,-52.457018,2.487703,2.484856,-5.482348,-5.482348,hedge ratio uses previous valid MTM alert_state; hedged_return = unhedged_return * (1 - hedge_ratio)
2022-04-18,2022,Bear market,watch,watch,0,-1.671326,-1.671326,0.96225,0.977523,-55.237733,-53.251616,2.446415,2.443694,-5.482348,-5.482348,hedge ratio uses previous valid MTM alert_state; hedged_return = unhedged_return * (1 - hedge_ratio)
2022-04-19,2022,Bear market,watch,watch,0,4.639509,4.639509,1.006894,1.022875,-53.160984,-51.08272,2.630086,2.627707,-3.787153,-3.787153,hedge ratio uses previous valid MTM alert_state; hedged_return = unhedged_return * (1 - hedge_ratio)
2022-04-20,2022,Bear market,watch,watch,0,0.539162,0.539162,1.012323,1.02839,-52.908446,-50.818977,2.553381,2.551077,-2.894326,-2.894326,hedge ratio uses previous valid MTM alert_state; hedged_return = unhedged_return * (1 - hedge_ratio)
2022-04-21,2022,Bear market,watch,watch,0,1.533477,1.533477,1.027846,1.04416,-52.186308,-50.064797,2.503929,2.501721,-2.894326,-2.894326,hedge ratio uses previous valid MTM alert_state; hedged_return = unhedged_return * (1 - hedge_ratio)
2022-04-22,2022,Bear market,watch,watch,0,-4.180793,-4.180793,0.984874,1.000506,-54.185299,-52.152485,2.63481,2.632838,-2.894326,-2.894326,hedge ratio uses previous valid MTM alert_state; hedged_return = unhedged_return * (1 - hedge_ratio)
2022-04-23,2022,Bear market,watch,watch,0,-1.225897,-1.225897,0.972801,0.988241,-54.74694,-52.739046,2.572131,2.570232,-3.781754,-3.781754,hedge ratio uses previous valid MTM alert_state; hedged_return = unhedged_return * (1 - hedge_ratio)
2022-04-24,2022,Bear market,watch,watch,0,-0.336382,-0.336382,0.969528,0.984917,-54.899163,-52.898023,2.495135,2.493295,-3.781754,-3.781754,hedge ratio uses previous valid MTM alert_state; hedged_return = unhedged_return * (1 - hedge_ratio)
2022-04-25,2022,Bear market,watch,watch,0,-2.186655,-2.186655,0.948328,0.96338,-55.885363,-53.927981,2.477709,2.475967,-2.894326,-2.894326,hedge ratio uses previous valid MTM alert_state; hedged_return = unhedged_return * (1 - hedge_ratio)
2022-04-26,2022,Bear market,watch,watch,0,2.755798,2.755798,0.974462,0.989929,-54.669653,-52.658329,2.495268,2.493643,-2.894326,-2.894326,hedge ratio uses previous valid MTM alert_state; hedged_return = unhedged_return * (1 - hedge_ratio)
2022-04-27,2022,Bear market,watch,watch,0,-1.011304,-1.011304,0.964607,0.979918,-55.12808,-53.137097,2.431902,2.430334,-2.894326,-2.894326,hedge ratio uses previous valid MTM alert_state; hedged_return = unhedged_return * (1 - hedge_ratio)
2022-04-28,2022,Bear market,watch,watch,0,-0.956232,-0.956232,0.955384,0.970547,-55.55716,-53.585216,2.369422,2.367909,-2.894326,-2.894326,hedge ratio uses previous valid MTM alert_state; hedged_return = unhedged_return * (1 - hedge_ratio)
2022-04-29,2022,Bear market,watch,,,,,0.955384,0.970547,-55.55716,-53.585216,2.369422,2.367909,-2.894326,-2.894326,hedge ratio uses previous valid MTM alert_state; hedged_return = unhedged_return * (1 - hedge_ratio)
2022-04-30,2022,Bear market,watch,,,,,0.955384,0.970547,-55.55716,-53.585216,2.369422,2.367909,-2.894326,-2.894326,hedge ratio uses previous valid MTM alert_state; hedged_return = unhedged_return * (1 - hedge_ratio)
2022-05-01,2022,Bear market,watch,,,,,0.955384,0.970547,-55.55716,-53.585216,2.369422,2.367909,-2.894326,-2.894326,hedge ratio uses previous valid MTM alert_state; hedged_return = unhedged_return * (1 - hedge_ratio)
2022-05-02,2022,Bear market,watch,,,,,0.955384,0.970547,-55.55716,-53.585216,2.369422,2.367909,-2.894326,-2.894326,hedge ratio uses previous valid MTM alert_state; hedged_return = unhedged_return * (1 - hedge_ratio)
2022-05-03,2022,Bear market,watch,,,,,0.955384,0.970547,-55.55716,-53.585216,2.369422,2.367909,-2.894326,-2.894326,hedge ratio uses previous valid MTM alert_state; hedged_return = unhedged_return * (1 - hedge_ratio)
2022-05-04,2022,Bear market,watch,,,,,0.955384,0.970547,-55.55716,-53.585216,2.369422,2.367909,-2.894326,-2.894326,hedge ratio uses previous valid MTM alert_state; hedged_return = unhedged_return * (1 - hedge_ratio)
2022-05-05,2022,Bear market,watch,,,,,0.955384,0.970547,-55.55716,-53.585216,2.369422,2.367909,-2.894326,-2.894326,hedge ratio uses previous valid MTM alert_state; hedged_return = unhedged_return * (1 - hedge_ratio)
2022-05-06,2022,Bear market,watch,,,,,0.955384,0.970547,-55.55716,-53.585216,2.369422,2.367909,-2.894326,-2.894326,hedge ratio uses previous valid MTM alert_state; hedged_return = unhedged_return * (1 - hedge_ratio)
2022-05-07,2022,Bear market,watch,watch,0,0.71863,0.71863,0.962249,0.977522,-55.23778,-53.251665,2.303974,2.302512,-2.894326,-2.894326,hedge ratio uses previous valid MTM alert_state; hedged_return = unhedged_return * (1 - hedge_ratio)
2022-05-08,2022,Bear market,stress,watch,0,-3.794825,-3.794825,0.925734,0.940427,-56.936428,-55.025682,2.419471,2.418162,-2.894326,-2.894326,hedge ratio uses previous valid MTM alert_state; hedged_return = unhedged_return * (1 - hedge_ratio)
2022-05-09,2022,Bear market,stress,stress,0.25,-4.210124,-3.157593,0.886759,0.910732,-58.749458,-56.445788,2.562444,2.468782,-3.569471,-3.569471,hedge ratio uses previous valid MTM alert_state; hedged_return = unhedged_return * (1 - hedge_ratio)
2022-05-10,2022,Bear market,stress,stress,0.25,-3.586129,-2.689597,0.854959,0.886237,-60.228756,-57.617221,2.635104,2.482584,-4.007107,-3.569471,hedge ratio uses previous valid MTM alert_state; hedged_return = unhedged_return * (1 - hedge_ratio)
2022-05-11,2022,Bear market,stress,stress,0.25,-1.089533,-0.81715,0.845644,0.878995,-60.662076,-57.963552,2.568729,2.415263,-4.007107,-3.569471,hedge ratio uses previous valid MTM alert_state; hedged_return = unhedged_return * (1 - hedge_ratio)
2022-05-12,2022,Bear market,stress,stress,0.25,-10.931748,-8.198811,0.7532,0.806928,-64.962399,-61.410041,3.656864,3.084917,-4.007107,-3.569471,hedge ratio uses previous valid MTM alert_state; hedged_return = unhedged_return * (1 - hedge_ratio)
2022-05-13,2022,Bear market,stress,stress,0.25,7.726076,5.794557,0.811393,0.853686,-62.255367,-59.173924,4.018934,3.310638,-4.196925,-4.007107,hedge ratio uses previous valid MTM alert_state; hedged_return = unhedged_return * (1 - hedge_ratio)
2022-05-14,2022,Bear market,stress,stress,0.25,-5.010225,-3.757669,0.77074,0.821607,-64.146458,-60.708032,4.0852,3.339148,-4.196925,-4.007107,hedge ratio uses previous valid MTM alert_state; hedged_return = unhedged_return * (1 - hedge_ratio)
2022-05-15,2022,Bear market,stress,stress,0.25,4.331456,3.248592,0.804125,0.848298,-62.593478,-59.431597,4.100393,3.333784,-4.65018,-4.007107,hedge ratio uses previous valid MTM alert_state; hedged_return = unhedged_return * (1 - hedge_ratio)
2022-05-16,2022,Bear market,stress,stress,0.25,-2.042178,-1.531633,0.787703,0.835305,-63.357386,-60.052956,4.006826,3.253924,-4.65018,-4.007107,hedge ratio uses previous valid MTM alert_state; hedged_return = unhedged_return * (1 - hedge_ratio)
2022-05-17,2022,Bear market,stress,stress,0.25,3.438269,2.578702,0.814786,0.856845,-62.097514,-59.022841,3.975007,3.21741,-4.65018,-4.007107,hedge ratio uses previous valid MTM alert_state; hedged_return = unhedged_return * (1 - hedge_ratio)
2022-05-18,2022,Bear market,stress,stress,0.25,-3.08425,-2.313187,0.789656,0.837024,-63.266522,-59.970719,3.927263,3.170437,-4.65018,-4.007107,hedge ratio uses previous valid MTM alert_state; hedged_return = unhedged_return * (1 - hedge_ratio)
2022-05-19,2022,Bear market,stress,stress,0.25,0.806655,0.604991,0.796026,0.842088,-62.970209,-59.728546,3.812746,3.077423,-4.65018,-4.007107,hedge ratio uses previous valid MTM alert_state; hedged_return = unhedged_return * (1 - hedge_ratio)
2022-05-20,2022,Bear market,stress,stress,0.25,1.211544,0.908658,0.80567,0.84974,-62.521577,-59.362616,3.708488,2.991963,-4.65018,-4.007107,hedge ratio uses previous valid MTM alert_state; hedged_return = unhedged_return * (1 - hedge_ratio)
2022-05-21,2022,Bear market,stress,stress,0.25,-2.571565,-1.928674,0.784952,0.833351,-63.485359,-60.146378,3.650272,2.939033,-4.65018,-4.007107,hedge ratio uses previous valid MTM alert_state; hedged_return = unhedged_return * (1 - hedge_ratio)
2022-05-22,2022,Bear market,stress,stress,0.25,2.293096,1.719822,0.802952,0.847684,-62.648043,-59.460967,3.583366,2.88047,-4.65018,-4.007107,hedge ratio uses previous valid MTM alert_state; hedged_return = unhedged_return * (1 - hedge_ratio)
2022-05-23,2022,Bear market,stress,stress,0.25,0.371192,0.278394,0.805932,0.850043,-62.509396,-59.348109,3.475392,2.793552,-4.65018,-4.007107,hedge ratio uses previous valid MTM alert_state; hedged_return = unhedged_return * (1 - hedge_ratio)
2022-05-24,2022,Bear market,stress,stress,0.25,-3.412569,-2.559427,0.778429,0.828287,-63.788789,-60.388564,3.471655,2.780061,-4.65018,-4.007107,hedge ratio uses previous valid MTM alert_state; hedged_return = unhedged_return * (1 - hedge_ratio)
2022-05-25,2022,Bear market,stress,stress,0.25,2.665422,1.999067,0.799177,0.844845,-62.823607,-59.596705,3.428631,2.739487,-4.65018,-4.007107,hedge ratio uses previous valid MTM alert_state; hedged_return = unhedged_return * (1 - hedge_ratio)
2022-05-26,2022,Bear market,stress,stress,0.25,-2.684205,-2.013154,0.777726,0.827837,-63.821498,-60.410086,3.388581,2.70142,-4.65018,-4.007107,hedge ratio uses previous valid MTM alert_state; hedged_return = unhedged_return * (1 - hedge_ratio)
2022-05-27,2022,Bear market,watch,,,,,0.777726,0.827837,-63.821498,-60.410086,3.388581,2.70142,-4.65018,-4.007107,hedge ratio uses previous valid MTM alert_state; hedged_return = unhedged_return * (1 - hedge_ratio)
2022-05-28,2022,Bear market,watch,,,,,0.777726,0.827837,-63.821498,-60.410086,3.388581,2.70142,-4.65018,-4.007107,hedge ratio uses previous valid MTM alert_state; hedged_return = unhedged_return * (1 - hedge_ratio)
2022-05-29,2022,Bear market,watch,,,,,0.777726,0.827837,-63.821498,-60.410086,3.388581,2.70142,-4.65018,-4.007107,hedge ratio uses previous valid MTM alert_state; hedged_return = unhedged_return * (1 - hedge_ratio)
2022-05-30,2022,Bear market,watch,,,,,0.777726,0.827837,-63.821498,-60.410086,3.388581,2.70142,-4.65018,-4.007107,hedge ratio uses previous valid MTM alert_state; hedged_return = unhedged_return * (1 - hedge_ratio)
2022-05-31,2022,Bear market,watch,,,,,0.777726,0.827837,-63.821498,-60.410086,3.388581,2.70142,-4.65018,-4.007107,hedge ratio uses previous valid MTM alert_state; hedged_return = unhedged_return * (1 - hedge_ratio)
2022-06-01,2022,Bear market,watch,,,,,0.777726,0.827837,-63.821498,-60.410086,3.388581,2.70142,-4.65018,-4.007107,hedge ratio uses previous valid MTM alert_state; hedged_return = unhedged_return * (1 - hedge_ratio)
2022-06-02,2022,Bear market,watch,,,,,0.777726,0.827837,-63.821498,-60.410086,3.388581,2.70142,-4.65018,-4.007107,hedge ratio uses previous valid MTM alert_state; hedged_return = unhedged_return * (1 - hedge_ratio)
2022-06-03,2022,Bear market,stress,,,,,0.777726,0.827837,-63.821498,-60.410086,3.388581,2.70142,-4.65018,-4.007107,hedge ratio uses previous valid MTM alert_state; hedged_return = unhedged_return * (1 - hedge_ratio)
2022-06-04,2022,Bear market,stress,stress,0.25,-0.036153,-0.027115,0.777445,0.827613,-63.834577,-60.42082,3.285363,2.619132,-4.65018,-4.007107,hedge ratio uses previous valid MTM alert_state; hedged_return = unhedged_return * (1 - hedge_ratio)
2022-06-05,2022,Bear market,stress,stress,0.25,0.083284,0.062463,0.778092,0.82813,-63.804457,-60.396098,3.185343,2.539389,-4.65018,-4.007107,hedge ratio uses previous valid MTM alert_state; hedged_return = unhedged_return * (1 - hedge_ratio)
2022-06-06,2022,Bear market,stress,stress,0.25,5.256288,3.942216,0.818991,0.860776,-61.901915,-58.834827,3.345943,2.644627,-4.65018,-4.007107,hedge ratio uses previous valid MTM alert_state; hedged_return = unhedged_return * (1 - hedge_ratio)
2022-06-07,2022,Bear market,stress,stress,0.25,-5.049473,-3.787105,0.777636,0.828178,-63.825668,-60.393795,3.471807,2.726708,-4.65018,-4.007107,hedge ratio uses previous valid MTM alert_state; hedged_return = unhedged_return * (1 - hedge_ratio)
2022-06-08,2022,Bear market,stress,stress,0.25,3.64692,2.73519,0.805996,0.85083,-62.506419,-59.31049,3.482563,2.727218,-5.031811,-3.791351,hedge ratio uses previous valid MTM alert_state; hedged_return = unhedged_return * (1 - hedge_ratio)
2022-06-09,2022,Bear market,stress,stress,0.25,-1.318298,-0.988723,0.795371,0.842418,-63.000696,-59.712797,3.391876,2.655204,-5.031811,-3.791351,hedge ratio uses previous valid MTM alert_state; hedged_return = unhedged_return * (1 - hedge_ratio)
2022-06-10,2022,Bear market,stress,stress,0.25,-3.574558,-2.680918,0.76694,0.819833,-64.323257,-60.792864,3.403113,2.656754,-5.031811,-3.791351,hedge ratio uses previous valid MTM alert_state; hedged_return = unhedged_return * (1 - hedge_ratio)
2022-06-11,2022,Bear market,stress,stress,0.25,-1.471548,-1.103661,0.755654,0.810785,-64.848258,-61.225578,3.319072,2.589966,-5.031811,-3.791351,hedge ratio uses previous valid MTM alert_state; hedged_return = unhedged_return * (1 - hedge_ratio)
2022-06-12,2022,Bear market,stress,stress,0.25,-4.77535,-3.581513,0.719569,0.781747,-66.526877,-62.614288,3.42396,2.659903,-5.031811,-3.791351,hedge ratio uses previous valid MTM alert_state; hedged_return = unhedged_return * (1 - hedge_ratio)
2022-06-13,2022,Bear market,stress,stress,0.25,-13.322949,-9.992212,0.623701,0.703633,-70.986484,-66.349948,4.655121,3.555452,-5.031811,-3.791351,hedge ratio uses previous valid MTM alert_state; hedged_return = unhedged_return * (1 - hedge_ratio)
2022-06-14,2022,Bear market,stress,stress,0.25,-5.276955,-3.957716,0.590788,0.675785,-72.517514,-67.681721,4.694754,3.580862,-8.284724,-6.217017,hedge ratio uses previous valid MTM alert_state; hedged_return = unhedged_return * (1 - hedge_ratio)
2022-06-15,2022,Bear market,stress,stress,0.25,-3.81211,-2.859082,0.568267,0.656464,-73.565176,-68.605728,4.646526,3.541706,-8.387091,-6.290318,hedge ratio uses previous valid MTM alert_state; hedged_return = unhedged_return * (1 - hedge_ratio)
2022-06-16,2022,Bear market,stress,stress,0.25,-2.662118,-1.996588,0.553139,0.643357,-74.268903,-69.232542,4.551923,3.468464,-8.387091,-6.290318,hedge ratio uses previous valid MTM alert_state; hedged_return = unhedged_return * (1 - hedge_ratio)
2022-06-17,2022,Bear market,stress,stress,0.25,-3.732304,-2.799228,0.532494,0.625348,-75.229265,-70.093793,4.506951,3.431992,-8.387091,-6.290318,hedge ratio uses previous valid MTM alert_state; hedged_return = unhedged_return * (1 - hedge_ratio)
2022-06-18,2022,Bear market,stress,stress,0.25,-5.735867,-4.3019,0.501951,0.598446,-76.650082,-71.380329,4.589974,3.490306,-8.387091,-6.290318,hedge ratio uses previous valid MTM alert_state; hedged_return = unhedged_return * (1 - hedge_ratio)
2022-06-19,2022,Bear market,stress,stress,0.25,0.176523,0.132392,0.502837,0.599238,-76.608864,-71.342438,4.450355,3.384132,-8.593602,-6.445201,hedge ratio uses previous valid MTM alert_state; hedged_return = unhedged_return * (1 - hedge_ratio)
2022-06-20,2022,Bear market,stress,stress,0.25,5.806972,4.355229,0.532037,0.625337,-75.250547,-70.094336,4.54319,3.450115,-5.529357,-4.147017,hedge ratio uses previous valid MTM alert_state; hedged_return = unhedged_return * (1 - hedge_ratio)
2022-06-21,2022,Bear market,stress,stress,0.25,4.810969,3.608227,0.557633,0.6479,-74.059859,-69.015272,4.5597,3.459805,-5.529357,-4.147017,hedge ratio uses previous valid MTM alert_state; hedged_return = unhedged_return * (1 - hedge_ratio)
2022-06-22,2022,Bear market,stress,stress,0.25,-2.138808,-1.604106,0.545706,0.637507,-74.614668,-69.5123,4.451728,3.37734,-5.529357,-4.147017,hedge ratio uses previous valid MTM alert_state; hedged_return = unhedged_return * (1 - hedge_ratio)
2022-06-23,2022,Bear market,stress,stress,0.25,-1.328979,-0.996734,0.538454,0.631153,-74.952034,-69.816181,4.32837,3.283542,-5.529357,-4.147017,hedge ratio uses previous valid MTM alert_state; hedged_return = unhedged_return * (1 - hedge_ratio)
2022-06-24,2022,Bear market,watch,,,,,0.538454,0.631153,-74.952034,-69.816181,4.32837,3.283542,-5.529357,-4.147017,hedge ratio uses previous valid MTM alert_state; hedged_return = unhedged_return * (1 - hedge_ratio)
2022-06-25,2022,Bear market,watch,,,,,0.538454,0.631153,-74.952034,-69.816181,4.32837,3.283542,-5.529357,-4.147017,hedge ratio uses previous valid MTM alert_state; hedged_return = unhedged_return * (1 - hedge_ratio)
2022-06-26,2022,Bear market,watch,,,,,0.538454,0.631153,-74.952034,-69.816181,4.32837,3.283542,-5.529357,-4.147017,hedge ratio uses previous valid MTM alert_state; hedged_return = unhedged_return * (1 - hedge_ratio)
2022-06-27,2022,Bear market,watch,,,,,0.538454,0.631153,-74.952034,-69.816181,4.32837,3.283542,-5.529357,-4.147017,hedge ratio uses previous valid MTM alert_state; hedged_return = unhedged_return * (1 - hedge_ratio)
2022-06-28,2022,Bear market,watch,,,,,0.538454,0.631153,-74.952034,-69.816181,4.32837,3.283542,-5.529357,-4.147017,hedge ratio uses previous valid MTM alert_state; hedged_return = unhedged_return * (1 - hedge_ratio)
2022-06-29,2022,Bear market,watch,,,,,0.538454,0.631153,-74.952034,-69.816181,4.32837,3.283542,-5.529357,-4.147017,hedge ratio uses previous valid MTM alert_state; hedged_return = unhedged_return * (1 - hedge_ratio)
2022-06-30,2022,Bear market,watch,,,,,0.538454,0.631153,-74.952034,-69.816181,4.32837,3.283542,-5.529357,-4.147017,hedge ratio uses previous valid MTM alert_state; hedged_return = unhedged_return * (1 - hedge_ratio)
2022-07-01,2022,Bear market,watch,,,,,0.538454,0.631153,-74.952034,-69.816181,4.32837,3.283542,-5.529357,-4.147017,hedge ratio uses previous valid MTM alert_state; hedged_return = unhedged_return * (1 - hedge_ratio)
2022-07-02,2022,Bear market,watch,,,,,0.538454,0.631153,-74.952034,-69.816181,4.32837,3.283542,-5.529357,-4.147017,hedge ratio uses previous valid MTM alert_state; hedged_return = unhedged_return * (1 - hedge_ratio)
2022-07-03,2022,Bear market,watch,,,,,0.538454,0.631153,-74.952034,-69.816181,4.32837,3.283542,-5.529357,-4.147017,hedge ratio uses previous valid MTM alert_state; hedged_return = unhedged_return * (1 - hedge_ratio)
2022-07-04,2022,Bear market,watch,,,,,0.538454,0.631153,-74.952034,-69.816181,4.32837,3.283542,-5.529357,-4.147017,hedge ratio uses previous valid MTM alert_state; hedged_return = unhedged_return * (1 - hedge_ratio)
2022-07-05,2022,Bear market,watch,,,,,0.538454,0.631153,-74.952034,-69.816181,4.32837,3.283542,-5.529357,-4.147017,hedge ratio uses previous valid MTM alert_state; hedged_return = unhedged_return * (1 - hedge_ratio)
2022-07-06,2022,Bear market,watch,,,,,0.538454,0.631153,-74.952034,-69.816181,4.32837,3.283542,-5.529357,-4.147017,hedge ratio uses previous valid MTM alert_state; hedged_return = unhedged_return * (1 - hedge_ratio)
2022-07-07,2022,Bear market,watch,,,,,0.538454,0.631153,-74.952034,-69.816181,4.32837,3.283542,-5.529357,-4.147017,hedge ratio uses previous valid MTM alert_state; hedged_return = unhedged_return * (1 - hedge_ratio)
2022-07-08,2022,Bear market,stress,,,,,0.538454,0.631153,-74.952034,-69.816181,4.32837,3.283542,-5.529357,-4.147017,hedge ratio uses previous valid MTM alert_state; hedged_return = unhedged_return * (1 - hedge_ratio)
2022-07-09,2022,Bear market,stress,stress,0.25,2.138173,1.60363,0.549967,0.641274,-74.416465,-69.332144,4.229066,3.207655,-5.529357,-4.147017,hedge ratio uses previous valid MTM alert_state; hedged_return = unhedged_return * (1 - hedge_ratio)
2022-07-10,2022,Bear market,stress,stress,0.25,-2.052274,-1.539205,0.53868,0.631404,-74.94151,-69.804186,4.130934,3.132707,-5.529357,-4.147017,hedge ratio uses previous valid MTM alert_state; hedged_return = unhedged_return * (1 - hedge_ratio)
2022-07-11,2022,Bear market,stress,stress,0.25,-3.061263,-2.295947,0.52219,0.616907,-75.708616,-70.497466,4.07468,3.0889,-5.529357,-4.147017,hedge ratio uses previous valid MTM alert_state; hedged_return = unhedged_return * (1 - hedge_ratio)
2022-07-12,2022,Bear market,stress,stress,0.25,-2.91666,-2.187495,0.506959,0.603412,-76.417113,-71.142832,4.014629,3.042357,-5.529357,-4.147017,hedge ratio uses previous valid MTM alert_state; hedged_return = unhedged_return * (1 - hedge_ratio)
2022-07-13,2022,Bear market,stress,stress,0.25,-2.445305,-1.833979,0.494562,0.592346,-76.993786,-71.672066,3.938145,2.983687,-5.529357,-4.147017,hedge ratio uses previous valid MTM alert_state; hedged_return = unhedged_return * (1 - hedge_ratio)
2022-07-14,2022,Bear market,stress,stress,0.25,2.659284,1.994463,0.507714,0.60416,-76.381986,-71.107076,3.873339,2.933755,-5.529357,-4.147017,hedge ratio uses previous valid MTM alert_state; hedged_return = unhedged_return * (1 - hedge_ratio)
2022-07-15,2022,Bear market,stress,stress,0.25,4.771118,3.578339,0.531938,0.625779,-75.255143,-70.07319,3.932989,2.976369,-5.529357,-4.147017,hedge ratio uses previous valid MTM alert_state; hedged_return = unhedged_return * (1 - hedge_ratio)
2022-07-16,2022,Bear market,stress,stress,0.25,-0.529927,-0.397445,0.529119,0.623292,-75.386272,-70.192132,3.815383,2.887339,-5.529357,-4.147017,hedge ratio uses previous valid MTM alert_state; hedged_return = unhedged_return * (1 - hedge_ratio)
2022-07-17,2022,Bear market,stress,stress,0.25,1.08063,0.810473,0.534837,0.628343,-75.120289,-69.950548,3.708609,2.806409,-5.529357,-4.147017,hedge ratio uses previous valid MTM alert_state; hedged_return = unhedged_return * (1 - hedge_ratio)
2022-07-18,2022,Bear market,stress,stress,0.25,2.963038,2.222279,0.550684,0.642307,-74.383094,-69.282765,3.668151,2.774831,-5.529357,-4.147017,hedge ratio uses previous valid MTM alert_state; hedged_return = unhedged_return * (1 - hedge_ratio)
2022-07-19,2022,Bear market,stress,stress,0.25,1.066836,0.800127,0.556559,0.647446,-74.109803,-69.036988,3.565992,2.697428,-5.529357,-4.147017,hedge ratio uses previous valid MTM alert_state; hedged_return = unhedged_return * (1 - hedge_ratio)
2022-07-20,2022,Bear market,stress,stress,0.25,2.100005,1.575004,0.568247,0.657643,-73.566108,-68.54932,3.495415,2.643556,-5.529357,-4.147017,hedge ratio uses previous valid MTM alert_state; hedged_return = unhedged_return * (1 - hedge_ratio)
2022-07-21,2022,Bear market,stress,stress,0.25,-1.123108,-0.842331,0.561865,0.652104,-73.862989,-68.814239,3.400078,2.571314,-5.529357,-4.147017,hedge ratio uses previous valid MTM alert_state; hedged_return = unhedged_return * (1 - hedge_ratio)
2022-07-22,2022,Bear market,stress,stress,0.25,3.868127,2.901095,0.583599,0.671022,-72.851976,-67.90951,3.429963,2.592285,-5.529357,-4.147017,hedge ratio uses previous valid MTM alert_state; hedged_return = unhedged_return * (1 - hedge_ratio)
2022-07-23,2022,Bear market,stress,stress,0.25,-2.968755,-2.226566,0.566273,0.656081,-73.657935,-68.624026,3.404053,2.571809,-5.529357,-4.147017,hedge ratio uses previous valid MTM alert_state; hedged_return = unhedged_return * (1 - hedge_ratio)
2022-07-24,2022,Bear market,stress,stress,0.25,0.749748,0.562311,0.570519,0.65977,-73.460435,-68.447595,3.305457,2.497262,-5.529357,-4.147017,hedge ratio uses previous valid MTM alert_state; hedged_return = unhedged_return * (1 - hedge_ratio)
2022-07-25,2022,Bear market,stress,stress,0.25,-1.785567,-1.339175,0.560332,0.650935,-73.934317,-68.870137,3.234468,2.443306,-5.529357,-4.147017,hedge ratio uses previous valid MTM alert_state; hedged_return = unhedged_return * (1 - hedge_ratio)
2022-07-26,2022,Bear market,stress,stress,0.25,-4.179455,-3.134591,0.536913,0.630531,-75.023721,-69.845931,3.29881,2.4902,-5.529357,-4.147017,hedge ratio uses previous valid MTM alert_state; hedged_return = unhedged_return * (1 - hedge_ratio)
2022-07-27,2022,Bear market,stress,stress,0.25,2.680264,2.010198,0.551303,0.643206,-74.35429,-69.239775,3.265003,2.464039,-5.529357,-4.147017,hedge ratio uses previous valid MTM alert_state; hedged_return = unhedged_return * (1 - hedge_ratio)
2022-07-28,2022,Bear market,stress,stress,0.25,6.477776,4.858332,0.587016,0.674455,-72.693019,-67.745341,3.54095,2.66897,-5.529357,-4.147017,hedge ratio uses previous valid MTM alert_state; hedged_return = unhedged_return * (1 - hedge_ratio)
2022-07-29,2022,Bear market,watch,,,,,0.587016,0.674455,-72.693019,-67.745341,3.54095,2.66897,-4.78308,-3.58731,hedge ratio uses previous valid MTM alert_state; hedged_return = unhedged_return * (1 - hedge_ratio)
2022-07-30,2022,Bear market,watch,,,,,0.587016,0.674455,-72.693019,-67.745341,3.54095,2.66897,-4.78308,-3.58731,hedge ratio uses previous valid MTM alert_state; hedged_return = unhedged_return * (1 - hedge_ratio)
2022-07-31,2022,Bear market,watch,,,,,0.587016,0.674455,-72.693019,-67.745341,3.54095,2.66897,-4.78308,-3.58731,hedge ratio uses previous valid MTM alert_state; hedged_return = unhedged_return * (1 - hedge_ratio)
2022-08-01,2022,Bear market,watch,,,,,0.587016,0.674455,-72.693019,-67.745341,3.54095,2.66897,-4.78308,-3.58731,hedge ratio uses previous valid MTM alert_state; hedged_return = unhedged_return * (1 - hedge_ratio)
2022-08-02,2022,Bear market,watch,,,,,0.587016,0.674455,-72.693019,-67.745341,3.54095,2.66897,-4.78308,-3.58731,hedge ratio uses previous valid MTM alert_state; hedged_return = unhedged_return * (1 - hedge_ratio)
2022-08-03,2022,Bear market,watch,,,,,0.587016,0.674455,-72.693019,-67.745341,3.54095,2.66897,-4.78308,-3.58731,hedge ratio uses previous valid MTM alert_state; hedged_return = unhedged_return * (1 - hedge_ratio)
2022-08-04,2022,Bear market,watch,,,,,0.587016,0.674455,-72.693019,-67.745341,3.54095,2.66897,-4.78308,-3.58731,hedge ratio uses previous valid MTM alert_state; hedged_return = unhedged_return * (1 - hedge_ratio)
2022-08-05,2022,Bear market,stress,,,,,0.587016,0.674455,-72.693019,-67.745341,3.54095,2.66897,-4.78308,-3.58731,hedge ratio uses previous valid MTM alert_state; hedged_return = unhedged_return * (1 - hedge_ratio)
2022-08-06,2022,Bear market,stress,stress,0.25,0.937175,0.702881,0.592517,0.679195,-72.437105,-67.518629,3.440745,2.593384,-4.78308,-3.58731,hedge ratio uses previous valid MTM alert_state; hedged_return = unhedged_return * (1 - hedge_ratio)
2022-08-07,2022,Bear market,stress,stress,0.25,0.22252,0.16689,0.593835,0.680329,-72.375772,-67.464421,3.336371,2.514711,-4.01415,-3.010612,hedge ratio uses previous valid MTM alert_state; hedged_return = unhedged_return * (1 - hedge_ratio)
2022-08-08,2022,Bear market,stress,stress,0.25,2.81402,2.110515,0.610546,0.694687,-71.59842,-66.777753,3.307357,2.492309,-3.978237,-2.983678,hedge ratio uses previous valid MTM alert_state; hedged_return = unhedged_return * (1 - hedge_ratio)
2022-08-09,2022,Bear market,stress,stress,0.25,-2.761602,-2.071201,0.593685,0.680299,-72.382759,-67.465852,3.277176,2.469068,-3.978237,-2.983678,hedge ratio uses previous valid MTM alert_state; hedged_return = unhedged_return * (1 - hedge_ratio)
2022-08-10,2022,Bear market,stress,stress,0.25,3.225759,2.419319,0.612836,0.696758,-71.491893,-66.678747,3.274114,2.466112,-3.676269,-2.757201,hedge ratio uses previous valid MTM alert_state; hedged_return = unhedged_return * (1 - hedge_ratio)
2022-08-11,2022,Bear market,stress,stress,0.25,2.191071,1.643303,0.626264,0.708207,-70.86726,-66.131178,3.219422,2.42463,-3.019634,-2.264726,hedge ratio uses previous valid MTM alert_state; hedged_return = unhedged_return * (1 - hedge_ratio)
2022-08-12,2022,Bear market,stress,stress,0.25,-2.738985,-2.054239,0.609111,0.693659,-71.665202,-66.826925,3.192635,2.404016,-3.019634,-2.264726,hedge ratio uses previous valid MTM alert_state; hedged_return = unhedged_return * (1 - hedge_ratio)
2022-08-13,2022,Bear market,stress,stress,0.25,2.265447,1.699085,0.62291,0.705445,-71.023292,-66.263286,3.144722,2.367647,-3.019634,-2.264726,hedge ratio uses previous valid MTM alert_state; hedged_return = unhedged_return * (1 - hedge_ratio)
2022-08-14,2022,Bear market,stress,stress,0.25,0.345673,0.259255,0.625063,0.707274,-70.923127,-66.175822,3.050097,2.296397,-3.019634,-2.264726,hedge ratio uses previous valid MTM alert_state; hedged_return = unhedged_return * (1 - hedge_ratio)
2022-08-15,2022,Bear market,stress,stress,0.25,-0.517385,-0.388039,0.621829,0.704529,-71.073567,-66.307073,2.959893,2.228467,-3.019634,-2.264726,hedge ratio uses previous valid MTM alert_state; hedged_return = unhedged_return * (1 - hedge_ratio)
2022-08-16,2022,Bear market,stress,stress,0.25,-0.753411,-0.565058,0.617144,0.700548,-71.291502,-66.497457,2.875651,2.165008,-3.019634,-2.264726,hedge ratio uses previous valid MTM alert_state; hedged_return = unhedged_return * (1 - hedge_ratio)
2022-08-17,2022,Bear market,stress,stress,0.25,-1.489709,-1.117282,0.60795,0.692721,-71.719175,-66.871775,2.811825,2.116819,-3.019634,-2.264726,hedge ratio uses previous valid MTM alert_state; hedged_return = unhedged_return * (1 - hedge_ratio)
2022-08-18,2022,Bear market,stress,stress,0.25,0.089291,0.066968,0.608493,0.693185,-71.693922,-66.84959,2.726253,2.052398,-3.019634,-2.264726,hedge ratio uses previous valid MTM alert_state; hedged_return = unhedged_return * (1 - hedge_ratio)
2022-08-19,2022,Bear market,stress,stress,0.25,-9.712549,-7.284412,0.549393,0.642691,-74.443164,-69.264402,3.556195,2.672706,-2.945312,-2.208984,hedge ratio uses previous valid MTM alert_state; hedged_return = unhedged_return * (1 - hedge_ratio)
2022-08-20,2022,Bear market,stress,stress,0.25,0.162019,0.121514,0.550283,0.643472,-74.401757,-69.227054,3.448088,2.591455,-3.63464,-2.72598,hedge ratio uses previous valid MTM alert_state; hedged_return = unhedged_return * (1 - hedge_ratio)
2022-08-21,2022,Bear market,stress,stress,0.25,0.47045,0.352838,0.552872,0.645742,-74.28133,-69.118475,3.345031,2.513995,-3.63464,-2.72598,hedge ratio uses previous valid MTM alert_state; hedged_return = unhedged_return * (1 - hedge_ratio)
2022-08-22,2022,Bear market,stress,stress,0.25,-0.179326,-0.134494,0.55188,0.644874,-74.32745,-69.160009,3.243425,2.437631,-3.63464,-2.72598,hedge ratio uses previous valid MTM alert_state; hedged_return = unhedged_return * (1 - hedge_ratio)
2022-08-23,2022,Bear market,stress,stress,0.25,1.368539,1.026404,0.559433,0.651493,-73.976112,-68.843466,3.162434,2.376707,-3.63464,-2.72598,hedge ratio uses previous valid MTM alert_state; hedged_return = unhedged_return * (1 - hedge_ratio)
2022-08-24,2022,Bear market,stress,stress,0.25,-0.237561,-0.178171,0.558104,0.650332,-74.037934,-68.898978,3.066646,2.304716,-3.63464,-2.72598,hedge ratio uses previous valid MTM alert_state; hedged_return = unhedged_return * (1 - hedge_ratio)
2022-08-25,2022,Bear market,stress,stress,0.25,1.168292,0.876219,0.564624,0.65603,-73.734622,-68.626465,2.986964,2.244789,-3.63464,-2.72598,hedge ratio uses previous valid MTM alert_state; hedged_return = unhedged_return * (1 - hedge_ratio)
2022-08-26,2022,Bear market,watch,,,,,0.564624,0.65603,-73.734622,-68.626465,2.986964,2.244789,-3.63464,-2.72598,hedge ratio uses previous valid MTM alert_state; hedged_return = unhedged_return * (1 - hedge_ratio)
2022-08-27,2022,Bear market,watch,,,,,0.564624,0.65603,-73.734622,-68.626465,2.986964,2.244789,-3.63464,-2.72598,hedge ratio uses previous valid MTM alert_state; hedged_return = unhedged_return * (1 - hedge_ratio)
2022-08-28,2022,Bear market,watch,,,,,0.564624,0.65603,-73.734622,-68.626465,2.986964,2.244789,-3.63464,-2.72598,hedge ratio uses previous valid MTM alert_state; hedged_return = unhedged_return * (1 - hedge_ratio)
2022-08-29,2022,Bear market,watch,,,,,0.564624,0.65603,-73.734622,-68.626465,2.986964,2.244789,-3.63464,-2.72598,hedge ratio uses previous valid MTM alert_state; hedged_return = unhedged_return * (1 - hedge_ratio)
2022-08-30,2022,Bear market,watch,,,,,0.564624,0.65603,-73.734622,-68.626465,2.986964,2.244789,-3.63464,-2.72598,hedge ratio uses previous valid MTM alert_state; hedged_return = unhedged_return * (1 - hedge_ratio)
2022-08-31,2022,Bear market,watch,,,,,0.564624,0.65603,-73.734622,-68.626465,2.986964,2.244789,-3.63464,-2.72598,hedge ratio uses previous valid MTM alert_state; hedged_return = unhedged_return * (1 - hedge_ratio)
2022-09-01,2022,Bear market,watch,,,,,0.564624,0.65603,-73.734622,-68.626465,2.986964,2.244789,-3.63464,-2.72598,hedge ratio uses previous valid MTM alert_state; hedged_return = unhedged_return * (1 - hedge_ratio)
2022-09-02,2022,Bear market,watch,,,,,0.564624,0.65603,-73.734622,-68.626465,2.986964,2.244789,-3.63464,-2.72598,hedge ratio uses previous valid MTM alert_state; hedged_return = unhedged_return * (1 - hedge_ratio)
2022-09-03,2022,Bear market,watch,,,,,0.564624,0.65603,-73.734622,-68.626465,2.986964,2.244789,-3.63464,-2.72598,hedge ratio uses previous valid MTM alert_state; hedged_return = unhedged_return * (1 - hedge_ratio)
2022-09-04,2022,Bear market,watch,,,,,0.564624,0.65603,-73.734622,-68.626465,2.986964,2.244789,-3.63464,-2.72598,hedge ratio uses previous valid MTM alert_state; hedged_return = unhedged_return * (1 - hedge_ratio)
2022-09-05,2022,Bear market,watch,,,,,0.564624,0.65603,-73.734622,-68.626465,2.986964,2.244789,-3.63464,-2.72598,hedge ratio uses previous valid MTM alert_state; hedged_return = unhedged_return * (1 - hedge_ratio)
2022-09-06,2022,Bear market,watch,,,,,0.564624,0.65603,-73.734622,-68.626465,2.986964,2.244789,-3.63464,-2.72598,hedge ratio uses previous valid MTM alert_state; hedged_return = unhedged_return * (1 - hedge_ratio)
2022-09-07,2022,Bear market,watch,,,,,0.564624,0.65603,-73.734622,-68.626465,2.986964,2.244789,-3.63464,-2.72598,hedge ratio uses previous valid MTM alert_state; hedged_return = unhedged_return * (1 - hedge_ratio)
2022-09-08,2022,Bear market,watch,,,,,0.564624,0.65603,-73.734622,-68.626465,2.986964,2.244789,-3.63464,-2.72598,hedge ratio uses previous valid MTM alert_state; hedged_return = unhedged_return * (1 - hedge_ratio)
2022-09-09,2022,Bear market,stress,,,,,0.564624,0.65603,-73.734622,-68.626465,2.986964,2.244789,-3.63464,-2.72598,hedge ratio uses previous valid MTM alert_state; hedged_return = unhedged_return * (1 - hedge_ratio)
2022-09-10,2022,Bear market,stress,stress,0.25,0.686298,0.514724,0.568499,0.659407,-73.554363,-68.464978,2.900844,2.180053,-3.63464,-2.72598,hedge ratio uses previous valid MTM alert_state; hedged_return = unhedged_return * (1 - hedge_ratio)
2022-09-11,2022,Bear market,stress,stress,0.25,1.216639,0.912479,0.575416,0.665424,-73.232615,-68.177228,2.828218,2.125424,-3.63464,-2.72598,hedge ratio uses previous valid MTM alert_state; hedged_return = unhedged_return * (1 - hedge_ratio)
2022-09-12,2022,Bear market,stress,stress,0.25,2.49825,1.873688,0.589791,0.677892,-72.563899,-67.580968,2.809513,2.111167,-3.63464,-2.72598,hedge ratio uses previous valid MTM alert_state; hedged_return = unhedged_return * (1 - hedge_ratio)
2022-09-13,2022,Bear market,stress,stress,0.25,-3.175443,-2.381582,0.571063,0.661747,-73.435116,-68.353054,2.832802,2.128361,-3.63464,-2.72598,hedge ratio uses previous valid MTM alert_state; hedged_return = unhedged_return * (1 - hedge_ratio)
2022-09-14,2022,Bear market,stress,stress,0.25,-3.124797,-2.343598,0.553218,0.646239,-74.265215,-69.094731,2.851165,2.141885,-3.72765,-2.795737,hedge ratio uses previous valid MTM alert_state; hedged_return = unhedged_return * (1 - hedge_ratio)
2022-09-15,2022,Bear market,stress,stress,0.25,-0.52112,-0.39084,0.550335,0.643713,-74.399324,-69.215522,2.767253,2.07884,-3.72765,-2.795737,hedge ratio uses previous valid MTM alert_state; hedged_return = unhedged_return * (1 - hedge_ratio)
2022-09-16,2022,Bear market,stress,stress,0.25,-3.858058,-2.893543,0.529103,0.625087,-75.387013,-70.106284,2.844521,2.136501,-3.72765,-2.795737,hedge ratio uses previous valid MTM alert_state; hedged_return = unhedged_return * (1 - hedge_ratio)
2022-09-17,2022,Bear market,stress,stress,0.25,1.746044,1.309533,0.538341,0.633272,-74.95726,-69.714816,2.790832,2.096104,-4.034826,-3.02612,hedge ratio uses previous valid MTM alert_state; hedged_return = unhedged_return * (1 - hedge_ratio)
2022-09-18,2022,Bear market,stress,stress,0.25,0.097282,0.072962,0.538865,0.633734,-74.932897,-69.692719,2.705917,2.032327,-3.550881,-2.663161,hedge ratio uses previous valid MTM alert_state; hedged_return = unhedged_return * (1 - hedge_ratio)
2022-09-19,2022,Bear market,stress,stress,0.25,-3.762055,-2.821541,0.518593,0.615853,-75.875936,-70.547852,2.780621,2.088108,-3.550881,-2.663161,hedge ratio uses previous valid MTM alert_state; hedged_return = unhedged_return * (1 - hedge_ratio)
2022-09-20,2022,Bear market,stress,stress,0.25,-0.532679,-0.399509,0.51583,0.613393,-76.004439,-70.665516,2.699067,2.02686,-3.814857,-2.861142,hedge ratio uses previous valid MTM alert_state; hedged_return = unhedged_return * (1 - hedge_ratio)
2022-09-21,2022,Bear market,stress,stress,0.25,1.893469,1.420102,0.525597,0.622104,-75.550091,-70.248936,2.657627,1.995664,-3.814857,-2.861142,hedge ratio uses previous valid MTM alert_state; hedged_return = unhedged_return * (1 - hedge_ratio)
2022-09-22,2022,Bear market,stress,stress,0.25,-1.910933,-1.4332,0.515554,0.613188,-76.017312,-70.675328,2.618836,1.966458,-3.814857,-2.861142,hedge ratio uses previous valid MTM alert_state; hedged_return = unhedged_return * (1 - hedge_ratio)
2022-09-23,2022,Bear market,stress,stress,0.25,-2.219478,-1.664608,0.504111,0.602981,-76.549603,-71.163469,2.596607,1.949665,-3.814857,-2.861142,hedge ratio uses previous valid MTM alert_state; hedged_return = unhedged_return * (1 - hedge_ratio)
2022-09-24,2022,Bear market,stress,stress,0.25,2.266839,1.700129,0.515538,0.613232,-76.01802,-70.673211,2.578011,1.9356,-3.814857,-2.861142,hedge ratio uses previous valid MTM alert_state; hedged_return = unhedged_return * (1 - hedge_ratio)
2022-09-25,2022,Bear market,stress,stress,0.25,-0.66944,-0.50208,0.512087,0.610153,-76.178565,-70.820455,2.504847,1.88066,-3.814857,-2.861142,hedge ratio uses previous valid MTM alert_state; hedged_return = unhedged_return * (1 - hedge_ratio)
2022-09-26,2022,Bear market,stress,stress,0.25,1.132159,0.849119,0.517885,0.615334,-75.908868,-70.572686,2.444322,1.835192,-3.814857,-2.861142,hedge ratio uses previous valid MTM alert_state; hedged_return = unhedged_return * (1 - hedge_ratio)
2022-09-27,2022,Bear market,stress,stress,0.25,3.200643,2.400482,0.53446,0.630105,-75.137797,-69.866288,2.496172,1.873924,-3.814857,-2.861142,hedge ratio uses previous valid MTM alert_state; hedged_return = unhedged_return * (1 - hedge_ratio)
2022-09-28,2022,Bear market,stress,stress,0.25,-2.448246,-1.836184,0.521376,0.618535,-75.746485,-70.419599,2.493323,1.871681,-3.814857,-2.861142,hedge ratio uses previous valid MTM alert_state; hedged_return = unhedged_return * (1 - hedge_ratio)
2022-09-29,2022,Bear market,stress,stress,0.25,-0.820477,-0.615358,0.517098,0.614729,-75.94548,-70.601624,2.425706,1.820912,-3.814857,-2.861142,hedge ratio uses previous valid MTM alert_state; hedged_return = unhedged_return * (1 - hedge_ratio)
2022-09-30,2022,Bear market,watch,,,,,0.517098,0.614729,-75.94548,-70.601624,2.425706,1.820912,-3.814857,-2.861142,hedge ratio uses previous valid MTM alert_state; hedged_return = unhedged_return * (1 - hedge_ratio)
2022-10-01,2022,Bear market,watch,,,,,0.517098,0.614729,-75.94548,-70.601624,2.425706,1.820912,-3.814857,-2.861142,hedge ratio uses previous valid MTM alert_state; hedged_return = unhedged_return * (1 - hedge_ratio)
2022-10-02,2022,Bear market,watch,,,,,0.517098,0.614729,-75.94548,-70.601624,2.425706,1.820912,-3.814857,-2.861142,hedge ratio uses previous valid MTM alert_state; hedged_return = unhedged_return * (1 - hedge_ratio)
2022-10-03,2022,Bear market,watch,,,,,0.517098,0.614729,-75.94548,-70.601624,2.425706,1.820912,-3.814857,-2.861142,hedge ratio uses previous valid MTM alert_state; hedged_return = unhedged_return * (1 - hedge_ratio)
2022-10-04,2022,Bear market,watch,,,,,0.517098,0.614729,-75.94548,-70.601624,2.425706,1.820912,-3.814857,-2.861142,hedge ratio uses previous valid MTM alert_state; hedged_return = unhedged_return * (1 - hedge_ratio)
2022-10-05,2022,Bear market,watch,,,,,0.517098,0.614729,-75.94548,-70.601624,2.425706,1.820912,-3.814857,-2.861142,hedge ratio uses previous valid MTM alert_state; hedged_return = unhedged_return * (1 - hedge_ratio)
2022-10-06,2022,Bear market,watch,,,,,0.517098,0.614729,-75.94548,-70.601624,2.425706,1.820912,-3.814857,-2.861142,hedge ratio uses previous valid MTM alert_state; hedged_return = unhedged_return * (1 - hedge_ratio)
2022-10-07,2022,Bear market,stress,,,,,0.517098,0.614729,-75.94548,-70.601624,2.425706,1.820912,-3.814857,-2.861142,hedge ratio uses previous valid MTM alert_state; hedged_return = unhedged_return * (1 - hedge_ratio)
2022-10-08,2022,Bear market,stress,stress,0.25,-0.36524,-0.27393,0.515209,0.613045,-76.033337,-70.682155,2.35351,1.766714,-3.814857,-2.861142,hedge ratio uses previous valid MTM alert_state; hedged_return = unhedged_return * (1 - hedge_ratio)
2022-10-09,2022,Bear market,stress,stress,0.25,-0.082159,-0.061619,0.514786,0.612667,-76.053027,-70.700221,2.281902,1.712959,-3.814857,-2.861142,hedge ratio uses previous valid MTM alert_state; hedged_return = unhedged_return * (1 - hedge_ratio)
2022-10-10,2022,Bear market,stress,stress,0.25,-0.592014,-0.44401,0.511738,0.609947,-76.194797,-70.830315,2.217133,1.664333,-3.814857,-2.861142,hedge ratio uses previous valid MTM alert_state; hedged_return = unhedged_return * (1 - hedge_ratio)
2022-10-11,2022,Bear market,stress,stress,0.25,-1.976601,-1.482451,0.501623,0.600905,-76.665331,-71.262741,2.203442,1.653984,-3.814857,-2.861142,hedge ratio uses previous valid MTM alert_state; hedged_return = unhedged_return * (1 - hedge_ratio)
2022-10-12,2022,Bear market,stress,stress,0.25,1.20178,0.901335,0.507652,0.606321,-76.384899,-71.003722,2.156502,1.618724,-3.49808,-2.62356,hedge ratio uses previous valid MTM alert_state; hedged_return = unhedged_return * (1 - hedge_ratio)
2022-10-13,2022,Bear market,stress,stress,0.25,-3.703397,-2.777548,0.488851,0.58948,-77.25946,-71.809107,2.279119,1.710537,-3.49808,-2.62356,hedge ratio uses previous valid MTM alert_state; hedged_return = unhedged_return * (1 - hedge_ratio)
2022-10-14,2022,Bear market,stress,stress,0.25,5.81726,4.362945,0.517289,0.615199,-75.936584,-70.579154,2.629287,1.972942,-3.735659,-2.801744,hedge ratio uses previous valid MTM alert_state; hedged_return = unhedged_return * (1 - hedge_ratio)
2022-10-15,2022,Bear market,stress,stress,0.25,-1.669457,-1.252093,0.508653,0.607496,-76.338312,-70.947531,2.58178,1.93727,-3.735659,-2.801744,hedge ratio uses previous valid MTM alert_state; hedged_return = unhedged_return * (1 - hedge_ratio)
2022-10-16,2022,Bear market,stress,stress,0.25,-0.223756,-0.167817,0.507515,0.606477,-76.391257,-70.996286,2.503728,1.878702,-3.735659,-2.801744,hedge ratio uses previous valid MTM alert_state; hedged_return = unhedged_return * (1 - hedge_ratio)
2022-10-17,2022,Bear market,stress,stress,0.25,2.37823,1.783673,0.519585,0.617294,-75.829786,-70.478954,2.496376,1.873137,-3.735659,-2.801744,hedge ratio uses previous valid MTM alert_state; hedged_return = unhedged_return * (1 - hedge_ratio)
2022-10-18,2022,Bear market,stress,stress,0.25,-0.088659,-0.066494,0.519124,0.616884,-75.851215,-70.498584,2.420424,1.816146,-3.735659,-2.801744,hedge ratio uses previous valid MTM alert_state; hedged_return = unhedged_return * (1 - hedge_ratio)
2022-10-19,2022,Bear market,stress,stress,0.25,-2.166157,-1.624618,0.507879,0.606862,-76.374316,-70.977869,2.405926,1.805228,-3.735659,-2.801744,hedge ratio uses previous valid MTM alert_state; hedged_return = unhedged_return * (1 - hedge_ratio)
2022-10-20,2022,Bear market,stress,stress,0.25,0.389828,0.292371,0.509859,0.608636,-76.282217,-70.893017,2.334585,1.751698,-3.735659,-2.801744,hedge ratio uses previous valid MTM alert_state; hedged_return = unhedged_return * (1 - hedge_ratio)
2022-10-21,2022,Bear market,stress,stress,0.25,-1.015805,-0.761854,0.50468,0.603999,-76.523143,-71.11477,2.2771,1.708556,-3.735659,-2.801744,hedge ratio uses previous valid MTM alert_state; hedged_return = unhedged_return * (1 - hedge_ratio)
2022-10-22,2022,Bear market,stress,stress,0.25,0.524451,0.393338,0.507327,0.606375,-76.400018,-71.001153,2.211464,1.659306,-3.735659,-2.801744,hedge ratio uses previous valid MTM alert_state; hedged_return = unhedged_return * (1 - hedge_ratio)
2022-10-23,2022,Bear market,stress,stress,0.25,-0.014012,-0.010509,0.507256,0.606311,-76.403325,-71.004201,2.144097,1.608759,-3.735659,-2.801744,hedge ratio uses previous valid MTM alert_state; hedged_return = unhedged_return * (1 - hedge_ratio)
2022-10-24,2022,Bear market,stress,stress,0.25,0.776709,0.582532,0.511195,0.609843,-76.220048,-70.835291,2.087467,1.566263,-3.735659,-2.801744,hedge ratio uses previous valid MTM alert_state; hedged_return = unhedged_return * (1 - hedge_ratio)
2022-10-25,2022,Bear market,stress,stress,0.25,0.923316,0.692487,0.515915,0.614066,-76.000484,-70.633329,2.036472,1.527993,-3.138579,-2.353934,hedge ratio uses previous valid MTM alert_state; hedged_return = unhedged_return * (1 - hedge_ratio)
2022-10-26,2022,Bear market,stress,stress,0.25,3.007544,2.255658,0.531432,0.627917,-75.278688,-69.970917,2.107393,1.581125,-3.138579,-2.353934,hedge ratio uses previous valid MTM alert_state; hedged_return = unhedged_return * (1 - hedge_ratio)
2022-10-27,2022,Bear market,stress,stress,0.25,-0.941349,-0.706012,0.526429,0.623484,-75.511401,-70.182926,2.056163,1.542681,-3.138579,-2.353934,hedge ratio uses previous valid MTM alert_state; hedged_return = unhedged_return * (1 - hedge_ratio)
2022-10-28,2022,Bear market,watch,,,,,0.526429,0.623484,-75.511401,-70.182926,2.056163,1.542681,-2.3453,-1.758975,hedge ratio uses previous valid MTM alert_state; hedged_return = unhedged_return * (1 - hedge_ratio)
2022-10-29,2022,Bear market,watch,,,,,0.526429,0.623484,-75.511401,-70.182926,2.056163,1.542681,-2.3453,-1.758975,hedge ratio uses previous valid MTM alert_state; hedged_return = unhedged_return * (1 - hedge_ratio)
2022-10-30,2022,Bear market,watch,,,,,0.526429,0.623484,-75.511401,-70.182926,2.056163,1.542681,-2.3453,-1.758975,hedge ratio uses previous valid MTM alert_state; hedged_return = unhedged_return * (1 - hedge_ratio)
2022-10-31,2022,Bear market,watch,,,,,0.526429,0.623484,-75.511401,-70.182926,2.056163,1.542681,-2.3453,-1.758975,hedge ratio uses previous valid MTM alert_state; hedged_return = unhedged_return * (1 - hedge_ratio)
2022-11-01,2022,Bear market,watch,,,,,0.526429,0.623484,-75.511401,-70.182926,2.056163,1.542681,-2.3453,-1.758975,hedge ratio uses previous valid MTM alert_state; hedged_return = unhedged_return * (1 - hedge_ratio)
2022-11-02,2022,Bear market,watch,,,,,0.526429,0.623484,-75.511401,-70.182926,2.056163,1.542681,-2.3453,-1.758975,hedge ratio uses previous valid MTM alert_state; hedged_return = unhedged_return * (1 - hedge_ratio)
2022-11-03,2022,Bear market,watch,,,,,0.526429,0.623484,-75.511401,-70.182926,2.056163,1.542681,-2.3453,-1.758975,hedge ratio uses previous valid MTM alert_state; hedged_return = unhedged_return * (1 - hedge_ratio)
2022-11-04,2022,Bear market,stress,,,,,0.526429,0.623484,-75.511401,-70.182926,2.056163,1.542681,-2.3453,-1.758975,hedge ratio uses previous valid MTM alert_state; hedged_return = unhedged_return * (1 - hedge_ratio)
2022-11-05,2022,Bear market,stress,stress,0.25,2.150653,1.61299,0.537751,0.633541,-74.984737,-69.70198,2.061955,1.54699,-2.3453,-1.758975,hedge ratio uses previous valid MTM alert_state; hedged_return = unhedged_return * (1 - hedge_ratio)
2022-11-06,2022,Bear market,stress,stress,0.25,-0.067265,-0.050449,0.537389,0.633221,-75.001563,-69.717265,1.999207,1.499913,-2.3453,-1.758975,hedge ratio uses previous valid MTM alert_state; hedged_return = unhedged_return * (1 - hedge_ratio)
2022-11-07,2022,Bear market,stress,stress,0.25,-2.176431,-1.632323,0.525693,0.622885,-75.545637,-70.211577,2.010281,1.508186,-2.3453,-1.758975,hedge ratio uses previous valid MTM alert_state; hedged_return = unhedged_return * (1 - hedge_ratio)
2022-11-08,2022,Bear market,stress,stress,0.25,-5.706587,-4.27994,0.495694,0.596226,-76.941146,-71.486504,2.398471,1.799228,-2.3453,-1.758975,hedge ratio uses previous valid MTM alert_state; hedged_return = unhedged_return * (1 - hedge_ratio)
2022-11-09,2022,Bear market,stress,stress,0.25,-9.138438,-6.853829,0.450395,0.555362,-79.048365,-73.44077,3.227719,2.42105,-3.138579,-2.353934,hedge ratio uses previous valid MTM alert_state; hedged_return = unhedged_return * (1 - hedge_ratio)
2022-11-10,2022,Bear market,stress,stress,0.25,-0.782136,-0.586602,0.446873,0.552104,-79.212236,-73.596567,3.135248,2.351689,-4.805151,-3.603864,hedge ratio uses previous valid MTM alert_state; hedged_return = unhedged_return * (1 - hedge_ratio)
2022-11-11,2022,Bear market,stress,stress,0.25,-5.140677,-3.855508,0.4239,0.530817,-80.280868,-74.614553,3.290226,2.467896,-4.805151,-3.603864,hedge ratio uses previous valid MTM alert_state; hedged_return = unhedged_return * (1 - hedge_ratio)
2022-11-12,2022,Bear market,stress,stress,0.25,0.537271,0.402953,0.426178,0.532956,-80.174922,-74.512262,3.192706,2.394749,-5.451927,-4.088946,hedge ratio uses previous valid MTM alert_state; hedged_return = unhedged_return * (1 - hedge_ratio)
2022-11-13,2022,Bear market,stress,stress,0.25,-1.34533,-1.008997,0.420444,0.527579,-80.441635,-74.769432,3.112935,2.334913,-5.451927,-4.088946,hedge ratio uses previous valid MTM alert_state; hedged_return = unhedged_return * (1 - hedge_ratio)
2022-11-14,2022,Bear market,stress,stress,0.25,0.327129,0.245347,0.42182,0.528873,-80.377654,-74.70753,3.019166,2.26458,-5.451927,-4.088946,hedge ratio uses previous valid MTM alert_state; hedged_return = unhedged_return * (1 - hedge_ratio)
2022-11-15,2022,Bear market,stress,stress,0.25,1.802407,1.351805,0.429423,0.536023,-80.023979,-74.365625,2.960298,2.22042,-5.451927,-4.088946,hedge ratio uses previous valid MTM alert_state; hedged_return = unhedged_return * (1 - hedge_ratio)
2022-11-16,2022,Bear market,stress,stress,0.25,-2.252201,-1.689151,0.419751,0.526968,-80.47388,-74.798628,2.922654,2.192177,-5.451927,-4.088946,hedge ratio uses previous valid MTM alert_state; hedged_return = unhedged_return * (1 - hedge_ratio)
2022-11-17,2022,Bear market,stress,stress,0.25,0.309959,0.232469,0.421052,0.528193,-80.413357,-74.740043,2.834635,2.126158,-5.451927,-4.088946,hedge ratio uses previous valid MTM alert_state; hedged_return = unhedged_return * (1 - hedge_ratio)
2022-11-18,2022,Bear market,stress,stress,0.25,0.501111,0.375833,0.423162,0.530179,-80.315206,-74.645107,2.75102,2.063441,-5.451927,-4.088946,hedge ratio uses previous valid MTM alert_state; hedged_return = unhedged_return * (1 - hedge_ratio)
2022-11-19,2022,Bear market,stress,stress,0.25,-0.130765,-0.098074,0.422609,0.529659,-80.340947,-74.669974,2.667406,2.000724,-5.451927,-4.088946,hedge ratio uses previous valid MTM alert_state; hedged_return = unhedged_return * (1 - hedge_ratio)
2022-11-20,2022,Bear market,stress,stress,0.25,-0.518583,-0.388937,0.420417,0.527599,-80.442895,-74.768492,2.589263,1.942112,-5.451927,-4.088946,hedge ratio uses previous valid MTM alert_state; hedged_return = unhedged_return * (1 - hedge_ratio)
2022-11-21,2022,Bear market,stress,stress,0.25,-2.178795,-1.634096,0.411257,0.518977,-80.869004,-75.180799,2.566487,1.925022,-5.451927,-4.088946,hedge ratio uses previous valid MTM alert_state; hedged_return = unhedged_return * (1 - hedge_ratio)
2022-11-22,2022,Bear market,stress,stress,0.25,-0.116937,-0.087703,0.410776,0.518522,-80.891376,-75.202566,2.488467,1.866501,-5.451927,-4.088946,hedge ratio uses previous valid MTM alert_state; hedged_return = unhedged_return * (1 - hedge_ratio)
2022-11-23,2022,Bear market,stress,stress,0.25,2.079015,1.559261,0.419316,0.526607,-80.494104,-74.815909,2.465817,1.849507,-5.451927,-4.088946,hedge ratio uses previous valid MTM alert_state; hedged_return = unhedged_return * (1 - hedge_ratio)
2022-11-24,2022,Bear market,stress,stress,0.25,0.553983,0.415487,0.421639,0.528795,-80.386045,-74.711273,2.394547,1.796049,-5.451927,-4.088946,hedge ratio uses previous valid MTM alert_state; hedged_return = unhedged_return * (1 - hedge_ratio)
2022-11-25,2022,Bear market,watch,,,,,0.421639,0.528795,-80.386045,-74.711273,2.394547,1.796049,-5.451927,-4.088946,hedge ratio uses previous valid MTM alert_state; hedged_return = unhedged_return * (1 - hedge_ratio)
2022-11-26,2022,Bear market,watch,,,,,0.421639,0.528795,-80.386045,-74.711273,2.394547,1.796049,-5.451927,-4.088946,hedge ratio uses previous valid MTM alert_state; hedged_return = unhedged_return * (1 - hedge_ratio)
2022-11-27,2022,Bear market,watch,,,,,0.421639,0.528795,-80.386045,-74.711273,2.394547,1.796049,-5.451927,-4.088946,hedge ratio uses previous valid MTM alert_state; hedged_return = unhedged_return * (1 - hedge_ratio)
2022-11-28,2022,Bear market,watch,,,,,0.421639,0.528795,-80.386045,-74.711273,2.394547,1.796049,-5.451927,-4.088946,hedge ratio uses previous valid MTM alert_state; hedged_return = unhedged_return * (1 - hedge_ratio)
2022-11-29,2022,Bear market,watch,,,,,0.421639,0.528795,-80.386045,-74.711273,2.394547,1.796049,-5.451927,-4.088946,hedge ratio uses previous valid MTM alert_state; hedged_return = unhedged_return * (1 - hedge_ratio)
2022-11-30,2022,Bear market,watch,,,,,0.421639,0.528795,-80.386045,-74.711273,2.394547,1.796049,-5.451927,-4.088946,hedge ratio uses previous valid MTM alert_state; hedged_return = unhedged_return * (1 - hedge_ratio)
2022-12-01,2022,Bear market,watch,,,,,0.421639,0.528795,-80.386045,-74.711273,2.394547,1.796049,-5.451927,-4.088946,hedge ratio uses previous valid MTM alert_state; hedged_return = unhedged_return * (1 - hedge_ratio)
2022-12-02,2022,Bear market,watch,,,,,0.421639,0.528795,-80.386045,-74.711273,2.394547,1.796049,-5.451927,-4.088946,hedge ratio uses previous valid MTM alert_state; hedged_return = unhedged_return * (1 - hedge_ratio)
2022-12-03,2022,Bear market,watch,,,,,0.421639,0.528795,-80.386045,-74.711273,2.394547,1.796049,-5.451927,-4.088946,hedge ratio uses previous valid MTM alert_state; hedged_return = unhedged_return * (1 - hedge_ratio)
2022-12-04,2022,Bear market,watch,,,,,0.421639,0.528795,-80.386045,-74.711273,2.394547,1.796049,-5.451927,-4.088946,hedge ratio uses previous valid MTM alert_state; hedged_return = unhedged_return * (1 - hedge_ratio)
2022-12-05,2022,Bear market,watch,,,,,0.421639,0.528795,-80.386045,-74.711273,2.394547,1.796049,-5.451927,-4.088946,hedge ratio uses previous valid MTM alert_state; hedged_return = unhedged_return * (1 - hedge_ratio)
2022-12-06,2022,Bear market,watch,,,,,0.421639,0.528795,-80.386045,-74.711273,2.394547,1.796049,-5.451927,-4.088946,hedge ratio uses previous valid MTM alert_state; hedged_return = unhedged_return * (1 - hedge_ratio)
2022-12-07,2022,Bear market,watch,,,,,0.421639,0.528795,-80.386045,-74.711273,2.394547,1.796049,-5.451927,-4.088946,hedge ratio uses previous valid MTM alert_state; hedged_return = unhedged_return * (1 - hedge_ratio)
2022-12-08,2022,Bear market,watch,,,,,0.421639,0.528795,-80.386045,-74.711273,2.394547,1.796049,-5.451927,-4.088946,hedge ratio uses previous valid MTM alert_state; hedged_return = unhedged_return * (1 - hedge_ratio)
2022-12-09,2022,Bear market,stress,,,,,0.421639,0.528795,-80.386045,-74.711273,2.394547,1.796049,-5.451927,-4.088946,hedge ratio uses previous valid MTM alert_state; hedged_return = unhedged_return * (1 - hedge_ratio)
2022-12-10,2022,Bear market,stress,stress,0.25,0.209461,0.157096,0.422523,0.529626,-80.344961,-74.671545,2.322166,1.74176,-5.451927,-4.088946,hedge ratio uses previous valid MTM alert_state; hedged_return = unhedged_return * (1 - hedge_ratio)
2022-12-11,2022,Bear market,stress,stress,0.25,-0.12018,-0.090135,0.422015,0.529148,-80.368583,-74.694375,2.251616,1.688843,-5.451927,-4.088946,hedge ratio uses previous valid MTM alert_state; hedged_return = unhedged_return * (1 - hedge_ratio)
2022-12-12,2022,Bear market,stress,stress,0.25,-0.491307,-0.36848,0.419941,0.527199,-80.465033,-74.787621,2.186337,1.63988,-5.451927,-4.088946,hedge ratio uses previous valid MTM alert_state; hedged_return = unhedged_return * (1 - hedge_ratio)
2022-12-13,2022,Bear market,stress,stress,0.25,3.87346,2.905095,0.436208,0.542514,-79.708354,-74.055178,2.322389,1.741903,-5.451927,-4.088946,hedge ratio uses previous valid MTM alert_state; hedged_return = unhedged_return * (1 - hedge_ratio)
2022-12-14,2022,Bear market,stress,stress,0.25,0.628729,0.471547,0.43895,0.545072,-79.580775,-73.932836,2.2569,1.692783,-5.451927,-4.088946,hedge ratio uses previous valid MTM alert_state; hedged_return = unhedged_return * (1 - hedge_ratio)
2022-12-15,2022,Bear market,stress,stress,0.25,-1.739023,-1.304267,0.431317,0.537963,-79.93587,-74.272821,2.229223,1.67202,-5.451927,-4.088946,hedge ratio uses previous valid MTM alert_state; hedged_return = unhedged_return * (1 - hedge_ratio)
2022-12-16,2022,Bear market,stress,stress,0.25,-2.800323,-2.100242,0.419238,0.526665,-80.49773,-74.813154,2.267548,1.700757,-5.451927,-4.088946,hedge ratio uses previous valid MTM alert_state; hedged_return = unhedged_return * (1 - hedge_ratio)
2022-12-17,2022,Bear market,stress,stress,0.25,-1.821014,-1.36576,0.411604,0.519472,-80.852869,-75.157146,2.243264,1.682539,-5.451927,-4.088946,hedge ratio uses previous valid MTM alert_state; hedged_return = unhedged_return * (1 - hedge_ratio)
2022-12-18,2022,Bear market,stress,stress,0.25,0.126924,0.095193,0.412127,0.519966,-80.828567,-75.133498,2.175148,1.631449,-5.451927,-4.088946,hedge ratio uses previous valid MTM alert_state; hedged_return = unhedged_return * (1 - hedge_ratio)
2022-12-19,2022,Bear market,stress,stress,0.25,0.301225,0.225919,0.413368,0.521141,-80.770818,-75.077319,2.110174,1.582716,-5.451927,-4.088946,hedge ratio uses previous valid MTM alert_state; hedged_return = unhedged_return * (1 - hedge_ratio)
2022-12-20,2022,Bear market,stress,stress,0.25,1.258886,0.944165,0.418572,0.526061,-80.528744,-74.842008,2.068998,1.55183,-5.451927,-4.088946,hedge ratio uses previous valid MTM alert_state; hedged_return = unhedged_return * (1 - hedge_ratio)
2022-12-21,2022,Bear market,stress,stress,0.25,-0.768869,-0.576652,0.415353,0.523028,-80.678453,-74.987082,2.01479,1.511171,-5.451927,-4.088946,hedge ratio uses previous valid MTM alert_state; hedged_return = unhedged_return * (1 - hedge_ratio)
2022-12-22,2022,Bear market,stress,stress,0.25,-0.709072,-0.531804,0.412408,0.520246,-80.815457,-75.120102,1.961117,1.470914,-5.451927,-4.088946,hedge ratio uses previous valid MTM alert_state; hedged_return = unhedged_return * (1 - hedge_ratio)
2022-12-23,2022,Bear market,stress,stress,0.25,0.608433,0.456325,0.414918,0.52262,-80.698731,-75.006569,1.907206,1.430478,-5.451927,-4.088946,hedge ratio uses previous valid MTM alert_state; hedged_return = unhedged_return * (1 - hedge_ratio)
2022-12-24,2022,Bear market,stress,stress,0.25,0.296894,0.222671,0.416149,0.523784,-80.641427,-74.950916,1.850534,1.387972,-4.087518,-3.065638,hedge ratio uses previous valid MTM alert_state; hedged_return = unhedged_return * (1 - hedge_ratio)
2022-12-25,2022,Bear market,stress,stress,0.25,-0.077236,-0.057927,0.415828,0.523481,-80.656379,-74.965426,1.794259,1.345763,-2.553668,-1.915251,hedge ratio uses previous valid MTM alert_state; hedged_return = unhedged_return * (1 - hedge_ratio)
2022-12-26,2022,Bear market,stress,stress,0.25,0.044594,0.033446,0.416013,0.523656,-80.647753,-74.957053,1.739633,1.304792,-2.553668,-1.915251,hedge ratio uses previous valid MTM alert_state; hedged_return = unhedged_return * (1 - hedge_ratio)
2022-12-27,2022,Bear market,stress,stress,0.25,-0.378048,-0.283536,0.414441,0.522171,-80.720914,-75.028059,1.689177,1.266948,-2.219168,-1.664376,hedge ratio uses previous valid MTM alert_state; hedged_return = unhedged_return * (1 - hedge_ratio)
2022-12-28,2022,Bear market,stress,stress,0.25,-0.06864,-0.05148,0.414156,0.521902,-80.734147,-75.040915,1.637804,1.228416,-2.219168,-1.664376,hedge ratio uses previous valid MTM alert_state; hedged_return = unhedged_return * (1 - hedge_ratio)
2022-12-29,2022,Bear market,stress,stress,0.25,-0.655096,-0.491322,0.411443,0.519338,-80.860357,-75.163544,1.595997,1.197059,-2.219168,-1.664376,hedge ratio uses previous valid MTM alert_state; hedged_return = unhedged_return * (1 - hedge_ratio)
2023-01-06,2023,Recovery,normal,,,,,0.411443,0.519338,-80.860357,-75.163544,1.595997,1.197059,-2.219168,-1.664376,hedge ratio uses previous valid MTM alert_state; hedged_return = unhedged_return * (1 - hedge_ratio)
2023-01-07,2023,Recovery,normal,normal,0,1.125676,1.125676,0.416075,0.525184,-80.644906,-74.883966,1.571752,1.192896,-2.219168,-1.664376,hedge ratio uses previous valid MTM alert_state; hedged_return = unhedged_return * (1 - hedge_ratio)
2023-01-08,2023,Recovery,normal,normal,0,0.171169,0.171169,0.416787,0.526083,-80.611776,-74.840975,1.524447,1.157315,-2.219168,-1.664376,hedge ratio uses previous valid MTM alert_state; hedged_return = unhedged_return * (1 - hedge_ratio)
2023-01-09,2023,Recovery,normal,normal,0,1.561008,1.561008,0.423293,0.534295,-80.309125,-74.448241,1.526665,1.18542,-2.017794,-1.513345,hedge ratio uses previous valid MTM alert_state; hedged_return = unhedged_return * (1 - hedge_ratio)
2023-01-10,2023,Recovery,normal,normal,0,0.234609,0.234609,0.424286,0.535549,-80.262928,-74.388294,1.481272,1.150743,-2.017794,-1.513345,hedge ratio uses previous valid MTM alert_state; hedged_return = unhedged_return * (1 - hedge_ratio)
2023-01-11,2023,Recovery,normal,normal,0,0.664186,0.664186,0.427104,0.539106,-80.131837,-74.218185,1.445332,1.127487,-2.017794,-1.513345,hedge ratio uses previous valid MTM alert_state; hedged_return = unhedged_return * (1 - hedge_ratio)
2023-01-12,2023,Recovery,normal,normal,0,3.154896,3.154896,0.440579,0.556114,-79.505017,-73.404795,1.600265,1.338714,-2.017794,-1.513345,hedge ratio uses previous valid MTM alert_state; hedged_return = unhedged_return * (1 - hedge_ratio)
2023-01-13,2023,Recovery,normal,normal,0,5.28623,5.28623,0.463869,0.585511,-78.421605,-71.998911,2.020854,1.833379,-2.017794,-1.513345,hedge ratio uses previous valid MTM alert_state; hedged_return = unhedged_return * (1 - hedge_ratio)
2023-01-14,2023,Recovery,normal,normal,0,4.352908,4.352908,0.484061,0.610998,-77.482318,-70.78005,2.230625,2.072793,-1.784118,-1.338089,hedge ratio uses previous valid MTM alert_state; hedged_return = unhedged_return * (1 - hedge_ratio)
2023-01-15,2023,Recovery,normal,normal,0,0.453243,0.453243,0.486254,0.613767,-77.380258,-70.647612,2.165519,2.012712,-1.784118,-1.338089,hedge ratio uses previous valid MTM alert_state; hedged_return = unhedged_return * (1 - hedge_ratio)
2023-01-16,2023,Recovery,normal,normal,0,0.31454,0.31454,0.487784,0.615698,-77.30911,-70.555287,2.100962,1.952917,-1.784118,-1.338089,hedge ratio uses previous valid MTM alert_state; hedged_return = unhedged_return * (1 - hedge_ratio)
2023-01-17,2023,Recovery,normal,normal,0,-0.086787,-0.086787,0.487361,0.615164,-77.328802,-70.580842,2.037069,1.893542,-1.784118,-1.338089,hedge ratio uses previous valid MTM alert_state; hedged_return = unhedged_return * (1 - hedge_ratio)
2023-01-18,2023,Recovery,normal,normal,0,0.66446,0.66446,0.490599,0.619251,-77.178161,-70.385363,1.981707,1.843058,-1.784118,-1.338089,hedge ratio uses previous valid MTM alert_state; hedged_return = unhedged_return * (1 - hedge_ratio)
2023-01-19,2023,Recovery,normal,normal,0,0.295357,0.295357,0.492048,0.62108,-77.110756,-70.297894,1.922698,1.788375,-1.784118,-1.338089,hedge ratio uses previous valid MTM alert_state; hedged_return = unhedged_return * (1 - hedge_ratio)
2023-01-20,2023,Recovery,normal,normal,0,4.600595,4.600595,0.514685,0.649653,-76.057714,-68.931421,2.178276,2.067926,-1.784118,-1.338089,hedge ratio uses previous valid MTM alert_state; hedged_return = unhedged_return * (1 - hedge_ratio)
2023-01-21,2023,Recovery,normal,normal,0,3.793821,3.793821,0.534211,0.6743,-75.149387,-67.752734,2.307332,2.209824,-1.784118,-1.338089,hedge ratio uses previous valid MTM alert_state; hedged_return = unhedged_return * (1 - hedge_ratio)
2023-01-22,2023,Recovery,normal,normal,0,0.755731,0.755731,0.538249,0.679396,-74.961583,-67.509032,2.244687,2.150486,-1.784118,-1.338089,hedge ratio uses previous valid MTM alert_state; hedged_return = unhedged_return * (1 - hedge_ratio)
2023-01-23,2023,Recovery,normal,normal,0,-1.928911,-1.928911,0.527866,0.666291,-75.444552,-68.135754,2.227004,2.137839,-1.347549,-1.010662,hedge ratio uses previous valid MTM alert_state; hedged_return = unhedged_return * (1 - hedge_ratio)
2023-01-24,2023,Recovery,normal,normal,0,1.228676,1.228676,0.534352,0.674478,-75.142845,-67.744245,2.180035,2.094449,-1.347549,-1.010662,hedge ratio uses previous valid MTM alert_state; hedged_return = unhedged_return * (1 - hedge_ratio)
2023-01-25,2023,Recovery,normal,normal,0,0.564652,0.564652,0.537369,0.678286,-75.002488,-67.562112,2.118143,2.035348,-0.74196,-0.55647,hedge ratio uses previous valid MTM alert_state; hedged_return = unhedged_return * (1 - hedge_ratio)
2023-01-26,2023,Recovery,normal,normal,0,0.309528,0.309528,0.539032,0.680386,-74.925114,-67.461708,2.055015,1.974799,-0.74196,-0.55647,hedge ratio uses previous valid MTM alert_state; hedged_return = unhedged_return * (1 - hedge_ratio)
2023-01-27,2023,Recovery,normal,,,,,0.539032,0.680386,-74.925114,-67.461708,2.055015,1.974799,-0.74196,-0.55647,hedge ratio uses previous valid MTM alert_state; hedged_return = unhedged_return * (1 - hedge_ratio)
2023-01-28,2023,Recovery,normal,,,,,0.539032,0.680386,-74.925114,-67.461708,2.055015,1.974799,-0.74196,-0.55647,hedge ratio uses previous valid MTM alert_state; hedged_return = unhedged_return * (1 - hedge_ratio)
2023-01-29,2023,Recovery,normal,,,,,0.539032,0.680386,-74.925114,-67.461708,2.055015,1.974799,-0.74196,-0.55647,hedge ratio uses previous valid MTM alert_state; hedged_return = unhedged_return * (1 - hedge_ratio)
2023-01-30,2023,Recovery,normal,,,,,0.539032,0.680386,-74.925114,-67.461708,2.055015,1.974799,-0.74196,-0.55647,hedge ratio uses previous valid MTM alert_state; hedged_return = unhedged_return * (1 - hedge_ratio)
2023-01-31,2023,Recovery,normal,,,,,0.539032,0.680386,-74.925114,-67.461708,2.055015,1.974799,-0.74196,-0.55647,hedge ratio uses previous valid MTM alert_state; hedged_return = unhedged_return * (1 - hedge_ratio)
2023-02-01,2023,Recovery,normal,,,,,0.539032,0.680386,-74.925114,-67.461708,2.055015,1.974799,-0.74196,-0.55647,hedge ratio uses previous valid MTM alert_state; hedged_return = unhedged_return * (1 - hedge_ratio)
2023-02-02,2023,Recovery,normal,,,,,0.539032,0.680386,-74.925114,-67.461708,2.055015,1.974799,-0.74196,-0.55647,hedge ratio uses previous valid MTM alert_state; hedged_return = unhedged_return * (1 - hedge_ratio)
2023-02-03,2023,Recovery,normal,,,,,0.539032,0.680386,-74.925114,-67.461708,2.055015,1.974799,-0.74196,-0.55647,hedge ratio uses previous valid MTM alert_state; hedged_return = unhedged_return * (1 - hedge_ratio)
2023-02-04,2023,Recovery,normal,normal,0,0.10982,0.10982,0.539624,0.681133,-74.897577,-67.425975,1.992592,1.914828,-0.74196,-0.55647,hedge ratio uses previous valid MTM alert_state; hedged_return = unhedged_return * (1 - hedge_ratio)
2023-02-05,2023,Recovery,normal,normal,0,-1.098682,-1.098682,0.533696,0.673649,-75.173373,-67.78386,1.950545,1.875899,-0.74196,-0.55647,hedge ratio uses previous valid MTM alert_state; hedged_return = unhedged_return * (1 - hedge_ratio)
2023-02-06,2023,Recovery,normal,normal,0,-1.139949,-1.139949,0.527612,0.66597,-75.456383,-68.151107,1.911626,1.840062,-0.923357,-0.843587,hedge ratio uses previous valid MTM alert_state; hedged_return = unhedged_return * (1 - hedge_ratio)
2023-02-07,2023,Recovery,normal,normal,0,0.520575,0.520575,0.530358,0.669437,-75.328616,-67.98531,1.857772,1.788557,-1.121379,-1.121379,hedge ratio uses previous valid MTM alert_state; hedged_return = unhedged_return * (1 - hedge_ratio)
2023-02-08,2023,Recovery,normal,normal,0,0.324494,0.324494,0.532079,0.671609,-75.248558,-67.881424,1.80293,1.735891,-1.121379,-1.121379,hedge ratio uses previous valid MTM alert_state; hedged_return = unhedged_return * (1 - hedge_ratio)
2023-02-09,2023,Recovery,normal,normal,0,-1.452453,-1.452453,0.524351,0.661854,-75.608061,-68.347931,1.783844,1.720202,-1.121379,-1.121379,hedge ratio uses previous valid MTM alert_state; hedged_return = unhedged_return * (1 - hedge_ratio)
2023-02-10,2023,Recovery,normal,normal,0,-4.616345,-4.616345,0.500145,0.631301,-76.734077,-69.8091,2.066352,2.014991,-1.311826,-1.311826,hedge ratio uses previous valid MTM alert_state; hedged_return = unhedged_return * (1 - hedge_ratio)
2023-02-11,2023,Recovery,normal,normal,0,0.16364,0.16364,0.500964,0.632334,-76.696005,-69.759696,2.003804,1.954018,-1.714505,-1.714505,hedge ratio uses previous valid MTM alert_state; hedged_return = unhedged_return * (1 - hedge_ratio)
2023-02-12,2023,Recovery,normal,normal,0,0.712681,0.712681,0.504534,0.636841,-76.529922,-69.544179,1.950587,1.902516,-1.714505,-1.714505,hedge ratio uses previous valid MTM alert_state; hedged_return = unhedged_return * (1 - hedge_ratio)
2023-02-13,2023,Recovery,normal,normal,0,-1.072319,-1.072319,0.499124,0.630012,-76.781596,-69.870762,1.909318,1.863166,-1.714505,-1.714505,hedge ratio uses previous valid MTM alert_state; hedged_return = unhedged_return * (1 - hedge_ratio)
2023-02-14,2023,Recovery,normal,normal,0,2.450907,2.450907,0.511357,0.645453,-76.212535,-69.132323,1.946068,1.903555,-1.714505,-1.714505,hedge ratio uses previous valid MTM alert_state; hedged_return = unhedged_return * (1 - hedge_ratio)
2023-02-15,2023,Recovery,normal,normal,0,1.790057,1.790057,0.520511,0.657007,-75.786725,-68.579774,1.937062,1.896936,-1.714505,-1.714505,hedge ratio uses previous valid MTM alert_state; hedged_return = unhedged_return * (1 - hedge_ratio)
2023-02-16,2023,Recovery,normal,normal,0,1.973188,1.973188,0.530781,0.669971,-75.308952,-67.959793,1.939249,1.901598,-1.714505,-1.714505,hedge ratio uses previous valid MTM alert_state; hedged_return = unhedged_return * (1 - hedge_ratio)
2023-02-17,2023,Recovery,normal,normal,0,2.634433,2.634433,0.544764,0.68762,-74.658483,-67.115716,1.987828,1.953336,-1.714505,-1.714505,hedge ratio uses previous valid MTM alert_state; hedged_return = unhedged_return * (1 - hedge_ratio)
2023-02-18,2023,Recovery,normal,normal,0,2.516763,2.516763,0.558475,0.704926,-74.020697,-66.288096,2.023467,1.991642,-1.714505,-1.714505,hedge ratio uses previous valid MTM alert_state; hedged_return = unhedged_return * (1 - hedge_ratio)
2023-02-19,2023,Recovery,normal,normal,0,0.293326,0.293326,0.560113,0.706994,-73.944493,-66.18921,1.963139,1.932305,-1.714505,-1.714505,hedge ratio uses previous valid MTM alert_state; hedged_return = unhedged_return * (1 - hedge_ratio)
2023-02-20,2023,Recovery,normal,normal,0,0.581658,0.581658,0.563371,0.711106,-73.792939,-65.992547,1.908659,1.878849,-1.714505,-1.714505,hedge ratio uses previous valid MTM alert_state; hedged_return = unhedged_return * (1 - hedge_ratio)
2023-02-21,2023,Recovery,normal,normal,0,-0.106292,-0.106292,0.562772,0.71035,-73.820795,-66.028694,1.850697,1.821798,-1.714505,-1.714505,hedge ratio uses previous valid MTM alert_state; hedged_return = unhedged_return * (1 - hedge_ratio)
2023-02-22,2023,Recovery,normal,normal,0,-1.920841,-1.920841,0.551962,0.696706,-74.323656,-66.681229,1.85498,1.827892,-1.714505,-1.714505,hedge ratio uses previous valid MTM alert_state; hedged_return = unhedged_return * (1 - hedge_ratio)
2023-02-23,2023,Recovery,normal,normal,0,0.524774,0.524774,0.554859,0.700362,-74.188913,-66.506381,1.803058,1.776862,-1.925279,-1.925279,hedge ratio uses previous valid MTM alert_state; hedged_return = unhedged_return * (1 - hedge_ratio)
2023-02-24,2023,Recovery,normal,,,,,0.554859,0.700362,-74.188913,-66.506381,1.803058,1.776862,-1.925279,-1.925279,hedge ratio uses previous valid MTM alert_state; hedged_return = unhedged_return * (1 - hedge_ratio)
2023-02-25,2023,Recovery,normal,,,,,0.554859,0.700362,-74.188913,-66.506381,1.803058,1.776862,-1.925279,-1.925279,hedge ratio uses previous valid MTM alert_state; hedged_return = unhedged_return * (1 - hedge_ratio)
2023-02-26,2023,Recovery,normal,,,,,0.554859,0.700362,-74.188913,-66.506381,1.803058,1.776862,-1.925279,-1.925279,hedge ratio uses previous valid MTM alert_state; hedged_return = unhedged_return * (1 - hedge_ratio)
2023-02-27,2023,Recovery,normal,,,,,0.554859,0.700362,-74.188913,-66.506381,1.803058,1.776862,-1.925279,-1.925279,hedge ratio uses previous valid MTM alert_state; hedged_return = unhedged_return * (1 - hedge_ratio)
2023-02-28,2023,Recovery,normal,,,,,0.554859,0.700362,-74.188913,-66.506381,1.803058,1.776862,-1.925279,-1.925279,hedge ratio uses previous valid MTM alert_state; hedged_return = unhedged_return * (1 - hedge_ratio)
2023-03-01,2023,Recovery,normal,,,,,0.554859,0.700362,-74.188913,-66.506381,1.803058,1.776862,-1.925279,-1.925279,hedge ratio uses previous valid MTM alert_state; hedged_return = unhedged_return * (1 - hedge_ratio)
2023-03-02,2023,Recovery,normal,,,,,0.554859,0.700362,-74.188913,-66.506381,1.803058,1.776862,-1.925279,-1.925279,hedge ratio uses previous valid MTM alert_state; hedged_return = unhedged_return * (1 - hedge_ratio)
2023-03-03,2023,Recovery,normal,,,,,0.554859,0.700362,-74.188913,-66.506381,1.803058,1.776862,-1.925279,-1.925279,hedge ratio uses previous valid MTM alert_state; hedged_return = unhedged_return * (1 - hedge_ratio)
2023-03-04,2023,Recovery,normal,normal,0,0.352185,0.352185,0.556813,0.702828,-74.09801,-66.388421,1.750257,1.724891,-1.925279,-1.925279,hedge ratio uses previous valid MTM alert_state; hedged_return = unhedged_return * (1 - hedge_ratio)
2023-03-05,2023,Recovery,normal,normal,0,0.454748,0.454748,0.559345,0.706024,-73.980222,-66.235573,1.700589,1.676049,-1.925279,-1.925279,hedge ratio uses previous valid MTM alert_state; hedged_return = unhedged_return * (1 - hedge_ratio)
2023-03-06,2023,Recovery,normal,normal,0,0.056552,0.056552,0.559661,0.706424,-73.965507,-66.216479,1.64884,1.625049,-1.925279,-1.925279,hedge ratio uses previous valid MTM alert_state; hedged_return = unhedged_return * (1 - hedge_ratio)
2023-03-07,2023,Recovery,normal,normal,0,-1.269961,-1.269961,0.552554,0.697452,-74.296135,-66.645517,1.628595,1.605959,-1.925279,-1.925279,hedge ratio uses previous valid MTM alert_state; hedged_return = unhedged_return * (1 - hedge_ratio)
2023-03-08,2023,Recovery,normal,normal,0,-0.036138,-0.036138,0.552354,0.6972,-74.305424,-66.65757,1.579006,1.55706,-1.925279,-1.925279,hedge ratio uses previous valid MTM alert_state; hedged_return = unhedged_return * (1 - hedge_ratio)
2023-03-09,2023,Recovery,normal,normal,0,-1.196453,-1.196453,0.545745,0.688859,-74.612847,-67.056497,1.558703,1.53781,-1.925279,-1.925279,hedge ratio uses previous valid MTM alert_state; hedged_return = unhedged_return * (1 - hedge_ratio)
2023-03-10,2023,Recovery,normal,normal,0,-8.948255,-8.948255,0.496911,0.627218,-76.884554,-70.004365,2.662341,2.650895,-1.925279,-1.925279,hedge ratio uses previous valid MTM alert_state; hedged_return = unhedged_return * (1 - hedge_ratio)
2023-03-11,2023,Recovery,normal,normal,0,0.907471,0.907471,0.50142,0.63291,-76.674788,-69.732164,2.590788,2.579733,-3.403368,-3.403368,hedge ratio uses previous valid MTM alert_state; hedged_return = unhedged_return * (1 - hedge_ratio)
2023-03-12,2023,Recovery,normal,normal,0,1.146564,1.146564,0.507169,0.640166,-76.40735,-69.385124,2.527515,2.516862,-3.403368,-3.403368,hedge ratio uses previous valid MTM alert_state; hedged_return = unhedged_return * (1 - hedge_ratio)
2023-03-13,2023,Recovery,watch,normal,0,2.838132,2.838132,0.521563,0.658335,-75.737759,-68.516233,2.54722,2.537286,-3.403368,-3.403368,hedge ratio uses previous valid MTM alert_state; hedged_return = unhedged_return * (1 - hedge_ratio)
2023-03-14,2023,Recovery,watch,watch,0,0.597019,0.597019,0.524677,0.662266,-75.592909,-68.328269,2.473947,2.464333,-3.403368,-3.403368,hedge ratio uses previous valid MTM alert_state; hedged_return = unhedged_return * (1 - hedge_ratio)
2023-03-15,2023,Recovery,watch,watch,0,-3.764706,-3.764706,0.504924,0.637333,-76.511764,-69.520616,2.569742,2.561043,-3.403368,-3.403368,hedge ratio uses previous valid MTM alert_state; hedged_return = unhedged_return * (1 - hedge_ratio)
2023-03-16,2023,Recovery,watch,watch,0,6.793182,6.793182,0.539225,0.680628,-74.916166,-67.450096,2.99603,2.989021,-4.233107,-4.233107,hedge ratio uses previous valid MTM alert_state; hedged_return = unhedged_return * (1 - hedge_ratio)
2023-03-17,2023,Recovery,normal,watch,0,20.137215,20.137215,0.64781,0.817688,-69.86498,-60.895452,5.72434,5.720895,-4.233107,-4.233107,hedge ratio uses previous valid MTM alert_state; hedged_return = unhedged_return * (1 - hedge_ratio)
2023-03-18,2023,Recovery,normal,normal,0,1.912624,1.912624,0.6602,0.833327,-69.28861,-60.147529,5.569692,5.566364,-4.233107,-4.233107,hedge ratio uses previous valid MTM alert_state; hedged_return = unhedged_return * (1 - hedge_ratio)
2023-03-19,2023,Recovery,normal,normal,0,-0.273737,-0.273737,0.658393,0.831046,-69.372679,-60.25662,5.400433,5.397206,-4.233107,-4.233107,hedge ratio uses previous valid MTM alert_state; hedged_return = unhedged_return * (1 - hedge_ratio)
2023-03-20,2023,Recovery,normal,normal,0,0.346681,0.346681,0.660675,0.833927,-69.2665,-60.118838,5.236603,5.233475,-4.233107,-4.233107,hedge ratio uses previous valid MTM alert_state; hedged_return = unhedged_return * (1 - hedge_ratio)
2023-03-21,2023,Recovery,normal,normal,0,1.77301,1.77301,0.672389,0.848713,-68.721592,-59.411741,5.095616,5.092594,-2.934967,-2.934967,hedge ratio uses previous valid MTM alert_state; hedged_return = unhedged_return * (1 - hedge_ratio)
2023-03-22,2023,Recovery,normal,normal,0,0.360028,0.360028,0.67481,0.851769,-68.608981,-59.265612,4.94117,4.938241,-2.934967,-2.934967,hedge ratio uses previous valid MTM alert_state; hedged_return = unhedged_return * (1 - hedge_ratio)
2023-03-23,2023,Recovery,normal,normal,0,0.249692,0.249692,0.676495,0.853895,-68.5306,-59.163901,4.791033,4.788193,-2.934967,-2.934967,hedge ratio uses previous valid MTM alert_state; hedged_return = unhedged_return * (1 - hedge_ratio)
2023-03-24,2023,Recovery,normal,normal,0,2.520772,2.520772,0.693548,0.87542,-67.737328,-58.134516,4.685938,4.683208,-2.934967,-2.934967,hedge ratio uses previous valid MTM alert_state; hedged_return = unhedged_return * (1 - hedge_ratio)
2023-03-25,2023,Recovery,normal,normal,0,-0.585715,-0.585715,0.689485,0.870293,-67.926295,-58.379728,4.54545,4.542805,-2.934967,-2.934967,hedge ratio uses previous valid MTM alert_state; hedged_return = unhedged_return * (1 - hedge_ratio)
2023-03-26,2023,Recovery,normal,normal,0,1.94799,1.94799,0.702917,0.887246,-67.301503,-57.56897,4.432734,4.430184,-2.934967,-2.934967,hedge ratio uses previous valid MTM alert_state; hedged_return = unhedged_return * (1 - hedge_ratio)
2023-03-27,2023,Recovery,normal,normal,0,-1.375056,-1.375056,0.693251,0.875046,-67.751125,-58.15242,4.310873,4.308409,-2.934967,-2.934967,hedge ratio uses previous valid MTM alert_state; hedged_return = unhedged_return * (1 - hedge_ratio)
2023-03-28,2023,Recovery,normal,normal,0,-2.754813,-2.754813,0.674153,0.85094,-68.639522,-59.305243,4.233669,4.23131,-2.934967,-2.934967,hedge ratio uses previous valid MTM alert_state; hedged_return = unhedged_return * (1 - hedge_ratio)
2023-03-29,2023,Recovery,normal,normal,0,5.739147,5.739147,0.712844,0.899776,-66.839698,-56.969711,4.338753,4.33659,-3.310254,-3.310254,hedge ratio uses previous valid MTM alert_state; hedged_return = unhedged_return * (1 - hedge_ratio)
2023-03-30,2023,Recovery,normal,normal,0,0.513169,0.513169,0.716502,0.904394,-66.669529,-56.748893,4.208455,4.206359,-3.310254,-3.310254,hedge ratio uses previous valid MTM alert_state; hedged_return = unhedged_return * (1 - hedge_ratio)
2023-03-31,2023,Recovery,normal,,,,,0.716502,0.904394,-66.669529,-56.748893,4.208455,4.206359,-3.310254,-3.310254,hedge ratio uses previous valid MTM alert_state; hedged_return = unhedged_return * (1 - hedge_ratio)
2023-04-01,2023,Recovery,normal,,,,,0.716502,0.904394,-66.669529,-56.748893,4.208455,4.206359,-3.310254,-3.310254,hedge ratio uses previous valid MTM alert_state; hedged_return = unhedged_return * (1 - hedge_ratio)
2023-04-02,2023,Recovery,normal,,,,,0.716502,0.904394,-66.669529,-56.748893,4.208455,4.206359,-3.310254,-3.310254,hedge ratio uses previous valid MTM alert_state; hedged_return = unhedged_return * (1 - hedge_ratio)
2023-04-03,2023,Recovery,normal,,,,,0.716502,0.904394,-66.669529,-56.748893,4.208455,4.206359,-3.310254,-3.310254,hedge ratio uses previous valid MTM alert_state; hedged_return = unhedged_return * (1 - hedge_ratio)
2023-04-04,2023,Recovery,normal,,,,,0.716502,0.904394,-66.669529,-56.748893,4.208455,4.206359,-3.310254,-3.310254,hedge ratio uses previous valid MTM alert_state; hedged_return = unhedged_return * (1 - hedge_ratio)
2023-04-05,2023,Recovery,normal,,,,,0.716502,0.904394,-66.669529,-56.748893,4.208455,4.206359,-3.310254,-3.310254,hedge ratio uses previous valid MTM alert_state; hedged_return = unhedged_return * (1 - hedge_ratio)
2023-04-06,2023,Recovery,normal,,,,,0.716502,0.904394,-66.669529,-56.748893,4.208455,4.206359,-3.310254,-3.310254,hedge ratio uses previous valid MTM alert_state; hedged_return = unhedged_return * (1 - hedge_ratio)
2023-04-07,2023,Recovery,normal,,,,,0.716502,0.904394,-66.669529,-56.748893,4.208455,4.206359,-3.310254,-3.310254,hedge ratio uses previous valid MTM alert_state; hedged_return = unhedged_return * (1 - hedge_ratio)
2023-04-08,2023,Recovery,normal,normal,0,0.473583,0.473583,0.719895,0.908677,-66.511682,-56.544063,4.081897,4.079865,-3.310254,-3.310254,hedge ratio uses previous valid MTM alert_state; hedged_return = unhedged_return * (1 - hedge_ratio)
2023-04-09,2023,Recovery,normal,normal,0,-0.428558,-0.428558,0.71681,0.904783,-66.655199,-56.730297,3.958938,3.956969,-3.310254,-3.310254,hedge ratio uses previous valid MTM alert_state; hedged_return = unhedged_return * (1 - hedge_ratio)
2023-04-10,2023,Recovery,normal,normal,0,0.828818,0.828818,0.722751,0.912282,-66.378831,-56.37167,3.843698,3.841792,-3.310254,-3.310254,hedge ratio uses previous valid MTM alert_state; hedged_return = unhedged_return * (1 - hedge_ratio)
2023-04-11,2023,Recovery,normal,normal,0,3.653292,3.653292,0.749155,0.94561,-65.150552,-54.777799,3.832541,3.830743,-3.310254,-3.310254,hedge ratio uses previous valid MTM alert_state; hedged_return = unhedged_return * (1 - hedge_ratio)
2023-04-12,2023,Recovery,normal,normal,0,-0.296869,-0.296869,0.746931,0.942803,-65.254009,-54.91205,3.716498,3.714755,-3.310254,-3.310254,hedge ratio uses previous valid MTM alert_state; hedged_return = unhedged_return * (1 - hedge_ratio)
2023-04-13,2023,Recovery,normal,normal,0,0.657428,0.657428,0.751842,0.949001,-65.025579,-54.615629,3.606875,3.605187,-3.310254,-3.310254,hedge ratio uses previous valid MTM alert_state; hedged_return = unhedged_return * (1 - hedge_ratio)
2023-04-14,2023,Recovery,normal,normal,0,4.791853,4.791853,0.787869,0.994476,-63.349656,-52.440877,3.688724,3.687173,-3.310254,-3.310254,hedge ratio uses previous valid MTM alert_state; hedged_return = unhedged_return * (1 - hedge_ratio)
2023-04-15,2023,Recovery,normal,normal,0,-0.472327,-0.472327,0.784148,0.989779,-63.522765,-52.665511,3.578221,3.576718,-3.310254,-3.310254,hedge ratio uses previous valid MTM alert_state; hedged_return = unhedged_return * (1 - hedge_ratio)
2023-04-16,2023,Recovery,normal,normal,0,-0.226371,-0.226371,0.782373,0.987538,-63.605339,-52.772663,3.469658,3.4682,-3.310254,-3.310254,hedge ratio uses previous valid MTM alert_state; hedged_return = unhedged_return * (1 - hedge_ratio)
2023-04-17,2023,Recovery,normal,normal,0,-2.561689,-2.561689,0.762331,0.96224,-64.537657,-53.982481,3.42198,3.420591,-3.310254,-3.310254,hedge ratio uses previous valid MTM alert_state; hedged_return = unhedged_return * (1 - hedge_ratio)
2023-04-18,2023,Recovery,normal,normal,0,3.203767,3.203767,0.786754,0.993068,-63.401527,-52.508186,3.409281,3.407971,-2.667907,-2.667907,hedge ratio uses previous valid MTM alert_state; hedged_return = unhedged_return * (1 - hedge_ratio)
2023-04-19,2023,Recovery,normal,normal,0,-3.209425,-3.209425,0.761504,0.961197,-64.576127,-54.032401,3.397621,3.396385,-2.667907,-2.667907,hedge ratio uses previous valid MTM alert_state; hedged_return = unhedged_return * (1 - hedge_ratio)
2023-04-20,2023,Recovery,normal,normal,0,-1.690727,-1.690727,0.748629,0.944945,-65.175048,-54.809587,3.320047,3.318858,-3.00485,-3.00485,hedge ratio uses previous valid MTM alert_state; hedged_return = unhedged_return * (1 - hedge_ratio)
2023-04-21,2023,Recovery,normal,normal,0,-2.979076,-2.979076,0.726327,0.916795,-66.21251,-56.155844,3.300582,3.299458,-3.00485,-3.00485,hedge ratio uses previous valid MTM alert_state; hedged_return = unhedged_return * (1 - hedge_ratio)
2023-04-22,2023,Recovery,normal,normal,0,-2.76567,-2.76567,0.706239,0.891439,-67.14696,-57.368429,3.270956,3.269889,-3.105768,-3.105768,hedge ratio uses previous valid MTM alert_state; hedged_return = unhedged_return * (1 - hedge_ratio)
2023-04-23,2023,Recovery,normal,normal,0,1.377375,1.377375,0.715966,0.903718,-66.694451,-56.781232,3.189205,3.188177,-2.883043,-2.883043,hedge ratio uses previous valid MTM alert_state; hedged_return = unhedged_return * (1 - hedge_ratio)
2023-04-24,2023,Recovery,normal,normal,0,0.083952,0.083952,0.716567,0.904476,-66.66649,-56.744949,3.092118,3.091121,-2.883043,-2.883043,hedge ratio uses previous valid MTM alert_state; hedged_return = unhedged_return * (1 - hedge_ratio)
2023-04-25,2023,Recovery,normal,normal,0,-0.843507,-0.843507,0.710523,0.896847,-66.947661,-57.109808,3.005031,3.004067,-2.883043,-2.883043,hedge ratio uses previous valid MTM alert_state; hedged_return = unhedged_return * (1 - hedge_ratio)
2023-04-26,2023,Recovery,normal,normal,0,7.686769,7.686769,0.765139,0.965786,-64.407004,-53.812938,3.468946,3.468161,-2.883043,-2.883043,hedge ratio uses previous valid MTM alert_state; hedged_return = unhedged_return * (1 - hedge_ratio)
2023-04-27,2023,Recovery,normal,normal,0,-1.743985,-1.743985,0.751795,0.948942,-65.02774,-54.618434,3.390289,3.389534,-2.883043,-2.883043,hedge ratio uses previous valid MTM alert_state; hedged_return = unhedged_return * (1 - hedge_ratio)
2023-04-28,2023,Recovery,normal,,,,,0.751795,0.948942,-65.02774,-54.618434,3.390289,3.389534,-2.883043,-2.883043,hedge ratio uses previous valid MTM alert_state; hedged_return = unhedged_return * (1 - hedge_ratio)
2023-04-29,2023,Recovery,normal,,,,,0.751795,0.948942,-65.02774,-54.618434,3.390289,3.389534,-2.883043,-2.883043,hedge ratio uses previous valid MTM alert_state; hedged_return = unhedged_return * (1 - hedge_ratio)
2023-04-30,2023,Recovery,normal,,,,,0.751795,0.948942,-65.02774,-54.618434,3.390289,3.389534,-2.883043,-2.883043,hedge ratio uses previous valid MTM alert_state; hedged_return = unhedged_return * (1 - hedge_ratio)
2023-05-01,2023,Recovery,normal,,,,,0.751795,0.948942,-65.02774,-54.618434,3.390289,3.389534,-2.883043,-2.883043,hedge ratio uses previous valid MTM alert_state; hedged_return = unhedged_return * (1 - hedge_ratio)
2023-05-02,2023,Recovery,normal,,,,,0.751795,0.948942,-65.02774,-54.618434,3.390289,3.389534,-2.883043,-2.883043,hedge ratio uses previous valid MTM alert_state; hedged_return = unhedged_return * (1 - hedge_ratio)
2023-05-03,2023,Recovery,normal,,,,,0.751795,0.948942,-65.02774,-54.618434,3.390289,3.389534,-2.883043,-2.883043,hedge ratio uses previous valid MTM alert_state; hedged_return = unhedged_return * (1 - hedge_ratio)
2023-05-04,2023,Recovery,normal,,,,,0.751795,0.948942,-65.02774,-54.618434,3.390289,3.389534,-2.883043,-2.883043,hedge ratio uses previous valid MTM alert_state; hedged_return = unhedged_return * (1 - hedge_ratio)
2023-05-05,2023,Recovery,watch,,,,,0.751795,0.948942,-65.02774,-54.618434,3.390289,3.389534,-2.883043,-2.883043,hedge ratio uses previous valid MTM alert_state; hedged_return = unhedged_return * (1 - hedge_ratio)
2023-05-06,2023,Recovery,watch,watch,0,-0.647696,-0.647696,0.746926,0.942796,-65.254254,-54.912368,3.290833,3.290102,-2.883043,-2.883043,hedge ratio uses previous valid MTM alert_state; hedged_return = unhedged_return * (1 - hedge_ratio)
2023-05-07,2023,Recovery,watch,watch,0,0.201005,0.201005,0.748427,0.944691,-65.184413,-54.82174,3.190961,3.190252,-2.883043,-2.883043,hedge ratio uses previous valid MTM alert_state; hedged_return = unhedged_return * (1 - hedge_ratio)
2023-05-08,2023,Recovery,watch,watch,0,-3.513735,-3.513735,0.72213,0.911497,-66.407741,-56.409184,3.211243,3.210581,-2.883043,-2.883043,hedge ratio uses previous valid MTM alert_state; hedged_return = unhedged_return * (1 - hedge_ratio)
2023-05-09,2023,Recovery,watch,watch,0,-0.923402,-0.923402,0.715461,0.90308,-66.717932,-56.811703,3.121621,3.12098,-3.105768,-3.105768,hedge ratio uses previous valid MTM alert_state; hedged_return = unhedged_return * (1 - hedge_ratio)
2023-05-10,2023,Recovery,watch,watch,0,2.179352,2.179352,0.731054,0.922762,-65.992599,-55.870478,3.073242,3.072631,-3.105768,-3.105768,hedge ratio uses previous valid MTM alert_state; hedged_return = unhedged_return * (1 - hedge_ratio)
2023-05-11,2023,Recovery,watch,watch,0,-3.434161,-3.434161,0.705948,0.891073,-67.160468,-57.385957,3.096084,3.095514,-3.105768,-3.105768,hedge ratio uses previous valid MTM alert_state; hedged_return = unhedged_return * (1 - hedge_ratio)
2023-05-12,2023,Recovery,watch,watch,0,-3.542436,-3.542436,0.680941,0.859507,-68.323787,-58.895532,3.124664,3.124133,-3.33303,-3.33303,hedge ratio uses previous valid MTM alert_state; hedged_return = unhedged_return * (1 - hedge_ratio)
2023-05-13,2023,Recovery,watch,watch,0,1.476834,1.476834,0.690997,0.8722,-67.855982,-58.288487,3.050996,3.050484,-3.477927,-3.477927,hedge ratio uses previous valid MTM alert_state; hedged_return = unhedged_return * (1 - hedge_ratio)
2023-05-14,2023,Recovery,watch,watch,0,0.342919,0.342919,0.693367,0.875191,-67.745754,-58.14545,2.959242,2.958747,-3.477927,-3.477927,hedge ratio uses previous valid MTM alert_state; hedged_return = unhedged_return * (1 - hedge_ratio)
2023-05-15,2023,Recovery,watch,watch,0,1.121989,1.121989,0.701146,0.885011,-67.383865,-57.675847,2.882225,2.881747,-3.477927,-3.477927,hedge ratio uses previous valid MTM alert_state; hedged_return = unhedged_return * (1 - hedge_ratio)
2023-05-16,2023,Recovery,watch,watch,0,-0.833521,-0.833521,0.695302,0.877634,-67.655728,-58.028628,2.80187,2.801407,-3.477927,-3.477927,hedge ratio uses previous valid MTM alert_state; hedged_return = unhedged_return * (1 - hedge_ratio)
2023-05-17,2023,Recovery,watch,watch,0,-0.802632,-0.802632,0.689721,0.87059,-67.915333,-58.365503,2.723618,2.723171,-3.477927,-3.477927,hedge ratio uses previous valid MTM alert_state; hedged_return = unhedged_return * (1 - hedge_ratio)
2023-05-18,2023,Recovery,watch,watch,0,2.347094,2.347094,0.705909,0.891024,-67.162276,-57.388303,2.702507,2.702083,-3.477927,-3.477927,hedge ratio uses previous valid MTM alert_state; hedged_return = unhedged_return * (1 - hedge_ratio)
2023-05-19,2023,Recovery,watch,watch,0,-2.06706,-2.06706,0.691318,0.872606,-67.841051,-58.269112,2.66865,2.668247,-3.477927,-3.477927,hedge ratio uses previous valid MTM alert_state; hedged_return = unhedged_return * (1 - hedge_ratio)
2023-05-20,2023,Recovery,watch,watch,0,0.401123,0.401123,0.694091,0.876106,-67.712054,-58.10172,2.589217,2.588827,-3.477927,-3.477927,hedge ratio uses previous valid MTM alert_state; hedged_return = unhedged_return * (1 - hedge_ratio)
2023-05-21,2023,Recovery,watch,watch,0,-0.065236,-0.065236,0.693638,0.875534,-67.733118,-58.129052,2.51039,2.510011,-3.477927,-3.477927,hedge ratio uses previous valid MTM alert_state; hedged_return = unhedged_return * (1 - hedge_ratio)
2023-05-22,2023,Recovery,watch,watch,0,0.460204,0.460204,0.69683,0.879564,-67.584624,-57.936361,2.436523,2.436156,-3.477927,-3.477927,hedge ratio uses previous valid MTM alert_state; hedged_return = unhedged_return * (1 - hedge_ratio)
2023-05-23,2023,Recovery,watch,watch,0,0.810955,0.810955,0.702481,0.886696,-67.32175,-57.595243,2.370634,2.370279,-3.477927,-3.477927,hedge ratio uses previous valid MTM alert_state; hedged_return = unhedged_return * (1 - hedge_ratio)
2023-05-24,2023,Recovery,watch,watch,0,-2.620067,-2.620067,0.684076,0.863464,-68.177942,-58.706277,2.386335,2.386004,-3.477927,-3.477927,hedge ratio uses previous valid MTM alert_state; hedged_return = unhedged_return * (1 - hedge_ratio)
2023-05-25,2023,Recovery,watch,watch,0,-0.05221,-0.05221,0.683719,0.863014,-68.194556,-58.727836,2.313673,2.313352,-3.477927,-3.477927,hedge ratio uses previous valid MTM alert_state; hedged_return = unhedged_return * (1 - hedge_ratio)
2023-05-26,2023,Recovery,watch,,,,,0.683719,0.863014,-68.194556,-58.727836,2.313673,2.313352,-3.477927,-3.477927,hedge ratio uses previous valid MTM alert_state; hedged_return = unhedged_return * (1 - hedge_ratio)
2023-05-27,2023,Recovery,watch,,,,,0.683719,0.863014,-68.194556,-58.727836,2.313673,2.313352,-3.477927,-3.477927,hedge ratio uses previous valid MTM alert_state; hedged_return = unhedged_return * (1 - hedge_ratio)
2023-05-28,2023,Recovery,watch,,,,,0.683719,0.863014,-68.194556,-58.727836,2.313673,2.313352,-3.477927,-3.477927,hedge ratio uses previous valid MTM alert_state; hedged_return = unhedged_return * (1 - hedge_ratio)
2023-05-29,2023,Recovery,watch,,,,,0.683719,0.863014,-68.194556,-58.727836,2.313673,2.313352,-3.477927,-3.477927,hedge ratio uses previous valid MTM alert_state; hedged_return = unhedged_return * (1 - hedge_ratio)
2023-05-30,2023,Recovery,watch,,,,,0.683719,0.863014,-68.194556,-58.727836,2.313673,2.313352,-3.477927,-3.477927,hedge ratio uses previous valid MTM alert_state; hedged_return = unhedged_return * (1 - hedge_ratio)
2023-05-31,2023,Recovery,watch,,,,,0.683719,0.863014,-68.194556,-58.727836,2.313673,2.313352,-3.477927,-3.477927,hedge ratio uses previous valid MTM alert_state; hedged_return = unhedged_return * (1 - hedge_ratio)
2023-06-01,2023,Recovery,watch,,,,,0.683719,0.863014,-68.194556,-58.727836,2.313673,2.313352,-3.477927,-3.477927,hedge ratio uses previous valid MTM alert_state; hedged_return = unhedged_return * (1 - hedge_ratio)
2023-06-02,2023,Recovery,watch,,,,,0.683719,0.863014,-68.194556,-58.727836,2.313673,2.313352,-3.477927,-3.477927,hedge ratio uses previous valid MTM alert_state; hedged_return = unhedged_return * (1 - hedge_ratio)
2023-06-03,2023,Recovery,watch,,,,,0.683719,0.863014,-68.194556,-58.727836,2.313673,2.313352,-3.477927,-3.477927,hedge ratio uses previous valid MTM alert_state; hedged_return = unhedged_return * (1 - hedge_ratio)
2023-06-04,2023,Recovery,watch,,,,,0.683719,0.863014,-68.194556,-58.727836,2.313673,2.313352,-3.477927,-3.477927,hedge ratio uses previous valid MTM alert_state; hedged_return = unhedged_return * (1 - hedge_ratio)
2023-06-05,2023,Recovery,watch,,,,,0.683719,0.863014,-68.194556,-58.727836,2.313673,2.313352,-3.477927,-3.477927,hedge ratio uses previous valid MTM alert_state; hedged_return = unhedged_return * (1 - hedge_ratio)
2023-06-06,2023,Recovery,watch,,,,,0.683719,0.863014,-68.194556,-58.727836,2.313673,2.313352,-3.477927,-3.477927,hedge ratio uses previous valid MTM alert_state; hedged_return = unhedged_return * (1 - hedge_ratio)
2023-06-07,2023,Recovery,watch,,,,,0.683719,0.863014,-68.194556,-58.727836,2.313673,2.313352,-3.477927,-3.477927,hedge ratio uses previous valid MTM alert_state; hedged_return = unhedged_return * (1 - hedge_ratio)
2023-06-08,2023,Recovery,watch,,,,,0.683719,0.863014,-68.194556,-58.727836,2.313673,2.313352,-3.477927,-3.477927,hedge ratio uses previous valid MTM alert_state; hedged_return = unhedged_return * (1 - hedge_ratio)
2023-06-09,2023,Recovery,watch,,,,,0.683719,0.863014,-68.194556,-58.727836,2.313673,2.313352,-3.477927,-3.477927,hedge ratio uses previous valid MTM alert_state; hedged_return = unhedged_return * (1 - hedge_ratio)
2023-06-10,2023,Recovery,watch,watch,0,-3.352761,-3.352761,0.660795,0.834079,-69.260917,-60.111593,2.388798,2.388506,-3.477927,-3.477927,hedge ratio uses previous valid MTM alert_state; hedged_return = unhedged_return * (1 - hedge_ratio)
2023-06-11,2023,Recovery,watch,watch,0,0.196686,0.196686,0.662095,0.835719,-69.200457,-60.033138,2.316527,2.316244,-3.477927,-3.477927,hedge ratio uses previous valid MTM alert_state; hedged_return = unhedged_return * (1 - hedge_ratio)
2023-06-12,2023,Recovery,watch,watch,0,0.190831,0.190831,0.663358,0.837314,-69.141682,-59.956869,2.246443,2.246168,-3.477927,-3.477927,hedge ratio uses previous valid MTM alert_state; hedged_return = unhedged_return * (1 - hedge_ratio)
2023-06-13,2023,Recovery,watch,watch,0,1.012099,1.012099,0.670072,0.845789,-68.829366,-59.551593,2.192071,2.191806,-3.477927,-3.477927,hedge ratio uses previous valid MTM alert_state; hedged_return = unhedged_return * (1 - hedge_ratio)
2023-06-14,2023,Recovery,watch,watch,0,-0.124683,-0.124683,0.669237,0.844734,-68.86823,-59.602025,2.125511,2.125255,-3.477927,-3.477927,hedge ratio uses previous valid MTM alert_state; hedged_return = unhedged_return * (1 - hedge_ratio)
2023-06-15,2023,Recovery,watch,watch,0,-3.747493,-3.747493,0.644157,0.813078,-70.034891,-61.115936,2.255959,2.255732,-3.477927,-3.477927,hedge ratio uses previous valid MTM alert_state; hedged_return = unhedged_return * (1 - hedge_ratio)
2023-06-16,2023,Recovery,watch,watch,0,1.555865,1.555865,0.654179,0.825728,-69.568674,-60.510953,2.220188,2.219971,-3.529521,-3.529521,hedge ratio uses previous valid MTM alert_state; hedged_return = unhedged_return * (1 - hedge_ratio)
2023-06-17,2023,Recovery,watch,watch,0,3.36168,3.36168,0.676171,0.853486,-68.545671,-59.183457,2.304676,2.30448,-3.529521,-3.529521,hedge ratio uses previous valid MTM alert_state; hedged_return = unhedged_return * (1 - hedge_ratio)
2023-06-18,2023,Recovery,watch,watch,0,-0.040622,-0.040622,0.675896,0.85314,-68.558448,-59.200038,2.234489,2.234298,-3.529521,-3.529521,hedge ratio uses previous valid MTM alert_state; hedged_return = unhedged_return * (1 - hedge_ratio)
2023-06-19,2023,Recovery,watch,watch,0,0.312129,0.312129,0.678006,0.855803,-68.46031,-59.072689,2.167766,2.167581,-3.529521,-3.529521,hedge ratio uses previous valid MTM alert_state; hedged_return = unhedged_return * (1 - hedge_ratio)
2023-06-20,2023,Recovery,watch,watch,0,0.460587,0.460587,0.681129,0.859744,-68.315042,-58.884184,2.104753,2.104574,-3.529521,-3.529521,hedge ratio uses previous valid MTM alert_state; hedged_return = unhedged_return * (1 - hedge_ratio)
2023-06-21,2023,Recovery,watch,watch,0,1.660792,1.660792,0.692441,0.874023,-67.788821,-58.201335,2.080788,2.080618,-3.529521,-3.529521,hedge ratio uses previous valid MTM alert_state; hedged_return = unhedged_return * (1 - hedge_ratio)
2023-06-22,2023,Recovery,watch,watch,0,0.586741,0.586741,0.696504,0.879151,-67.599825,-57.956085,2.022512,2.022348,-3.529521,-3.529521,hedge ratio uses previous valid MTM alert_state; hedged_return = unhedged_return * (1 - hedge_ratio)
2023-06-23,2023,Recovery,watch,watch,0,9.674373,9.674373,0.763886,0.964203,-64.465311,-53.8886,3.07583,3.075729,-3.493712,-3.493712,hedge ratio uses previous valid MTM alert_state; hedged_return = unhedged_return * (1 - hedge_ratio)
2023-06-24,2023,Recovery,watch,watch,0,1.487989,1.487989,0.775252,0.978551,-63.936558,-53.202468,3.004319,3.004222,-3.493712,-3.493712,hedge ratio uses previous valid MTM alert_state; hedged_return = unhedged_return * (1 - hedge_ratio)
2023-06-25,2023,Recovery,watch,watch,0,0.47748,0.47748,0.778954,0.983223,-63.764363,-52.979019,2.915143,2.915048,-3.493712,-3.493712,hedge ratio uses previous valid MTM alert_state; hedged_return = unhedged_return * (1 - hedge_ratio)
2023-06-26,2023,Recovery,watch,watch,0,-0.387121,-0.387121,0.775939,0.979417,-63.904639,-53.161047,2.827926,2.827834,-3.457082,-3.457082,hedge ratio uses previous valid MTM alert_state; hedged_return = unhedged_return * (1 - hedge_ratio)
2023-06-27,2023,Recovery,watch,watch,0,0.437518,0.437518,0.779333,0.983702,-63.746715,-52.956118,2.74387,2.743781,-3.023049,-3.023049,hedge ratio uses previous valid MTM alert_state; hedged_return = unhedged_return * (1 - hedge_ratio)
2023-06-28,2023,Recovery,watch,watch,0,-0.669647,-0.669647,0.774115,0.977115,-63.989484,-53.271146,2.665332,2.665246,-3.023049,-3.023049,hedge ratio uses previous valid MTM alert_state; hedged_return = unhedged_return * (1 - hedge_ratio)
2023-06-29,2023,Recovery,normal,watch,0,1.51254,1.51254,0.785823,0.991894,-63.44481,-52.564353,2.61056,2.610478,-3.023049,-3.023049,hedge ratio uses previous valid MTM alert_state; hedged_return = unhedged_return * (1 - hedge_ratio)
2023-06-30,2023,Recovery,normal,,,,,0.785823,0.991894,-63.44481,-52.564353,2.61056,2.610478,-3.023049,-3.023049,hedge ratio uses previous valid MTM alert_state; hedged_return = unhedged_return * (1 - hedge_ratio)
2023-07-01,2023,Recovery,normal,,,,,0.785823,0.991894,-63.44481,-52.564353,2.61056,2.610478,-3.023049,-3.023049,hedge ratio uses previous valid MTM alert_state; hedged_return = unhedged_return * (1 - hedge_ratio)
2023-07-02,2023,Recovery,normal,,,,,0.785823,0.991894,-63.44481,-52.564353,2.61056,2.610478,-3.023049,-3.023049,hedge ratio uses previous valid MTM alert_state; hedged_return = unhedged_return * (1 - hedge_ratio)
2023-07-03,2023,Recovery,normal,,,,,0.785823,0.991894,-63.44481,-52.564353,2.61056,2.610478,-3.023049,-3.023049,hedge ratio uses previous valid MTM alert_state; hedged_return = unhedged_return * (1 - hedge_ratio)
2023-07-04,2023,Recovery,normal,,,,,0.785823,0.991894,-63.44481,-52.564353,2.61056,2.610478,-3.023049,-3.023049,hedge ratio uses previous valid MTM alert_state; hedged_return = unhedged_return * (1 - hedge_ratio)
2023-07-05,2023,Recovery,normal,,,,,0.785823,0.991894,-63.44481,-52.564353,2.61056,2.610478,-3.023049,-3.023049,hedge ratio uses previous valid MTM alert_state; hedged_return = unhedged_return * (1 - hedge_ratio)
2023-07-06,2023,Recovery,normal,,,,,0.785823,0.991894,-63.44481,-52.564353,2.61056,2.610478,-3.023049,-3.023049,hedge ratio uses previous valid MTM alert_state; hedged_return = unhedged_return * (1 - hedge_ratio)
2023-07-07,2023,Recovery,normal,,,,,0.785823,0.991894,-63.44481,-52.564353,2.61056,2.610478,-3.023049,-3.023049,hedge ratio uses previous valid MTM alert_state; hedged_return = unhedged_return * (1 - hedge_ratio)
2023-07-08,2023,Recovery,normal,normal,0,-0.293789,-0.293789,0.783515,0.98898,-63.552206,-52.703714,2.532055,2.531975,-3.023049,-3.023049,hedge ratio uses previous valid MTM alert_state; hedged_return = unhedged_return * (1 - hedge_ratio)
2023-07-09,2023,Recovery,normal,normal,0,0.122381,0.122381,0.784474,0.99019,-63.5076,-52.645833,2.455101,2.455024,-3.023049,-3.023049,hedge ratio uses previous valid MTM alert_state; hedged_return = unhedged_return * (1 - hedge_ratio)
2023-07-10,2023,Recovery,normal,normal,0,-0.111009,-0.111009,0.783603,0.989091,-63.54811,-52.6984,2.380464,2.380389,-3.023049,-3.023049,hedge ratio uses previous valid MTM alert_state; hedged_return = unhedged_return * (1 - hedge_ratio)
2023-07-11,2023,Recovery,normal,normal,0,0.873312,0.873312,0.790446,0.997729,-63.229771,-52.285309,2.317838,2.317766,-3.023049,-3.023049,hedge ratio uses previous valid MTM alert_state; hedged_return = unhedged_return * (1 - hedge_ratio)
2023-07-12,2023,Recovery,normal,normal,0,0.685524,0.685524,0.795865,1.004568,-62.977703,-51.958214,2.253492,2.253422,-3.023049,-3.023049,hedge ratio uses previous valid MTM alert_state; hedged_return = unhedged_return * (1 - hedge_ratio)
2023-07-13,2023,Recovery,normal,normal,0,0.229887,0.229887,0.797694,1.006878,-62.892593,-51.847772,2.185567,2.185499,-3.023049,-3.023049,hedge ratio uses previous valid MTM alert_state; hedged_return = unhedged_return * (1 - hedge_ratio)
2023-07-14,2023,Recovery,normal,normal,0,1.132153,1.132153,0.806726,1.018277,-62.472481,-51.302615,2.137056,2.136991,-3.023049,-3.023049,hedge ratio uses previous valid MTM alert_state; hedged_return = unhedged_return * (1 - hedge_ratio)
2023-07-15,2023,Recovery,normal,normal,0,-2.360764,-2.360764,0.787681,0.994238,-63.358417,-52.452245,2.151135,2.151074,-3.023049,-3.023049,hedge ratio uses previous valid MTM alert_state; hedged_return = unhedged_return * (1 - hedge_ratio)
2023-07-16,2023,Recovery,normal,normal,0,-0.024471,-0.024471,0.787488,0.993995,-63.367383,-52.463881,2.085611,2.085552,-3.023049,-3.023049,hedge ratio uses previous valid MTM alert_state; hedged_return = unhedged_return * (1 - hedge_ratio)
2023-07-17,2023,Recovery,normal,normal,0,-0.12343,-0.12343,0.786516,0.992768,-63.412599,-52.522555,2.022301,2.022244,-2.906362,-2.906362,hedge ratio uses previous valid MTM alert_state; hedged_return = unhedged_return * (1 - hedge_ratio)
2023-07-18,2023,Recovery,normal,normal,0,-1.309361,-1.309361,0.776218,0.979769,-63.89166,-53.144206,1.986752,1.986698,-2.906362,-2.906362,hedge ratio uses previous valid MTM alert_state; hedged_return = unhedged_return * (1 - hedge_ratio)
2023-07-19,2023,Recovery,normal,normal,0,0.577446,0.577446,0.7807,0.985427,-63.683154,-52.873639,1.931414,1.931361,-1.887633,-1.887633,hedge ratio uses previous valid MTM alert_state; hedged_return = unhedged_return * (1 - hedge_ratio)
2023-07-20,2023,Recovery,normal,normal,0,0.672689,0.672689,0.785952,0.992055,-63.438855,-52.556625,1.879811,1.87976,-1.887633,-1.887633,hedge ratio uses previous valid MTM alert_state; hedged_return = unhedged_return * (1 - hedge_ratio)
2023-07-21,2023,Recovery,normal,normal,0,-2.040107,-2.040107,0.769917,0.971816,-64.184741,-53.524521,1.889812,1.889764,-1.887633,-1.887633,hedge ratio uses previous valid MTM alert_state; hedged_return = unhedged_return * (1 - hedge_ratio)
2023-07-22,2023,Recovery,normal,normal,0,0.352611,0.352611,0.772632,0.975243,-64.058453,-53.360643,1.834276,1.834229,-2.216468,-2.216468,hedge ratio uses previous valid MTM alert_state; hedged_return = unhedged_return * (1 - hedge_ratio)
2023-07-23,2023,Recovery,normal,normal,0,0.179237,0.179237,0.774017,0.976991,-63.994032,-53.277048,1.778938,1.778893,-2.216468,-2.216468,hedge ratio uses previous valid MTM alert_state; hedged_return = unhedged_return * (1 - hedge_ratio)
2023-07-24,2023,Recovery,normal,normal,0,-2.165835,-2.165835,0.757253,0.955831,-64.773862,-54.28899,1.804493,1.804451,-1.711271,-1.711271,hedge ratio uses previous valid MTM alert_state; hedged_return = unhedged_return * (1 - hedge_ratio)
2023-07-25,2023,Recovery,normal,normal,0,0.389942,0.389942,0.760206,0.959558,-64.6365,-54.110744,1.752126,1.752086,-2.109257,-2.109257,hedge ratio uses previous valid MTM alert_state; hedged_return = unhedged_return * (1 - hedge_ratio)
2023-07-26,2023,Recovery,normal,normal,0,0.140605,0.140605,0.761275,0.960908,-64.586777,-54.046221,1.699098,1.699059,-2.109257,-2.109257,hedge ratio uses previous valid MTM alert_state; hedged_return = unhedged_return * (1 - hedge_ratio)
2023-07-27,2023,Recovery,normal,normal,0,0.533944,0.533944,0.76534,0.966038,-64.397691,-53.800854,1.652521,1.652483,-2.109257,-2.109257,hedge ratio uses previous valid MTM alert_state; hedged_return = unhedged_return * (1 - hedge_ratio)
2023-07-28,2023,Recovery,normal,,,,,0.76534,0.966038,-64.397691,-53.800854,1.652521,1.652483,-2.109257,-2.109257,hedge ratio uses previous valid MTM alert_state; hedged_return = unhedged_return * (1 - hedge_ratio)
2023-07-29,2023,Recovery,normal,,,,,0.76534,0.966038,-64.397691,-53.800854,1.652521,1.652483,-2.109257,-2.109257,hedge ratio uses previous valid MTM alert_state; hedged_return = unhedged_return * (1 - hedge_ratio)
2023-07-30,2023,Recovery,normal,,,,,0.76534,0.966038,-64.397691,-53.800854,1.652521,1.652483,-2.109257,-2.109257,hedge ratio uses previous valid MTM alert_state; hedged_return = unhedged_return * (1 - hedge_ratio)
2023-07-31,2023,Recovery,normal,,,,,0.76534,0.966038,-64.397691,-53.800854,1.652521,1.652483,-2.109257,-2.109257,hedge ratio uses previous valid MTM alert_state; hedged_return = unhedged_return * (1 - hedge_ratio)
2023-08-01,2023,Recovery,normal,,,,,0.76534,0.966038,-64.397691,-53.800854,1.652521,1.652483,-2.109257,-2.109257,hedge ratio uses previous valid MTM alert_state; hedged_return = unhedged_return * (1 - hedge_ratio)
2023-08-02,2023,Recovery,normal,,,,,0.76534,0.966038,-64.397691,-53.800854,1.652521,1.652483,-2.109257,-2.109257,hedge ratio uses previous valid MTM alert_state; hedged_return = unhedged_return * (1 - hedge_ratio)
2023-08-03,2023,Recovery,normal,,,,,0.76534,0.966038,-64.397691,-53.800854,1.652521,1.652483,-2.109257,-2.109257,hedge ratio uses previous valid MTM alert_state; hedged_return = unhedged_return * (1 - hedge_ratio)
2023-08-04,2023,Recovery,watch,,,,,0.76534,0.966038,-64.397691,-53.800854,1.652521,1.652483,-2.109257,-2.109257,hedge ratio uses previous valid MTM alert_state; hedged_return = unhedged_return * (1 - hedge_ratio)
2023-08-05,2023,Recovery,watch,watch,0,-0.650298,-0.650298,0.760363,0.959756,-64.629212,-54.101286,1.610077,1.610041,-2.109257,-2.109257,hedge ratio uses previous valid MTM alert_state; hedged_return = unhedged_return * (1 - hedge_ratio)
2023-08-06,2023,Recovery,watch,watch,0,-0.015072,-0.015072,0.760248,0.959611,-64.634543,-54.108203,1.561032,1.560997,-2.109257,-2.109257,hedge ratio uses previous valid MTM alert_state; hedged_return = unhedged_return * (1 - hedge_ratio)
2023-08-07,2023,Recovery,watch,watch,0,0.022495,0.022495,0.760419,0.959827,-64.626587,-54.09788,1.513487,1.513452,-2.109257,-2.109257,hedge ratio uses previous valid MTM alert_state; hedged_return = unhedged_return * (1 - hedge_ratio)
2023-08-08,2023,Recovery,watch,watch,0,1.172274,1.172274,0.769333,0.971079,-64.211914,-53.559782,1.495211,1.495179,-2.109257,-2.109257,hedge ratio uses previous valid MTM alert_state; hedged_return = unhedged_return * (1 - hedge_ratio)
2023-08-09,2023,Recovery,watch,watch,0,1.793992,1.793992,0.783135,0.9885,-63.569879,-52.726648,1.514801,1.514771,-2.109257,-2.109257,hedge ratio uses previous valid MTM alert_state; hedged_return = unhedged_return * (1 - hedge_ratio)
2023-08-10,2023,Recovery,watch,watch,0,-0.428338,-0.428338,0.77978,0.984266,-63.725923,-52.929137,1.472397,1.472368,-2.109257,-2.109257,hedge ratio uses previous valid MTM alert_state; hedged_return = unhedged_return * (1 - hedge_ratio)
2023-08-11,2023,Recovery,watch,watch,0,-1.143582,-1.143582,0.770863,0.97301,-64.140747,-53.467431,1.454766,1.454738,-2.109257,-2.109257,hedge ratio uses previous valid MTM alert_state; hedged_return = unhedged_return * (1 - hedge_ratio)
2023-08-12,2023,Recovery,watch,watch,0,0.010664,0.010664,0.770945,0.973114,-64.136923,-53.462469,1.41045,1.410423,-2.109257,-2.109257,hedge ratio uses previous valid MTM alert_state; hedged_return = unhedged_return * (1 - hedge_ratio)
2023-08-13,2023,Recovery,watch,watch,0,-0.110695,-0.110695,0.770092,0.972037,-64.176621,-53.513984,1.367751,1.367725,-2.109257,-2.109257,hedge ratio uses previous valid MTM alert_state; hedged_return = unhedged_return * (1 - hedge_ratio)
2023-08-14,2023,Recovery,watch,watch,0,0.005408,0.005408,0.770133,0.972089,-64.174684,-53.51147,1.326084,1.326059,-2.109257,-2.109257,hedge ratio uses previous valid MTM alert_state; hedged_return = unhedged_return * (1 - hedge_ratio)
2023-08-15,2023,Recovery,watch,watch,0,-0.107125,-0.107125,0.769308,0.971048,-64.213062,-53.561271,1.285954,1.28593,-2.109257,-2.109257,hedge ratio uses previous valid MTM alert_state; hedged_return = unhedged_return * (1 - hedge_ratio)
2023-08-16,2023,Recovery,watch,watch,0,-0.800895,-0.800895,0.763147,0.963271,-64.499678,-53.933196,1.262119,1.262095,-2.109257,-2.109257,hedge ratio uses previous valid MTM alert_state; hedged_return = unhedged_return * (1 - hedge_ratio)
2023-08-17,2023,Recovery,watch,watch,0,-2.388393,-2.388393,0.74492,0.940264,-65.347565,-55.033453,1.35633,1.35631,-2.109257,-2.109257,hedge ratio uses previous valid MTM alert_state; hedged_return = unhedged_return * (1 - hedge_ratio)
2023-08-18,2023,Recovery,watch,watch,0,-8.027079,-8.027079,0.685125,0.864788,-68.129143,-58.642953,2.365437,2.365426,-2.273046,-2.273046,hedge ratio uses previous valid MTM alert_state; hedged_return = unhedged_return * (1 - hedge_ratio)
2023-08-19,2023,Recovery,watch,watch,0,-0.824185,-0.824185,0.679478,0.857661,-68.391818,-58.983811,2.302245,2.302235,-2.37596,-2.37596,hedge ratio uses previous valid MTM alert_state; hedged_return = unhedged_return * (1 - hedge_ratio)
2023-08-20,2023,Recovery,watch,watch,0,0.838694,0.838694,0.685177,0.864854,-68.126722,-58.639811,2.241544,2.241533,-2.37596,-2.37596,hedge ratio uses previous valid MTM alert_state; hedged_return = unhedged_return * (1 - hedge_ratio)
2023-08-21,2023,Recovery,watch,watch,0,-0.079327,-0.079327,0.684633,0.864168,-68.152006,-58.672621,2.173344,2.173334,-2.37596,-2.37596,hedge ratio uses previous valid MTM alert_state; hedged_return = unhedged_return * (1 - hedge_ratio)
2023-08-22,2023,Recovery,watch,watch,0,-0.444285,-0.444285,0.681592,0.860329,-68.293502,-58.856232,2.109944,2.109934,-2.37596,-2.37596,hedge ratio uses previous valid MTM alert_state; hedged_return = unhedged_return * (1 - hedge_ratio)
2023-08-23,2023,Recovery,watch,watch,0,0.126711,0.126711,0.682455,0.861419,-68.253326,-58.804099,2.045902,2.045892,-2.288242,-2.288242,hedge ratio uses previous valid MTM alert_state; hedged_return = unhedged_return * (1 - hedge_ratio)
2023-08-24,2023,Recovery,watch,watch,0,1.356629,1.356629,0.691714,0.873105,-67.822642,-58.245223,2.011218,2.011209,-2.288242,-2.288242,hedge ratio uses previous valid MTM alert_state; hedged_return = unhedged_return * (1 - hedge_ratio)
2023-08-25,2023,Recovery,watch,,,,,0.691714,0.873105,-67.822642,-58.245223,2.011218,2.011209,-2.288242,-2.288242,hedge ratio uses previous valid MTM alert_state; hedged_return = unhedged_return * (1 - hedge_ratio)
2023-08-26,2023,Recovery,watch,,,,,0.691714,0.873105,-67.822642,-58.245223,2.011218,2.011209,-2.288242,-2.288242,hedge ratio uses previous valid MTM alert_state; hedged_return = unhedged_return * (1 - hedge_ratio)
2023-08-27,2023,Recovery,watch,,,,,0.691714,0.873105,-67.822642,-58.245223,2.011218,2.011209,-2.288242,-2.288242,hedge ratio uses previous valid MTM alert_state; hedged_return = unhedged_return * (1 - hedge_ratio)
2023-08-28,2023,Recovery,watch,,,,,0.691714,0.873105,-67.822642,-58.245223,2.011218,2.011209,-2.288242,-2.288242,hedge ratio uses previous valid MTM alert_state; hedged_return = unhedged_return * (1 - hedge_ratio)
2023-08-29,2023,Recovery,watch,,,,,0.691714,0.873105,-67.822642,-58.245223,2.011218,2.011209,-2.288242,-2.288242,hedge ratio uses previous valid MTM alert_state; hedged_return = unhedged_return * (1 - hedge_ratio)
2023-08-30,2023,Recovery,watch,,,,,0.691714,0.873105,-67.822642,-58.245223,2.011218,2.011209,-2.288242,-2.288242,hedge ratio uses previous valid MTM alert_state; hedged_return = unhedged_return * (1 - hedge_ratio)
2023-08-31,2023,Recovery,watch,,,,,0.691714,0.873105,-67.822642,-58.245223,2.011218,2.011209,-2.288242,-2.288242,hedge ratio uses previous valid MTM alert_state; hedged_return = unhedged_return * (1 - hedge_ratio)
2023-09-01,2023,Recovery,watch,,,,,0.691714,0.873105,-67.822642,-58.245223,2.011218,2.011209,-2.288242,-2.288242,hedge ratio uses previous valid MTM alert_state; hedged_return = unhedged_return * (1 - hedge_ratio)
2023-09-02,2023,Recovery,watch,,,,,0.691714,0.873105,-67.822642,-58.245223,2.011218,2.011209,-2.288242,-2.288242,hedge ratio uses previous valid MTM alert_state; hedged_return = unhedged_return * (1 - hedge_ratio)
2023-09-03,2023,Recovery,watch,,,,,0.691714,0.873105,-67.822642,-58.245223,2.011218,2.011209,-2.288242,-2.288242,hedge ratio uses previous valid MTM alert_state; hedged_return = unhedged_return * (1 - hedge_ratio)
2023-09-04,2023,Recovery,watch,,,,,0.691714,0.873105,-67.822642,-58.245223,2.011218,2.011209,-2.288242,-2.288242,hedge ratio uses previous valid MTM alert_state; hedged_return = unhedged_return * (1 - hedge_ratio)
2023-09-05,2023,Recovery,watch,,,,,0.691714,0.873105,-67.822642,-58.245223,2.011218,2.011209,-2.288242,-2.288242,hedge ratio uses previous valid MTM alert_state; hedged_return = unhedged_return * (1 - hedge_ratio)
2023-09-06,2023,Recovery,watch,,,,,0.691714,0.873105,-67.822642,-58.245223,2.011218,2.011209,-2.288242,-2.288242,hedge ratio uses previous valid MTM alert_state; hedged_return = unhedged_return * (1 - hedge_ratio)
2023-09-07,2023,Recovery,watch,,,,,0.691714,0.873105,-67.822642,-58.245223,2.011218,2.011209,-2.288242,-2.288242,hedge ratio uses previous valid MTM alert_state; hedged_return = unhedged_return * (1 - hedge_ratio)
2023-09-08,2023,Recovery,watch,,,,,0.691714,0.873105,-67.822642,-58.245223,2.011218,2.011209,-2.288242,-2.288242,hedge ratio uses previous valid MTM alert_state; hedged_return = unhedged_return * (1 - hedge_ratio)
2023-09-09,2023,Recovery,watch,watch,0,-0.253223,-0.253223,0.689962,0.870894,-67.904122,-58.350956,1.950934,1.950926,-2.288242,-2.288242,hedge ratio uses previous valid MTM alert_state; hedged_return = unhedged_return * (1 - hedge_ratio)
2023-09-10,2023,Recovery,watch,watch,0,-0.046481,-0.046481,0.689641,0.870489,-67.919041,-58.370315,1.891535,1.891527,-2.288242,-2.288242,hedge ratio uses previous valid MTM alert_state; hedged_return = unhedged_return * (1 - hedge_ratio)
2023-09-11,2023,Recovery,watch,watch,0,-0.733863,-0.733863,0.68458,0.864101,-68.154471,-58.675819,1.8427,1.842692,-2.288242,-2.288242,hedge ratio uses previous valid MTM alert_state; hedged_return = unhedged_return * (1 - hedge_ratio)
2023-09-12,2023,Recovery,watch,watch,0,2.705404,2.705404,0.703101,0.887479,-67.292921,-57.557833,1.905509,1.905502,-2.288242,-2.288242,hedge ratio uses previous valid MTM alert_state; hedged_return = unhedged_return * (1 - hedge_ratio)
2023-09-13,2023,Recovery,watch,watch,0,-0.620213,-0.620213,0.69874,0.881974,-67.495774,-57.821065,1.853695,1.853688,-2.288242,-2.288242,hedge ratio uses previous valid MTM alert_state; hedged_return = unhedged_return * (1 - hedge_ratio)
2023-09-14,2023,Recovery,watch,watch,0,1.866601,1.866601,0.711783,0.898437,-66.88905,-57.033753,1.854472,1.854466,-2.288242,-2.288242,hedge ratio uses previous valid MTM alert_state; hedged_return = unhedged_return * (1 - hedge_ratio)
2023-09-15,2023,Recovery,watch,watch,0,-1.041296,-1.041296,0.704371,0.889082,-67.233833,-57.481159,1.815979,1.815973,-2.288242,-2.288242,hedge ratio uses previous valid MTM alert_state; hedged_return = unhedged_return * (1 - hedge_ratio)
2023-09-16,2023,Recovery,watch,watch,0,0.681399,0.681399,0.709171,0.89514,-67.010565,-57.191436,1.768551,1.768545,-1.828228,-1.828228,hedge ratio uses previous valid MTM alert_state; hedged_return = unhedged_return * (1 - hedge_ratio)
2023-09-17,2023,Recovery,watch,watch,0,-0.050216,-0.050216,0.708815,0.894691,-67.027131,-57.212932,1.714718,1.714712,-1.828228,-1.828228,hedge ratio uses previous valid MTM alert_state; hedged_return = unhedged_return * (1 - hedge_ratio)
2023-09-18,2023,Recovery,watch,watch,0,2.409054,2.409054,0.72589,0.916244,-66.232797,-56.182169,1.764102,1.764096,-1.828228,-1.828228,hedge ratio uses previous valid MTM alert_state; hedged_return = unhedged_return * (1 - hedge_ratio)
2023-09-19,2023,Recovery,watch,watch,0,-0.970745,-0.970745,0.718844,0.90735,-66.56059,-56.607528,1.72681,1.726804,-1.828228,-1.828228,hedge ratio uses previous valid MTM alert_state; hedged_return = unhedged_return * (1 - hedge_ratio)
2023-09-20,2023,Recovery,watch,watch,0,0.718421,0.718421,0.724008,0.913868,-66.320354,-56.295788,1.683427,1.683422,-1.828228,-1.828228,hedge ratio uses previous valid MTM alert_state; hedged_return = unhedged_return * (1 - hedge_ratio)
2023-09-21,2023,Recovery,watch,watch,0,-2.520434,-2.520434,0.70576,0.890835,-67.169228,-57.397323,1.745006,1.745002,-1.828228,-1.828228,hedge ratio uses previous valid MTM alert_state; hedged_return = unhedged_return * (1 - hedge_ratio)
2023-09-22,2023,Recovery,watch,watch,0,0.586048,0.586048,0.709896,0.896056,-66.976823,-57.147651,1.697926,1.697921,-2.461016,-2.461016,hedge ratio uses previous valid MTM alert_state; hedged_return = unhedged_return * (1 - hedge_ratio)
2023-09-23,2023,Recovery,watch,watch,0,0.018088,0.018088,0.710025,0.896218,-66.97085,-57.1399,1.646206,1.646202,-2.461016,-2.461016,hedge ratio uses previous valid MTM alert_state; hedged_return = unhedged_return * (1 - hedge_ratio)
2023-09-24,2023,Recovery,watch,watch,0,0.055199,0.055199,0.710416,0.896712,-66.952618,-57.116242,1.596113,1.596109,-2.461016,-2.461016,hedge ratio uses previous valid MTM alert_state; hedged_return = unhedged_return * (1 - hedge_ratio)
2023-09-25,2023,Recovery,watch,watch,0,-1.579033,-1.579033,0.699199,0.882553,-67.474447,-57.793391,1.595093,1.595089,-2.461016,-2.461016,hedge ratio uses previous valid MTM alert_state; hedged_return = unhedged_return * (1 - hedge_ratio)
2023-09-26,2023,Recovery,watch,watch,0,0.091204,0.091204,0.699836,0.883358,-67.444783,-57.754896,1.546662,1.546658,-2.461016,-2.461016,hedge ratio uses previous valid MTM alert_state; hedged_return = unhedged_return * (1 - hedge_ratio)
2023-09-27,2023,Recovery,watch,watch,0,1.617894,1.617894,0.711159,0.89765,-66.918074,-57.071415,1.551028,1.551024,-2.461016,-2.461016,hedge ratio uses previous valid MTM alert_state; hedged_return = unhedged_return * (1 - hedge_ratio)
2023-09-28,2023,Recovery,watch,watch,0,0.031895,0.031895,0.711386,0.897936,-66.907523,-57.057723,1.503798,1.503794,-2.461016,-2.461016,hedge ratio uses previous valid MTM alert_state; hedged_return = unhedged_return * (1 - hedge_ratio)
2023-09-29,2023,Recovery,watch,,,,,0.711386,0.897936,-66.907523,-57.057723,1.503798,1.503794,-2.461016,-2.461016,hedge ratio uses previous valid MTM alert_state; hedged_return = unhedged_return * (1 - hedge_ratio)
2023-09-30,2023,Recovery,watch,,,,,0.711386,0.897936,-66.907523,-57.057723,1.503798,1.503794,-2.461016,-2.461016,hedge ratio uses previous valid MTM alert_state; hedged_return = unhedged_return * (1 - hedge_ratio)
2023-10-01,2023,Recovery,watch,,,,,0.711386,0.897936,-66.907523,-57.057723,1.503798,1.503794,-2.461016,-2.461016,hedge ratio uses previous valid MTM alert_state; hedged_return = unhedged_return * (1 - hedge_ratio)
2023-10-02,2023,Recovery,watch,,,,,0.711386,0.897936,-66.907523,-57.057723,1.503798,1.503794,-2.461016,-2.461016,hedge ratio uses previous valid MTM alert_state; hedged_return = unhedged_return * (1 - hedge_ratio)
2023-10-03,2023,Recovery,watch,,,,,0.711386,0.897936,-66.907523,-57.057723,1.503798,1.503794,-2.461016,-2.461016,hedge ratio uses previous valid MTM alert_state; hedged_return = unhedged_return * (1 - hedge_ratio)
2023-10-04,2023,Recovery,watch,,,,,0.711386,0.897936,-66.907523,-57.057723,1.503798,1.503794,-2.461016,-2.461016,hedge ratio uses previous valid MTM alert_state; hedged_return = unhedged_return * (1 - hedge_ratio)
2023-10-05,2023,Recovery,watch,,,,,0.711386,0.897936,-66.907523,-57.057723,1.503798,1.503794,-2.461016,-2.461016,hedge ratio uses previous valid MTM alert_state; hedged_return = unhedged_return * (1 - hedge_ratio)
2023-10-06,2023,Recovery,watch,,,,,0.711386,0.897936,-66.907523,-57.057723,1.503798,1.503794,-2.461016,-2.461016,hedge ratio uses previous valid MTM alert_state; hedged_return = unhedged_return * (1 - hedge_ratio)
2023-10-07,2023,Recovery,watch,watch,0,1.406751,1.406751,0.721393,0.910568,-66.441994,-56.453632,1.498152,1.498149,-2.461016,-2.461016,hedge ratio uses previous valid MTM alert_state; hedged_return = unhedged_return * (1 - hedge_ratio)
2023-10-08,2023,Recovery,watch,watch,0,0.004268,0.004268,0.721424,0.910607,-66.440561,-56.451774,1.452513,1.45251,-2.461016,-2.461016,hedge ratio uses previous valid MTM alert_state; hedged_return = unhedged_return * (1 - hedge_ratio)
2023-10-09,2023,Recovery,watch,watch,0,-1.344684,-1.344684,0.711723,0.898362,-66.89183,-57.03736,1.44627,1.446267,-2.461016,-2.461016,hedge ratio uses previous valid MTM alert_state; hedged_return = unhedged_return * (1 - hedge_ratio)
2023-10-10,2023,Recovery,watch,watch,0,-0.345365,-0.345365,0.709265,0.895259,-67.006174,-57.185738,1.40476,1.404757,-2.096804,-2.096804,hedge ratio uses previous valid MTM alert_state; hedged_return = unhedged_return * (1 - hedge_ratio)
2023-10-11,2023,Recovery,watch,watch,0,-0.850232,-0.850232,0.703235,0.887648,-67.286698,-57.549758,1.377797,1.377794,-1.473576,-1.473576,hedge ratio uses previous valid MTM alert_state; hedged_return = unhedged_return * (1 - hedge_ratio)
2023-10-12,2023,Recovery,watch,watch,0,-1.46098,-1.46098,0.692961,0.874679,-67.764633,-58.169948,1.382929,1.382926,-1.473576,-1.473576,hedge ratio uses previous valid MTM alert_state; hedged_return = unhedged_return * (1 - hedge_ratio)
2023-10-13,2023,Recovery,watch,watch,0,-0.074941,-0.074941,0.692441,0.874024,-67.78879,-58.201296,1.340925,1.340922,-1.525909,-1.525909,hedge ratio uses previous valid MTM alert_state; hedged_return = unhedged_return * (1 - hedge_ratio)
2023-10-14,2023,Recovery,watch,watch,0,0.408884,0.408884,0.695273,0.877597,-67.657084,-58.030388,1.303927,1.303925,-1.525909,-1.525909,hedge ratio uses previous valid MTM alert_state; hedged_return = unhedged_return * (1 - hedge_ratio)
2023-10-15,2023,Recovery,watch,watch,0,-0.09553,-0.09553,0.694608,0.876759,-67.687981,-58.070481,1.264421,1.264418,-1.525909,-1.525909,hedge ratio uses previous valid MTM alert_state; hedged_return = unhedged_return * (1 - hedge_ratio)
2023-10-16,2023,Recovery,watch,watch,0,2.514384,2.514384,0.712074,0.898804,-66.875533,-57.016212,1.371919,1.371917,-1.525909,-1.525909,hedge ratio uses previous valid MTM alert_state; hedged_return = unhedged_return * (1 - hedge_ratio)
2023-10-17,2023,Recovery,watch,watch,0,1.455967,1.455967,0.722441,0.91189,-66.393251,-56.390382,1.377107,1.377105,-1.525909,-1.525909,hedge ratio uses previous valid MTM alert_state; hedged_return = unhedged_return * (1 - hedge_ratio)
2023-10-18,2023,Recovery,watch,watch,0,-0.170373,-0.170373,0.72121,0.910337,-66.450508,-56.464681,1.335806,1.335805,-1.525909,-1.525909,hedge ratio uses previous valid MTM alert_state; hedged_return = unhedged_return * (1 - hedge_ratio)
2023-10-19,2023,Recovery,watch,watch,0,0.70435,0.70435,0.72629,0.916749,-66.214202,-56.15804,1.306554,1.306552,-1.525909,-1.525909,hedge ratio uses previous valid MTM alert_state; hedged_return = unhedged_return * (1 - hedge_ratio)
2023-10-20,2023,Recovery,watch,watch,0,5.066747,5.066747,0.763089,0.963198,-64.502362,-53.936679,1.773407,1.773406,-1.525909,-1.525909,hedge ratio uses previous valid MTM alert_state; hedged_return = unhedged_return * (1 - hedge_ratio)
2023-10-21,2023,Recovery,watch,watch,0,0.532514,0.532514,0.767153,0.968327,-64.313332,-53.691385,1.724323,1.724322,-1.525909,-1.525909,hedge ratio uses previous valid MTM alert_state; hedged_return = unhedged_return * (1 - hedge_ratio)
2023-10-22,2023,Recovery,watch,watch,0,0.285176,0.285176,0.769341,0.971089,-64.211562,-53.559324,1.673252,1.673251,-1.525909,-1.525909,hedge ratio uses previous valid MTM alert_state; hedged_return = unhedged_return * (1 - hedge_ratio)
2023-10-23,2023,Recovery,watch,watch,0,1.823928,1.823928,0.783373,0.988801,-63.558806,-52.71228,1.682673,1.682672,-1.525909,-1.525909,hedge ratio uses previous valid MTM alert_state; hedged_return = unhedged_return * (1 - hedge_ratio)
2023-10-24,2023,Recovery,watch,watch,0,2.001618,2.001618,0.799053,1.008593,-62.829393,-51.76576,1.703494,1.703493,-1.525909,-1.525909,hedge ratio uses previous valid MTM alert_state; hedged_return = unhedged_return * (1 - hedge_ratio)
2023-10-25,2023,Recovery,watch,watch,0,0.296179,0.296179,0.80142,1.01158,-62.719301,-51.622901,1.653192,1.653191,-1.525909,-1.525909,hedge ratio uses previous valid MTM alert_state; hedged_return = unhedged_return * (1 - hedge_ratio)
2023-10-26,2023,Recovery,watch,watch,0,0.193443,0.193443,0.80297,1.013537,-62.647185,-51.529319,1.603529,1.603528,-1.525909,-1.525909,hedge ratio uses previous valid MTM alert_state; hedged_return = unhedged_return * (1 - hedge_ratio)
2023-10-27,2023,Recovery,watch,,,,,0.80297,1.013537,-62.647185,-51.529319,1.603529,1.603528,-1.525909,-1.525909,hedge ratio uses previous valid MTM alert_state; hedged_return = unhedged_return * (1 - hedge_ratio)
2023-10-28,2023,Recovery,watch,,,,,0.80297,1.013537,-62.647185,-51.529319,1.603529,1.603528,-1.525909,-1.525909,hedge ratio uses previous valid MTM alert_state; hedged_return = unhedged_return * (1 - hedge_ratio)
2023-10-29,2023,Recovery,watch,,,,,0.80297,1.013537,-62.647185,-51.529319,1.603529,1.603528,-1.525909,-1.525909,hedge ratio uses previous valid MTM alert_state; hedged_return = unhedged_return * (1 - hedge_ratio)
2023-10-30,2023,Recovery,watch,,,,,0.80297,1.013537,-62.647185,-51.529319,1.603529,1.603528,-1.525909,-1.525909,hedge ratio uses previous valid MTM alert_state; hedged_return = unhedged_return * (1 - hedge_ratio)
2023-10-31,2023,Recovery,watch,,,,,0.80297,1.013537,-62.647185,-51.529319,1.603529,1.603528,-1.525909,-1.525909,hedge ratio uses previous valid MTM alert_state; hedged_return = unhedged_return * (1 - hedge_ratio)
2023-11-01,2023,Recovery,watch,,,,,0.80297,1.013537,-62.647185,-51.529319,1.603529,1.603528,-1.525909,-1.525909,hedge ratio uses previous valid MTM alert_state; hedged_return = unhedged_return * (1 - hedge_ratio)
2023-11-02,2023,Recovery,watch,,,,,0.80297,1.013537,-62.647185,-51.529319,1.603529,1.603528,-1.525909,-1.525909,hedge ratio uses previous valid MTM alert_state; hedged_return = unhedged_return * (1 - hedge_ratio)
2023-11-03,2023,Recovery,normal,,,,,0.80297,1.013537,-62.647185,-51.529319,1.603529,1.603528,-1.525909,-1.525909,hedge ratio uses previous valid MTM alert_state; hedged_return = unhedged_return * (1 - hedge_ratio)
2023-11-04,2023,Recovery,normal,normal,0,0.625765,0.625765,0.807995,1.019879,-62.413444,-51.226006,1.562217,1.562216,-1.525909,-1.525909,hedge ratio uses previous valid MTM alert_state; hedged_return = unhedged_return * (1 - hedge_ratio)
2023-11-05,2023,Recovery,normal,normal,0,0.30623,0.30623,0.810469,1.023002,-62.298342,-51.076645,1.516482,1.516481,-1.525909,-1.525909,hedge ratio uses previous valid MTM alert_state; hedged_return = unhedged_return * (1 - hedge_ratio)
2023-11-06,2023,Recovery,normal,normal,0,1.046945,1.046945,0.818954,1.033713,-61.903627,-50.564445,1.492481,1.49248,-1.525909,-1.525909,hedge ratio uses previous valid MTM alert_state; hedged_return = unhedged_return * (1 - hedge_ratio)
2023-11-07,2023,Recovery,normal,normal,0,-0.263075,-0.263075,0.8168,1.030993,-62.003849,-50.694497,1.448448,1.448447,-1.408647,-1.408647,hedge ratio uses previous valid MTM alert_state; hedged_return = unhedged_return * (1 - hedge_ratio)
2023-11-08,2023,Recovery,normal,normal,0,1.124153,1.124153,0.825982,1.042583,-61.576714,-50.140228,1.431064,1.431064,-1.408647,-1.408647,hedge ratio uses previous valid MTM alert_state; hedged_return = unhedged_return * (1 - hedge_ratio)
2023-11-09,2023,Recovery,normal,normal,0,2.364761,2.364761,0.845514,1.067238,-60.668095,-48.961164,1.503527,1.503527,-1.408647,-1.408647,hedge ratio uses previous valid MTM alert_state; hedged_return = unhedged_return * (1 - hedge_ratio)
2023-11-10,2023,Recovery,normal,normal,0,1.145752,1.145752,0.855202,1.079466,-60.217449,-48.376385,1.484494,1.484494,-1.408647,-1.408647,hedge ratio uses previous valid MTM alert_state; hedged_return = unhedged_return * (1 - hedge_ratio)
2023-11-11,2023,Recovery,normal,normal,0,0.717231,0.717231,0.861336,1.087208,-59.932116,-48.006125,1.449954,1.449953,-1.122181,-1.122181,hedge ratio uses previous valid MTM alert_state; hedged_return = unhedged_return * (1 - hedge_ratio)
2023-11-12,2023,Recovery,normal,normal,0,0.304556,0.304556,0.863959,1.090519,-59.810087,-47.847774,1.40776,1.40776,-1.122181,-1.122181,hedge ratio uses previous valid MTM alert_state; hedged_return = unhedged_return * (1 - hedge_ratio)
2023-11-13,2023,Recovery,normal,normal,0,-0.603215,-0.603215,0.858747,1.083941,-60.052519,-48.162364,1.372849,1.372848,-1.122181,-1.122181,hedge ratio uses previous valid MTM alert_state; hedged_return = unhedged_return * (1 - hedge_ratio)
2023-11-14,2023,Recovery,normal,normal,0,-0.290111,-0.290111,0.856256,1.080796,-60.168411,-48.312751,1.332922,1.332921,-1.122181,-1.122181,hedge ratio uses previous valid MTM alert_state; hedged_return = unhedged_return * (1 - hedge_ratio)
2023-11-15,2023,Recovery,normal,normal,0,-0.919138,-0.919138,0.848386,1.070862,-60.534518,-48.787828,1.311781,1.31178,-1.122181,-1.122181,hedge ratio uses previous valid MTM alert_state; hedged_return = unhedged_return * (1 - hedge_ratio)
2023-11-16,2023,Recovery,normal,normal,0,1.640305,1.640305,0.862302,1.088428,-59.887164,-47.947792,1.333776,1.333776,-1.153188,-1.153188,hedge ratio uses previous valid MTM alert_state; hedged_return = unhedged_return * (1 - hedge_ratio)
2023-11-17,2023,Recovery,normal,normal,0,-2.521806,-2.521806,0.840556,1.06098,-60.898732,-49.260448,1.433105,1.433105,-0.88813,-0.88813,hedge ratio uses previous valid MTM alert_state; hedged_return = unhedged_return * (1 - hedge_ratio)
2023-11-18,2023,Recovery,normal,normal,0,1.357278,1.357278,0.851965,1.07538,-60.368019,-48.571771,1.428669,1.428669,-1.217151,-1.217151,hedge ratio uses previous valid MTM alert_state; hedged_return = unhedged_return * (1 - hedge_ratio)
2023-11-19,2023,Recovery,normal,normal,0,0.037545,0.037545,0.852285,1.075784,-60.353139,-48.552462,1.385177,1.385176,-1.217151,-1.217151,hedge ratio uses previous valid MTM alert_state; hedged_return = unhedged_return * (1 - hedge_ratio)
2023-11-20,2023,Recovery,normal,normal,0,1.623831,1.623831,0.866125,1.093253,-59.709341,-47.717041,1.400643,1.400643,-0.776973,-0.776973,hedge ratio uses previous valid MTM alert_state; hedged_return = unhedged_return * (1 - hedge_ratio)
2023-11-21,2023,Recovery,normal,normal,0,-0.988962,-0.988962,0.857559,1.082441,-60.1078,-48.2341,1.379412,1.379411,-0.776973,-0.776973,hedge ratio uses previous valid MTM alert_state; hedged_return = unhedged_return * (1 - hedge_ratio)
2023-11-22,2023,Recovery,normal,normal,0,-0.233314,-0.233314,0.855558,1.079915,-60.200874,-48.354877,1.33861,1.338609,-0.957541,-0.957541,hedge ratio uses previous valid MTM alert_state; hedged_return = unhedged_return * (1 - hedge_ratio)
2023-11-23,2023,Recovery,normal,normal,0,2.151919,2.151919,0.873969,1.103154,-59.344429,-47.243516,1.400789,1.400788,-0.957541,-0.957541,hedge ratio uses previous valid MTM alert_state; hedged_return = unhedged_return * (1 - hedge_ratio)
2023-11-24,2023,Recovery,normal,,,,,0.873969,1.103154,-59.344429,-47.243516,1.400789,1.400788,-0.957541,-0.957541,hedge ratio uses previous valid MTM alert_state; hedged_return = unhedged_return * (1 - hedge_ratio)
2023-11-25,2023,Recovery,normal,,,,,0.873969,1.103154,-59.344429,-47.243516,1.400789,1.400788,-0.957541,-0.957541,hedge ratio uses previous valid MTM alert_state; hedged_return = unhedged_return * (1 - hedge_ratio)
2023-11-26,2023,Recovery,normal,,,,,0.873969,1.103154,-59.344429,-47.243516,1.400789,1.400788,-0.957541,-0.957541,hedge ratio uses previous valid MTM alert_state; hedged_return = unhedged_return * (1 - hedge_ratio)
2023-11-27,2023,Recovery,normal,,,,,0.873969,1.103154,-59.344429,-47.243516,1.400789,1.400788,-0.957541,-0.957541,hedge ratio uses previous valid MTM alert_state; hedged_return = unhedged_return * (1 - hedge_ratio)
2023-11-28,2023,Recovery,normal,,,,,0.873969,1.103154,-59.344429,-47.243516,1.400789,1.400788,-0.957541,-0.957541,hedge ratio uses previous valid MTM alert_state; hedged_return = unhedged_return * (1 - hedge_ratio)
2023-11-29,2023,Recovery,normal,,,,,0.873969,1.103154,-59.344429,-47.243516,1.400789,1.400788,-0.957541,-0.957541,hedge ratio uses previous valid MTM alert_state; hedged_return = unhedged_return * (1 - hedge_ratio)
2023-11-30,2023,Recovery,normal,,,,,0.873969,1.103154,-59.344429,-47.243516,1.400789,1.400788,-0.957541,-0.957541,hedge ratio uses previous valid MTM alert_state; hedged_return = unhedged_return * (1 - hedge_ratio)
2023-12-01,2023,Recovery,normal,,,,,0.873969,1.103154,-59.344429,-47.243516,1.400789,1.400788,-0.957541,-0.957541,hedge ratio uses previous valid MTM alert_state; hedged_return = unhedged_return * (1 - hedge_ratio)
2023-12-02,2023,Recovery,normal,,,,,0.873969,1.103154,-59.344429,-47.243516,1.400789,1.400788,-0.957541,-0.957541,hedge ratio uses previous valid MTM alert_state; hedged_return = unhedged_return * (1 - hedge_ratio)
2023-12-03,2023,Recovery,normal,,,,,0.873969,1.103154,-59.344429,-47.243516,1.400789,1.400788,-0.957541,-0.957541,hedge ratio uses previous valid MTM alert_state; hedged_return = unhedged_return * (1 - hedge_ratio)
2023-12-04,2023,Recovery,normal,,,,,0.873969,1.103154,-59.344429,-47.243516,1.400789,1.400788,-0.957541,-0.957541,hedge ratio uses previous valid MTM alert_state; hedged_return = unhedged_return * (1 - hedge_ratio)
2023-12-05,2023,Recovery,normal,,,,,0.873969,1.103154,-59.344429,-47.243516,1.400789,1.400788,-0.957541,-0.957541,hedge ratio uses previous valid MTM alert_state; hedged_return = unhedged_return * (1 - hedge_ratio)
2023-12-06,2023,Recovery,normal,,,,,0.873969,1.103154,-59.344429,-47.243516,1.400789,1.400788,-0.957541,-0.957541,hedge ratio uses previous valid MTM alert_state; hedged_return = unhedged_return * (1 - hedge_ratio)
2023-12-07,2023,Recovery,normal,,,,,0.873969,1.103154,-59.344429,-47.243516,1.400789,1.400788,-0.957541,-0.957541,hedge ratio uses previous valid MTM alert_state; hedged_return = unhedged_return * (1 - hedge_ratio)
2023-12-08,2023,Recovery,normal,,,,,0.873969,1.103154,-59.344429,-47.243516,1.400789,1.400788,-0.957541,-0.957541,hedge ratio uses previous valid MTM alert_state; hedged_return = unhedged_return * (1 - hedge_ratio)
2023-12-09,2023,Recovery,normal,normal,0,0.222821,0.222821,0.875916,1.105612,-59.25384,-47.125963,1.359211,1.359211,-0.957541,-0.957541,hedge ratio uses previous valid MTM alert_state; hedged_return = unhedged_return * (1 - hedge_ratio)
2023-12-10,2023,Recovery,normal,normal,0,-0.141142,-0.141142,0.87468,1.104052,-59.31135,-47.200591,1.318258,1.318257,-0.957541,-0.957541,hedge ratio uses previous valid MTM alert_state; hedged_return = unhedged_return * (1 - hedge_ratio)
2023-12-11,2023,Recovery,normal,normal,0,-3.626304,-3.626304,0.842962,1.064015,-60.786844,-49.115258,1.556451,1.556451,-0.957541,-0.957541,hedge ratio uses previous valid MTM alert_state; hedged_return = unhedged_return * (1 - hedge_ratio)
2023-12-12,2023,Recovery,normal,normal,0,-0.931008,-0.931008,0.835114,1.054109,-61.151922,-49.588999,1.52617,1.526169,-1.832026,-1.832026,hedge ratio uses previous valid MTM alert_state; hedged_return = unhedged_return * (1 - hedge_ratio)
2023-12-13,2023,Recovery,normal,normal,0,0.089554,0.089554,0.835861,1.055053,-61.117132,-49.543854,1.479839,1.479839,-1.832026,-1.832026,hedge ratio uses previous valid MTM alert_state; hedged_return = unhedged_return * (1 - hedge_ratio)
2023-12-14,2023,Recovery,normal,normal,0,3.083068,3.083068,0.861632,1.087581,-59.918347,-47.988257,1.621372,1.621372,-1.832026,-1.832026,hedge ratio uses previous valid MTM alert_state; hedged_return = unhedged_return * (1 - hedge_ratio)
2023-12-15,2023,Recovery,normal,normal,0,-1.60636,-1.60636,0.847791,1.070111,-60.562202,-48.823752,1.620475,1.620475,-1.832026,-1.832026,hedge ratio uses previous valid MTM alert_state; hedged_return = unhedged_return * (1 - hedge_ratio)
2023-12-16,2023,Recovery,normal,normal,0,0.488306,0.488306,0.85193,1.075336,-60.369625,-48.573856,1.575655,1.575655,-2.109855,-2.109855,hedge ratio uses previous valid MTM alert_state; hedged_return = unhedged_return * (1 - hedge_ratio)
2023-12-17,2023,Recovery,normal,normal,0,-1.661985,-1.661985,0.837772,1.057464,-61.028276,-49.42855,1.580968,1.580968,-2.109855,-2.109855,hedge ratio uses previous valid MTM alert_state; hedged_return = unhedged_return * (1 - hedge_ratio)
2023-12-18,2023,Recovery,normal,normal,0,0.147132,0.147132,0.839004,1.05902,-60.970936,-49.354144,1.533229,1.533229,-2.134887,-2.134887,hedge ratio uses previous valid MTM alert_state; hedged_return = unhedged_return * (1 - hedge_ratio)
2023-12-19,2023,Recovery,normal,normal,0,1.433991,1.433991,0.851035,1.074207,-60.411263,-48.627887,1.527457,1.527456,-2.134887,-2.134887,hedge ratio uses previous valid MTM alert_state; hedged_return = unhedged_return * (1 - hedge_ratio)
2023-12-20,2023,Recovery,normal,normal,0,3.411938,3.411938,0.880072,1.110858,-59.06052,-46.875102,1.700475,1.700475,-2.134887,-2.134887,hedge ratio uses previous valid MTM alert_state; hedged_return = unhedged_return * (1 - hedge_ratio)
2023-12-21,2023,Recovery,normal,normal,0,-0.107475,-0.107475,0.879126,1.109664,-59.104519,-46.932198,1.648882,1.648882,-2.134887,-2.134887,hedge ratio uses previous valid MTM alert_state; hedged_return = unhedged_return * (1 - hedge_ratio)
2023-12-22,2023,Recovery,normal,normal,0,-0.607422,-0.607422,0.873786,1.102924,-59.352928,-47.254543,1.605559,1.605559,-2.134887,-2.134887,hedge ratio uses previous valid MTM alert_state; hedged_return = unhedged_return * (1 - hedge_ratio)
2023-12-23,2023,Recovery,normal,normal,0,0.626394,0.626394,0.87926,1.109832,-59.098317,-46.924149,1.564191,1.564191,-2.134887,-2.134887,hedge ratio uses previous valid MTM alert_state; hedged_return = unhedged_return * (1 - hedge_ratio)
2023-12-24,2023,Recovery,normal,normal,0,-0.023892,-0.023892,0.87905,1.109567,-59.108089,-46.93683,1.516551,1.516551,-2.134887,-2.134887,hedge ratio uses previous valid MTM alert_state; hedged_return = unhedged_return * (1 - hedge_ratio)
2023-12-25,2023,Recovery,normal,normal,0,0.03027,0.03027,0.879316,1.109903,-59.095711,-46.920768,1.470369,1.470369,-2.134887,-2.134887,hedge ratio uses previous valid MTM alert_state; hedged_return = unhedged_return * (1 - hedge_ratio)
2023-12-26,2023,Recovery,normal,normal,0,-2.296481,-2.296481,0.859122,1.084414,-60.03507,-48.139722,1.532546,1.532545,-2.134887,-2.134887,hedge ratio uses previous valid MTM alert_state; hedged_return = unhedged_return * (1 - hedge_ratio)
2023-12-27,2023,Recovery,normal,normal,0,0.827621,0.827621,0.866233,1.093389,-59.704312,-47.710516,1.499624,1.499624,-2.42041,-2.42041,hedge ratio uses previous valid MTM alert_state; hedged_return = unhedged_return * (1 - hedge_ratio)
2023-12-28,2023,Recovery,normal,normal,0,-0.443066,-0.443066,0.862395,1.088545,-59.882848,-47.942193,1.457984,1.457984,-2.42041,-2.42041,hedge ratio uses previous valid MTM alert_state; hedged_return = unhedged_return * (1 - hedge_ratio)
2024-01-05,2024,ETF/Bull,normal,,,,,0.862395,1.088545,-59.882848,-47.942193,1.457984,1.457984,-2.42041,-2.42041,hedge ratio uses previous valid MTM alert_state; hedged_return = unhedged_return * (1 - hedge_ratio)
2024-01-06,2024,ETF/Bull,normal,normal,0,0.82006,0.82006,0.869467,1.097471,-59.553864,-47.515287,1.427769,1.427769,-2.42041,-2.42041,hedge ratio uses previous valid MTM alert_state; hedged_return = unhedged_return * (1 - hedge_ratio)
2024-01-07,2024,ETF/Bull,normal,normal,0,0.580664,0.580664,0.874515,1.103844,-59.319008,-47.210528,1.391561,1.391561,-2.42041,-2.42041,hedge ratio uses previous valid MTM alert_state; hedged_return = unhedged_return * (1 - hedge_ratio)
2024-01-08,2024,ETF/Bull,normal,normal,0,1.101398,1.101398,0.884147,1.116002,-58.870948,-46.629105,1.375878,1.375878,-2.42041,-2.42041,hedge ratio uses previous valid MTM alert_state; hedged_return = unhedged_return * (1 - hedge_ratio)
2024-01-09,2024,ETF/Bull,normal,normal,0,2.740833,2.740833,0.90838,1.146589,-57.743669,-45.166298,1.493382,1.493382,-2.42041,-2.42041,hedge ratio uses previous valid MTM alert_state; hedged_return = unhedged_return * (1 - hedge_ratio)
2024-01-10,2024,ETF/Bull,normal,normal,0,-1.687038,-1.687038,0.893056,1.127246,-58.45655,-46.091364,1.505704,1.505704,-2.010958,-2.010958,hedge ratio uses previous valid MTM alert_state; hedged_return = unhedged_return * (1 - hedge_ratio)
2024-01-11,2024,ETF/Bull,normal,normal,0,4.081598,4.081598,0.929507,1.173256,-56.760913,-43.89103,1.769373,1.769373,-2.022232,-2.022232,hedge ratio uses previous valid MTM alert_state; hedged_return = unhedged_return * (1 - hedge_ratio)
2024-01-12,2024,ETF/Bull,normal,normal,0,-1.742786,-1.742786,0.913307,1.152808,-57.514478,-44.868889,1.767789,1.767789,-2.022232,-2.022232,hedge ratio uses previous valid MTM alert_state; hedged_return = unhedged_return * (1 - hedge_ratio)
2024-01-13,2024,ETF/Bull,normal,normal,0,-4.982989,-4.982989,0.867797,1.095364,-59.631527,-47.616066,2.104135,2.104135,-2.047318,-2.047318,hedge ratio uses previous valid MTM alert_state; hedged_return = unhedged_return * (1 - hedge_ratio)
2024-01-14,2024,ETF/Bull,normal,normal,0,-0.061953,-0.061953,0.86726,1.094685,-59.656536,-47.64852,2.040091,2.040091,-3.027884,-3.027884,hedge ratio uses previous valid MTM alert_state; hedged_return = unhedged_return * (1 - hedge_ratio)
2024-01-15,2024,ETF/Bull,normal,normal,0,-1.322361,-1.322361,0.855791,1.08021,-60.190022,-48.340795,2.004288,2.004288,-3.027884,-3.027884,hedge ratio uses previous valid MTM alert_state; hedged_return = unhedged_return * (1 - hedge_ratio)
2024-01-16,2024,ETF/Bull,normal,normal,0,1.080121,1.080121,0.865035,1.091877,-59.760027,-47.782813,1.961158,1.961158,-3.027884,-3.027884,hedge ratio uses previous valid MTM alert_state; hedged_return = unhedged_return * (1 - hedge_ratio)
2024-01-17,2024,ETF/Bull,normal,normal,0,-0.329854,-0.329854,0.862182,1.088276,-59.89276,-47.955054,1.903129,1.903129,-3.027884,-3.027884,hedge ratio uses previous valid MTM alert_state; hedged_return = unhedged_return * (1 - hedge_ratio)
2024-01-18,2024,ETF/Bull,normal,normal,0,0.602438,0.602438,0.867376,1.094832,-59.651138,-47.641515,1.851044,1.851044,-3.027884,-3.027884,hedge ratio uses previous valid MTM alert_state; hedged_return = unhedged_return * (1 - hedge_ratio)
2024-01-19,2024,ETF/Bull,normal,normal,0,-4.877992,-4.877992,0.825065,1.041426,-61.619353,-50.195558,2.156031,2.156031,-2.047318,-2.047318,hedge ratio uses previous valid MTM alert_state; hedged_return = unhedged_return * (1 - hedge_ratio)
2024-01-20,2024,ETF/Bull,normal,normal,0,1.175094,1.175094,0.83476,1.053664,-61.168344,-49.610309,2.110074,2.110074,-3.716312,-3.716312,hedge ratio uses previous valid MTM alert_state; hedged_return = unhedged_return * (1 - hedge_ratio)
2024-01-21,2024,ETF/Bull,normal,normal,0,0.443679,0.443679,0.838464,1.058339,-60.996056,-49.386741,2.048677,2.048677,-3.716312,-3.716312,hedge ratio uses previous valid MTM alert_state; hedged_return = unhedged_return * (1 - hedge_ratio)
2024-01-22,2024,ETF/Bull,normal,normal,0,-1.800171,-1.800171,0.82337,1.039287,-61.698194,-50.297866,2.034623,2.034623,-3.716312,-3.716312,hedge ratio uses previous valid MTM alert_state; hedged_return = unhedged_return * (1 - hedge_ratio)
2024-01-23,2024,ETF/Bull,normal,normal,0,-4.465545,-4.465545,0.786602,0.992877,-63.408578,-52.517337,2.25561,2.25561,-3.716312,-3.716312,hedge ratio uses previous valid MTM alert_state; hedged_return = unhedged_return * (1 - hedge_ratio)
2024-01-24,2024,ETF/Bull,normal,normal,0,2.836369,2.836369,0.808913,1.021039,-62.37071,-51.170553,2.294604,2.294604,-4.692391,-4.692391,hedge ratio uses previous valid MTM alert_state; hedged_return = unhedged_return * (1 - hedge_ratio)
2024-01-25,2024,ETF/Bull,watch,normal,0,0.343406,0.343406,0.811691,1.024545,-62.241489,-51.00287,2.226291,2.226291,-4.692391,-4.692391,hedge ratio uses previous valid MTM alert_state; hedged_return = unhedged_return * (1 - hedge_ratio)
2024-01-26,2024,ETF/Bull,watch,,,,,0.811691,1.024545,-62.241489,-51.00287,2.226291,2.226291,-4.692391,-4.692391,hedge ratio uses previous valid MTM alert_state; hedged_return = unhedged_return * (1 - hedge_ratio)
2024-01-27,2024,ETF/Bull,watch,,,,,0.811691,1.024545,-62.241489,-51.00287,2.226291,2.226291,-4.692391,-4.692391,hedge ratio uses previous valid MTM alert_state; hedged_return = unhedged_return * (1 - hedge_ratio)
2024-01-28,2024,ETF/Bull,watch,,,,,0.811691,1.024545,-62.241489,-51.00287,2.226291,2.226291,-4.692391,-4.692391,hedge ratio uses previous valid MTM alert_state; hedged_return = unhedged_return * (1 - hedge_ratio)
2024-01-29,2024,ETF/Bull,watch,,,,,0.811691,1.024545,-62.241489,-51.00287,2.226291,2.226291,-4.692391,-4.692391,hedge ratio uses previous valid MTM alert_state; hedged_return = unhedged_return * (1 - hedge_ratio)
2024-01-30,2024,ETF/Bull,watch,,,,,0.811691,1.024545,-62.241489,-51.00287,2.226291,2.226291,-4.692391,-4.692391,hedge ratio uses previous valid MTM alert_state; hedged_return = unhedged_return * (1 - hedge_ratio)
2024-01-31,2024,ETF/Bull,watch,,,,,0.811691,1.024545,-62.241489,-51.00287,2.226291,2.226291,-4.692391,-4.692391,hedge ratio uses previous valid MTM alert_state; hedged_return = unhedged_return * (1 - hedge_ratio)
2024-02-01,2024,ETF/Bull,watch,,,,,0.811691,1.024545,-62.241489,-51.00287,2.226291,2.226291,-4.692391,-4.692391,hedge ratio uses previous valid MTM alert_state; hedged_return = unhedged_return * (1 - hedge_ratio)
2024-02-02,2024,ETF/Bull,watch,,,,,0.811691,1.024545,-62.241489,-51.00287,2.226291,2.226291,-4.692391,-4.692391,hedge ratio uses previous valid MTM alert_state; hedged_return = unhedged_return * (1 - hedge_ratio)
2024-02-03,2024,ETF/Bull,watch,,,,,0.811691,1.024545,-62.241489,-51.00287,2.226291,2.226291,-4.692391,-4.692391,hedge ratio uses previous valid MTM alert_state; hedged_return = unhedged_return * (1 - hedge_ratio)
2024-02-04,2024,ETF/Bull,watch,,,,,0.811691,1.024545,-62.241489,-51.00287,2.226291,2.226291,-4.692391,-4.692391,hedge ratio uses previous valid MTM alert_state; hedged_return = unhedged_return * (1 - hedge_ratio)
2024-02-05,2024,ETF/Bull,watch,,,,,0.811691,1.024545,-62.241489,-51.00287,2.226291,2.226291,-4.692391,-4.692391,hedge ratio uses previous valid MTM alert_state; hedged_return = unhedged_return * (1 - hedge_ratio)
2024-02-06,2024,ETF/Bull,watch,,,,,0.811691,1.024545,-62.241489,-51.00287,2.226291,2.226291,-4.692391,-4.692391,hedge ratio uses previous valid MTM alert_state; hedged_return = unhedged_return * (1 - hedge_ratio)
2024-02-07,2024,ETF/Bull,watch,,,,,0.811691,1.024545,-62.241489,-51.00287,2.226291,2.226291,-4.692391,-4.692391,hedge ratio uses previous valid MTM alert_state; hedged_return = unhedged_return * (1 - hedge_ratio)
2024-02-08,2024,ETF/Bull,watch,,,,,0.811691,1.024545,-62.241489,-51.00287,2.226291,2.226291,-4.692391,-4.692391,hedge ratio uses previous valid MTM alert_state; hedged_return = unhedged_return * (1 - hedge_ratio)
2024-02-09,2024,ETF/Bull,normal,,,,,0.811691,1.024545,-62.241489,-51.00287,2.226291,2.226291,-4.692391,-4.692391,hedge ratio uses previous valid MTM alert_state; hedged_return = unhedged_return * (1 - hedge_ratio)
2024-02-10,2024,ETF/Bull,normal,normal,0,0.902468,0.902468,0.819016,1.033791,-61.900731,-50.560687,2.169759,2.169759,-4.692391,-4.692391,hedge ratio uses previous valid MTM alert_state; hedged_return = unhedged_return * (1 - hedge_ratio)
2024-02-11,2024,ETF/Bull,normal,normal,0,1.085771,1.085771,0.827909,1.045016,-61.48706,-50.023889,2.120405,2.120405,-4.692391,-4.692391,hedge ratio uses previous valid MTM alert_state; hedged_return = unhedged_return * (1 - hedge_ratio)
2024-02-12,2024,ETF/Bull,normal,normal,0,0.434364,0.434364,0.831505,1.049555,-61.319774,-49.806811,2.05856,2.05856,-4.692391,-4.692391,hedge ratio uses previous valid MTM alert_state; hedged_return = unhedged_return * (1 - hedge_ratio)
2024-02-13,2024,ETF/Bull,normal,normal,0,0.301814,0.301814,0.834015,1.052723,-61.203031,-49.655321,1.997217,1.997217,-4.692391,-4.692391,hedge ratio uses previous valid MTM alert_state; hedged_return = unhedged_return * (1 - hedge_ratio)
2024-02-14,2024,ETF/Bull,normal,normal,0,0.881084,0.881084,0.841363,1.061998,-60.861197,-49.211742,1.948364,1.948364,-4.692391,-4.692391,hedge ratio uses previous valid MTM alert_state; hedged_return = unhedged_return * (1 - hedge_ratio)
2024-02-15,2024,ETF/Bull,normal,normal,0,1.188899,1.188899,0.851366,1.074624,-60.395876,-48.607921,1.911325,1.911325,-4.692391,-4.692391,hedge ratio uses previous valid MTM alert_state; hedged_return = unhedged_return * (1 - hedge_ratio)
2024-02-16,2024,ETF/Bull,normal,normal,0,5.642622,5.642622,0.899406,1.135261,-58.161165,-45.70806,2.31178,2.31178,-4.692391,-4.692391,hedge ratio uses previous valid MTM alert_state; hedged_return = unhedged_return * (1 - hedge_ratio)
2024-02-17,2024,ETF/Bull,normal,normal,0,-1.358005,-1.358005,0.887192,1.119844,-58.729339,-46.445347,2.265903,2.265903,-4.692391,-4.692391,hedge ratio uses previous valid MTM alert_state; hedged_return = unhedged_return * (1 - hedge_ratio)
2024-02-18,2024,ETF/Bull,normal,normal,0,1.593167,1.593167,0.901326,1.137685,-58.071828,-45.592132,2.231266,2.231266,-4.692391,-4.692391,hedge ratio uses previous valid MTM alert_state; hedged_return = unhedged_return * (1 - hedge_ratio)
2024-02-19,2024,ETF/Bull,normal,normal,0,0.407428,0.407428,0.904998,1.14232,-57.901001,-45.370459,2.165593,2.165593,-4.692391,-4.692391,hedge ratio uses previous valid MTM alert_state; hedged_return = unhedged_return * (1 - hedge_ratio)
2024-02-20,2024,ETF/Bull,normal,normal,0,0.269607,0.269607,0.907438,1.1454,-57.787499,-45.223174,2.100659,2.100659,-4.692391,-4.692391,hedge ratio uses previous valid MTM alert_state; hedged_return = unhedged_return * (1 - hedge_ratio)
2024-02-21,2024,ETF/Bull,normal,normal,0,-1.636429,-1.636429,0.892589,1.126656,-58.478277,-46.119558,2.075735,2.075735,-4.692391,-4.692391,hedge ratio uses previous valid MTM alert_state; hedged_return = unhedged_return * (1 - hedge_ratio)
2024-02-22,2024,ETF/Bull,normal,normal,0,0.934498,0.934498,0.90093,1.137185,-58.090257,-45.616046,2.025476,2.025476,-4.692391,-4.692391,hedge ratio uses previous valid MTM alert_state; hedged_return = unhedged_return * (1 - hedge_ratio)
2024-02-23,2024,ETF/Bull,normal,,,,,0.90093,1.137185,-58.090257,-45.616046,2.025476,2.025476,-4.692391,-4.692391,hedge ratio uses previous valid MTM alert_state; hedged_return = unhedged_return * (1 - hedge_ratio)
2024-02-24,2024,ETF/Bull,normal,,,,,0.90093,1.137185,-58.090257,-45.616046,2.025476,2.025476,-4.692391,-4.692391,hedge ratio uses previous valid MTM alert_state; hedged_return = unhedged_return * (1 - hedge_ratio)
2024-02-25,2024,ETF/Bull,normal,,,,,0.90093,1.137185,-58.090257,-45.616046,2.025476,2.025476,-4.692391,-4.692391,hedge ratio uses previous valid MTM alert_state; hedged_return = unhedged_return * (1 - hedge_ratio)
2024-02-26,2024,ETF/Bull,normal,,,,,0.90093,1.137185,-58.090257,-45.616046,2.025476,2.025476,-4.692391,-4.692391,hedge ratio uses previous valid MTM alert_state; hedged_return = unhedged_return * (1 - hedge_ratio)
2024-02-27,2024,ETF/Bull,normal,,,,,0.90093,1.137185,-58.090257,-45.616046,2.025476,2.025476,-4.692391,-4.692391,hedge ratio uses previous valid MTM alert_state; hedged_return = unhedged_return * (1 - hedge_ratio)
2024-02-28,2024,ETF/Bull,normal,,,,,0.90093,1.137185,-58.090257,-45.616046,2.025476,2.025476,-4.692391,-4.692391,hedge ratio uses previous valid MTM alert_state; hedged_return = unhedged_return * (1 - hedge_ratio)
2024-02-29,2024,ETF/Bull,normal,,,,,0.90093,1.137185,-58.090257,-45.616046,2.025476,2.025476,-4.692391,-4.692391,hedge ratio uses previous valid MTM alert_state; hedged_return = unhedged_return * (1 - hedge_ratio)
2024-03-01,2024,ETF/Bull,normal,,,,,0.90093,1.137185,-58.090257,-45.616046,2.025476,2.025476,-4.692391,-4.692391,hedge ratio uses previous valid MTM alert_state; hedged_return = unhedged_return * (1 - hedge_ratio)
2024-03-02,2024,ETF/Bull,normal,,,,,0.90093,1.137185,-58.090257,-45.616046,2.025476,2.025476,-4.692391,-4.692391,hedge ratio uses previous valid MTM alert_state; hedged_return = unhedged_return * (1 - hedge_ratio)
2024-03-03,2024,ETF/Bull,normal,,,,,0.90093,1.137185,-58.090257,-45.616046,2.025476,2.025476,-4.692391,-4.692391,hedge ratio uses previous valid MTM alert_state; hedged_return = unhedged_return * (1 - hedge_ratio)
2024-03-04,2024,ETF/Bull,normal,,,,,0.90093,1.137185,-58.090257,-45.616046,2.025476,2.025476,-4.692391,-4.692391,hedge ratio uses previous valid MTM alert_state; hedged_return = unhedged_return * (1 - hedge_ratio)
2024-03-05,2024,ETF/Bull,normal,,,,,0.90093,1.137185,-58.090257,-45.616046,2.025476,2.025476,-4.692391,-4.692391,hedge ratio uses previous valid MTM alert_state; hedged_return = unhedged_return * (1 - hedge_ratio)
2024-03-06,2024,ETF/Bull,normal,,,,,0.90093,1.137185,-58.090257,-45.616046,2.025476,2.025476,-4.692391,-4.692391,hedge ratio uses previous valid MTM alert_state; hedged_return = unhedged_return * (1 - hedge_ratio)
2024-03-07,2024,ETF/Bull,normal,,,,,0.90093,1.137185,-58.090257,-45.616046,2.025476,2.025476,-4.692391,-4.692391,hedge ratio uses previous valid MTM alert_state; hedged_return = unhedged_return * (1 - hedge_ratio)
2024-03-08,2024,ETF/Bull,normal,,,,,0.90093,1.137185,-58.090257,-45.616046,2.025476,2.025476,-4.692391,-4.692391,hedge ratio uses previous valid MTM alert_state; hedged_return = unhedged_return * (1 - hedge_ratio)
2024-03-09,2024,ETF/Bull,normal,normal,0,-0.194397,-0.194397,0.899178,1.134974,-58.171729,-45.721767,1.964349,1.964349,-4.692391,-4.692391,hedge ratio uses previous valid MTM alert_state; hedged_return = unhedged_return * (1 - hedge_ratio)
2024-03-10,2024,ETF/Bull,normal,normal,0,0.570808,0.570808,0.904311,1.141453,-57.93297,-45.411943,1.909633,1.909633,-4.692391,-4.692391,hedge ratio uses previous valid MTM alert_state; hedged_return = unhedged_return * (1 - hedge_ratio)
2024-03-11,2024,ETF/Bull,normal,normal,0,1.321103,1.321103,0.916258,1.156533,-57.377221,-44.690778,1.879525,1.879525,-4.692391,-4.692391,hedge ratio uses previous valid MTM alert_state; hedged_return = unhedged_return * (1 - hedge_ratio)
2024-03-12,2024,ETF/Bull,normal,normal,0,2.114595,2.114595,0.935633,1.180989,-56.475922,-43.521212,1.894452,1.894452,-4.692391,-4.692391,hedge ratio uses previous valid MTM alert_state; hedged_return = unhedged_return * (1 - hedge_ratio)
2024-03-13,2024,ETF/Bull,normal,normal,0,0.190009,0.190009,0.937411,1.183233,-56.393222,-43.413897,1.837329,1.837329,-4.692391,-4.692391,hedge ratio uses previous valid MTM alert_state; hedged_return = unhedged_return * (1 - hedge_ratio)
2024-03-14,2024,ETF/Bull,normal,normal,0,1.04803,1.04803,0.947235,1.195633,-55.93621,-42.820858,1.799759,1.799759,-3.266127,-3.266127,hedge ratio uses previous valid MTM alert_state; hedged_return = unhedged_return * (1 - hedge_ratio)
2024-03-15,2024,ETF/Bull,normal,normal,0,-4.867118,-4.867118,0.901132,1.13744,-58.080846,-45.603834,2.113318,2.113318,-3.266127,-3.266127,hedge ratio uses previous valid MTM alert_state; hedged_return = unhedged_return * (1 - hedge_ratio)
2024-03-16,2024,ETF/Bull,normal,normal,0,-0.395682,-0.395682,0.897567,1.13294,-58.246713,-45.81907,2.051229,2.051229,-4.68641,-4.68641,hedge ratio uses previous valid MTM alert_state; hedged_return = unhedged_return * (1 - hedge_ratio)
2024-03-17,2024,ETF/Bull,normal,normal,0,-0.541542,-0.541542,0.892706,1.126804,-58.472825,-46.112483,1.99316,1.99316,-4.68641,-4.68641,hedge ratio uses previous valid MTM alert_state; hedged_return = unhedged_return * (1 - hedge_ratio)
2024-03-18,2024,ETF/Bull,normal,normal,0,0.388533,0.388533,0.896174,1.131182,-58.311478,-45.903112,1.934782,1.934782,-4.68641,-4.68641,hedge ratio uses previous valid MTM alert_state; hedged_return = unhedged_return * (1 - hedge_ratio)
2024-03-19,2024,ETF/Bull,normal,normal,0,-5.034335,-5.034335,0.851058,1.074235,-60.410218,-48.62653,2.244872,2.244872,-4.68641,-4.68641,hedge ratio uses previous valid MTM alert_state; hedged_return = unhedged_return * (1 - hedge_ratio)
2024-03-20,2024,ETF/Bull,normal,normal,0,0.388805,0.388805,0.854367,1.078412,-60.256291,-48.426788,2.178567,2.178567,-4.68641,-4.68641,hedge ratio uses previous valid MTM alert_state; hedged_return = unhedged_return * (1 - hedge_ratio)
2024-03-21,2024,ETF/Bull,normal,normal,0,4.727059,4.727059,0.894753,1.129389,-58.377582,-45.988892,2.408753,2.408753,-4.68641,-4.68641,hedge ratio uses previous valid MTM alert_state; hedged_return = unhedged_return * (1 - hedge_ratio)
2024-03-22,2024,ETF/Bull,normal,normal,0,-5.614032,-5.614032,0.844522,1.065985,-60.714278,-49.021093,2.710167,2.710167,-4.68641,-4.68641,hedge ratio uses previous valid MTM alert_state; hedged_return = unhedged_return * (1 - hedge_ratio)
2024-03-23,2024,ETF/Bull,normal,normal,0,2.104572,2.104572,0.862295,1.088419,-59.887482,-47.948205,2.677696,2.677696,-4.959087,-4.959087,hedge ratio uses previous valid MTM alert_state; hedged_return = unhedged_return * (1 - hedge_ratio)
2024-03-24,2024,ETF/Bull,normal,normal,0,1.036995,1.036995,0.871237,1.099706,-59.471517,-47.40843,2.60852,2.60852,-4.959087,-4.959087,hedge ratio uses previous valid MTM alert_state; hedged_return = unhedged_return * (1 - hedge_ratio)
2024-03-25,2024,ETF/Bull,normal,normal,0,3.681506,3.681506,0.903312,1.140192,-57.979458,-45.472268,2.685018,2.685018,-4.959087,-4.959087,hedge ratio uses previous valid MTM alert_state; hedged_return = unhedged_return * (1 - hedge_ratio)
2024-03-26,2024,ETF/Bull,normal,normal,0,2.139878,2.139878,0.922641,1.16459,-57.08027,-44.305441,2.655468,2.655468,-4.959087,-4.959087,hedge ratio uses previous valid MTM alert_state; hedged_return = unhedged_return * (1 - hedge_ratio)
2024-03-27,2024,ETF/Bull,normal,normal,0,0.213155,0.213155,0.924608,1.167073,-56.988784,-44.186726,2.575101,2.575101,-4.959087,-4.959087,hedge ratio uses previous valid MTM alert_state; hedged_return = unhedged_return * (1 - hedge_ratio)
2024-03-28,2024,ETF/Bull,watch,normal,0,1.096805,1.096805,0.934749,1.179873,-56.517035,-43.574563,2.511066,2.511066,-4.959087,-4.959087,hedge ratio uses previous valid MTM alert_state; hedged_return = unhedged_return * (1 - hedge_ratio)
2024-03-29,2024,ETF/Bull,watch,,,,,0.934749,1.179873,-56.517035,-43.574563,2.511066,2.511066,-4.959087,-4.959087,hedge ratio uses previous valid MTM alert_state; hedged_return = unhedged_return * (1 - hedge_ratio)
2024-03-30,2024,ETF/Bull,watch,,,,,0.934749,1.179873,-56.517035,-43.574563,2.511066,2.511066,-4.959087,-4.959087,hedge ratio uses previous valid MTM alert_state; hedged_return = unhedged_return * (1 - hedge_ratio)
2024-03-31,2024,ETF/Bull,watch,,,,,0.934749,1.179873,-56.517035,-43.574563,2.511066,2.511066,-4.959087,-4.959087,hedge ratio uses previous valid MTM alert_state; hedged_return = unhedged_return * (1 - hedge_ratio)
2024-04-01,2024,ETF/Bull,watch,,,,,0.934749,1.179873,-56.517035,-43.574563,2.511066,2.511066,-4.959087,-4.959087,hedge ratio uses previous valid MTM alert_state; hedged_return = unhedged_return * (1 - hedge_ratio)
2024-04-02,2024,ETF/Bull,watch,,,,,0.934749,1.179873,-56.517035,-43.574563,2.511066,2.511066,-4.959087,-4.959087,hedge ratio uses previous valid MTM alert_state; hedged_return = unhedged_return * (1 - hedge_ratio)
2024-04-03,2024,ETF/Bull,watch,,,,,0.934749,1.179873,-56.517035,-43.574563,2.511066,2.511066,-4.959087,-4.959087,hedge ratio uses previous valid MTM alert_state; hedged_return = unhedged_return * (1 - hedge_ratio)
2024-04-04,2024,ETF/Bull,watch,,,,,0.934749,1.179873,-56.517035,-43.574563,2.511066,2.511066,-4.959087,-4.959087,hedge ratio uses previous valid MTM alert_state; hedged_return = unhedged_return * (1 - hedge_ratio)
2024-04-05,2024,ETF/Bull,watch,,,,,0.934749,1.179873,-56.517035,-43.574563,2.511066,2.511066,-4.959087,-4.959087,hedge ratio uses previous valid MTM alert_state; hedged_return = unhedged_return * (1 - hedge_ratio)
2024-04-06,2024,ETF/Bull,watch,watch,0,0.638531,0.638531,0.940718,1.187407,-56.239383,-43.214269,2.439588,2.439588,-4.959087,-4.959087,hedge ratio uses previous valid MTM alert_state; hedged_return = unhedged_return * (1 - hedge_ratio)
2024-04-07,2024,ETF/Bull,watch,watch,0,1.443973,1.443973,0.954302,1.204553,-55.607491,-42.394298,2.391568,2.391568,-4.959087,-4.959087,hedge ratio uses previous valid MTM alert_state; hedged_return = unhedged_return * (1 - hedge_ratio)
2024-04-08,2024,ETF/Bull,watch,watch,0,1.275128,1.275128,0.96647,1.219912,-55.04143,-41.659752,2.339654,2.339654,-4.959087,-4.959087,hedge ratio uses previous valid MTM alert_state; hedged_return = unhedged_return * (1 - hedge_ratio)
2024-04-09,2024,ETF/Bull,watch,watch,0,-0.809146,-0.809146,0.95865,1.210042,-55.405211,-42.13181,2.277021,2.277021,-4.959087,-4.959087,hedge ratio uses previous valid MTM alert_state; hedged_return = unhedged_return * (1 - hedge_ratio)
2024-04-10,2024,ETF/Bull,watch,watch,0,-0.430366,-0.430366,0.954524,1.204834,-55.597131,-42.380855,2.210169,2.210169,-4.959087,-4.959087,hedge ratio uses previous valid MTM alert_state; hedged_return = unhedged_return * (1 - hedge_ratio)
2024-04-11,2024,ETF/Bull,watch,watch,0,2.372583,2.372583,0.977171,1.23342,-54.543637,-41.013793,2.220249,2.220249,-4.959087,-4.959087,hedge ratio uses previous valid MTM alert_state; hedged_return = unhedged_return * (1 - hedge_ratio)
2024-04-12,2024,ETF/Bull,watch,watch,0,-0.123536,-0.123536,0.975964,1.231896,-54.599792,-41.086662,2.152824,2.152824,-4.959087,-4.959087,hedge ratio uses previous valid MTM alert_state; hedged_return = unhedged_return * (1 - hedge_ratio)
2024-04-13,2024,ETF/Bull,watch,watch,0,-2.719181,-2.719181,0.949426,1.198398,-55.834305,-42.688622,2.190938,2.190938,-4.959087,-4.959087,hedge ratio uses previous valid MTM alert_state; hedged_return = unhedged_return * (1 - hedge_ratio)
2024-04-14,2024,ETF/Bull,watch,watch,0,-4.553033,-4.553033,0.906198,1.143835,-57.845184,-45.298028,2.399167,2.399167,-4.959087,-4.959087,hedge ratio uses previous valid MTM alert_state; hedged_return = unhedged_return * (1 - hedge_ratio)
2024-04-15,2024,ETF/Bull,watch,watch,0,2.389874,2.389874,0.927855,1.171171,-56.837737,-43.99072,2.39861,2.39861,-4.959087,-4.959087,hedge ratio uses previous valid MTM alert_state; hedged_return = unhedged_return * (1 - hedge_ratio)
2024-04-16,2024,ETF/Bull,watch,watch,0,-4.59054,-4.59054,0.885262,1.117408,-58.819118,-46.561848,2.583121,2.583121,-4.959087,-4.959087,hedge ratio uses previous valid MTM alert_state; hedged_return = unhedged_return * (1 - hedge_ratio)
2024-04-17,2024,ETF/Bull,watch,watch,0,-0.199388,-0.199388,0.883496,1.11518,-58.901228,-46.668398,2.504905,2.504905,-4.959087,-4.959087,hedge ratio uses previous valid MTM alert_state; hedged_return = unhedged_return * (1 - hedge_ratio)
2024-04-18,2024,ETF/Bull,watch,watch,0,0.361429,0.361429,0.88669,1.119211,-58.752685,-46.475642,2.430209,2.430209,-4.959087,-4.959087,hedge ratio uses previous valid MTM alert_state; hedged_return = unhedged_return * (1 - hedge_ratio)
2024-04-19,2024,ETF/Bull,watch,watch,0,1.438672,1.438672,0.899446,1.135312,-58.159271,-45.705602,2.382383,2.382383,-4.959087,-4.959087,hedge ratio uses previous valid MTM alert_state; hedged_return = unhedged_return * (1 - hedge_ratio)
2024-04-20,2024,ETF/Bull,watch,watch,0,-0.644232,-0.644232,0.893652,1.127998,-58.428823,-46.055384,2.31519,2.31519,-4.959087,-4.959087,hedge ratio uses previous valid MTM alert_state; hedged_return = unhedged_return * (1 - hedge_ratio)
2024-04-21,2024,ETF/Bull,watch,watch,0,1.186003,1.186003,0.90425,1.141376,-57.935787,-45.415599,2.263381,2.263381,-4.959087,-4.959087,hedge ratio uses previous valid MTM alert_state; hedged_return = unhedged_return * (1 - hedge_ratio)
2024-04-22,2024,ETF/Bull,watch,watch,0,1.845256,1.845256,0.920936,1.162438,-57.159595,-44.408377,2.240495,2.240495,-4.959087,-4.959087,hedge ratio uses previous valid MTM alert_state; hedged_return = unhedged_return * (1 - hedge_ratio)
2024-04-23,2024,ETF/Bull,watch,watch,0,0.731192,0.731192,0.92767,1.170937,-56.846349,-44.001896,2.179612,2.179612,-4.834627,-4.834627,hedge ratio uses previous valid MTM alert_state; hedged_return = unhedged_return * (1 - hedge_ratio)
2024-04-24,2024,ETF/Bull,watch,watch,0,0.072538,0.072538,0.928343,1.171787,-56.815046,-43.961276,2.113287,2.113287,-4.834627,-4.834627,hedge ratio uses previous valid MTM alert_state; hedged_return = unhedged_return * (1 - hedge_ratio)
2024-04-25,2024,ETF/Bull,watch,watch,0,-3.676624,-3.676624,0.894211,1.128705,-58.402795,-46.021609,2.238097,2.238097,-4.834627,-4.834627,hedge ratio uses previous valid MTM alert_state; hedged_return = unhedged_return * (1 - hedge_ratio)
2024-04-26,2024,ETF/Bull,watch,,,,,0.894211,1.128705,-58.402795,-46.021609,2.238097,2.238097,-4.834627,-4.834627,hedge ratio uses previous valid MTM alert_state; hedged_return = unhedged_return * (1 - hedge_ratio)
2024-04-27,2024,ETF/Bull,watch,,,,,0.894211,1.128705,-58.402795,-46.021609,2.238097,2.238097,-4.834627,-4.834627,hedge ratio uses previous valid MTM alert_state; hedged_return = unhedged_return * (1 - hedge_ratio)
2024-04-28,2024,ETF/Bull,watch,,,,,0.894211,1.128705,-58.402795,-46.021609,2.238097,2.238097,-4.834627,-4.834627,hedge ratio uses previous valid MTM alert_state; hedged_return = unhedged_return * (1 - hedge_ratio)
2024-04-29,2024,ETF/Bull,watch,,,,,0.894211,1.128705,-58.402795,-46.021609,2.238097,2.238097,-4.834627,-4.834627,hedge ratio uses previous valid MTM alert_state; hedged_return = unhedged_return * (1 - hedge_ratio)
2024-04-30,2024,ETF/Bull,watch,,,,,0.894211,1.128705,-58.402795,-46.021609,2.238097,2.238097,-4.834627,-4.834627,hedge ratio uses previous valid MTM alert_state; hedged_return = unhedged_return * (1 - hedge_ratio)
2024-05-01,2024,ETF/Bull,watch,,,,,0.894211,1.128705,-58.402795,-46.021609,2.238097,2.238097,-4.834627,-4.834627,hedge ratio uses previous valid MTM alert_state; hedged_return = unhedged_return * (1 - hedge_ratio)
2024-05-02,2024,ETF/Bull,watch,,,,,0.894211,1.128705,-58.402795,-46.021609,2.238097,2.238097,-4.834627,-4.834627,hedge ratio uses previous valid MTM alert_state; hedged_return = unhedged_return * (1 - hedge_ratio)
2024-05-03,2024,ETF/Bull,watch,,,,,0.894211,1.128705,-58.402795,-46.021609,2.238097,2.238097,-4.834627,-4.834627,hedge ratio uses previous valid MTM alert_state; hedged_return = unhedged_return * (1 - hedge_ratio)
2024-05-04,2024,ETF/Bull,watch,watch,0,1.232197,1.232197,0.90523,1.142613,-57.890235,-45.356489,2.190806,2.190806,-4.834627,-4.834627,hedge ratio uses previous valid MTM alert_state; hedged_return = unhedged_return * (1 - hedge_ratio)
2024-05-05,2024,ETF/Bull,watch,watch,0,0.913364,0.913364,0.913498,1.153049,-57.50562,-44.857395,2.135815,2.135815,-4.573662,-4.573662,hedge ratio uses previous valid MTM alert_state; hedged_return = unhedged_return * (1 - hedge_ratio)
2024-05-06,2024,ETF/Bull,watch,watch,0,-2.009157,-2.009157,0.895144,1.129882,-58.359399,-45.965296,2.128428,2.128428,-4.573662,-4.573662,hedge ratio uses previous valid MTM alert_state; hedged_return = unhedged_return * (1 - hedge_ratio)
2024-05-07,2024,ETF/Bull,watch,watch,0,1.743061,1.743061,0.910747,1.149577,-57.633578,-45.023438,2.107294,2.107294,-4.573662,-4.573662,hedge ratio uses previous valid MTM alert_state; hedged_return = unhedged_return * (1 - hedge_ratio)
2024-05-08,2024,ETF/Bull,watch,watch,0,0.668578,0.668578,0.916836,1.157263,-57.350325,-44.655877,2.049651,2.049651,-4.158649,-4.158649,hedge ratio uses previous valid MTM alert_state; hedged_return = unhedged_return * (1 - hedge_ratio)
2024-05-09,2024,ETF/Bull,watch,watch,0,-1.10094,-1.10094,0.906742,1.144522,-57.819872,-45.265183,2.005425,2.005425,-4.158649,-4.158649,hedge ratio uses previous valid MTM alert_state; hedged_return = unhedged_return * (1 - hedge_ratio)
2024-05-10,2024,ETF/Bull,watch,watch,0,2.171727,2.171727,0.926434,1.169378,-56.903835,-44.076492,2.01579,2.01579,-4.158649,-4.158649,hedge ratio uses previous valid MTM alert_state; hedged_return = unhedged_return * (1 - hedge_ratio)
2024-05-11,2024,ETF/Bull,watch,watch,0,-2.388057,-2.388057,0.90431,1.141452,-57.932996,-45.411977,2.040042,2.040042,-4.158649,-4.158649,hedge ratio uses previous valid MTM alert_state; hedged_return = unhedged_return * (1 - hedge_ratio)
2024-05-12,2024,ETF/Bull,watch,watch,0,0.398445,0.398445,0.907914,1.146,-57.765382,-45.194474,1.980301,1.980301,-4.158649,-4.158649,hedge ratio uses previous valid MTM alert_state; hedged_return = unhedged_return * (1 - hedge_ratio)
2024-05-13,2024,ETF/Bull,watch,watch,0,2.269968,2.269968,0.928523,1.172014,-56.80667,-43.950406,1.998865,1.998865,-4.158649,-4.158649,hedge ratio uses previous valid MTM alert_state; hedged_return = unhedged_return * (1 - hedge_ratio)
2024-05-14,2024,ETF/Bull,watch,watch,0,-1.432138,-1.432138,0.915225,1.155229,-57.425258,-44.753113,1.969466,1.969466,-4.158649,-4.158649,hedge ratio uses previous valid MTM alert_state; hedged_return = unhedged_return * (1 - hedge_ratio)
2024-05-15,2024,ETF/Bull,watch,watch,0,3.891832,3.891832,0.950844,1.200189,-55.768321,-42.602997,2.134209,2.134209,-4.158649,-4.158649,hedge ratio uses previous valid MTM alert_state; hedged_return = unhedged_return * (1 - hedge_ratio)
2024-05-16,2024,ETF/Bull,watch,watch,0,2.920937,2.920937,0.978618,1.235246,-54.476341,-40.926467,2.1894,2.1894,-4.158649,-4.158649,hedge ratio uses previous valid MTM alert_state; hedged_return = unhedged_return * (1 - hedge_ratio)
2024-05-17,2024,ETF/Bull,watch,watch,0,-0.384209,-0.384209,0.974858,1.2305,-54.651247,-41.153433,2.124787,2.124787,-4.158649,-4.158649,hedge ratio uses previous valid MTM alert_state; hedged_return = unhedged_return * (1 - hedge_ratio)
2024-05-18,2024,ETF/Bull,watch,watch,0,1.270468,1.270468,0.987243,1.246133,-54.075106,-40.405806,2.08343,2.08343,-4.158649,-4.158649,hedge ratio uses previous valid MTM alert_state; hedged_return = unhedged_return * (1 - hedge_ratio)
2024-05-19,2024,ETF/Bull,watch,watch,0,0.38143,0.38143,0.991009,1.250886,-53.899934,-40.178496,2.02212,2.02212,-4.158649,-4.158649,hedge ratio uses previous valid MTM alert_state; hedged_return = unhedged_return * (1 - hedge_ratio)
2024-05-20,2024,ETF/Bull,watch,watch,0,0.115678,0.115678,0.992155,1.252333,-53.846607,-40.109296,1.960723,1.960723,-4.158649,-4.158649,hedge ratio uses previous valid MTM alert_state; hedged_return = unhedged_return * (1 - hedge_ratio)
2024-05-21,2024,ETF/Bull,watch,watch,0,2.758589,2.758589,1.019525,1.28688,-52.573424,-38.457157,2.017513,2.017513,-4.158649,-4.158649,hedge ratio uses previous valid MTM alert_state; hedged_return = unhedged_return * (1 - hedge_ratio)
2024-05-22,2024,ETF/Bull,watch,watch,0,0.312922,0.312922,1.022715,1.290907,-52.425016,-38.264576,1.957552,1.957552,-4.158649,-4.158649,hedge ratio uses previous valid MTM alert_state; hedged_return = unhedged_return * (1 - hedge_ratio)
2024-05-23,2024,ETF/Bull,watch,watch,0,-1.313308,-1.313308,1.009284,1.273953,-53.049822,-39.075352,1.924988,1.924988,-3.096769,-3.096769,hedge ratio uses previous valid MTM alert_state; hedged_return = unhedged_return * (1 - hedge_ratio)
2024-05-24,2024,ETF/Bull,watch,watch,0,-1.768967,-1.768967,0.99143,1.251417,-53.880355,-40.153089,1.915985,1.915985,-3.096769,-3.096769,hedge ratio uses previous valid MTM alert_state; hedged_return = unhedged_return * (1 - hedge_ratio)
2024-05-25,2024,ETF/Bull,watch,watch,0,1.913278,1.913278,1.010399,1.27536,-52.997958,-39.008052,1.915822,1.915822,-2.217552,-2.217552,hedge ratio uses previous valid MTM alert_state; hedged_return = unhedged_return * (1 - hedge_ratio)
2024-05-26,2024,ETF/Bull,watch,watch,0,0.283651,0.283651,1.013265,1.278978,-52.864636,-38.835047,1.858758,1.858758,-2.217552,-2.217552,hedge ratio uses previous valid MTM alert_state; hedged_return = unhedged_return * (1 - hedge_ratio)
2024-05-27,2024,ETF/Bull,watch,watch,0,0.084305,0.084305,1.014119,1.280056,-52.824899,-38.783482,1.802251,1.802251,-2.217552,-2.217552,hedge ratio uses previous valid MTM alert_state; hedged_return = unhedged_return * (1 - hedge_ratio)
2024-05-28,2024,ETF/Bull,watch,watch,0,-1.387074,-1.387074,1.000052,1.262301,-53.479253,-39.632601,1.780073,1.780073,-2.217552,-2.217552,hedge ratio uses previous valid MTM alert_state; hedged_return = unhedged_return * (1 - hedge_ratio)
2024-05-29,2024,ETF/Bull,watch,watch,0,0.608829,0.608829,1.006141,1.269986,-53.196021,-39.265066,1.732276,1.732276,-2.217552,-2.217552,hedge ratio uses previous valid MTM alert_state; hedged_return = unhedged_return * (1 - hedge_ratio)
2024-05-30,2024,ETF/Bull,watch,watch,0,1.357262,1.357262,1.019797,1.287223,-52.560768,-38.440734,1.712093,1.712093,-2.217552,-2.217552,hedge ratio uses previous valid MTM alert_state; hedged_return = unhedged_return * (1 - hedge_ratio)
2024-05-31,2024,ETF/Bull,watch,,,,,1.019797,1.287223,-52.560768,-38.440734,1.712093,1.712093,-2.217552,-2.217552,hedge ratio uses previous valid MTM alert_state; hedged_return = unhedged_return * (1 - hedge_ratio)
2024-06-01,2024,ETF/Bull,watch,,,,,1.019797,1.287223,-52.560768,-38.440734,1.712093,1.712093,-2.217552,-2.217552,hedge ratio uses previous valid MTM alert_state; hedged_return = unhedged_return * (1 - hedge_ratio)
2024-06-02,2024,ETF/Bull,watch,,,,,1.019797,1.287223,-52.560768,-38.440734,1.712093,1.712093,-2.217552,-2.217552,hedge ratio uses previous valid MTM alert_state; hedged_return = unhedged_return * (1 - hedge_ratio)
2024-06-03,2024,ETF/Bull,watch,,,,,1.019797,1.287223,-52.560768,-38.440734,1.712093,1.712093,-2.217552,-2.217552,hedge ratio uses previous valid MTM alert_state; hedged_return = unhedged_return * (1 - hedge_ratio)
2024-06-04,2024,ETF/Bull,watch,,,,,1.019797,1.287223,-52.560768,-38.440734,1.712093,1.712093,-2.217552,-2.217552,hedge ratio uses previous valid MTM alert_state; hedged_return = unhedged_return * (1 - hedge_ratio)
2024-06-05,2024,ETF/Bull,watch,,,,,1.019797,1.287223,-52.560768,-38.440734,1.712093,1.712093,-2.217552,-2.217552,hedge ratio uses previous valid MTM alert_state; hedged_return = unhedged_return * (1 - hedge_ratio)
2024-06-06,2024,ETF/Bull,watch,,,,,1.019797,1.287223,-52.560768,-38.440734,1.712093,1.712093,-2.217552,-2.217552,hedge ratio uses previous valid MTM alert_state; hedged_return = unhedged_return * (1 - hedge_ratio)
2024-06-07,2024,ETF/Bull,normal,,,,,1.019797,1.287223,-52.560768,-38.440734,1.712093,1.712093,-2.217552,-2.217552,hedge ratio uses previous valid MTM alert_state; hedged_return = unhedged_return * (1 - hedge_ratio)
2024-06-08,2024,ETF/Bull,normal,normal,0,-2.167619,-2.167619,0.997691,1.259321,-53.58907,-39.775105,1.742786,1.742786,-2.217552,-2.217552,hedge ratio uses previous valid MTM alert_state; hedged_return = unhedged_return * (1 - hedge_ratio)
2024-06-09,2024,ETF/Bull,normal,normal,0,0.069876,0.069876,0.998389,1.260201,-53.55664,-39.733022,1.68978,1.68978,-2.28886,-2.28886,hedge ratio uses previous valid MTM alert_state; hedged_return = unhedged_return * (1 - hedge_ratio)
2024-06-10,2024,ETF/Bull,normal,normal,0,-0.205315,-0.205315,0.996339,1.257614,-53.651995,-39.856759,1.639074,1.639074,-2.28886,-2.28886,hedge ratio uses previous valid MTM alert_state; hedged_return = unhedged_return * (1 - hedge_ratio)
2024-06-11,2024,ETF/Bull,normal,normal,0,-3.403293,-3.403293,0.96243,1.214813,-55.229353,-41.90361,1.794524,1.794524,-2.096311,-2.096311,hedge ratio uses previous valid MTM alert_state; hedged_return = unhedged_return * (1 - hedge_ratio)
2024-06-12,2024,ETF/Bull,normal,normal,0,3.684687,3.684687,0.997893,1.259575,-53.579695,-39.76294,1.960028,1.960028,-2.28886,-2.28886,hedge ratio uses previous valid MTM alert_state; hedged_return = unhedged_return * (1 - hedge_ratio)
2024-06-13,2024,ETF/Bull,normal,normal,0,-2.487011,-2.487011,0.973075,1.22825,-54.734173,-41.261042,1.995576,1.995576,-2.28886,-2.28886,hedge ratio uses previous valid MTM alert_state; hedged_return = unhedged_return * (1 - hedge_ratio)
2024-06-14,2024,ETF/Bull,normal,normal,0,-1.509785,-1.509785,0.958384,1.209706,-55.41759,-42.147874,1.96981,1.96981,-2.442482,-2.442482,hedge ratio uses previous valid MTM alert_state; hedged_return = unhedged_return * (1 - hedge_ratio)
2024-06-15,2024,ETF/Bull,normal,normal,0,-0.748249,-0.748249,0.951213,1.200654,-55.751177,-42.580752,1.918576,1.918576,-2.442482,-2.442482,hedge ratio uses previous valid MTM alert_state; hedged_return = unhedged_return * (1 - hedge_ratio)
2024-06-16,2024,ETF/Bull,normal,normal,0,0.536085,0.536085,0.956312,1.207091,-55.513966,-42.272936,1.864757,1.864757,-2.442482,-2.442482,hedge ratio uses previous valid MTM alert_state; hedged_return = unhedged_return * (1 - hedge_ratio)
2024-06-17,2024,ETF/Bull,normal,normal,0,-2.029396,-2.029396,0.936905,1.182594,-56.416764,-43.444447,1.875043,1.875043,-2.442482,-2.442482,hedge ratio uses previous valid MTM alert_state; hedged_return = unhedged_return * (1 - hedge_ratio)
2024-06-18,2024,ETF/Bull,normal,normal,0,-0.408275,-0.408275,0.93308,1.177766,-56.594703,-43.675349,1.820671,1.820671,-2.442482,-2.442482,hedge ratio uses previous valid MTM alert_state; hedged_return = unhedged_return * (1 - hedge_ratio)
2024-06-19,2024,ETF/Bull,normal,normal,0,0.407351,0.407351,0.936881,1.182563,-56.417891,-43.44591,1.768024,1.768024,-2.343285,-2.343285,hedge ratio uses previous valid MTM alert_state; hedged_return = unhedged_return * (1 - hedge_ratio)
2024-06-20,2024,ETF/Bull,normal,normal,0,0.150707,0.150707,0.938292,1.184346,-56.35221,-43.360679,1.71456,1.71456,-2.343285,-2.343285,hedge ratio uses previous valid MTM alert_state; hedged_return = unhedged_return * (1 - hedge_ratio)
2024-06-21,2024,ETF/Bull,watch,normal,0,-2.936139,-2.936139,0.910743,1.149571,-57.63377,-45.023688,1.811239,1.811239,-2.343285,-2.343285,hedge ratio uses previous valid MTM alert_state; hedged_return = unhedged_return * (1 - hedge_ratio)
2024-06-22,2024,ETF/Bull,watch,watch,0,1.142708,1.142708,0.92115,1.162708,-57.149648,-44.395469,1.778229,1.778229,-2.734031,-2.734031,hedge ratio uses previous valid MTM alert_state; hedged_return = unhedged_return * (1 - hedge_ratio)
2024-06-23,2024,ETF/Bull,watch,watch,0,0.055252,0.055252,0.921659,1.16335,-57.125972,-44.364747,1.72411,1.72411,-2.734031,-2.734031,hedge ratio uses previous valid MTM alert_state; hedged_return = unhedged_return * (1 - hedge_ratio)
2024-06-24,2024,ETF/Bull,watch,watch,0,-3.767477,-3.767477,0.886936,1.119521,-58.741241,-46.460792,1.909407,1.909407,-2.734031,-2.734031,hedge ratio uses previous valid MTM alert_state; hedged_return = unhedged_return * (1 - hedge_ratio)
2024-06-25,2024,ETF/Bull,watch,watch,0,-0.640916,-0.640916,0.881251,1.112346,-59.005675,-46.803933,1.857884,1.857884,-3.193074,-3.193074,hedge ratio uses previous valid MTM alert_state; hedged_return = unhedged_return * (1 - hedge_ratio)
2024-06-26,2024,ETF/Bull,watch,watch,0,0.903062,0.903062,0.889209,1.122391,-58.635471,-46.32354,1.814817,1.814817,-3.193074,-3.193074,hedge ratio uses previous valid MTM alert_state; hedged_return = unhedged_return * (1 - hedge_ratio)
2024-06-27,2024,ETF/Bull,watch,watch,0,0.562446,0.562446,0.894211,1.128704,-58.402818,-46.021639,1.764916,1.764916,-3.193074,-3.193074,hedge ratio uses previous valid MTM alert_state; hedged_return = unhedged_return * (1 - hedge_ratio)
2024-06-28,2024,ETF/Bull,watch,,,,,0.894211,1.128704,-58.402818,-46.021639,1.764916,1.764916,-3.193074,-3.193074,hedge ratio uses previous valid MTM alert_state; hedged_return = unhedged_return * (1 - hedge_ratio)
2024-06-29,2024,ETF/Bull,watch,,,,,0.894211,1.128704,-58.402818,-46.021639,1.764916,1.764916,-3.193074,-3.193074,hedge ratio uses previous valid MTM alert_state; hedged_return = unhedged_return * (1 - hedge_ratio)
2024-06-30,2024,ETF/Bull,watch,,,,,0.894211,1.128704,-58.402818,-46.021639,1.764916,1.764916,-3.193074,-3.193074,hedge ratio uses previous valid MTM alert_state; hedged_return = unhedged_return * (1 - hedge_ratio)
2024-07-01,2024,ETF/Bull,watch,,,,,0.894211,1.128704,-58.402818,-46.021639,1.764916,1.764916,-3.193074,-3.193074,hedge ratio uses previous valid MTM alert_state; hedged_return = unhedged_return * (1 - hedge_ratio)
2024-07-02,2024,ETF/Bull,watch,,,,,0.894211,1.128704,-58.402818,-46.021639,1.764916,1.764916,-3.193074,-3.193074,hedge ratio uses previous valid MTM alert_state; hedged_return = unhedged_return * (1 - hedge_ratio)
2024-07-03,2024,ETF/Bull,watch,,,,,0.894211,1.128704,-58.402818,-46.021639,1.764916,1.764916,-3.193074,-3.193074,hedge ratio uses previous valid MTM alert_state; hedged_return = unhedged_return * (1 - hedge_ratio)
2024-07-04,2024,ETF/Bull,watch,,,,,0.894211,1.128704,-58.402818,-46.021639,1.764916,1.764916,-3.193074,-3.193074,hedge ratio uses previous valid MTM alert_state; hedged_return = unhedged_return * (1 - hedge_ratio)
2024-07-05,2024,ETF/Bull,stress,,,,,0.894211,1.128704,-58.402818,-46.021639,1.764916,1.764916,-3.193074,-3.193074,hedge ratio uses previous valid MTM alert_state; hedged_return = unhedged_return * (1 - hedge_ratio)
2024-07-06,2024,ETF/Bull,watch,stress,0.25,1.141932,0.856449,0.904422,1.138371,-57.927806,-45.559342,1.73386,1.723961,-3.193074,-3.193074,hedge ratio uses previous valid MTM alert_state; hedged_return = unhedged_return * (1 - hedge_ratio)
2024-07-07,2024,ETF/Bull,watch,watch,0,-0.13282,-0.13282,0.903221,1.136859,-57.983687,-45.63165,1.681355,1.671759,-3.193074,-3.193074,hedge ratio uses previous valid MTM alert_state; hedged_return = unhedged_return * (1 - hedge_ratio)
2024-07-08,2024,ETF/Bull,watch,watch,0,0.429064,0.429064,0.907096,1.141737,-57.80341,-45.398375,1.633518,1.624234,-3.193074,-3.193074,hedge ratio uses previous valid MTM alert_state; hedged_return = unhedged_return * (1 - hedge_ratio)
2024-07-09,2024,ETF/Bull,watch,watch,0,0.189403,0.189403,0.908814,1.143899,-57.723488,-45.294958,1.584434,1.575437,-3.193074,-3.193074,hedge ratio uses previous valid MTM alert_state; hedged_return = unhedged_return * (1 - hedge_ratio)
2024-07-10,2024,ETF/Bull,watch,watch,0,1.074866,1.074866,0.918583,1.156195,-57.269072,-44.706952,1.558565,1.549968,-3.193074,-3.193074,hedge ratio uses previous valid MTM alert_state; hedged_return = unhedged_return * (1 - hedge_ratio)
2024-07-11,2024,ETF/Bull,watch,watch,0,0.220309,0.220309,0.920606,1.158742,-57.174932,-44.585136,1.512049,1.503718,-3.193074,-3.193074,hedge ratio uses previous valid MTM alert_state; hedged_return = unhedged_return * (1 - hedge_ratio)
2024-07-12,2024,ETF/Bull,watch,watch,0,1.282565,1.282565,0.932414,1.173603,-56.625673,-43.874404,1.49927,1.491374,-3.193074,-3.193074,hedge ratio uses previous valid MTM alert_state; hedged_return = unhedged_return * (1 - hedge_ratio)
2024-07-13,2024,ETF/Bull,watch,watch,0,0.986879,0.986879,0.941616,1.185185,-56.197621,-43.320513,1.47356,1.466009,-3.193074,-3.193074,hedge ratio uses previous valid MTM alert_state; hedged_return = unhedged_return * (1 - hedge_ratio)
2024-07-14,2024,ETF/Bull,watch,watch,0,0.769339,0.769339,0.94886,1.194303,-55.860632,-42.884455,1.441044,1.433786,-3.193074,-3.193074,hedge ratio uses previous valid MTM alert_state; hedged_return = unhedged_return * (1 - hedge_ratio)
2024-07-15,2024,ETF/Bull,watch,watch,0,2.414293,2.414293,0.971768,1.223137,-54.794978,-41.505519,1.517149,1.510671,-3.193074,-3.193074,hedge ratio uses previous valid MTM alert_state; hedged_return = unhedged_return * (1 - hedge_ratio)
2024-07-16,2024,ETF/Bull,watch,watch,0,-0.12798,-0.12798,0.970524,1.221572,-54.852832,-41.58038,1.471265,1.464985,-3.193074,-3.193074,hedge ratio uses previous valid MTM alert_state; hedged_return = unhedged_return * (1 - hedge_ratio)
2024-07-17,2024,ETF/Bull,watch,watch,0,1.197871,1.197871,0.98215,1.236205,-54.312027,-40.880588,1.456309,1.450347,-3.193074,-3.193074,hedge ratio uses previous valid MTM alert_state; hedged_return = unhedged_return * (1 - hedge_ratio)
2024-07-18,2024,ETF/Bull,watch,watch,0,-1.202724,-1.202724,0.970338,1.221337,-54.861527,-41.591632,1.442352,1.436693,-3.193074,-3.193074,hedge ratio uses previous valid MTM alert_state; hedged_return = unhedged_return * (1 - hedge_ratio)
2024-07-19,2024,ETF/Bull,watch,watch,0,7.401501,7.401501,1.042157,1.311734,-51.520602,-37.268536,2.289648,2.286302,-3.193074,-3.193074,hedge ratio uses previous valid MTM alert_state; hedged_return = unhedged_return * (1 - hedge_ratio)
2024-07-20,2024,ETF/Bull,watch,watch,0,1.421595,1.421595,1.056972,1.330382,-50.831422,-36.376748,2.247041,2.243836,-2.734031,-2.734031,hedge ratio uses previous valid MTM alert_state; hedged_return = unhedged_return * (1 - hedge_ratio)
2024-07-21,2024,ETF/Bull,watch,watch,0,0.249701,0.249701,1.059612,1.333704,-50.708647,-36.21788,2.179446,2.17634,-2.734031,-2.734031,hedge ratio uses previous valid MTM alert_state; hedged_return = unhedged_return * (1 - hedge_ratio)
2024-07-22,2024,ETF/Bull,watch,watch,0,0.195566,0.195566,1.061684,1.336312,-50.61225,-36.093144,2.113594,2.110583,-2.528105,-2.528105,hedge ratio uses previous valid MTM alert_state; hedged_return = unhedged_return * (1 - hedge_ratio)
2024-07-23,2024,ETF/Bull,watch,watch,0,-0.126963,-0.126963,1.060336,1.334615,-50.674954,-36.174282,2.049442,2.046523,-2.528105,-2.528105,hedge ratio uses previous valid MTM alert_state; hedged_return = unhedged_return * (1 - hedge_ratio)
2024-07-24,2024,ETF/Bull,watch,watch,0,0.980692,0.980692,1.070735,1.347704,-50.191228,-35.548349,2.001475,1.998666,-2.528105,-2.528105,hedge ratio uses previous valid MTM alert_state; hedged_return = unhedged_return * (1 - hedge_ratio)
2024-07-25,2024,ETF/Bull,watch,watch,0,-2.957578,-2.957578,1.039067,1.307844,-51.664361,-37.454556,2.071325,2.068773,-2.528105,-2.528105,hedge ratio uses previous valid MTM alert_state; hedged_return = unhedged_return * (1 - hedge_ratio)
2024-07-26,2024,ETF/Bull,watch,,,,,1.039067,1.307844,-51.664361,-37.454556,2.071325,2.068773,-2.94793,-2.94793,hedge ratio uses previous valid MTM alert_state; hedged_return = unhedged_return * (1 - hedge_ratio)
2024-07-27,2024,ETF/Bull,watch,,,,,1.039067,1.307844,-51.664361,-37.454556,2.071325,2.068773,-2.94793,-2.94793,hedge ratio uses previous valid MTM alert_state; hedged_return = unhedged_return * (1 - hedge_ratio)
2024-07-28,2024,ETF/Bull,watch,,,,,1.039067,1.307844,-51.664361,-37.454556,2.071325,2.068773,-2.94793,-2.94793,hedge ratio uses previous valid MTM alert_state; hedged_return = unhedged_return * (1 - hedge_ratio)
2024-07-29,2024,ETF/Bull,watch,,,,,1.039067,1.307844,-51.664361,-37.454556,2.071325,2.068773,-2.94793,-2.94793,hedge ratio uses previous valid MTM alert_state; hedged_return = unhedged_return * (1 - hedge_ratio)
2024-07-30,2024,ETF/Bull,watch,,,,,1.039067,1.307844,-51.664361,-37.454556,2.071325,2.068773,-2.94793,-2.94793,hedge ratio uses previous valid MTM alert_state; hedged_return = unhedged_return * (1 - hedge_ratio)
2024-07-31,2024,ETF/Bull,watch,,,,,1.039067,1.307844,-51.664361,-37.454556,2.071325,2.068773,-2.94793,-2.94793,hedge ratio uses previous valid MTM alert_state; hedged_return = unhedged_return * (1 - hedge_ratio)
2024-08-01,2024,ETF/Bull,watch,,,,,1.039067,1.307844,-51.664361,-37.454556,2.071325,2.068773,-2.94793,-2.94793,hedge ratio uses previous valid MTM alert_state; hedged_return = unhedged_return * (1 - hedge_ratio)
2024-08-02,2024,ETF/Bull,watch,,,,,1.039067,1.307844,-51.664361,-37.454556,2.071325,2.068773,-2.94793,-2.94793,hedge ratio uses previous valid MTM alert_state; hedged_return = unhedged_return * (1 - hedge_ratio)
2024-08-03,2024,ETF/Bull,watch,,,,,1.039067,1.307844,-51.664361,-37.454556,2.071325,2.068773,-2.94793,-2.94793,hedge ratio uses previous valid MTM alert_state; hedged_return = unhedged_return * (1 - hedge_ratio)
2024-08-04,2024,ETF/Bull,watch,,,,,1.039067,1.307844,-51.664361,-37.454556,2.071325,2.068773,-2.94793,-2.94793,hedge ratio uses previous valid MTM alert_state; hedged_return = unhedged_return * (1 - hedge_ratio)
2024-08-05,2024,ETF/Bull,watch,,,,,1.039067,1.307844,-51.664361,-37.454556,2.071325,2.068773,-2.94793,-2.94793,hedge ratio uses previous valid MTM alert_state; hedged_return = unhedged_return * (1 - hedge_ratio)
2024-08-06,2024,ETF/Bull,watch,,,,,1.039067,1.307844,-51.664361,-37.454556,2.071325,2.068773,-2.94793,-2.94793,hedge ratio uses previous valid MTM alert_state; hedged_return = unhedged_return * (1 - hedge_ratio)
2024-08-07,2024,ETF/Bull,watch,,,,,1.039067,1.307844,-51.664361,-37.454556,2.071325,2.068773,-2.94793,-2.94793,hedge ratio uses previous valid MTM alert_state; hedged_return = unhedged_return * (1 - hedge_ratio)
2024-08-08,2024,ETF/Bull,watch,,,,,1.039067,1.307844,-51.664361,-37.454556,2.071325,2.068773,-2.94793,-2.94793,hedge ratio uses previous valid MTM alert_state; hedged_return = unhedged_return * (1 - hedge_ratio)
2024-08-09,2024,ETF/Bull,watch,,,,,1.039067,1.307844,-51.664361,-37.454556,2.071325,2.068773,-2.94793,-2.94793,hedge ratio uses previous valid MTM alert_state; hedged_return = unhedged_return * (1 - hedge_ratio)
2024-08-10,2024,ETF/Bull,watch,watch,0,-0.105679,-0.105679,1.037969,1.306462,-51.715442,-37.520654,2.00839,2.005917,-2.94793,-2.94793,hedge ratio uses previous valid MTM alert_state; hedged_return = unhedged_return * (1 - hedge_ratio)
2024-08-11,2024,ETF/Bull,watch,watch,0,0.060377,0.060377,1.038595,1.307251,-51.686289,-37.482931,1.947263,1.944865,-2.94793,-2.94793,hedge ratio uses previous valid MTM alert_state; hedged_return = unhedged_return * (1 - hedge_ratio)
2024-08-12,2024,ETF/Bull,watch,watch,0,-3.609373,-3.609373,1.001109,1.260067,-53.430111,-39.739405,2.084701,2.082595,-2.94793,-2.94793,hedge ratio uses previous valid MTM alert_state; hedged_return = unhedged_return * (1 - hedge_ratio)
2024-08-13,2024,ETF/Bull,watch,watch,0,2.503997,2.503997,1.026176,1.291619,-52.264002,-38.230481,2.112207,2.110254,-3.316065,-3.316065,hedge ratio uses previous valid MTM alert_state; hedged_return = unhedged_return * (1 - hedge_ratio)
2024-08-14,2024,ETF/Bull,watch,watch,0,0.167709,0.167709,1.027897,1.293786,-52.183945,-38.126888,2.048273,2.046379,-3.316065,-3.316065,hedge ratio uses previous valid MTM alert_state; hedged_return = unhedged_return * (1 - hedge_ratio)
2024-08-15,2024,ETF/Bull,watch,watch,0,0.122617,0.122617,1.029158,1.295372,-52.125314,-38.051021,1.986101,1.984266,-3.316065,-3.316065,hedge ratio uses previous valid MTM alert_state; hedged_return = unhedged_return * (1 - hedge_ratio)
2024-08-16,2024,ETF/Bull,watch,watch,0,-3.232869,-3.232869,0.995886,1.253494,-53.67304,-40.053751,2.082068,2.080423,-3.316065,-3.316065,hedge ratio uses previous valid MTM alert_state; hedged_return = unhedged_return * (1 - hedge_ratio)
2024-08-17,2024,ETF/Bull,watch,watch,0,2.056892,2.056892,1.016371,1.279277,-52.720144,-38.820721,2.080566,2.079018,-3.108988,-3.108988,hedge ratio uses previous valid MTM alert_state; hedged_return = unhedged_return * (1 - hedge_ratio)
2024-08-18,2024,ETF/Bull,watch,watch,0,0.316839,0.316839,1.019591,1.283331,-52.570343,-38.626881,2.018676,2.017177,-3.108988,-3.108988,hedge ratio uses previous valid MTM alert_state; hedged_return = unhedged_return * (1 - hedge_ratio)
2024-08-19,2024,ETF/Bull,watch,watch,0,-1.884282,-1.884282,1.000379,1.259149,-53.464052,-39.783324,2.010866,2.009451,-3.108988,-3.108988,hedge ratio uses previous valid MTM alert_state; hedged_return = unhedged_return * (1 - hedge_ratio)
2024-08-20,2024,ETF/Bull,watch,watch,0,3.458479,3.458479,1.034977,1.302696,-51.854616,-37.700743,2.125707,2.124449,-3.108988,-3.108988,hedge ratio uses previous valid MTM alert_state; hedged_return = unhedged_return * (1 - hedge_ratio)
2024-08-21,2024,ETF/Bull,watch,watch,0,-0.429934,-0.429934,1.030527,1.297096,-52.061609,-37.968589,2.063639,2.06242,-3.108988,-3.108988,hedge ratio uses previous valid MTM alert_state; hedged_return = unhedged_return * (1 - hedge_ratio)
2024-08-22,2024,ETF/Bull,watch,watch,0,1.378721,1.378721,1.044735,1.314979,-51.400673,-37.113348,2.029074,2.027909,-3.108988,-3.108988,hedge ratio uses previous valid MTM alert_state; hedged_return = unhedged_return * (1 - hedge_ratio)
2024-08-23,2024,ETF/Bull,watch,watch,0,0.527711,0.527711,1.050248,1.321918,-51.144209,-36.781489,1.971502,1.970375,-3.108988,-3.108988,hedge ratio uses previous valid MTM alert_state; hedged_return = unhedged_return * (1 - hedge_ratio)
2024-08-24,2024,ETF/Bull,watch,watch,0,3.048167,3.048167,1.082262,1.362213,-49.655002,-34.854483,2.052094,2.051077,-3.108988,-3.108988,hedge ratio uses previous valid MTM alert_state; hedged_return = unhedged_return * (1 - hedge_ratio)
2024-08-25,2024,ETF/Bull,watch,watch,0,0.117062,0.117062,1.083529,1.363807,-49.596068,-34.778222,1.989786,1.988799,-3.108988,-3.108988,hedge ratio uses previous valid MTM alert_state; hedged_return = unhedged_return * (1 - hedge_ratio)
2024-08-26,2024,ETF/Bull,watch,watch,0,0.269496,0.269496,1.086449,1.367483,-49.460231,-34.602452,1.930298,1.929342,-3.108988,-3.108988,hedge ratio uses previous valid MTM alert_state; hedged_return = unhedged_return * (1 - hedge_ratio)
2024-08-27,2024,ETF/Bull,watch,watch,0,-1.483885,-1.483885,1.070327,1.347191,-50.210183,-35.572877,1.906463,1.905553,-3.108988,-3.108988,hedge ratio uses previous valid MTM alert_state; hedged_return = unhedged_return * (1 - hedge_ratio)
2024-08-28,2024,ETF/Bull,watch,watch,0,-4.222651,-4.222651,1.025131,1.290304,-52.312633,-38.293409,2.118106,2.117336,-3.108988,-3.108988,hedge ratio uses previous valid MTM alert_state; hedged_return = unhedged_return * (1 - hedge_ratio)
2024-08-29,2024,ETF/Bull,watch,watch,0,2.473811,2.473811,1.050491,1.322223,-51.132938,-36.766905,2.141115,2.1404,-3.439946,-3.439946,hedge ratio uses previous valid MTM alert_state; hedged_return = unhedged_return * (1 - hedge_ratio)
2024-08-30,2024,ETF/Bull,watch,,,,,1.050491,1.322223,-51.132938,-36.766905,2.141115,2.1404,-3.439946,-3.439946,hedge ratio uses previous valid MTM alert_state; hedged_return = unhedged_return * (1 - hedge_ratio)
2024-08-31,2024,ETF/Bull,watch,,,,,1.050491,1.322223,-51.132938,-36.766905,2.141115,2.1404,-3.439946,-3.439946,hedge ratio uses previous valid MTM alert_state; hedged_return = unhedged_return * (1 - hedge_ratio)
2024-09-01,2024,ETF/Bull,watch,,,,,1.050491,1.322223,-51.132938,-36.766905,2.141115,2.1404,-3.439946,-3.439946,hedge ratio uses previous valid MTM alert_state; hedged_return = unhedged_return * (1 - hedge_ratio)
2024-09-02,2024,ETF/Bull,watch,,,,,1.050491,1.322223,-51.132938,-36.766905,2.141115,2.1404,-3.439946,-3.439946,hedge ratio uses previous valid MTM alert_state; hedged_return = unhedged_return * (1 - hedge_ratio)
2024-09-03,2024,ETF/Bull,watch,,,,,1.050491,1.322223,-51.132938,-36.766905,2.141115,2.1404,-3.439946,-3.439946,hedge ratio uses previous valid MTM alert_state; hedged_return = unhedged_return * (1 - hedge_ratio)
2024-09-04,2024,ETF/Bull,watch,,,,,1.050491,1.322223,-51.132938,-36.766905,2.141115,2.1404,-3.439946,-3.439946,hedge ratio uses previous valid MTM alert_state; hedged_return = unhedged_return * (1 - hedge_ratio)
2024-09-05,2024,ETF/Bull,watch,,,,,1.050491,1.322223,-51.132938,-36.766905,2.141115,2.1404,-3.439946,-3.439946,hedge ratio uses previous valid MTM alert_state; hedged_return = unhedged_return * (1 - hedge_ratio)
2024-09-06,2024,ETF/Bull,watch,,,,,1.050491,1.322223,-51.132938,-36.766905,2.141115,2.1404,-3.439946,-3.439946,hedge ratio uses previous valid MTM alert_state; hedged_return = unhedged_return * (1 - hedge_ratio)
2024-09-07,2024,ETF/Bull,watch,watch,0,-1.576271,-1.576271,1.033932,1.301382,-51.903215,-37.76363,2.11149,2.110808,-3.439946,-3.439946,hedge ratio uses previous valid MTM alert_state; hedged_return = unhedged_return * (1 - hedge_ratio)
2024-09-08,2024,ETF/Bull,watch,watch,0,-0.151005,-0.151005,1.032371,1.299416,-51.975844,-37.85761,2.0475,2.046838,-3.439946,-3.439946,hedge ratio uses previous valid MTM alert_state; hedged_return = unhedged_return * (1 - hedge_ratio)
2024-09-09,2024,ETF/Bull,watch,watch,0,2.023866,2.023866,1.053265,1.325715,-51.003899,-36.599931,2.046089,2.045467,-3.439946,-3.439946,hedge ratio uses previous valid MTM alert_state; hedged_return = unhedged_return * (1 - hedge_ratio)
2024-09-10,2024,ETF/Bull,watch,watch,0,1.816041,1.816041,1.072392,1.34979,-50.11411,-35.44856,2.033021,2.032432,-3.439946,-3.439946,hedge ratio uses previous valid MTM alert_state; hedged_return = unhedged_return * (1 - hedge_ratio)
2024-09-11,2024,ETF/Bull,watch,watch,0,-1.153301,-1.153301,1.060024,1.334223,-50.689444,-36.193032,1.991228,1.990663,-3.439946,-3.439946,hedge ratio uses previous valid MTM alert_state; hedged_return = unhedged_return * (1 - hedge_ratio)
2024-09-12,2024,ETF/Bull,watch,watch,0,3.441195,3.441195,1.096502,1.380136,-48.992572,-33.99731,2.106561,2.106059,-3.439946,-3.439946,hedge ratio uses previous valid MTM alert_state; hedged_return = unhedged_return * (1 - hedge_ratio)
2024-09-13,2024,ETF/Bull,watch,watch,0,-0.151164,-0.151164,1.094844,1.37805,-49.069677,-34.097082,2.042722,2.042236,-3.439946,-3.439946,hedge ratio uses previous valid MTM alert_state; hedged_return = unhedged_return * (1 - hedge_ratio)
2024-09-14,2024,ETF/Bull,watch,watch,0,2.395111,2.395111,1.121067,1.411056,-47.849839,-32.518634,2.065562,2.065109,-3.439946,-3.439946,hedge ratio uses previous valid MTM alert_state; hedged_return = unhedged_return * (1 - hedge_ratio)
2024-09-15,2024,ETF/Bull,watch,watch,0,0.535526,0.535526,1.127071,1.418613,-47.570561,-32.157254,2.006928,2.00649,-3.439946,-3.439946,hedge ratio uses previous valid MTM alert_state; hedged_return = unhedged_return * (1 - hedge_ratio)
2024-09-16,2024,ETF/Bull,watch,watch,0,-1.860692,-1.860692,1.106099,1.392217,-48.546112,-33.419599,1.998455,1.998042,-3.439946,-3.439946,hedge ratio uses previous valid MTM alert_state; hedged_return = unhedged_return * (1 - hedge_ratio)
2024-09-17,2024,ETF/Bull,watch,watch,0,0.507654,0.507654,1.111715,1.399284,-48.284904,-33.0816,1.941561,1.941161,-3.439946,-3.439946,hedge ratio uses previous valid MTM alert_state; hedged_return = unhedged_return * (1 - hedge_ratio)
2024-09-18,2024,ETF/Bull,watch,watch,0,0.86847,0.86847,1.121369,1.411437,-47.835774,-32.500434,1.894395,1.89401,-3.439946,-3.439946,hedge ratio uses previous valid MTM alert_state; hedged_return = unhedged_return * (1 - hedge_ratio)
2024-09-19,2024,ETF/Bull,watch,watch,0,3.778857,3.778857,1.163744,1.464773,-45.864563,-29.949722,2.056744,2.05641,-3.439946,-3.439946,hedge ratio uses previous valid MTM alert_state; hedged_return = unhedged_return * (1 - hedge_ratio)
2024-09-20,2024,ETF/Bull,watch,watch,0,2.008687,2.008687,1.18712,1.494195,-44.777151,-28.542631,2.053892,2.053578,-2.626005,-2.626005,hedge ratio uses previous valid MTM alert_state; hedged_return = unhedged_return * (1 - hedge_ratio)
2024-09-21,2024,ETF/Bull,watch,watch,0,1.058106,1.058106,1.199681,1.510006,-44.192835,-27.786537,2.008118,2.007817,-2.626005,-2.626005,hedge ratio uses previous valid MTM alert_state; hedged_return = unhedged_return * (1 - hedge_ratio)
2024-09-22,2024,ETF/Bull,watch,watch,0,-0.984508,-0.984508,1.18787,1.495139,-44.742261,-28.497484,1.961821,1.961531,-2.626005,-2.626005,hedge ratio uses previous valid MTM alert_state; hedged_return = unhedged_return * (1 - hedge_ratio)
2024-09-23,2024,ETF/Bull,watch,watch,0,0.977849,0.977849,1.199486,1.50976,-44.201924,-27.798297,1.917078,1.916799,-2.626005,-2.626005,hedge ratio uses previous valid MTM alert_state; hedged_return = unhedged_return * (1 - hedge_ratio)
2024-09-24,2024,ETF/Bull,watch,watch,0,0.459249,0.459249,1.204995,1.516693,-43.945671,-27.466712,1.862077,1.861807,-1.873666,-1.873666,hedge ratio uses previous valid MTM alert_state; hedged_return = unhedged_return * (1 - hedge_ratio)
2024-09-25,2024,ETF/Bull,watch,watch,0,0.631141,0.631141,1.2126,1.526266,-43.59189,-27.008924,1.811958,1.811697,-1.873666,-1.873666,hedge ratio uses previous valid MTM alert_state; hedged_return = unhedged_return * (1 - hedge_ratio)
2024-09-26,2024,ETF/Bull,watch,watch,0,1.113705,1.113705,1.226105,1.543264,-42.96367,-26.196019,1.777814,1.777564,-1.873666,-1.873666,hedge ratio uses previous valid MTM alert_state; hedged_return = unhedged_return * (1 - hedge_ratio)
2024-09-27,2024,ETF/Bull,watch,,,,,1.226105,1.543264,-42.96367,-26.196019,1.777814,1.777564,-1.732703,-1.732703,hedge ratio uses previous valid MTM alert_state; hedged_return = unhedged_return * (1 - hedge_ratio)
2024-09-28,2024,ETF/Bull,watch,,,,,1.226105,1.543264,-42.96367,-26.196019,1.777814,1.777564,-1.732703,-1.732703,hedge ratio uses previous valid MTM alert_state; hedged_return = unhedged_return * (1 - hedge_ratio)
2024-09-29,2024,ETF/Bull,watch,,,,,1.226105,1.543264,-42.96367,-26.196019,1.777814,1.777564,-1.732703,-1.732703,hedge ratio uses previous valid MTM alert_state; hedged_return = unhedged_return * (1 - hedge_ratio)
2024-09-30,2024,ETF/Bull,watch,,,,,1.226105,1.543264,-42.96367,-26.196019,1.777814,1.777564,-1.732703,-1.732703,hedge ratio uses previous valid MTM alert_state; hedged_return = unhedged_return * (1 - hedge_ratio)
2024-10-01,2024,ETF/Bull,watch,,,,,1.226105,1.543264,-42.96367,-26.196019,1.777814,1.777564,-1.732703,-1.732703,hedge ratio uses previous valid MTM alert_state; hedged_return = unhedged_return * (1 - hedge_ratio)
2024-10-02,2024,ETF/Bull,watch,,,,,1.226105,1.543264,-42.96367,-26.196019,1.777814,1.777564,-1.732703,-1.732703,hedge ratio uses previous valid MTM alert_state; hedged_return = unhedged_return * (1 - hedge_ratio)
2024-10-03,2024,ETF/Bull,watch,,,,,1.226105,1.543264,-42.96367,-26.196019,1.777814,1.777564,-1.732703,-1.732703,hedge ratio uses previous valid MTM alert_state; hedged_return = unhedged_return * (1 - hedge_ratio)
2024-10-04,2024,ETF/Bull,watch,,,,,1.226105,1.543264,-42.96367,-26.196019,1.777814,1.777564,-1.732703,-1.732703,hedge ratio uses previous valid MTM alert_state; hedged_return = unhedged_return * (1 - hedge_ratio)
2024-10-05,2024,ETF/Bull,watch,watch,0,1.119658,1.119658,1.239833,1.560543,-42.325058,-25.369667,1.745337,1.745098,-1.732703,-1.732703,hedge ratio uses previous valid MTM alert_state; hedged_return = unhedged_return * (1 - hedge_ratio)
2024-10-06,2024,ETF/Bull,watch,watch,0,0.204999,0.204999,1.242374,1.563742,-42.206825,-25.216676,1.692912,1.69268,-1.732703,-1.732703,hedge ratio uses previous valid MTM alert_state; hedged_return = unhedged_return * (1 - hedge_ratio)
2024-10-07,2024,ETF/Bull,watch,watch,0,1.980535,1.980535,1.26698,1.594713,-41.062211,-23.735566,1.711533,1.711317,-1.732703,-1.732703,hedge ratio uses previous valid MTM alert_state; hedged_return = unhedged_return * (1 - hedge_ratio)
2024-10-08,2024,ETF/Bull,watch,watch,0,-0.415836,-0.415836,1.261712,1.588081,-41.307295,-24.052701,1.662516,1.662307,-1.732703,-1.732703,hedge ratio uses previous valid MTM alert_state; hedged_return = unhedged_return * (1 - hedge_ratio)
2024-10-09,2024,ETF/Bull,watch,watch,0,-1.41014,-1.41014,1.24392,1.565687,-42.134944,-25.123664,1.648464,1.648266,-1.732703,-1.732703,hedge ratio uses previous valid MTM alert_state; hedged_return = unhedged_return * (1 - hedge_ratio)
2024-10-10,2024,ETF/Bull,watch,watch,0,-1.15023,-1.15023,1.229612,1.547678,-42.800526,-25.984914,1.622889,1.6227,-1.732703,-1.732703,hedge ratio uses previous valid MTM alert_state; hedged_return = unhedged_return * (1 - hedge_ratio)
2024-10-11,2024,ETF/Bull,watch,watch,0,0.310563,0.310563,1.23343,1.552485,-42.622885,-25.75505,1.575287,1.575104,-1.732703,-1.732703,hedge ratio uses previous valid MTM alert_state; hedged_return = unhedged_return * (1 - hedge_ratio)
2024-10-12,2024,ETF/Bull,watch,watch,0,1.774116,1.774116,1.255313,1.580027,-41.604949,-24.437859,1.587919,1.587748,-1.732703,-1.732703,hedge ratio uses previous valid MTM alert_state; hedged_return = unhedged_return * (1 - hedge_ratio)
2024-10-13,2024,ETF/Bull,watch,watch,0,-0.412188,-0.412188,1.250139,1.573515,-41.845646,-24.749317,1.542852,1.542686,-1.732703,-1.732703,hedge ratio uses previous valid MTM alert_state; hedged_return = unhedged_return * (1 - hedge_ratio)
2024-10-14,2024,ETF/Bull,watch,watch,0,2.186249,2.186249,1.27747,1.607916,-40.574247,-23.10415,1.58882,1.588669,-1.501512,-1.501512,hedge ratio uses previous valid MTM alert_state; hedged_return = unhedged_return * (1 - hedge_ratio)
2024-10-15,2024,ETF/Bull,watch,watch,0,0.726955,0.726955,1.286756,1.619605,-40.142249,-22.545151,1.550676,1.550531,-1.501512,-1.501512,hedge ratio uses previous valid MTM alert_state; hedged_return = unhedged_return * (1 - hedge_ratio)
2024-10-16,2024,ETF/Bull,watch,watch,0,0.110249,0.110249,1.288175,1.62139,-40.076256,-22.459758,1.503679,1.503538,-1.294562,-1.294562,hedge ratio uses previous valid MTM alert_state; hedged_return = unhedged_return * (1 - hedge_ratio)
2024-10-17,2024,ETF/Bull,watch,watch,0,-0.103536,-0.103536,1.286841,1.619711,-40.138299,-22.54004,1.458091,1.457955,-1.294562,-1.294562,hedge ratio uses previous valid MTM alert_state; hedged_return = unhedged_return * (1 - hedge_ratio)
2024-10-18,2024,ETF/Bull,watch,watch,0,6.043038,6.043038,1.364606,1.717591,-36.520833,-17.859106,2.046843,2.046752,-1.294562,-1.294562,hedge ratio uses previous valid MTM alert_state; hedged_return = unhedged_return * (1 - hedge_ratio)
2024-10-19,2024,ETF/Bull,watch,watch,0,-0.001477,-0.001477,1.364586,1.717566,-36.521771,-17.860319,1.984488,1.984399,-1.294562,-1.294562,hedge ratio uses previous valid MTM alert_state; hedged_return = unhedged_return * (1 - hedge_ratio)
2024-10-20,2024,ETF/Bull,watch,watch,0,0.416923,0.416923,1.370275,1.724727,-36.257116,-17.51786,1.926741,1.926655,-1.29318,-1.29318,hedge ratio uses previous valid MTM alert_state; hedged_return = unhedged_return * (1 - hedge_ratio)
2024-10-21,2024,ETF/Bull,watch,watch,0,-1.383228,-1.383228,1.351321,1.70087,-37.138825,-18.658776,1.898523,1.898441,-1.29318,-1.29318,hedge ratio uses previous valid MTM alert_state; hedged_return = unhedged_return * (1 - hedge_ratio)
2024-10-22,2024,ETF/Bull,watch,watch,0,-0.331987,-0.331987,1.346835,1.695223,-37.347516,-18.928818,1.842482,1.842403,-1.39803,-1.39803,hedge ratio uses previous valid MTM alert_state; hedged_return = unhedged_return * (1 - hedge_ratio)
2024-10-23,2024,ETF/Bull,watch,watch,0,-0.177947,-0.177947,1.344438,1.692207,-37.459004,-19.073082,1.786884,1.786807,-1.39803,-1.39803,hedge ratio uses previous valid MTM alert_state; hedged_return = unhedged_return * (1 - hedge_ratio)
2024-10-24,2024,ETF/Bull,watch,watch,0,1.786383,1.786383,1.368455,1.722436,-36.341783,-17.627417,1.786854,1.786782,-1.39803,-1.39803,hedge ratio uses previous valid MTM alert_state; hedged_return = unhedged_return * (1 - hedge_ratio)
2024-10-25,2024,ETF/Bull,watch,,,,,1.368455,1.722436,-36.341783,-17.627417,1.786854,1.786782,-1.278379,-1.278379,hedge ratio uses previous valid MTM alert_state; hedged_return = unhedged_return * (1 - hedge_ratio)
2024-10-26,2024,ETF/Bull,watch,,,,,1.368455,1.722436,-36.341783,-17.627417,1.786854,1.786782,-1.278379,-1.278379,hedge ratio uses previous valid MTM alert_state; hedged_return = unhedged_return * (1 - hedge_ratio)
2024-10-27,2024,ETF/Bull,watch,,,,,1.368455,1.722436,-36.341783,-17.627417,1.786854,1.786782,-1.278379,-1.278379,hedge ratio uses previous valid MTM alert_state; hedged_return = unhedged_return * (1 - hedge_ratio)
2024-10-28,2024,ETF/Bull,watch,,,,,1.368455,1.722436,-36.341783,-17.627417,1.786854,1.786782,-1.278379,-1.278379,hedge ratio uses previous valid MTM alert_state; hedged_return = unhedged_return * (1 - hedge_ratio)
2024-10-29,2024,ETF/Bull,watch,,,,,1.368455,1.722436,-36.341783,-17.627417,1.786854,1.786782,-1.278379,-1.278379,hedge ratio uses previous valid MTM alert_state; hedged_return = unhedged_return * (1 - hedge_ratio)
2024-10-30,2024,ETF/Bull,watch,,,,,1.368455,1.722436,-36.341783,-17.627417,1.786854,1.786782,-1.278379,-1.278379,hedge ratio uses previous valid MTM alert_state; hedged_return = unhedged_return * (1 - hedge_ratio)
2024-10-31,2024,ETF/Bull,watch,,,,,1.368455,1.722436,-36.341783,-17.627417,1.786854,1.786782,-1.278379,-1.278379,hedge ratio uses previous valid MTM alert_state; hedged_return = unhedged_return * (1 - hedge_ratio)
2024-11-01,2024,ETF/Bull,watch,,,,,1.368455,1.722436,-36.341783,-17.627417,1.786854,1.786782,-1.278379,-1.278379,hedge ratio uses previous valid MTM alert_state; hedged_return = unhedged_return * (1 - hedge_ratio)
2024-11-02,2024,ETF/Bull,watch,,,,,1.368455,1.722436,-36.341783,-17.627417,1.786854,1.786782,-1.278379,-1.278379,hedge ratio uses previous valid MTM alert_state; hedged_return = unhedged_return * (1 - hedge_ratio)
2024-11-03,2024,ETF/Bull,watch,,,,,1.368455,1.722436,-36.341783,-17.627417,1.786854,1.786782,-1.278379,-1.278379,hedge ratio uses previous valid MTM alert_state; hedged_return = unhedged_return * (1 - hedge_ratio)
2024-11-04,2024,ETF/Bull,watch,,,,,1.368455,1.722436,-36.341783,-17.627417,1.786854,1.786782,-1.278379,-1.278379,hedge ratio uses previous valid MTM alert_state; hedged_return = unhedged_return * (1 - hedge_ratio)
2024-11-05,2024,ETF/Bull,watch,,,,,1.368455,1.722436,-36.341783,-17.627417,1.786854,1.786782,-1.278379,-1.278379,hedge ratio uses previous valid MTM alert_state; hedged_return = unhedged_return * (1 - hedge_ratio)
2024-11-06,2024,ETF/Bull,watch,,,,,1.368455,1.722436,-36.341783,-17.627417,1.786854,1.786782,-1.278379,-1.278379,hedge ratio uses previous valid MTM alert_state; hedged_return = unhedged_return * (1 - hedge_ratio)
2024-11-07,2024,ETF/Bull,watch,,,,,1.368455,1.722436,-36.341783,-17.627417,1.786854,1.786782,-1.278379,-1.278379,hedge ratio uses previous valid MTM alert_state; hedged_return = unhedged_return * (1 - hedge_ratio)
2024-11-08,2024,ETF/Bull,normal,,,,,1.368455,1.722436,-36.341783,-17.627417,1.786854,1.786782,-1.278379,-1.278379,hedge ratio uses previous valid MTM alert_state; hedged_return = unhedged_return * (1 - hedge_ratio)
2024-11-09,2024,ETF/Bull,normal,normal,0,0.587161,0.587161,1.37649,1.732549,-35.968006,-17.143757,1.738379,1.738309,-1.278379,-1.278379,hedge ratio uses previous valid MTM alert_state; hedged_return = unhedged_return * (1 - hedge_ratio)
2024-11-10,2024,ETF/Bull,normal,normal,0,2.595221,2.595221,1.412213,1.777513,-34.306235,-14.993455,1.80132,1.801257,-1.278379,-1.278379,hedge ratio uses previous valid MTM alert_state; hedged_return = unhedged_return * (1 - hedge_ratio)
2024-11-11,2024,ETF/Bull,normal,normal,0,1.805376,1.805376,1.437708,1.809604,-33.120215,-13.458767,1.801564,1.801504,-1.278379,-1.278379,hedge ratio uses previous valid MTM alert_state; hedged_return = unhedged_return * (1 - hedge_ratio)
2024-11-12,2024,ETF/Bull,normal,normal,0,1.98078,1.98078,1.466186,1.845448,-31.795474,-11.744575,1.812816,1.812761,-1.278379,-1.278379,hedge ratio uses previous valid MTM alert_state; hedged_return = unhedged_return * (1 - hedge_ratio)
2024-11-13,2024,ETF/Bull,normal,normal,0,1.616474,1.616474,1.489887,1.875279,-30.692965,-10.317949,1.801639,1.801587,-1.278379,-1.278379,hedge ratio uses previous valid MTM alert_state; hedged_return = unhedged_return * (1 - hedge_ratio)
2024-11-14,2024,ETF/Bull,normal,normal,0,-4.242077,-4.242077,1.426685,1.795728,-33.633023,-14.122331,2.032453,2.032409,-1.278379,-1.278379,hedge ratio uses previous valid MTM alert_state; hedged_return = unhedged_return * (1 - hedge_ratio)
2024-11-15,2024,ETF/Bull,normal,normal,0,11.085385,11.085385,1.584838,1.994792,-26.275988,-4.602461,3.35502,3.354995,-1.39803,-1.39803,hedge ratio uses previous valid MTM alert_state; hedged_return = unhedged_return * (1 - hedge_ratio)
2024-11-16,2024,ETF/Bull,normal,normal,0,1.723098,1.723098,1.612147,2.029164,-25.005651,-2.958668,3.280081,3.280057,-1.39803,-1.39803,hedge ratio uses previous valid MTM alert_state; hedged_return = unhedged_return * (1 - hedge_ratio)
2024-11-17,2024,ETF/Bull,normal,normal,0,-0.359614,-0.359614,1.606349,2.021867,-25.275341,-3.307642,3.181376,3.181353,-1.39803,-1.39803,hedge ratio uses previous valid MTM alert_state; hedged_return = unhedged_return * (1 - hedge_ratio)
2024-11-18,2024,ETF/Bull,normal,normal,0,0.321624,0.321624,1.611515,2.02837,-25.035009,-2.996656,3.085465,3.085442,-1.39803,-1.39803,hedge ratio uses previous valid MTM alert_state; hedged_return = unhedged_return * (1 - hedge_ratio)
2024-11-19,2024,ETF/Bull,normal,normal,0,1.182947,1.182947,1.630579,2.052364,-24.148213,-1.849158,3.00547,3.005448,-1.39803,-1.39803,hedge ratio uses previous valid MTM alert_state; hedged_return = unhedged_return * (1 - hedge_ratio)
2024-11-20,2024,ETF/Bull,normal,normal,0,2.434652,2.434652,1.670278,2.102332,-22.301486,0,2.974312,2.974291,-1.39803,-1.39803,hedge ratio uses previous valid MTM alert_state; hedged_return = unhedged_return * (1 - hedge_ratio)
2024-11-21,2024,ETF/Bull,normal,normal,0,-0.789839,-0.789839,1.657085,2.085727,-22.915179,-0.789839,2.890185,2.890165,-1.39803,-1.39803,hedge ratio uses previous valid MTM alert_state; hedged_return = unhedged_return * (1 - hedge_ratio)
2024-11-22,2024,ETF/Bull,normal,normal,0,5.326129,5.326129,1.745344,2.196815,-18.809542,0,3.090961,3.090943,-1.39803,-1.39803,hedge ratio uses previous valid MTM alert_state; hedged_return = unhedged_return * (1 - hedge_ratio)
2024-11-23,2024,ETF/Bull,normal,normal,0,1.833766,1.833766,1.777349,2.2371,-17.320699,0,3.030273,3.030257,-1.39803,-1.39803,hedge ratio uses previous valid MTM alert_state; hedged_return = unhedged_return * (1 - hedge_ratio)
2024-11-24,2024,ETF/Bull,normal,normal,0,-1.421748,-1.421748,1.75208,2.205294,-18.49619,-1.421748,2.958528,2.958511,-1.278379,-1.278379,hedge ratio uses previous valid MTM alert_state; hedged_return = unhedged_return * (1 - hedge_ratio)
2024-11-25,2024,ETF/Bull,normal,normal,0,-1.246303,-1.246303,1.730244,2.177809,-19.511975,-2.650332,2.884599,2.884583,-1.404414,-1.404414,hedge ratio uses previous valid MTM alert_state; hedged_return = unhedged_return * (1 - hedge_ratio)
2024-11-26,2024,ETF/Bull,normal,normal,0,-2.352202,-2.352202,1.689545,2.126583,-21.405216,-4.940193,2.855455,2.855441,-1.404414,-1.404414,hedge ratio uses previous valid MTM alert_state; hedged_return = unhedged_return * (1 - hedge_ratio)
2024-11-27,2024,ETF/Bull,normal,normal,0,1.944046,1.944046,1.72239,2.167925,-19.877297,-3.092186,2.809122,2.809108,-1.933498,-1.933498,hedge ratio uses previous valid MTM alert_state; hedged_return = unhedged_return * (1 - hedge_ratio)
2024-11-28,2024,ETF/Bull,normal,normal,0,0.612258,0.612258,1.732936,2.181198,-19.386739,-2.49886,2.727671,2.727657,-1.933498,-1.933498,hedge ratio uses previous valid MTM alert_state; hedged_return = unhedged_return * (1 - hedge_ratio)
2024-11-29,2024,ETF/Bull,normal,,,,,1.732936,2.181198,-19.386739,-2.49886,2.727671,2.727657,-1.933498,-1.933498,hedge ratio uses previous valid MTM alert_state; hedged_return = unhedged_return * (1 - hedge_ratio)
2024-11-30,2024,ETF/Bull,normal,,,,,1.732936,2.181198,-19.386739,-2.49886,2.727671,2.727657,-1.933498,-1.933498,hedge ratio uses previous valid MTM alert_state; hedged_return = unhedged_return * (1 - hedge_ratio)
2024-12-01,2024,ETF/Bull,normal,,,,,1.732936,2.181198,-19.386739,-2.49886,2.727671,2.727657,-1.933498,-1.933498,hedge ratio uses previous valid MTM alert_state; hedged_return = unhedged_return * (1 - hedge_ratio)
2024-12-02,2024,ETF/Bull,normal,,,,,1.732936,2.181198,-19.386739,-2.49886,2.727671,2.727657,-1.933498,-1.933498,hedge ratio uses previous valid MTM alert_state; hedged_return = unhedged_return * (1 - hedge_ratio)
2024-12-03,2024,ETF/Bull,normal,,,,,1.732936,2.181198,-19.386739,-2.49886,2.727671,2.727657,-1.933498,-1.933498,hedge ratio uses previous valid MTM alert_state; hedged_return = unhedged_return * (1 - hedge_ratio)
2024-12-04,2024,ETF/Bull,normal,,,,,1.732936,2.181198,-19.386739,-2.49886,2.727671,2.727657,-1.933498,-1.933498,hedge ratio uses previous valid MTM alert_state; hedged_return = unhedged_return * (1 - hedge_ratio)
2024-12-05,2024,ETF/Bull,normal,,,,,1.732936,2.181198,-19.386739,-2.49886,2.727671,2.727657,-1.933498,-1.933498,hedge ratio uses previous valid MTM alert_state; hedged_return = unhedged_return * (1 - hedge_ratio)
2024-12-06,2024,ETF/Bull,normal,,,,,1.732936,2.181198,-19.386739,-2.49886,2.727671,2.727657,-1.933498,-1.933498,hedge ratio uses previous valid MTM alert_state; hedged_return = unhedged_return * (1 - hedge_ratio)
2024-12-07,2024,ETF/Bull,normal,normal,0,0.054398,0.054398,1.733878,2.182384,-19.342887,-2.445822,2.644609,2.644595,-1.933498,-1.933498,hedge ratio uses previous valid MTM alert_state; hedged_return = unhedged_return * (1 - hedge_ratio)
2024-12-08,2024,ETF/Bull,normal,normal,0,0.348157,0.348157,1.739915,2.189983,-19.062074,-2.10618,2.565461,2.565448,-1.933498,-1.933498,hedge ratio uses previous valid MTM alert_state; hedged_return = unhedged_return * (1 - hedge_ratio)
2024-12-09,2024,ETF/Bull,normal,normal,0,0.580251,0.580251,1.750011,2.20269,-18.592431,-1.53815,2.491364,2.491352,-1.933498,-1.933498,hedge ratio uses previous valid MTM alert_state; hedged_return = unhedged_return * (1 - hedge_ratio)
2024-12-10,2024,ETF/Bull,normal,normal,0,-1.710874,-1.710874,1.72007,2.165005,-19.985212,-3.222708,2.451552,2.45154,-1.933498,-1.933498,hedge ratio uses previous valid MTM alert_state; hedged_return = unhedged_return * (1 - hedge_ratio)
2024-12-11,2024,ETF/Bull,normal,normal,0,1.794406,1.794406,1.750935,2.203854,-18.549421,-1.486131,2.417167,2.417155,-2.063604,-2.063604,hedge ratio uses previous valid MTM alert_state; hedged_return = unhedged_return * (1 - hedge_ratio)
2024-12-12,2024,ETF/Bull,normal,normal,0,1.929178,1.929178,1.784714,2.24637,-16.978095,0,2.390698,2.390687,-2.063604,-2.063604,hedge ratio uses previous valid MTM alert_state; hedged_return = unhedged_return * (1 - hedge_ratio)
2024-12-13,2024,ETF/Bull,normal,normal,0,-1.195266,-1.195266,1.763382,2.21952,-17.970427,-1.195266,2.336286,2.336275,-2.063604,-2.063604,hedge ratio uses previous valid MTM alert_state; hedged_return = unhedged_return * (1 - hedge_ratio)
2024-12-14,2024,ETF/Bull,normal,normal,0,0.483708,0.483708,1.771912,2.230256,-17.573644,-0.71734,2.26821,2.2682,-2.063604,-2.063604,hedge ratio uses previous valid MTM alert_state; hedged_return = unhedged_return * (1 - hedge_ratio)
2024-12-15,2024,ETF/Bull,normal,normal,0,0.95991,0.95991,1.78892,2.251664,-16.782425,0,2.211645,2.211635,-2.063604,-2.063604,hedge ratio uses previous valid MTM alert_state; hedged_return = unhedged_return * (1 - hedge_ratio)
2024-12-16,2024,ETF/Bull,normal,normal,0,1.40759,1.40759,1.814101,2.283359,-15.611063,0,2.171813,2.171803,-2.063604,-2.063604,hedge ratio uses previous valid MTM alert_state; hedged_return = unhedged_return * (1 - hedge_ratio)
2024-12-17,2024,ETF/Bull,normal,normal,0,1.582661,1.582661,1.842812,2.319496,-14.275472,0,2.14104,2.141031,-2.063604,-2.063604,hedge ratio uses previous valid MTM alert_state; hedged_return = unhedged_return * (1 - hedge_ratio)
2024-12-18,2024,ETF/Bull,normal,normal,0,-1.563757,-1.563757,1.813995,2.283225,-15.615995,-1.563757,2.11086,2.110852,-2.063604,-2.063604,hedge ratio uses previous valid MTM alert_state; hedged_return = unhedged_return * (1 - hedge_ratio)
2024-12-19,2024,ETF/Bull,normal,normal,0,-1.732747,-1.732747,1.782563,2.243663,-17.078156,-3.269408,2.090103,2.090095,-2.063604,-2.063604,hedge ratio uses previous valid MTM alert_state; hedged_return = unhedged_return * (1 - hedge_ratio)
2024-12-20,2024,ETF/Bull,normal,normal,0,-6.247014,-6.247014,1.671206,2.103501,-22.258296,-9.312182,2.539277,2.539271,-2.073447,-2.073447,hedge ratio uses previous valid MTM alert_state; hedged_return = unhedged_return * (1 - hedge_ratio)
2024-12-21,2024,ETF/Bull,normal,normal,0,1.744614,1.744614,1.700362,2.140199,-20.902003,-7.730029,2.498735,2.498729,-3.391633,-3.391633,hedge ratio uses previous valid MTM alert_state; hedged_return = unhedged_return * (1 - hedge_ratio)
2024-12-22,2024,ETF/Bull,normal,normal,0,-1.453928,-1.453928,1.67564,2.109082,-22.052031,-9.071568,2.44865,2.448645,-3.391633,-3.391633,hedge ratio uses previous valid MTM alert_state; hedged_return = unhedged_return * (1 - hedge_ratio)
2024-12-23,2024,ETF/Bull,normal,normal,0,-1.254686,-1.254686,1.654616,2.082619,-23.030033,-10.212435,2.393865,2.39386,-2.073447,-2.073447,hedge ratio uses previous valid MTM alert_state; hedged_return = unhedged_return * (1 - hedge_ratio)
2024-12-24,2024,ETF/Bull,normal,normal,0,3.333094,3.333094,1.709766,2.152035,-20.464552,-7.219731,2.460351,2.460346,-2.073447,-2.073447,hedge ratio uses previous valid MTM alert_state; hedged_return = unhedged_return * (1 - hedge_ratio)
2024-12-25,2024,ETF/Bull,normal,normal,0,1.513955,1.513955,1.735651,2.184616,-19.260421,-5.815079,2.414052,2.414048,-2.073447,-2.073447,hedge ratio uses previous valid MTM alert_state; hedged_return = unhedged_return * (1 - hedge_ratio)
2024-12-26,2024,ETF/Bull,normal,normal,0,-2.949134,-2.949134,1.684465,2.120189,-21.641539,-8.592719,2.449456,2.449451,-2.073447,-2.073447,hedge ratio uses previous valid MTM alert_state; hedged_return = unhedged_return * (1 - hedge_ratio)
2025-01-03,2025,Mixed,normal,,,,,1.684465,2.120189,-21.641539,-8.592719,2.449456,2.449451,-2.680515,-2.680515,hedge ratio uses previous valid MTM alert_state; hedged_return = unhedged_return * (1 - hedge_ratio)
2025-01-04,2025,Mixed,normal,normal,0,1.159182,1.159182,1.703991,2.144765,-20.733222,-7.533142,2.39175,2.391745,-2.680515,-2.680515,hedge ratio uses previous valid MTM alert_state; hedged_return = unhedged_return * (1 - hedge_ratio)
2025-01-05,2025,Mixed,normal,normal,0,-0.175421,-0.175421,1.701001,2.141003,-20.872273,-7.695348,2.319285,2.319281,-2.680515,-2.680515,hedge ratio uses previous valid MTM alert_state; hedged_return = unhedged_return * (1 - hedge_ratio)
2025-01-06,2025,Mixed,normal,normal,0,1.669293,1.669293,1.729396,2.176743,-19.551399,-6.154513,2.285505,2.285501,-2.680515,-2.680515,hedge ratio uses previous valid MTM alert_state; hedged_return = unhedged_return * (1 - hedge_ratio)
2025-01-07,2025,Mixed,normal,normal,0,0.322733,0.322733,1.734977,2.183768,-19.291765,-5.851643,2.217289,2.217285,-2.680515,-2.680515,hedge ratio uses previous valid MTM alert_state; hedged_return = unhedged_return * (1 - hedge_ratio)
2025-01-08,2025,Mixed,normal,normal,0,-3.621218,-3.621218,1.67215,2.104689,-22.214386,-9.26096,2.325549,2.325546,-2.680515,-2.680515,hedge ratio uses previous valid MTM alert_state; hedged_return = unhedged_return * (1 - hedge_ratio)
2025-01-09,2025,Mixed,normal,normal,0,-2.551108,-2.551108,1.629492,2.050996,-24.198781,-11.575811,2.339696,2.339693,-3.31878,-3.31878,hedge ratio uses previous valid MTM alert_state; hedged_return = unhedged_return * (1 - hedge_ratio)
2025-01-10,2025,Mixed,normal,normal,0,-0.030817,-0.030817,1.62899,2.050364,-24.222141,-11.603061,2.268432,2.268429,-3.31878,-3.31878,hedge ratio uses previous valid MTM alert_state; hedged_return = unhedged_return * (1 - hedge_ratio)
2025-01-11,2025,Mixed,normal,normal,0,1.091702,1.091702,1.646773,2.072748,-23.394872,-10.638029,2.215524,2.215521,-3.31878,-3.31878,hedge ratio uses previous valid MTM alert_state; hedged_return = unhedged_return * (1 - hedge_ratio)
2025-01-12,2025,Mixed,normal,normal,0,0.1562,0.1562,1.649346,2.075985,-23.275215,-10.498446,2.148371,2.148368,-3.31878,-3.31878,hedge ratio uses previous valid MTM alert_state; hedged_return = unhedged_return * (1 - hedge_ratio)
2025-01-13,2025,Mixed,normal,normal,0,-2.55789,-2.55789,1.607157,2.022884,-25.237751,-12.787797,2.175117,2.175115,-3.31878,-3.31878,hedge ratio uses previous valid MTM alert_state; hedged_return = unhedged_return * (1 - hedge_ratio)
2025-01-14,2025,Mixed,normal,normal,0,3.946001,3.946001,1.670576,2.102707,-22.287632,-9.346403,2.319811,2.319809,-3.31878,-3.31878,hedge ratio uses previous valid MTM alert_state; hedged_return = unhedged_return * (1 - hedge_ratio)
2025-01-15,2025,Mixed,normal,normal,0,3.106391,3.106391,1.72247,2.168025,-19.873582,-6.530348,2.374366,2.374363,-3.31878,-3.31878,hedge ratio uses previous valid MTM alert_state; hedged_return = unhedged_return * (1 - hedge_ratio)
2025-01-16,2025,Mixed,normal,normal,0,-1.004513,-1.004513,1.705168,2.146247,-20.678462,-7.469263,2.315145,2.315143,-3.31878,-3.31878,hedge ratio uses previous valid MTM alert_state; hedged_return = unhedged_return * (1 - hedge_ratio)
2025-01-17,2025,Mixed,normal,normal,0,4.718166,4.718166,1.78562,2.247511,-16.93594,-3.103509,2.524672,2.52467,-3.31878,-3.31878,hedge ratio uses previous valid MTM alert_state; hedged_return = unhedged_return * (1 - hedge_ratio)
2025-01-18,2025,Mixed,normal,normal,0,0.224967,0.224967,1.789637,2.252567,-16.749073,-2.885524,2.448381,2.448379,-3.31878,-3.31878,hedge ratio uses previous valid MTM alert_state; hedged_return = unhedged_return * (1 - hedge_ratio)
2025-01-19,2025,Mixed,normal,normal,0,0.163055,0.163055,1.792555,2.25624,-16.613328,-2.727174,2.374129,2.374127,-3.31878,-3.31878,hedge ratio uses previous valid MTM alert_state; hedged_return = unhedged_return * (1 - hedge_ratio)
2025-01-20,2025,Mixed,normal,normal,0,1.054519,1.054519,1.811458,2.280032,-15.734,-1.701413,2.316251,2.31625,-3.31878,-3.31878,hedge ratio uses previous valid MTM alert_state; hedged_return = unhedged_return * (1 - hedge_ratio)
2025-01-21,2025,Mixed,normal,normal,0,-1.504516,-1.504516,1.784205,2.245729,-17.001796,-3.180331,2.275727,2.275725,-3.31878,-3.31878,hedge ratio uses previous valid MTM alert_state; hedged_return = unhedged_return * (1 - hedge_ratio)
2025-01-22,2025,Mixed,normal,normal,0,1.716184,1.716184,1.814825,2.28427,-15.577394,-1.518727,2.246089,2.246087,-3.31878,-3.31878,hedge ratio uses previous valid MTM alert_state; hedged_return = unhedged_return * (1 - hedge_ratio)
2025-01-23,2025,Mixed,normal,normal,0,0.974995,0.974995,1.832519,2.306541,-14.754278,-0.55854,2.190721,2.190719,-3.31878,-3.31878,hedge ratio uses previous valid MTM alert_state; hedged_return = unhedged_return * (1 - hedge_ratio)
2025-01-24,2025,Mixed,normal,normal,0,-0.228445,-0.228445,1.828333,2.301272,-14.949017,-0.785709,2.124719,2.124718,-3.31878,-3.31878,hedge ratio uses previous valid MTM alert_state; hedged_return = unhedged_return * (1 - hedge_ratio)
2025-01-25,2025,Mixed,normal,normal,0,-0.406278,-0.406278,1.820905,2.291922,-15.294561,-1.188795,2.062394,2.062393,-3.31878,-3.31878,hedge ratio uses previous valid MTM alert_state; hedged_return = unhedged_return * (1 - hedge_ratio)
2025-01-26,2025,Mixed,normal,normal,0,0.283137,0.283137,1.826061,2.298412,-15.054728,-0.909024,2.000768,2.000766,-3.31878,-3.31878,hedge ratio uses previous valid MTM alert_state; hedged_return = unhedged_return * (1 - hedge_ratio)
2025-01-27,2025,Mixed,normal,normal,0,-2.468839,-2.468839,1.780978,2.241667,-17.15189,-3.35542,2.031895,2.031894,-3.31878,-3.31878,hedge ratio uses previous valid MTM alert_state; hedged_return = unhedged_return * (1 - hedge_ratio)
2025-01-28,2025,Mixed,normal,normal,0,1.138846,1.138846,1.801261,2.267197,-16.208378,-2.254787,1.989648,1.989647,-2.773074,-2.773074,hedge ratio uses previous valid MTM alert_state; hedged_return = unhedged_return * (1 - hedge_ratio)
2025-01-29,2025,Mixed,normal,normal,0,-0.638364,-0.638364,1.789762,2.252724,-16.743273,-2.878758,1.935363,1.935361,-2.773074,-2.773074,hedge ratio uses previous valid MTM alert_state; hedged_return = unhedged_return * (1 - hedge_ratio)
2025-01-30,2025,Mixed,normal,normal,0,3.893428,3.893428,1.859445,2.340432,-13.501733,0,2.104856,2.104855,-2.773074,-2.773074,hedge ratio uses previous valid MTM alert_state; hedged_return = unhedged_return * (1 - hedge_ratio)
2025-01-31,2025,Mixed,normal,,,,,1.859445,2.340432,-13.501733,0,2.104856,2.104855,-2.773074,-2.773074,hedge ratio uses previous valid MTM alert_state; hedged_return = unhedged_return * (1 - hedge_ratio)
2025-02-01,2025,Mixed,normal,,,,,1.859445,2.340432,-13.501733,0,2.104856,2.104855,-2.773074,-2.773074,hedge ratio uses previous valid MTM alert_state; hedged_return = unhedged_return * (1 - hedge_ratio)
2025-02-02,2025,Mixed,normal,,,,,1.859445,2.340432,-13.501733,0,2.104856,2.104855,-2.773074,-2.773074,hedge ratio uses previous valid MTM alert_state; hedged_return = unhedged_return * (1 - hedge_ratio)
2025-02-03,2025,Mixed,normal,,,,,1.859445,2.340432,-13.501733,0,2.104856,2.104855,-2.773074,-2.773074,hedge ratio uses previous valid MTM alert_state; hedged_return = unhedged_return * (1 - hedge_ratio)
2025-02-04,2025,Mixed,normal,,,,,1.859445,2.340432,-13.501733,0,2.104856,2.104855,-2.773074,-2.773074,hedge ratio uses previous valid MTM alert_state; hedged_return = unhedged_return * (1 - hedge_ratio)
2025-02-05,2025,Mixed,normal,,,,,1.859445,2.340432,-13.501733,0,2.104856,2.104855,-2.773074,-2.773074,hedge ratio uses previous valid MTM alert_state; hedged_return = unhedged_return * (1 - hedge_ratio)
2025-02-06,2025,Mixed,normal,,,,,1.859445,2.340432,-13.501733,0,2.104856,2.104855,-2.773074,-2.773074,hedge ratio uses previous valid MTM alert_state; hedged_return = unhedged_return * (1 - hedge_ratio)
2025-02-07,2025,Mixed,normal,,,,,1.859445,2.340432,-13.501733,0,2.104856,2.104855,-2.773074,-2.773074,hedge ratio uses previous valid MTM alert_state; hedged_return = unhedged_return * (1 - hedge_ratio)
2025-02-08,2025,Mixed,normal,normal,0,-2.175229,-2.175229,1.818998,2.289522,-15.383268,-2.175229,2.109144,2.109143,-2.773074,-2.773074,hedge ratio uses previous valid MTM alert_state; hedged_return = unhedged_return * (1 - hedge_ratio)
2025-02-09,2025,Mixed,normal,normal,0,0.14018,0.14018,1.821548,2.292732,-15.264652,-2.038098,2.04518,2.045179,-2.773074,-2.773074,hedge ratio uses previous valid MTM alert_state; hedged_return = unhedged_return * (1 - hedge_ratio)
2025-02-10,2025,Mixed,normal,normal,0,1.124364,1.124364,1.842029,2.31851,-14.311918,-0.93665,2.00191,2.00191,-2.773074,-2.773074,hedge ratio uses previous valid MTM alert_state; hedged_return = unhedged_return * (1 - hedge_ratio)
2025-02-11,2025,Mixed,normal,normal,0,-0.062799,-0.062799,1.840872,2.317054,-14.36573,-0.998861,1.940985,1.940984,-2.554838,-2.554838,hedge ratio uses previous valid MTM alert_state; hedged_return = unhedged_return * (1 - hedge_ratio)
2025-02-12,2025,Mixed,normal,normal,0,-1.461396,-1.461396,1.813969,2.283193,-15.617186,-2.445659,1.915599,1.915598,-2.554838,-2.554838,hedge ratio uses previous valid MTM alert_state; hedged_return = unhedged_return * (1 - hedge_ratio)
2025-02-13,2025,Mixed,normal,normal,0,0.407864,0.407864,1.821368,2.292505,-15.273018,-2.04777,1.859927,1.859926,-2.554838,-2.554838,hedge ratio uses previous valid MTM alert_state; hedged_return = unhedged_return * (1 - hedge_ratio)
2025-02-14,2025,Mixed,normal,normal,0,0.833112,0.833112,1.836542,2.311604,-14.567148,-1.231719,1.814776,1.814776,-2.554838,-2.554838,hedge ratio uses previous valid MTM alert_state; hedged_return = unhedged_return * (1 - hedge_ratio)
2025-02-15,2025,Mixed,normal,normal,0,0.446833,0.446833,1.844748,2.321933,-14.185406,-0.790389,1.762892,1.762891,-2.554838,-2.554838,hedge ratio uses previous valid MTM alert_state; hedged_return = unhedged_return * (1 - hedge_ratio)
2025-02-16,2025,Mixed,normal,normal,0,-0.496864,-0.496864,1.835582,2.310396,-14.611787,-1.283326,1.713515,1.713514,-2.514087,-2.514087,hedge ratio uses previous valid MTM alert_state; hedged_return = unhedged_return * (1 - hedge_ratio)
2025-02-17,2025,Mixed,normal,normal,0,0.011919,0.011919,1.835801,2.310672,-14.60161,-1.27156,1.661317,1.661316,-2.336714,-2.336714,hedge ratio uses previous valid MTM alert_state; hedged_return = unhedged_return * (1 - hedge_ratio)
2025-02-18,2025,Mixed,normal,normal,0,-1.280264,-1.280264,1.812298,2.281089,-15.694935,-2.535545,1.640951,1.64095,-2.336714,-2.336714,hedge ratio uses previous valid MTM alert_state; hedged_return = unhedged_return * (1 - hedge_ratio)
2025-02-19,2025,Mixed,normal,normal,0,0.409844,0.409844,1.819726,2.290438,-15.349416,-2.136093,1.594125,1.594125,-2.336714,-2.336714,hedge ratio uses previous valid MTM alert_state; hedged_return = unhedged_return * (1 - hedge_ratio)
2025-02-20,2025,Mixed,watch,normal,0,1.320354,1.320354,1.843753,2.32068,-14.231728,-0.843943,1.579038,1.579037,-2.336714,-2.336714,hedge ratio uses previous valid MTM alert_state; hedged_return = unhedged_return * (1 - hedge_ratio)
2025-02-21,2025,Mixed,watch,watch,0,1.081343,1.081343,1.86369,2.345774,-13.304279,0,1.553679,1.553678,-1.873408,-1.873408,hedge ratio uses previous valid MTM alert_state; hedged_return = unhedged_return * (1 - hedge_ratio)
2025-02-22,2025,Mixed,watch,watch,0,-1.845962,-1.845962,1.829287,2.302472,-14.904649,-1.845962,1.572748,1.572748,-1.873408,-1.873408,hedge ratio uses previous valid MTM alert_state; hedged_return = unhedged_return * (1 - hedge_ratio)
2025-02-23,2025,Mixed,watch,watch,0,-0.881639,-0.881639,1.813159,2.282173,-15.654883,-2.711326,1.540053,1.540052,-2.027059,-2.027059,hedge ratio uses previous valid MTM alert_state; hedged_return = unhedged_return * (1 - hedge_ratio)
2025-02-24,2025,Mixed,watch,watch,0,-0.838127,-0.838127,1.797963,2.263045,-16.361802,-3.526729,1.507184,1.507184,-2.027059,-2.027059,hedge ratio uses previous valid MTM alert_state; hedged_return = unhedged_return * (1 - hedge_ratio)
2025-02-25,2025,Mixed,watch,watch,0,-8.626384,-8.626384,1.642863,2.067826,-23.576754,-11.848884,2.569081,2.569081,-2.027059,-2.027059,hedge ratio uses previous valid MTM alert_state; hedged_return = unhedged_return * (1 - hedge_ratio)
2025-02-26,2025,Mixed,watch,watch,0,1.536865,1.536865,1.668112,2.099606,-22.402232,-10.49412,2.519104,2.519104,-2.336714,-2.336714,hedge ratio uses previous valid MTM alert_state; hedged_return = unhedged_return * (1 - hedge_ratio)
2025-02-27,2025,Mixed,watch,watch,0,-3.459553,-3.459553,1.610403,2.026969,-25.086768,-13.590623,2.585197,2.585196,-2.336714,-2.336714,hedge ratio uses previous valid MTM alert_state; hedged_return = unhedged_return * (1 - hedge_ratio)
2025-02-28,2025,Mixed,watch,,,,,1.610403,2.026969,-25.086768,-13.590623,2.585197,2.585196,-3.013732,-3.013732,hedge ratio uses previous valid MTM alert_state; hedged_return = unhedged_return * (1 - hedge_ratio)
2025-03-01,2025,Mixed,watch,,,,,1.610403,2.026969,-25.086768,-13.590623,2.585197,2.585196,-3.013732,-3.013732,hedge ratio uses previous valid MTM alert_state; hedged_return = unhedged_return * (1 - hedge_ratio)
2025-03-02,2025,Mixed,watch,,,,,1.610403,2.026969,-25.086768,-13.590623,2.585197,2.585196,-3.013732,-3.013732,hedge ratio uses previous valid MTM alert_state; hedged_return = unhedged_return * (1 - hedge_ratio)
2025-03-03,2025,Mixed,watch,,,,,1.610403,2.026969,-25.086768,-13.590623,2.585197,2.585196,-3.013732,-3.013732,hedge ratio uses previous valid MTM alert_state; hedged_return = unhedged_return * (1 - hedge_ratio)
2025-03-04,2025,Mixed,watch,,,,,1.610403,2.026969,-25.086768,-13.590623,2.585197,2.585196,-3.013732,-3.013732,hedge ratio uses previous valid MTM alert_state; hedged_return = unhedged_return * (1 - hedge_ratio)
2025-03-05,2025,Mixed,watch,,,,,1.610403,2.026969,-25.086768,-13.590623,2.585197,2.585196,-3.013732,-3.013732,hedge ratio uses previous valid MTM alert_state; hedged_return = unhedged_return * (1 - hedge_ratio)
2025-03-06,2025,Mixed,watch,,,,,1.610403,2.026969,-25.086768,-13.590623,2.585197,2.585196,-3.013732,-3.013732,hedge ratio uses previous valid MTM alert_state; hedged_return = unhedged_return * (1 - hedge_ratio)
2025-03-07,2025,Mixed,watch,,,,,1.610403,2.026969,-25.086768,-13.590623,2.585197,2.585196,-3.013732,-3.013732,hedge ratio uses previous valid MTM alert_state; hedged_return = unhedged_return * (1 - hedge_ratio)
2025-03-08,2025,Mixed,watch,watch,0,-2.700717,-2.700717,1.56691,1.972226,-27.109962,-15.924296,2.592273,2.592273,-3.013732,-3.013732,hedge ratio uses previous valid MTM alert_state; hedged_return = unhedged_return * (1 - hedge_ratio)
2025-03-09,2025,Mixed,stress,watch,0,-2.942812,-2.942812,1.520799,1.914187,-29.254979,-18.398486,2.614631,2.614631,-3.118077,-3.118077,hedge ratio uses previous valid MTM alert_state; hedged_return = unhedged_return * (1 - hedge_ratio)
2025-03-10,2025,Mixed,stress,stress,0.25,-2.446683,-1.835012,1.48359,1.879062,-30.985886,-19.895884,2.604859,2.57452,-3.22702,-3.22702,hedge ratio uses previous valid MTM alert_state; hedged_return = unhedged_return * (1 - hedge_ratio)
2025-03-11,2025,Mixed,stress,stress,0.25,-0.205142,-0.153856,1.480547,1.876171,-31.127462,-20.019129,2.526005,2.496374,-3.22702,-3.22702,hedge ratio uses previous valid MTM alert_state; hedged_return = unhedged_return * (1 - hedge_ratio)
2025-03-12,2025,Mixed,stress,stress,0.25,1.732157,1.299118,1.506192,1.900544,-29.934482,-18.980084,2.485534,2.441154,-3.22702,-3.22702,hedge ratio uses previous valid MTM alert_state; hedged_return = unhedged_return * (1 - hedge_ratio)
2025-03-13,2025,Mixed,stress,stress,0.25,-1.090199,-0.817649,1.489771,1.885005,-30.698336,-19.642542,2.424566,2.375246,-3.22702,-3.22702,hedge ratio uses previous valid MTM alert_state; hedged_return = unhedged_return * (1 - hedge_ratio)
2025-03-14,2025,Mixed,stress,stress,0.25,0.021777,0.016333,1.490096,1.885313,-30.683244,-19.629418,2.35071,2.30289,-3.22702,-3.22702,hedge ratio uses previous valid MTM alert_state; hedged_return = unhedged_return * (1 - hedge_ratio)
2025-03-15,2025,Mixed,stress,stress,0.25,1.627264,1.220448,1.514344,1.908322,-29.555277,-18.648537,2.313691,2.252659,-3.22702,-3.22702,hedge ratio uses previous valid MTM alert_state; hedged_return = unhedged_return * (1 - hedge_ratio)
2025-03-16,2025,Mixed,watch,stress,0.25,-1.485455,-1.114091,1.491849,1.887061,-30.601702,-19.554866,2.272525,2.201017,-3.22702,-3.22702,hedge ratio uses previous valid MTM alert_state; hedged_return = unhedged_return * (1 - hedge_ratio)
2025-03-17,2025,Mixed,watch,watch,0,0.545427,0.545427,1.499986,1.897354,-30.223185,-19.116097,2.207342,2.138143,-3.22702,-3.22702,hedge ratio uses previous valid MTM alert_state; hedged_return = unhedged_return * (1 - hedge_ratio)
2025-03-18,2025,Mixed,watch,watch,0,-1.458219,-1.458219,1.478113,1.869686,-31.240684,-20.295561,2.169701,2.103555,-3.22702,-3.22702,hedge ratio uses previous valid MTM alert_state; hedged_return = unhedged_return * (1 - hedge_ratio)
2025-03-19,2025,Mixed,watch,watch,0,3.132079,3.132079,1.524408,1.928246,-29.087087,-17.799155,2.239138,2.179,-3.22702,-3.22702,hedge ratio uses previous valid MTM alert_state; hedged_return = unhedged_return * (1 - hedge_ratio)
2025-03-20,2025,Mixed,watch,watch,0,1.748099,1.748099,1.551056,1.961954,-27.847459,-16.362203,2.212751,2.155576,-3.22702,-3.22702,hedge ratio uses previous valid MTM alert_state; hedged_return = unhedged_return * (1 - hedge_ratio)
2025-03-21,2025,Mixed,stress,watch,0,-2.133043,-2.133043,1.517972,1.920105,-29.386504,-18.146233,2.20805,2.154231,-3.22702,-3.22702,hedge ratio uses previous valid MTM alert_state; hedged_return = unhedged_return * (1 - hedge_ratio)
2025-03-22,2025,Mixed,watch,stress,0.25,0.461329,0.345997,1.524975,1.926748,-29.060744,-17.863022,2.143764,2.090323,-3.22702,-3.22702,hedge ratio uses previous valid MTM alert_state; hedged_return = unhedged_return * (1 - hedge_ratio)
2025-03-23,2025,Mixed,watch,watch,0,1.071615,1.071615,1.541316,1.947396,-28.300548,-16.98283,2.094966,2.043572,-3.22702,-3.22702,hedge ratio uses previous valid MTM alert_state; hedged_return = unhedged_return * (1 - hedge_ratio)
2025-03-24,2025,Mixed,watch,watch,0,2.21205,2.21205,1.575411,1.990473,-26.71452,-15.146448,2.102175,2.05407,-3.22702,-3.22702,hedge ratio uses previous valid MTM alert_state; hedged_return = unhedged_return * (1 - hedge_ratio)
2025-03-25,2025,Mixed,watch,watch,0,0.399856,0.399856,1.58171,1.998432,-26.421484,-14.807156,2.040486,1.993902,-3.22702,-3.22702,hedge ratio uses previous valid MTM alert_state; hedged_return = unhedged_return * (1 - hedge_ratio)
2025-03-26,2025,Mixed,watch,watch,0,-0.373246,-0.373246,1.575807,1.990973,-26.696113,-15.125135,1.980436,1.93532,-3.22702,-3.22702,hedge ratio uses previous valid MTM alert_state; hedged_return = unhedged_return * (1 - hedge_ratio)
2025-03-27,2025,Mixed,watch,watch,0,0.075882,0.075882,1.577003,1.992484,-26.640488,-15.06073,1.920194,1.876455,-3.22702,-3.22702,hedge ratio uses previous valid MTM alert_state; hedged_return = unhedged_return * (1 - hedge_ratio)
2025-03-28,2025,Mixed,watch,,,,,1.577003,1.992484,-26.640488,-15.06073,1.920194,1.876455,-3.22702,-3.22702,hedge ratio uses previous valid MTM alert_state; hedged_return = unhedged_return * (1 - hedge_ratio)
2025-03-29,2025,Mixed,watch,,,,,1.577003,1.992484,-26.640488,-15.06073,1.920194,1.876455,-3.22702,-3.22702,hedge ratio uses previous valid MTM alert_state; hedged_return = unhedged_return * (1 - hedge_ratio)
2025-03-30,2025,Mixed,watch,,,,,1.577003,1.992484,-26.640488,-15.06073,1.920194,1.876455,-3.22702,-3.22702,hedge ratio uses previous valid MTM alert_state; hedged_return = unhedged_return * (1 - hedge_ratio)
2025-03-31,2025,Mixed,watch,,,,,1.577003,1.992484,-26.640488,-15.06073,1.920194,1.876455,-3.22702,-3.22702,hedge ratio uses previous valid MTM alert_state; hedged_return = unhedged_return * (1 - hedge_ratio)
2025-04-01,2025,Mixed,watch,,,,,1.577003,1.992484,-26.640488,-15.06073,1.920194,1.876455,-3.22702,-3.22702,hedge ratio uses previous valid MTM alert_state; hedged_return = unhedged_return * (1 - hedge_ratio)
2025-04-02,2025,Mixed,watch,,,,,1.577003,1.992484,-26.640488,-15.06073,1.920194,1.876455,-3.22702,-3.22702,hedge ratio uses previous valid MTM alert_state; hedged_return = unhedged_return * (1 - hedge_ratio)
2025-04-03,2025,Mixed,watch,,,,,1.577003,1.992484,-26.640488,-15.06073,1.920194,1.876455,-3.22702,-3.22702,hedge ratio uses previous valid MTM alert_state; hedged_return = unhedged_return * (1 - hedge_ratio)
2025-04-04,2025,Mixed,watch,,,,,1.577003,1.992484,-26.640488,-15.06073,1.920194,1.876455,-3.22702,-3.22702,hedge ratio uses previous valid MTM alert_state; hedged_return = unhedged_return * (1 - hedge_ratio)
2025-04-05,2025,Mixed,watch,watch,0,-0.656533,-0.656533,1.566649,1.979402,-27.122118,-15.618385,1.86863,1.826384,-3.22702,-3.22702,hedge ratio uses previous valid MTM alert_state; hedged_return = unhedged_return * (1 - hedge_ratio)
2025-04-06,2025,Mixed,watch,watch,0,-0.641608,-0.641608,1.556597,1.966702,-27.589708,-16.159784,1.818508,1.777706,-3.22702,-3.22702,hedge ratio uses previous valid MTM alert_state; hedged_return = unhedged_return * (1 - hedge_ratio)
2025-04-07,2025,Mixed,stress,watch,0,-3.98987,-3.98987,1.494491,1.888233,-30.478785,-19.504899,2.015861,1.981355,-3.22702,-3.22702,hedge ratio uses previous valid MTM alert_state; hedged_return = unhedged_return * (1 - hedge_ratio)
2025-04-08,2025,Mixed,watch,stress,0.25,1.626739,1.220054,1.518803,1.911271,-29.347856,-18.522816,1.994656,1.944102,-3.751227,-3.751227,hedge ratio uses previous valid MTM alert_state; hedged_return = unhedged_return * (1 - hedge_ratio)
2025-04-09,2025,Mixed,stress,watch,0,-2.290722,-2.290722,1.484011,1.867489,-30.9663,-20.389231,2.013648,1.966623,-3.751227,-3.751227,hedge ratio uses previous valid MTM alert_state; hedged_return = unhedged_return * (1 - hedge_ratio)
2025-04-10,2025,Mixed,stress,stress,0.25,3.642795,2.732096,1.53807,1.918511,-28.451544,-18.214189,2.146553,2.020745,-3.751227,-3.751227,hedge ratio uses previous valid MTM alert_state; hedged_return = unhedged_return * (1 - hedge_ratio)
2025-04-11,2025,Mixed,stress,stress,0.25,0.285899,0.214424,1.542468,1.922624,-28.246987,-18.03882,2.082338,1.959889,-3.751227,-3.751227,hedge ratio uses previous valid MTM alert_state; hedged_return = unhedged_return * (1 - hedge_ratio)
2025-04-12,2025,Mixed,stress,stress,0.25,1.502543,1.126907,1.565644,1.944291,-27.168868,-17.115193,2.052175,1.920128,-3.751227,-3.751227,hedge ratio uses previous valid MTM alert_state; hedged_return = unhedged_return * (1 - hedge_ratio)
2025-04-13,2025,Mixed,stress,stress,0.25,-0.669828,-0.502371,1.555157,1.934523,-27.656711,-17.531583,1.996411,1.865695,-3.22702,-3.22702,hedge ratio uses previous valid MTM alert_state; hedged_return = unhedged_return * (1 - hedge_ratio)
2025-04-14,2025,Mixed,watch,stress,0.25,0.843294,0.632471,1.568271,1.946758,-27.046644,-17.009994,1.946583,1.815481,-3.22702,-3.22702,hedge ratio uses previous valid MTM alert_state; hedged_return = unhedged_return * (1 - hedge_ratio)
2025-04-15,2025,Mixed,watch,watch,0,1.390194,1.390194,1.590073,1.973822,-26.032451,-15.856272,1.917757,1.792811,-2.833869,-2.833869,hedge ratio uses previous valid MTM alert_state; hedged_return = unhedged_return * (1 - hedge_ratio)
2025-04-16,2025,Mixed,watch,watch,0,-0.202247,-0.202247,1.586858,1.96983,-26.182048,-16.02645,1.859994,1.738901,-2.719554,-2.649371,hedge ratio uses previous valid MTM alert_state; hedged_return = unhedged_return * (1 - hedge_ratio)
2025-04-17,2025,Mixed,watch,watch,0,0.9009,0.9009,1.601154,1.987576,-25.517022,-15.269933,1.816783,1.700308,-2.376501,-2.219766,hedge ratio uses previous valid MTM alert_state; hedged_return = unhedged_return * (1 - hedge_ratio)
2025-04-18,2025,Mixed,watch,watch,0,0.087178,0.087178,1.602549,1.989309,-25.45209,-15.196067,1.761566,1.648648,-2.219766,-2.219766,hedge ratio uses previous valid MTM alert_state; hedged_return = unhedged_return * (1 - hedge_ratio)
2025-04-19,2025,Mixed,watch,watch,0,1.068364,1.068364,1.619671,2.010562,-24.655647,-14.290052,1.727835,1.619704,-2.219766,-2.219766,hedge ratio uses previous valid MTM alert_state; hedged_return = unhedged_return * (1 - hedge_ratio)
2025-04-20,2025,Mixed,watch,watch,0,-1.253514,-1.253514,1.599368,1.985359,-25.600099,-15.364438,1.703105,1.600098,-2.219766,-2.219766,hedge ratio uses previous valid MTM alert_state; hedged_return = unhedged_return * (1 - hedge_ratio)
2025-04-21,2025,Mixed,watch,watch,0,2.544674,2.544674,1.640066,2.03588,-23.706864,-13.210739,1.764952,1.67189,-2.219766,-2.219766,hedge ratio uses previous valid MTM alert_state; hedged_return = unhedged_return * (1 - hedge_ratio)
2025-04-22,2025,Mixed,watch,watch,0,2.245904,2.245904,1.676901,2.081604,-21.993393,-11.261536,1.797441,1.711767,-2.219766,-2.219766,hedge ratio uses previous valid MTM alert_state; hedged_return = unhedged_return * (1 - hedge_ratio)
2025-04-23,2025,Mixed,watch,watch,0,0.001627,0.001627,1.676928,2.081638,-21.992124,-11.260092,1.742684,1.65962,-2.219766,-2.219766,hedge ratio uses previous valid MTM alert_state; hedged_return = unhedged_return * (1 - hedge_ratio)
2025-04-24,2025,Mixed,watch,watch,0,0.386886,0.386886,1.683416,2.089692,-21.690322,-10.91677,1.692251,1.61185,-2.219766,-2.219766,hedge ratio uses previous valid MTM alert_state; hedged_return = unhedged_return * (1 - hedge_ratio)
2025-04-25,2025,Mixed,watch,,,,,1.683416,2.089692,-21.690322,-10.91677,1.692251,1.61185,-2.219766,-2.219766,hedge ratio uses previous valid MTM alert_state; hedged_return = unhedged_return * (1 - hedge_ratio)
2025-04-26,2025,Mixed,watch,,,,,1.683416,2.089692,-21.690322,-10.91677,1.692251,1.61185,-2.219766,-2.219766,hedge ratio uses previous valid MTM alert_state; hedged_return = unhedged_return * (1 - hedge_ratio)
2025-04-27,2025,Mixed,watch,,,,,1.683416,2.089692,-21.690322,-10.91677,1.692251,1.61185,-2.219766,-2.219766,hedge ratio uses previous valid MTM alert_state; hedged_return = unhedged_return * (1 - hedge_ratio)
2025-04-28,2025,Mixed,watch,,,,,1.683416,2.089692,-21.690322,-10.91677,1.692251,1.61185,-2.219766,-2.219766,hedge ratio uses previous valid MTM alert_state; hedged_return = unhedged_return * (1 - hedge_ratio)
2025-04-29,2025,Mixed,watch,,,,,1.683416,2.089692,-21.690322,-10.91677,1.692251,1.61185,-2.219766,-2.219766,hedge ratio uses previous valid MTM alert_state; hedged_return = unhedged_return * (1 - hedge_ratio)
2025-04-30,2025,Mixed,watch,,,,,1.683416,2.089692,-21.690322,-10.91677,1.692251,1.61185,-2.219766,-2.219766,hedge ratio uses previous valid MTM alert_state; hedged_return = unhedged_return * (1 - hedge_ratio)
2025-05-01,2025,Mixed,watch,,,,,1.683416,2.089692,-21.690322,-10.91677,1.692251,1.61185,-2.219766,-2.219766,hedge ratio uses previous valid MTM alert_state; hedged_return = unhedged_return * (1 - hedge_ratio)
2025-05-02,2025,Mixed,watch,,,,,1.683416,2.089692,-21.690322,-10.91677,1.692251,1.61185,-2.219766,-2.219766,hedge ratio uses previous valid MTM alert_state; hedged_return = unhedged_return * (1 - hedge_ratio)
2025-05-03,2025,Mixed,watch,,,,,1.683416,2.089692,-21.690322,-10.91677,1.692251,1.61185,-2.219766,-2.219766,hedge ratio uses previous valid MTM alert_state; hedged_return = unhedged_return * (1 - hedge_ratio)
2025-05-04,2025,Mixed,watch,,,,,1.683416,2.089692,-21.690322,-10.91677,1.692251,1.61185,-2.219766,-2.219766,hedge ratio uses previous valid MTM alert_state; hedged_return = unhedged_return * (1 - hedge_ratio)
2025-05-05,2025,Mixed,watch,,,,,1.683416,2.089692,-21.690322,-10.91677,1.692251,1.61185,-2.219766,-2.219766,hedge ratio uses previous valid MTM alert_state; hedged_return = unhedged_return * (1 - hedge_ratio)
2025-05-06,2025,Mixed,watch,,,,,1.683416,2.089692,-21.690322,-10.91677,1.692251,1.61185,-2.219766,-2.219766,hedge ratio uses previous valid MTM alert_state; hedged_return = unhedged_return * (1 - hedge_ratio)
2025-05-07,2025,Mixed,watch,,,,,1.683416,2.089692,-21.690322,-10.91677,1.692251,1.61185,-2.219766,-2.219766,hedge ratio uses previous valid MTM alert_state; hedged_return = unhedged_return * (1 - hedge_ratio)
2025-05-08,2025,Mixed,watch,,,,,1.683416,2.089692,-21.690322,-10.91677,1.692251,1.61185,-2.219766,-2.219766,hedge ratio uses previous valid MTM alert_state; hedged_return = unhedged_return * (1 - hedge_ratio)
2025-05-09,2025,Mixed,watch,,,,,1.683416,2.089692,-21.690322,-10.91677,1.692251,1.61185,-2.219766,-2.219766,hedge ratio uses previous valid MTM alert_state; hedged_return = unhedged_return * (1 - hedge_ratio)
2025-05-10,2025,Mixed,watch,watch,0,0.281514,0.281514,1.688155,2.095574,-21.46987,-10.665988,1.642146,1.564267,-2.219766,-2.219766,hedge ratio uses previous valid MTM alert_state; hedged_return = unhedged_return * (1 - hedge_ratio)
2025-05-11,2025,Mixed,watch,watch,0,0.244097,0.244097,1.692276,2.10069,-21.27818,-10.447926,1.593242,1.517791,-2.219766,-2.219766,hedge ratio uses previous valid MTM alert_state; hedged_return = unhedged_return * (1 - hedge_ratio)
2025-05-12,2025,Mixed,watch,watch,0,0.263015,0.263015,1.696727,2.106215,-21.07113,-10.212391,1.546049,1.472963,-2.219766,-2.219766,hedge ratio uses previous valid MTM alert_state; hedged_return = unhedged_return * (1 - hedge_ratio)
2025-05-13,2025,Mixed,watch,watch,0,0.066607,0.066607,1.697857,2.107618,-21.018558,-10.152586,1.499038,1.428184,-2.219766,-2.219766,hedge ratio uses previous valid MTM alert_state; hedged_return = unhedged_return * (1 - hedge_ratio)
2025-05-14,2025,Mixed,watch,watch,0,0.325403,0.325403,1.703382,2.114476,-20.76155,-9.86022,1.455556,1.386968,-1.823978,-1.823978,hedge ratio uses previous valid MTM alert_state; hedged_return = unhedged_return * (1 - hedge_ratio)
2025-05-15,2025,Mixed,watch,watch,0,-1.521524,-1.521524,1.677464,2.082304,-21.967182,-11.231718,1.459598,1.395407,-1.823978,-1.823978,hedge ratio uses previous valid MTM alert_state; hedged_return = unhedged_return * (1 - hedge_ratio)
2025-05-16,2025,Mixed,watch,watch,0,1.115423,1.115423,1.696175,2.10553,-21.096786,-10.241576,1.441267,1.38021,-1.944583,-1.944583,hedge ratio uses previous valid MTM alert_state; hedged_return = unhedged_return * (1 - hedge_ratio)
2025-05-17,2025,Mixed,watch,watch,0,-0.80481,-0.80481,1.682524,2.088585,-21.731807,-10.963961,1.411198,1.352607,-1.944583,-1.944583,hedge ratio uses previous valid MTM alert_state; hedged_return = unhedged_return * (1 - hedge_ratio)
2025-05-18,2025,Mixed,watch,watch,0,1.678354,1.678354,1.710763,2.123638,-20.418189,-9.469621,1.428637,1.374331,-1.944583,-1.944583,hedge ratio uses previous valid MTM alert_state; hedged_return = unhedged_return * (1 - hedge_ratio)
2025-05-19,2025,Mixed,watch,watch,0,-1.010405,-1.010405,1.693477,2.102181,-21.222288,-10.384345,1.407053,1.355254,-1.944583,-1.944583,hedge ratio uses previous valid MTM alert_state; hedged_return = unhedged_return * (1 - hedge_ratio)
2025-05-20,2025,Mixed,watch,watch,0,1.023317,1.023317,1.710807,2.123693,-20.416142,-9.467292,1.387026,1.337662,-1.944583,-1.944583,hedge ratio uses previous valid MTM alert_state; hedged_return = unhedged_return * (1 - hedge_ratio)
2025-05-21,2025,Mixed,normal,watch,0,2.199951,2.199951,1.748444,2.170413,-18.665336,-7.475617,1.448722,1.40441,-1.944583,-1.944583,hedge ratio uses previous valid MTM alert_state; hedged_return = unhedged_return * (1 - hedge_ratio)
2025-05-22,2025,Mixed,normal,normal,0,1.883255,1.883255,1.781371,2.211288,-17.133597,-5.733147,1.4784,1.437645,-1.944583,-1.944583,hedge ratio uses previous valid MTM alert_state; hedged_return = unhedged_return * (1 - hedge_ratio)
2025-05-23,2025,Mixed,normal,normal,0,0.542049,0.542049,1.791027,2.223274,-16.684421,-5.222175,1.439499,1.400159,-1.400919,-1.400919,hedge ratio uses previous valid MTM alert_state; hedged_return = unhedged_return * (1 - hedge_ratio)
2025-05-24,2025,Mixed,normal,normal,0,-0.849751,-0.849751,1.775808,2.204382,-17.392396,-6.02755,1.411082,1.373369,-1.400919,-1.400919,hedge ratio uses previous valid MTM alert_state; hedged_return = unhedged_return * (1 - hedge_ratio)
2025-05-25,2025,Mixed,normal,normal,0,-1.110818,-1.110818,1.756082,2.179895,-18.310016,-7.071413,1.39489,1.359047,-1.144115,-1.144115,hedge ratio uses previous valid MTM alert_state; hedged_return = unhedged_return * (1 - hedge_ratio)
2025-05-26,2025,Mixed,normal,normal,0,1.957355,1.957355,1.790455,2.222563,-16.711053,-5.252471,1.434869,1.402163,-1.189301,-1.189301,hedge ratio uses previous valid MTM alert_state; hedged_return = unhedged_return * (1 - hedge_ratio)
2025-05-27,2025,Mixed,normal,normal,0,0.528696,0.528696,1.799921,2.234314,-16.270707,-4.751544,1.397172,1.365602,-1.189301,-1.189301,hedge ratio uses previous valid MTM alert_state; hedged_return = unhedged_return * (1 - hedge_ratio)
2025-05-28,2025,Mixed,normal,normal,0,-1.50568,-1.50568,1.77282,2.200672,-17.531403,-6.185681,1.403919,1.37441,-1.189301,-1.189301,hedge ratio uses previous valid MTM alert_state; hedged_return = unhedged_return * (1 - hedge_ratio)
2025-05-29,2025,Mixed,normal,normal,0,-0.336081,-0.336081,1.766862,2.193276,-17.808564,-6.500973,1.363637,1.33508,-1.392205,-1.392205,hedge ratio uses previous valid MTM alert_state; hedged_return = unhedged_return * (1 - hedge_ratio)
2025-05-30,2025,Mixed,normal,,,,,1.766862,2.193276,-17.808564,-6.500973,1.363637,1.33508,-1.392205,-1.392205,hedge ratio uses previous valid MTM alert_state; hedged_return = unhedged_return * (1 - hedge_ratio)
2025-05-31,2025,Mixed,normal,,,,,1.766862,2.193276,-17.808564,-6.500973,1.363637,1.33508,-1.392205,-1.392205,hedge ratio uses previous valid MTM alert_state; hedged_return = unhedged_return * (1 - hedge_ratio)
2025-06-01,2025,Mixed,normal,,,,,1.766862,2.193276,-17.808564,-6.500973,1.363637,1.33508,-1.392205,-1.392205,hedge ratio uses previous valid MTM alert_state; hedged_return = unhedged_return * (1 - hedge_ratio)
2025-06-02,2025,Mixed,normal,,,,,1.766862,2.193276,-17.808564,-6.500973,1.363637,1.33508,-1.392205,-1.392205,hedge ratio uses previous valid MTM alert_state; hedged_return = unhedged_return * (1 - hedge_ratio)
2025-06-03,2025,Mixed,normal,,,,,1.766862,2.193276,-17.808564,-6.500973,1.363637,1.33508,-1.392205,-1.392205,hedge ratio uses previous valid MTM alert_state; hedged_return = unhedged_return * (1 - hedge_ratio)
2025-06-04,2025,Mixed,normal,,,,,1.766862,2.193276,-17.808564,-6.500973,1.363637,1.33508,-1.392205,-1.392205,hedge ratio uses previous valid MTM alert_state; hedged_return = unhedged_return * (1 - hedge_ratio)
2025-06-05,2025,Mixed,normal,,,,,1.766862,2.193276,-17.808564,-6.500973,1.363637,1.33508,-1.392205,-1.392205,hedge ratio uses previous valid MTM alert_state; hedged_return = unhedged_return * (1 - hedge_ratio)
2025-06-06,2025,Mixed,normal,,,,,1.766862,2.193276,-17.808564,-6.500973,1.363637,1.33508,-1.392205,-1.392205,hedge ratio uses previous valid MTM alert_state; hedged_return = unhedged_return * (1 - hedge_ratio)
2025-06-07,2025,Mixed,normal,normal,0,1.265688,1.265688,1.789225,2.221036,-16.768277,-5.317567,1.357959,1.331019,-1.392205,-1.392205,hedge ratio uses previous valid MTM alert_state; hedged_return = unhedged_return * (1 - hedge_ratio)
2025-06-08,2025,Mixed,normal,normal,0,-0.093916,-0.093916,1.787544,2.21895,-16.846445,-5.406489,1.316791,1.290675,-1.392205,-1.392205,hedge ratio uses previous valid MTM alert_state; hedged_return = unhedged_return * (1 - hedge_ratio)
2025-06-09,2025,Mixed,normal,normal,0,0.943571,0.943571,1.804411,2.239888,-16.061832,-4.513932,1.297429,1.272522,-1.392205,-1.392205,hedge ratio uses previous valid MTM alert_state; hedged_return = unhedged_return * (1 - hedge_ratio)
2025-06-10,2025,Mixed,normal,normal,0,1.11474,1.11474,1.824525,2.264857,-15.126139,-3.449511,1.287199,1.263611,-1.392205,-1.392205,hedge ratio uses previous valid MTM alert_state; hedged_return = unhedged_return * (1 - hedge_ratio)
2025-06-11,2025,Mixed,normal,normal,0,0.611383,0.611383,1.83568,2.278704,-14.607235,-2.859218,1.256939,1.234235,-1.392205,-1.392205,hedge ratio uses previous valid MTM alert_state; hedged_return = unhedged_return * (1 - hedge_ratio)
2025-06-12,2025,Mixed,normal,normal,0,-0.764226,-0.764226,1.821652,2.261289,-15.259829,-3.601593,1.232942,1.211189,-1.392205,-1.392205,hedge ratio uses previous valid MTM alert_state; hedged_return = unhedged_return * (1 - hedge_ratio)
2025-06-13,2025,Mixed,normal,normal,0,-2.248862,-2.248862,1.780685,2.210436,-17.165518,-5.76946,1.316199,1.297075,-1.327992,-1.327992,hedge ratio uses previous valid MTM alert_state; hedged_return = unhedged_return * (1 - hedge_ratio)
2025-06-14,2025,Mixed,normal,normal,0,0.328498,0.328498,1.786535,2.217697,-16.893409,-5.459914,1.278637,1.260132,-1.514394,-1.514394,hedge ratio uses previous valid MTM alert_state; hedged_return = unhedged_return * (1 - hedge_ratio)
2025-06-15,2025,Mixed,normal,normal,0,0.430211,0.430211,1.794221,2.227238,-16.535875,-5.053193,1.244155,1.22628,-1.514394,-1.514394,hedge ratio uses previous valid MTM alert_state; hedged_return = unhedged_return * (1 - hedge_ratio)
2025-06-16,2025,Mixed,normal,normal,0,1.426314,1.426314,1.819812,2.259005,-15.345415,-3.698953,1.25583,1.239193,-1.514394,-1.514394,hedge ratio uses previous valid MTM alert_state; hedged_return = unhedged_return * (1 - hedge_ratio)
2025-06-17,2025,Mixed,watch,normal,0,-1.268958,-1.268958,1.796719,2.23034,-16.419646,-4.920973,1.256621,1.240999,-1.514394,-1.514394,hedge ratio uses previous valid MTM alert_state; hedged_return = unhedged_return * (1 - hedge_ratio)
2025-06-18,2025,Mixed,watch,watch,0,-0.86413,-0.86413,1.781193,2.211066,-17.141889,-5.742579,1.23659,1.22167,-1.514394,-1.514394,hedge ratio uses previous valid MTM alert_state; hedged_return = unhedged_return * (1 - hedge_ratio)
2025-06-19,2025,Mixed,watch,watch,0,-0.019386,-0.019386,1.780848,2.210638,-17.157951,-5.760852,1.198928,1.184462,-1.514394,-1.514394,hedge ratio uses previous valid MTM alert_state; hedged_return = unhedged_return * (1 - hedge_ratio)
2025-06-20,2025,Mixed,watch,watch,0,0.827743,0.827743,1.795589,2.228936,-16.472232,-4.980794,1.179954,1.16614,-1.514394,-1.514394,hedge ratio uses previous valid MTM alert_state; hedged_return = unhedged_return * (1 - hedge_ratio)
2025-06-21,2025,Mixed,watch,watch,0,-1.696953,-1.696953,1.765118,2.191112,-17.889659,-6.593225,1.217183,1.204603,-1.514394,-1.514394,hedge ratio uses previous valid MTM alert_state; hedged_return = unhedged_return * (1 - hedge_ratio)
2025-06-22,2025,Mixed,watch,watch,0,-2.559908,-2.559908,1.719933,2.135022,-19.991608,-8.984353,1.336349,1.325591,-1.61801,-1.61801,hedge ratio uses previous valid MTM alert_state; hedged_return = unhedged_return * (1 - hedge_ratio)
2025-06-23,2025,Mixed,watch,watch,0,1.383642,1.383642,1.743731,2.164563,-18.884579,-7.725022,1.339234,1.329146,-2.000503,-2.000503,hedge ratio uses previous valid MTM alert_state; hedged_return = unhedged_return * (1 - hedge_ratio)
2025-06-24,2025,Mixed,watch,watch,0,2.838536,2.838536,1.793227,2.226005,-16.582088,-5.105764,1.472879,1.464264,-2.000503,-2.000503,hedge ratio uses previous valid MTM alert_state; hedged_return = unhedged_return * (1 - hedge_ratio)
2025-06-25,2025,Mixed,watch,watch,0,2.513034,2.513034,1.838291,2.281945,-14.485768,-2.721039,1.555034,1.547367,-2.000503,-2.000503,hedge ratio uses previous valid MTM alert_state; hedged_return = unhedged_return * (1 - hedge_ratio)
2025-06-26,2025,Mixed,watch,watch,0,-0.62688,-0.62688,1.826768,2.26764,-15.021839,-3.330862,1.515461,1.508066,-2.000503,-2.000503,hedge ratio uses previous valid MTM alert_state; hedged_return = unhedged_return * (1 - hedge_ratio)
2025-06-27,2025,Mixed,watch,,,,,1.826768,2.26764,-15.021839,-3.330862,1.515461,1.508066,-2.000503,-2.000503,hedge ratio uses previous valid MTM alert_state; hedged_return = unhedged_return * (1 - hedge_ratio)
2025-06-28,2025,Mixed,watch,,,,,1.826768,2.26764,-15.021839,-3.330862,1.515461,1.508066,-2.000503,-2.000503,hedge ratio uses previous valid MTM alert_state; hedged_return = unhedged_return * (1 - hedge_ratio)
2025-06-29,2025,Mixed,watch,,,,,1.826768,2.26764,-15.021839,-3.330862,1.515461,1.508066,-2.000503,-2.000503,hedge ratio uses previous valid MTM alert_state; hedged_return = unhedged_return * (1 - hedge_ratio)
2025-06-30,2025,Mixed,watch,,,,,1.826768,2.26764,-15.021839,-3.330862,1.515461,1.508066,-2.000503,-2.000503,hedge ratio uses previous valid MTM alert_state; hedged_return = unhedged_return * (1 - hedge_ratio)
2025-07-01,2025,Mixed,watch,,,,,1.826768,2.26764,-15.021839,-3.330862,1.515461,1.508066,-2.000503,-2.000503,hedge ratio uses previous valid MTM alert_state; hedged_return = unhedged_return * (1 - hedge_ratio)
2025-07-02,2025,Mixed,watch,,,,,1.826768,2.26764,-15.021839,-3.330862,1.515461,1.508066,-2.000503,-2.000503,hedge ratio uses previous valid MTM alert_state; hedged_return = unhedged_return * (1 - hedge_ratio)
2025-07-03,2025,Mixed,watch,,,,,1.826768,2.26764,-15.021839,-3.330862,1.515461,1.508066,-2.000503,-2.000503,hedge ratio uses previous valid MTM alert_state; hedged_return = unhedged_return * (1 - hedge_ratio)
2025-07-04,2025,Mixed,watch,,,,,1.826768,2.26764,-15.021839,-3.330862,1.515461,1.508066,-2.000503,-2.000503,hedge ratio uses previous valid MTM alert_state; hedged_return = unhedged_return * (1 - hedge_ratio)
2025-07-05,2025,Mixed,watch,watch,0,0.223192,0.223192,1.830845,2.272701,-14.832175,-3.115104,1.47031,1.463146,-2.000503,-2.000503,hedge ratio uses previous valid MTM alert_state; hedged_return = unhedged_return * (1 - hedge_ratio)
2025-07-06,2025,Mixed,watch,watch,0,0.572659,0.572659,1.841329,2.285716,-14.344454,-2.560284,1.432403,1.425491,-2.000503,-2.000503,hedge ratio uses previous valid MTM alert_state; hedged_return = unhedged_return * (1 - hedge_ratio)
2025-07-07,2025,Mixed,watch,watch,0,-0.192007,-0.192007,1.837794,2.281327,-14.508918,-2.747375,1.389563,1.382865,-2.000503,-2.000503,hedge ratio uses previous valid MTM alert_state; hedged_return = unhedged_return * (1 - hedge_ratio)
2025-07-08,2025,Mixed,watch,watch,0,0.58898,0.58898,1.848618,2.294764,-14.005393,-2.174576,1.354934,1.348477,-2.000503,-2.000503,hedge ratio uses previous valid MTM alert_state; hedged_return = unhedged_return * (1 - hedge_ratio)
2025-07-09,2025,Mixed,watch,watch,0,0.137405,0.137405,1.851158,2.297917,-13.887232,-2.040159,1.314088,1.30783,-2.000503,-2.000503,hedge ratio uses previous valid MTM alert_state; hedged_return = unhedged_return * (1 - hedge_ratio)
2025-07-10,2025,Mixed,normal,watch,0,1.381675,1.381675,1.876735,2.329667,-12.697433,-0.686673,1.318241,1.312378,-2.000503,-2.000503,hedge ratio uses previous valid MTM alert_state; hedged_return = unhedged_return * (1 - hedge_ratio)
2025-07-11,2025,Mixed,normal,normal,0,6.13964,6.13964,1.99196,2.4727,-7.33737,0,1.973627,1.969951,-2.000503,-2.000503,hedge ratio uses previous valid MTM alert_state; hedged_return = unhedged_return * (1 - hedge_ratio)
2025-07-12,2025,Mixed,normal,normal,0,-0.273573,-0.273573,1.98651,2.465935,-7.59087,-0.273573,1.914676,1.911113,-2.000503,-2.000503,hedge ratio uses previous valid MTM alert_state; hedged_return = unhedged_return * (1 - hedge_ratio)
2025-07-13,2025,Mixed,normal,normal,0,0.637335,0.637335,1.999171,2.481651,-7.001914,0,1.8629,1.859458,-2.000503,-2.000503,hedge ratio uses previous valid MTM alert_state; hedged_return = unhedged_return * (1 - hedge_ratio)
2025-07-14,2025,Mixed,normal,normal,0,2.265423,2.265423,2.044461,2.537871,-4.895114,0,1.889471,1.886282,-2.000503,-2.000503,hedge ratio uses previous valid MTM alert_state; hedged_return = unhedged_return * (1 - hedge_ratio)
2025-07-15,2025,Mixed,normal,normal,0,-2.202626,-2.202626,1.999429,2.481972,-6.989919,-2.202626,1.909709,1.906743,-2.000503,-2.000503,hedge ratio uses previous valid MTM alert_state; hedged_return = unhedged_return * (1 - hedge_ratio)
2025-07-16,2025,Mixed,normal,normal,0,0.612104,0.612104,2.011668,2.497164,-6.420601,-1.604004,1.857592,1.854726,-2.228056,-2.228056,hedge ratio uses previous valid MTM alert_state; hedged_return = unhedged_return * (1 - hedge_ratio)
2025-07-17,2025,Mixed,normal,normal,0,-0.255968,-0.255968,2.006518,2.490772,-6.660134,-1.855867,1.802094,1.799316,-2.228056,-2.228056,hedge ratio uses previous valid MTM alert_state; hedged_return = unhedged_return * (1 - hedge_ratio)
2025-07-18,2025,Mixed,normal,normal,0,-0.055917,-0.055917,2.005396,2.489379,-6.712327,-1.910746,1.747248,1.744556,-2.228056,-2.228056,hedge ratio uses previous valid MTM alert_state; hedged_return = unhedged_return * (1 - hedge_ratio)
2025-07-19,2025,Mixed,normal,normal,0,-0.283002,-0.283002,1.999721,2.482334,-6.976333,-2.18834,1.695438,1.692829,-2.228056,-2.228056,hedge ratio uses previous valid MTM alert_state; hedged_return = unhedged_return * (1 - hedge_ratio)
2025-07-20,2025,Mixed,normal,normal,0,0.16543,0.16543,2.003029,2.486441,-6.822444,-2.026531,1.644287,1.641759,-2.228056,-2.228056,hedge ratio uses previous valid MTM alert_state; hedged_return = unhedged_return * (1 - hedge_ratio)
2025-07-21,2025,Mixed,normal,normal,0,0.539903,0.539903,2.013844,2.499865,-6.319376,-1.497569,1.599672,1.597229,-2.228056,-2.228056,hedge ratio uses previous valid MTM alert_state; hedged_return = unhedged_return * (1 - hedge_ratio)
2025-07-22,2025,Mixed,normal,normal,0,-0.726338,-0.726338,1.999216,2.481707,-6.999814,-2.213029,1.561111,1.558758,-1.975073,-1.975073,hedge ratio uses previous valid MTM alert_state; hedged_return = unhedged_return * (1 - hedge_ratio)
2025-07-23,2025,Mixed,normal,normal,0,-0.487997,-0.487997,1.98946,2.469597,-7.453652,-2.690227,1.518266,1.515992,-1.975073,-1.975073,hedge ratio uses previous valid MTM alert_state; hedged_return = unhedged_return * (1 - hedge_ratio)
2025-07-24,2025,Mixed,normal,normal,0,0.806033,0.806033,2.005496,2.489503,-6.707698,-1.905878,1.485195,1.48301,-1.975073,-1.975073,hedge ratio uses previous valid MTM alert_state; hedged_return = unhedged_return * (1 - hedge_ratio)
2025-07-25,2025,Mixed,normal,,,,,2.005496,2.489503,-6.707698,-1.905878,1.485195,1.48301,-1.975073,-1.975073,hedge ratio uses previous valid MTM alert_state; hedged_return = unhedged_return * (1 - hedge_ratio)
2025-07-26,2025,Mixed,normal,,,,,2.005496,2.489503,-6.707698,-1.905878,1.485195,1.48301,-1.975073,-1.975073,hedge ratio uses previous valid MTM alert_state; hedged_return = unhedged_return * (1 - hedge_ratio)
2025-07-27,2025,Mixed,normal,,,,,2.005496,2.489503,-6.707698,-1.905878,1.485195,1.48301,-1.975073,-1.975073,hedge ratio uses previous valid MTM alert_state; hedged_return = unhedged_return * (1 - hedge_ratio)
2025-07-28,2025,Mixed,normal,,,,,2.005496,2.489503,-6.707698,-1.905878,1.485195,1.48301,-1.975073,-1.975073,hedge ratio uses previous valid MTM alert_state; hedged_return = unhedged_return * (1 - hedge_ratio)
2025-07-29,2025,Mixed,normal,,,,,2.005496,2.489503,-6.707698,-1.905878,1.485195,1.48301,-1.975073,-1.975073,hedge ratio uses previous valid MTM alert_state; hedged_return = unhedged_return * (1 - hedge_ratio)
2025-07-30,2025,Mixed,normal,,,,,2.005496,2.489503,-6.707698,-1.905878,1.485195,1.48301,-1.975073,-1.975073,hedge ratio uses previous valid MTM alert_state; hedged_return = unhedged_return * (1 - hedge_ratio)
2025-07-31,2025,Mixed,normal,,,,,2.005496,2.489503,-6.707698,-1.905878,1.485195,1.48301,-1.975073,-1.975073,hedge ratio uses previous valid MTM alert_state; hedged_return = unhedged_return * (1 - hedge_ratio)
2025-08-01,2025,Mixed,normal,,,,,2.005496,2.489503,-6.707698,-1.905878,1.485195,1.48301,-1.975073,-1.975073,hedge ratio uses previous valid MTM alert_state; hedged_return = unhedged_return * (1 - hedge_ratio)
2025-08-02,2025,Mixed,normal,,,,,2.005496,2.489503,-6.707698,-1.905878,1.485195,1.48301,-1.975073,-1.975073,hedge ratio uses previous valid MTM alert_state; hedged_return = unhedged_return * (1 - hedge_ratio)
2025-08-03,2025,Mixed,normal,,,,,2.005496,2.489503,-6.707698,-1.905878,1.485195,1.48301,-1.975073,-1.975073,hedge ratio uses previous valid MTM alert_state; hedged_return = unhedged_return * (1 - hedge_ratio)
2025-08-04,2025,Mixed,normal,,,,,2.005496,2.489503,-6.707698,-1.905878,1.485195,1.48301,-1.975073,-1.975073,hedge ratio uses previous valid MTM alert_state; hedged_return = unhedged_return * (1 - hedge_ratio)
2025-08-05,2025,Mixed,normal,,,,,2.005496,2.489503,-6.707698,-1.905878,1.485195,1.48301,-1.975073,-1.975073,hedge ratio uses previous valid MTM alert_state; hedged_return = unhedged_return * (1 - hedge_ratio)
2025-08-06,2025,Mixed,normal,,,,,2.005496,2.489503,-6.707698,-1.905878,1.485195,1.48301,-1.975073,-1.975073,hedge ratio uses previous valid MTM alert_state; hedged_return = unhedged_return * (1 - hedge_ratio)
2025-08-07,2025,Mixed,normal,,,,,2.005496,2.489503,-6.707698,-1.905878,1.485195,1.48301,-1.975073,-1.975073,hedge ratio uses previous valid MTM alert_state; hedged_return = unhedged_return * (1 - hedge_ratio)
2025-08-08,2025,Mixed,normal,,,,,2.005496,2.489503,-6.707698,-1.905878,1.485195,1.48301,-1.975073,-1.975073,hedge ratio uses previous valid MTM alert_state; hedged_return = unhedged_return * (1 - hedge_ratio)
2025-08-09,2025,Mixed,normal,normal,0,-0.064378,-0.064378,2.004205,2.4879,-6.767757,-1.969029,1.440036,1.437918,-1.975073,-1.975073,hedge ratio uses previous valid MTM alert_state; hedged_return = unhedged_return * (1 - hedge_ratio)
2025-08-10,2025,Mixed,normal,normal,0,1.071859,1.071859,2.025687,2.514567,-5.768439,-0.918275,1.420639,1.418621,-1.975073,-1.975073,hedge ratio uses previous valid MTM alert_state; hedged_return = unhedged_return * (1 - hedge_ratio)
2025-08-11,2025,Mixed,watch,normal,0,1.3288,1.3288,2.052604,2.54798,-4.51629,0,1.415297,1.413392,-1.975073,-1.975073,hedge ratio uses previous valid MTM alert_state; hedged_return = unhedged_return * (1 - hedge_ratio)
2025-08-12,2025,Mixed,watch,watch,0,-0.803335,-0.803335,2.036115,2.527511,-5.283344,-0.803335,1.386219,1.384391,-1.975073,-1.975073,hedge ratio uses previous valid MTM alert_state; hedged_return = unhedged_return * (1 - hedge_ratio)
2025-08-13,2025,Mixed,normal,watch,0,2.232914,2.232914,2.08158,2.583949,-3.168403,0,1.45102,1.449379,-1.975073,-1.975073,hedge ratio uses previous valid MTM alert_state; hedged_return = unhedged_return * (1 - hedge_ratio)
2025-08-14,2025,Mixed,normal,normal,0,-2.318051,-2.318051,2.033328,2.524051,-5.413008,-2.318051,1.517081,1.515605,-1.572945,-1.572945,hedge ratio uses previous valid MTM alert_state; hedged_return = unhedged_return * (1 - hedge_ratio)
2025-08-15,2025,Mixed,normal,normal,0,-0.734945,-0.734945,2.018384,2.505501,-6.108171,-3.03596,1.48184,1.48042,-1.572945,-1.572945,hedge ratio uses previous valid MTM alert_state; hedged_return = unhedged_return * (1 - hedge_ratio)
2025-08-16,2025,Mixed,normal,normal,0,0.005974,0.005974,2.018504,2.505651,-6.102562,-3.030167,1.436698,1.435322,-1.572945,-1.572945,hedge ratio uses previous valid MTM alert_state; hedged_return = unhedged_return * (1 - hedge_ratio)
2025-08-17,2025,Mixed,normal,normal,0,0.659565,0.659565,2.031818,2.522177,-5.483247,-2.390588,1.402269,1.400943,-1.572945,-1.572945,hedge ratio uses previous valid MTM alert_state; hedged_return = unhedged_return * (1 - hedge_ratio)
2025-08-18,2025,Mixed,normal,normal,0,-2.946075,-2.946075,1.971959,2.447872,-8.267782,-5.266234,1.5392,1.538065,-1.572945,-1.572945,hedge ratio uses previous valid MTM alert_state; hedged_return = unhedged_return * (1 - hedge_ratio)
2025-08-19,2025,Mixed,normal,normal,0,0.315949,0.315949,1.978189,2.455606,-7.977955,-4.966924,1.494315,1.493216,-2.26611,-2.26611,hedge ratio uses previous valid MTM alert_state; hedged_return = unhedged_return * (1 - hedge_ratio)
2025-08-20,2025,Mixed,normal,normal,0,-2.077557,-2.077557,1.937091,2.404589,-9.889765,-6.94129,1.53557,1.534564,-2.26611,-2.26611,hedge ratio uses previous valid MTM alert_state; hedged_return = unhedged_return * (1 - hedge_ratio)
2025-08-21,2025,Mixed,normal,normal,0,0.670448,0.670448,1.950078,2.420711,-9.285623,-6.31738,1.49782,1.496852,-2.26611,-2.26611,hedge ratio uses previous valid MTM alert_state; hedged_return = unhedged_return * (1 - hedge_ratio)
2025-08-22,2025,Mixed,normal,normal,0,-0.353019,-0.353019,1.943194,2.412165,-9.605862,-6.648098,1.454763,1.453825,-2.26611,-2.26611,hedge ratio uses previous valid MTM alert_state; hedged_return = unhedged_return * (1 - hedge_ratio)
2025-08-23,2025,Mixed,normal,normal,0,1.095844,1.095844,1.964489,2.438599,-8.615283,-5.625106,1.43576,1.434867,-2.26611,-2.26611,hedge ratio uses previous valid MTM alert_state; hedged_return = unhedged_return * (1 - hedge_ratio)
2025-08-24,2025,Mixed,normal,normal,0,-0.172723,-0.172723,1.961096,2.434387,-8.773125,-5.788113,1.392664,1.391799,-2.26611,-2.26611,hedge ratio uses previous valid MTM alert_state; hedged_return = unhedged_return * (1 - hedge_ratio)
2025-08-25,2025,Mixed,normal,normal,0,-2.569885,-2.569885,1.910698,2.371826,-11.117551,-8.209251,1.489765,1.489005,-2.26611,-2.26611,hedge ratio uses previous valid MTM alert_state; hedged_return = unhedged_return * (1 - hedge_ratio)
2025-08-26,2025,Mixed,normal,normal,0,-1.012709,-1.012709,1.891348,2.347806,-12.017672,-9.138824,1.465528,1.464801,-2.45656,-2.45656,hedge ratio uses previous valid MTM alert_state; hedged_return = unhedged_return * (1 - hedge_ratio)
2025-08-27,2025,Mixed,watch,normal,0,1.225129,1.225129,1.914519,2.37657,-10.939775,-8.025657,1.452227,1.451537,-2.45656,-2.45656,hedge ratio uses previous valid MTM alert_state; hedged_return = unhedged_return * (1 - hedge_ratio)
2025-08-28,2025,Mixed,watch,watch,0,1.130764,1.130764,1.936168,2.403443,-9.932714,-6.985644,1.434971,1.434315,-2.45656,-2.45656,hedge ratio uses previous valid MTM alert_state; hedged_return = unhedged_return * (1 - hedge_ratio)
2025-08-29,2025,Mixed,watch,,,,,1.936168,2.403443,-9.932714,-6.985644,1.434971,1.434315,-2.45656,-2.45656,hedge ratio uses previous valid MTM alert_state; hedged_return = unhedged_return * (1 - hedge_ratio)
2025-08-30,2025,Mixed,watch,,,,,1.936168,2.403443,-9.932714,-6.985644,1.434971,1.434315,-2.45656,-2.45656,hedge ratio uses previous valid MTM alert_state; hedged_return = unhedged_return * (1 - hedge_ratio)
2025-08-31,2025,Mixed,watch,,,,,1.936168,2.403443,-9.932714,-6.985644,1.434971,1.434315,-2.45656,-2.45656,hedge ratio uses previous valid MTM alert_state; hedged_return = unhedged_return * (1 - hedge_ratio)
2025-09-01,2025,Mixed,watch,,,,,1.936168,2.403443,-9.932714,-6.985644,1.434971,1.434315,-2.45656,-2.45656,hedge ratio uses previous valid MTM alert_state; hedged_return = unhedged_return * (1 - hedge_ratio)
2025-09-02,2025,Mixed,watch,,,,,1.936168,2.403443,-9.932714,-6.985644,1.434971,1.434315,-2.45656,-2.45656,hedge ratio uses previous valid MTM alert_state; hedged_return = unhedged_return * (1 - hedge_ratio)
2025-09-03,2025,Mixed,watch,,,,,1.936168,2.403443,-9.932714,-6.985644,1.434971,1.434315,-2.45656,-2.45656,hedge ratio uses previous valid MTM alert_state; hedged_return = unhedged_return * (1 - hedge_ratio)
2025-09-04,2025,Mixed,watch,,,,,1.936168,2.403443,-9.932714,-6.985644,1.434971,1.434315,-2.45656,-2.45656,hedge ratio uses previous valid MTM alert_state; hedged_return = unhedged_return * (1 - hedge_ratio)
2025-09-05,2025,Mixed,watch,,,,,1.936168,2.403443,-9.932714,-6.985644,1.434971,1.434315,-2.45656,-2.45656,hedge ratio uses previous valid MTM alert_state; hedged_return = unhedged_return * (1 - hedge_ratio)
2025-09-06,2025,Mixed,watch,watch,0,-1.60785,-1.60785,1.905037,2.364799,-11.380861,-8.481176,1.445927,1.445315,-2.45656,-2.45656,hedge ratio uses previous valid MTM alert_state; hedged_return = unhedged_return * (1 - hedge_ratio)
2025-09-07,2025,Mixed,watch,watch,0,0.247488,0.247488,1.909752,2.370652,-11.161539,-8.254678,1.403188,1.402596,-2.45656,-2.45656,hedge ratio uses previous valid MTM alert_state; hedged_return = unhedged_return * (1 - hedge_ratio)
2025-09-08,2025,Mixed,watch,watch,0,0.72087,0.72087,1.923519,2.387741,-10.521129,-7.593313,1.371853,1.371283,-2.45656,-2.45656,hedge ratio uses previous valid MTM alert_state; hedged_return = unhedged_return * (1 - hedge_ratio)
2025-09-09,2025,Mixed,watch,watch,0,0.588929,0.588929,1.934847,2.401803,-9.994162,-7.049103,1.337861,1.337312,-2.45656,-2.45656,hedge ratio uses previous valid MTM alert_state; hedged_return = unhedged_return * (1 - hedge_ratio)
2025-09-10,2025,Mixed,watch,watch,0,1.282628,1.282628,1.959664,2.43261,-8.839722,-5.856889,1.334611,1.334094,-2.45656,-2.45656,hedge ratio uses previous valid MTM alert_state; hedged_return = unhedged_return * (1 - hedge_ratio)
2025-09-11,2025,Mixed,watch,watch,0,0.484177,0.484177,1.969152,2.444388,-8.398345,-5.40107,1.299377,1.298878,-2.45656,-2.45656,hedge ratio uses previous valid MTM alert_state; hedged_return = unhedged_return * (1 - hedge_ratio)
2025-09-12,2025,Mixed,watch,watch,0,0.256179,0.256179,1.974197,2.45065,-8.163681,-5.158727,1.261355,1.260871,-2.45656,-2.45656,hedge ratio uses previous valid MTM alert_state; hedged_return = unhedged_return * (1 - hedge_ratio)
2025-09-13,2025,Mixed,watch,watch,0,0.397138,0.397138,1.982037,2.460382,-7.798964,-4.782076,1.226792,1.226324,-2.45656,-2.45656,hedge ratio uses previous valid MTM alert_state; hedged_return = unhedged_return * (1 - hedge_ratio)
2025-09-14,2025,Mixed,watch,watch,0,-0.234764,-0.234764,1.977384,2.454606,-8.015419,-5.005614,1.190808,1.190355,-2.45656,-2.45656,hedge ratio uses previous valid MTM alert_state; hedged_return = unhedged_return * (1 - hedge_ratio)
2025-09-15,2025,Mixed,watch,watch,0,-0.556947,-0.556947,1.966371,2.440935,-8.527724,-5.534682,1.162564,1.162128,-2.45656,-2.45656,hedge ratio uses previous valid MTM alert_state; hedged_return = unhedged_return * (1 - hedge_ratio)
2025-09-16,2025,Mixed,watch,watch,0,0.534714,0.534714,1.976885,2.453987,-8.038609,-5.029563,1.134732,1.134312,-2.45656,-2.45656,hedge ratio uses previous valid MTM alert_state; hedged_return = unhedged_return * (1 - hedge_ratio)
2025-09-17,2025,Mixed,watch,watch,0,0.722943,0.722943,1.991177,2.471728,-7.37378,-4.342981,1.114324,1.113922,-2.45656,-2.45656,hedge ratio uses previous valid MTM alert_state; hedged_return = unhedged_return * (1 - hedge_ratio)
2025-09-18,2025,Mixed,watch,watch,0,1.48897,1.48897,2.020825,2.508531,-5.994604,-2.918677,1.140279,1.13991,-2.45656,-2.45656,hedge ratio uses previous valid MTM alert_state; hedged_return = unhedged_return * (1 - hedge_ratio)
2025-09-19,2025,Mixed,watch,watch,0,-1.218456,-1.218456,1.996202,2.477966,-7.140018,-4.10157,1.14512,1.144775,-2.45656,-2.45656,hedge ratio uses previous valid MTM alert_state; hedged_return = unhedged_return * (1 - hedge_ratio)
2025-09-20,2025,Mixed,watch,watch,0,-0.273499,-0.273499,1.990743,2.471189,-7.393989,-4.363851,1.112255,1.11192,-2.45656,-2.45656,hedge ratio uses previous valid MTM alert_state; hedged_return = unhedged_return * (1 - hedge_ratio)
2025-09-21,2025,Mixed,watch,watch,0,-0.21686,-0.21686,1.986426,2.46583,-7.594815,-4.571248,1.079679,1.079355,-2.45656,-2.45656,hedge ratio uses previous valid MTM alert_state; hedged_return = unhedged_return * (1 - hedge_ratio)
2025-09-22,2025,Mixed,watch,watch,0,-2.091057,-2.091057,1.944888,2.414268,-9.52706,-6.566717,1.165382,1.1651,-2.348337,-2.348337,hedge ratio uses previous valid MTM alert_state; hedged_return = unhedged_return * (1 - hedge_ratio)
2025-09-23,2025,Mixed,watch,watch,0,-0.148907,-0.148907,1.941992,2.410673,-9.66178,-6.705846,1.130468,1.130195,-2.354412,-2.354412,hedge ratio uses previous valid MTM alert_state; hedged_return = unhedged_return * (1 - hedge_ratio)
2025-09-24,2025,Mixed,watch,watch,0,-0.03982,-0.03982,1.941219,2.409713,-9.697753,-6.742996,1.096073,1.095808,-2.354412,-2.354412,hedge ratio uses previous valid MTM alert_state; hedged_return = unhedged_return * (1 - hedge_ratio)
2025-09-25,2025,Mixed,watch,watch,0,-1.681414,-1.681414,1.908579,2.369196,-11.216108,-8.311032,1.139703,1.139463,-2.354412,-2.354412,hedge ratio uses previous valid MTM alert_state; hedged_return = unhedged_return * (1 - hedge_ratio)
2025-09-26,2025,Mixed,watch,,,,,1.908579,2.369196,-11.216108,-8.311032,1.139703,1.139463,-2.084982,-2.084982,hedge ratio uses previous valid MTM alert_state; hedged_return = unhedged_return * (1 - hedge_ratio)
2025-09-27,2025,Mixed,watch,,,,,1.908579,2.369196,-11.216108,-8.311032,1.139703,1.139463,-2.084982,-2.084982,hedge ratio uses previous valid MTM alert_state; hedged_return = unhedged_return * (1 - hedge_ratio)
2025-09-28,2025,Mixed,watch,,,,,1.908579,2.369196,-11.216108,-8.311032,1.139703,1.139463,-2.084982,-2.084982,hedge ratio uses previous valid MTM alert_state; hedged_return = unhedged_return * (1 - hedge_ratio)
2025-09-29,2025,Mixed,watch,,,,,1.908579,2.369196,-11.216108,-8.311032,1.139703,1.139463,-2.084982,-2.084982,hedge ratio uses previous valid MTM alert_state; hedged_return = unhedged_return * (1 - hedge_ratio)
2025-09-30,2025,Mixed,watch,,,,,1.908579,2.369196,-11.216108,-8.311032,1.139703,1.139463,-2.084982,-2.084982,hedge ratio uses previous valid MTM alert_state; hedged_return = unhedged_return * (1 - hedge_ratio)
2025-10-01,2025,Mixed,watch,,,,,1.908579,2.369196,-11.216108,-8.311032,1.139703,1.139463,-2.084982,-2.084982,hedge ratio uses previous valid MTM alert_state; hedged_return = unhedged_return * (1 - hedge_ratio)
2025-10-02,2025,Mixed,watch,,,,,1.908579,2.369196,-11.216108,-8.311032,1.139703,1.139463,-2.084982,-2.084982,hedge ratio uses previous valid MTM alert_state; hedged_return = unhedged_return * (1 - hedge_ratio)
2025-10-03,2025,Mixed,watch,,,,,1.908579,2.369196,-11.216108,-8.311032,1.139703,1.139463,-2.084982,-2.084982,hedge ratio uses previous valid MTM alert_state; hedged_return = unhedged_return * (1 - hedge_ratio)
2025-10-04,2025,Mixed,normal,watch,0,1.549422,1.549422,1.938151,2.405905,-9.84047,-6.890383,1.168345,1.168125,-2.084982,-2.084982,hedge ratio uses previous valid MTM alert_state; hedged_return = unhedged_return * (1 - hedge_ratio)
2025-10-05,2025,Mixed,normal,normal,0,0.480011,0.480011,1.947454,2.417453,-9.407695,-6.443446,1.138838,1.138626,-2.084982,-2.084982,hedge ratio uses previous valid MTM alert_state; hedged_return = unhedged_return * (1 - hedge_ratio)
2025-10-06,2025,Mixed,normal,normal,0,1.133113,1.133113,1.969521,2.444846,-8.381182,-5.383345,1.138495,1.138296,-1.906718,-1.906718,hedge ratio uses previous valid MTM alert_state; hedged_return = unhedged_return * (1 - hedge_ratio)
2025-10-07,2025,Mixed,normal,normal,0,-0.342567,-0.342567,1.962774,2.43647,-8.695037,-5.70747,1.106997,1.106805,-1.906718,-1.906718,hedge ratio uses previous valid MTM alert_state; hedged_return = unhedged_return * (1 - hedge_ratio)
2025-10-08,2025,Mixed,normal,normal,0,-0.32584,-0.32584,1.956379,2.428531,-8.992546,-6.014713,1.076237,1.076051,-1.906718,-1.906718,hedge ratio uses previous valid MTM alert_state; hedged_return = unhedged_return * (1 - hedge_ratio)
2025-10-09,2025,Mixed,normal,normal,0,-0.596817,-0.596817,1.944703,2.414038,-9.535693,-6.575633,1.053642,1.053463,-1.906718,-1.906718,hedge ratio uses previous valid MTM alert_state; hedged_return = unhedged_return * (1 - hedge_ratio)
2025-10-10,2025,Mixed,normal,normal,0,-0.798273,-0.798273,1.929179,2.394767,-10.257846,-7.321415,1.040089,1.039919,-1.906718,-1.906718,hedge ratio uses previous valid MTM alert_state; hedged_return = unhedged_return * (1 - hedge_ratio)
2025-10-11,2025,Mixed,normal,normal,0,-7.368192,-7.368192,1.787033,2.218316,-16.87022,-14.150151,2.067436,2.067356,-1.64831,-1.64831,hedge ratio uses previous valid MTM alert_state; hedged_return = unhedged_return * (1 - hedge_ratio)
2025-10-12,2025,Mixed,normal,normal,0,-0.874418,-0.874418,1.771407,2.198919,-17.597122,-14.900837,2.015865,2.015788,-1.906718,-1.906718,hedge ratio uses previous valid MTM alert_state; hedged_return = unhedged_return * (1 - hedge_ratio)
2025-10-13,2025,Mixed,normal,normal,0,3.74383,3.74383,1.837725,2.281242,-14.512098,-11.71487,2.158904,2.158836,-1.906718,-1.906718,hedge ratio uses previous valid MTM alert_state; hedged_return = unhedged_return * (1 - hedge_ratio)
2025-10-14,2025,Mixed,normal,normal,0,-3.781311,-3.781311,1.768235,2.194982,-17.744661,-15.053205,2.288911,2.28885,-1.906718,-1.906718,hedge ratio uses previous valid MTM alert_state; hedged_return = unhedged_return * (1 - hedge_ratio)
2025-10-15,2025,Mixed,normal,normal,0,0.54825,0.54825,1.77793,2.207015,-17.293696,-14.587484,2.223241,2.223182,-3.020697,-3.020697,hedge ratio uses previous valid MTM alert_state; hedged_return = unhedged_return * (1 - hedge_ratio)
2025-10-16,2025,Mixed,normal,normal,0,-0.597024,-0.597024,1.767315,2.193839,-17.787473,-15.097417,2.160467,2.160411,-3.020697,-3.020697,hedge ratio uses previous valid MTM alert_state; hedged_return = unhedged_return * (1 - hedge_ratio)
2025-10-17,2025,Mixed,normal,normal,0,-5.527306,-5.527306,1.66963,2.072579,-22.331611,-19.790243,2.494119,2.494073,-3.020697,-3.020697,hedge ratio uses previous valid MTM alert_state; hedged_return = unhedged_return * (1 - hedge_ratio)
2025-10-18,2025,Mixed,normal,normal,0,1.300458,1.300458,1.691343,2.099532,-21.321566,-18.747149,2.439029,2.438985,-4.741608,-4.741608,hedge ratio uses previous valid MTM alert_state; hedged_return = unhedged_return * (1 - hedge_ratio)
2025-10-19,2025,Mixed,normal,normal,0,0.743336,0.743336,1.703915,2.115138,-20.736721,-18.143167,2.371726,2.371683,-4.741608,-4.741608,hedge ratio uses previous valid MTM alert_state; hedged_return = unhedged_return * (1 - hedge_ratio)
2025-10-20,2025,Mixed,watch,normal,0,2.299573,2.299573,1.743098,2.163778,-18.914004,-16.260809,2.367459,2.367418,-4.741608,-4.741608,hedge ratio uses previous valid MTM alert_state; hedged_return = unhedged_return * (1 - hedge_ratio)
2025-10-21,2025,Mixed,watch,watch,0,-1.362367,-1.362367,1.719351,2.134299,-20.018693,-17.401644,2.319468,2.319429,-4.741608,-4.741608,hedge ratio uses previous valid MTM alert_state; hedged_return = unhedged_return * (1 - hedge_ratio)
2025-10-22,2025,Mixed,watch,watch,0,0.211894,0.211894,1.722994,2.138821,-19.849217,-17.226623,2.249406,2.249369,-4.741608,-4.741608,hedge ratio uses previous valid MTM alert_state; hedged_return = unhedged_return * (1 - hedge_ratio)
2025-10-23,2025,Mixed,watch,watch,0,0.946231,0.946231,1.739297,2.15906,-19.090806,-16.443396,2.193162,2.193126,-4.741608,-4.741608,hedge ratio uses previous valid MTM alert_state; hedged_return = unhedged_return * (1 - hedge_ratio)
2025-10-24,2025,Mixed,watch,watch,0,1.14725,1.14725,1.759251,2.183829,-18.162575,-15.484793,2.144839,2.144804,-4.741608,-4.741608,hedge ratio uses previous valid MTM alert_state; hedged_return = unhedged_return * (1 - hedge_ratio)
2025-10-25,2025,Mixed,watch,watch,0,0.682591,0.682591,1.77126,2.198736,-17.60396,-14.9079,2.086209,2.086176,-4.741608,-4.741608,hedge ratio uses previous valid MTM alert_state; hedged_return = unhedged_return * (1 - hedge_ratio)
2025-10-26,2025,Mixed,watch,watch,0,1.374863,1.374863,1.795612,2.228966,-16.471127,-13.738,2.0505,2.050468,-4.741608,-4.741608,hedge ratio uses previous valid MTM alert_state; hedged_return = unhedged_return * (1 - hedge_ratio)
2025-10-27,2025,Mixed,watch,watch,0,1.260791,1.260791,1.818251,2.257068,-15.418003,-12.650416,2.011878,2.011847,-4.741608,-4.741608,hedge ratio uses previous valid MTM alert_state; hedged_return = unhedged_return * (1 - hedge_ratio)
2025-10-28,2025,Mixed,watch,watch,0,0.443595,0.443595,1.826317,2.267081,-15.042801,-12.262938,1.953612,1.953582,-4.741608,-4.741608,hedge ratio uses previous valid MTM alert_state; hedged_return = unhedged_return * (1 - hedge_ratio)
2025-10-29,2025,Mixed,watch,watch,0,-1.774538,-1.774538,1.793908,2.22685,-16.550399,-13.819866,1.943333,1.943305,-4.741608,-4.741608,hedge ratio uses previous valid MTM alert_state; hedged_return = unhedged_return * (1 - hedge_ratio)
2025-10-30,2025,Mixed,watch,watch,0,-4.29694,-4.29694,1.716825,2.131164,-20.136178,-17.522974,2.158187,2.158163,-4.741608,-4.741608,hedge ratio uses previous valid MTM alert_state; hedged_return = unhedged_return * (1 - hedge_ratio)
2025-10-31,2025,Mixed,watch,,,,,1.716825,2.131164,-20.136178,-17.522974,2.158187,2.158163,-4.973641,-4.973641,hedge ratio uses previous valid MTM alert_state; hedged_return = unhedged_return * (1 - hedge_ratio)
2025-11-01,2025,Mixed,watch,,,,,1.716825,2.131164,-20.136178,-17.522974,2.158187,2.158163,-4.973641,-4.973641,hedge ratio uses previous valid MTM alert_state; hedged_return = unhedged_return * (1 - hedge_ratio)
2025-11-02,2025,Mixed,watch,,,,,1.716825,2.131164,-20.136178,-17.522974,2.158187,2.158163,-4.973641,-4.973641,hedge ratio uses previous valid MTM alert_state; hedged_return = unhedged_return * (1 - hedge_ratio)
2025-11-03,2025,Mixed,watch,,,,,1.716825,2.131164,-20.136178,-17.522974,2.158187,2.158163,-4.973641,-4.973641,hedge ratio uses previous valid MTM alert_state; hedged_return = unhedged_return * (1 - hedge_ratio)
2025-11-04,2025,Mixed,watch,,,,,1.716825,2.131164,-20.136178,-17.522974,2.158187,2.158163,-4.973641,-4.973641,hedge ratio uses previous valid MTM alert_state; hedged_return = unhedged_return * (1 - hedge_ratio)
2025-11-05,2025,Mixed,watch,,,,,1.716825,2.131164,-20.136178,-17.522974,2.158187,2.158163,-4.973641,-4.973641,hedge ratio uses previous valid MTM alert_state; hedged_return = unhedged_return * (1 - hedge_ratio)
2025-11-06,2025,Mixed,watch,,,,,1.716825,2.131164,-20.136178,-17.522974,2.158187,2.158163,-4.973641,-4.973641,hedge ratio uses previous valid MTM alert_state; hedged_return = unhedged_return * (1 - hedge_ratio)
2025-11-07,2025,Mixed,watch,,,,,1.716825,2.131164,-20.136178,-17.522974,2.158187,2.158163,-4.973641,-4.973641,hedge ratio uses previous valid MTM alert_state; hedged_return = unhedged_return * (1 - hedge_ratio)
2025-11-08,2025,Mixed,watch,watch,0,1.206229,1.206229,1.737534,2.156871,-19.172838,-16.528112,2.113198,2.113175,-4.973641,-4.973641,hedge ratio uses previous valid MTM alert_state; hedged_return = unhedged_return * (1 - hedge_ratio)
2025-11-09,2025,Mixed,watch,watch,0,1.018439,1.018439,1.75523,2.178837,-18.349663,-15.678002,2.063953,2.063931,-4.973641,-4.973641,hedge ratio uses previous valid MTM alert_state; hedged_return = unhedged_return * (1 - hedge_ratio)
2025-11-10,2025,Mixed,watch,watch,0,1.422783,1.422783,1.780203,2.209837,-17.187955,-14.478283,2.031198,2.031177,-4.973641,-4.973641,hedge ratio uses previous valid MTM alert_state; hedged_return = unhedged_return * (1 - hedge_ratio)
2025-11-11,2025,Mixed,watch,watch,0,0.030171,0.030171,1.78074,2.210504,-17.16297,-14.45248,1.969333,1.969313,-4.973641,-4.973641,hedge ratio uses previous valid MTM alert_state; hedged_return = unhedged_return * (1 - hedge_ratio)
2025-11-12,2025,Mixed,watch,watch,0,-0.209065,-0.209065,1.777017,2.205883,-17.336153,-14.63133,1.910026,1.910007,-4.973641,-4.973641,hedge ratio uses previous valid MTM alert_state; hedged_return = unhedged_return * (1 - hedge_ratio)
2025-11-13,2025,Mixed,watch,watch,0,-1.008951,-1.008951,1.759088,2.183626,-18.170191,-15.492658,1.868258,1.868239,-4.973641,-4.973641,hedge ratio uses previous valid MTM alert_state; hedged_return = unhedged_return * (1 - hedge_ratio)
2025-11-14,2025,Mixed,stress,watch,0,-6.811762,-6.811762,1.639263,2.034883,-23.744243,-21.249097,2.462716,2.462702,-4.973641,-4.973641,hedge ratio uses previous valid MTM alert_state; hedged_return = unhedged_return * (1 - hedge_ratio)
2025-11-15,2025,Mixed,stress,stress,0.25,-0.008127,-0.006095,1.63913,2.034759,-23.75044,-21.253897,2.387693,2.387679,-6.233757,-6.233757,hedge ratio uses previous valid MTM alert_state; hedged_return = unhedged_return * (1 - hedge_ratio)
2025-11-16,2025,Mixed,stress,stress,0.25,-0.800915,-0.600686,1.626002,2.022536,-24.361134,-21.726914,2.323252,2.319612,-6.233757,-6.233757,hedge ratio uses previous valid MTM alert_state; hedged_return = unhedged_return * (1 - hedge_ratio)
2025-11-17,2025,Mixed,stress,stress,0.25,-0.448641,-0.336481,1.618707,2.015731,-24.700481,-21.990288,2.255155,2.250457,-6.233757,-6.233757,hedge ratio uses previous valid MTM alert_state; hedged_return = unhedged_return * (1 - hedge_ratio)
2025-11-18,2025,Mixed,watch,,,,,1.618707,2.015731,-24.700481,-21.990288,2.255155,2.250457,-6.233757,-6.233757,hedge ratio uses previous valid MTM alert_state; hedged_return = unhedged_return * (1 - hedge_ratio)
2025-11-19,2025,Mixed,stress,,,,,1.618707,2.015731,-24.700481,-21.990288,2.255155,2.250457,-6.233757,-6.233757,hedge ratio uses previous valid MTM alert_state; hedged_return = unhedged_return * (1 - hedge_ratio)
2025-11-20,2025,Mixed,stress,stress,0.25,-0.935165,-0.701374,1.603569,2.001593,-25.404656,-22.537428,2.198421,2.188652,-6.233757,-6.233757,hedge ratio uses previous valid MTM alert_state; hedged_return = unhedged_return * (1 - hedge_ratio)
2025-11-21,2025,Mixed,stress,stress,0.25,-8.522184,-6.391638,1.46691,1.873658,-31.761809,-27.488555,2.983409,2.637038,-4.973641,-4.973641,hedge ratio uses previous valid MTM alert_state; hedged_return = unhedged_return * (1 - hedge_ratio)
2025-11-22,2025,Mixed,stress,stress,0.25,0.38671,0.290033,1.472583,1.879093,-31.497925,-27.278248,2.894073,2.55769,-6.233757,-6.002689,hedge ratio uses previous valid MTM alert_state; hedged_return = unhedged_return * (1 - hedge_ratio)
2025-11-23,2025,Mixed,stress,stress,0.25,1.513341,1.135006,1.494868,1.90042,-30.461255,-26.452852,2.830288,2.495309,-6.233757,-6.002689,hedge ratio uses previous valid MTM alert_state; hedged_return = unhedged_return * (1 - hedge_ratio)
2025-11-24,2025,Mixed,stress,stress,0.25,0.458937,0.344203,1.501728,1.906962,-30.142116,-26.199701,2.746368,2.42076,-6.233757,-6.002689,hedge ratio uses previous valid MTM alert_state; hedged_return = unhedged_return * (1 - hedge_ratio)
2025-11-25,2025,Mixed,stress,stress,0.25,0.599263,0.449447,1.510728,1.915533,-29.723483,-25.868008,2.666745,2.349595,-6.233757,-6.002689,hedge ratio uses previous valid MTM alert_state; hedged_return = unhedged_return * (1 - hedge_ratio)
2025-11-26,2025,Mixed,stress,stress,0.25,0.92198,0.691485,1.524656,1.928778,-29.075548,-25.355396,2.59535,2.284305,-6.233757,-6.002689,hedge ratio uses previous valid MTM alert_state; hedged_return = unhedged_return * (1 - hedge_ratio)
2025-11-27,2025,Mixed,watch,stress,0.25,1.852249,1.389187,1.552897,1.955573,-27.76185,-24.318443,2.556861,2.240705,-5.680092,-5.449024,hedge ratio uses previous valid MTM alert_state; hedged_return = unhedged_return * (1 - hedge_ratio)
2025-11-28,2025,Mixed,watch,,,,,1.552897,1.955573,-27.76185,-24.318443,2.556861,2.240705,-5.680092,-5.449024,hedge ratio uses previous valid MTM alert_state; hedged_return = unhedged_return * (1 - hedge_ratio)
2025-11-29,2025,Mixed,watch,,,,,1.552897,1.955573,-27.76185,-24.318443,2.556861,2.240705,-5.680092,-5.449024,hedge ratio uses previous valid MTM alert_state; hedged_return = unhedged_return * (1 - hedge_ratio)
2025-11-30,2025,Mixed,watch,,,,,1.552897,1.955573,-27.76185,-24.318443,2.556861,2.240705,-5.680092,-5.449024,hedge ratio uses previous valid MTM alert_state; hedged_return = unhedged_return * (1 - hedge_ratio)
2025-12-01,2025,Mixed,watch,,,,,1.552897,1.955573,-27.76185,-24.318443,2.556861,2.240705,-5.680092,-5.449024,hedge ratio uses previous valid MTM alert_state; hedged_return = unhedged_return * (1 - hedge_ratio)
2025-12-02,2025,Mixed,watch,,,,,1.552897,1.955573,-27.76185,-24.318443,2.556861,2.240705,-5.680092,-5.449024,hedge ratio uses previous valid MTM alert_state; hedged_return = unhedged_return * (1 - hedge_ratio)
2025-12-03,2025,Mixed,watch,,,,,1.552897,1.955573,-27.76185,-24.318443,2.556861,2.240705,-5.680092,-5.449024,hedge ratio uses previous valid MTM alert_state; hedged_return = unhedged_return * (1 - hedge_ratio)
2025-12-04,2025,Mixed,watch,,,,,1.552897,1.955573,-27.76185,-24.318443,2.556861,2.240705,-5.680092,-5.449024,hedge ratio uses previous valid MTM alert_state; hedged_return = unhedged_return * (1 - hedge_ratio)
2025-12-05,2025,Mixed,watch,,,,,1.552897,1.955573,-27.76185,-24.318443,2.556861,2.240705,-5.680092,-5.449024,hedge ratio uses previous valid MTM alert_state; hedged_return = unhedged_return * (1 - hedge_ratio)
2025-12-06,2025,Mixed,watch,watch,0,-0.340386,-0.340386,1.547611,1.948916,-28.007739,-24.576052,2.480371,2.174043,-5.680092,-5.449024,hedge ratio uses previous valid MTM alert_state; hedged_return = unhedged_return * (1 - hedge_ratio)
2025-12-07,2025,Mixed,watch,watch,0,-1.893342,-1.893342,1.518309,1.912016,-29.370799,-26.004086,2.44912,2.158231,-5.680092,-5.449024,hedge ratio uses previous valid MTM alert_state; hedged_return = unhedged_return * (1 - hedge_ratio)
2025-12-08,2025,Mixed,watch,watch,0,2.931734,2.931734,1.562822,1.968072,-27.300138,-23.834722,2.480726,2.212281,-5.680092,-5.449024,hedge ratio uses previous valid MTM alert_state; hedged_return = unhedged_return * (1 - hedge_ratio)
2025-12-09,2025,Mixed,watch,watch,0,-0.300884,-0.300884,1.55812,1.96215,-27.518881,-24.063891,2.406282,2.146152,-5.680092,-5.449024,hedge ratio uses previous valid MTM alert_state; hedged_return = unhedged_return * (1 - hedge_ratio)
2025-12-10,2025,Mixed,watch,watch,0,1.505172,1.505172,1.581572,1.991684,-26.427915,-22.920922,2.36193,2.113183,-5.680092,-5.449024,hedge ratio uses previous valid MTM alert_state; hedged_return = unhedged_return * (1 - hedge_ratio)
2025-12-11,2025,Mixed,stress,watch,0,-2.349357,-2.349357,1.544415,1.944892,-28.156386,-24.731785,2.361178,2.128093,-5.680092,-5.449024,hedge ratio uses previous valid MTM alert_state; hedged_return = unhedged_return * (1 - hedge_ratio)
2025-12-12,2025,Mixed,watch,stress,0.25,2.699827,2.02487,1.586112,1.984274,-26.216733,-23.207701,2.382854,2.122041,-5.680092,-5.449024,hedge ratio uses previous valid MTM alert_state; hedged_return = unhedged_return * (1 - hedge_ratio)
2025-12-13,2025,Mixed,stress,watch,0,-2.051156,-2.051156,1.553578,1.943573,-27.730143,-24.782831,2.364265,2.117855,-5.680092,-5.449024,hedge ratio uses previous valid MTM alert_state; hedged_return = unhedged_return * (1 - hedge_ratio)
2025-12-14,2025,Mixed,stress,stress,0.25,-1.211811,-0.908858,1.534752,1.925909,-28.605917,-25.466449,2.311379,2.065369,-5.680092,-5.449024,hedge ratio uses previous valid MTM alert_state; hedged_return = unhedged_return * (1 - hedge_ratio)
2025-12-15,2025,Mixed,stress,stress,0.25,-1.185736,-0.889302,1.516554,1.908781,-29.452462,-26.129277,2.259709,2.014263,-5.680092,-5.449024,hedge ratio uses previous valid MTM alert_state; hedged_return = unhedged_return * (1 - hedge_ratio)
2025-12-16,2025,Mixed,stress,stress,0.25,-0.605062,-0.453796,1.507378,1.90012,-29.879318,-26.4645,2.195876,1.956062,-5.680092,-5.449024,hedge ratio uses previous valid MTM alert_state; hedged_return = unhedged_return * (1 - hedge_ratio)
2025-12-17,2025,Mixed,stress,stress,0.25,2.689209,2.016907,1.547914,1.938443,-27.993627,-24.981357,2.228558,1.959766,-5.680092,-5.449024,hedge ratio uses previous valid MTM alert_state; hedged_return = unhedged_return * (1 - hedge_ratio)
2025-12-18,2025,Mixed,watch,stress,0.25,-1.377267,-1.03295,1.526595,1.91842,-28.985347,-25.756263,2.186846,1.916836,-4.80368,-4.572612,hedge ratio uses previous valid MTM alert_state; hedged_return = unhedged_return * (1 - hedge_ratio)
2025-12-19,2025,Mixed,watch,watch,0,-1.109456,-1.109456,1.509658,1.897136,-29.773223,-26.579964,2.137571,1.878206,-4.80368,-4.572612,hedge ratio uses previous valid MTM alert_state; hedged_return = unhedged_return * (1 - hedge_ratio)
2025-12-20,2025,Mixed,watch,watch,0,0.373862,0.373862,1.515303,1.904229,-29.510672,-26.305475,2.074474,1.82329,-4.80368,-4.572612,hedge ratio uses previous valid MTM alert_state; hedged_return = unhedged_return * (1 - hedge_ratio)
2025-12-21,2025,Mixed,watch,watch,0,-0.294965,-0.294965,1.510833,1.898612,-29.718591,-26.522848,2.012575,1.769221,-4.80368,-4.572612,hedge ratio uses previous valid MTM alert_state; hedged_return = unhedged_return * (1 - hedge_ratio)
2025-12-22,2025,Mixed,watch,watch,0,2.054782,2.054782,1.541877,1.937624,-28.274461,-25.013052,2.015132,1.787641,-4.80368,-4.572612,hedge ratio uses previous valid MTM alert_state; hedged_return = unhedged_return * (1 - hedge_ratio)
2025-12-23,2025,Mixed,stress,watch,0,-2.911726,-2.911726,1.496982,1.881206,-30.362912,-27.196467,2.079856,1.874196,-4.80368,-4.572612,hedge ratio uses previous valid MTM alert_state; hedged_return = unhedged_return * (1 - hedge_ratio)
2025-12-24,2025,Mixed,watch,stress,0.25,0.422003,0.316502,1.503299,1.88716,-30.069041,-26.966042,2.019143,1.818754,-5.056746,-4.825678,hedge ratio uses previous valid MTM alert_state; hedged_return = unhedged_return * (1 - hedge_ratio)
2025-12-25,2025,Mixed,watch,watch,0,0.740134,0.740134,1.514426,1.901127,-29.551459,-26.425493,1.966009,1.772642,-2.65866,-2.65866,hedge ratio uses previous valid MTM alert_state; hedged_return = unhedged_return * (1 - hedge_ratio)
