date,snapshot_time_ny,snapshot_time_utc,snapshot_timestamp,cycle_id,instrument_name,underlying_price,option_price_proxy,option_price_proxy_underlying,option_price_proxy_source,approximate_CCW_value,daily_return,daily_return_pct,rolling_peak,rolling_drawdown,rolling_drawdown_pct,EWMA_vol,EWMA_vol_pct,historical_VaR,historical_VaR_pct,underlying_price_found,option_price_found,notes
2025-01-03,10:00,15:00,1735916400000,1,BTC-10JAN25-106000-C,97024.5,349.2882,0.0036,Deribit option 1-minute OHLC close at 10:00 NY snapshot; option-denominated close converted to USD with snapshot BTC-PERPETUAL close,96675.2118,,,96675.2118,0,0,,,,,true,true,
2025-01-04,10:00,15:00,1736002800000,1,BTC-10JAN25-106000-C,98050,254.93,0.0026,Deribit option 1-minute OHLC close at 10:00 NY snapshot; option-denominated close converted to USD with snapshot BTC-PERPETUAL close,97795.07,0.011584,1.158372,97795.07,0,0,0.011584,1.158372,,,true,true,
2025-01-05,10:00,15:00,1736089200000,1,BTC-10JAN25-106000-C,97878,274.0584,0.0028,Deribit option 1-minute OHLC close at 10:00 NY snapshot; option-denominated close converted to USD with snapshot BTC-PERPETUAL close,97603.9416,-0.001954,-0.195438,97795.07,-0.001954,-0.195438,0.011241,1.124103,,,true,true,
2025-01-06,10:00,15:00,1736175600000,1,BTC-10JAN25-106000-C,100682,604.092,0.006,Deribit option 1-minute OHLC close at 10:00 NY snapshot; option-denominated close converted to USD with snapshot BTC-PERPETUAL close,100077.908,0.025347,2.534699,100077.908,0,0,0.012543,1.254302,,,true,true,
2025-01-07,10:00,15:00,1736262000000,1,BTC-10JAN25-106000-C,99883.5,159.8136,0.0016,Deribit option 1-minute OHLC close at 10:00 NY snapshot; option-denominated close converted to USD with snapshot BTC-PERPETUAL close,99723.6864,-0.003539,-0.353946,100077.908,-0.003539,-0.353946,0.012192,1.219177,,,true,true,
2025-01-08,10:00,15:00,1736348400000,1,BTC-10JAN25-106000-C,95331.5,19.0663,0.0002,Deribit option 1-minute OHLC close at 10:00 NY snapshot; option-denominated close converted to USD with snapshot BTC-PERPETUAL close,95312.4337,-0.044235,-4.423475,100077.908,-0.047618,-4.761765,0.016035,1.603508,,,true,true,
2025-01-09,10:00,15:00,1736434800000,1,BTC-10JAN25-106000-C,92788,18.5576,0.0002,Deribit option 1-minute OHLC close at 10:00 NY snapshot; option-denominated close converted to USD with snapshot BTC-PERPETUAL close,92769.4424,-0.026681,-2.668058,100077.908,-0.073028,-7.302776,0.016864,1.686439,,,true,true,
2025-01-10,10:00,15:00,1736521200000,2,BTC-17JAN25-104000-C,93687,281.061,0.003,Deribit option 1-minute OHLC close at 10:00 NY snapshot; option-denominated close converted to USD with snapshot BTC-PERPETUAL close,93405.939,0.006861,0.686106,100077.908,-0.066668,-6.666775,0.016437,1.643677,,,true,true,
2025-01-11,10:00,15:00,1736607600000,2,BTC-17JAN25-104000-C,94566.5,208.0463,0.0022,Deribit option 1-minute OHLC close at 10:00 NY snapshot; option-denominated close converted to USD with snapshot BTC-PERPETUAL close,94358.4537,0.010198,1.019758,100077.908,-0.05715,-5.715002,0.016131,1.613062,,,true,true,
2025-01-12,10:00,15:00,1736694000000,2,BTC-17JAN25-104000-C,94762,217.9526,0.0023,Deribit option 1-minute OHLC close at 10:00 NY snapshot; option-denominated close converted to USD with snapshot BTC-PERPETUAL close,94544.0474,0.001967,0.19669,100077.908,-0.055296,-5.529553,0.015647,1.564664,,,true,true,
2025-01-13,10:00,15:00,1736780400000,2,BTC-17JAN25-104000-C,91893,101.0823,0.0011,Deribit option 1-minute OHLC close at 10:00 NY snapshot; option-denominated close converted to USD with snapshot BTC-PERPETUAL close,91791.9177,-0.029109,-2.91095,100077.908,-0.082795,-8.27954,0.016762,1.676216,,,true,true,
2025-01-14,10:00,15:00,1736866800000,2,BTC-17JAN25-104000-C,96224.5,230.9388,0.0024,Deribit option 1-minute OHLC close at 10:00 NY snapshot; option-denominated close converted to USD with snapshot BTC-PERPETUAL close,95993.5612,0.045774,4.577357,100077.908,-0.040812,-4.081167,0.019744,1.974398,,,true,true,
2025-01-15,10:00,15:00,1736953200000,2,BTC-17JAN25-104000-C,99718,259.2668,0.0026,Deribit option 1-minute OHLC close at 10:00 NY snapshot; option-denominated close converted to USD with snapshot BTC-PERPETUAL close,99458.7332,0.036098,3.609796,100077.908,-0.006187,-0.618693,0.021086,2.1086,,,true,true,
2025-01-16,10:00,15:00,1737039600000,2,BTC-17JAN25-104000-C,97428.5,19.4857,0.0002,Deribit option 1-minute OHLC close at 10:00 NY snapshot; option-denominated close converted to USD with snapshot BTC-PERPETUAL close,97409.0143,-0.020609,-2.060874,100077.908,-0.026668,-2.666816,0.021058,2.105767,,,true,true,
2025-01-17,10:00,15:00,1737126000000,3,BTC-24JAN25-112000-C,103426.5,827.412,0.008,Deribit option 1-minute OHLC close at 10:00 NY snapshot; option-denominated close converted to USD with snapshot BTC-PERPETUAL close,102599.088,0.053281,5.328125,102599.088,0,0,0.024231,2.423124,,,true,true,
2025-01-18,10:00,15:00,1737212400000,3,BTC-24JAN25-112000-C,103976.5,1143.7415,0.011,Deribit option 1-minute OHLC close at 10:00 NY snapshot; option-denominated close converted to USD with snapshot BTC-PERPETUAL close,102832.7585,0.002278,0.227751,102832.7585,0,0,0.0235,2.349969,,,true,true,
2025-01-19,10:00,15:00,1737298800000,3,BTC-24JAN25-112000-C,105165.5,1577.4825,0.015,Deribit option 1-minute OHLC close at 10:00 NY snapshot; option-denominated close converted to USD with snapshot BTC-PERPETUAL close,103588.0175,0.007345,0.734454,103588.0175,0,0,0.022855,2.285471,,,true,true,
2025-01-20,10:00,15:00,1737385200000,3,BTC-24JAN25-112000-C,107605,2205.9025,0.0205,Deribit option 1-minute OHLC close at 10:00 NY snapshot; option-denominated close converted to USD with snapshot BTC-PERPETUAL close,105399.0975,0.017483,1.748349,105399.0975,0,0,0.022569,2.256851,,,true,true,
2025-01-21,10:00,15:00,1737471600000,3,BTC-24JAN25-112000-C,103344.5,506.38805,0.0049,Deribit option 1-minute OHLC close at 10:00 NY snapshot; option-denominated close converted to USD with snapshot BTC-PERPETUAL close,102838.11195,-0.024298,-2.429798,105399.0975,-0.024298,-2.429798,0.022676,2.2676,,,true,true,
2025-01-22,10:00,15:00,1737558000000,3,BTC-24JAN25-112000-C,104269.5,156.40425,0.0015,Deribit option 1-minute OHLC close at 10:00 NY snapshot; option-denominated close converted to USD with snapshot BTC-PERPETUAL close,104113.09575,0.012398,1.239797,105399.0975,-0.012201,-1.220126,0.022194,2.219395,,,true,true,
2025-01-23,10:00,15:00,1737644400000,3,BTC-24JAN25-112000-C,105127,168.2032,0.0016,Deribit option 1-minute OHLC close at 10:00 NY snapshot; option-denominated close converted to USD with snapshot BTC-PERPETUAL close,104958.7968,0.008123,0.812291,105399.0975,-0.004177,-0.417746,0.02161,2.160963,,,true,true,
2025-01-24,10:00,15:00,1737730800000,4,BTC-31JAN25-116000-C,105900.5,635.403,0.006,Deribit option 1-minute OHLC close at 10:00 NY snapshot; option-denominated close converted to USD with snapshot BTC-PERPETUAL close,105265.097,0.002918,0.291829,105399.0975,-0.001271,-0.127136,0.020964,2.096351,,,true,true,
2025-01-25,10:00,15:00,1737817200000,4,BTC-31JAN25-116000-C,104724.5,303.70105,0.0029,Deribit option 1-minute OHLC close at 10:00 NY snapshot; option-denominated close converted to USD with snapshot BTC-PERPETUAL close,104420.79895,-0.008021,-0.802068,105399.0975,-0.009282,-0.928185,0.02042,2.041961,,,true,true,
2025-01-26,10:00,15:00,1737903600000,4,BTC-31JAN25-116000-C,104968,314.904,0.003,Deribit option 1-minute OHLC close at 10:00 NY snapshot; option-denominated close converted to USD with snapshot BTC-PERPETUAL close,104653.096,0.002225,0.222462,105399.0975,-0.007078,-0.707787,0.019805,1.980504,,,true,true,
2025-01-27,10:00,15:00,1737990000000,4,BTC-31JAN25-116000-C,101913.5,163.0616,0.0016,Deribit option 1-minute OHLC close at 10:00 NY snapshot; option-denominated close converted to USD with snapshot BTC-PERPETUAL close,101750.4384,-0.027736,-2.773599,105399.0975,-0.034618,-3.461756,0.020368,2.036817,,,true,true,
2025-01-28,10:00,15:00,1738076400000,4,BTC-31JAN25-116000-C,102805.5,61.6833,0.0006,Deribit option 1-minute OHLC close at 10:00 NY snapshot; option-denominated close converted to USD with snapshot BTC-PERPETUAL close,102743.8167,0.009763,0.976289,105399.0975,-0.025193,-2.519263,0.019892,1.989194,,,true,true,
2025-01-29,10:00,15:00,1738162800000,4,BTC-31JAN25-116000-C,102026.5,51.01325,0.0005,Deribit option 1-minute OHLC close at 10:00 NY snapshot; option-denominated close converted to USD with snapshot BTC-PERPETUAL close,101975.48675,-0.007478,-0.747811,105399.0975,-0.032482,-3.248235,0.019373,1.937275,,,true,true,
2025-01-30,10:00,15:00,1738249200000,4,BTC-31JAN25-116000-C,105967,21.1934,0.0002,Deribit option 1-minute OHLC close at 10:00 NY snapshot; option-denominated close converted to USD with snapshot BTC-PERPETUAL close,105945.8066,0.038934,3.893406,105945.8066,0,0,0.021065,2.106506,,,true,true,
2025-01-31,10:00,15:00,1738335600000,5,,104583,,,,,,,105945.8066,,,0.021065,2.106506,,,true,false,missing_observed_option_instrument; synthetic/theoretical cycle excluded from option valuation
2025-02-01,10:00,15:00,1738422000000,5,,101878,,,,,,,105945.8066,,,0.021065,2.106506,,,true,false,missing_observed_option_instrument; synthetic/theoretical cycle excluded from option valuation
2025-02-02,10:00,15:00,1738508400000,5,,99091,,,,,,,105945.8066,,,0.021065,2.106506,,,true,false,missing_observed_option_instrument; synthetic/theoretical cycle excluded from option valuation
2025-02-03,10:00,15:00,1738594800000,5,,96455,,,,,,,105945.8066,,,0.021065,2.106506,,,true,false,missing_observed_option_instrument; synthetic/theoretical cycle excluded from option valuation
2025-02-04,10:00,15:00,1738681200000,5,,100191.5,,,,,,,105945.8066,,,0.021065,2.106506,,,true,false,missing_observed_option_instrument; synthetic/theoretical cycle excluded from option valuation
2025-02-05,10:00,15:00,1738767600000,5,,98514.5,,,,,,,105945.8066,,,0.021065,2.106506,,,true,false,missing_observed_option_instrument; synthetic/theoretical cycle excluded from option valuation
2025-02-06,10:00,15:00,1738854000000,5,,98014.5,,,,,,,105945.8066,,,0.021065,2.106506,,,true,false,missing_observed_option_instrument; synthetic/theoretical cycle excluded from option valuation
2025-02-07,10:00,15:00,1738940400000,6,BTC-14FEB25-106000-C,99393.5,646.05775,0.0065,Deribit option 1-minute OHLC close at 10:00 NY snapshot; option-denominated close converted to USD with snapshot BTC-PERPETUAL close,98747.44225,,,105945.8066,-0.067944,-6.794383,0.021065,2.106506,,,true,true,daily_return_not_computed_across_missing_mtm_gap
2025-02-08,10:00,15:00,1739026800000,6,BTC-14FEB25-106000-C,96060,124.878,0.0013,Deribit option 1-minute OHLC close at 10:00 NY snapshot; option-denominated close converted to USD with snapshot BTC-PERPETUAL close,95935.122,-0.02848,-2.847993,105945.8066,-0.094489,-9.448873,0.021582,2.158192,,,true,true,
2025-02-09,10:00,15:00,1739113200000,6,BTC-14FEB25-106000-C,96185,115.422,0.0012,Deribit option 1-minute OHLC close at 10:00 NY snapshot; option-denominated close converted to USD with snapshot BTC-PERPETUAL close,96069.578,0.001402,0.140153,105945.8066,-0.09322,-9.321963,0.020927,2.092726,,,true,true,
2025-02-10,10:00,15:00,1739199600000,6,BTC-14FEB25-106000-C,97374,136.3236,0.0014,Deribit option 1-minute OHLC close at 10:00 NY snapshot; option-denominated close converted to USD with snapshot BTC-PERPETUAL close,97237.6764,0.012159,1.215888,105945.8066,-0.082194,-8.219419,0.020507,2.050716,,,true,true,
2025-02-11,10:00,15:00,1739286000000,6,BTC-14FEB25-106000-C,97049.5,58.2297,0.0006,Deribit option 1-minute OHLC close at 10:00 NY snapshot; option-denominated close converted to USD with snapshot BTC-PERPETUAL close,96991.2703,-0.002534,-0.253406,105945.8066,-0.08452,-8.451997,0.019892,1.989211,-0.028826,-2.882619,true,true,
2025-02-12,10:00,15:00,1739372400000,6,BTC-14FEB25-106000-C,95459,9.5459,0.0001,Deribit option 1-minute OHLC close at 10:00 NY snapshot; option-denominated close converted to USD with snapshot BTC-PERPETUAL close,95449.4541,-0.015896,-1.589644,105945.8066,-0.099073,-9.907285,0.019675,1.967527,-0.028826,-2.882619,true,true,
2025-02-13,10:00,15:00,1739458800000,6,BTC-14FEB25-106000-C,95810,9.581,0.0001,Deribit option 1-minute OHLC close at 10:00 NY snapshot; option-denominated close converted to USD with snapshot BTC-PERPETUAL close,95800.419,0.003677,0.367697,105945.8066,-0.09576,-9.576016,0.019097,1.909713,-0.028826,-2.882619,true,true,
2025-02-14,10:00,15:00,1739545200000,7,BTC-21FEB25-107000-C,97279.5,175.1031,0.0018,Deribit option 1-minute OHLC close at 10:00 NY snapshot; option-denominated close converted to USD with snapshot BTC-PERPETUAL close,97104.3969,0.013611,1.36114,105945.8066,-0.083452,-8.345219,0.018813,1.881315,-0.028826,-2.882619,true,true,
2025-02-15,10:00,15:00,1739631600000,7,BTC-21FEB25-107000-C,97665,156.264,0.0016,Deribit option 1-minute OHLC close at 10:00 NY snapshot; option-denominated close converted to USD with snapshot BTC-PERPETUAL close,97508.736,0.004164,0.416396,105945.8066,-0.079636,-7.963572,0.018269,1.826852,-0.028826,-2.882619,true,true,
2025-02-16,10:00,15:00,1739718000000,7,BTC-21FEB25-107000-C,96984.5,106.68295,0.0011,Deribit option 1-minute OHLC close at 10:00 NY snapshot; option-denominated close converted to USD with snapshot BTC-PERPETUAL close,96877.81705,-0.00647,-0.647038,105945.8066,-0.085591,-8.559083,0.017783,1.778276,-0.028145,-2.814516,true,true,
2025-02-17,10:00,15:00,1739804400000,7,BTC-21FEB25-107000-C,96889,67.8223,0.0007,Deribit option 1-minute OHLC close at 10:00 NY snapshot; option-denominated close converted to USD with snapshot BTC-PERPETUAL close,96821.1777,-0.000585,-0.058465,105945.8066,-0.086125,-8.612544,0.017242,1.724162,-0.028145,-2.814516,true,true,
2025-02-18,10:00,15:00,1739890800000,7,BTC-21FEB25-107000-C,95457,19.0914,0.0002,Deribit option 1-minute OHLC close at 10:00 NY snapshot; option-denominated close converted to USD with snapshot BTC-PERPETUAL close,95437.9086,-0.014287,-1.428684,105945.8066,-0.099182,-9.918182,0.017079,1.707875,-0.028145,-2.814516,true,true,
2025-02-19,10:00,15:00,1739977200000,7,BTC-21FEB25-107000-C,95771.5,19.1543,0.0002,Deribit option 1-minute OHLC close at 10:00 NY snapshot; option-denominated close converted to USD with snapshot BTC-PERPETUAL close,95752.3457,0.003295,0.329468,105945.8066,-0.096214,-9.621392,0.016578,1.657812,-0.028145,-2.814516,true,true,
2025-02-20,10:00,15:00,1740063600000,7,BTC-21FEB25-107000-C,96987.5,9.69875,0.0001,Deribit option 1-minute OHLC close at 10:00 NY snapshot; option-denominated close converted to USD with snapshot BTC-PERPETUAL close,96977.80125,0.012798,1.279818,105945.8066,-0.084647,-8.46471,0.016376,1.637595,-0.028145,-2.814516,true,true,
2025-02-21,10:00,15:00,1740150000000,8,BTC-28FEB25-108000-C,98817,237.1608,0.0024,Deribit option 1-minute OHLC close at 10:00 NY snapshot; option-denominated close converted to USD with snapshot BTC-PERPETUAL close,98579.8392,0.01652,1.651964,105945.8066,-0.069526,-6.95258,0.016385,1.63846,-0.026189,-2.618889,true,true,
2025-02-22,10:00,15:00,1740236400000,8,BTC-28FEB25-108000-C,96535.5,106.18905,0.0011,Deribit option 1-minute OHLC close at 10:00 NY snapshot; option-denominated close converted to USD with snapshot BTC-PERPETUAL close,96429.31095,-0.021815,-2.181509,105945.8066,-0.089824,-8.982418,0.01676,1.676013,-0.026189,-2.618889,true,true,
2025-02-23,10:00,15:00,1740322800000,8,BTC-28FEB25-108000-C,95588.5,66.91195,0.0007,Deribit option 1-minute OHLC close at 10:00 NY snapshot; option-denominated close converted to USD with snapshot BTC-PERPETUAL close,95521.58805,-0.009413,-0.941335,105945.8066,-0.098392,-9.839199,0.016412,1.641232,-0.026189,-2.618889,true,true,
2025-02-24,10:00,15:00,1740409200000,8,BTC-28FEB25-108000-C,94664,37.8656,0.0004,Deribit option 1-minute OHLC close at 10:00 NY snapshot; option-denominated close converted to USD with snapshot BTC-PERPETUAL close,94626.1344,-0.009374,-0.937436,105945.8066,-0.106844,-10.684399,0.016077,1.607717,-0.026189,-2.618889,true,true,
2025-02-25,10:00,15:00,1740495600000,8,BTC-28FEB25-108000-C,86446,8.6446,0.0001,Deribit option 1-minute OHLC close at 10:00 NY snapshot; option-denominated close converted to USD with snapshot BTC-PERPETUAL close,86437.3554,-0.086538,-8.653824,105945.8066,-0.184136,-18.413613,0.026312,2.631157,-0.026189,-2.618889,true,true,
2025-02-26,10:00,15:00,1740582000000,8,BTC-28FEB25-108000-C,87757,8.7757,0.0001,Deribit option 1-minute OHLC close at 10:00 NY snapshot; option-denominated close converted to USD with snapshot BTC-PERPETUAL close,87748.2243,0.015166,1.516554,105945.8066,-0.171763,-17.176312,0.025779,2.577907,-0.028145,-2.814516,true,true,
2025-02-27,10:00,15:00,1740668400000,8,BTC-28FEB25-108000-C,84721,8.4721,0.0001,Deribit option 1-minute OHLC close at 10:00 NY snapshot; option-denominated close converted to USD with snapshot BTC-PERPETUAL close,84712.5279,-0.034596,-3.459553,105945.8066,-0.200416,-20.041641,0.026391,2.639125,-0.028145,-2.814516,true,true,
2025-02-28,10:00,15:00,1740754800000,9,,82194,,,,,,,105945.8066,,,0.026391,2.639125,-0.028145,-2.814516,true,false,missing_observed_option_instrument; synthetic/theoretical cycle excluded from option valuation
2025-03-01,10:00,15:00,1740841200000,9,,84610.5,,,,,,,105945.8066,,,0.026391,2.639125,-0.028145,-2.814516,true,false,missing_observed_option_instrument; synthetic/theoretical cycle excluded from option valuation
2025-03-02,10:00,15:00,1740927600000,9,,85135,,,,,,,105945.8066,,,0.026391,2.639125,-0.028145,-2.814516,true,false,missing_observed_option_instrument; synthetic/theoretical cycle excluded from option valuation
2025-03-03,10:00,15:00,1741014000000,9,,89619.5,,,,,,,105945.8066,,,0.026391,2.639125,-0.028145,-2.814516,true,false,missing_observed_option_instrument; synthetic/theoretical cycle excluded from option valuation
2025-03-04,10:00,15:00,1741100400000,9,,82702,,,,,,,105945.8066,,,0.026391,2.639125,-0.028145,-2.814516,true,false,missing_observed_option_instrument; synthetic/theoretical cycle excluded from option valuation
2025-03-05,10:00,15:00,1741186800000,9,,89292.5,,,,,,,105945.8066,,,0.026391,2.639125,-0.028145,-2.814516,true,false,missing_observed_option_instrument; synthetic/theoretical cycle excluded from option valuation
2025-03-06,10:00,15:00,1741273200000,9,,90016,,,,,,,105945.8066,,,0.026391,2.639125,-0.028145,-2.814516,true,false,missing_observed_option_instrument; synthetic/theoretical cycle excluded from option valuation
2025-03-07,10:00,15:00,1741359600000,10,BTC-14MAR25-97000-C,90310,903.1,0.01,Deribit option 1-minute OHLC close at 10:00 NY snapshot; option-denominated close converted to USD with snapshot BTC-PERPETUAL close,89406.9,,,105945.8066,-0.156107,-15.610723,0.026391,2.639125,-0.028145,-2.814516,true,true,daily_return_not_computed_across_missing_mtm_gap
2025-03-08,10:00,15:00,1741446000000,10,BTC-14MAR25-97000-C,86247.5,112.12175,0.0013,Deribit option 1-minute OHLC close at 10:00 NY snapshot; option-denominated close converted to USD with snapshot BTC-PERPETUAL close,86135.37825,-0.036591,-3.659138,105945.8066,-0.186986,-18.698643,0.027112,2.711169,-0.031844,-3.184351,true,true,
2025-03-09,10:00,14:00,1741528800000,10,BTC-14MAR25-97000-C,83550,75.195,0.0009,Deribit option 1-minute OHLC close at 10:00 NY snapshot; option-denominated close converted to USD with snapshot BTC-PERPETUAL close,83474.805,-0.030888,-3.088827,105945.8066,-0.212099,-21.209902,0.027353,2.735299,-0.035693,-3.569325,true,true,
2025-03-10,10:00,14:00,1741615200000,10,BTC-14MAR25-97000-C,81440.5,57.00835,0.0007,Deribit option 1-minute OHLC close at 10:00 NY snapshot; option-denominated close converted to USD with snapshot BTC-PERPETUAL close,81383.49165,-0.025053,-2.505323,105945.8066,-0.231838,-23.183848,0.02722,2.722049,-0.035693,-3.569325,true,true,
2025-03-11,10:00,14:00,1741701600000,10,BTC-14MAR25-97000-C,81216.5,32.4866,0.0004,Deribit option 1-minute OHLC close at 10:00 NY snapshot; option-denominated close converted to USD with snapshot BTC-PERPETUAL close,81184.0134,-0.002451,-0.245109,105945.8066,-0.233721,-23.372131,0.026398,2.639807,-0.035693,-3.569325,true,true,
2025-03-12,10:00,14:00,1741788000000,10,BTC-14MAR25-97000-C,82598.5,16.5197,0.0002,Deribit option 1-minute OHLC close at 10:00 NY snapshot; option-denominated close converted to USD with snapshot BTC-PERPETUAL close,82581.9803,0.01722,1.721973,105945.8066,-0.220526,-22.05262,0.025939,2.593912,-0.035693,-3.569325,true,true,
2025-03-13,10:00,14:00,1741874400000,10,BTC-14MAR25-97000-C,81673.5,8.16735,0.0001,Deribit option 1-minute OHLC close at 10:00 NY snapshot; option-denominated close converted to USD with snapshot BTC-PERPETUAL close,81665.33265,-0.0111,-1.109985,105945.8066,-0.229178,-22.917824,0.025295,2.529545,-0.035693,-3.569325,true,true,
2025-03-14,10:00,14:00,1741960800000,11,BTC-21MAR25-90000-C,83053.5,456.79425,0.0055,Deribit option 1-minute OHLC close at 10:00 NY snapshot; option-denominated close converted to USD with snapshot BTC-PERPETUAL close,82596.70575,0.011405,1.140475,105945.8066,-0.220387,-22.038721,0.024683,2.468344,-0.035693,-3.569325,true,true,
2025-03-15,10:00,14:00,1742047200000,11,BTC-21MAR25-90000-C,84405,346.0605,0.0041,Deribit option 1-minute OHLC close at 10:00 NY snapshot; option-denominated close converted to USD with snapshot BTC-PERPETUAL close,84058.9395,0.017703,1.770329,105945.8066,-0.206585,-20.65855,0.024321,2.432119,-0.035693,-3.569325,true,true,
2025-03-16,10:00,14:00,1742133600000,11,BTC-21MAR25-90000-C,82647,297.5292,0.0036,Deribit option 1-minute OHLC close at 10:00 NY snapshot; option-denominated close converted to USD with snapshot BTC-PERPETUAL close,82349.4708,-0.020337,-2.033655,105945.8066,-0.222721,-22.272081,0.024101,2.41007,-0.035693,-3.569325,true,true,
2025-03-17,10:00,14:00,1742220000000,11,BTC-21MAR25-90000-C,82972,199.1328,0.0024,Deribit option 1-minute OHLC close at 10:00 NY snapshot; option-denominated close converted to USD with snapshot BTC-PERPETUAL close,82772.8672,0.005141,0.514146,105945.8066,-0.218724,-21.872446,0.0234,2.340041,-0.035693,-3.569325,true,true,
2025-03-18,10:00,14:00,1742306400000,11,BTC-21MAR25-90000-C,81294.5,81.2945,0.001,Deribit option 1-minute OHLC close at 10:00 NY snapshot; option-denominated close converted to USD with snapshot BTC-PERPETUAL close,81213.2055,-0.018843,-1.884267,105945.8066,-0.233446,-23.344578,0.023152,2.315226,-0.035693,-3.569325,true,true,
2025-03-19,10:00,14:00,1742392800000,11,BTC-21MAR25-90000-C,84195.5,75.77595,0.0009,Deribit option 1-minute OHLC close at 10:00 NY snapshot; option-denominated close converted to USD with snapshot BTC-PERPETUAL close,84119.72405,0.035789,3.578874,105945.8066,-0.206012,-20.601176,0.024098,2.409804,-0.035693,-3.569325,true,true,
2025-03-20,10:00,14:00,1742479200000,11,BTC-21MAR25-90000-C,85710.5,34.2842,0.0004,Deribit option 1-minute OHLC close at 10:00 NY snapshot; option-denominated close converted to USD with snapshot BTC-PERPETUAL close,85676.2158,0.018503,1.850329,105945.8066,-0.19132,-19.132037,0.023799,2.379947,-0.035693,-3.569325,true,true,
2025-03-21,10:00,14:00,1742565600000,12,BTC-28MAR25-92000-C,83840,167.68,0.002,Deribit option 1-minute OHLC close at 10:00 NY snapshot; option-denominated close converted to USD with snapshot BTC-PERPETUAL close,83672.32,-0.023389,-2.338917,105945.8066,-0.210235,-21.023472,0.023775,2.377506,-0.035693,-3.569325,true,true,
2025-03-22,10:00,14:00,1742652000000,12,BTC-28MAR25-92000-C,84142,151.4556,0.0018,Deribit option 1-minute OHLC close at 10:00 NY snapshot; option-denominated close converted to USD with snapshot BTC-PERPETUAL close,83990.5444,0.003803,0.380322,105945.8066,-0.207231,-20.723106,0.02307,2.306959,-0.035693,-3.569325,true,true,
2025-03-23,10:00,14:00,1742738400000,12,BTC-28MAR25-92000-C,85086.5,136.1384,0.0016,Deribit option 1-minute OHLC close at 10:00 NY snapshot; option-denominated close converted to USD with snapshot BTC-PERPETUAL close,84950.3616,0.011428,1.142768,105945.8066,-0.198172,-19.817155,0.022541,2.254128,-0.035693,-3.569325,true,true,
2025-03-24,10:00,14:00,1742824800000,12,BTC-28MAR25-92000-C,87675,341.9325,0.0039,Deribit option 1-minute OHLC close at 10:00 NY snapshot; option-denominated close converted to USD with snapshot BTC-PERPETUAL close,87333.0675,0.028048,2.804821,105945.8066,-0.175682,-17.56817,0.022909,2.290905,-0.035693,-3.569325,true,true,
2025-03-25,10:00,14:00,1742911200000,12,BTC-28MAR25-92000-C,87581,148.8877,0.0017,Deribit option 1-minute OHLC close at 10:00 NY snapshot; option-denominated close converted to USD with snapshot BTC-PERPETUAL close,87432.1123,0.001134,0.11341,105945.8066,-0.174747,-17.474683,0.022213,2.221289,-0.035693,-3.569325,true,true,
2025-03-26,10:00,14:00,1742997600000,12,BTC-28MAR25-92000-C,86990.5,52.1943,0.0006,Deribit option 1-minute OHLC close at 10:00 NY snapshot; option-denominated close converted to USD with snapshot BTC-PERPETUAL close,86938.3057,-0.005648,-0.564789,105945.8066,-0.179408,-17.940777,0.021581,2.158058,-0.035693,-3.569325,true,true,
2025-03-27,10:00,14:00,1743084000000,12,BTC-28MAR25-92000-C,86603,8.6603,0.0001,Deribit option 1-minute OHLC close at 10:00 NY snapshot; option-denominated close converted to USD with snapshot BTC-PERPETUAL close,86594.3397,-0.003956,-0.395644,105945.8066,-0.182654,-18.265439,0.020946,2.094558,-0.035693,-3.569325,true,true,
2025-03-28,10:00,14:00,1743170400000,13,,85021.5,,,,,,,105945.8066,,,0.020946,2.094558,-0.035693,-3.569325,true,false,missing_observed_option_instrument; synthetic/theoretical cycle excluded from option valuation
2025-03-29,10:00,14:00,1743256800000,13,,82777,,,,,,,105945.8066,,,0.020946,2.094558,-0.035693,-3.569325,true,false,missing_observed_option_instrument; synthetic/theoretical cycle excluded from option valuation
2025-03-30,10:00,14:00,1743343200000,13,,82705.5,,,,,,,105945.8066,,,0.020946,2.094558,-0.035693,-3.569325,true,false,missing_observed_option_instrument; synthetic/theoretical cycle excluded from option valuation
2025-03-31,10:00,14:00,1743429600000,13,,82574,,,,,,,105945.8066,,,0.020946,2.094558,-0.035693,-3.569325,true,false,missing_observed_option_instrument; synthetic/theoretical cycle excluded from option valuation
2025-04-01,10:00,14:00,1743516000000,13,,83560.5,,,,,,,105945.8066,,,0.020946,2.094558,-0.035693,-3.569325,true,false,missing_observed_option_instrument; synthetic/theoretical cycle excluded from option valuation
2025-04-02,10:00,14:00,1743602400000,13,,85522,,,,,,,105945.8066,,,0.020946,2.094558,-0.035693,-3.569325,true,false,missing_observed_option_instrument; synthetic/theoretical cycle excluded from option valuation
2025-04-03,10:00,14:00,1743688800000,13,,82240.5,,,,,,,105945.8066,,,0.020946,2.094558,-0.035693,-3.569325,true,false,missing_observed_option_instrument; synthetic/theoretical cycle excluded from option valuation
2025-04-04,10:00,14:00,1743775200000,14,BTC-11APR25-92000-C,83474.5,233.7286,0.0028,Deribit option 1-minute OHLC close at 10:00 NY snapshot; option-denominated close converted to USD with snapshot BTC-PERPETUAL close,83240.7714,,,105945.8066,-0.214308,-21.430801,0.020946,2.094558,-0.035693,-3.569325,true,true,daily_return_not_computed_across_missing_mtm_gap
2025-04-05,10:00,14:00,1743861600000,14,BTC-11APR25-92000-C,82718,132.3488,0.0016,Deribit option 1-minute OHLC close at 10:00 NY snapshot; option-denominated close converted to USD with snapshot BTC-PERPETUAL close,82585.6512,-0.00787,-0.787018,105945.8066,-0.220492,-22.049155,0.020399,2.039879,-0.035693,-3.569325,true,true,
2025-04-06,10:00,14:00,1743948000000,14,BTC-11APR25-92000-C,82270,139.859,0.0017,Deribit option 1-minute OHLC close at 10:00 NY snapshot; option-denominated close converted to USD with snapshot BTC-PERPETUAL close,82130.141,-0.005516,-0.551561,105945.8066,-0.224791,-22.479102,0.019823,1.982346,-0.035693,-3.569325,true,true,
2025-04-07,10:00,14:00,1744034400000,14,BTC-11APR25-92000-C,78623.5,39.31175,0.0005,Deribit option 1-minute OHLC close at 10:00 NY snapshot; option-denominated close converted to USD with snapshot BTC-PERPETUAL close,78584.18825,-0.043175,-4.31748,105945.8066,-0.258261,-25.826051,0.021937,2.193707,-0.035693,-3.569325,true,true,
2025-04-08,10:00,14:00,1744120800000,14,BTC-11APR25-92000-C,79846.5,23.95395,0.0003,Deribit option 1-minute OHLC close at 10:00 NY snapshot; option-denominated close converted to USD with snapshot BTC-PERPETUAL close,79822.54605,0.015758,1.575836,105945.8066,-0.246572,-24.657192,0.021616,2.161621,-0.040212,-4.021226,true,true,
2025-04-09,10:00,14:00,1744207200000,14,BTC-11APR25-92000-C,77955,7.7955,0.0001,Deribit option 1-minute OHLC close at 10:00 NY snapshot; option-denominated close converted to USD with snapshot BTC-PERPETUAL close,77947.2045,-0.023494,-2.349388,105945.8066,-0.264273,-26.427287,0.021733,2.173345,-0.040212,-4.021226,true,true,
2025-04-10,10:00,14:00,1744293600000,14,BTC-11APR25-92000-C,80770.5,8.07705,0.0001,Deribit option 1-minute OHLC close at 10:00 NY snapshot; option-denominated close converted to USD with snapshot BTC-PERPETUAL close,80762.42295,0.036117,3.611699,105945.8066,-0.237701,-23.770062,0.022853,2.285319,-0.040212,-4.021226,true,true,
2025-04-11,10:00,14:00,1744380000000,15,BTC-18APR25-89000-C,82562,536.653,0.0065,Deribit option 1-minute OHLC close at 10:00 NY snapshot; option-denominated close converted to USD with snapshot BTC-PERPETUAL close,82025.347,0.015638,1.563752,105945.8066,-0.22578,-22.578015,0.022486,2.248564,-0.040212,-4.021226,true,true,
2025-04-12,10:00,14:00,1744466400000,15,BTC-18APR25-89000-C,84361.5,717.07275,0.0085,Deribit option 1-minute OHLC close at 10:00 NY snapshot; option-denominated close converted to USD with snapshot BTC-PERPETUAL close,83644.42725,0.019739,1.973878,105945.8066,-0.210498,-21.049799,0.02233,2.233036,-0.040212,-4.021226,true,true,
2025-04-13,10:00,14:00,1744552800000,15,BTC-18APR25-89000-C,83582,668.656,0.008,Deribit option 1-minute OHLC close at 10:00 NY snapshot; option-denominated close converted to USD with snapshot BTC-PERPETUAL close,82913.344,-0.00874,-0.874037,105945.8066,-0.217399,-21.739853,0.021756,2.175569,-0.035693,-3.569325,true,true,
2025-04-14,10:00,14:00,1744639200000,15,BTC-18APR25-89000-C,84330,463.815,0.0055,Deribit option 1-minute OHLC close at 10:00 NY snapshot; option-denominated close converted to USD with snapshot BTC-PERPETUAL close,83866.185,0.011492,1.149201,105945.8066,-0.208405,-20.840487,0.02128,2.127993,-0.035693,-3.569325,true,true,
2025-04-15,10:00,14:00,1744725600000,15,BTC-18APR25-89000-C,85590,325.242,0.0038,Deribit option 1-minute OHLC close at 10:00 NY snapshot; option-denominated close converted to USD with snapshot BTC-PERPETUAL close,85264.758,0.016676,1.667624,105945.8066,-0.195204,-19.520403,0.021032,2.103214,-0.034025,-3.402498,true,true,
2025-04-16,10:00,14:00,1744812000000,15,BTC-18APR25-89000-C,83785,41.8925,0.0005,Deribit option 1-minute OHLC close at 10:00 NY snapshot; option-denominated close converted to USD with snapshot BTC-PERPETUAL close,83743.1075,-0.017846,-1.784618,105945.8066,-0.209567,-20.956657,0.020855,2.085472,-0.028263,-2.82625,true,true,
2025-04-17,10:00,14:00,1744898400000,15,BTC-18APR25-89000-C,84412.5,16.8825,0.0002,Deribit option 1-minute OHLC close at 10:00 NY snapshot; option-denominated close converted to USD with snapshot BTC-PERPETUAL close,84395.6175,0.007792,0.779181,105945.8066,-0.203408,-20.340766,0.020309,2.030928,-0.024352,-2.435152,true,true,
2025-04-18,10:00,14:00,1744984800000,16,BTC-25APR25-94000-C,84571,118.3994,0.0014,Deribit option 1-minute OHLC close at 10:00 NY snapshot; option-denominated close converted to USD with snapshot BTC-PERPETUAL close,84452.6006,0.000675,0.067519,105945.8066,-0.20287,-20.286981,0.019691,1.969127,-0.023447,-2.344676,true,true,
2025-04-19,10:00,14:00,1745071200000,16,BTC-25APR25-94000-C,85517.5,102.621,0.0012,Deribit option 1-minute OHLC close at 10:00 NY snapshot; option-denominated close converted to USD with snapshot BTC-PERPETUAL close,85414.879,0.011394,1.13943,105945.8066,-0.193787,-19.378707,0.019294,1.929433,-0.023447,-2.344676,true,true,
2025-04-20,10:00,14:00,1745157600000,16,BTC-25APR25-94000-C,84284.5,58.99915,0.0007,Deribit option 1-minute OHLC close at 10:00 NY snapshot; option-denominated close converted to USD with snapshot BTC-PERPETUAL close,84225.50085,-0.013925,-1.392472,105945.8066,-0.205013,-20.501336,0.019015,1.901496,-0.023447,-2.344676,true,true,
2025-04-21,10:00,14:00,1745244000000,16,BTC-25APR25-94000-C,86988,147.8796,0.0017,Deribit option 1-minute OHLC close at 10:00 NY snapshot; option-denominated close converted to USD with snapshot BTC-PERPETUAL close,86840.1204,0.031043,3.104309,105945.8066,-0.180335,-18.033452,0.019942,1.994229,-0.023447,-2.344676,true,true,
2025-04-22,10:00,14:00,1745330400000,16,BTC-25APR25-94000-C,90310,451.55,0.005,Deribit option 1-minute OHLC close at 10:00 NY snapshot; option-denominated close converted to USD with snapshot BTC-PERPETUAL close,89858.45,0.034757,3.475732,105945.8066,-0.151845,-15.184515,0.021126,2.112623,-0.023447,-2.344676,true,true,
2025-04-23,10:00,14:00,1745416800000,16,BTC-25APR25-94000-C,93178.5,978.37425,0.0105,Deribit option 1-minute OHLC close at 10:00 NY snapshot; option-denominated close converted to USD with snapshot BTC-PERPETUAL close,92200.12575,0.02606,2.605961,105945.8066,-0.129743,-12.974257,0.021454,2.145425,-0.023447,-2.344676,true,true,
2025-04-24,10:00,14:00,1745503200000,16,BTC-25APR25-94000-C,92900,269.41,0.0029,Deribit option 1-minute OHLC close at 10:00 NY snapshot; option-denominated close converted to USD with snapshot BTC-PERPETUAL close,92630.59,0.004669,0.46688,105945.8066,-0.12568,-12.567951,0.020832,2.083208,-0.023447,-2.344676,true,true,
2025-04-25,10:00,14:00,1745589600000,17,,94530,,,,,,,105945.8066,,,0.020832,2.083208,-0.023447,-2.344676,true,false,missing_observed_option_instrument; synthetic/theoretical cycle excluded from option valuation
2025-04-26,10:00,14:00,1745676000000,17,,94173,,,,,,,105945.8066,,,0.020832,2.083208,-0.023447,-2.344676,true,false,missing_observed_option_instrument; synthetic/theoretical cycle excluded from option valuation
2025-04-27,10:00,14:00,1745762400000,17,,94062.5,,,,,,,105945.8066,,,0.020832,2.083208,-0.023447,-2.344676,true,false,missing_observed_option_instrument; synthetic/theoretical cycle excluded from option valuation
2025-04-28,10:00,14:00,1745848800000,17,,94018,,,,,,,105945.8066,,,0.020832,2.083208,-0.023447,-2.344676,true,false,missing_observed_option_instrument; synthetic/theoretical cycle excluded from option valuation
2025-04-29,10:00,14:00,1745935200000,17,,94672,,,,,,,105945.8066,,,0.020832,2.083208,-0.023447,-2.344676,true,false,missing_observed_option_instrument; synthetic/theoretical cycle excluded from option valuation
2025-04-30,10:00,14:00,1746021600000,17,,93137.5,,,,,,,105945.8066,,,0.020832,2.083208,-0.023447,-2.344676,true,false,missing_observed_option_instrument; synthetic/theoretical cycle excluded from option valuation
2025-05-01,10:00,14:00,1746108000000,17,,96043,,,,,,,105945.8066,,,0.020832,2.083208,-0.023447,-2.344676,true,false,missing_observed_option_instrument; synthetic/theoretical cycle excluded from option valuation
2025-05-02,10:00,14:00,1746194400000,18,,96928,,,,,,,105945.8066,,,0.020832,2.083208,-0.023447,-2.344676,true,false,missing_observed_option_instrument; synthetic/theoretical cycle excluded from option valuation
2025-05-03,10:00,14:00,1746280800000,18,,96352.5,,,,,,,105945.8066,,,0.020832,2.083208,-0.023447,-2.344676,true,false,missing_observed_option_instrument; synthetic/theoretical cycle excluded from option valuation
2025-05-04,10:00,14:00,1746367200000,18,,95369,,,,,,,105945.8066,,,0.020832,2.083208,-0.023447,-2.344676,true,false,missing_observed_option_instrument; synthetic/theoretical cycle excluded from option valuation
2025-05-05,10:00,14:00,1746453600000,18,,94481,,,,,,,105945.8066,,,0.020832,2.083208,-0.023447,-2.344676,true,false,missing_observed_option_instrument; synthetic/theoretical cycle excluded from option valuation
2025-05-06,10:00,14:00,1746540000000,18,,93755,,,,,,,105945.8066,,,0.020832,2.083208,-0.023447,-2.344676,true,false,missing_observed_option_instrument; synthetic/theoretical cycle excluded from option valuation
2025-05-07,10:00,14:00,1746626400000,18,,97050,,,,,,,105945.8066,,,0.020832,2.083208,-0.023447,-2.344676,true,false,missing_observed_option_instrument; synthetic/theoretical cycle excluded from option valuation
2025-05-08,10:00,14:00,1746712800000,18,,99347,,,,,,,105945.8066,,,0.020832,2.083208,-0.023447,-2.344676,true,false,missing_observed_option_instrument; synthetic/theoretical cycle excluded from option valuation
2025-05-09,10:00,14:00,1746799200000,19,BTC-16MAY25-115000-C,103558,144.9812,0.0014,Deribit option 1-minute OHLC close at 10:00 NY snapshot; option-denominated close converted to USD with snapshot BTC-PERPETUAL close,103413.0188,,,105945.8066,-0.023906,-2.390645,0.020832,2.083208,-0.023447,-2.344676,true,true,daily_return_not_computed_across_missing_mtm_gap
2025-05-10,10:00,14:00,1746885600000,19,BTC-16MAY25-115000-C,103692.5,134.80025,0.0013,Deribit option 1-minute OHLC close at 10:00 NY snapshot; option-denominated close converted to USD with snapshot BTC-PERPETUAL close,103557.69975,0.001399,0.139906,105945.8066,-0.022541,-2.254083,0.0202,2.020036,-0.023447,-2.344676,true,true,
2025-05-11,10:00,14:00,1746972000000,19,BTC-16MAY25-115000-C,104050.5,135.26565,0.0013,Deribit option 1-minute OHLC close at 10:00 NY snapshot; option-denominated close converted to USD with snapshot BTC-PERPETUAL close,103915.23435,0.003453,0.345252,105945.8066,-0.019166,-1.916614,0.019603,1.960322,-0.023447,-2.344676,true,true,
2025-05-12,10:00,14:00,1747058400000,19,BTC-16MAY25-115000-C,104166.5,104.1665,0.001,Deribit option 1-minute OHLC close at 10:00 NY snapshot; option-denominated close converted to USD with snapshot BTC-PERPETUAL close,104062.3335,0.001416,0.141557,105945.8066,-0.017778,-1.77777,0.019009,1.900919,-0.023447,-2.344676,true,true,
2025-05-13,10:00,14:00,1747144800000,19,BTC-16MAY25-115000-C,103703,31.1109,0.0003,Deribit option 1-minute OHLC close at 10:00 NY snapshot; option-denominated close converted to USD with snapshot BTC-PERPETUAL close,103671.8891,-0.003752,-0.375202,105945.8066,-0.021463,-2.146303,0.018453,1.8453,-0.023447,-2.344676,true,true,
2025-05-14,10:00,14:00,1747231200000,19,BTC-16MAY25-115000-C,103967.5,20.7935,0.0002,Deribit option 1-minute OHLC close at 10:00 NY snapshot; option-denominated close converted to USD with snapshot BTC-PERPETUAL close,103946.7065,0.002651,0.265084,105945.8066,-0.018869,-1.886908,0.017903,1.790262,-0.020952,-2.095242,true,true,
2025-05-15,10:00,14:00,1747317600000,19,BTC-16MAY25-115000-C,102232,10.2232,0.0001,Deribit option 1-minute OHLC close at 10:00 NY snapshot; option-denominated close converted to USD with snapshot BTC-PERPETUAL close,102221.7768,-0.016594,-1.659437,105945.8066,-0.03515,-3.515033,0.017827,1.782684,-0.020952,-2.095242,true,true,
2025-05-16,10:00,14:00,1747404000000,20,BTC-23MAY25-115000-C,103871,103.871,0.001,Deribit option 1-minute OHLC close at 10:00 NY snapshot; option-denominated close converted to USD with snapshot BTC-PERPETUAL close,103767.129,0.015118,1.511764,105945.8066,-0.020564,-2.056408,0.017676,1.7676,-0.020952,-2.095242,true,true,
2025-05-17,10:00,14:00,1747490400000,20,BTC-23MAY25-115000-C,102766.5,61.6599,0.0006,Deribit option 1-minute OHLC close at 10:00 NY snapshot; option-denominated close converted to USD with snapshot BTC-PERPETUAL close,102704.8401,-0.010237,-1.023724,105945.8066,-0.030591,-3.05908,0.01732,1.732,-0.020952,-2.095242,true,true,
2025-05-18,10:00,14:00,1747576800000,20,BTC-23MAY25-115000-C,104817,146.7438,0.0014,Deribit option 1-minute OHLC close at 10:00 NY snapshot; option-denominated close converted to USD with snapshot BTC-PERPETUAL close,104670.2562,0.019137,1.913655,105945.8066,-0.01204,-1.203965,0.017434,1.743433,-0.020952,-2.095242,true,true,
2025-05-19,10:00,14:00,1747663200000,20,BTC-23MAY25-115000-C,103435.5,72.40485,0.0007,Deribit option 1-minute OHLC close at 10:00 NY snapshot; option-denominated close converted to USD with snapshot BTC-PERPETUAL close,103363.09515,-0.012488,-1.248837,105945.8066,-0.024378,-2.437767,0.017178,1.717778,-0.020952,-2.095242,true,true,
2025-05-20,10:00,14:00,1747749600000,20,BTC-23MAY25-115000-C,104483.5,41.7934,0.0004,Deribit option 1-minute OHLC close at 10:00 NY snapshot; option-denominated close converted to USD with snapshot BTC-PERPETUAL close,104441.7066,0.010435,1.043517,105945.8066,-0.014197,-1.419688,0.016849,1.684949,-0.020952,-2.095242,true,true,
2025-05-21,10:00,14:00,1747836000000,20,BTC-23MAY25-115000-C,107287.5,42.915,0.0004,Deribit option 1-minute OHLC close at 10:00 NY snapshot; option-denominated close converted to USD with snapshot BTC-PERPETUAL close,107244.585,0.026837,2.683677,107244.585,0,0,0.017609,1.760919,-0.020952,-2.095242,true,true,
2025-05-22,10:00,14:00,1747922400000,20,BTC-23MAY25-115000-C,110984.5,144.27985,0.0013,Deribit option 1-minute OHLC close at 10:00 NY snapshot; option-denominated close converted to USD with snapshot BTC-PERPETUAL close,110840.22015,0.033527,3.352743,110840.22015,0,0,0.018945,1.894529,-0.020952,-2.095242,true,true,
2025-05-23,10:00,14:00,1748008800000,21,BTC-30MAY25-120000-C,109900.5,329.7015,0.003,Deribit option 1-minute OHLC close at 10:00 NY snapshot; option-denominated close converted to USD with snapshot BTC-PERPETUAL close,109570.7985,-0.011453,-1.145272,110840.22015,-0.011453,-1.145272,0.018581,1.858113,-0.017283,-1.728287,true,true,
2025-05-24,10:00,14:00,1748095200000,21,BTC-30MAY25-120000-C,108627.5,173.804,0.0016,Deribit option 1-minute OHLC close at 10:00 NY snapshot; option-denominated close converted to USD with snapshot BTC-PERPETUAL close,108453.696,-0.010195,-1.019526,110840.22015,-0.021531,-2.153121,0.018187,1.818734,-0.017283,-1.728287,true,true,
2025-05-25,10:00,14:00,1748181600000,21,BTC-30MAY25-120000-C,107464,182.6888,0.0017,Deribit option 1-minute OHLC close at 10:00 NY snapshot; option-denominated close converted to USD with snapshot BTC-PERPETUAL close,107281.3112,-0.01081,-1.081,110840.22015,-0.032108,-3.210846,0.017831,1.783099,-0.015393,-1.539302,true,true,
2025-05-26,10:00,14:00,1748268000000,21,BTC-30MAY25-120000-C,109622.5,175.396,0.0016,Deribit option 1-minute OHLC close at 10:00 NY snapshot; option-denominated close converted to USD with snapshot BTC-PERPETUAL close,109447.104,0.020188,2.018798,110840.22015,-0.012569,-1.256869,0.017981,1.798112,-0.015393,-1.539302,true,true,
2025-05-27,10:00,14:00,1748354400000,21,BTC-30MAY25-120000-C,110102.5,121.11275,0.0011,Deribit option 1-minute OHLC close at 10:00 NY snapshot; option-denominated close converted to USD with snapshot BTC-PERPETUAL close,109981.38725,0.004882,0.488166,110840.22015,-0.007748,-0.774839,0.017474,1.74743,-0.015393,-1.539302,true,true,
2025-05-28,10:00,14:00,1748440800000,21,BTC-30MAY25-120000-C,108065,21.613,0.0002,Deribit option 1-minute OHLC close at 10:00 NY snapshot; option-denominated close converted to USD with snapshot BTC-PERPETUAL close,108043.387,-0.017621,-1.762117,110840.22015,-0.025233,-2.523302,0.017483,1.748315,-0.015393,-1.539302,true,true,
2025-05-29,10:00,14:00,1748527200000,21,BTC-30MAY25-120000-C,107669.5,10.76695,0.0001,Deribit option 1-minute OHLC close at 10:00 NY snapshot; option-denominated close converted to USD with snapshot BTC-PERPETUAL close,107658.73305,-0.00356,-0.356018,110840.22015,-0.028703,-2.870336,0.016973,1.697296,-0.017159,-1.715911,true,true,
2025-05-30,10:00,14:00,1748613600000,22,,105677.5,,,,,,,110840.22015,,,0.016973,1.697296,-0.017159,-1.715911,true,false,missing_observed_option_instrument; synthetic/theoretical cycle excluded from option valuation
2025-05-31,10:00,14:00,1748700000000,22,,104145.5,,,,,,,110840.22015,,,0.016973,1.697296,-0.017159,-1.715911,true,false,missing_observed_option_instrument; synthetic/theoretical cycle excluded from option valuation
2025-06-01,10:00,14:00,1748786400000,22,,104332,,,,,,,110840.22015,,,0.016973,1.697296,-0.017159,-1.715911,true,false,missing_observed_option_instrument; synthetic/theoretical cycle excluded from option valuation
2025-06-02,10:00,14:00,1748872800000,22,,103710.5,,,,,,,110840.22015,,,0.016973,1.697296,-0.017159,-1.715911,true,false,missing_observed_option_instrument; synthetic/theoretical cycle excluded from option valuation
2025-06-03,10:00,14:00,1748959200000,22,,105595.5,,,,,,,110840.22015,,,0.016973,1.697296,-0.017159,-1.715911,true,false,missing_observed_option_instrument; synthetic/theoretical cycle excluded from option valuation
2025-06-04,10:00,14:00,1749045600000,22,,104564,,,,,,,110840.22015,,,0.016973,1.697296,-0.017159,-1.715911,true,false,missing_observed_option_instrument; synthetic/theoretical cycle excluded from option valuation
2025-06-05,10:00,14:00,1749132000000,22,,104531,,,,,,,110840.22015,,,0.016973,1.697296,-0.017159,-1.715911,true,false,missing_observed_option_instrument; synthetic/theoretical cycle excluded from option valuation
2025-06-06,10:00,14:00,1749218400000,23,BTC-13JUN25-114000-C,104140.5,135.38265,0.0013,Deribit option 1-minute OHLC close at 10:00 NY snapshot; option-denominated close converted to USD with snapshot BTC-PERPETUAL close,104005.11735,,,110840.22015,-0.061666,-6.166627,0.016973,1.697296,-0.017159,-1.715911,true,true,daily_return_not_computed_across_missing_mtm_gap
2025-06-07,10:00,14:00,1749304800000,23,BTC-13JUN25-114000-C,105724.5,126.8694,0.0012,Deribit option 1-minute OHLC close at 10:00 NY snapshot; option-denominated close converted to USD with snapshot BTC-PERPETUAL close,105597.6306,0.015312,1.531187,110840.22015,-0.047299,-4.729862,0.016878,1.687791,-0.017159,-1.715911,true,true,
2025-06-08,10:00,14:00,1749391200000,23,BTC-13JUN25-114000-C,105678.5,116.24635,0.0011,Deribit option 1-minute OHLC close at 10:00 NY snapshot; option-denominated close converted to USD with snapshot BTC-PERPETUAL close,105562.25365,-0.000335,-0.033502,110840.22015,-0.047618,-4.761779,0.016364,1.636394,-0.017159,-1.715911,true,true,
2025-06-09,10:00,14:00,1749477600000,23,BTC-13JUN25-114000-C,107271,160.9065,0.0015,Deribit option 1-minute OHLC close at 10:00 NY snapshot; option-denominated close converted to USD with snapshot BTC-PERPETUAL close,107110.0935,0.014663,1.466282,110840.22015,-0.033653,-3.365319,0.016267,1.626689,-0.015393,-1.539302,true,true,
2025-06-10,10:00,14:00,1749564000000,23,BTC-13JUN25-114000-C,109354.5,317.12805,0.0029,Deribit option 1-minute OHLC close at 10:00 NY snapshot; option-denominated close converted to USD with snapshot BTC-PERPETUAL close,109037.37195,0.017993,1.799343,110840.22015,-0.016265,-1.626529,0.016376,1.637562,-0.015393,-1.539302,true,true,
2025-06-11,10:00,14:00,1749650400000,23,BTC-13JUN25-114000-C,109854.5,131.8254,0.0012,Deribit option 1-minute OHLC close at 10:00 NY snapshot; option-denominated close converted to USD with snapshot BTC-PERPETUAL close,109722.6746,0.006285,0.628503,110840.22015,-0.010082,-1.008249,0.015951,1.595122,-0.015393,-1.539302,true,true,
2025-06-12,10:00,14:00,1749736800000,23,BTC-13JUN25-114000-C,107122,10.7122,0.0001,Deribit option 1-minute OHLC close at 10:00 NY snapshot; option-denominated close converted to USD with snapshot BTC-PERPETUAL close,107111.2878,-0.0238,-2.379988,110840.22015,-0.033642,-3.364241,0.016528,1.652758,-0.015393,-1.539302,true,true,
2025-06-13,10:00,14:00,1749823200000,24,BTC-20JUN25-115000-C,104902.5,167.844,0.0016,Deribit option 1-minute OHLC close at 10:00 NY snapshot; option-denominated close converted to USD with snapshot BTC-PERPETUAL close,104734.656,-0.022188,-2.218843,110840.22015,-0.055084,-5.508437,0.016921,1.692072,-0.017159,-1.715911,true,true,
2025-06-14,10:00,14:00,1749909600000,24,BTC-20JUN25-115000-C,105067.5,73.54725,0.0007,Deribit option 1-minute OHLC close at 10:00 NY snapshot; option-denominated close converted to USD with snapshot BTC-PERPETUAL close,104993.95275,0.002476,0.247575,110840.22015,-0.052745,-5.2745,0.016416,1.641645,-0.020133,-2.013316,true,true,
2025-06-15,10:00,14:00,1749996000000,24,BTC-20JUN25-115000-C,105572.5,73.90075,0.0007,Deribit option 1-minute OHLC close at 10:00 NY snapshot; option-denominated close converted to USD with snapshot BTC-PERPETUAL close,105498.59925,0.004806,0.480643,110840.22015,-0.048192,-4.819208,0.01596,1.595983,-0.020133,-2.013316,true,true,
2025-06-16,10:00,14:00,1750082400000,24,BTC-20JUN25-115000-C,107207.5,85.766,0.0008,Deribit option 1-minute OHLC close at 10:00 NY snapshot; option-denominated close converted to USD with snapshot BTC-PERPETUAL close,107121.734,0.015385,1.538537,110840.22015,-0.033548,-3.354817,0.015926,1.592594,-0.020133,-2.013316,true,true,
2025-06-17,10:00,14:00,1750168800000,24,BTC-20JUN25-115000-C,105412.5,31.62375,0.0003,Deribit option 1-minute OHLC close at 10:00 NY snapshot; option-denominated close converted to USD with snapshot BTC-PERPETUAL close,105380.87625,-0.016251,-1.625121,110840.22015,-0.049254,-4.925418,0.015946,1.594565,-0.020133,-2.013316,true,true,
2025-06-18,10:00,14:00,1750255200000,24,BTC-20JUN25-115000-C,104407.5,10.44075,0.0001,Deribit option 1-minute OHLC close at 10:00 NY snapshot; option-denominated close converted to USD with snapshot BTC-PERPETUAL close,104397.05925,-0.009336,-0.933582,110840.22015,-0.05813,-5.813017,0.015628,1.562809,-0.020133,-2.013316,true,true,
2025-06-19,10:00,14:00,1750341600000,24,BTC-20JUN25-115000-C,104345.5,10.43455,0.0001,Deribit option 1-minute OHLC close at 10:00 NY snapshot; option-denominated close converted to USD with snapshot BTC-PERPETUAL close,104335.06545,-0.000594,-0.059383,110840.22015,-0.058689,-5.868948,0.015153,1.51527,-0.020133,-2.013316,true,true,
2025-06-20,10:00,14:00,1750428000000,25,BTC-27JUN25-115000-C,105653,137.3489,0.0013,Deribit option 1-minute OHLC close at 10:00 NY snapshot; option-denominated close converted to USD with snapshot BTC-PERPETUAL close,105515.6511,0.011315,1.131533,110840.22015,-0.048038,-4.803824,0.01495,1.495026,-0.020133,-2.013316,true,true,
2025-06-21,10:00,14:00,1750514400000,25,BTC-27JUN25-115000-C,103600,82.88,0.0008,Deribit option 1-minute OHLC close at 10:00 NY snapshot; option-denominated close converted to USD with snapshot BTC-PERPETUAL close,103517.12,-0.018941,-1.894061,110840.22015,-0.066069,-6.606898,0.015219,1.521921,-0.020133,-2.013316,true,true,
2025-06-22,10:00,14:00,1750600800000,25,BTC-27JUN25-115000-C,100857,70.5999,0.0007,Deribit option 1-minute OHLC close at 10:00 NY snapshot; option-denominated close converted to USD with snapshot BTC-PERPETUAL close,100786.4001,-0.026379,-2.63794,110840.22015,-0.090706,-9.070552,0.016108,1.610836,-0.020727,-2.072691,true,true,
2025-06-23,10:00,14:00,1750687200000,25,BTC-27JUN25-115000-C,102252.5,40.901,0.0004,Deribit option 1-minute OHLC close at 10:00 NY snapshot; option-denominated close converted to USD with snapshot BTC-PERPETUAL close,102211.599,0.014141,1.414079,110840.22015,-0.077847,-7.784738,0.015997,1.599713,-0.023075,-2.307473,true,true,
2025-06-24,10:00,14:00,1750773600000,25,BTC-27JUN25-115000-C,105165.5,42.0662,0.0004,Deribit option 1-minute OHLC close at 10:00 NY snapshot; option-denominated close converted to USD with snapshot BTC-PERPETUAL close,105123.4338,0.028488,2.84883,110840.22015,-0.051577,-5.157682,0.017007,1.700731,-0.023075,-2.307473,true,true,
2025-06-25,10:00,14:00,1750860000000,25,BTC-27JUN25-115000-C,107938,53.969,0.0005,Deribit option 1-minute OHLC close at 10:00 NY snapshot; option-denominated close converted to USD with snapshot BTC-PERPETUAL close,107884.031,0.026261,2.626053,110840.22015,-0.026671,-2.667073,0.017699,1.769946,-0.023075,-2.307473,true,true,
2025-06-26,10:00,14:00,1750946400000,25,BTC-27JUN25-115000-C,107057.5,10.70575,0.0001,Deribit option 1-minute OHLC close at 10:00 NY snapshot; option-denominated close converted to USD with snapshot BTC-PERPETUAL close,107046.79425,-0.007761,-0.776053,110840.22015,-0.034224,-3.422427,0.017265,1.726523,-0.023075,-2.307473,true,true,
2025-06-27,10:00,14:00,1751032800000,26,,106857.5,,,,,,,110840.22015,,,0.017265,1.726523,-0.023075,-2.307473,true,false,missing_observed_option_instrument; synthetic/theoretical cycle excluded from option valuation
2025-06-28,10:00,14:00,1751119200000,26,,107157.5,,,,,,,110840.22015,,,0.017265,1.726523,-0.023075,-2.307473,true,false,missing_observed_option_instrument; synthetic/theoretical cycle excluded from option valuation
2025-06-29,10:00,14:00,1751205600000,26,,108135,,,,,,,110840.22015,,,0.017265,1.726523,-0.023075,-2.307473,true,false,missing_observed_option_instrument; synthetic/theoretical cycle excluded from option valuation
2025-06-30,10:00,14:00,1751292000000,26,,107550,,,,,,,110840.22015,,,0.017265,1.726523,-0.023075,-2.307473,true,false,missing_observed_option_instrument; synthetic/theoretical cycle excluded from option valuation
2025-07-01,10:00,14:00,1751378400000,26,,106945,,,,,,,110840.22015,,,0.017265,1.726523,-0.023075,-2.307473,true,false,missing_observed_option_instrument; synthetic/theoretical cycle excluded from option valuation
2025-07-02,10:00,14:00,1751464800000,26,,107915,,,,,,,110840.22015,,,0.017265,1.726523,-0.023075,-2.307473,true,false,missing_observed_option_instrument; synthetic/theoretical cycle excluded from option valuation
2025-07-03,10:00,14:00,1751551200000,26,,110431.5,,,,,,,110840.22015,,,0.017265,1.726523,-0.023075,-2.307473,true,false,missing_observed_option_instrument; synthetic/theoretical cycle excluded from option valuation
2025-07-04,10:00,14:00,1751637600000,27,BTC-11JUL25-120000-C,108012.5,64.8075,0.0006,Deribit option 1-minute OHLC close at 10:00 NY snapshot; option-denominated close converted to USD with snapshot BTC-PERPETUAL close,107947.6925,,,110840.22015,-0.026096,-2.609637,0.017265,1.726523,-0.023075,-2.307473,true,true,daily_return_not_computed_across_missing_mtm_gap
2025-07-05,10:00,14:00,1751724000000,27,BTC-11JUL25-120000-C,108188.5,54.09425,0.0005,Deribit option 1-minute OHLC close at 10:00 NY snapshot; option-denominated close converted to USD with snapshot BTC-PERPETUAL close,108134.40575,0.00173,0.172966,110840.22015,-0.024412,-2.441185,0.016745,1.674462,-0.023075,-2.307473,true,true,
2025-07-06,10:00,14:00,1751810400000,27,BTC-11JUL25-120000-C,108873.5,32.66205,0.0003,Deribit option 1-minute OHLC close at 10:00 NY snapshot; option-denominated close converted to USD with snapshot BTC-PERPETUAL close,108840.83795,0.006533,0.653291,110840.22015,-0.018038,-1.803842,0.016313,1.631319,-0.023075,-2.307473,true,true,
2025-07-07,10:00,14:00,1751896800000,27,BTC-11JUL25-120000-C,108566.5,32.56995,0.0003,Deribit option 1-minute OHLC close at 10:00 NY snapshot; option-denominated close converted to USD with snapshot BTC-PERPETUAL close,108533.93005,-0.00282,-0.281979,110840.22015,-0.020807,-2.080734,0.015831,1.58313,-0.023075,-2.307473,true,true,
2025-07-08,10:00,14:00,1751983200000,27,BTC-11JUL25-120000-C,109118.5,10.91185,0.0001,Deribit option 1-minute OHLC close at 10:00 NY snapshot; option-denominated close converted to USD with snapshot BTC-PERPETUAL close,109107.58815,0.005286,0.528552,110840.22015,-0.015632,-1.56318,0.015404,1.540352,-0.023075,-2.307473,true,true,
2025-07-09,10:00,14:00,1752069600000,27,BTC-11JUL25-120000-C,109257.5,10.92575,0.0001,Deribit option 1-minute OHLC close at 10:00 NY snapshot; option-denominated close converted to USD with snapshot BTC-PERPETUAL close,109246.57425,0.001274,0.127384,110840.22015,-0.014378,-1.437787,0.014938,1.493752,-0.023075,-2.307473,true,true,
2025-07-10,10:00,14:00,1752156000000,27,BTC-11JUL25-120000-C,110756,11.0756,0.0001,Deribit option 1-minute OHLC close at 10:00 NY snapshot; option-denominated close converted to USD with snapshot BTC-PERPETUAL close,110744.9244,0.013715,1.371531,110840.22015,-0.00086,-0.085976,0.014867,1.486702,-0.023075,-2.307473,true,true,
2025-07-11,10:00,14:00,1752242400000,28,BTC-18JUL25-130000-C,118064,129.8704,0.0011,Deribit option 1-minute OHLC close at 10:00 NY snapshot; option-denominated close converted to USD with snapshot BTC-PERPETUAL close,117934.1296,0.064917,6.491679,117934.1296,0,0,0.021462,2.146201,-0.023075,-2.307473,true,true,
2025-07-12,10:00,14:00,1752328800000,28,BTC-18JUL25-130000-C,117552,70.5312,0.0006,Deribit option 1-minute OHLC close at 10:00 NY snapshot; option-denominated close converted to USD with snapshot BTC-PERPETUAL close,117481.4688,-0.003838,-0.383825,117934.1296,-0.003838,-0.383825,0.020829,2.082942,-0.023075,-2.307473,true,true,
2025-07-13,10:00,14:00,1752415200000,28,BTC-18JUL25-130000-C,118742,237.484,0.002,Deribit option 1-minute OHLC close at 10:00 NY snapshot; option-denominated close converted to USD with snapshot BTC-PERPETUAL close,118504.516,0.008708,0.870816,118504.516,0,0,0.020307,2.030721,-0.023075,-2.307473,true,true,
2025-07-14,10:00,14:00,1752501600000,28,BTC-18JUL25-130000-C,121738.5,219.1293,0.0018,Deribit option 1-minute OHLC close at 10:00 NY snapshot; option-denominated close converted to USD with snapshot BTC-PERPETUAL close,121519.3707,0.025441,2.544084,121519.3707,0,0,0.020651,2.065125,-0.023075,-2.307473,true,true,
2025-07-15,10:00,14:00,1752588000000,28,BTC-18JUL25-130000-C,118150.5,35.44515,0.0003,Deribit option 1-minute OHLC close at 10:00 NY snapshot; option-denominated close converted to USD with snapshot BTC-PERPETUAL close,118115.05485,-0.028015,-2.801459,121519.3707,-0.028015,-2.801459,0.021165,2.116541,-0.023075,-2.307473,true,true,
2025-07-16,10:00,14:00,1752674400000,28,BTC-18JUL25-130000-C,118778.5,23.7557,0.0002,Deribit option 1-minute OHLC close at 10:00 NY snapshot; option-denominated close converted to USD with snapshot BTC-PERPETUAL close,118754.7443,0.005416,0.541582,121519.3707,-0.02275,-2.27505,0.020563,2.056347,-0.025219,-2.521862,true,true,
2025-07-17,10:00,14:00,1752760800000,28,BTC-18JUL25-130000-C,118391.5,11.83915,0.0001,Deribit option 1-minute OHLC close at 10:00 NY snapshot; option-denominated close converted to USD with snapshot BTC-PERPETUAL close,118379.66085,-0.003158,-0.315847,121519.3707,-0.025837,-2.583711,0.019952,1.995203,-0.025219,-2.521862,true,true,
2025-07-18,10:00,14:00,1752847200000,29,BTC-25JUL25-130000-C,118836.5,202.02205,0.0017,Deribit option 1-minute OHLC close at 10:00 NY snapshot; option-denominated close converted to USD with snapshot BTC-PERPETUAL close,118634.47795,0.002153,0.215254,121519.3707,-0.02374,-2.374019,0.019351,1.935139,-0.025219,-2.521862,true,true,
2025-07-19,10:00,14:00,1752933600000,29,BTC-25JUL25-130000-C,118310,118.31,0.001,Deribit option 1-minute OHLC close at 10:00 NY snapshot; option-denominated close converted to USD with snapshot BTC-PERPETUAL close,118191.69,-0.003732,-0.373237,121519.3707,-0.027384,-2.738395,0.018784,1.878413,-0.025219,-2.521862,true,true,
2025-07-20,10:00,14:00,1753020000000,29,BTC-25JUL25-130000-C,118529.5,142.2354,0.0012,Deribit option 1-minute OHLC close at 10:00 NY snapshot; option-denominated close converted to USD with snapshot BTC-PERPETUAL close,118387.2646,0.001655,0.165472,121519.3707,-0.025775,-2.577454,0.018216,1.82164,-0.025219,-2.521862,true,true,
2025-07-21,10:00,14:00,1753106400000,29,BTC-25JUL25-130000-C,119050,119.05,0.001,Deribit option 1-minute OHLC close at 10:00 NY snapshot; option-denominated close converted to USD with snapshot BTC-PERPETUAL close,118930.95,0.004592,0.459243,121519.3707,-0.0213,-2.130048,0.017697,1.769724,-0.024493,-2.449347,true,true,
2025-07-22,10:00,14:00,1753192800000,29,BTC-25JUL25-130000-C,118031.5,47.2126,0.0004,Deribit option 1-minute OHLC close at 10:00 NY snapshot; option-denominated close converted to USD with snapshot BTC-PERPETUAL close,117984.2874,-0.00796,-0.795977,121519.3707,-0.029091,-2.90907,0.017269,1.726854,-0.023032,-2.303195,true,true,
2025-07-23,10:00,14:00,1753279200000,29,BTC-25JUL25-130000-C,117408.5,23.4817,0.0002,Deribit option 1-minute OHLC close at 10:00 NY snapshot; option-denominated close converted to USD with snapshot BTC-PERPETUAL close,117385.0183,-0.005079,-0.507923,121519.3707,-0.034022,-3.402217,0.016789,1.678863,-0.023032,-2.303195,true,true,
2025-07-24,10:00,14:00,1753365600000,29,BTC-25JUL25-130000-C,118307.5,11.83075,0.0001,Deribit option 1-minute OHLC close at 10:00 NY snapshot; option-denominated close converted to USD with snapshot BTC-PERPETUAL close,118295.66925,0.007758,0.775781,121519.3707,-0.026528,-2.652829,0.016388,1.638773,-0.023032,-2.303195,true,true,
2025-07-25,10:00,14:00,1753452000000,30,,116320.5,,,,,,,121519.3707,,,0.016388,1.638773,-0.023032,-2.303195,true,false,missing_observed_option_instrument; synthetic/theoretical cycle excluded from option valuation
2025-07-26,10:00,14:00,1753538400000,30,,118255,,,,,,,121519.3707,,,0.016388,1.638773,-0.023032,-2.303195,true,false,missing_observed_option_instrument; synthetic/theoretical cycle excluded from option valuation
2025-07-27,10:00,14:00,1753624800000,30,,118269.5,,,,,,,121519.3707,,,0.016388,1.638773,-0.023032,-2.303195,true,false,missing_observed_option_instrument; synthetic/theoretical cycle excluded from option valuation
2025-07-28,10:00,14:00,1753711200000,30,,118420.5,,,,,,,121519.3707,,,0.016388,1.638773,-0.023032,-2.303195,true,false,missing_observed_option_instrument; synthetic/theoretical cycle excluded from option valuation
2025-07-29,10:00,14:00,1753797600000,30,,118604.5,,,,,,,121519.3707,,,0.016388,1.638773,-0.023032,-2.303195,true,false,missing_observed_option_instrument; synthetic/theoretical cycle excluded from option valuation
2025-07-30,10:00,14:00,1753884000000,30,,117657.5,,,,,,,121519.3707,,,0.016388,1.638773,-0.023032,-2.303195,true,false,missing_observed_option_instrument; synthetic/theoretical cycle excluded from option valuation
2025-07-31,10:00,14:00,1753970400000,30,,118642.5,,,,,,,121519.3707,,,0.016388,1.638773,-0.023032,-2.303195,true,false,missing_observed_option_instrument; synthetic/theoretical cycle excluded from option valuation
2025-08-01,10:00,14:00,1754056800000,31,,114242.5,,,,,,,121519.3707,,,0.016388,1.638773,-0.023032,-2.303195,true,false,missing_observed_option_instrument; synthetic/theoretical cycle excluded from option valuation
2025-08-02,10:00,14:00,1754143200000,31,,113429,,,,,,,121519.3707,,,0.016388,1.638773,-0.023032,-2.303195,true,false,missing_observed_option_instrument; synthetic/theoretical cycle excluded from option valuation
2025-08-03,10:00,14:00,1754229600000,31,,113927.5,,,,,,,121519.3707,,,0.016388,1.638773,-0.023032,-2.303195,true,false,missing_observed_option_instrument; synthetic/theoretical cycle excluded from option valuation
2025-08-04,10:00,14:00,1754316000000,31,,114946.5,,,,,,,121519.3707,,,0.016388,1.638773,-0.023032,-2.303195,true,false,missing_observed_option_instrument; synthetic/theoretical cycle excluded from option valuation
2025-08-05,10:00,14:00,1754402400000,31,,114404,,,,,,,121519.3707,,,0.016388,1.638773,-0.023032,-2.303195,true,false,missing_observed_option_instrument; synthetic/theoretical cycle excluded from option valuation
2025-08-06,10:00,14:00,1754488800000,31,,114401.5,,,,,,,121519.3707,,,0.016388,1.638773,-0.023032,-2.303195,true,false,missing_observed_option_instrument; synthetic/theoretical cycle excluded from option valuation
2025-08-07,10:00,14:00,1754575200000,31,,116708.5,,,,,,,121519.3707,,,0.016388,1.638773,-0.023032,-2.303195,true,false,missing_observed_option_instrument; synthetic/theoretical cycle excluded from option valuation
2025-08-08,10:00,14:00,1754661600000,32,BTC-15AUG25-129000-C,117018.5,46.8074,0.0004,Deribit option 1-minute OHLC close at 10:00 NY snapshot; option-denominated close converted to USD with snapshot BTC-PERPETUAL close,116971.6926,,,121519.3707,-0.037423,-3.742348,0.016388,1.638773,-0.023032,-2.303195,true,true,daily_return_not_computed_across_missing_mtm_gap
2025-08-09,10:00,14:00,1754748000000,32,BTC-15AUG25-129000-C,117013.5,58.50675,0.0005,Deribit option 1-minute OHLC close at 10:00 NY snapshot; option-denominated close converted to USD with snapshot BTC-PERPETUAL close,116954.99325,-0.000143,-0.014276,121519.3707,-0.037561,-3.75609,0.015889,1.588853,-0.023032,-2.303195,true,true,
2025-08-10,10:00,14:00,1754834400000,32,BTC-15AUG25-129000-C,118481.5,82.93705,0.0007,Deribit option 1-minute OHLC close at 10:00 NY snapshot; option-denominated close converted to USD with snapshot BTC-PERPETUAL close,118398.56295,0.012343,1.234295,121519.3707,-0.025682,-2.568157,0.015698,1.56984,-0.023032,-2.303195,true,true,
2025-08-11,10:00,14:00,1754920800000,32,BTC-15AUG25-129000-C,120080,264.176,0.0022,Deribit option 1-minute OHLC close at 10:00 NY snapshot; option-denominated close converted to USD with snapshot BTC-PERPETUAL close,119815.824,0.01197,1.197026,121519.3707,-0.014019,-1.401873,0.0155,1.550002,-0.023032,-2.303195,true,true,
2025-08-12,10:00,14:00,1755007200000,32,BTC-15AUG25-129000-C,118817,35.6451,0.0003,Deribit option 1-minute OHLC close at 10:00 NY snapshot; option-denominated close converted to USD with snapshot BTC-PERPETUAL close,118781.3549,-0.008634,-0.863383,121519.3707,-0.022532,-2.253152,0.015176,1.51759,-0.023032,-2.303195,true,true,
2025-08-13,10:00,14:00,1755093600000,32,BTC-15AUG25-129000-C,122032.5,85.42275,0.0007,Deribit option 1-minute OHLC close at 10:00 NY snapshot; option-denominated close converted to USD with snapshot BTC-PERPETUAL close,121947.07725,0.026652,2.665168,121947.07725,0,0,0.016097,1.609684,-0.023032,-2.303195,true,true,
2025-08-14,10:00,14:00,1755180000000,32,BTC-15AUG25-129000-C,118500,11.85,0.0001,Deribit option 1-minute OHLC close at 10:00 NY snapshot; option-denominated close converted to USD with snapshot BTC-PERPETUAL close,118488.15,-0.028364,-2.836417,121947.07725,-0.028364,-2.836417,0.017083,1.708313,-0.018394,-1.839389,true,true,
2025-08-15,10:00,14:00,1755266400000,33,BTC-22AUG25-130000-C,117770.5,82.43935,0.0007,Deribit option 1-minute OHLC close at 10:00 NY snapshot; option-denominated close converted to USD with snapshot BTC-PERPETUAL close,117688.06065,-0.006752,-0.675248,121947.07725,-0.034925,-3.492512,0.016645,1.664509,-0.019293,-1.929325,true,true,
2025-08-16,10:00,14:00,1755352800000,33,BTC-22AUG25-130000-C,117695,58.8475,0.0005,Deribit option 1-minute OHLC close at 10:00 NY snapshot; option-denominated close converted to USD with snapshot BTC-PERPETUAL close,117636.1525,-0.000441,-0.044107,121947.07725,-0.035351,-3.535078,0.016138,1.613838,-0.019293,-1.929325,true,true,
2025-08-17,10:00,14:00,1755439200000,33,BTC-22AUG25-130000-C,118495,35.5485,0.0003,Deribit option 1-minute OHLC close at 10:00 NY snapshot; option-denominated close converted to USD with snapshot BTC-PERPETUAL close,118459.4515,0.006999,0.699869,121947.07725,-0.0286,-2.85995,0.01574,1.574037,-0.019293,-1.929325,true,true,
2025-08-18,10:00,14:00,1755525600000,33,BTC-22AUG25-130000-C,114946.5,22.9893,0.0002,Deribit option 1-minute OHLC close at 10:00 NY snapshot; option-denominated close converted to USD with snapshot BTC-PERPETUAL close,114923.5107,-0.029849,-2.984938,121947.07725,-0.057595,-5.75952,0.016922,1.692196,-0.019293,-1.929325,true,true,
2025-08-19,10:00,14:00,1755612000000,33,BTC-22AUG25-130000-C,115252,11.5252,0.0001,Deribit option 1-minute OHLC close at 10:00 NY snapshot; option-denominated close converted to USD with snapshot BTC-PERPETUAL close,115240.4748,0.002758,0.275804,121947.07725,-0.054996,-5.499601,0.01642,1.642036,-0.028207,-2.820686,true,true,
2025-08-20,10:00,14:00,1755698400000,33,BTC-22AUG25-130000-C,112835,11.2835,0.0001,Deribit option 1-minute OHLC close at 10:00 NY snapshot; option-denominated close converted to USD with snapshot BTC-PERPETUAL close,112823.7165,-0.020971,-2.097144,121947.07725,-0.074814,-7.48141,0.016728,1.672837,-0.028207,-2.820686,true,true,
2025-08-21,10:00,14:00,1755784800000,33,BTC-22AUG25-130000-C,113591.5,11.35915,0.0001,Deribit option 1-minute OHLC close at 10:00 NY snapshot; option-denominated close converted to USD with snapshot BTC-PERPETUAL close,113580.14085,0.006704,0.670448,121947.07725,-0.068611,-6.861121,0.016302,1.630169,-0.028207,-2.820686,true,true,
2025-08-22,10:00,14:00,1755871200000,34,BTC-29AUG25-124000-C,113599.5,124.95945,0.0011,Deribit option 1-minute OHLC close at 10:00 NY snapshot; option-denominated close converted to USD with snapshot BTC-PERPETUAL close,113474.54055,-0.00093,-0.092974,121947.07725,-0.069477,-6.947716,0.015807,1.580672,-0.028207,-2.820686,true,true,
2025-08-23,10:00,14:00,1755957600000,34,BTC-29AUG25-124000-C,114890.5,137.8686,0.0012,Deribit option 1-minute OHLC close at 10:00 NY snapshot; option-denominated close converted to USD with snapshot BTC-PERPETUAL close,114752.6314,0.011263,1.126324,121947.07725,-0.058996,-5.899646,0.015572,1.557154,-0.028207,-2.820686,true,true,
2025-08-24,10:00,14:00,1756044000000,34,BTC-29AUG25-124000-C,114600,103.14,0.0009,Deribit option 1-minute OHLC close at 10:00 NY snapshot; option-denominated close converted to USD with snapshot BTC-PERPETUAL close,114496.86,-0.002229,-0.222889,121947.07725,-0.061094,-6.109386,0.015107,1.510704,-0.028207,-2.820686,true,true,
2025-08-25,10:00,14:00,1756130400000,34,BTC-29AUG25-124000-C,111409,44.5636,0.0004,Deribit option 1-minute OHLC close at 10:00 NY snapshot; option-denominated close converted to USD with snapshot BTC-PERPETUAL close,111364.4364,-0.027358,-2.735816,121947.07725,-0.086781,-8.67806,0.016107,1.610706,-0.028207,-2.820686,true,true,
2025-08-26,10:00,14:00,1756216800000,34,BTC-29AUG25-124000-C,110192.5,33.05775,0.0003,Deribit option 1-minute OHLC close at 10:00 NY snapshot; option-denominated close converted to USD with snapshot BTC-PERPETUAL close,110159.44225,-0.01082,-1.082028,121947.07725,-0.096662,-9.666189,0.01584,1.583969,-0.028207,-2.820686,true,true,
2025-08-27,10:00,14:00,1756303200000,34,BTC-29AUG25-124000-C,111542.5,22.3085,0.0002,Deribit option 1-minute OHLC close at 10:00 NY snapshot; option-denominated close converted to USD with snapshot BTC-PERPETUAL close,111520.1915,0.012353,1.235254,121947.07725,-0.085503,-8.550337,0.015652,1.565238,-0.028207,-2.820686,true,true,
2025-08-28,10:00,14:00,1756389600000,34,BTC-29AUG25-124000-C,112792.5,22.5585,0.0002,Deribit option 1-minute OHLC close at 10:00 NY snapshot; option-denominated close converted to USD with snapshot BTC-PERPETUAL close,112769.9415,0.011206,1.120649,121947.07725,-0.075255,-7.525507,0.015422,1.542182,-0.028207,-2.820686,true,true,
2025-08-29,10:00,14:00,1756476000000,35,,109480,,,,,,,121947.07725,,,0.015422,1.542182,-0.028207,-2.820686,true,false,missing_observed_option_instrument; synthetic/theoretical cycle excluded from option valuation
2025-08-30,10:00,14:00,1756562400000,35,,108510.5,,,,,,,121947.07725,,,0.015422,1.542182,-0.028207,-2.820686,true,false,missing_observed_option_instrument; synthetic/theoretical cycle excluded from option valuation
2025-08-31,10:00,14:00,1756648800000,35,,108500,,,,,,,121947.07725,,,0.015422,1.542182,-0.028207,-2.820686,true,false,missing_observed_option_instrument; synthetic/theoretical cycle excluded from option valuation
2025-09-01,10:00,14:00,1756735200000,35,,109150,,,,,,,121947.07725,,,0.015422,1.542182,-0.028207,-2.820686,true,false,missing_observed_option_instrument; synthetic/theoretical cycle excluded from option valuation
2025-09-02,10:00,14:00,1756821600000,35,,111400,,,,,,,121947.07725,,,0.015422,1.542182,-0.028207,-2.820686,true,false,missing_observed_option_instrument; synthetic/theoretical cycle excluded from option valuation
2025-09-03,10:00,14:00,1756908000000,35,,111765,,,,,,,121947.07725,,,0.015422,1.542182,-0.028207,-2.820686,true,false,missing_observed_option_instrument; synthetic/theoretical cycle excluded from option valuation
2025-09-04,10:00,14:00,1756994400000,35,,110500.5,,,,,,,121947.07725,,,0.015422,1.542182,-0.028207,-2.820686,true,false,missing_observed_option_instrument; synthetic/theoretical cycle excluded from option valuation
2025-09-05,10:00,14:00,1757080800000,36,BTC-12SEP25-124000-C,112986.5,67.7919,0.0006,Deribit option 1-minute OHLC close at 10:00 NY snapshot; option-denominated close converted to USD with snapshot BTC-PERPETUAL close,112918.7081,,,121947.07725,-0.074035,-7.403514,0.015422,1.542182,-0.028207,-2.820686,true,true,daily_return_not_computed_across_missing_mtm_gap
2025-09-06,10:00,14:00,1757167200000,36,BTC-12SEP25-124000-C,110969.5,33.29085,0.0003,Deribit option 1-minute OHLC close at 10:00 NY snapshot; option-denominated close converted to USD with snapshot BTC-PERPETUAL close,110936.20915,-0.017557,-1.755687,121947.07725,-0.090292,-9.029219,0.015558,1.555818,-0.028207,-2.820686,true,true,
2025-09-07,10:00,14:00,1757253600000,36,BTC-12SEP25-124000-C,111233,44.4932,0.0004,Deribit option 1-minute OHLC close at 10:00 NY snapshot; option-denominated close converted to USD with snapshot BTC-PERPETUAL close,111188.5068,0.002274,0.227426,121947.07725,-0.088223,-8.822327,0.015095,1.50945,-0.027911,-2.791146,true,true,
2025-09-08,10:00,14:00,1757340000000,36,BTC-12SEP25-124000-C,111990,22.398,0.0002,Deribit option 1-minute OHLC close at 10:00 NY snapshot; option-denominated close converted to USD with snapshot BTC-PERPETUAL close,111967.602,0.007007,0.700698,121947.07725,-0.081834,-8.183448,0.014735,1.473497,-0.027911,-2.791146,true,true,
2025-09-09,10:00,14:00,1757426400000,36,BTC-12SEP25-124000-C,112627,11.2627,0.0001,Deribit option 1-minute OHLC close at 10:00 NY snapshot; option-denominated close converted to USD with snapshot BTC-PERPETUAL close,112615.7373,0.005789,0.57886,121947.07725,-0.07652,-7.651959,0.014356,1.435627,-0.027911,-2.791146,true,true,
2025-09-10,10:00,14:00,1757512800000,36,BTC-12SEP25-124000-C,114083,11.4083,0.0001,Deribit option 1-minute OHLC close at 10:00 NY snapshot; option-denominated close converted to USD with snapshot BTC-PERPETUAL close,114071.5917,0.012928,1.292763,121947.07725,-0.064581,-6.458118,0.014275,1.427459,-0.027911,-2.791146,true,true,
2025-09-11,10:00,14:00,1757599200000,36,BTC-12SEP25-124000-C,114589.5,11.45895,0.0001,Deribit option 1-minute OHLC close at 10:00 NY snapshot; option-denominated close converted to USD with snapshot BTC-PERPETUAL close,114578.04105,0.00444,0.443975,121947.07725,-0.060428,-6.042815,0.013882,1.388239,-0.027911,-2.791146,true,true,
2025-09-12,10:00,14:00,1757685600000,37,BTC-19SEP25-125000-C,115263.5,80.68445,0.0007,Deribit option 1-minute OHLC close at 10:00 NY snapshot; option-denominated close converted to USD with snapshot BTC-PERPETUAL close,115182.81555,0.005278,0.527828,121947.07725,-0.055469,-5.546883,0.013521,1.352143,-0.027911,-2.791146,true,true,
2025-09-13,10:00,14:00,1757772000000,37,BTC-19SEP25-125000-C,115837.5,104.25375,0.0009,Deribit option 1-minute OHLC close at 10:00 NY snapshot; option-denominated close converted to USD with snapshot BTC-PERPETUAL close,115733.24625,0.004779,0.477876,121947.07725,-0.050955,-5.095514,0.013162,1.316167,-0.027911,-2.791146,true,true,
2025-09-14,10:00,14:00,1757858400000,37,BTC-19SEP25-125000-C,115438,103.8942,0.0009,Deribit option 1-minute OHLC close at 10:00 NY snapshot; option-denominated close converted to USD with snapshot BTC-PERPETUAL close,115334.1058,-0.003449,-0.34488,121947.07725,-0.054228,-5.422821,0.012789,1.278864,-0.027911,-2.791146,true,true,
2025-09-15,10:00,14:00,1757944800000,37,BTC-19SEP25-125000-C,114680,57.34,0.0005,Deribit option 1-minute OHLC close at 10:00 NY snapshot; option-denominated close converted to USD with snapshot BTC-PERPETUAL close,114622.66,-0.006169,-0.616856,121947.07725,-0.060062,-6.006226,0.012491,1.249078,-0.027911,-2.791146,true,true,
2025-09-16,10:00,14:00,1758031200000,37,BTC-19SEP25-125000-C,115247,46.0988,0.0004,Deribit option 1-minute OHLC close at 10:00 NY snapshot; option-denominated close converted to USD with snapshot BTC-PERPETUAL close,115200.9012,0.005045,0.504474,121947.07725,-0.055321,-5.532052,0.012173,1.217314,-0.027911,-2.791146,true,true,
2025-09-17,10:00,14:00,1758117600000,37,BTC-19SEP25-125000-C,116150,58.075,0.0005,Deribit option 1-minute OHLC close at 10:00 NY snapshot; option-denominated close converted to USD with snapshot BTC-PERPETUAL close,116091.925,0.007735,0.773452,121947.07725,-0.048014,-4.801388,0.011953,1.195339,-0.027911,-2.791146,true,true,
2025-09-18,10:00,14:00,1758204000000,37,BTC-19SEP25-125000-C,117620,11.762,0.0001,Deribit option 1-minute OHLC close at 10:00 NY snapshot; option-denominated close converted to USD with snapshot BTC-PERPETUAL close,117608.238,0.013061,1.306131,121947.07725,-0.03558,-3.557969,0.012023,1.202274,-0.027911,-2.791146,true,true,
2025-09-19,10:00,14:00,1758290400000,38,BTC-26SEP25-128000-C,116326.5,46.5306,0.0004,Deribit option 1-minute OHLC close at 10:00 NY snapshot; option-denominated close converted to USD with snapshot BTC-PERPETUAL close,116279.9694,-0.011294,-1.129401,121947.07725,-0.046472,-4.647186,0.01198,1.198027,-0.027911,-2.791146,true,true,
2025-09-20,10:00,14:00,1758376800000,38,BTC-26SEP25-128000-C,115973.5,57.98675,0.0005,Deribit option 1-minute OHLC close at 10:00 NY snapshot; option-denominated close converted to USD with snapshot BTC-PERPETUAL close,115915.51325,-0.003134,-0.31343,121947.07725,-0.049461,-4.94605,0.011641,1.164065,-0.027911,-2.791146,true,true,
2025-09-21,10:00,14:00,1758463200000,38,BTC-26SEP25-128000-C,115722,57.861,0.0005,Deribit option 1-minute OHLC close at 10:00 NY snapshot; option-denominated close converted to USD with snapshot BTC-PERPETUAL close,115664.139,-0.002169,-0.21686,121947.07725,-0.051522,-5.152184,0.011299,1.129852,-0.027911,-2.791146,true,true,
2025-09-22,10:00,14:00,1758549600000,38,BTC-26SEP25-128000-C,113211.5,11.32115,0.0001,Deribit option 1-minute OHLC close at 10:00 NY snapshot; option-denominated close converted to USD with snapshot BTC-PERPETUAL close,113200.17885,-0.021303,-2.130271,121947.07725,-0.071727,-7.1727,0.012134,1.213365,-0.024484,-2.448414,true,true,
2025-09-23,10:00,14:00,1758636000000,38,BTC-26SEP25-128000-C,113009,11.3009,0.0001,Deribit option 1-minute OHLC close at 10:00 NY snapshot; option-denominated close converted to USD with snapshot BTC-PERPETUAL close,112997.6991,-0.001789,-0.178869,121947.07725,-0.073387,-7.338739,0.011772,1.177217,-0.024633,-2.463321,true,true,
2025-09-24,10:00,14:00,1758722400000,38,BTC-26SEP25-128000-C,112964,22.5928,0.0002,Deribit option 1-minute OHLC close at 10:00 NY snapshot; option-denominated close converted to USD with snapshot BTC-PERPETUAL close,112941.4072,-0.000498,-0.049817,121947.07725,-0.073849,-7.3849,0.011414,1.141419,-0.024633,-2.463321,true,true,
2025-09-25,10:00,14:00,1758808800000,38,BTC-26SEP25-128000-C,111053.5,11.10535,0.0001,Deribit option 1-minute OHLC close at 10:00 NY snapshot; option-denominated close converted to USD with snapshot BTC-PERPETUAL close,111042.39465,-0.016814,-1.681414,121947.07725,-0.089421,-8.942143,0.011808,1.180804,-0.024633,-2.463321,true,true,
2025-09-26,10:00,14:00,1758895200000,39,,109754,,,,,,,121947.07725,,,0.011808,1.180804,-0.024633,-2.463321,true,false,missing_observed_option_instrument; synthetic/theoretical cycle excluded from option valuation
2025-09-27,10:00,14:00,1758981600000,39,,109387.5,,,,,,,121947.07725,,,0.011808,1.180804,-0.024633,-2.463321,true,false,missing_observed_option_instrument; synthetic/theoretical cycle excluded from option valuation
2025-09-28,10:00,14:00,1759068000000,39,,109689,,,,,,,121947.07725,,,0.011808,1.180804,-0.024633,-2.463321,true,false,missing_observed_option_instrument; synthetic/theoretical cycle excluded from option valuation
2025-09-29,10:00,14:00,1759154400000,39,,113307,,,,,,,121947.07725,,,0.011808,1.180804,-0.024633,-2.463321,true,false,missing_observed_option_instrument; synthetic/theoretical cycle excluded from option valuation
2025-09-30,10:00,14:00,1759240800000,39,,113420.5,,,,,,,121947.07725,,,0.011808,1.180804,-0.024633,-2.463321,true,false,missing_observed_option_instrument; synthetic/theoretical cycle excluded from option valuation
2025-10-01,10:00,14:00,1759327200000,39,,116913,,,,,,,121947.07725,,,0.011808,1.180804,-0.024633,-2.463321,true,false,missing_observed_option_instrument; synthetic/theoretical cycle excluded from option valuation
2025-10-02,10:00,14:00,1759413600000,39,,119669,,,,,,,121947.07725,,,0.011808,1.180804,-0.024633,-2.463321,true,false,missing_observed_option_instrument; synthetic/theoretical cycle excluded from option valuation
2025-10-03,10:00,14:00,1759500000000,40,BTC-10OCT25-130000-C,120406.5,180.60975,0.0015,Deribit option 1-minute OHLC close at 10:00 NY snapshot; option-denominated close converted to USD with snapshot BTC-PERPETUAL close,120225.89025,,,121947.07725,-0.014114,-1.411421,0.011808,1.180804,-0.024633,-2.463321,true,true,daily_return_not_computed_across_missing_mtm_gap
2025-10-04,10:00,14:00,1759586400000,40,BTC-10OCT25-130000-C,122543,245.086,0.002,Deribit option 1-minute OHLC close at 10:00 NY snapshot; option-denominated close converted to USD with snapshot BTC-PERPETUAL close,122297.914,0.017234,1.723442,122297.914,0,0,0.012202,1.220186,-0.021154,-2.115364,true,true,
2025-10-05,10:00,14:00,1759672800000,40,BTC-10OCT25-130000-C,123317.5,345.289,0.0028,Deribit option 1-minute OHLC close at 10:00 NY snapshot; option-denominated close converted to USD with snapshot BTC-PERPETUAL close,122972.211,0.005514,0.551356,122972.211,0,0,0.011907,1.190698,-0.021154,-2.115364,true,true,
2025-10-06,10:00,14:00,1759759200000,40,BTC-10OCT25-130000-C,125220,538.446,0.0043,Deribit option 1-minute OHLC close at 10:00 NY snapshot; option-denominated close converted to USD with snapshot BTC-PERPETUAL close,124681.554,0.0139,1.390024,124681.554,0,0,0.012036,1.203589,-0.019617,-1.961708,true,true,
2025-10-07,10:00,14:00,1759845600000,40,BTC-10OCT25-130000-C,123975,136.3725,0.0011,Deribit option 1-minute OHLC close at 10:00 NY snapshot; option-denominated close converted to USD with snapshot BTC-PERPETUAL close,123838.6275,-0.006761,-0.676064,124681.554,-0.006761,-0.676064,0.011786,1.178615,-0.019617,-1.961708,true,true,
2025-10-08,10:00,14:00,1759932000000,40,BTC-10OCT25-130000-C,122989.5,24.5979,0.0002,Deribit option 1-minute OHLC close at 10:00 NY snapshot; option-denominated close converted to USD with snapshot BTC-PERPETUAL close,122964.9021,-0.007055,-0.705535,124681.554,-0.013768,-1.376829,0.011557,1.155704,-0.019617,-1.961708,true,true,
2025-10-09,10:00,14:00,1760018400000,40,BTC-10OCT25-130000-C,122231,24.4462,0.0002,Deribit option 1-minute OHLC close at 10:00 NY snapshot; option-denominated close converted to USD with snapshot BTC-PERPETUAL close,122206.5538,-0.006167,-0.616719,124681.554,-0.019851,-1.985057,0.011306,1.130634,-0.019617,-1.961708,true,true,
2025-10-10,10:00,14:00,1760104800000,41,BTC-17OCT25-132000-C,121853,158.4089,0.0013,Deribit option 1-minute OHLC close at 10:00 NY snapshot; option-denominated close converted to USD with snapshot BTC-PERPETUAL close,121694.5911,-0.004189,-0.418932,124681.554,-0.023957,-2.395673,0.01101,1.100983,-0.019617,-1.961708,true,true,
2025-10-11,10:00,14:00,1760191200000,41,BTC-17OCT25-132000-C,112433.5,123.67685,0.0011,Deribit option 1-minute OHLC close at 10:00 NY snapshot; option-denominated close converted to USD with snapshot BTC-PERPETUAL close,112309.82315,-0.077117,-7.711738,124681.554,-0.099227,-9.922663,0.021697,2.169721,-0.017223,-1.722264,true,true,
2025-10-12,10:00,14:00,1760277600000,41,BTC-17OCT25-132000-C,111316.5,55.65825,0.0005,Deribit option 1-minute OHLC close at 10:00 NY snapshot; option-denominated close converted to USD with snapshot BTC-PERPETUAL close,111260.84175,-0.00934,-0.934007,124681.554,-0.10764,-10.763992,0.02116,2.116027,-0.019617,-1.961708,true,true,
2025-10-13,10:00,14:00,1760364000000,41,BTC-17OCT25-132000-C,115484,69.2904,0.0006,Deribit option 1-minute OHLC close at 10:00 NY snapshot; option-denominated close converted to USD with snapshot BTC-PERPETUAL close,115414.7096,0.037334,3.73345,124681.554,-0.074324,-7.43241,0.022462,2.24616,-0.019617,-1.961708,true,true,
2025-10-14,10:00,14:00,1760450400000,41,BTC-17OCT25-132000-C,111050.5,44.4202,0.0004,Deribit option 1-minute OHLC close at 10:00 NY snapshot; option-denominated close converted to USD with snapshot BTC-PERPETUAL close,111006.0798,-0.038198,-3.819816,124681.554,-0.109683,-10.968322,0.023702,2.370228,-0.019617,-1.961708,true,true,
2025-10-15,10:00,14:00,1760536800000,41,BTC-17OCT25-132000-C,111637,11.1637,0.0001,Deribit option 1-minute OHLC close at 10:00 NY snapshot; option-denominated close converted to USD with snapshot BTC-PERPETUAL close,111625.8363,0.005583,0.558309,124681.554,-0.104713,-10.47125,0.023021,2.302087,-0.030595,-3.059521,true,true,
2025-10-16,10:00,14:00,1760623200000,41,BTC-17OCT25-132000-C,110970.5,11.09705,0.0001,Deribit option 1-minute OHLC close at 10:00 NY snapshot; option-denominated close converted to USD with snapshot BTC-PERPETUAL close,110959.40295,-0.00597,-0.597024,124681.554,-0.110058,-11.005759,0.022367,2.236742,-0.030595,-3.059521,true,true,
2025-10-17,10:00,14:00,1760709600000,42,BTC-24OCT25-116000-C,105725,253.74,0.0024,Deribit option 1-minute OHLC close at 10:00 NY snapshot; option-denominated close converted to USD with snapshot BTC-PERPETUAL close,105471.26,-0.049461,-4.946082,124681.554,-0.154075,-15.407487,0.024841,2.48408,-0.030595,-3.059521,true,true,
2025-10-18,10:00,14:00,1760796000000,42,BTC-24OCT25-116000-C,106992,160.488,0.0015,Deribit option 1-minute OHLC close at 10:00 NY snapshot; option-denominated close converted to USD with snapshot BTC-PERPETUAL close,106831.512,0.012897,1.28969,124681.554,-0.143165,-14.316506,0.02429,2.429036,-0.044393,-4.439262,true,true,
2025-10-19,10:00,14:00,1760882400000,42,BTC-24OCT25-116000-C,108059.5,237.7309,0.0022,Deribit option 1-minute OHLC close at 10:00 NY snapshot; option-denominated close converted to USD with snapshot BTC-PERPETUAL close,107821.7691,0.009269,0.926934,124681.554,-0.135223,-13.522277,0.02366,2.365957,-0.044393,-4.439262,true,true,
2025-10-20,10:00,14:00,1760968800000,42,BTC-24OCT25-116000-C,111275,333.825,0.003,Deribit option 1-minute OHLC close at 10:00 NY snapshot; option-denominated close converted to USD with snapshot BTC-PERPETUAL close,110941.175,0.028931,2.893113,124681.554,-0.110204,-11.020378,0.024009,2.400853,-0.044393,-4.439262,true,true,
2025-10-21,10:00,14:00,1761055200000,42,BTC-24OCT25-116000-C,108545,86.836,0.0008,Deribit option 1-minute OHLC close at 10:00 NY snapshot; option-denominated close converted to USD with snapshot BTC-PERPETUAL close,108458.164,-0.022381,-2.238133,124681.554,-0.130119,-13.011861,0.023914,2.391402,-0.044393,-4.439262,true,true,
2025-10-22,10:00,14:00,1761141600000,42,BTC-24OCT25-116000-C,108775,119.6525,0.0011,Deribit option 1-minute OHLC close at 10:00 NY snapshot; option-denominated close converted to USD with snapshot BTC-PERPETUAL close,108655.3475,0.001818,0.181806,124681.554,-0.128537,-12.853711,0.02319,2.318978,-0.044393,-4.439262,true,true,
2025-10-23,10:00,14:00,1761228000000,42,BTC-24OCT25-116000-C,109485,32.8455,0.0003,Deribit option 1-minute OHLC close at 10:00 NY snapshot; option-denominated close converted to USD with snapshot BTC-PERPETUAL close,109452.1545,0.007333,0.733334,124681.554,-0.122146,-12.214637,0.022555,2.255497,-0.044393,-4.439262,true,true,
2025-10-24,10:00,14:00,1761314400000,43,BTC-31OCT25-122000-C,110919,166.3785,0.0015,Deribit option 1-minute OHLC close at 10:00 NY snapshot; option-denominated close converted to USD with snapshot BTC-PERPETUAL close,110752.6215,0.011882,1.18816,124681.554,-0.111716,-11.171606,0.022061,2.206067,-0.044393,-4.439262,true,true,
2025-10-25,10:00,14:00,1761400800000,43,BTC-31OCT25-122000-C,111721,134.0652,0.0012,Deribit option 1-minute OHLC close at 10:00 NY snapshot; option-denominated close converted to USD with snapshot BTC-PERPETUAL close,111586.9348,0.007533,0.753312,124681.554,-0.105025,-10.502451,0.021468,2.146807,-0.044393,-4.439262,true,true,
2025-10-26,10:00,14:00,1761487200000,43,BTC-31OCT25-122000-C,113702.5,250.1455,0.0022,Deribit option 1-minute OHLC close at 10:00 NY snapshot; option-denominated close converted to USD with snapshot BTC-PERPETUAL close,113452.3545,0.016717,1.671719,124681.554,-0.090063,-9.006304,0.021213,2.121304,-0.044393,-4.439262,true,true,
2025-10-27,10:00,14:00,1761573600000,43,BTC-31OCT25-122000-C,115310.5,242.15205,0.0021,Deribit option 1-minute OHLC close at 10:00 NY snapshot; option-denominated close converted to USD with snapshot BTC-PERPETUAL close,115068.34795,0.014244,1.424381,124681.554,-0.077102,-7.710207,0.020861,2.086065,-0.044393,-4.439262,true,true,
2025-10-28,10:00,14:00,1761660000000,43,BTC-31OCT25-122000-C,115588.5,138.7062,0.0012,Deribit option 1-minute OHLC close at 10:00 NY snapshot; option-denominated close converted to USD with snapshot BTC-PERPETUAL close,115449.7938,0.003315,0.331495,124681.554,-0.074043,-7.404271,0.020241,2.024144,-0.044393,-4.439262,true,true,
2025-10-29,10:00,14:00,1761746400000,43,BTC-31OCT25-122000-C,112900,56.45,0.0005,Deribit option 1-minute OHLC close at 10:00 NY snapshot; option-denominated close converted to USD with snapshot BTC-PERPETUAL close,112843.55,-0.022575,-2.257469,124681.554,-0.094946,-9.494591,0.020389,2.038897,-0.044393,-4.439262,true,true,
2025-10-30,10:00,14:00,1761832800000,43,BTC-31OCT25-122000-C,107811,10.7811,0.0001,Deribit option 1-minute OHLC close at 10:00 NY snapshot; option-denominated close converted to USD with snapshot BTC-PERPETUAL close,107800.2189,-0.044693,-4.469313,124681.554,-0.135396,-13.539561,0.022597,2.259681,-0.044393,-4.439262,true,true,
2025-10-31,10:00,14:00,1761919200000,44,,110000,,,,,,,124681.554,,,0.022597,2.259681,-0.044393,-4.439262,true,false,missing_observed_option_instrument; synthetic/theoretical cycle excluded from option valuation
2025-11-01,10:00,14:00,1762005600000,44,,109956,,,,,,,124681.554,,,0.022597,2.259681,-0.044393,-4.439262,true,false,missing_observed_option_instrument; synthetic/theoretical cycle excluded from option valuation
2025-11-02,10:00,15:00,1762095600000,44,,110395.5,,,,,,,124681.554,,,0.022597,2.259681,-0.044393,-4.439262,true,false,missing_observed_option_instrument; synthetic/theoretical cycle excluded from option valuation
2025-11-03,10:00,15:00,1762182000000,44,,107905,,,,,,,124681.554,,,0.022597,2.259681,-0.044393,-4.439262,true,false,missing_observed_option_instrument; synthetic/theoretical cycle excluded from option valuation
2025-11-04,10:00,15:00,1762268400000,44,,104462.5,,,,,,,124681.554,,,0.022597,2.259681,-0.044393,-4.439262,true,false,missing_observed_option_instrument; synthetic/theoretical cycle excluded from option valuation
2025-11-05,10:00,15:00,1762354800000,44,,103074.5,,,,,,,124681.554,,,0.022597,2.259681,-0.044393,-4.439262,true,false,missing_observed_option_instrument; synthetic/theoretical cycle excluded from option valuation
2025-11-06,10:00,15:00,1762441200000,44,,102010,,,,,,,124681.554,,,0.022597,2.259681,-0.044393,-4.439262,true,false,missing_observed_option_instrument; synthetic/theoretical cycle excluded from option valuation
2025-11-07,10:00,15:00,1762527600000,45,BTC-14NOV25-112000-C,100650,150.975,0.0015,Deribit option 1-minute OHLC close at 10:00 NY snapshot; option-denominated close converted to USD with snapshot BTC-PERPETUAL close,100499.025,,,124681.554,-0.193954,-19.395434,0.022597,2.259681,-0.044393,-4.439262,true,true,daily_return_not_computed_across_missing_mtm_gap
2025-11-08,10:00,15:00,1762614000000,45,BTC-14NOV25-112000-C,101792.5,81.434,0.0008,Deribit option 1-minute OHLC close at 10:00 NY snapshot; option-denominated close converted to USD with snapshot BTC-PERPETUAL close,101711.066,0.01206,1.206023,124681.554,-0.184233,-18.423325,0.022107,2.210669,-0.047315,-4.731536,true,true,
2025-11-09,10:00,15:00,1762700400000,45,BTC-14NOV25-112000-C,103119,185.6142,0.0018,Deribit option 1-minute OHLC close at 10:00 NY snapshot; option-denominated close converted to USD with snapshot BTC-PERPETUAL close,102933.3858,0.012018,1.201757,124681.554,-0.17443,-17.442972,0.021634,2.163444,-0.047315,-4.731536,true,true,
2025-11-10,10:00,15:00,1762786800000,45,BTC-14NOV25-112000-C,104850,209.7,0.002,Deribit option 1-minute OHLC close at 10:00 NY snapshot; option-denominated close converted to USD with snapshot BTC-PERPETUAL close,104640.3,0.016583,1.658271,124681.554,-0.16074,-16.073953,0.021365,2.136504,-0.047315,-4.731536,true,true,
2025-11-11,10:00,15:00,1762873200000,45,BTC-14NOV25-112000-C,104460,73.122,0.0007,Deribit option 1-minute OHLC close at 10:00 NY snapshot; option-denominated close converted to USD with snapshot BTC-PERPETUAL close,104386.878,-0.002422,-0.242184,124681.554,-0.162772,-16.277208,0.020723,2.072267,-0.047315,-4.731536,true,true,
2025-11-12,10:00,15:00,1762959600000,45,BTC-14NOV25-112000-C,104032.5,31.20975,0.0003,Deribit option 1-minute OHLC close at 10:00 NY snapshot; option-denominated close converted to USD with snapshot BTC-PERPETUAL close,104001.29025,-0.003694,-0.369383,124681.554,-0.165865,-16.586466,0.020112,2.011174,-0.047315,-4.731536,true,true,
2025-11-13,10:00,15:00,1763046000000,45,BTC-14NOV25-112000-C,102715,10.2715,0.0001,Deribit option 1-minute OHLC close at 10:00 NY snapshot; option-denominated close converted to USD with snapshot BTC-PERPETUAL close,102704.7285,-0.012467,-1.246679,124681.554,-0.176264,-17.626365,0.019737,1.973673,-0.047315,-4.731536,true,true,
2025-11-14,10:00,15:00,1763132400000,46,BTC-21NOV25-107000-C,96306,211.8732,0.0022,Deribit option 1-minute OHLC close at 10:00 NY snapshot; option-denominated close converted to USD with snapshot BTC-PERPETUAL close,96094.1268,-0.064365,-6.436512,124681.554,-0.229284,-22.928353,0.024794,2.479391,-0.047315,-4.731536,true,true,
2025-11-15,10:00,15:00,1763218800000,46,BTC-21NOV25-107000-C,96153,144.2295,0.0015,Deribit option 1-minute OHLC close at 10:00 NY snapshot; option-denominated close converted to USD with snapshot BTC-PERPETUAL close,96008.7705,-0.000888,-0.088826,124681.554,-0.229968,-22.996813,0.02404,2.403958,-0.057658,-5.765818,true,true,
2025-11-16,10:00,15:00,1763305200000,46,BTC-21NOV25-107000-C,95268,104.7948,0.0011,Deribit option 1-minute OHLC close at 10:00 NY snapshot; option-denominated close converted to USD with snapshot BTC-PERPETUAL close,95163.2052,-0.008807,-0.880717,124681.554,-0.23675,-23.674993,0.023407,2.340686,-0.057658,-5.765818,true,true,
2025-11-17,10:00,15:00,1763391600000,46,BTC-21NOV25-107000-C,94698,66.2886,0.0007,Deribit option 1-minute OHLC close at 10:00 NY snapshot; option-denominated close converted to USD with snapshot BTC-PERPETUAL close,94631.7114,-0.005585,-0.558508,124681.554,-0.241013,-24.101274,0.022735,2.273499,-0.057658,-5.765818,true,true,
2025-11-18,10:00,15:00,1763478000000,46,BTC-21NOV25-107000-C,91372.5,36.549,0.0004,Deribit option 1-minute OHLC close at 10:00 NY snapshot; option-denominated close converted to USD with snapshot BTC-PERPETUAL close,91335.951,-0.034827,-3.482723,124681.554,-0.267446,-26.744616,0.023636,2.363563,-0.057658,-5.765818,true,true,
2025-11-19,10:00,15:00,1763564400000,46,BTC-21NOV25-107000-C,91782,9.1782,0.0001,Deribit option 1-minute OHLC close at 10:00 NY snapshot; option-denominated close converted to USD with snapshot BTC-PERPETUAL close,91772.8218,0.004783,0.478312,124681.554,-0.263942,-26.394227,0.022946,2.294553,-0.047315,-4.731536,true,true,
2025-11-20,10:00,15:00,1763650800000,46,BTC-21NOV25-107000-C,90905.5,9.09055,0.0001,Deribit option 1-minute OHLC close at 10:00 NY snapshot; option-denominated close converted to USD with snapshot BTC-PERPETUAL close,90896.40945,-0.00955,-0.95498,124681.554,-0.270971,-27.097147,0.022369,2.236916,-0.047315,-4.731536,true,true,
2025-11-21,10:00,15:00,1763737200000,47,BTC-28NOV25-92000-C,84760.5,635.70375,0.0075,Deribit option 1-minute OHLC close at 10:00 NY snapshot; option-denominated close converted to USD with snapshot BTC-PERPETUAL close,84124.79625,-0.074498,-7.449814,124681.554,-0.325283,-32.528274,0.028344,2.834352,-0.047315,-4.731536,true,true,
2025-11-22,10:00,15:00,1763823600000,47,BTC-28NOV25-92000-C,84400,286.96,0.0034,Deribit option 1-minute OHLC close at 10:00 NY snapshot; option-denominated close converted to USD with snapshot BTC-PERPETUAL close,84113.04,-0.00014,-0.013975,124681.554,-0.325377,-32.537703,0.02748,2.748008,-0.057658,-5.765818,true,true,
2025-11-23,10:00,15:00,1763910000000,47,BTC-28NOV25-92000-C,86420,518.52,0.006,Deribit option 1-minute OHLC close at 10:00 NY snapshot; option-denominated close converted to USD with snapshot BTC-PERPETUAL close,85901.48,0.021262,2.126234,124681.554,-0.311033,-31.103297,0.027147,2.714721,-0.057658,-5.765818,true,true,
2025-11-24,10:00,15:00,1763996400000,47,BTC-28NOV25-92000-C,86114,344.456,0.004,Deribit option 1-minute OHLC close at 10:00 NY snapshot; option-denominated close converted to USD with snapshot BTC-PERPETUAL close,85769.544,-0.001536,-0.15359,124681.554,-0.312091,-31.209115,0.026323,2.632288,-0.057658,-5.765818,true,true,
2025-11-25,10:00,15:00,1764082800000,47,BTC-28NOV25-92000-C,86542.5,164.43075,0.0019,Deribit option 1-minute OHLC close at 10:00 NY snapshot; option-denominated close converted to USD with snapshot BTC-PERPETUAL close,86378.06925,0.007095,0.709489,124681.554,-0.307211,-30.721052,0.02558,2.558008,-0.055513,-5.551272,true,true,
2025-11-26,10:00,15:00,1764169200000,47,BTC-28NOV25-92000-C,86945,43.4725,0.0005,Deribit option 1-minute OHLC close at 10:00 NY snapshot; option-denominated close converted to USD with snapshot BTC-PERPETUAL close,86901.5275,0.00606,0.606008,124681.554,-0.303012,-30.301216,0.024845,2.484519,-0.055513,-5.551272,true,true,
2025-11-27,10:00,15:00,1764255600000,47,BTC-28NOV25-92000-C,90746.5,181.493,0.002,Deribit option 1-minute OHLC close at 10:00 NY snapshot; option-denominated close converted to USD with snapshot BTC-PERPETUAL close,90565.007,0.042157,4.215668,124681.554,-0.273629,-27.362947,0.026208,2.620835,-0.055513,-5.551272,true,true,
2025-11-28,10:00,15:00,1764342000000,48,,92348.5,,,,,,,124681.554,,,0.026208,2.620835,-0.055513,-5.551272,true,false,missing_observed_option_instrument; synthetic/theoretical cycle excluded from option valuation
2025-11-29,10:00,15:00,1764428400000,48,,90683,,,,,,,124681.554,,,0.026208,2.620835,-0.055513,-5.551272,true,false,missing_observed_option_instrument; synthetic/theoretical cycle excluded from option valuation
2025-11-30,10:00,15:00,1764514800000,48,,91472.5,,,,,,,124681.554,,,0.026208,2.620835,-0.055513,-5.551272,true,false,missing_observed_option_instrument; synthetic/theoretical cycle excluded from option valuation
2025-12-01,10:00,15:00,1764601200000,48,,86067,,,,,,,124681.554,,,0.026208,2.620835,-0.055513,-5.551272,true,false,missing_observed_option_instrument; synthetic/theoretical cycle excluded from option valuation
2025-12-02,10:00,15:00,1764687600000,48,,89437.5,,,,,,,124681.554,,,0.026208,2.620835,-0.055513,-5.551272,true,false,missing_observed_option_instrument; synthetic/theoretical cycle excluded from option valuation
2025-12-03,10:00,15:00,1764774000000,48,,92550.5,,,,,,,124681.554,,,0.026208,2.620835,-0.055513,-5.551272,true,false,missing_observed_option_instrument; synthetic/theoretical cycle excluded from option valuation
2025-12-04,10:00,15:00,1764860400000,48,,92011.5,,,,,,,124681.554,,,0.026208,2.620835,-0.055513,-5.551272,true,false,missing_observed_option_instrument; synthetic/theoretical cycle excluded from option valuation
2025-12-05,10:00,15:00,1764946800000,49,BTC-12DEC25-100000-C,90511,171.9709,0.0019,Deribit option 1-minute OHLC close at 10:00 NY snapshot; option-denominated close converted to USD with snapshot BTC-PERPETUAL close,90339.0291,,,124681.554,-0.275442,-27.544191,0.026208,2.620835,-0.055513,-5.551272,true,true,daily_return_not_computed_across_missing_mtm_gap
2025-12-06,10:00,15:00,1765033200000,49,BTC-12DEC25-100000-C,89976.5,116.96945,0.0013,Deribit option 1-minute OHLC close at 10:00 NY snapshot; option-denominated close converted to USD with snapshot BTC-PERPETUAL close,89859.53055,-0.005308,-0.530777,124681.554,-0.279288,-27.928769,0.025443,2.544318,-0.055513,-5.551272,true,true,
2025-12-07,10:00,15:00,1765119600000,49,BTC-12DEC25-100000-C,88237.5,105.885,0.0012,Deribit option 1-minute OHLC close at 10:00 NY snapshot; option-denominated close converted to USD with snapshot BTC-PERPETUAL close,88131.615,-0.019229,-1.922907,124681.554,-0.293146,-29.314632,0.025114,2.511373,-0.055513,-5.551272,true,true,
2025-12-08,10:00,15:00,1765206000000,49,BTC-12DEC25-100000-C,90906.5,109.0878,0.0012,Deribit option 1-minute OHLC close at 10:00 NY snapshot; option-denominated close converted to USD with snapshot BTC-PERPETUAL close,90797.4122,0.030248,3.024791,124681.554,-0.271765,-27.176548,0.025451,2.545101,-0.055513,-5.551272,true,true,
2025-12-09,10:00,15:00,1765292400000,49,BTC-12DEC25-100000-C,90415,63.2905,0.0007,Deribit option 1-minute OHLC close at 10:00 NY snapshot; option-denominated close converted to USD with snapshot BTC-PERPETUAL close,90351.7095,-0.004909,-0.490876,124681.554,-0.27534,-27.53402,0.024705,2.470494,-0.055513,-5.551272,true,true,
2025-12-10,10:00,15:00,1765378800000,49,BTC-12DEC25-100000-C,91803.5,55.0821,0.0006,Deribit option 1-minute OHLC close at 10:00 NY snapshot; option-denominated close converted to USD with snapshot BTC-PERPETUAL close,91748.4179,0.015459,1.545857,124681.554,-0.264138,-26.4138,0.02425,2.424979,-0.055513,-5.551272,true,true,
2025-12-11,10:00,15:00,1765465200000,49,BTC-12DEC25-100000-C,89440.5,8.94405,0.0001,Deribit option 1-minute OHLC close at 10:00 NY snapshot; option-denominated close converted to USD with snapshot BTC-PERPETUAL close,89431.55595,-0.025252,-2.525234,124681.554,-0.28272,-28.272023,0.024311,2.431111,-0.055513,-5.551272,true,true,
2025-12-12,10:00,15:00,1765551600000,50,BTC-19DEC25-100000-C,92354,193.9434,0.0021,Deribit option 1-minute OHLC close at 10:00 NY snapshot; option-denominated close converted to USD with snapshot BTC-PERPETUAL close,92160.0566,0.030509,3.050937,124681.554,-0.260836,-26.083648,0.024727,2.472686,-0.055513,-5.551272,true,true,
2025-12-13,10:00,15:00,1765638000000,50,BTC-19DEC25-100000-C,90160.5,90.1605,0.001,Deribit option 1-minute OHLC close at 10:00 NY snapshot; option-denominated close converted to USD with snapshot BTC-PERPETUAL close,90070.3395,-0.022675,-2.267487,124681.554,-0.277597,-27.759691,0.024609,2.460856,-0.055513,-5.551272,true,true,
2025-12-14,10:00,15:00,1765724400000,50,BTC-19DEC25-100000-C,89059,62.3413,0.0007,Deribit option 1-minute OHLC close at 10:00 NY snapshot; option-denominated close converted to USD with snapshot BTC-PERPETUAL close,88996.6587,-0.01192,-1.192047,124681.554,-0.286208,-28.62083,0.024037,2.40369,-0.055513,-5.551272,true,true,
2025-12-15,10:00,15:00,1765810800000,50,BTC-19DEC25-100000-C,87888.5,43.94425,0.0005,Deribit option 1-minute OHLC close at 10:00 NY snapshot; option-denominated close converted to USD with snapshot BTC-PERPETUAL close,87844.55575,-0.012945,-1.294546,124681.554,-0.295449,-29.544866,0.023519,2.351938,-0.055513,-5.551272,true,true,
2025-12-16,10:00,15:00,1765897200000,50,BTC-19DEC25-100000-C,87330.5,17.4661,0.0002,Deribit option 1-minute OHLC close at 10:00 NY snapshot; option-denominated close converted to USD with snapshot BTC-PERPETUAL close,87313.0339,-0.006051,-0.605071,124681.554,-0.299712,-29.97117,0.022851,2.2851,-0.051073,-5.107307,true,true,
2025-12-17,10:00,15:00,1765983600000,50,BTC-19DEC25-100000-C,89679,8.9679,0.0001,Deribit option 1-minute OHLC close at 10:00 NY snapshot; option-denominated close converted to USD with snapshot BTC-PERPETUAL close,89670.0321,0.026995,2.69948,124681.554,-0.280808,-28.080755,0.023121,2.312058,-0.051073,-5.107307,true,true,
2025-12-18,10:00,15:00,1766070000000,50,BTC-19DEC25-100000-C,88408.5,8.84085,0.0001,Deribit option 1-minute OHLC close at 10:00 NY snapshot; option-denominated close converted to USD with snapshot BTC-PERPETUAL close,88399.65915,-0.014167,-1.41672,124681.554,-0.290996,-29.099649,0.022683,2.268326,-0.051073,-5.107307,true,true,
2025-12-19,10:00,15:00,1766156400000,51,BTC-26DEC25-96000-C,88079.5,184.96695,0.0021,Deribit option 1-minute OHLC close at 10:00 NY snapshot; option-denominated close converted to USD with snapshot BTC-PERPETUAL close,87894.53305,-0.005714,-0.571412,124681.554,-0.295048,-29.504782,0.022037,2.203673,-0.051073,-5.107307,true,true,
2025-12-20,10:00,15:00,1766242800000,51,BTC-26DEC25-96000-C,88231,105.8772,0.0012,Deribit option 1-minute OHLC close at 10:00 NY snapshot; option-denominated close converted to USD with snapshot BTC-PERPETUAL close,88125.1228,0.002623,0.262348,124681.554,-0.293198,-29.319839,0.021375,2.137506,-0.051073,-5.107307,true,true,
2025-12-21,10:00,15:00,1766329200000,51,BTC-26DEC25-96000-C,88015,132.0225,0.0015,Deribit option 1-minute OHLC close at 10:00 NY snapshot; option-denominated close converted to USD with snapshot BTC-PERPETUAL close,87882.9775,-0.002748,-0.274774,124681.554,-0.295141,-29.51405,0.020735,2.073482,-0.051073,-5.107307,true,true,
2025-12-22,10:00,15:00,1766415600000,51,BTC-26DEC25-96000-C,90050,180.1,0.002,Deribit option 1-minute OHLC close at 10:00 NY snapshot; option-denominated close converted to USD with snapshot BTC-PERPETUAL close,89869.9,0.022609,2.260873,124681.554,-0.279205,-27.920452,0.020852,2.0852,-0.051073,-5.107307,true,true,
2025-12-23,10:00,15:00,1766502000000,51,BTC-26DEC25-96000-C,86789,26.0367,0.0003,Deribit option 1-minute OHLC close at 10:00 NY snapshot; option-denominated close converted to USD with snapshot BTC-PERPETUAL close,86762.9633,-0.034571,-3.457149,124681.554,-0.304124,-30.41235,0.021919,2.191869,-0.030519,-3.051853,true,true,
2025-12-24,10:00,15:00,1766588400000,51,BTC-26DEC25-96000-C,87085.5,8.70855,0.0001,Deribit option 1-minute OHLC close at 10:00 NY snapshot; option-denominated close converted to USD with snapshot BTC-PERPETUAL close,87076.79145,0.003617,0.361708,124681.554,-0.301606,-30.160646,0.021269,2.126942,-0.034712,-3.471215,true,true,
2025-12-25,10:00,15:00,1766674800000,51,BTC-26DEC25-96000-C,87712.5,8.77125,0.0001,Deribit option 1-minute OHLC close at 10:00 NY snapshot; option-denominated close converted to USD with snapshot BTC-PERPETUAL close,87703.72875,0.0072,0.719982,124681.554,-0.296578,-29.657816,0.020697,2.069674,-0.034712,-3.471215,true,true,
