date,year,regime,cycle_id,mtm_valid,data_quality_state,approximate_CCW_value,daily_return_pct,rolling_drawdown_pct,EWMA_vol_pct,historical_VaR_loss_pct,underwater_duration_days,recent_tail_loss_days,drawdown_state,var_state,ewma_state,tail_state,duration_state,raw_state,final_state,hysteresis_hold,upgrade_reasons,notes
2020-01-03,2020,Bull market,1,true,partial_signal,7236.36375,,0,,,0,0,normal,normal,normal,normal,normal,normal,normal,false,,
2020-01-04,2020,Bull market,1,true,valid_signal,7288.07,0.714534,0,0.714534,,0,0,normal,normal,normal,normal,normal,normal,normal,false,,
2020-01-05,2020,Bull market,1,true,valid_signal,7405.26,1.60797,0,0.796906,,0,0,normal,normal,normal,normal,normal,normal,normal,false,,
2020-01-06,2020,Bull market,1,true,valid_signal,7506.07,1.36133,0,0.841516,,0,0,normal,normal,normal,normal,normal,normal,normal,false,,
2020-01-07,2020,Bull market,1,true,valid_signal,7752.8625,3.287906,0,1.14642,,0,0,normal,normal,normal,normal,normal,normal,normal,false,,
2020-01-08,2020,Bull market,1,true,valid_signal,7962.417,2.702931,0,1.293744,,0,0,normal,normal,normal,normal,normal,normal,normal,false,,
2020-01-09,2020,Bull market,1,true,valid_signal,7846.0725,-1.461171,-1.461171,1.304395,,1,0,normal,normal,normal,normal,normal,normal,normal,false,,
2020-01-10,2020,Bull market,2,true,valid_signal,7765.30325,-1.029423,-2.475552,1.289551,,2,0,normal,normal,normal,normal,normal,normal,normal,false,,
2020-01-11,2020,Bull market,2,true,valid_signal,7798.855,0.432073,-2.054175,1.254738,,3,0,normal,normal,normal,normal,normal,normal,normal,false,,
2020-01-12,2020,Bull market,2,true,valid_signal,7862.274,0.813183,-1.257696,1.232713,,4,0,normal,normal,normal,normal,normal,normal,normal,false,,
2020-01-13,2020,Bull market,2,true,valid_signal,7863.14875,0.011126,-1.24671,1.195163,,5,0,normal,normal,normal,normal,normal,normal,normal,false,,
2020-01-14,2020,Bull market,2,true,valid_signal,7997.76425,1.71198,0,1.232299,,0,0,normal,normal,normal,normal,normal,normal,normal,false,,
2020-01-15,2020,Bull market,2,true,valid_signal,8037.378,0.49531,0,1.200903,,0,0,normal,normal,normal,normal,normal,normal,normal,false,,
2020-01-16,2020,Bull market,2,true,valid_signal,8004.5325,-0.408659,-0.408659,1.168614,,1,0,normal,normal,normal,normal,normal,normal,normal,false,,
2020-01-17,2020,Bull market,3,true,valid_signal,8555.1375,6.878665,0,2.030439,,0,0,normal,normal,normal,normal,normal,normal,normal,false,,
2020-01-18,2020,Bull market,3,true,valid_signal,8689.541,1.571027,0,2.005843,,0,0,normal,normal,normal,normal,normal,normal,normal,false,,
2020-01-19,2020,Bull market,3,true,valid_signal,8514.44475,-2.015023,-2.015023,2.006395,,1,1,normal,normal,normal,watch,normal,watch,watch,false,,
2020-01-20,2020,Bull market,3,true,valid_signal,8593.9185,0.933399,-1.100432,1.958662,,2,1,normal,normal,normal,normal,normal,normal,watch,true,,
2020-01-21,2020,Bull market,3,true,valid_signal,8594.124,0.002391,-1.098067,1.898994,,3,1,normal,normal,normal,normal,normal,normal,normal,false,,
2020-01-22,2020,Bull market,3,true,valid_signal,8608.098,0.162599,-0.937253,1.841574,,4,1,normal,normal,normal,normal,normal,normal,normal,false,,
2020-01-23,2020,Bull market,3,true,valid_signal,8332.8315,-3.197762,-4.105044,1.949731,,5,2,normal,normal,normal,watch,normal,stress,stress,false,recent_tail_loss_days_gte_2,
2020-01-24,2020,Bull market,4,true,valid_signal,8392.55175,0.716686,-3.417778,1.898468,,6,2,normal,normal,normal,normal,normal,watch,stress,true,recent_tail_loss_days_gte_2,
2020-01-25,2020,Bull market,4,true,valid_signal,8269.788,-1.46277,-4.830554,1.875183,,7,2,normal,normal,normal,normal,normal,watch,stress,true,recent_tail_loss_days_gte_2,
2020-01-26,2020,Bull market,4,true,valid_signal,8410.224,1.698181,-3.214405,1.865037,,8,1,normal,normal,normal,normal,normal,normal,watch,true,,
2020-01-27,2020,Bull market,4,true,valid_signal,8668.18875,3.067276,-0.245724,1.958099,,9,1,normal,normal,normal,normal,normal,normal,watch,true,,
2020-01-28,2020,Bull market,4,true,valid_signal,8837.2465,1.950324,0,1.957633,,0,1,normal,normal,normal,normal,normal,normal,normal,false,,
2020-01-29,2020,Bull market,4,true,valid_signal,8962.286,1.414915,0,1.92938,,0,1,normal,normal,normal,normal,normal,normal,normal,false,,
2020-01-30,2020,Bull market,4,true,valid_signal,8936.10125,-0.292166,-0.292166,1.871972,,1,0,normal,normal,normal,normal,normal,normal,normal,false,,
2020-01-31,2020,Bull market,5,false,data_gap,,,,1.871972,,,0,normal,normal,normal,normal,normal,normal,normal,true,,missing_observed_option_instrument; synthetic/theoretical cycle excluded from option valuation
2020-02-01,2020,Bull market,5,false,data_gap,,,,1.871972,,,0,normal,normal,normal,normal,normal,normal,normal,true,,missing_observed_option_instrument; synthetic/theoretical cycle excluded from option valuation
2020-02-02,2020,Bull market,5,false,data_gap,,,,1.871972,,,0,normal,normal,normal,normal,normal,normal,normal,true,,missing_observed_option_instrument; synthetic/theoretical cycle excluded from option valuation
2020-02-03,2020,Bull market,5,false,data_gap,,,,1.871972,,,0,normal,normal,normal,normal,normal,normal,normal,true,,missing_observed_option_instrument; synthetic/theoretical cycle excluded from option valuation
2020-02-04,2020,Bull market,5,false,data_gap,,,,1.871972,,,0,normal,normal,normal,normal,normal,normal,normal,true,,missing_observed_option_instrument; synthetic/theoretical cycle excluded from option valuation
2020-02-05,2020,Bull market,5,false,data_gap,,,,1.871972,,,0,normal,normal,normal,normal,normal,normal,normal,true,,missing_observed_option_instrument; synthetic/theoretical cycle excluded from option valuation
2020-02-06,2020,Bull market,5,false,data_gap,,,,1.871972,,,0,normal,normal,normal,normal,normal,normal,normal,true,,missing_observed_option_instrument; synthetic/theoretical cycle excluded from option valuation
2020-02-07,2020,Bull market,6,true,partial_signal,9603.9375,,0,1.871972,,0,0,normal,normal,normal,normal,normal,normal,normal,false,,daily_return_not_computed_across_missing_mtm_gap
2020-02-08,2020,Bull market,6,true,valid_signal,9645.036,0.427934,0,1.817969,,0,0,normal,normal,normal,normal,normal,normal,normal,false,,
2020-02-09,2020,Bull market,6,true,valid_signal,9808.35825,1.69333,0,1.810732,,0,0,normal,normal,normal,normal,normal,normal,normal,false,,
2020-02-10,2020,Bull market,6,true,valid_signal,9742.16025,-0.674914,-0.674914,1.763337,,1,0,normal,normal,normal,normal,normal,normal,normal,false,,
2020-02-11,2020,Bull market,6,true,valid_signal,9754.518,0.126848,-0.548922,1.709901,1.766509,2,0,normal,normal,normal,normal,normal,normal,normal,false,,
2020-02-12,2020,Bull market,6,true,valid_signal,9947.393,1.977289,0,1.727112,1.766509,0,0,normal,normal,normal,normal,normal,normal,normal,false,,
2020-02-13,2020,Bull market,6,true,valid_signal,9957.33,0.099896,0,1.674676,1.766509,0,0,normal,normal,normal,normal,normal,normal,normal,false,,
2020-02-14,2020,Bull market,7,true,valid_signal,10140.7115,1.841673,0,1.685163,1.766509,0,0,normal,normal,normal,normal,normal,normal,normal,false,,
2020-02-15,2020,Bull market,7,true,valid_signal,10166.512,0.254425,0,1.635014,1.766509,0,0,normal,normal,normal,normal,normal,normal,normal,false,,
2020-02-16,2020,Bull market,7,true,valid_signal,9891.7355,-2.702761,-2.702761,1.717897,1.766509,1,1,normal,normal,normal,watch,normal,watch,watch,false,,
2020-02-17,2020,Bull market,7,true,valid_signal,9614.05725,-2.807174,-5.434064,1.801919,2.393279,2,2,normal,normal,normal,watch,normal,stress,stress,false,recent_tail_loss_days_gte_2,
2020-02-18,2020,Bull market,7,true,valid_signal,9726.1345,1.165764,-4.331648,1.770208,2.760188,3,2,normal,normal,normal,normal,normal,watch,stress,true,recent_tail_loss_days_gte_2,
2020-02-19,2020,Bull market,7,true,valid_signal,10130.3595,4.15607,-0.355604,1.995494,2.760188,4,2,normal,normal,normal,normal,normal,watch,stress,true,recent_tail_loss_days_gte_2,
2020-02-20,2020,Bull market,7,true,valid_signal,9595.395,-5.280805,-5.61763,2.327292,2.760188,5,3,normal,normal,normal,stress,normal,crisis,crisis,false,recent_tail_loss_days_gte_2,
2020-02-21,2020,Bull market,8,true,valid_signal,9542.34,-0.552921,-6.13949,2.260455,3.021998,6,3,normal,normal,normal,normal,normal,watch,crisis,true,recent_tail_loss_days_gte_2,
2020-02-22,2020,Bull market,8,true,valid_signal,9557.418,0.158012,-5.99118,2.191934,3.021998,7,3,normal,normal,normal,normal,normal,watch,crisis,true,recent_tail_loss_days_gte_2,
2020-02-23,2020,Bull market,8,true,valid_signal,9751.26,2.028184,-4.084508,2.182455,3.021998,8,2,normal,normal,normal,normal,normal,watch,stress,true,recent_tail_loss_days_gte_2,
2020-02-24,2020,Bull market,8,true,valid_signal,9608.3,-1.466067,-5.490693,2.146226,3.021998,9,1,normal,normal,normal,normal,normal,normal,stress,true,,
2020-02-25,2020,Bull market,8,true,valid_signal,9357.63325,-2.608856,-7.956305,2.176758,3.021998,10,2,normal,normal,normal,watch,normal,stress,stress,false,recent_tail_loss_days_gte_2,
2020-02-26,2020,Bull market,8,true,valid_signal,9021.98675,-3.586874,-11.257797,2.286027,3.021998,11,3,normal,normal,normal,watch,normal,stress,stress,false,recent_tail_loss_days_gte_2,
2020-02-27,2020,Bull market,8,true,valid_signal,8856.06975,-1.83903,-12.889792,2.2617,3.411774,12,2,normal,normal,normal,normal,normal,watch,stress,true,recent_tail_loss_days_gte_2,
2020-02-28,2020,Bull market,9,false,data_gap,,,,2.2617,3.411774,,2,normal,normal,normal,normal,normal,watch,stress,true,recent_tail_loss_days_gte_2,missing_observed_option_instrument; synthetic/theoretical cycle excluded from option valuation
2020-02-29,2020,Bull market,9,false,data_gap,,,,2.2617,3.411774,,2,normal,normal,normal,normal,normal,watch,stress,true,recent_tail_loss_days_gte_2,missing_observed_option_instrument; synthetic/theoretical cycle excluded from option valuation
2020-03-01,2020,Bull market,9,false,data_gap,,,,2.2617,3.411774,,2,normal,normal,normal,normal,normal,watch,stress,true,recent_tail_loss_days_gte_2,missing_observed_option_instrument; synthetic/theoretical cycle excluded from option valuation
2020-03-02,2020,Bull market,9,false,data_gap,,,,2.2617,3.411774,,2,normal,normal,normal,normal,normal,watch,stress,true,recent_tail_loss_days_gte_2,missing_observed_option_instrument; synthetic/theoretical cycle excluded from option valuation
2020-03-03,2020,Bull market,9,false,data_gap,,,,2.2617,3.411774,,2,normal,normal,normal,normal,normal,watch,stress,true,recent_tail_loss_days_gte_2,missing_observed_option_instrument; synthetic/theoretical cycle excluded from option valuation
2020-03-04,2020,Bull market,9,false,data_gap,,,,2.2617,3.411774,,2,normal,normal,normal,normal,normal,watch,stress,true,recent_tail_loss_days_gte_2,missing_observed_option_instrument; synthetic/theoretical cycle excluded from option valuation
2020-03-05,2020,Bull market,9,false,data_gap,,,,2.2617,3.411774,,2,normal,normal,normal,normal,normal,watch,stress,true,recent_tail_loss_days_gte_2,missing_observed_option_instrument; synthetic/theoretical cycle excluded from option valuation
2020-03-06,2020,Bull market,10,true,partial_signal,9055.69375,,-10.926247,2.2617,3.411774,13,2,normal,normal,normal,normal,normal,watch,stress,true,recent_tail_loss_days_gte_2,daily_return_not_computed_across_missing_mtm_gap
2020-03-07,2020,Bull market,10,true,valid_signal,9104.68125,0.540958,-10.444396,2.196799,3.411774,14,2,normal,normal,normal,normal,watch,stress,stress,false,recent_tail_loss_days_gte_2,
2020-03-08,2020,Bull market,10,true,valid_signal,8654.6705,-4.94263,-14.870798,2.449928,3.411774,15,3,normal,normal,normal,watch,watch,stress,stress,false,recent_tail_loss_days_gte_2,
2020-03-09,2020,Bull market,10,true,valid_signal,7835.58025,-9.464141,-22.927546,3.319069,4.33254,16,4,watch,normal,normal,stress,watch,crisis,crisis,false,drawdown_and_underwater_duration_active; recent_tail_loss_days_gte_2,
2020-03-10,2020,Bull market,10,true,valid_signal,8070.46275,2.99764,-20.617192,3.300666,5.128626,17,4,watch,normal,normal,normal,watch,crisis,crisis,false,drawdown_and_underwater_duration_active; recent_tail_loss_days_gte_2,
2020-03-11,2020,Bull market,10,true,valid_signal,7846.075,-2.780358,-22.824318,3.271782,5.128626,18,4,watch,normal,normal,watch,watch,crisis,crisis,false,drawdown_and_underwater_duration_active; recent_tail_loss_days_gte_2,
2020-03-12,2020,Bull market,10,true,valid_signal,5937.156,-24.329604,-41.600856,6.751152,5.128626,19,4,stress,normal,stress,crisis,watch,crisis,crisis,false,drawdown_and_underwater_duration_active; recent_tail_loss_days_gte_2,
2020-03-13,2020,Bull market,11,true,valid_signal,5329.2425,-10.239136,-47.580424,7.009549,7.58164,20,5,stress,watch,stress,crisis,watch,crisis,crisis,false,drawdown_and_var_active; drawdown_and_underwater_duration_active; recent_tail_loss_days_gte_2,
2020-03-14,2020,Bull market,11,true,valid_signal,5195.90125,-2.502068,-48.891997,6.823589,9.890389,21,6,stress,watch,stress,watch,stress,crisis,crisis,false,drawdown_and_var_active; drawdown_and_underwater_duration_active; recent_tail_loss_days_gte_2,
2020-03-15,2020,Bull market,11,true,valid_signal,5175.1805,-0.39879,-49.095811,6.616436,9.890389,22,5,stress,watch,stress,normal,stress,crisis,crisis,false,drawdown_and_var_active; drawdown_and_underwater_duration_active; recent_tail_loss_days_gte_2,
2020-03-16,2020,Bull market,11,true,valid_signal,4672.884,-9.705874,-54.036507,6.841259,9.890389,23,5,crisis,watch,stress,stress,stress,crisis,crisis,false,drawdown_and_var_active; drawdown_and_underwater_duration_active; recent_tail_loss_days_gte_2,
2020-03-17,2020,Bull market,11,true,valid_signal,5017.6915,7.378901,-50.644907,6.874704,9.999168,24,5,crisis,watch,stress,normal,stress,crisis,crisis,false,drawdown_and_var_active; drawdown_and_underwater_duration_active; recent_tail_loss_days_gte_2,
2020-03-18,2020,Bull market,11,true,valid_signal,5282.64,5.280287,-48.038816,6.789606,9.999168,25,4,stress,watch,stress,normal,stress,crisis,crisis,false,drawdown_and_var_active; drawdown_and_underwater_duration_active; recent_tail_loss_days_gte_2,
2020-03-19,2020,Bull market,11,true,valid_signal,5740.0875,8.659449,-43.539264,6.916067,9.999168,26,3,stress,watch,stress,normal,stress,crisis,crisis,false,drawdown_and_var_active; drawdown_and_underwater_duration_active; recent_tail_loss_days_gte_2,
2020-03-20,2020,Bull market,12,true,valid_signal,6179.03,7.646965,-39.221731,6.962085,9.999168,27,2,stress,watch,stress,normal,stress,crisis,crisis,false,drawdown_and_var_active; drawdown_and_underwater_duration_active; recent_tail_loss_days_gte_2,
2020-03-21,2020,Bull market,12,true,valid_signal,6018.675,-2.595148,-40.799017,6.779858,9.999168,28,2,stress,watch,stress,watch,crisis,crisis,crisis,false,drawdown_and_var_active; drawdown_and_underwater_duration_active; recent_tail_loss_days_gte_2,
2020-03-22,2020,Bull market,12,true,valid_signal,5932.2505,-1.435939,-41.649107,6.58272,9.999168,29,2,stress,watch,stress,normal,crisis,crisis,crisis,false,drawdown_and_var_active; drawdown_and_underwater_duration_active; recent_tail_loss_days_gte_2,
2020-03-23,2020,Bull market,12,true,valid_signal,6108.494,2.970938,-39.915538,6.42354,9.999168,30,1,stress,watch,stress,normal,crisis,crisis,crisis,false,drawdown_and_var_active; drawdown_and_underwater_duration_active,
2020-03-24,2020,Bull market,12,true,valid_signal,6474.468,5.991231,-36.315739,6.398425,9.999168,31,1,stress,watch,stress,normal,crisis,crisis,crisis,false,drawdown_and_var_active; drawdown_and_underwater_duration_active,
2020-03-25,2020,Bull market,12,true,valid_signal,6406.363,-1.051901,-36.985635,6.208852,9.999168,32,1,stress,watch,stress,normal,crisis,crisis,crisis,false,drawdown_and_var_active; drawdown_and_underwater_duration_active,
2020-03-26,2020,Bull market,12,true,valid_signal,6586.244,2.807849,-35.216287,6.058869,9.999168,33,1,stress,watch,stress,normal,crisis,crisis,crisis,false,drawdown_and_var_active; drawdown_and_underwater_duration_active,
2020-03-27,2020,Bull market,13,false,data_gap,,,,6.058869,9.999168,,1,normal,watch,stress,normal,crisis,crisis,crisis,true,,missing_observed_option_instrument; synthetic/theoretical cycle excluded from option valuation
2020-03-28,2020,Bull market,13,false,data_gap,,,,6.058869,9.999168,,1,normal,watch,stress,normal,crisis,crisis,crisis,true,,missing_observed_option_instrument; synthetic/theoretical cycle excluded from option valuation
2020-03-29,2020,Bull market,13,false,data_gap,,,,6.058869,9.999168,,1,normal,watch,stress,normal,crisis,crisis,crisis,true,,missing_observed_option_instrument; synthetic/theoretical cycle excluded from option valuation
2020-03-30,2020,Bull market,13,false,data_gap,,,,6.058869,9.999168,,1,normal,watch,stress,normal,crisis,crisis,crisis,true,,missing_observed_option_instrument; synthetic/theoretical cycle excluded from option valuation
2020-03-31,2020,Bull market,13,false,data_gap,,,,6.058869,9.999168,,1,normal,watch,stress,normal,crisis,crisis,crisis,true,,missing_observed_option_instrument; synthetic/theoretical cycle excluded from option valuation
2020-04-01,2020,Bull market,13,false,data_gap,,,,6.058869,9.999168,,1,normal,watch,stress,normal,crisis,crisis,crisis,true,,missing_observed_option_instrument; synthetic/theoretical cycle excluded from option valuation
2020-04-02,2020,Bull market,13,false,data_gap,,,,6.058869,9.999168,,1,normal,watch,stress,normal,crisis,crisis,crisis,true,,missing_observed_option_instrument; synthetic/theoretical cycle excluded from option valuation
2020-04-03,2020,Bull market,14,true,partial_signal,6578.045,,-35.296934,6.058869,9.999168,34,1,stress,watch,stress,normal,crisis,crisis,crisis,false,drawdown_and_var_active; drawdown_and_underwater_duration_active,daily_return_not_computed_across_missing_mtm_gap
2020-04-04,2020,Bull market,14,true,valid_signal,6576.7275,-0.020029,-35.309893,5.874293,9.999168,35,1,stress,watch,watch,normal,crisis,crisis,crisis,false,drawdown_and_var_active; drawdown_and_underwater_duration_active,
2020-04-05,2020,Bull market,14,true,valid_signal,6652.8215,1.157019,-34.561416,5.702386,9.999168,36,0,watch,watch,watch,normal,crisis,crisis,crisis,false,drawdown_and_var_active; drawdown_and_underwater_duration_active,
2020-04-06,2020,Bull market,14,true,valid_signal,6833.9575,2.722694,-32.779723,5.568748,9.999168,37,0,watch,watch,watch,normal,crisis,crisis,crisis,false,drawdown_and_var_active; drawdown_and_underwater_duration_active,
2020-04-07,2020,Bull market,14,true,valid_signal,6969.222,1.9793,-31.449233,5.420826,9.999168,38,0,watch,watch,watch,normal,crisis,crisis,crisis,false,drawdown_and_var_active; drawdown_and_underwater_duration_active,
2020-04-08,2020,Bull market,14,true,valid_signal,6930.43425,-0.556558,-31.830757,5.257454,9.999168,39,0,watch,watch,watch,normal,crisis,crisis,crisis,false,drawdown_and_var_active; drawdown_and_underwater_duration_active,
2020-04-09,2020,Bull market,14,true,valid_signal,6988.4925,0.837729,-31.259684,5.101419,9.999168,40,0,watch,watch,watch,normal,crisis,crisis,crisis,false,drawdown_and_var_active; drawdown_and_underwater_duration_active,
2020-04-10,2020,Bull market,15,true,valid_signal,6702.813,-4.087856,-34.069689,5.04635,9.999168,41,1,watch,watch,watch,watch,crisis,crisis,crisis,false,drawdown_and_var_active; drawdown_and_underwater_duration_active,
2020-04-11,2020,Bull market,15,true,valid_signal,6693.9155,-0.132743,-34.157207,4.892725,9.999168,42,1,watch,watch,watch,normal,crisis,crisis,crisis,false,drawdown_and_var_active; drawdown_and_underwater_duration_active,
2020-04-12,2020,Bull market,15,true,valid_signal,6759.72725,0.983158,-33.509868,4.749782,9.999168,43,1,watch,watch,watch,normal,crisis,crisis,crisis,false,drawdown_and_var_active; drawdown_and_underwater_duration_active,
2020-04-13,2020,Bull market,15,true,valid_signal,6574.44375,-2.740991,-35.332356,4.653771,9.999168,44,2,stress,watch,watch,watch,crisis,crisis,crisis,false,drawdown_and_var_active; drawdown_and_underwater_duration_active; recent_tail_loss_days_gte_2,
2020-04-14,2020,Bull market,15,true,valid_signal,6795.012,3.354934,-33.1628,4.586226,9.999168,45,2,watch,watch,watch,normal,crisis,crisis,crisis,false,drawdown_and_var_active; drawdown_and_underwater_duration_active; recent_tail_loss_days_gte_2,
2020-04-15,2020,Bull market,15,true,valid_signal,6691.375,-1.525192,-34.182195,4.462178,9.999168,46,2,watch,watch,watch,normal,crisis,crisis,crisis,false,drawdown_and_var_active; drawdown_and_underwater_duration_active; recent_tail_loss_days_gte_2,
2020-04-16,2020,Bull market,15,true,valid_signal,6911.01875,3.282491,-32.021732,4.400324,9.999168,47,2,watch,watch,watch,normal,crisis,crisis,crisis,false,drawdown_and_var_active; drawdown_and_underwater_duration_active; recent_tail_loss_days_gte_2,
2020-04-17,2020,Bull market,16,true,valid_signal,6805.8375,-1.521936,-33.056318,4.28253,9.999168,48,1,watch,watch,watch,normal,crisis,crisis,crisis,false,drawdown_and_var_active; drawdown_and_underwater_duration_active,
2020-04-18,2020,Bull market,16,true,valid_signal,6885.934,1.176879,-32.268471,4.162062,9.999168,49,1,watch,watch,normal,normal,crisis,crisis,crisis,false,drawdown_and_var_active; drawdown_and_underwater_duration_active,
2020-04-19,2020,Bull market,16,true,valid_signal,6804.87075,-1.17723,-33.065827,4.045559,9.999168,50,1,watch,watch,normal,normal,crisis,crisis,crisis,false,drawdown_and_var_active; drawdown_and_underwater_duration_active,
2020-04-20,2020,Bull market,16,true,valid_signal,6824.30175,0.285545,-32.874699,3.922938,7.177766,51,0,watch,watch,normal,normal,crisis,crisis,crisis,false,drawdown_and_var_active; drawdown_and_underwater_duration_active,
2020-04-21,2020,Bull market,16,true,valid_signal,6763.848,-0.88586,-33.469335,3.809615,3.481767,52,0,watch,normal,normal,normal,crisis,crisis,crisis,false,drawdown_and_underwater_duration_active,
2020-04-22,2020,Bull market,16,true,valid_signal,6925.9355,2.39638,-31.875008,3.739911,3.481767,53,0,watch,normal,normal,normal,crisis,crisis,crisis,false,drawdown_and_underwater_duration_active,
2020-04-23,2020,Bull market,16,true,valid_signal,6980.753,0.791482,-31.335811,3.631157,3.481767,54,0,watch,normal,normal,normal,crisis,crisis,crisis,false,drawdown_and_underwater_duration_active,
2020-04-24,2020,Bull market,17,false,data_gap,,,,3.631157,3.481767,,0,normal,normal,normal,normal,crisis,crisis,crisis,true,,missing_observed_option_instrument; synthetic/theoretical cycle excluded from option valuation
2020-04-25,2020,Bull market,17,false,data_gap,,,,3.631157,3.481767,,0,normal,normal,normal,normal,crisis,crisis,crisis,true,,missing_observed_option_instrument; synthetic/theoretical cycle excluded from option valuation
2020-04-26,2020,Bull market,17,false,data_gap,,,,3.631157,3.481767,,0,normal,normal,normal,normal,crisis,crisis,crisis,true,,missing_observed_option_instrument; synthetic/theoretical cycle excluded from option valuation
2020-04-27,2020,Bull market,17,false,data_gap,,,,3.631157,3.481767,,0,normal,normal,normal,normal,crisis,crisis,crisis,true,,missing_observed_option_instrument; synthetic/theoretical cycle excluded from option valuation
2020-04-28,2020,Bull market,17,false,data_gap,,,,3.631157,3.481767,,0,normal,normal,normal,normal,crisis,crisis,crisis,true,,missing_observed_option_instrument; synthetic/theoretical cycle excluded from option valuation
2020-04-29,2020,Bull market,17,false,data_gap,,,,3.631157,3.481767,,0,normal,normal,normal,normal,crisis,crisis,crisis,true,,missing_observed_option_instrument; synthetic/theoretical cycle excluded from option valuation
2020-04-30,2020,Bull market,17,false,data_gap,,,,3.631157,3.481767,,0,normal,normal,normal,normal,crisis,crisis,crisis,true,,missing_observed_option_instrument; synthetic/theoretical cycle excluded from option valuation
2020-05-01,2020,Bull market,18,false,data_gap,,,,3.631157,3.481767,,0,normal,normal,normal,normal,crisis,crisis,crisis,true,,missing_observed_option_instrument; synthetic/theoretical cycle excluded from option valuation
2020-05-02,2020,Bull market,18,false,data_gap,,,,3.631157,3.481767,,0,normal,normal,normal,normal,crisis,crisis,crisis,true,,missing_observed_option_instrument; synthetic/theoretical cycle excluded from option valuation
2020-05-03,2020,Bull market,18,false,data_gap,,,,3.631157,3.481767,,0,normal,normal,normal,normal,crisis,crisis,crisis,true,,missing_observed_option_instrument; synthetic/theoretical cycle excluded from option valuation
2020-05-04,2020,Bull market,18,false,data_gap,,,,3.631157,3.481767,,0,normal,normal,normal,normal,crisis,crisis,crisis,true,,missing_observed_option_instrument; synthetic/theoretical cycle excluded from option valuation
2020-05-05,2020,Bull market,18,false,data_gap,,,,3.631157,3.481767,,0,normal,normal,normal,normal,crisis,crisis,crisis,true,,missing_observed_option_instrument; synthetic/theoretical cycle excluded from option valuation
2020-05-06,2020,Bull market,18,false,data_gap,,,,3.631157,3.481767,,0,normal,normal,normal,normal,crisis,crisis,crisis,true,,missing_observed_option_instrument; synthetic/theoretical cycle excluded from option valuation
2020-05-07,2020,Bull market,18,false,data_gap,,,,3.631157,3.481767,,0,normal,normal,normal,normal,crisis,crisis,crisis,true,,missing_observed_option_instrument; synthetic/theoretical cycle excluded from option valuation
2020-05-08,2020,Bull market,19,true,partial_signal,9530.19375,,-6.258963,3.631157,3.481767,55,0,normal,normal,normal,normal,crisis,crisis,crisis,false,,daily_return_not_computed_across_missing_mtm_gap
2020-05-09,2020,Bull market,19,true,valid_signal,9518.74,-0.120184,-6.371625,3.520661,2.675362,56,0,normal,normal,normal,normal,crisis,crisis,crisis,false,,
2020-05-10,2020,Bull market,19,true,valid_signal,8703.387,-8.565766,-14.391612,4.006706,2.675362,57,1,normal,normal,normal,stress,crisis,crisis,crisis,false,,
2020-05-11,2020,Bull market,19,true,valid_signal,8798.6115,1.094109,-13.454964,3.893879,3.481767,58,1,normal,normal,normal,normal,crisis,crisis,crisis,false,,
2020-05-12,2020,Bull market,19,true,valid_signal,8749.8555,-0.554133,-13.934538,3.777695,3.481767,59,1,normal,normal,normal,normal,crisis,crisis,crisis,false,,
2020-05-13,2020,Bull market,19,true,valid_signal,9070.2675,3.661912,-10.782897,3.770848,3.481767,60,1,normal,normal,normal,normal,crisis,crisis,crisis,false,,
2020-05-14,2020,Bull market,19,true,valid_signal,9573.22575,5.545131,-5.835691,3.900134,3.481767,61,1,normal,normal,normal,normal,crisis,crisis,crisis,false,,
2020-05-15,2020,Bull market,20,true,valid_signal,9310.275,-2.746731,-8.422131,3.84071,3.481767,62,2,normal,normal,normal,watch,crisis,crisis,crisis,false,recent_tail_loss_days_gte_2,
2020-05-16,2020,Bull market,20,true,valid_signal,9295.4325,-0.159421,-8.568125,3.723912,3.48435,63,2,normal,normal,normal,normal,crisis,crisis,crisis,false,recent_tail_loss_days_gte_2,
2020-05-17,2020,Bull market,20,true,valid_signal,9561.905,2.866704,-5.947045,3.678117,3.48435,64,1,normal,normal,normal,normal,crisis,crisis,crisis,false,,
2020-05-18,2020,Bull market,20,true,valid_signal,9459.783,-1.068009,-6.951539,3.57565,3.48435,65,1,normal,normal,normal,normal,crisis,crisis,crisis,false,,
2020-05-19,2020,Bull market,20,true,valid_signal,9514.457,0.577963,-6.413753,3.469611,3.48435,66,1,normal,normal,normal,normal,crisis,crisis,crisis,false,,
2020-05-20,2020,Bull market,20,true,valid_signal,9684.288,1.784978,-4.743259,3.392208,3.48435,67,1,normal,normal,normal,normal,crisis,crisis,crisis,false,,
2020-05-21,2020,Bull market,20,true,valid_signal,9287.887,-4.093238,-8.642345,3.438303,3.48435,68,2,normal,normal,normal,watch,crisis,crisis,crisis,false,recent_tail_loss_days_gte_2,
2020-05-22,2020,Bull market,21,true,valid_signal,9035.04375,-2.72229,-11.129365,3.399597,4.090816,69,2,normal,normal,normal,watch,crisis,crisis,crisis,false,recent_tail_loss_days_gte_2,
2020-05-23,2020,Bull market,21,true,valid_signal,9085.5575,0.559087,-10.632501,3.298876,4.090816,70,2,normal,normal,normal,normal,crisis,crisis,crisis,false,recent_tail_loss_days_gte_2,
2020-05-24,2020,Bull market,21,true,valid_signal,8959.4505,-1.387994,-11.872917,3.216398,4.090816,71,2,normal,normal,normal,normal,crisis,crisis,crisis,false,recent_tail_loss_days_gte_2,
2020-05-25,2020,Bull market,21,true,valid_signal,8793.61425,-1.850965,-13.504118,3.151201,4.090816,72,2,normal,normal,normal,normal,crisis,crisis,crisis,false,recent_tail_loss_days_gte_2,
2020-05-26,2020,Bull market,21,true,valid_signal,8777.0025,-0.188907,-13.667514,3.055553,3.48731,73,2,normal,normal,normal,normal,crisis,crisis,crisis,false,recent_tail_loss_days_gte_2,
2020-05-27,2020,Bull market,21,true,valid_signal,9117.64875,3.881123,-10.316845,3.111271,3.48731,74,2,normal,normal,normal,normal,crisis,crisis,crisis,false,recent_tail_loss_days_gte_2,
2020-05-28,2020,Bull market,21,true,valid_signal,9408.582,3.19088,-7.455163,3.116105,3.48731,75,1,normal,normal,normal,normal,crisis,crisis,crisis,false,,
2020-05-29,2020,Bull market,22,false,data_gap,,,,3.116105,3.48731,,1,normal,normal,normal,normal,crisis,crisis,crisis,true,,missing_observed_option_instrument; synthetic/theoretical cycle excluded from option valuation
2020-05-30,2020,Bull market,22,false,data_gap,,,,3.116105,3.48731,,1,normal,normal,normal,normal,crisis,crisis,crisis,true,,missing_observed_option_instrument; synthetic/theoretical cycle excluded from option valuation
2020-05-31,2020,Bull market,22,false,data_gap,,,,3.116105,3.48731,,1,normal,normal,normal,normal,crisis,crisis,crisis,true,,missing_observed_option_instrument; synthetic/theoretical cycle excluded from option valuation
2020-06-01,2020,Bull market,22,false,data_gap,,,,3.116105,3.48731,,1,normal,normal,normal,normal,crisis,crisis,crisis,true,,missing_observed_option_instrument; synthetic/theoretical cycle excluded from option valuation
2020-06-02,2020,Bull market,22,false,data_gap,,,,3.116105,3.48731,,1,normal,normal,normal,normal,crisis,crisis,crisis,true,,missing_observed_option_instrument; synthetic/theoretical cycle excluded from option valuation
2020-06-03,2020,Bull market,22,false,data_gap,,,,3.116105,3.48731,,1,normal,normal,normal,normal,crisis,crisis,crisis,true,,missing_observed_option_instrument; synthetic/theoretical cycle excluded from option valuation
2020-06-04,2020,Bull market,22,false,data_gap,,,,3.116105,3.48731,,1,normal,normal,normal,normal,crisis,crisis,crisis,true,,missing_observed_option_instrument; synthetic/theoretical cycle excluded from option valuation
2020-06-05,2020,Bull market,23,true,partial_signal,9519.18425,,-6.367255,3.116105,3.48731,76,1,normal,normal,normal,normal,crisis,crisis,crisis,false,,daily_return_not_computed_across_missing_mtm_gap
2020-06-06,2020,Bull market,23,true,valid_signal,9500.425,-0.197068,-6.551775,3.021562,3.48731,77,0,normal,normal,normal,normal,crisis,crisis,crisis,false,,
2020-06-07,2020,Bull market,23,true,valid_signal,9351.045,-1.572351,-8.021109,2.954722,3.48731,78,0,normal,normal,normal,normal,crisis,crisis,crisis,false,,
2020-06-08,2020,Bull market,23,true,valid_signal,9560.975,2.24499,-5.956192,2.917012,3.48731,79,0,normal,normal,normal,normal,crisis,crisis,crisis,false,,
2020-06-09,2020,Bull market,23,true,valid_signal,9609.124,0.503599,-5.482588,2.830837,3.48731,80,0,normal,normal,normal,normal,crisis,crisis,crisis,false,,
2020-06-10,2020,Bull market,23,true,valid_signal,9670.178,0.635375,-4.882048,2.749007,3.48731,81,0,normal,normal,normal,normal,crisis,crisis,crisis,false,,
2020-06-11,2020,Bull market,23,true,valid_signal,9588.46875,-0.844961,-5.685758,2.673286,3.48731,82,0,normal,normal,normal,normal,crisis,crisis,crisis,false,,
2020-06-12,2020,Bull market,24,true,valid_signal,9443.115,-1.515922,-7.115489,2.618311,3.48731,83,0,normal,normal,normal,normal,crisis,crisis,crisis,false,,
2020-06-13,2020,Bull market,24,true,valid_signal,9367.7115,-0.798502,-7.857174,2.54607,3.48731,84,0,normal,normal,normal,normal,crisis,crisis,crisis,false,,
2020-06-14,2020,Bull market,24,true,valid_signal,9343.8675,-0.254534,-8.091708,2.469294,3.48731,85,0,normal,normal,normal,normal,crisis,crisis,crisis,false,,
2020-06-15,2020,Bull market,24,true,valid_signal,9175.113,-1.806046,-9.751614,2.4346,3.48731,86,0,normal,normal,normal,normal,crisis,crisis,crisis,false,,
2020-06-16,2020,Bull market,24,true,valid_signal,9488.1105,3.411375,-6.672903,2.503974,3.48731,87,0,normal,normal,normal,normal,crisis,crisis,crisis,false,,
2020-06-17,2020,Bull market,24,true,valid_signal,9400.8775,-0.919393,-7.530946,2.438116,3.48731,88,0,normal,normal,normal,normal,crisis,crisis,crisis,false,,
2020-06-18,2020,Bull market,24,true,valid_signal,9384.606,-0.173085,-7.690996,2.364222,2.735733,89,0,normal,normal,normal,normal,crisis,crisis,crisis,false,,
2020-06-19,2020,Bull market,25,true,valid_signal,9324.7665,-0.637635,-8.27959,2.297513,2.735733,90,0,normal,normal,normal,normal,crisis,crisis,crisis,false,,
2020-06-20,2020,Bull market,25,true,valid_signal,9236.916,-0.94212,-9.143706,2.239444,2.735733,91,0,normal,normal,normal,normal,crisis,crisis,crisis,false,,
2020-06-21,2020,Bull market,25,true,valid_signal,9311.604,0.808582,-8.409059,2.180236,2.735733,92,0,normal,normal,normal,normal,crisis,crisis,crisis,false,,
2020-06-22,2020,Bull market,25,true,valid_signal,9429.87375,1.270133,-7.245732,2.13659,2.735733,93,0,normal,normal,normal,normal,crisis,crisis,crisis,false,,
2020-06-23,2020,Bull market,25,true,valid_signal,9591.8,1.717162,-5.652991,2.113773,2.330194,94,0,normal,normal,normal,normal,crisis,crisis,crisis,false,,
2020-06-24,2020,Bull market,25,true,valid_signal,9315.0065,-2.885731,-8.375591,2.167856,2.330194,95,1,normal,normal,normal,watch,crisis,crisis,crisis,false,,
2020-06-25,2020,Bull market,25,true,valid_signal,9193.401,-1.305479,-9.571729,2.126001,2.812182,96,1,normal,normal,normal,normal,crisis,crisis,crisis,false,,
2020-06-26,2020,Bull market,26,false,data_gap,,,,2.126001,2.812182,,1,normal,normal,normal,normal,crisis,crisis,crisis,true,,missing_observed_option_instrument; synthetic/theoretical cycle excluded from option valuation
2020-06-27,2020,Bull market,26,false,data_gap,,,,2.126001,2.812182,,1,normal,normal,normal,normal,crisis,crisis,crisis,true,,missing_observed_option_instrument; synthetic/theoretical cycle excluded from option valuation
2020-06-28,2020,Bull market,26,false,data_gap,,,,2.126001,2.812182,,1,normal,normal,normal,normal,crisis,crisis,crisis,true,,missing_observed_option_instrument; synthetic/theoretical cycle excluded from option valuation
2020-06-29,2020,Bull market,26,false,data_gap,,,,2.126001,2.812182,,1,normal,normal,normal,normal,crisis,crisis,crisis,true,,missing_observed_option_instrument; synthetic/theoretical cycle excluded from option valuation
2020-06-30,2020,Bull market,26,false,data_gap,,,,2.126001,2.812182,,1,normal,normal,normal,normal,crisis,crisis,crisis,true,,missing_observed_option_instrument; synthetic/theoretical cycle excluded from option valuation
2020-07-01,2020,Bull market,26,false,data_gap,,,,2.126001,2.812182,,1,normal,normal,normal,normal,crisis,crisis,crisis,true,,missing_observed_option_instrument; synthetic/theoretical cycle excluded from option valuation
2020-07-02,2020,Bull market,26,false,data_gap,,,,2.126001,2.812182,,1,normal,normal,normal,normal,crisis,crisis,crisis,true,,missing_observed_option_instrument; synthetic/theoretical cycle excluded from option valuation
2020-07-03,2020,Bull market,27,true,partial_signal,9080.91,,-10.678215,2.126001,2.812182,97,1,normal,normal,normal,normal,crisis,crisis,crisis,false,,daily_return_not_computed_across_missing_mtm_gap
2020-07-04,2020,Bull market,27,true,valid_signal,9066.87925,-0.154508,-10.816224,2.061582,2.812182,98,1,normal,normal,normal,normal,crisis,crisis,crisis,false,,
2020-07-05,2020,Bull market,27,true,valid_signal,8994.488,-0.798414,-11.52828,2.008323,2.812182,99,1,normal,normal,normal,normal,crisis,crisis,crisis,false,,
2020-07-06,2020,Bull market,27,true,valid_signal,9240.482,2.734942,-9.10863,2.059163,2.812182,100,1,normal,normal,normal,normal,crisis,crisis,crisis,false,,
2020-07-07,2020,Bull market,27,true,valid_signal,9241.979,0.0162,-9.093906,1.996437,2.330194,101,1,normal,normal,normal,normal,crisis,crisis,crisis,false,,
2020-07-08,2020,Bull market,27,true,valid_signal,9448.066,2.229901,-7.066789,2.011209,1.830751,102,1,normal,normal,normal,normal,crisis,crisis,crisis,false,,
2020-07-09,2020,Bull market,27,true,valid_signal,9390.3025,-0.611379,-7.634964,1.955682,1.830751,103,0,normal,normal,normal,normal,crisis,crisis,crisis,false,,
2020-07-10,2020,Bull market,28,true,valid_signal,9149.9675,-2.559396,-9.99895,1.997058,1.830751,104,1,normal,normal,normal,watch,crisis,crisis,crisis,false,,
2020-07-11,2020,Bull market,28,true,valid_signal,9199.319,0.539363,-9.513519,1.940722,2.220388,105,1,normal,normal,normal,normal,crisis,crisis,crisis,false,,
2020-07-12,2020,Bull market,28,true,valid_signal,9184.8625,-0.157148,-9.655716,1.881993,2.220388,106,1,normal,normal,normal,normal,crisis,crisis,crisis,false,,
2020-07-13,2020,Bull market,28,true,valid_signal,9301.6875,1.27193,-8.5066,1.851068,2.220388,107,1,normal,normal,normal,normal,crisis,crisis,crisis,false,,
2020-07-14,2020,Bull market,28,true,valid_signal,9196.794,-1.127682,-9.538355,1.81581,2.220388,108,1,normal,normal,normal,normal,crisis,crisis,crisis,false,,
2020-07-15,2020,Bull market,28,true,valid_signal,9217.88875,0.229371,-9.330862,1.761389,2.220388,109,1,normal,normal,normal,normal,crisis,crisis,crisis,false,,
2020-07-16,2020,Bull market,28,true,valid_signal,9075.95975,-1.539713,-10.726907,1.748881,2.220388,110,1,normal,normal,normal,normal,crisis,crisis,crisis,false,,
2020-07-17,2020,Bull market,29,true,valid_signal,9140.183,0.707619,-10.095193,1.70444,2.220388,111,0,normal,normal,normal,normal,crisis,crisis,crisis,false,,
2020-07-18,2020,Bull market,29,true,valid_signal,9148.167,0.087351,-10.016661,1.652654,2.220388,112,0,normal,normal,normal,normal,crisis,crisis,crisis,false,,
2020-07-19,2020,Bull market,29,true,valid_signal,9118.80125,-0.321001,-10.305508,1.604236,2.220388,113,0,normal,normal,normal,normal,crisis,crisis,crisis,false,,
2020-07-20,2020,Bull market,29,true,valid_signal,9140.85,0.241794,-10.088632,1.556491,2.220388,114,0,normal,normal,normal,normal,crisis,crisis,crisis,false,,
2020-07-21,2020,Bull market,29,true,valid_signal,9396.725,2.799247,-7.571791,1.657544,2.220388,115,0,normal,normal,normal,normal,crisis,crisis,crisis,false,,
2020-07-22,2020,Bull market,29,true,valid_signal,9331.1595,-0.697748,-8.216707,1.616112,2.220388,116,0,normal,normal,normal,normal,crisis,crisis,crisis,false,,
2020-07-23,2020,Bull market,29,true,valid_signal,9499.491,1.803972,-6.560962,1.627995,2.220388,117,0,normal,normal,normal,normal,crisis,crisis,crisis,false,,
2020-07-24,2020,Bull market,30,true,valid_signal,9472.323,-0.285994,-6.828192,1.579953,2.100538,118,0,normal,normal,normal,normal,crisis,crisis,crisis,false,,
2020-07-25,2020,Bull market,30,true,valid_signal,9536.6065,0.678646,-6.195886,1.540815,2.100538,119,0,normal,normal,normal,normal,crisis,crisis,crisis,false,,
2020-07-26,2020,Bull market,30,true,valid_signal,9724.746,1.972814,-4.345305,1.57009,2.100538,120,0,normal,normal,normal,normal,crisis,crisis,crisis,false,,
2020-07-27,2020,Bull market,30,true,valid_signal,9828.89125,1.07093,-3.32091,1.544696,2.100538,121,0,normal,normal,normal,normal,crisis,crisis,crisis,false,,
2020-07-28,2020,Bull market,30,true,valid_signal,9997.6365,1.716829,-1.661096,1.555561,2.100538,122,0,normal,normal,normal,normal,crisis,crisis,crisis,false,,
2020-07-29,2020,Bull market,30,true,valid_signal,10004.704,0.070692,-1.591578,1.508272,2.100538,123,0,normal,normal,normal,normal,crisis,crisis,crisis,false,,
2020-07-30,2020,Bull market,30,true,valid_signal,9976.2675,-0.284231,-1.871286,1.46398,2.100538,124,0,normal,normal,normal,normal,crisis,crisis,crisis,false,,
2020-07-31,2020,Bull market,31,false,data_gap,,,,1.46398,2.100538,,0,normal,normal,normal,normal,crisis,crisis,crisis,true,,missing_observed_option_instrument; synthetic/theoretical cycle excluded from option valuation
2020-08-01,2020,Bull market,31,false,data_gap,,,,1.46398,2.100538,,0,normal,normal,normal,normal,crisis,crisis,crisis,true,,missing_observed_option_instrument; synthetic/theoretical cycle excluded from option valuation
2020-08-02,2020,Bull market,31,false,data_gap,,,,1.46398,2.100538,,0,normal,normal,normal,normal,crisis,crisis,crisis,true,,missing_observed_option_instrument; synthetic/theoretical cycle excluded from option valuation
2020-08-03,2020,Bull market,31,false,data_gap,,,,1.46398,2.100538,,0,normal,normal,normal,normal,crisis,crisis,crisis,true,,missing_observed_option_instrument; synthetic/theoretical cycle excluded from option valuation
2020-08-04,2020,Bull market,31,false,data_gap,,,,1.46398,2.100538,,0,normal,normal,normal,normal,crisis,crisis,crisis,true,,missing_observed_option_instrument; synthetic/theoretical cycle excluded from option valuation
2020-08-05,2020,Bull market,31,false,data_gap,,,,1.46398,2.100538,,0,normal,normal,normal,normal,crisis,crisis,crisis,true,,missing_observed_option_instrument; synthetic/theoretical cycle excluded from option valuation
2020-08-06,2020,Bull market,31,false,data_gap,,,,1.46398,2.100538,,0,normal,normal,normal,normal,crisis,crisis,crisis,true,,missing_observed_option_instrument; synthetic/theoretical cycle excluded from option valuation
2020-08-07,2020,Bull market,32,true,partial_signal,11505.207,,0,1.46398,2.100538,0,0,normal,normal,normal,normal,normal,normal,crisis,true,,daily_return_not_computed_across_missing_mtm_gap
2020-08-08,2020,Bull market,32,true,valid_signal,11577.762,0.630628,0,1.427763,2.100538,0,0,normal,normal,normal,normal,normal,normal,crisis,true,,
2020-08-09,2020,Bull market,32,true,valid_signal,11526.68325,-0.44118,-0.44118,1.388479,2.100538,1,0,normal,normal,normal,normal,normal,normal,stress,true,,
2020-08-10,2020,Bull market,32,true,valid_signal,11717.064,1.651652,0,1.40566,1.434308,0,0,normal,normal,normal,normal,normal,normal,stress,true,,
2020-08-11,2020,Bull market,32,true,valid_signal,11596.8645,-1.02585,-1.02585,1.38581,1.354299,1,0,normal,normal,normal,normal,normal,normal,stress,true,,
2020-08-12,2020,Bull market,32,true,valid_signal,11564.325,-0.280589,-1.30356,1.345349,1.354299,2,0,normal,normal,normal,normal,normal,normal,watch,true,,
2020-08-13,2020,Bull market,32,true,valid_signal,11525.73425,-0.333705,-1.632915,1.306923,1.354299,3,0,normal,normal,normal,normal,normal,normal,watch,true,,
2020-08-14,2020,Bull market,33,true,valid_signal,11543.304,0.152439,-1.482965,1.267659,1.354299,4,0,normal,normal,normal,normal,normal,normal,normal,false,,
2020-08-15,2020,Bull market,33,true,valid_signal,11578.7245,0.306849,-1.180667,1.231337,1.354299,5,0,normal,normal,normal,normal,normal,normal,normal,false,,
2020-08-16,2020,Bull market,33,true,valid_signal,11628.89,0.433256,-0.752526,1.198533,1.354299,6,0,normal,normal,normal,normal,normal,normal,normal,false,,
2020-08-17,2020,Bull market,33,true,valid_signal,11817.025,1.617824,0,1.227735,1.354299,0,0,normal,normal,normal,normal,normal,normal,normal,false,,
2020-08-18,2020,Bull market,33,true,valid_signal,11828.256,0.095041,0,1.190561,1.081858,0,0,normal,normal,normal,normal,normal,normal,normal,false,,
2020-08-19,2020,Bull market,33,true,valid_signal,11770.1115,-0.491573,-0.491573,1.160555,1.081858,1,0,normal,normal,normal,normal,normal,normal,normal,false,,
2020-08-20,2020,Bull market,33,true,valid_signal,11790.0235,0.169174,-0.32323,1.125963,1.081858,2,0,normal,normal,normal,normal,normal,normal,normal,false,,
2020-08-21,2020,Bull market,34,true,valid_signal,11552.469,-2.014877,-2.331595,1.198044,1.081858,3,1,normal,normal,normal,watch,normal,watch,watch,false,,
2020-08-22,2020,Bull market,34,true,valid_signal,11516.624,-0.31028,-2.63464,1.16403,1.308474,4,1,normal,normal,normal,normal,normal,normal,watch,true,,
2020-08-23,2020,Bull market,34,true,valid_signal,11503.728,-0.111977,-2.743667,1.128903,1.308474,5,1,normal,normal,normal,normal,normal,normal,normal,false,,
2020-08-24,2020,Bull market,34,true,valid_signal,11642.508,1.206392,-1.570375,1.133701,0.878204,6,1,normal,normal,normal,normal,normal,normal,normal,false,,
2020-08-25,2020,Bull market,34,true,valid_signal,11389.49675,-2.173168,-3.709416,1.221279,0.878204,7,2,normal,normal,normal,watch,normal,stress,stress,false,recent_tail_loss_days_gte_2,
2020-08-26,2020,Bull market,34,true,valid_signal,11404.0845,0.128081,-3.586087,1.184489,1.569815,8,2,normal,normal,normal,normal,normal,watch,stress,true,recent_tail_loss_days_gte_2,
2020-08-27,2020,Bull market,34,true,valid_signal,11404.295,0.001846,-3.584307,1.148405,1.569815,9,2,normal,normal,normal,normal,normal,watch,stress,true,recent_tail_loss_days_gte_2,
2020-08-28,2020,Bull market,35,false,data_gap,,,,1.148405,1.569815,,2,normal,normal,normal,normal,normal,watch,stress,true,recent_tail_loss_days_gte_2,missing_observed_option_instrument; synthetic/theoretical cycle excluded from option valuation
2020-08-29,2020,Bull market,35,false,data_gap,,,,1.148405,1.569815,,2,normal,normal,normal,normal,normal,watch,stress,true,recent_tail_loss_days_gte_2,missing_observed_option_instrument; synthetic/theoretical cycle excluded from option valuation
2020-08-30,2020,Bull market,35,false,data_gap,,,,1.148405,1.569815,,2,normal,normal,normal,normal,normal,watch,stress,true,recent_tail_loss_days_gte_2,missing_observed_option_instrument; synthetic/theoretical cycle excluded from option valuation
2020-08-31,2020,Bull market,35,false,data_gap,,,,1.148405,1.569815,,2,normal,normal,normal,normal,normal,watch,stress,true,recent_tail_loss_days_gte_2,missing_observed_option_instrument; synthetic/theoretical cycle excluded from option valuation
2020-09-01,2020,Bull market,35,false,data_gap,,,,1.148405,1.569815,,2,normal,normal,normal,normal,normal,watch,stress,true,recent_tail_loss_days_gte_2,missing_observed_option_instrument; synthetic/theoretical cycle excluded from option valuation
2020-09-02,2020,Bull market,35,false,data_gap,,,,1.148405,1.569815,,2,normal,normal,normal,normal,normal,watch,stress,true,recent_tail_loss_days_gte_2,missing_observed_option_instrument; synthetic/theoretical cycle excluded from option valuation
2020-09-03,2020,Bull market,35,false,data_gap,,,,1.148405,1.569815,,2,normal,normal,normal,normal,normal,watch,stress,true,recent_tail_loss_days_gte_2,missing_observed_option_instrument; synthetic/theoretical cycle excluded from option valuation
2020-09-04,2020,Bull market,36,true,partial_signal,10308.375,,-12.849578,1.148405,1.569815,10,2,normal,normal,normal,normal,normal,watch,watch,false,recent_tail_loss_days_gte_2,daily_return_not_computed_across_missing_mtm_gap
2020-09-05,2020,Bull market,36,true,valid_signal,10250.904,-0.557518,-13.335457,1.121763,1.569815,11,1,normal,normal,normal,normal,normal,normal,watch,true,,
2020-09-06,2020,Bull market,36,true,valid_signal,10163.505,-0.852598,-14.074357,1.10746,1.569815,12,1,normal,normal,normal,normal,normal,normal,normal,false,,
2020-09-07,2020,Bull market,36,true,valid_signal,10046.367,-1.152535,-15.064681,1.110216,1.569815,13,1,normal,normal,normal,normal,normal,normal,normal,false,,
2020-09-08,2020,Bull market,36,true,valid_signal,9953.4825,-0.924558,-15.849957,1.099961,1.626823,14,1,normal,normal,normal,normal,watch,watch,watch,false,,
2020-09-09,2020,Bull market,36,true,valid_signal,10215.774,2.635173,-13.632458,1.246582,1.626823,15,0,normal,normal,normal,normal,watch,watch,watch,false,,
2020-09-10,2020,Bull market,36,true,valid_signal,10481.25675,2.598753,-11.387978,1.365994,1.626823,16,0,normal,normal,normal,normal,watch,watch,watch,false,,
2020-09-11,2020,Bull market,37,true,valid_signal,10193.31,-2.747254,-13.822376,1.48554,1.626823,17,1,normal,normal,normal,watch,watch,watch,watch,false,,
2020-09-12,2020,Bull market,37,true,valid_signal,10239.691,0.455014,-13.430255,1.44459,2.101937,18,1,normal,normal,normal,normal,watch,watch,watch,false,,
2020-09-13,2020,Bull market,37,true,valid_signal,10273.74,0.33252,-13.142394,1.402948,2.101937,19,1,normal,normal,normal,normal,watch,watch,watch,false,,
2020-09-14,2020,Bull market,37,true,valid_signal,10609.459,3.267739,-10.304114,1.578244,2.101937,20,1,normal,normal,normal,normal,watch,watch,watch,false,,
2020-09-15,2020,Bull market,37,true,valid_signal,10718.79975,1.030597,-9.379711,1.550849,2.101937,21,1,normal,normal,normal,normal,stress,stress,stress,false,,
2020-09-16,2020,Bull market,37,true,valid_signal,10842.013,1.149506,-8.338025,1.52974,2.101937,22,1,normal,normal,normal,normal,stress,stress,stress,false,,
2020-09-17,2020,Bull market,37,true,valid_signal,10794.7835,-0.435616,-8.737319,1.486972,2.101937,23,1,normal,normal,normal,normal,stress,stress,stress,false,,
2020-09-18,2020,Bull market,38,true,valid_signal,10888.77,0.870666,-7.942726,1.457362,2.101937,24,0,normal,normal,normal,normal,stress,stress,stress,false,,
2020-09-19,2020,Bull market,38,true,valid_signal,11054.36475,1.520785,-6.542733,1.461245,2.101937,25,0,normal,normal,normal,normal,stress,stress,stress,false,,
2020-09-20,2020,Bull market,38,true,valid_signal,10841.274,-1.927662,-8.344273,1.493344,2.101937,26,0,normal,normal,normal,normal,stress,stress,stress,false,,
2020-09-21,2020,Bull market,38,true,valid_signal,10582.103,-2.390595,-10.535391,1.561783,2.101937,27,1,normal,normal,normal,watch,stress,stress,stress,false,,
2020-09-22,2020,Bull market,38,true,valid_signal,10468.0215,-1.078061,-11.499874,1.537059,2.292753,28,1,normal,normal,normal,normal,crisis,crisis,crisis,false,,
2020-09-23,2020,Bull market,38,true,valid_signal,10493.496,0.243355,-11.284504,1.491426,2.292753,29,1,normal,normal,normal,normal,crisis,crisis,crisis,false,,
2020-09-24,2020,Bull market,38,true,valid_signal,10394.8,-0.940545,-12.118913,1.464229,2.292753,30,1,normal,normal,normal,normal,crisis,crisis,crisis,false,,
2020-09-25,2020,Bull market,39,false,data_gap,,,,1.464229,2.292753,,1,normal,normal,normal,normal,crisis,crisis,crisis,true,,missing_observed_option_instrument; synthetic/theoretical cycle excluded from option valuation
2020-09-26,2020,Bull market,39,false,data_gap,,,,1.464229,2.292753,,1,normal,normal,normal,normal,crisis,crisis,crisis,true,,missing_observed_option_instrument; synthetic/theoretical cycle excluded from option valuation
2020-09-27,2020,Bull market,39,false,data_gap,,,,1.464229,2.292753,,1,normal,normal,normal,normal,crisis,crisis,crisis,true,,missing_observed_option_instrument; synthetic/theoretical cycle excluded from option valuation
2020-09-28,2020,Bull market,39,false,data_gap,,,,1.464229,2.292753,,1,normal,normal,normal,normal,crisis,crisis,crisis,true,,missing_observed_option_instrument; synthetic/theoretical cycle excluded from option valuation
2020-09-29,2020,Bull market,39,false,data_gap,,,,1.464229,2.292753,,1,normal,normal,normal,normal,crisis,crisis,crisis,true,,missing_observed_option_instrument; synthetic/theoretical cycle excluded from option valuation
2020-09-30,2020,Bull market,39,false,data_gap,,,,1.464229,2.292753,,1,normal,normal,normal,normal,crisis,crisis,crisis,true,,missing_observed_option_instrument; synthetic/theoretical cycle excluded from option valuation
2020-10-01,2020,Bull market,39,false,data_gap,,,,1.464229,2.292753,,1,normal,normal,normal,normal,crisis,crisis,crisis,true,,missing_observed_option_instrument; synthetic/theoretical cycle excluded from option valuation
2020-10-02,2020,Bull market,40,false,data_gap,,,,1.464229,2.292753,,1,normal,normal,normal,normal,crisis,crisis,crisis,true,,missing_observed_option_instrument; synthetic/theoretical cycle excluded from option valuation
2020-10-03,2020,Bull market,40,false,data_gap,,,,1.464229,2.292753,,1,normal,normal,normal,normal,crisis,crisis,crisis,true,,missing_observed_option_instrument; synthetic/theoretical cycle excluded from option valuation
2020-10-04,2020,Bull market,40,false,data_gap,,,,1.464229,2.292753,,1,normal,normal,normal,normal,crisis,crisis,crisis,true,,missing_observed_option_instrument; synthetic/theoretical cycle excluded from option valuation
2020-10-05,2020,Bull market,40,false,data_gap,,,,1.464229,2.292753,,1,normal,normal,normal,normal,crisis,crisis,crisis,true,,missing_observed_option_instrument; synthetic/theoretical cycle excluded from option valuation
2020-10-06,2020,Bull market,40,false,data_gap,,,,1.464229,2.292753,,1,normal,normal,normal,normal,crisis,crisis,crisis,true,,missing_observed_option_instrument; synthetic/theoretical cycle excluded from option valuation
2020-10-07,2020,Bull market,40,false,data_gap,,,,1.464229,2.292753,,1,normal,normal,normal,normal,crisis,crisis,crisis,true,,missing_observed_option_instrument; synthetic/theoretical cycle excluded from option valuation
2020-10-08,2020,Bull market,40,false,data_gap,,,,1.464229,2.292753,,1,normal,normal,normal,normal,crisis,crisis,crisis,true,,missing_observed_option_instrument; synthetic/theoretical cycle excluded from option valuation
2020-10-09,2020,Bull market,41,true,partial_signal,10813.2375,,-8.581303,1.464229,2.292753,31,1,normal,normal,normal,normal,crisis,crisis,crisis,false,,daily_return_not_computed_across_missing_mtm_gap
2020-10-10,2020,Bull market,41,true,valid_signal,10920.3235,0.990323,-7.675963,1.440199,2.292753,32,1,normal,normal,normal,normal,crisis,crisis,crisis,false,,
2020-10-11,2020,Bull market,41,true,valid_signal,10900.124,-0.184972,-7.846736,1.39706,2.292753,33,1,normal,normal,normal,normal,crisis,crisis,crisis,false,,
2020-10-12,2020,Bull market,41,true,valid_signal,10974.785,0.684956,-7.215527,1.364851,2.292753,34,1,normal,normal,normal,normal,crisis,crisis,crisis,false,,
2020-10-13,2020,Bull market,41,true,valid_signal,10947.76875,-0.246167,-7.443931,1.324646,2.292753,35,0,normal,normal,normal,normal,crisis,crisis,crisis,false,,
2020-10-14,2020,Bull market,41,true,valid_signal,10953.5,0.052351,-7.395477,1.284356,2.292753,36,0,normal,normal,normal,normal,crisis,crisis,crisis,false,,
2020-10-15,2020,Bull market,41,true,valid_signal,10983.4965,0.273853,-7.141877,1.247034,2.292753,37,0,normal,normal,normal,normal,crisis,crisis,crisis,false,,
2020-10-16,2020,Bull market,42,true,valid_signal,11327.4155,3.131234,-4.234272,1.431805,2.292753,38,0,normal,normal,normal,normal,crisis,crisis,crisis,false,,
2020-10-17,2020,Bull market,42,true,valid_signal,11298.6825,-0.253659,-4.47719,1.389577,2.292753,39,0,normal,normal,normal,normal,crisis,crisis,crisis,false,,
2020-10-18,2020,Bull market,42,true,valid_signal,11409.668,0.982287,-3.538882,1.368562,2.182275,40,0,normal,normal,normal,normal,crisis,crisis,crisis,false,,
2020-10-19,2020,Bull market,42,true,valid_signal,11615.76,1.806293,-1.796512,1.398694,2.182275,41,0,normal,normal,normal,normal,crisis,crisis,crisis,false,,
2020-10-20,2020,Bull market,42,true,valid_signal,11813.19825,1.699745,-0.127303,1.41856,2.182275,42,0,normal,normal,normal,normal,crisis,crisis,crisis,false,,
2020-10-21,2020,Bull market,42,true,valid_signal,11963.52575,1.272539,0,1.410225,2.182275,0,0,normal,normal,normal,normal,normal,normal,crisis,true,,
2020-10-22,2020,Bull market,42,true,valid_signal,12038.34375,0.625384,0,1.375819,2.182275,0,0,normal,normal,normal,normal,normal,normal,crisis,true,,
2020-10-23,2020,Bull market,43,true,valid_signal,12884.228,7.026583,0,2.177539,2.182275,0,0,normal,normal,normal,normal,normal,normal,stress,true,,
2020-10-24,2020,Bull market,43,true,valid_signal,12950.4595,0.514051,0,2.114954,2.182275,0,0,normal,normal,normal,normal,normal,normal,stress,true,,
2020-10-25,2020,Bull market,43,true,valid_signal,12957.462,0.054071,0,2.050567,2.182275,0,0,normal,normal,normal,normal,normal,normal,stress,true,,
2020-10-26,2020,Bull market,43,true,valid_signal,13177.21775,1.695978,0,2.031038,2.182275,0,0,normal,normal,normal,normal,normal,normal,watch,true,,
2020-10-27,2020,Bull market,43,true,valid_signal,13363.2895,1.412072,0,1.999311,1.545341,0,0,normal,normal,normal,normal,normal,normal,watch,true,,
2020-10-28,2020,Bull market,43,true,valid_signal,13140.3465,-1.668324,-1.668324,1.981012,1.545341,1,0,normal,normal,normal,normal,normal,normal,normal,false,,
2020-10-29,2020,Bull market,43,true,valid_signal,13244.3745,0.791669,-0.889863,1.930427,1.81096,2,0,normal,normal,normal,normal,normal,normal,normal,false,,
2020-10-30,2020,Bull market,44,false,data_gap,,,,1.930427,1.81096,,0,normal,normal,normal,normal,normal,normal,normal,true,,missing_observed_option_instrument; synthetic/theoretical cycle excluded from option valuation
2020-10-31,2020,Bull market,44,false,data_gap,,,,1.930427,1.81096,,0,normal,normal,normal,normal,normal,normal,normal,true,,missing_observed_option_instrument; synthetic/theoretical cycle excluded from option valuation
2020-11-01,2020,Bull market,44,false,data_gap,,,,1.930427,1.81096,,0,normal,normal,normal,normal,normal,normal,normal,true,,missing_observed_option_instrument; synthetic/theoretical cycle excluded from option valuation
2020-11-02,2020,Bull market,44,false,data_gap,,,,1.930427,1.81096,,0,normal,normal,normal,normal,normal,normal,normal,true,,missing_observed_option_instrument; synthetic/theoretical cycle excluded from option valuation
2020-11-03,2020,Bull market,44,false,data_gap,,,,1.930427,1.81096,,0,normal,normal,normal,normal,normal,normal,normal,true,,missing_observed_option_instrument; synthetic/theoretical cycle excluded from option valuation
2020-11-04,2020,Bull market,44,false,data_gap,,,,1.930427,1.81096,,0,normal,normal,normal,normal,normal,normal,normal,true,,missing_observed_option_instrument; synthetic/theoretical cycle excluded from option valuation
2020-11-05,2020,Bull market,44,false,data_gap,,,,1.930427,1.81096,,0,normal,normal,normal,normal,normal,normal,normal,true,,missing_observed_option_instrument; synthetic/theoretical cycle excluded from option valuation
2020-11-06,2020,Bull market,45,true,partial_signal,15350.94,,0,1.930427,1.81096,0,0,normal,normal,normal,normal,normal,normal,normal,false,,daily_return_not_computed_across_missing_mtm_gap
2020-11-07,2020,Bull market,45,true,valid_signal,15303.042,-0.31202,-0.31202,1.873178,1.81096,1,0,normal,normal,normal,normal,normal,normal,normal,false,,
2020-11-08,2020,Bull market,45,true,valid_signal,15345.04125,0.27445,-0.038426,1.817358,1.81096,2,0,normal,normal,normal,normal,normal,normal,normal,false,,
2020-11-09,2020,Bull market,45,true,valid_signal,15009.3365,-2.187708,-2.225294,1.84168,1.81096,3,1,normal,normal,normal,watch,normal,watch,watch,false,,
2020-11-10,2020,Bull market,45,true,valid_signal,15205.2795,1.305474,-0.94887,1.813983,2.070687,4,1,normal,normal,normal,normal,normal,normal,watch,true,,
2020-11-11,2020,Bull market,45,true,valid_signal,15619.5355,2.724422,0,1.881077,2.070687,0,1,normal,normal,normal,normal,normal,normal,normal,false,,
2020-11-12,2020,Bull market,45,true,valid_signal,16032.9145,2.646551,0,1.935561,2.070687,0,1,normal,normal,normal,normal,normal,normal,normal,false,,
2020-11-13,2020,Bull market,46,true,valid_signal,16025.919,-0.043632,-0.043632,1.876627,1.953986,1,1,normal,normal,normal,normal,normal,normal,normal,false,,
2020-11-14,2020,Bull market,46,true,valid_signal,15901.18125,-0.77835,-0.821643,1.829419,1.402706,2,1,normal,normal,normal,normal,normal,normal,normal,false,,
2020-11-15,2020,Bull market,46,true,valid_signal,15952.4525,0.322437,-0.501855,1.775445,1.340823,3,1,normal,normal,normal,normal,normal,normal,normal,false,,
2020-11-16,2020,Bull market,46,true,valid_signal,16313.44,2.262897,0,1.808401,1.340823,0,0,normal,normal,normal,normal,normal,normal,normal,false,,
2020-11-17,2020,Bull market,46,true,valid_signal,16744.521,2.64249,0,1.868973,1.267836,0,0,normal,normal,normal,normal,normal,normal,normal,false,,
2020-11-18,2020,Bull market,46,true,valid_signal,16884.7775,0.837626,0,1.823616,1.267836,0,0,normal,normal,normal,normal,normal,normal,normal,false,,
2020-11-19,2020,Bull market,46,true,valid_signal,17135.922,1.487402,0,1.80521,1.267836,0,0,normal,normal,normal,normal,normal,normal,normal,false,,
2020-11-20,2020,Bull market,47,true,valid_signal,18157.722,5.962912,0,2.279613,1.267836,0,0,normal,normal,normal,normal,normal,normal,normal,false,,
2020-11-21,2020,Bull market,47,true,valid_signal,18111.6,-0.254008,-0.254008,2.211042,1.267836,1,0,normal,normal,normal,normal,normal,normal,normal,false,,
2020-11-22,2020,Bull market,47,true,valid_signal,17893.513,-1.204129,-1.455078,2.163881,1.267836,2,0,normal,normal,normal,normal,normal,normal,normal,false,,
2020-11-23,2020,Bull market,47,true,valid_signal,18060.395,0.93264,-0.536009,2.110362,1.459436,3,0,normal,normal,normal,normal,normal,normal,normal,false,,
2020-11-24,2020,Bull market,47,true,valid_signal,18590.534,2.935368,0,2.168731,1.459436,0,0,normal,normal,normal,normal,normal,normal,normal,false,,
2020-11-25,2020,Bull market,47,true,valid_signal,18774.1125,0.987484,0,2.116529,1.459436,0,0,normal,normal,normal,normal,normal,normal,normal,false,,
2020-11-26,2020,Bull market,47,true,valid_signal,16812.5895,-10.44802,-10.44802,3.280333,1.459436,1,1,normal,normal,normal,crisis,normal,crisis,crisis,false,,
2020-11-27,2020,Bull market,48,false,data_gap,,,,3.280333,1.459436,,1,normal,normal,normal,normal,normal,normal,crisis,true,,missing_observed_option_instrument; synthetic/theoretical cycle excluded from option valuation
2020-11-28,2020,Bull market,48,false,data_gap,,,,3.280333,1.459436,,1,normal,normal,normal,normal,normal,normal,crisis,true,,missing_observed_option_instrument; synthetic/theoretical cycle excluded from option valuation
2020-11-29,2020,Bull market,48,false,data_gap,,,,3.280333,1.459436,,1,normal,normal,normal,normal,normal,normal,crisis,true,,missing_observed_option_instrument; synthetic/theoretical cycle excluded from option valuation
2020-11-30,2020,Bull market,48,false,data_gap,,,,3.280333,1.459436,,1,normal,normal,normal,normal,normal,normal,crisis,true,,missing_observed_option_instrument; synthetic/theoretical cycle excluded from option valuation
2020-12-01,2020,Bull market,48,false,data_gap,,,,3.280333,1.459436,,1,normal,normal,normal,normal,normal,normal,crisis,true,,missing_observed_option_instrument; synthetic/theoretical cycle excluded from option valuation
2020-12-02,2020,Bull market,48,false,data_gap,,,,3.280333,1.459436,,1,normal,normal,normal,normal,normal,normal,crisis,true,,missing_observed_option_instrument; synthetic/theoretical cycle excluded from option valuation
2020-12-03,2020,Bull market,48,false,data_gap,,,,3.280333,1.459436,,1,normal,normal,normal,normal,normal,normal,crisis,true,,missing_observed_option_instrument; synthetic/theoretical cycle excluded from option valuation
2020-12-04,2020,Bull market,49,true,partial_signal,18692.52,,-0.434601,3.280333,1.459436,2,1,normal,normal,normal,normal,normal,normal,crisis,true,,daily_return_not_computed_across_missing_mtm_gap
2020-12-05,2020,Bull market,49,true,valid_signal,18829.149,0.730929,0,3.185436,1.953986,0,1,normal,normal,normal,normal,normal,normal,crisis,true,,
2020-12-06,2020,Bull market,49,true,valid_signal,18907.356,0.415351,0,3.09007,1.953986,0,1,normal,normal,normal,normal,normal,normal,stress,true,,
2020-12-07,2020,Bull market,49,true,valid_signal,18946.9455,0.209387,0,2.996373,1.953986,0,1,normal,normal,normal,normal,normal,normal,stress,true,,
2020-12-08,2020,Bull market,49,true,valid_signal,18773.678,-0.914488,-0.914488,2.913715,1.953986,1,1,normal,normal,normal,normal,normal,normal,stress,true,,
2020-12-09,2020,Bull market,49,true,valid_signal,18443.538,-1.758526,-2.656932,2.857603,1.953986,2,1,normal,normal,normal,normal,normal,normal,watch,true,,
2020-12-10,2020,Bull market,49,true,valid_signal,18110.94,-1.803331,-4.41235,2.805541,1.994576,3,1,normal,normal,normal,normal,normal,normal,watch,true,,
2020-12-11,2020,Bull market,50,true,valid_signal,17872.92,-1.314233,-5.668594,2.739056,2.014738,4,0,normal,normal,normal,normal,normal,normal,normal,false,,
2020-12-12,2020,Bull market,50,true,valid_signal,18097.8975,1.258762,-4.481187,2.673453,2.014738,5,0,normal,normal,normal,normal,normal,normal,normal,false,,
2020-12-13,2020,Bull market,50,true,valid_signal,18849.1875,4.151256,-0.515957,2.784329,2.014738,6,0,normal,normal,normal,normal,normal,normal,normal,false,,
2020-12-14,2020,Bull market,50,true,valid_signal,18752.79075,-0.511411,-1.024728,2.702412,2.014738,7,0,normal,normal,normal,normal,normal,normal,normal,false,,
2020-12-15,2020,Bull market,50,true,valid_signal,18882.825,0.693413,-0.338421,2.625585,2.014738,8,0,normal,normal,normal,normal,normal,normal,normal,false,,
2020-12-16,2020,Bull market,50,true,valid_signal,19056.8715,0.921719,0,2.555592,2.014738,0,0,normal,normal,normal,normal,normal,normal,normal,false,,
2020-12-17,2020,Bull market,50,true,valid_signal,19583.1105,2.761413,0,2.568406,2.014738,0,0,normal,normal,normal,normal,normal,normal,normal,false,,
2020-12-18,2020,Bull market,51,true,valid_signal,22209.902,13.413556,0,4.122659,1.783169,0,0,normal,normal,normal,normal,normal,normal,normal,false,,
2020-12-19,2020,Bull market,51,true,valid_signal,22744.314,2.406188,0,4.040287,1.783169,0,0,normal,normal,normal,normal,normal,normal,normal,false,,
2020-12-20,2020,Bull market,51,true,valid_signal,22872.744,0.564669,0,3.919645,1.783169,0,0,normal,normal,normal,normal,normal,normal,normal,false,,
2020-12-21,2020,Bull market,51,true,valid_signal,22793.3125,-0.347276,-0.347276,3.801189,1.783169,1,0,normal,normal,normal,normal,normal,normal,normal,false,,
2020-12-22,2020,Bull market,51,true,valid_signal,23188.475,1.733677,0,3.709775,1.783169,0,0,normal,normal,normal,normal,normal,normal,normal,false,,
2020-12-23,2020,Bull market,51,true,valid_signal,23416.05725,0.981446,0,3.604786,1.783169,0,0,normal,normal,normal,normal,normal,normal,normal,false,,
2020-12-24,2020,Bull market,51,true,valid_signal,23223.959,-0.82037,-0.82037,3.500742,1.783169,1,0,normal,normal,normal,normal,normal,normal,normal,false,,
2021-01-01,2021,Bull market,1,false,data_gap,,,,,,,0,normal,normal,normal,normal,normal,normal,normal,true,,missing_observed_option_instrument; synthetic/theoretical cycle excluded from option valuation
2021-01-02,2021,Bull market,1,false,data_gap,,,,,,,0,normal,normal,normal,normal,normal,normal,normal,true,,missing_observed_option_instrument; synthetic/theoretical cycle excluded from option valuation
2021-01-03,2021,Bull market,1,false,data_gap,,,,,,,0,normal,normal,normal,normal,normal,normal,normal,true,,missing_observed_option_instrument; synthetic/theoretical cycle excluded from option valuation
2021-01-04,2021,Bull market,1,false,data_gap,,,,,,,0,normal,normal,normal,normal,normal,normal,normal,true,,missing_observed_option_instrument; synthetic/theoretical cycle excluded from option valuation
2021-01-05,2021,Bull market,1,false,data_gap,,,,,,,0,normal,normal,normal,normal,normal,normal,normal,true,,missing_observed_option_instrument; synthetic/theoretical cycle excluded from option valuation
2021-01-06,2021,Bull market,1,false,data_gap,,,,,,,0,normal,normal,normal,normal,normal,normal,normal,true,,missing_observed_option_instrument; synthetic/theoretical cycle excluded from option valuation
2021-01-07,2021,Bull market,1,false,data_gap,,,,,,,0,normal,normal,normal,normal,normal,normal,normal,true,,missing_observed_option_instrument; synthetic/theoretical cycle excluded from option valuation
2021-01-08,2021,Bull market,2,true,partial_signal,38281.999,,0,,,0,0,normal,normal,normal,normal,normal,normal,normal,false,,
2021-01-09,2021,Bull market,2,true,valid_signal,37783.343,-1.302586,-1.302586,1.302586,,1,0,normal,normal,normal,normal,normal,normal,normal,false,,
2021-01-10,2021,Bull market,2,true,valid_signal,37241.36025,-1.434449,-2.71835,1.310872,,2,0,normal,normal,normal,normal,normal,normal,normal,false,,
2021-01-11,2021,Bull market,2,true,valid_signal,33146.412,-10.9957,-13.415148,2.978189,,3,1,normal,normal,normal,crisis,normal,crisis,crisis,false,,
2021-01-12,2021,Bull market,2,true,valid_signal,33408.5745,0.790923,-12.730329,2.893953,,4,1,normal,normal,normal,normal,normal,normal,crisis,true,,
2021-01-13,2021,Bull market,2,true,valid_signal,34238.974,2.485588,-10.561165,2.87109,,5,1,normal,normal,normal,normal,normal,normal,crisis,true,,
2021-01-14,2021,Bull market,2,true,valid_signal,38874.2705,13.538071,0,4.329587,,0,1,normal,normal,watch,normal,normal,watch,stress,true,,
2021-01-15,2021,Bull market,3,true,valid_signal,34688.4615,-10.767556,-10.767556,4.957522,,1,2,normal,normal,watch,crisis,normal,crisis,crisis,false,recent_tail_loss_days_gte_2,
2021-01-16,2021,Bull market,3,true,valid_signal,35713.797,2.95584,-8.129988,4.860722,,2,2,normal,normal,watch,normal,normal,stress,crisis,true,recent_tail_loss_days_gte_2,
2021-01-17,2021,Bull market,3,true,valid_signal,34140.75,-4.404592,-12.176487,4.834568,,3,3,normal,normal,watch,watch,normal,stress,crisis,true,recent_tail_loss_days_gte_2,
2021-01-18,2021,Bull market,3,true,valid_signal,35728.949,4.651916,-8.091011,4.823804,,4,2,normal,normal,watch,normal,normal,stress,crisis,true,recent_tail_loss_days_gte_2,
2021-01-19,2021,Bull market,3,true,valid_signal,36378.02075,1.816655,-6.421342,4.697974,,5,2,normal,normal,watch,normal,normal,stress,crisis,true,recent_tail_loss_days_gte_2,
2021-01-20,2021,Bull market,3,true,valid_signal,34856.07525,-4.183695,-10.336388,4.668715,,6,3,normal,normal,watch,watch,normal,stress,crisis,true,recent_tail_loss_days_gte_2,
2021-01-21,2021,Bull market,3,true,valid_signal,31274.85475,-10.274308,-19.548703,5.17907,,7,4,normal,normal,watch,crisis,normal,crisis,crisis,false,recent_tail_loss_days_gte_2,
2021-01-22,2021,Bull market,4,true,valid_signal,30495.46875,-2.492053,-21.553592,5.058263,,8,4,watch,normal,watch,watch,normal,stress,crisis,true,recent_tail_loss_days_gte_2,
2021-01-23,2021,Bull market,4,true,valid_signal,30096.1115,-1.309563,-22.580897,4.914647,,9,4,watch,normal,watch,normal,normal,stress,crisis,true,recent_tail_loss_days_gte_2,
2021-01-24,2021,Bull market,4,true,valid_signal,30508.062,1.368783,-21.521197,4.776709,,10,3,watch,normal,watch,normal,normal,stress,crisis,true,recent_tail_loss_days_gte_2,
2021-01-25,2021,Bull market,4,true,valid_signal,31542.14,3.389524,-18.86114,4.705025,,11,3,normal,normal,watch,normal,normal,stress,crisis,true,recent_tail_loss_days_gte_2,
2021-01-26,2021,Bull market,4,true,valid_signal,30521.65875,-3.235295,-21.486221,4.630017,,12,4,watch,normal,watch,watch,normal,stress,crisis,true,recent_tail_loss_days_gte_2,
2021-01-27,2021,Bull market,4,true,valid_signal,29374.7265,-3.757765,-24.436585,4.582366,,13,4,watch,normal,watch,watch,normal,stress,crisis,true,recent_tail_loss_days_gte_2,
2021-01-28,2021,Bull market,4,true,valid_signal,31358.40575,6.753014,-19.333777,4.740716,,14,3,normal,normal,watch,normal,watch,stress,crisis,true,recent_tail_loss_days_gte_2,
2021-01-29,2021,Bull market,5,false,data_gap,,,,4.740716,,,3,normal,normal,watch,normal,watch,stress,crisis,true,recent_tail_loss_days_gte_2,missing_observed_option_instrument; synthetic/theoretical cycle excluded from option valuation
2021-01-30,2021,Bull market,5,false,data_gap,,,,4.740716,,,3,normal,normal,watch,normal,watch,stress,crisis,true,recent_tail_loss_days_gte_2,missing_observed_option_instrument; synthetic/theoretical cycle excluded from option valuation
2021-01-31,2021,Bull market,5,false,data_gap,,,,4.740716,,,3,normal,normal,watch,normal,watch,stress,crisis,true,recent_tail_loss_days_gte_2,missing_observed_option_instrument; synthetic/theoretical cycle excluded from option valuation
2021-02-01,2021,Bull market,5,false,data_gap,,,,4.740716,,,3,normal,normal,watch,normal,watch,stress,crisis,true,recent_tail_loss_days_gte_2,missing_observed_option_instrument; synthetic/theoretical cycle excluded from option valuation
2021-02-02,2021,Bull market,5,false,data_gap,,,,4.740716,,,3,normal,normal,watch,normal,watch,stress,crisis,true,recent_tail_loss_days_gte_2,missing_observed_option_instrument; synthetic/theoretical cycle excluded from option valuation
2021-02-03,2021,Bull market,5,false,data_gap,,,,4.740716,,,3,normal,normal,watch,normal,watch,stress,crisis,true,recent_tail_loss_days_gte_2,missing_observed_option_instrument; synthetic/theoretical cycle excluded from option valuation
2021-02-04,2021,Bull market,5,false,data_gap,,,,4.740716,,,3,normal,normal,watch,normal,watch,stress,crisis,true,recent_tail_loss_days_gte_2,missing_observed_option_instrument; synthetic/theoretical cycle excluded from option valuation
2021-02-05,2021,Bull market,6,true,partial_signal,36857.576,,-5.187736,4.740716,,15,3,normal,normal,watch,normal,watch,stress,crisis,true,recent_tail_loss_days_gte_2,daily_return_not_computed_across_missing_mtm_gap
2021-02-06,2021,Bull market,6,true,valid_signal,38030.247,3.181628,-2.171162,4.661897,,16,2,normal,normal,watch,normal,watch,stress,crisis,true,recent_tail_loss_days_gte_2,
2021-02-07,2021,Bull market,6,true,valid_signal,37123.38,-2.384594,-4.503983,4.557463,,17,3,normal,normal,watch,watch,watch,stress,crisis,true,recent_tail_loss_days_gte_2,
2021-02-08,2021,Bull market,6,true,valid_signal,39194.2875,5.578445,0,4.625082,,0,3,normal,normal,watch,normal,normal,stress,crisis,true,recent_tail_loss_days_gte_2,
2021-02-09,2021,Bull market,6,true,valid_signal,39783.19125,1.502524,0,4.499262,,0,3,normal,normal,watch,normal,normal,stress,crisis,true,recent_tail_loss_days_gte_2,
2021-02-10,2021,Bull market,6,true,valid_signal,39901.365,0.297044,0,4.362803,,0,2,normal,normal,watch,normal,normal,stress,crisis,true,recent_tail_loss_days_gte_2,
2021-02-11,2021,Bull market,6,true,valid_signal,39956.2,0.137426,0,4.230028,,0,1,normal,normal,normal,normal,normal,normal,stress,true,,
2021-02-12,2021,Bull market,7,true,valid_signal,45295.14,13.361981,0,5.247104,,0,1,normal,normal,watch,normal,normal,watch,stress,true,,
2021-02-13,2021,Bull market,7,true,valid_signal,45532.57475,0.524195,0,5.088876,,0,1,normal,normal,watch,normal,normal,watch,stress,true,,
2021-02-14,2021,Bull market,7,true,valid_signal,46730.5375,2.631002,0,4.975761,,0,0,normal,normal,watch,normal,normal,watch,watch,false,,
2021-02-15,2021,Bull market,7,true,valid_signal,46575.2475,-0.332309,-0.332309,4.824866,,1,0,normal,normal,watch,normal,normal,watch,watch,false,,
2021-02-16,2021,Bull market,7,true,valid_signal,47586.896,2.172073,0,4.70804,10.545595,0,0,normal,stress,watch,normal,normal,stress,stress,false,,
2021-02-17,2021,Bull market,7,true,valid_signal,49511.254,4.043882,0,4.670855,10.545595,0,0,normal,stress,watch,normal,normal,stress,stress,false,,
2021-02-18,2021,Bull market,7,true,valid_signal,49753.8375,0.489956,0,4.530152,10.545595,0,0,normal,stress,watch,normal,normal,stress,stress,false,,
2021-02-19,2021,Bull market,8,true,valid_signal,50615.11725,1.731082,0,4.412566,7.632936,0,0,normal,watch,watch,normal,normal,watch,stress,true,,
2021-02-20,2021,Bull market,8,true,valid_signal,51625.08225,1.995382,0,4.305971,7.632936,0,0,normal,watch,watch,normal,normal,watch,stress,true,,
2021-02-21,2021,Bull market,8,true,valid_signal,52782.668,2.242293,0,4.210769,7.632936,0,0,normal,watch,normal,normal,normal,watch,watch,false,,
2021-02-22,2021,Bull market,8,true,valid_signal,51376.43975,-2.664186,-2.664186,4.134321,7.632936,1,1,normal,watch,normal,watch,normal,watch,watch,false,,
2021-02-23,2021,Bull market,8,true,valid_signal,46237.455,-10.00261,-12.400307,4.697892,4.305188,2,2,normal,normal,watch,crisis,normal,crisis,crisis,false,recent_tail_loss_days_gte_2,
2021-02-24,2021,Bull market,8,true,valid_signal,49310.964,6.647228,-6.577356,4.837056,7.483502,3,2,normal,watch,watch,normal,normal,stress,crisis,true,recent_tail_loss_days_gte_2,
2021-02-25,2021,Bull market,8,true,valid_signal,50871.553,3.164791,-3.620725,4.75334,7.384098,4,2,normal,watch,watch,normal,normal,stress,crisis,true,recent_tail_loss_days_gte_2,
2021-02-26,2021,Bull market,9,false,data_gap,,,,4.75334,7.384098,,2,normal,watch,watch,normal,normal,stress,crisis,true,recent_tail_loss_days_gte_2,missing_observed_option_instrument; synthetic/theoretical cycle excluded from option valuation
2021-02-27,2021,Bull market,9,false,data_gap,,,,4.75334,7.384098,,2,normal,watch,watch,normal,normal,stress,crisis,true,recent_tail_loss_days_gte_2,missing_observed_option_instrument; synthetic/theoretical cycle excluded from option valuation
2021-02-28,2021,Bull market,9,false,data_gap,,,,4.75334,7.384098,,2,normal,watch,watch,normal,normal,stress,crisis,true,recent_tail_loss_days_gte_2,missing_observed_option_instrument; synthetic/theoretical cycle excluded from option valuation
2021-03-01,2021,Bull market,9,false,data_gap,,,,4.75334,7.384098,,2,normal,watch,watch,normal,normal,stress,crisis,true,recent_tail_loss_days_gte_2,missing_observed_option_instrument; synthetic/theoretical cycle excluded from option valuation
2021-03-02,2021,Bull market,9,false,data_gap,,,,4.75334,7.384098,,2,normal,watch,watch,normal,normal,stress,crisis,true,recent_tail_loss_days_gte_2,missing_observed_option_instrument; synthetic/theoretical cycle excluded from option valuation
2021-03-03,2021,Bull market,9,false,data_gap,,,,4.75334,7.384098,,2,normal,watch,watch,normal,normal,stress,crisis,true,recent_tail_loss_days_gte_2,missing_observed_option_instrument; synthetic/theoretical cycle excluded from option valuation
2021-03-04,2021,Bull market,9,false,data_gap,,,,4.75334,7.384098,,2,normal,watch,watch,normal,normal,stress,crisis,true,recent_tail_loss_days_gte_2,missing_observed_option_instrument; synthetic/theoretical cycle excluded from option valuation
2021-03-05,2021,Bull market,10,true,partial_signal,46539.45875,,-11.828143,4.75334,7.384098,5,2,normal,watch,watch,normal,normal,stress,crisis,true,recent_tail_loss_days_gte_2,daily_return_not_computed_across_missing_mtm_gap
2021-03-06,2021,Bull market,10,true,valid_signal,46334.641,-0.440095,-12.216182,4.609795,7.384098,6,2,normal,watch,watch,normal,normal,stress,crisis,true,recent_tail_loss_days_gte_2,
2021-03-07,2021,Bull market,10,true,valid_signal,48533.5515,4.745716,-8.050212,4.618063,7.384098,7,2,normal,watch,watch,normal,normal,stress,crisis,true,recent_tail_loss_days_gte_2,
2021-03-08,2021,Bull market,10,true,valid_signal,48556.196,0.046657,-8.00731,4.477393,7.19243,8,2,normal,watch,watch,normal,normal,stress,crisis,true,recent_tail_loss_days_gte_2,
2021-03-09,2021,Bull market,10,true,valid_signal,49558.675,2.064575,-6.108052,4.370351,3.522654,9,1,normal,normal,watch,normal,normal,watch,stress,true,,
2021-03-10,2021,Bull market,10,true,valid_signal,49950.36,0.790346,-5.365981,4.241633,3.522654,10,0,normal,normal,normal,normal,normal,normal,stress,true,,
2021-03-11,2021,Bull market,10,true,valid_signal,51325.34825,2.752709,-2.760982,4.167326,3.522654,11,0,normal,normal,normal,normal,normal,normal,stress,true,,
2021-03-12,2021,Bull market,11,true,valid_signal,54859.28175,6.885357,0,4.378253,3.522654,0,0,normal,normal,watch,normal,normal,watch,watch,false,,
2021-03-13,2021,Bull market,11,true,valid_signal,56864.509,3.65522,0,4.338271,3.522654,0,0,normal,normal,watch,normal,normal,watch,watch,false,,
2021-03-14,2021,Bull market,11,true,valid_signal,57589.691,1.275281,0,4.217693,3.265654,0,0,normal,normal,normal,normal,normal,normal,watch,true,,
2021-03-15,2021,Bull market,11,true,valid_signal,55699.056,-3.28294,-3.28294,4.167525,2.538369,1,1,normal,normal,normal,watch,normal,watch,watch,false,,
2021-03-16,2021,Bull market,11,true,valid_signal,54967.7685,-1.312926,-4.552764,4.053344,3.004501,2,1,normal,normal,normal,normal,normal,normal,watch,true,,
2021-03-17,2021,Bull market,11,true,valid_signal,54818.603,-0.271369,-4.811778,3.930424,3.004501,3,1,normal,normal,normal,normal,normal,normal,normal,false,,
2021-03-18,2021,Bull market,11,true,valid_signal,57698.89125,5.254217,0,4.022157,3.004501,0,1,normal,normal,normal,normal,normal,normal,normal,false,,
2021-03-19,2021,Bull market,12,true,valid_signal,56050.452,-2.856969,-2.856969,3.961921,3.004501,1,2,normal,normal,normal,watch,normal,stress,stress,false,recent_tail_loss_days_gte_2,
2021-03-20,2021,Bull market,12,true,valid_signal,56701.71375,1.161921,-1.728244,3.851755,3.091253,2,2,normal,normal,normal,normal,normal,watch,stress,true,recent_tail_loss_days_gte_2,
2021-03-21,2021,Bull market,12,true,valid_signal,56186.86325,-0.907998,-2.620549,3.741032,3.091253,3,2,normal,normal,normal,normal,normal,watch,stress,true,recent_tail_loss_days_gte_2,
2021-03-22,2021,Bull market,12,true,valid_signal,56329.6725,0.254168,-2.373042,3.6276,3.091253,4,1,normal,normal,normal,normal,normal,normal,watch,true,,
2021-03-23,2021,Bull market,12,true,valid_signal,55160.022,-2.076438,-4.400205,3.553675,3.091253,5,2,normal,normal,normal,watch,normal,stress,stress,false,recent_tail_loss_days_gte_2,
2021-03-24,2021,Bull market,12,true,valid_signal,56730.745,2.847575,-1.677929,3.515311,3.091253,6,2,normal,normal,normal,normal,normal,watch,stress,true,recent_tail_loss_days_gte_2,
2021-03-25,2021,Bull market,12,true,valid_signal,51761.1065,-8.760044,-10.290986,4.027439,3.091253,7,3,normal,normal,normal,stress,normal,crisis,crisis,false,recent_tail_loss_days_gte_2,
2021-03-26,2021,Bull market,13,false,data_gap,,,,4.027439,3.091253,,3,normal,normal,normal,normal,normal,watch,crisis,true,recent_tail_loss_days_gte_2,missing_observed_option_instrument; synthetic/theoretical cycle excluded from option valuation
2021-03-27,2021,Bull market,13,false,data_gap,,,,4.027439,3.091253,,3,normal,normal,normal,normal,normal,watch,crisis,true,recent_tail_loss_days_gte_2,missing_observed_option_instrument; synthetic/theoretical cycle excluded from option valuation
2021-03-28,2021,Bull market,13,false,data_gap,,,,4.027439,3.091253,,3,normal,normal,normal,normal,normal,watch,crisis,true,recent_tail_loss_days_gte_2,missing_observed_option_instrument; synthetic/theoretical cycle excluded from option valuation
2021-03-29,2021,Bull market,13,false,data_gap,,,,4.027439,3.091253,,3,normal,normal,normal,normal,normal,watch,crisis,true,recent_tail_loss_days_gte_2,missing_observed_option_instrument; synthetic/theoretical cycle excluded from option valuation
2021-03-30,2021,Bull market,13,false,data_gap,,,,4.027439,3.091253,,3,normal,normal,normal,normal,normal,watch,crisis,true,recent_tail_loss_days_gte_2,missing_observed_option_instrument; synthetic/theoretical cycle excluded from option valuation
2021-03-31,2021,Bull market,13,false,data_gap,,,,4.027439,3.091253,,3,normal,normal,normal,normal,normal,watch,crisis,true,recent_tail_loss_days_gte_2,missing_observed_option_instrument; synthetic/theoretical cycle excluded from option valuation
2021-04-01,2021,Bull market,13,false,data_gap,,,,4.027439,3.091253,,3,normal,normal,normal,normal,normal,watch,crisis,true,recent_tail_loss_days_gte_2,missing_observed_option_instrument; synthetic/theoretical cycle excluded from option valuation
2021-04-02,2021,Bull market,14,false,data_gap,,,,4.027439,3.091253,,3,normal,normal,normal,normal,normal,watch,crisis,true,recent_tail_loss_days_gte_2,missing_observed_option_instrument; synthetic/theoretical cycle excluded from option valuation
2021-04-03,2021,Bull market,14,false,data_gap,,,,4.027439,3.091253,,3,normal,normal,normal,normal,normal,watch,crisis,true,recent_tail_loss_days_gte_2,missing_observed_option_instrument; synthetic/theoretical cycle excluded from option valuation
2021-04-04,2021,Bull market,14,false,data_gap,,,,4.027439,3.091253,,3,normal,normal,normal,normal,normal,watch,crisis,true,recent_tail_loss_days_gte_2,missing_observed_option_instrument; synthetic/theoretical cycle excluded from option valuation
2021-04-05,2021,Bull market,14,false,data_gap,,,,4.027439,3.091253,,3,normal,normal,normal,normal,normal,watch,crisis,true,recent_tail_loss_days_gte_2,missing_observed_option_instrument; synthetic/theoretical cycle excluded from option valuation
2021-04-06,2021,Bull market,14,false,data_gap,,,,4.027439,3.091253,,3,normal,normal,normal,normal,normal,watch,crisis,true,recent_tail_loss_days_gte_2,missing_observed_option_instrument; synthetic/theoretical cycle excluded from option valuation
2021-04-07,2021,Bull market,14,false,data_gap,,,,4.027439,3.091253,,3,normal,normal,normal,normal,normal,watch,crisis,true,recent_tail_loss_days_gte_2,missing_observed_option_instrument; synthetic/theoretical cycle excluded from option valuation
2021-04-08,2021,Bull market,14,false,data_gap,,,,4.027439,3.091253,,3,normal,normal,normal,normal,normal,watch,crisis,true,recent_tail_loss_days_gte_2,missing_observed_option_instrument; synthetic/theoretical cycle excluded from option valuation
2021-04-09,2021,Bull market,15,true,partial_signal,57531.2265,,-0.290586,4.027439,3.091253,8,3,normal,normal,normal,normal,normal,watch,crisis,true,recent_tail_loss_days_gte_2,daily_return_not_computed_across_missing_mtm_gap
2021-04-10,2021,Bull market,15,true,valid_signal,58760.5505,2.136794,0,3.939671,6.295347,0,2,normal,watch,normal,normal,normal,stress,crisis,true,recent_tail_loss_days_gte_2,
2021-04-11,2021,Bull market,15,true,valid_signal,58131.64,-1.070294,-1.070294,3.828639,6.295347,1,2,normal,watch,normal,normal,normal,stress,crisis,true,recent_tail_loss_days_gte_2,
2021-04-12,2021,Bull market,15,true,valid_signal,59156.23,1.762534,0,3.737026,6.295347,0,2,normal,watch,normal,normal,normal,stress,crisis,true,recent_tail_loss_days_gte_2,
2021-04-13,2021,Bull market,15,true,valid_signal,60638.974,2.506488,0,3.674832,6.295347,0,2,normal,watch,normal,normal,normal,stress,crisis,true,recent_tail_loss_days_gte_2,
2021-04-14,2021,Bull market,15,true,valid_signal,61355.04375,1.180874,0,3.574604,6.295347,0,1,normal,watch,normal,normal,normal,watch,stress,true,,
2021-04-15,2021,Bull market,15,true,valid_signal,61750.425,0.644415,0,3.4693,6.295347,0,1,normal,watch,normal,normal,normal,watch,stress,true,,
2021-04-16,2021,Bull market,16,true,valid_signal,60281.83,-2.378275,-2.378275,3.413686,6.295347,1,1,normal,watch,normal,watch,normal,watch,stress,true,,
2021-04-17,2021,Bull market,16,true,valid_signal,60450.215,0.27933,-2.105589,3.310398,6.295347,2,1,normal,watch,normal,normal,normal,watch,watch,false,,
2021-04-18,2021,Bull market,16,true,valid_signal,55153.5415,-8.762042,-10.683139,3.861038,3.091253,3,2,normal,normal,normal,stress,normal,crisis,crisis,false,recent_tail_loss_days_gte_2,
2021-04-19,2021,Bull market,16,true,valid_signal,56548.8945,2.529943,-8.423473,3.794364,6.295347,4,2,normal,watch,normal,normal,normal,stress,crisis,true,recent_tail_loss_days_gte_2,
2021-04-20,2021,Bull market,16,true,valid_signal,56406.537,-0.251742,-8.65401,3.679289,6.295347,5,2,normal,watch,normal,normal,normal,stress,crisis,true,recent_tail_loss_days_gte_2,
2021-04-21,2021,Bull market,16,true,valid_signal,55635.1685,-1.367516,-9.903181,3.582896,6.295347,6,2,normal,watch,normal,normal,normal,stress,crisis,true,recent_tail_loss_days_gte_2,
2021-04-22,2021,Bull market,16,true,valid_signal,54434.26925,-2.158525,-11.847944,3.513754,6.295347,7,3,normal,watch,normal,watch,normal,stress,crisis,true,recent_tail_loss_days_gte_2,
2021-04-23,2021,Bull market,17,true,valid_signal,47500.669,-12.737565,-23.076369,4.619568,6.295347,8,3,watch,watch,watch,crisis,normal,crisis,crisis,false,drawdown_and_var_active; recent_tail_loss_days_gte_2,
2021-04-24,2021,Bull market,17,true,valid_signal,47681.76875,0.381257,-22.783092,4.479811,8.761143,9,3,watch,watch,watch,normal,normal,crisis,crisis,false,drawdown_and_var_active; recent_tail_loss_days_gte_2,
2021-04-25,2021,Bull market,17,true,valid_signal,48229.125,1.147936,-21.896691,4.352431,8.761143,10,2,watch,watch,watch,normal,normal,crisis,crisis,false,drawdown_and_var_active; recent_tail_loss_days_gte_2,
2021-04-26,2021,Bull market,17,true,valid_signal,49592.536,2.826945,-19.688754,4.276275,8.761143,11,2,normal,watch,watch,normal,normal,stress,crisis,true,recent_tail_loss_days_gte_2,
2021-04-27,2021,Bull market,17,true,valid_signal,49679.05125,0.174452,-19.548649,4.146223,8.761143,12,2,normal,watch,normal,normal,normal,stress,crisis,true,recent_tail_loss_days_gte_2,
2021-04-28,2021,Bull market,17,true,valid_signal,49743.93,0.130596,-19.443583,4.02004,8.761143,13,2,normal,watch,normal,normal,normal,stress,crisis,true,recent_tail_loss_days_gte_2,
2021-04-29,2021,Bull market,17,true,valid_signal,49971.69,0.457865,-19.074743,3.899186,8.761143,14,1,normal,watch,normal,normal,watch,watch,stress,true,,
2021-04-30,2021,Bull market,18,false,data_gap,,,,3.899186,8.761143,,1,normal,watch,normal,normal,watch,watch,stress,true,,missing_observed_option_instrument; synthetic/theoretical cycle excluded from option valuation
2021-05-01,2021,Bull market,18,false,data_gap,,,,3.899186,8.761143,,1,normal,watch,normal,normal,watch,watch,stress,true,,missing_observed_option_instrument; synthetic/theoretical cycle excluded from option valuation
2021-05-02,2021,Bull market,18,false,data_gap,,,,3.899186,8.761143,,1,normal,watch,normal,normal,watch,watch,stress,true,,missing_observed_option_instrument; synthetic/theoretical cycle excluded from option valuation
2021-05-03,2021,Bull market,18,false,data_gap,,,,3.899186,8.761143,,1,normal,watch,normal,normal,watch,watch,stress,true,,missing_observed_option_instrument; synthetic/theoretical cycle excluded from option valuation
2021-05-04,2021,Bull market,18,false,data_gap,,,,3.899186,8.761143,,1,normal,watch,normal,normal,watch,watch,stress,true,,missing_observed_option_instrument; synthetic/theoretical cycle excluded from option valuation
2021-05-05,2021,Bull market,18,false,data_gap,,,,3.899186,8.761143,,1,normal,watch,normal,normal,watch,watch,stress,true,,missing_observed_option_instrument; synthetic/theoretical cycle excluded from option valuation
2021-05-06,2021,Bull market,18,false,data_gap,,,,3.899186,8.761143,,1,normal,watch,normal,normal,watch,watch,stress,true,,missing_observed_option_instrument; synthetic/theoretical cycle excluded from option valuation
2021-05-07,2021,Bull market,19,true,partial_signal,55493.1355,,-10.133193,3.899186,8.761143,15,1,normal,watch,normal,normal,watch,watch,stress,true,,daily_return_not_computed_across_missing_mtm_gap
2021-05-08,2021,Bull market,19,true,valid_signal,56586.006,1.96938,-8.363374,3.811055,8.761143,16,0,normal,watch,normal,normal,watch,watch,stress,true,,
2021-05-09,2021,Bull market,19,true,valid_signal,55757.2125,-1.464662,-9.70554,3.712332,8.761143,17,0,normal,watch,normal,normal,watch,watch,watch,false,,
2021-05-10,2021,Bull market,19,true,valid_signal,55739.988,-0.030892,-9.733434,3.599247,8.761143,18,0,normal,watch,normal,normal,watch,watch,watch,false,,
2021-05-11,2021,Bull market,19,true,valid_signal,55360.4025,-0.680993,-10.348143,3.493584,8.761143,19,0,normal,watch,normal,normal,watch,watch,watch,false,,
2021-05-12,2021,Bull market,19,true,valid_signal,56247.84,1.603019,-8.911007,3.409839,8.761143,20,0,normal,watch,normal,normal,watch,watch,watch,false,,
2021-05-13,2021,Bull market,19,true,valid_signal,50573.20075,-10.088635,-18.100643,4.127495,8.761143,21,1,normal,watch,normal,crisis,stress,crisis,crisis,false,,
2021-05-14,2021,Bull market,20,true,valid_signal,49858.44,-1.413319,-19.258143,4.016701,9.491668,22,1,normal,watch,normal,normal,stress,stress,crisis,true,,
2021-05-15,2021,Bull market,20,true,valid_signal,48408.8955,-2.90732,-21.605567,3.958915,9.491668,23,2,watch,watch,normal,watch,stress,crisis,crisis,false,drawdown_and_var_active; drawdown_and_underwater_duration_active; recent_tail_loss_days_gte_2,
2021-05-16,2021,Bull market,20,true,valid_signal,48393.849,-0.031082,-21.629934,3.838318,9.491668,24,2,watch,watch,normal,normal,stress,crisis,crisis,false,drawdown_and_var_active; drawdown_and_underwater_duration_active; recent_tail_loss_days_gte_2,
2021-05-17,2021,Bull market,20,true,valid_signal,44826.999,-7.370461,-27.406169,4.1362,9.491668,25,3,watch,watch,normal,stress,stress,crisis,crisis,false,drawdown_and_var_active; drawdown_and_underwater_duration_active; recent_tail_loss_days_gte_2,
2021-05-18,2021,Bull market,20,true,valid_signal,43448.22975,-3.075756,-29.638979,4.080352,9.491668,26,4,watch,watch,normal,watch,stress,crisis,crisis,false,drawdown_and_var_active; drawdown_and_underwater_duration_active; recent_tail_loss_days_gte_2,
2021-05-19,2021,Bull market,20,true,valid_signal,35626.67775,-18.002004,-42.305372,5.924073,9.491668,27,5,stress,watch,watch,crisis,stress,crisis,crisis,false,drawdown_and_var_active; drawdown_and_underwater_duration_active; recent_tail_loss_days_gte_2,
2021-05-20,2021,Bull market,20,true,valid_signal,41866.55625,17.514624,-32.200376,7.169009,11.545546,28,4,watch,crisis,stress,normal,crisis,crisis,crisis,false,drawdown_and_var_active; drawdown_and_underwater_duration_active; recent_tail_loss_days_gte_2,
2021-05-21,2021,Bull market,21,true,valid_signal,39656.0885,-5.279794,-35.780056,7.069907,11.545546,29,5,stress,crisis,stress,stress,crisis,crisis,crisis,false,drawdown_and_var_active; drawdown_and_underwater_duration_active; recent_tail_loss_days_gte_2,
2021-05-22,2021,Bull market,21,true,valid_signal,37025.6485,-6.63313,-40.039848,7.044464,11.545546,30,5,stress,crisis,stress,stress,crisis,crisis,crisis,false,drawdown_and_var_active; drawdown_and_underwater_duration_active; recent_tail_loss_days_gte_2,
2021-05-23,2021,Bull market,21,true,valid_signal,33097.075,-10.610411,-46.401867,7.307657,11.545546,31,6,stress,crisis,stress,crisis,crisis,crisis,crisis,false,drawdown_and_var_active; drawdown_and_underwater_duration_active; recent_tail_loss_days_gte_2,
2021-05-24,2021,Bull market,21,true,valid_signal,37213.3,12.436824,-39.735961,7.712212,11.780346,32,5,stress,crisis,crisis,normal,crisis,crisis,crisis,false,drawdown_and_var_active; drawdown_and_underwater_duration_active; recent_tail_loss_days_gte_2,
2021-05-25,2021,Bull market,21,true,valid_signal,37331.958,0.318859,-39.543804,7.477675,11.780346,33,4,stress,crisis,stress,normal,crisis,crisis,crisis,false,drawdown_and_var_active; drawdown_and_underwater_duration_active; recent_tail_loss_days_gte_2,
2021-05-26,2021,Bull market,21,true,valid_signal,38735.35,3.759224,-37.27112,7.308118,11.780346,34,3,stress,crisis,stress,normal,crisis,crisis,crisis,false,drawdown_and_var_active; drawdown_and_underwater_duration_active; recent_tail_loss_days_gte_2,
2021-05-27,2021,Bull market,21,true,valid_signal,39855.629,2.892136,-35.456915,7.120811,11.780346,35,3,stress,crisis,stress,normal,crisis,crisis,crisis,false,drawdown_and_var_active; drawdown_and_underwater_duration_active; recent_tail_loss_days_gte_2,
2021-05-28,2021,Bull market,22,false,data_gap,,,,7.120811,11.780346,,3,normal,crisis,stress,normal,crisis,crisis,crisis,true,recent_tail_loss_days_gte_2,missing_observed_option_instrument; synthetic/theoretical cycle excluded from option valuation
2021-05-29,2021,Bull market,22,false,data_gap,,,,7.120811,11.780346,,3,normal,crisis,stress,normal,crisis,crisis,crisis,true,recent_tail_loss_days_gte_2,missing_observed_option_instrument; synthetic/theoretical cycle excluded from option valuation
2021-05-30,2021,Bull market,22,false,data_gap,,,,7.120811,11.780346,,3,normal,crisis,stress,normal,crisis,crisis,crisis,true,recent_tail_loss_days_gte_2,missing_observed_option_instrument; synthetic/theoretical cycle excluded from option valuation
2021-05-31,2021,Bull market,22,false,data_gap,,,,7.120811,11.780346,,3,normal,crisis,stress,normal,crisis,crisis,crisis,true,recent_tail_loss_days_gte_2,missing_observed_option_instrument; synthetic/theoretical cycle excluded from option valuation
2021-06-01,2021,Bull market,22,false,data_gap,,,,7.120811,11.780346,,3,normal,crisis,stress,normal,crisis,crisis,crisis,true,recent_tail_loss_days_gte_2,missing_observed_option_instrument; synthetic/theoretical cycle excluded from option valuation
2021-06-02,2021,Bull market,22,false,data_gap,,,,7.120811,11.780346,,3,normal,crisis,stress,normal,crisis,crisis,crisis,true,recent_tail_loss_days_gte_2,missing_observed_option_instrument; synthetic/theoretical cycle excluded from option valuation
2021-06-03,2021,Bull market,22,false,data_gap,,,,7.120811,11.780346,,3,normal,crisis,stress,normal,crisis,crisis,crisis,true,recent_tail_loss_days_gte_2,missing_observed_option_instrument; synthetic/theoretical cycle excluded from option valuation
2021-06-04,2021,Bull market,23,true,partial_signal,35559.909,,-42.413499,7.120811,11.780346,36,3,stress,crisis,stress,normal,crisis,crisis,crisis,false,drawdown_and_var_active; drawdown_and_underwater_duration_active; recent_tail_loss_days_gte_2,daily_return_not_computed_across_missing_mtm_gap
2021-06-05,2021,Bull market,23,true,valid_signal,34839.49475,-2.025917,-43.580154,6.921694,11.780346,37,3,stress,crisis,stress,watch,crisis,crisis,crisis,false,drawdown_and_var_active; drawdown_and_underwater_duration_active; recent_tail_loss_days_gte_2,
2021-06-06,2021,Bull market,23,true,valid_signal,34915.44,0.217986,-43.457166,6.711044,11.780346,38,2,stress,crisis,stress,normal,crisis,crisis,crisis,false,drawdown_and_var_active; drawdown_and_underwater_duration_active; recent_tail_loss_days_gte_2,
2021-06-07,2021,Bull market,23,true,valid_signal,35649.478,2.102331,-42.268449,6.526945,11.780346,39,1,stress,crisis,stress,normal,crisis,crisis,crisis,false,drawdown_and_var_active; drawdown_and_underwater_duration_active,
2021-06-08,2021,Bull market,23,true,valid_signal,32380.609,-9.169472,-47.562128,6.714887,11.780346,40,2,stress,crisis,stress,stress,crisis,crisis,crisis,false,drawdown_and_var_active; drawdown_and_underwater_duration_active; recent_tail_loss_days_gte_2,
2021-06-09,2021,Bull market,23,true,valid_signal,34922.916,7.851325,-43.44506,6.78844,10.375612,41,2,stress,stress,stress,normal,crisis,crisis,crisis,false,drawdown_and_var_active; drawdown_and_underwater_duration_active; recent_tail_loss_days_gte_2,
2021-06-10,2021,Bull market,23,true,valid_signal,37459.126,7.262309,-39.337865,6.817801,10.375612,42,2,stress,stress,stress,normal,crisis,crisis,crisis,false,drawdown_and_var_active; drawdown_and_underwater_duration_active; recent_tail_loss_days_gte_2,
2021-06-11,2021,Bull market,24,true,valid_signal,36503.3295,-2.551572,-40.885703,6.639586,10.375612,43,3,stress,stress,stress,watch,crisis,crisis,crisis,false,drawdown_and_var_active; drawdown_and_underwater_duration_active; recent_tail_loss_days_gte_2,
2021-06-12,2021,Bull market,24,true,valid_signal,35490.084,-2.775762,-42.526575,6.473125,10.375612,44,3,stress,stress,stress,watch,crisis,crisis,crisis,false,drawdown_and_var_active; drawdown_and_underwater_duration_active; recent_tail_loss_days_gte_2,
2021-06-13,2021,Bull market,24,true,valid_signal,35577.63,0.246677,-42.384801,6.276218,10.375612,45,3,stress,stress,stress,normal,crisis,crisis,crisis,false,drawdown_and_var_active; drawdown_and_underwater_duration_active; recent_tail_loss_days_gte_2,
2021-06-14,2021,Bull market,24,true,valid_signal,37765.974,6.150899,-38.840949,6.26877,10.375612,46,3,stress,stress,stress,normal,crisis,crisis,crisis,false,drawdown_and_var_active; drawdown_and_underwater_duration_active; recent_tail_loss_days_gte_2,
2021-06-15,2021,Bull market,24,true,valid_signal,38128.53,0.960007,-38.253818,6.082345,10.375612,47,2,stress,stress,stress,normal,crisis,crisis,crisis,false,drawdown_and_var_active; drawdown_and_underwater_duration_active; recent_tail_loss_days_gte_2,
2021-06-16,2021,Bull market,24,true,valid_signal,38166.677,0.100048,-38.192042,5.897103,10.375612,48,2,stress,stress,watch,normal,crisis,crisis,crisis,false,drawdown_and_var_active; drawdown_and_underwater_duration_active; recent_tail_loss_days_gte_2,
2021-06-17,2021,Bull market,24,true,valid_signal,38263.965,0.254903,-38.034491,5.717795,10.375612,49,2,stress,stress,watch,normal,crisis,crisis,crisis,false,drawdown_and_var_active; drawdown_and_underwater_duration_active; recent_tail_loss_days_gte_2,
2021-06-18,2021,Bull market,25,true,valid_signal,36564.1595,-4.442314,-40.787194,5.649392,10.375612,50,2,stress,stress,watch,watch,crisis,crisis,crisis,false,drawdown_and_var_active; drawdown_and_underwater_duration_active; recent_tail_loss_days_gte_2,
2021-06-19,2021,Bull market,25,true,valid_signal,35525.504,-2.840638,-42.469215,5.521309,10.375612,51,2,stress,stress,watch,watch,crisis,crisis,crisis,false,drawdown_and_var_active; drawdown_and_underwater_duration_active; recent_tail_loss_days_gte_2,
2021-06-20,2021,Bull market,25,true,valid_signal,33721.0325,-5.079369,-45.391416,5.495795,10.375612,52,3,stress,stress,watch,stress,crisis,crisis,crisis,false,drawdown_and_var_active; drawdown_and_underwater_duration_active; recent_tail_loss_days_gte_2,
2021-06-21,2021,Bull market,25,true,valid_signal,33025.816,-2.06167,-46.517265,5.352248,9.961989,53,4,stress,watch,watch,watch,crisis,crisis,crisis,false,drawdown_and_var_active; drawdown_and_underwater_duration_active; recent_tail_loss_days_gte_2,
2021-06-22,2021,Bull market,25,true,valid_signal,29364.3105,-11.086798,-52.446788,5.856859,9.961989,54,5,crisis,watch,watch,crisis,crisis,crisis,crisis,false,drawdown_and_var_active; drawdown_and_underwater_duration_active; recent_tail_loss_days_gte_2,
2021-06-23,2021,Bull market,25,true,valid_signal,33855.111,15.293397,-45.174287,6.802787,10.872424,55,5,stress,stress,stress,normal,crisis,crisis,crisis,false,drawdown_and_var_active; drawdown_and_underwater_duration_active; recent_tail_loss_days_gte_2,
2021-06-24,2021,Bull market,25,true,valid_signal,34087.9475,0.687744,-44.797226,6.597697,10.872424,56,5,stress,stress,stress,normal,crisis,crisis,crisis,false,drawdown_and_var_active; drawdown_and_underwater_duration_active; recent_tail_loss_days_gte_2,
2021-06-25,2021,Bull market,26,false,data_gap,,,,6.597697,10.872424,,5,normal,stress,stress,normal,crisis,crisis,crisis,true,recent_tail_loss_days_gte_2,missing_observed_option_instrument; synthetic/theoretical cycle excluded from option valuation
2021-06-26,2021,Bull market,26,false,data_gap,,,,6.597697,10.872424,,5,normal,stress,stress,normal,crisis,crisis,crisis,true,recent_tail_loss_days_gte_2,missing_observed_option_instrument; synthetic/theoretical cycle excluded from option valuation
2021-06-27,2021,Bull market,26,false,data_gap,,,,6.597697,10.872424,,5,normal,stress,stress,normal,crisis,crisis,crisis,true,recent_tail_loss_days_gte_2,missing_observed_option_instrument; synthetic/theoretical cycle excluded from option valuation
2021-06-28,2021,Bull market,26,false,data_gap,,,,6.597697,10.872424,,5,normal,stress,stress,normal,crisis,crisis,crisis,true,recent_tail_loss_days_gte_2,missing_observed_option_instrument; synthetic/theoretical cycle excluded from option valuation
2021-06-29,2021,Bull market,26,false,data_gap,,,,6.597697,10.872424,,5,normal,stress,stress,normal,crisis,crisis,crisis,true,recent_tail_loss_days_gte_2,missing_observed_option_instrument; synthetic/theoretical cycle excluded from option valuation
2021-06-30,2021,Bull market,26,false,data_gap,,,,6.597697,10.872424,,5,normal,stress,stress,normal,crisis,crisis,crisis,true,recent_tail_loss_days_gte_2,missing_observed_option_instrument; synthetic/theoretical cycle excluded from option valuation
2021-07-01,2021,Bull market,26,false,data_gap,,,,6.597697,10.872424,,5,normal,stress,stress,normal,crisis,crisis,crisis,true,recent_tail_loss_days_gte_2,missing_observed_option_instrument; synthetic/theoretical cycle excluded from option valuation
2021-07-02,2021,Bull market,27,false,data_gap,,,,6.597697,10.872424,,5,normal,stress,stress,normal,crisis,crisis,crisis,true,recent_tail_loss_days_gte_2,missing_observed_option_instrument; synthetic/theoretical cycle excluded from option valuation
2021-07-03,2021,Bull market,27,false,data_gap,,,,6.597697,10.872424,,5,normal,stress,stress,normal,crisis,crisis,crisis,true,recent_tail_loss_days_gte_2,missing_observed_option_instrument; synthetic/theoretical cycle excluded from option valuation
2021-07-04,2021,Bull market,27,false,data_gap,,,,6.597697,10.872424,,5,normal,stress,stress,normal,crisis,crisis,crisis,true,recent_tail_loss_days_gte_2,missing_observed_option_instrument; synthetic/theoretical cycle excluded from option valuation
2021-07-05,2021,Bull market,27,false,data_gap,,,,6.597697,10.872424,,5,normal,stress,stress,normal,crisis,crisis,crisis,true,recent_tail_loss_days_gte_2,missing_observed_option_instrument; synthetic/theoretical cycle excluded from option valuation
2021-07-06,2021,Bull market,27,false,data_gap,,,,6.597697,10.872424,,5,normal,stress,stress,normal,crisis,crisis,crisis,true,recent_tail_loss_days_gte_2,missing_observed_option_instrument; synthetic/theoretical cycle excluded from option valuation
2021-07-07,2021,Bull market,27,false,data_gap,,,,6.597697,10.872424,,5,normal,stress,stress,normal,crisis,crisis,crisis,true,recent_tail_loss_days_gte_2,missing_observed_option_instrument; synthetic/theoretical cycle excluded from option valuation
2021-07-08,2021,Bull market,27,false,data_gap,,,,6.597697,10.872424,,5,normal,stress,stress,normal,crisis,crisis,crisis,true,recent_tail_loss_days_gte_2,missing_observed_option_instrument; synthetic/theoretical cycle excluded from option valuation
2021-07-09,2021,Bull market,28,true,partial_signal,32720.2655,,-47.01208,6.597697,10.872424,57,5,stress,stress,stress,normal,crisis,crisis,crisis,false,drawdown_and_var_active; drawdown_and_underwater_duration_active; recent_tail_loss_days_gte_2,daily_return_not_computed_across_missing_mtm_gap
2021-07-10,2021,Bull market,28,true,valid_signal,32998.56,0.850526,-46.561404,6.400097,10.872424,58,4,stress,stress,stress,normal,crisis,crisis,crisis,false,drawdown_and_var_active; drawdown_and_underwater_duration_active; recent_tail_loss_days_gte_2,
2021-07-11,2021,Bull market,28,true,valid_signal,33365.60175,1.112296,-45.967009,6.211103,10.872424,59,3,stress,stress,stress,normal,crisis,crisis,crisis,false,drawdown_and_var_active; drawdown_and_underwater_duration_active; recent_tail_loss_days_gte_2,
2021-07-12,2021,Bull market,28,true,valid_signal,33162.69225,-0.60814,-46.295605,6.02373,9.961989,60,2,stress,watch,stress,normal,crisis,crisis,crisis,false,drawdown_and_var_active; drawdown_and_underwater_duration_active; recent_tail_loss_days_gte_2,
2021-07-13,2021,Bull market,28,true,valid_signal,32463.75275,-2.107608,-47.427483,5.862996,9.961989,61,2,stress,watch,watch,watch,crisis,crisis,crisis,false,drawdown_and_var_active; drawdown_and_underwater_duration_active; recent_tail_loss_days_gte_2,
2021-07-14,2021,Bull market,28,true,valid_signal,32747.42625,0.873816,-46.968096,5.688414,9.961989,62,1,stress,watch,watch,normal,crisis,crisis,crisis,false,drawdown_and_var_active; drawdown_and_underwater_duration_active,
2021-07-15,2021,Bull market,28,true,valid_signal,31758.61275,-3.019515,-48.569402,5.564496,9.961989,63,2,stress,watch,watch,watch,crisis,crisis,crisis,false,drawdown_and_var_active; drawdown_and_underwater_duration_active; recent_tail_loss_days_gte_2,
2021-07-16,2021,Bull market,29,true,valid_signal,31137.564,-1.955529,-49.575142,5.416202,7.328926,64,2,stress,watch,watch,normal,crisis,crisis,crisis,false,drawdown_and_var_active; drawdown_and_underwater_duration_active; recent_tail_loss_days_gte_2,
2021-07-17,2021,Bull market,29,true,valid_signal,31136.835,-0.002341,-49.576323,5.251203,7.328926,65,2,stress,watch,watch,normal,crisis,crisis,crisis,false,drawdown_and_var_active; drawdown_and_underwater_duration_active; recent_tail_loss_days_gte_2,
2021-07-18,2021,Bull market,29,true,valid_signal,31245.4145,0.348717,-49.400487,5.091946,7.328926,66,2,stress,watch,watch,normal,crisis,crisis,crisis,false,drawdown_and_var_active; drawdown_and_underwater_duration_active; recent_tail_loss_days_gte_2,
2021-07-19,2021,Bull market,29,true,valid_signal,30454.172,-2.532348,-50.681842,4.975642,7.328926,67,3,crisis,watch,watch,watch,crisis,crisis,crisis,false,drawdown_and_var_active; drawdown_and_underwater_duration_active; recent_tail_loss_days_gte_2,
2021-07-20,2021,Bull market,29,true,valid_signal,29423.9625,-3.382819,-52.350186,4.894711,7.328926,68,3,crisis,watch,watch,watch,crisis,crisis,crisis,false,drawdown_and_var_active; drawdown_and_underwater_duration_active; recent_tail_loss_days_gte_2,
2021-07-21,2021,Bull market,29,true,valid_signal,31301.211,6.379999,-49.310129,4.996295,7.328926,69,3,stress,watch,watch,normal,crisis,crisis,crisis,false,drawdown_and_var_active; drawdown_and_underwater_duration_active; recent_tail_loss_days_gte_2,
2021-07-22,2021,Bull market,29,true,valid_signal,31986.15525,2.188236,-48.200915,4.873653,7.328926,70,2,stress,watch,watch,normal,crisis,crisis,crisis,false,drawdown_and_var_active; drawdown_and_underwater_duration_active; recent_tail_loss_days_gte_2,
2021-07-23,2021,Bull market,30,true,valid_signal,32017.392,0.097657,-48.150329,4.725242,7.328926,71,2,stress,watch,watch,normal,crisis,crisis,crisis,false,drawdown_and_var_active; drawdown_and_underwater_duration_active; recent_tail_loss_days_gte_2,
2021-07-24,2021,Bull market,30,true,valid_signal,32709.72375,2.162361,-47.029152,4.61181,4.792694,72,2,stress,normal,watch,normal,crisis,crisis,crisis,false,drawdown_and_underwater_duration_active; recent_tail_loss_days_gte_2,
2021-07-25,2021,Bull market,30,true,valid_signal,33072.367,1.108671,-46.44188,4.479555,4.792694,73,2,stress,normal,watch,normal,crisis,crisis,crisis,false,drawdown_and_underwater_duration_active; recent_tail_loss_days_gte_2,
2021-07-26,2021,Bull market,30,true,valid_signal,34064.46875,2.999791,-44.835248,4.40481,4.792694,74,1,stress,normal,watch,normal,crisis,crisis,crisis,false,drawdown_and_underwater_duration_active,
2021-07-27,2021,Bull market,30,true,valid_signal,33779.4335,-0.836752,-45.29684,4.275537,4.792694,75,0,stress,normal,watch,normal,crisis,crisis,crisis,false,drawdown_and_underwater_duration_active,
2021-07-28,2021,Bull market,30,true,valid_signal,33696.83525,-0.244522,-45.430602,4.14572,4.792694,76,0,stress,normal,normal,normal,crisis,crisis,crisis,false,drawdown_and_underwater_duration_active,
2021-07-29,2021,Bull market,30,true,valid_signal,34102.2405,1.203096,-44.77408,4.030213,4.792694,77,0,stress,normal,normal,normal,crisis,crisis,crisis,false,drawdown_and_underwater_duration_active,
2021-07-30,2021,Bull market,31,false,data_gap,,,,4.030213,4.792694,,0,normal,normal,normal,normal,crisis,crisis,crisis,true,,missing_observed_option_instrument; synthetic/theoretical cycle excluded from option valuation
2021-07-31,2021,Bull market,31,false,data_gap,,,,4.030213,4.792694,,0,normal,normal,normal,normal,crisis,crisis,crisis,true,,missing_observed_option_instrument; synthetic/theoretical cycle excluded from option valuation
2021-08-01,2021,Bull market,31,false,data_gap,,,,4.030213,4.792694,,0,normal,normal,normal,normal,crisis,crisis,crisis,true,,missing_observed_option_instrument; synthetic/theoretical cycle excluded from option valuation
2021-08-02,2021,Bull market,31,false,data_gap,,,,4.030213,4.792694,,0,normal,normal,normal,normal,crisis,crisis,crisis,true,,missing_observed_option_instrument; synthetic/theoretical cycle excluded from option valuation
2021-08-03,2021,Bull market,31,false,data_gap,,,,4.030213,4.792694,,0,normal,normal,normal,normal,crisis,crisis,crisis,true,,missing_observed_option_instrument; synthetic/theoretical cycle excluded from option valuation
2021-08-04,2021,Bull market,31,false,data_gap,,,,4.030213,4.792694,,0,normal,normal,normal,normal,crisis,crisis,crisis,true,,missing_observed_option_instrument; synthetic/theoretical cycle excluded from option valuation
2021-08-05,2021,Bull market,31,false,data_gap,,,,4.030213,4.792694,,0,normal,normal,normal,normal,crisis,crisis,crisis,true,,missing_observed_option_instrument; synthetic/theoretical cycle excluded from option valuation
2021-08-06,2021,Bull market,32,true,partial_signal,39993.252,,-35.234046,4.030213,4.792694,78,0,stress,normal,normal,normal,crisis,crisis,crisis,false,drawdown_and_underwater_duration_active,daily_return_not_computed_across_missing_mtm_gap
2021-08-07,2021,Bull market,32,true,valid_signal,40894.1205,2.252551,-33.775159,3.946201,4.792694,79,0,watch,normal,normal,normal,crisis,crisis,crisis,false,drawdown_and_underwater_duration_active,
2021-08-08,2021,Bull market,32,true,valid_signal,41946.8225,2.574214,-32.070391,3.877595,4.792694,80,0,watch,normal,normal,normal,crisis,crisis,crisis,false,drawdown_and_underwater_duration_active,
2021-08-09,2021,Bull market,32,true,valid_signal,42180.8175,0.557837,-31.691454,3.761951,4.792694,81,0,watch,normal,normal,normal,crisis,crisis,crisis,false,drawdown_and_underwater_duration_active,
2021-08-10,2021,Bull market,32,true,valid_signal,41620.91875,-1.327378,-32.598166,3.66181,4.792694,82,0,watch,normal,normal,normal,crisis,crisis,crisis,false,drawdown_and_underwater_duration_active,
2021-08-11,2021,Bull market,32,true,valid_signal,43071.09,3.484237,-30.249727,3.651399,4.315922,83,0,watch,normal,normal,normal,crisis,crisis,crisis,false,drawdown_and_underwater_duration_active,
2021-08-12,2021,Bull market,32,true,valid_signal,42644.812,-0.989708,-30.940051,3.548454,4.315922,84,0,watch,normal,normal,normal,crisis,crisis,crisis,false,drawdown_and_underwater_duration_active,
2021-08-13,2021,Bull market,33,true,valid_signal,45128.07,5.823119,-26.918608,3.724319,3.219332,85,0,watch,normal,normal,normal,crisis,crisis,crisis,false,drawdown_and_underwater_duration_active,
2021-08-14,2021,Bull market,33,true,valid_signal,45187.3795,0.131425,-26.822561,3.611005,3.219332,86,0,watch,normal,normal,normal,crisis,crisis,crisis,false,drawdown_and_underwater_duration_active,
2021-08-15,2021,Bull market,33,true,valid_signal,45060.918,-0.27986,-27.027356,3.50167,2.80029,87,0,watch,normal,normal,normal,crisis,crisis,crisis,false,drawdown_and_underwater_duration_active,
2021-08-16,2021,Bull market,33,true,valid_signal,45490.95425,0.954344,-26.330945,3.403034,2.80029,88,0,watch,normal,normal,normal,crisis,crisis,crisis,false,drawdown_and_underwater_duration_active,
2021-08-17,2021,Bull market,33,true,valid_signal,45733.47075,0.533109,-25.938209,3.301947,2.80029,89,0,watch,normal,normal,normal,crisis,crisis,crisis,false,drawdown_and_underwater_duration_active,
2021-08-18,2021,Bull market,33,true,valid_signal,45145.194,-1.286316,-26.890877,3.216824,2.80029,90,0,watch,normal,normal,normal,crisis,crisis,crisis,false,drawdown_and_underwater_duration_active,
2021-08-19,2021,Bull market,33,true,valid_signal,45069.454,-0.16777,-27.013532,3.119098,2.80029,91,0,watch,normal,normal,normal,crisis,crisis,crisis,false,drawdown_and_underwater_duration_active,
2021-08-20,2021,Bull market,34,true,valid_signal,46536.259,3.254544,-24.638156,3.12739,2.80029,92,0,watch,normal,normal,normal,crisis,crisis,crisis,false,drawdown_and_underwater_duration_active,
2021-08-21,2021,Bull market,34,true,valid_signal,47572.532,2.226808,-22.959993,3.080788,2.80029,93,0,watch,normal,normal,normal,crisis,crisis,crisis,false,drawdown_and_underwater_duration_active,
2021-08-22,2021,Bull market,34,true,valid_signal,47203.4575,-0.775814,-23.55768,2.992974,2.80029,94,0,watch,normal,normal,normal,crisis,crisis,crisis,false,drawdown_and_underwater_duration_active,
2021-08-23,2021,Bull market,34,true,valid_signal,47813.4395,1.29224,-22.569862,2.919009,2.272779,95,0,watch,normal,normal,normal,crisis,crisis,crisis,false,drawdown_and_underwater_duration_active,
2021-08-24,2021,Bull market,34,true,valid_signal,47396.512,-0.871988,-23.245043,2.838133,1.990111,96,0,watch,normal,normal,normal,crisis,crisis,crisis,false,drawdown_and_underwater_duration_active,
2021-08-25,2021,Bull market,34,true,valid_signal,47108.116,-0.608475,-23.712078,2.755705,1.990111,97,0,watch,normal,normal,normal,crisis,crisis,crisis,false,drawdown_and_underwater_duration_active,
2021-08-26,2021,Bull market,34,true,valid_signal,47129.38125,0.045141,-23.677641,2.671778,1.990111,98,0,watch,normal,normal,normal,crisis,crisis,crisis,false,drawdown_and_underwater_duration_active,
2021-08-27,2021,Bull market,35,false,data_gap,,,,2.671778,1.990111,,0,normal,normal,normal,normal,crisis,crisis,crisis,true,,missing_observed_option_instrument; synthetic/theoretical cycle excluded from option valuation
2021-08-28,2021,Bull market,35,false,data_gap,,,,2.671778,1.990111,,0,normal,normal,normal,normal,crisis,crisis,crisis,true,,missing_observed_option_instrument; synthetic/theoretical cycle excluded from option valuation
2021-08-29,2021,Bull market,35,false,data_gap,,,,2.671778,1.990111,,0,normal,normal,normal,normal,crisis,crisis,crisis,true,,missing_observed_option_instrument; synthetic/theoretical cycle excluded from option valuation
2021-08-30,2021,Bull market,35,false,data_gap,,,,2.671778,1.990111,,0,normal,normal,normal,normal,crisis,crisis,crisis,true,,missing_observed_option_instrument; synthetic/theoretical cycle excluded from option valuation
2021-08-31,2021,Bull market,35,false,data_gap,,,,2.671778,1.990111,,0,normal,normal,normal,normal,crisis,crisis,crisis,true,,missing_observed_option_instrument; synthetic/theoretical cycle excluded from option valuation
2021-09-01,2021,Bull market,35,false,data_gap,,,,2.671778,1.990111,,0,normal,normal,normal,normal,crisis,crisis,crisis,true,,missing_observed_option_instrument; synthetic/theoretical cycle excluded from option valuation
2021-09-02,2021,Bull market,35,false,data_gap,,,,2.671778,1.990111,,0,normal,normal,normal,normal,crisis,crisis,crisis,true,,missing_observed_option_instrument; synthetic/theoretical cycle excluded from option valuation
2021-09-03,2021,Bull market,36,true,partial_signal,49147.775,,-20.409009,2.671778,1.990111,99,0,watch,normal,normal,normal,crisis,crisis,crisis,false,drawdown_and_underwater_duration_active,daily_return_not_computed_across_missing_mtm_gap
2021-09-04,2021,Bull market,36,true,valid_signal,49144.184,-0.007307,-20.414825,2.590386,1.3089,100,0,watch,normal,normal,normal,crisis,crisis,crisis,false,drawdown_and_underwater_duration_active,
2021-09-05,2021,Bull market,36,true,valid_signal,49247.301,0.209825,-20.247835,2.511998,1.152842,101,0,watch,normal,normal,normal,crisis,crisis,crisis,false,drawdown_and_underwater_duration_active,
2021-09-06,2021,Bull market,36,true,valid_signal,50209.0875,1.952973,-18.690296,2.48201,1.152842,102,0,normal,normal,normal,normal,crisis,crisis,crisis,false,,
2021-09-07,2021,Bull market,36,true,valid_signal,49735.1125,-0.944002,-19.457862,2.417482,1.152842,103,0,normal,normal,normal,normal,crisis,crisis,crisis,false,,
2021-09-08,2021,Bull market,36,true,valid_signal,46267.686,-6.971788,-25.073089,2.899985,1.152842,104,1,watch,normal,normal,stress,crisis,crisis,crisis,false,drawdown_and_underwater_duration_active,
2021-09-09,2021,Bull market,36,true,valid_signal,47040.468,1.670241,-23.821629,2.84125,1.3089,105,1,watch,normal,normal,normal,crisis,crisis,crisis,false,drawdown_and_underwater_duration_active,
2021-09-10,2021,Bull market,37,true,valid_signal,44825.085,-4.709526,-27.409269,2.986489,1.3089,106,2,watch,normal,normal,watch,crisis,crisis,crisis,false,drawdown_and_underwater_duration_active; recent_tail_loss_days_gte_2,
2021-09-11,2021,Bull market,37,true,valid_signal,44826.57725,0.003329,-27.406852,2.895509,3.187559,107,2,watch,normal,normal,normal,crisis,crisis,crisis,false,drawdown_and_underwater_duration_active; recent_tail_loss_days_gte_2,
2021-09-12,2021,Bull market,37,true,valid_signal,45342.36225,1.150623,-26.571579,2.821413,3.187559,108,2,watch,normal,normal,normal,crisis,crisis,crisis,false,drawdown_and_underwater_duration_active; recent_tail_loss_days_gte_2,
2021-09-13,2021,Bull market,37,true,valid_signal,45403.575,0.135001,-26.472449,2.735661,3.187559,109,2,watch,normal,normal,normal,crisis,crisis,crisis,false,drawdown_and_underwater_duration_active; recent_tail_loss_days_gte_2,
2021-09-14,2021,Bull market,37,true,valid_signal,45679.375,0.607441,-26.025813,2.656492,3.187559,110,2,watch,normal,normal,normal,crisis,crisis,crisis,false,drawdown_and_underwater_duration_active; recent_tail_loss_days_gte_2,
2021-09-15,2021,Bull market,37,true,valid_signal,46976.76375,2.840207,-23.924793,2.667872,3.187559,111,1,watch,normal,normal,normal,crisis,crisis,crisis,false,drawdown_and_underwater_duration_active,
2021-09-16,2021,Bull market,37,true,valid_signal,47098.095,0.258279,-23.728306,2.587371,3.187559,112,1,watch,normal,normal,normal,crisis,crisis,crisis,false,drawdown_and_underwater_duration_active,
2021-09-17,2021,Bull market,38,true,valid_signal,46435.4455,-1.406956,-24.801416,2.532112,3.187559,113,0,watch,normal,normal,normal,crisis,crisis,crisis,false,drawdown_and_underwater_duration_active,
2021-09-18,2021,Bull market,38,true,valid_signal,47530.431,2.358081,-23.028172,2.522009,3.223369,114,0,watch,normal,normal,normal,crisis,crisis,crisis,false,drawdown_and_underwater_duration_active,
2021-09-19,2021,Bull market,38,true,valid_signal,46861.5455,-1.407278,-24.11138,2.469357,3.223369,115,0,watch,normal,normal,normal,crisis,crisis,crisis,false,drawdown_and_underwater_duration_active,
2021-09-20,2021,Bull market,38,true,valid_signal,43854.5405,-6.416786,-28.98099,2.863978,3.223515,116,1,watch,normal,normal,stress,crisis,crisis,crisis,false,drawdown_and_underwater_duration_active,
2021-09-21,2021,Bull market,38,true,valid_signal,43043.4135,-1.849585,-30.294547,2.813447,5.648519,117,1,watch,normal,normal,normal,crisis,crisis,crisis,false,drawdown_and_underwater_duration_active,
2021-09-22,2021,Bull market,38,true,valid_signal,42403.28775,-1.487163,-31.331181,2.751955,5.648519,118,1,watch,normal,normal,normal,crisis,crisis,crisis,false,drawdown_and_underwater_duration_active,
2021-09-23,2021,Bull market,38,true,valid_signal,43987.995,3.737227,-28.764871,2.820793,5.648519,119,1,watch,normal,normal,normal,crisis,crisis,crisis,false,drawdown_and_underwater_duration_active,
2021-09-24,2021,Bull market,39,false,data_gap,,,,2.820793,5.648519,,1,normal,normal,normal,normal,crisis,crisis,crisis,true,,missing_observed_option_instrument; synthetic/theoretical cycle excluded from option valuation
2021-09-25,2021,Bull market,39,false,data_gap,,,,2.820793,5.648519,,1,normal,normal,normal,normal,crisis,crisis,crisis,true,,missing_observed_option_instrument; synthetic/theoretical cycle excluded from option valuation
2021-09-26,2021,Bull market,39,false,data_gap,,,,2.820793,5.648519,,1,normal,normal,normal,normal,crisis,crisis,crisis,true,,missing_observed_option_instrument; synthetic/theoretical cycle excluded from option valuation
2021-09-27,2021,Bull market,39,false,data_gap,,,,2.820793,5.648519,,1,normal,normal,normal,normal,crisis,crisis,crisis,true,,missing_observed_option_instrument; synthetic/theoretical cycle excluded from option valuation
2021-09-28,2021,Bull market,39,false,data_gap,,,,2.820793,5.648519,,1,normal,normal,normal,normal,crisis,crisis,crisis,true,,missing_observed_option_instrument; synthetic/theoretical cycle excluded from option valuation
2021-09-29,2021,Bull market,39,false,data_gap,,,,2.820793,5.648519,,1,normal,normal,normal,normal,crisis,crisis,crisis,true,,missing_observed_option_instrument; synthetic/theoretical cycle excluded from option valuation
2021-09-30,2021,Bull market,39,false,data_gap,,,,2.820793,5.648519,,1,normal,normal,normal,normal,crisis,crisis,crisis,true,,missing_observed_option_instrument; synthetic/theoretical cycle excluded from option valuation
2021-10-01,2021,Bull market,40,false,data_gap,,,,2.820793,5.648519,,1,normal,normal,normal,normal,crisis,crisis,crisis,true,,missing_observed_option_instrument; synthetic/theoretical cycle excluded from option valuation
2021-10-02,2021,Bull market,40,false,data_gap,,,,2.820793,5.648519,,1,normal,normal,normal,normal,crisis,crisis,crisis,true,,missing_observed_option_instrument; synthetic/theoretical cycle excluded from option valuation
2021-10-03,2021,Bull market,40,false,data_gap,,,,2.820793,5.648519,,1,normal,normal,normal,normal,crisis,crisis,crisis,true,,missing_observed_option_instrument; synthetic/theoretical cycle excluded from option valuation
2021-10-04,2021,Bull market,40,false,data_gap,,,,2.820793,5.648519,,1,normal,normal,normal,normal,crisis,crisis,crisis,true,,missing_observed_option_instrument; synthetic/theoretical cycle excluded from option valuation
2021-10-05,2021,Bull market,40,false,data_gap,,,,2.820793,5.648519,,1,normal,normal,normal,normal,crisis,crisis,crisis,true,,missing_observed_option_instrument; synthetic/theoretical cycle excluded from option valuation
2021-10-06,2021,Bull market,40,false,data_gap,,,,2.820793,5.648519,,1,normal,normal,normal,normal,crisis,crisis,crisis,true,,missing_observed_option_instrument; synthetic/theoretical cycle excluded from option valuation
2021-10-07,2021,Bull market,40,false,data_gap,,,,2.820793,5.648519,,1,normal,normal,normal,normal,crisis,crisis,crisis,true,,missing_observed_option_instrument; synthetic/theoretical cycle excluded from option valuation
2021-10-08,2021,Bull market,41,true,partial_signal,53367.92625,,-13.574803,2.820793,5.648519,120,1,normal,normal,normal,normal,crisis,crisis,crisis,false,,daily_return_not_computed_across_missing_mtm_gap
2021-10-09,2021,Bull market,41,true,valid_signal,54367.62,1.873211,-11.955877,2.773084,5.648519,121,1,normal,normal,normal,normal,crisis,crisis,crisis,false,,
2021-10-10,2021,Bull market,41,true,valid_signal,54589.45725,0.408032,-11.596629,2.690462,5.648519,122,1,normal,normal,normal,normal,crisis,crisis,crisis,false,,
2021-10-11,2021,Bull market,41,true,valid_signal,55878.10325,2.360613,-9.509767,2.671819,5.648519,123,1,normal,normal,normal,normal,crisis,crisis,crisis,false,,
2021-10-12,2021,Bull market,41,true,valid_signal,56036.39625,0.283283,-9.253424,2.591354,5.648519,124,0,normal,normal,normal,normal,crisis,crisis,crisis,false,,
2021-10-13,2021,Bull market,41,true,valid_signal,54546.895,-2.658096,-11.665555,2.595407,5.648519,125,1,normal,normal,normal,watch,crisis,crisis,crisis,false,,
2021-10-14,2021,Bull market,41,true,valid_signal,57005.79675,4.507867,-7.683556,2.747949,5.648519,126,1,normal,normal,normal,normal,crisis,crisis,crisis,false,,
2021-10-15,2021,Bull market,42,true,valid_signal,57249.9555,0.428305,-7.28816,2.6663,5.648519,127,1,normal,normal,normal,normal,crisis,crisis,crisis,false,,
2021-10-16,2021,Bull market,42,true,valid_signal,58839.80475,2.777031,-4.713523,2.673073,5.648519,128,1,normal,normal,normal,normal,crisis,crisis,crisis,false,,
2021-10-17,2021,Bull market,42,true,valid_signal,58980.6625,0.239392,-4.485414,2.592304,5.648519,129,1,normal,normal,normal,normal,crisis,crisis,crisis,false,,
2021-10-18,2021,Bull market,42,true,valid_signal,60104.595,1.905595,-2.665293,2.556309,5.648519,130,1,normal,normal,normal,normal,crisis,crisis,crisis,false,,
2021-10-19,2021,Bull market,42,true,valid_signal,60359.785,0.424577,-2.252033,2.480614,5.648519,131,1,normal,normal,normal,normal,crisis,crisis,crisis,false,,
2021-10-20,2021,Bull market,42,true,valid_signal,61880.798,2.519911,0,2.48299,5.648519,0,0,normal,normal,normal,normal,normal,normal,crisis,true,,
2021-10-21,2021,Bull market,42,true,valid_signal,61098.12,-1.264816,-1.264816,2.427202,5.648519,1,0,normal,normal,normal,normal,normal,normal,crisis,true,,
2021-10-22,2021,Bull market,43,true,valid_signal,60807.14325,-0.476245,-1.735037,2.356149,5.648519,2,0,normal,normal,normal,normal,normal,normal,stress,true,,
2021-10-23,2021,Bull market,43,true,valid_signal,60546.809,-0.428131,-2.15574,2.286777,5.648519,3,0,normal,normal,normal,normal,normal,normal,stress,true,,
2021-10-24,2021,Bull market,43,true,valid_signal,60079.488,-0.771834,-2.910935,2.225159,3.786382,4,0,normal,normal,normal,normal,normal,normal,stress,true,,
2021-10-25,2021,Bull market,43,true,valid_signal,62333.2625,3.751321,0,2.344909,3.786382,0,0,normal,normal,normal,normal,normal,normal,watch,true,,
2021-10-26,2021,Bull market,43,true,valid_signal,61726.866,-0.97283,-0.97283,2.285928,2.294266,1,0,normal,normal,normal,normal,normal,normal,watch,true,,
2021-10-27,2021,Bull market,43,true,valid_signal,59050.46,-4.335885,-5.266534,2.457627,2.294266,2,1,normal,normal,normal,watch,normal,watch,watch,false,,
2021-10-28,2021,Bull market,43,true,valid_signal,61554.2075,4.240014,-1.249822,2.599269,3.58088,3,1,normal,normal,normal,normal,normal,normal,watch,true,,
2021-10-29,2021,Bull market,44,false,data_gap,,,,2.599269,3.58088,,1,normal,normal,normal,normal,normal,normal,watch,true,,missing_observed_option_instrument; synthetic/theoretical cycle excluded from option valuation
2021-10-30,2021,Bull market,44,false,data_gap,,,,2.599269,3.58088,,1,normal,normal,normal,normal,normal,normal,watch,true,,missing_observed_option_instrument; synthetic/theoretical cycle excluded from option valuation
2021-10-31,2021,Bull market,44,false,data_gap,,,,2.599269,3.58088,,1,normal,normal,normal,normal,normal,normal,watch,true,,missing_observed_option_instrument; synthetic/theoretical cycle excluded from option valuation
2021-11-01,2021,Bull market,44,false,data_gap,,,,2.599269,3.58088,,1,normal,normal,normal,normal,normal,normal,watch,true,,missing_observed_option_instrument; synthetic/theoretical cycle excluded from option valuation
2021-11-02,2021,Bull market,44,false,data_gap,,,,2.599269,3.58088,,1,normal,normal,normal,normal,normal,normal,watch,true,,missing_observed_option_instrument; synthetic/theoretical cycle excluded from option valuation
2021-11-03,2021,Bull market,44,false,data_gap,,,,2.599269,3.58088,,1,normal,normal,normal,normal,normal,normal,watch,true,,missing_observed_option_instrument; synthetic/theoretical cycle excluded from option valuation
2021-11-04,2021,Bull market,44,false,data_gap,,,,2.599269,3.58088,,1,normal,normal,normal,normal,normal,normal,watch,true,,missing_observed_option_instrument; synthetic/theoretical cycle excluded from option valuation
2021-11-05,2021,Bull market,45,true,partial_signal,60776.93375,,-2.496787,2.599269,3.58088,4,1,normal,normal,normal,normal,normal,normal,normal,false,,daily_return_not_computed_across_missing_mtm_gap
2021-11-06,2021,Bull market,45,true,valid_signal,59902.741,-1.438363,-3.899237,2.544594,3.58088,5,1,normal,normal,normal,normal,normal,normal,normal,false,,
2021-11-07,2021,Bull market,45,true,valid_signal,60878.65,1.629156,-2.333606,2.499142,3.58088,6,1,normal,normal,normal,normal,normal,normal,normal,false,,
2021-11-08,2021,Bull market,45,true,valid_signal,63298.2545,3.974471,0,2.611274,3.58088,0,1,normal,normal,normal,normal,normal,normal,normal,false,,
2021-11-09,2021,Bull market,45,true,valid_signal,64248.82675,1.501735,0,2.558308,3.58088,0,1,normal,normal,normal,normal,normal,normal,normal,false,,
2021-11-10,2021,Bull market,45,true,valid_signal,64758.4875,0.793261,0,2.487971,3.58088,0,1,normal,normal,normal,normal,normal,normal,normal,false,,
2021-11-11,2021,Bull market,45,true,valid_signal,64166.98225,-0.913402,-0.913402,2.422531,3.58088,1,0,normal,normal,normal,normal,normal,normal,normal,false,,
2021-11-12,2021,Bull market,46,true,valid_signal,62577.05,-2.477804,-3.368574,2.425883,3.58088,2,1,normal,normal,normal,watch,normal,watch,watch,false,,
2021-11-13,2021,Bull market,46,true,valid_signal,63566.35675,1.580942,-1.840887,2.383648,2.576965,3,1,normal,normal,normal,normal,normal,normal,watch,true,,
2021-11-14,2021,Bull market,46,true,valid_signal,63462.126,-0.163972,-2.00184,2.311382,2.576965,4,1,normal,normal,normal,normal,normal,normal,normal,false,,
2021-11-15,2021,Bull market,46,true,valid_signal,64062.908,0.946678,-1.074113,2.252933,2.576965,5,1,normal,normal,normal,normal,normal,normal,normal,false,,
2021-11-16,2021,Bull market,46,true,valid_signal,60791.64,-5.106337,-6.125602,2.517071,2.576965,6,2,normal,normal,normal,stress,normal,crisis,crisis,false,recent_tail_loss_days_gte_2,
2021-11-17,2021,Bull market,46,true,valid_signal,59521.9185,-2.088645,-8.086305,2.493442,3.58088,7,3,normal,normal,normal,watch,normal,stress,crisis,true,recent_tail_loss_days_gte_2,
2021-11-18,2021,Bull market,46,true,valid_signal,58958.00625,-0.947403,-8.957098,2.428595,3.58088,8,3,normal,normal,normal,normal,normal,watch,crisis,true,recent_tail_loss_days_gte_2,
2021-11-19,2021,Bull market,47,true,valid_signal,56234.78,-4.618925,-13.162302,2.612328,3.58088,9,3,normal,normal,normal,watch,normal,stress,crisis,true,recent_tail_loss_days_gte_2,
2021-11-20,2021,Bull market,47,true,valid_signal,56521.036,0.509037,-12.720265,2.535813,4.491557,10,3,normal,normal,normal,normal,normal,watch,stress,true,recent_tail_loss_days_gte_2,
2021-11-21,2021,Bull market,47,true,valid_signal,57176.65,1.159947,-11.707867,2.474925,4.491557,11,3,normal,normal,normal,normal,normal,watch,stress,true,recent_tail_loss_days_gte_2,
2021-11-22,2021,Bull market,47,true,valid_signal,56883.72,-0.512325,-12.160209,2.402809,4.491557,12,3,normal,normal,normal,normal,normal,watch,stress,true,recent_tail_loss_days_gte_2,
2021-11-23,2021,Bull market,47,true,valid_signal,57111.8255,0.401003,-11.807969,2.331679,4.491557,13,2,normal,normal,normal,normal,normal,watch,watch,false,recent_tail_loss_days_gte_2,
2021-11-24,2021,Bull market,47,true,valid_signal,56095.4295,-1.779659,-13.377487,2.302294,4.491557,14,1,normal,normal,normal,normal,watch,watch,watch,false,,
2021-11-25,2021,Bull market,47,true,valid_signal,58347.6025,4.014896,-9.899683,2.439198,4.491557,15,1,normal,normal,normal,normal,watch,watch,watch,false,,
2021-11-26,2021,Bull market,48,false,data_gap,,,,2.439198,4.491557,,1,normal,normal,normal,normal,watch,watch,watch,true,,missing_observed_option_instrument; synthetic/theoretical cycle excluded from option valuation
2021-11-27,2021,Bull market,48,false,data_gap,,,,2.439198,4.491557,,1,normal,normal,normal,normal,watch,watch,watch,true,,missing_observed_option_instrument; synthetic/theoretical cycle excluded from option valuation
2021-11-28,2021,Bull market,48,false,data_gap,,,,2.439198,4.491557,,1,normal,normal,normal,normal,watch,watch,watch,true,,missing_observed_option_instrument; synthetic/theoretical cycle excluded from option valuation
2021-11-29,2021,Bull market,48,false,data_gap,,,,2.439198,4.491557,,1,normal,normal,normal,normal,watch,watch,watch,true,,missing_observed_option_instrument; synthetic/theoretical cycle excluded from option valuation
2021-11-30,2021,Bull market,48,false,data_gap,,,,2.439198,4.491557,,1,normal,normal,normal,normal,watch,watch,watch,true,,missing_observed_option_instrument; synthetic/theoretical cycle excluded from option valuation
2021-12-01,2021,Bull market,48,false,data_gap,,,,2.439198,4.491557,,1,normal,normal,normal,normal,watch,watch,watch,true,,missing_observed_option_instrument; synthetic/theoretical cycle excluded from option valuation
2021-12-02,2021,Bull market,48,false,data_gap,,,,2.439198,4.491557,,1,normal,normal,normal,normal,watch,watch,watch,true,,missing_observed_option_instrument; synthetic/theoretical cycle excluded from option valuation
2021-12-03,2021,Bull market,49,true,partial_signal,55399.2,,-14.452604,2.439198,4.491557,16,1,normal,normal,normal,normal,watch,watch,watch,false,,daily_return_not_computed_across_missing_mtm_gap
2021-12-04,2021,Bull market,49,true,valid_signal,47761.191,-13.787219,-26.24721,4.122857,4.491557,17,1,watch,normal,normal,crisis,watch,crisis,crisis,false,drawdown_and_underwater_duration_active,
2021-12-05,2021,Bull market,49,true,valid_signal,49001.949,2.597837,-24.331233,4.047592,4.887002,18,1,watch,normal,normal,normal,watch,stress,crisis,true,drawdown_and_underwater_duration_active,
2021-12-06,2021,Bull market,49,true,valid_signal,48256.8595,-1.52053,-25.4818,3.941921,4.887002,19,1,watch,normal,normal,normal,watch,stress,crisis,true,drawdown_and_underwater_duration_active,
2021-12-07,2021,Bull market,49,true,valid_signal,51495.2395,6.710714,-20.481096,4.160341,4.887002,20,1,watch,normal,normal,normal,watch,stress,crisis,true,drawdown_and_underwater_duration_active,
2021-12-08,2021,Bull market,49,true,valid_signal,50715.12975,-1.514916,-21.685741,4.050633,4.887002,21,1,watch,normal,normal,normal,stress,crisis,crisis,false,drawdown_and_underwater_duration_active,
2021-12-09,2021,Bull market,49,true,valid_signal,48547.714,-4.273706,-25.032662,4.064363,4.887002,22,2,watch,normal,normal,watch,stress,crisis,crisis,false,drawdown_and_underwater_duration_active; recent_tail_loss_days_gte_2,
2021-12-10,2021,Bull market,50,true,valid_signal,47085.04625,-3.012846,-27.291313,4.009057,4.887002,23,3,watch,normal,normal,watch,stress,crisis,crisis,false,drawdown_and_underwater_duration_active; recent_tail_loss_days_gte_2,
2021-12-11,2021,Bull market,50,true,valid_signal,47447.64675,0.770097,-26.731385,3.891499,4.887002,24,2,watch,normal,normal,normal,stress,crisis,crisis,false,drawdown_and_underwater_duration_active; recent_tail_loss_days_gte_2,
2021-12-12,2021,Bull market,50,true,valid_signal,48369.992,1.943922,-25.3071,3.802877,4.887002,25,2,watch,normal,normal,normal,stress,crisis,crisis,false,drawdown_and_underwater_duration_active; recent_tail_loss_days_gte_2,
2021-12-13,2021,Bull market,50,true,valid_signal,47266.9365,-2.280454,-27.010438,3.7291,4.887002,26,3,watch,normal,normal,watch,stress,crisis,crisis,false,drawdown_and_underwater_duration_active; recent_tail_loss_days_gte_2,
2021-12-14,2021,Bull market,50,true,valid_signal,47037.2575,-0.485919,-27.365108,3.617455,4.887002,27,3,watch,normal,normal,normal,stress,crisis,crisis,false,drawdown_and_underwater_duration_active; recent_tail_loss_days_gte_2,
2021-12-15,2021,Bull market,50,true,valid_signal,47144.39125,0.227764,-27.199672,3.507697,4.887002,28,3,watch,normal,normal,normal,crisis,crisis,crisis,false,drawdown_and_underwater_duration_active; recent_tail_loss_days_gte_2,
2021-12-16,2021,Bull market,50,true,valid_signal,48326.5475,2.507523,-25.374187,3.455859,4.887002,29,2,watch,normal,normal,normal,crisis,crisis,crisis,false,drawdown_and_underwater_duration_active; recent_tail_loss_days_gte_2,
2021-12-17,2021,Bull market,51,true,valid_signal,45158.8,-6.554881,-30.26582,3.715423,4.887002,30,2,watch,normal,normal,stress,crisis,crisis,crisis,false,drawdown_and_underwater_duration_active; recent_tail_loss_days_gte_2,
2021-12-18,2021,Bull market,51,true,valid_signal,46231.9645,2.376424,-28.608641,3.648966,5.903036,31,2,watch,normal,normal,normal,crisis,crisis,crisis,false,drawdown_and_underwater_duration_active; recent_tail_loss_days_gte_2,
2021-12-19,2021,Bull market,51,true,valid_signal,46257.72225,0.055714,-28.568866,3.53783,5.903036,32,2,watch,normal,normal,normal,crisis,crisis,crisis,false,drawdown_and_underwater_duration_active; recent_tail_loss_days_gte_2,
2021-12-20,2021,Bull market,51,true,valid_signal,45816.016,-0.954881,-29.250948,3.438019,5.903036,33,1,watch,normal,normal,normal,crisis,crisis,crisis,false,drawdown_and_underwater_duration_active,
2021-12-21,2021,Bull market,51,true,valid_signal,47699.20125,4.110321,-26.342935,3.482019,5.903036,34,1,watch,normal,normal,normal,crisis,crisis,crisis,false,drawdown_and_underwater_duration_active,
2021-12-22,2021,Bull market,51,true,valid_signal,48149.2625,0.94354,-25.647951,3.383845,5.903036,35,1,watch,normal,normal,normal,crisis,crisis,crisis,false,drawdown_and_underwater_duration_active,
2021-12-23,2021,Bull market,51,true,valid_signal,48330.7945,0.377019,-25.367629,3.282059,5.903036,36,1,watch,normal,normal,normal,crisis,crisis,crisis,false,drawdown_and_underwater_duration_active,
2021-12-24,2021,Bull market,52,true,valid_signal,49857.549,3.158968,-23.010016,3.274804,5.903036,37,0,watch,normal,normal,normal,crisis,crisis,crisis,false,drawdown_and_underwater_duration_active,
2021-12-25,2021,Bull market,52,true,valid_signal,50101.6005,0.489498,-22.633152,3.177304,5.683701,38,0,watch,normal,normal,normal,crisis,crisis,crisis,false,drawdown_and_underwater_duration_active,
2021-12-26,2021,Bull market,52,true,valid_signal,49679.623,-0.842244,-23.284769,3.087411,5.683701,39,0,watch,normal,normal,normal,crisis,crisis,crisis,false,drawdown_and_underwater_duration_active,
2021-12-27,2021,Bull market,52,true,valid_signal,51072.053,2.802819,-21.13458,3.071079,5.683701,40,0,watch,normal,normal,normal,crisis,crisis,crisis,false,drawdown_and_underwater_duration_active,
2021-12-28,2021,Bull market,52,true,valid_signal,49071.66,-3.916806,-24.223585,3.128277,5.528352,41,1,watch,normal,normal,watch,crisis,crisis,crisis,false,drawdown_and_underwater_duration_active,
2021-12-29,2021,Bull market,52,true,valid_signal,47810.083,-2.570887,-26.171711,3.097663,5.528352,42,2,watch,normal,normal,watch,crisis,crisis,crisis,false,drawdown_and_underwater_duration_active; recent_tail_loss_days_gte_2,
2021-12-30,2021,Bull market,52,true,valid_signal,47396.29,-0.865493,-26.81069,3.010769,5.528352,43,2,watch,normal,normal,normal,crisis,crisis,crisis,false,drawdown_and_underwater_duration_active; recent_tail_loss_days_gte_2,
2022-01-07,2022,Bear market,1,true,partial_signal,41131.669,,0,,,0,0,normal,normal,normal,normal,normal,normal,crisis,true,,
2022-01-08,2022,Bear market,1,true,valid_signal,41314.85175,0.445357,0,0.445357,,0,0,normal,normal,normal,normal,normal,normal,crisis,true,,
2022-01-09,2022,Bear market,1,true,valid_signal,41255.792,-0.14295,-0.14295,0.433207,,1,0,normal,normal,normal,normal,normal,normal,stress,true,,
2022-01-10,2022,Bear market,1,true,valid_signal,40613.4135,-1.557063,-1.697787,0.56734,,2,0,normal,normal,normal,normal,normal,normal,stress,true,,
2022-01-11,2022,Bear market,1,true,valid_signal,41608.9135,2.451161,0,0.814281,,0,0,normal,normal,normal,normal,normal,normal,stress,true,,
2022-01-12,2022,Bear market,1,true,valid_signal,43189.295,3.79818,0,1.220181,,0,0,normal,normal,normal,normal,normal,normal,watch,true,,
2022-01-13,2022,Bear market,1,true,valid_signal,43643.38175,1.051387,0,1.210717,,0,0,normal,normal,normal,normal,normal,normal,watch,true,,
2022-01-14,2022,Bear market,2,true,valid_signal,42498.8135,-2.622547,-2.622547,1.338114,,1,1,normal,normal,normal,watch,normal,watch,watch,false,,
2022-01-15,2022,Bear market,2,true,valid_signal,42865.0825,0.861833,-1.783316,1.314413,,2,1,normal,normal,normal,normal,normal,normal,watch,true,,
2022-01-16,2022,Bear market,2,true,valid_signal,42874.425,0.021795,-1.761909,1.274382,,3,1,normal,normal,normal,normal,normal,normal,normal,false,,
2022-01-17,2022,Bear market,2,true,valid_signal,42467.53225,-0.949034,-2.694222,1.257238,,4,1,normal,normal,normal,normal,normal,normal,normal,false,,
2022-01-18,2022,Bear market,2,true,valid_signal,41343.891,-2.645883,-5.268819,1.380525,,5,2,normal,normal,normal,watch,normal,stress,stress,false,recent_tail_loss_days_gte_2,
2022-01-19,2022,Bear market,2,true,valid_signal,42448.509,2.67178,-2.73781,1.489901,,6,2,normal,normal,normal,normal,normal,watch,stress,true,recent_tail_loss_days_gte_2,
2022-01-20,2022,Bear market,2,true,valid_signal,43024.932,1.357935,-1.417053,1.482314,,7,2,normal,normal,normal,normal,normal,watch,stress,true,recent_tail_loss_days_gte_2,
2022-01-21,2022,Bear market,3,true,valid_signal,38068.47,-11.519976,-12.773785,3.166703,,8,2,normal,normal,normal,crisis,normal,crisis,crisis,false,recent_tail_loss_days_gte_2,
2022-01-22,2022,Bear market,3,true,valid_signal,35061.0005,-7.900159,-19.664794,3.629198,,9,3,normal,normal,normal,stress,normal,crisis,crisis,false,recent_tail_loss_days_gte_2,
2022-01-23,2022,Bear market,3,true,valid_signal,35259.34,0.565698,-19.210339,3.521366,,10,3,normal,normal,normal,normal,normal,watch,crisis,true,recent_tail_loss_days_gte_2,
2022-01-24,2022,Bear market,3,true,valid_signal,33662.92975,-4.527624,-22.868191,3.589704,,11,4,watch,normal,normal,watch,normal,stress,crisis,true,recent_tail_loss_days_gte_2,
2022-01-25,2022,Bear market,3,true,valid_signal,36277.08,7.765665,-16.878394,3.966252,,12,3,normal,normal,normal,normal,normal,watch,stress,true,recent_tail_loss_days_gte_2,
2022-01-26,2022,Bear market,3,true,valid_signal,38168.9395,5.215027,-12.543579,4.052046,,13,3,normal,normal,normal,normal,normal,watch,stress,true,recent_tail_loss_days_gte_2,
2022-01-27,2022,Bear market,3,true,valid_signal,36766.6075,-3.674014,-15.75674,4.030364,,14,4,normal,normal,normal,watch,watch,stress,stress,false,recent_tail_loss_days_gte_2,
2022-01-28,2022,Bear market,4,false,data_gap,,,,4.030364,,,4,normal,normal,normal,normal,watch,stress,stress,true,recent_tail_loss_days_gte_2,missing_observed_option_instrument; synthetic/theoretical cycle excluded from option valuation
2022-01-29,2022,Bear market,4,false,data_gap,,,,4.030364,,,4,normal,normal,normal,normal,watch,stress,stress,true,recent_tail_loss_days_gte_2,missing_observed_option_instrument; synthetic/theoretical cycle excluded from option valuation
2022-01-30,2022,Bear market,4,false,data_gap,,,,4.030364,,,4,normal,normal,normal,normal,watch,stress,stress,true,recent_tail_loss_days_gte_2,missing_observed_option_instrument; synthetic/theoretical cycle excluded from option valuation
2022-01-31,2022,Bear market,4,false,data_gap,,,,4.030364,,,4,normal,normal,normal,normal,watch,stress,stress,true,recent_tail_loss_days_gte_2,missing_observed_option_instrument; synthetic/theoretical cycle excluded from option valuation
2022-02-01,2022,Bear market,4,false,data_gap,,,,4.030364,,,4,normal,normal,normal,normal,watch,stress,stress,true,recent_tail_loss_days_gte_2,missing_observed_option_instrument; synthetic/theoretical cycle excluded from option valuation
2022-02-02,2022,Bear market,4,false,data_gap,,,,4.030364,,,4,normal,normal,normal,normal,watch,stress,stress,true,recent_tail_loss_days_gte_2,missing_observed_option_instrument; synthetic/theoretical cycle excluded from option valuation
2022-02-03,2022,Bear market,4,false,data_gap,,,,4.030364,,,4,normal,normal,normal,normal,watch,stress,stress,true,recent_tail_loss_days_gte_2,missing_observed_option_instrument; synthetic/theoretical cycle excluded from option valuation
2022-02-04,2022,Bear market,5,true,partial_signal,37635.13775,,-13.766678,4.030364,,15,4,normal,normal,normal,normal,watch,stress,stress,false,recent_tail_loss_days_gte_2,daily_return_not_computed_across_missing_mtm_gap
2022-02-05,2022,Bear market,5,true,valid_signal,39383.017,4.644275,-9.761766,4.069811,,16,3,normal,normal,normal,normal,watch,stress,stress,false,recent_tail_loss_days_gte_2,
2022-02-06,2022,Bear market,5,true,valid_signal,39231.1275,-0.385673,-10.10979,3.946959,,17,2,normal,normal,normal,normal,watch,stress,stress,false,recent_tail_loss_days_gte_2,
2022-02-07,2022,Bear market,5,true,valid_signal,40326.24,2.791438,-7.600561,3.887326,,18,2,normal,normal,normal,normal,watch,stress,stress,false,recent_tail_loss_days_gte_2,
2022-02-08,2022,Bear market,5,true,valid_signal,39954.1485,-0.922703,-8.453133,3.775673,,19,1,normal,normal,normal,normal,watch,watch,stress,true,,
2022-02-09,2022,Bear market,5,true,valid_signal,40273.1875,0.798513,-7.72212,3.665872,,20,1,normal,normal,normal,normal,watch,watch,stress,true,,
2022-02-10,2022,Bear market,5,true,valid_signal,40455.4865,0.452656,-7.304418,3.555924,,21,1,normal,normal,normal,normal,stress,stress,stress,false,,
2022-02-11,2022,Bear market,6,true,valid_signal,43202.6385,6.790555,-1.009874,3.827874,,22,0,normal,normal,normal,normal,stress,stress,stress,false,,
2022-02-12,2022,Bear market,6,true,valid_signal,42032.9965,-2.707339,-3.689873,3.770046,,23,1,normal,normal,normal,watch,stress,stress,stress,false,,
2022-02-13,2022,Bear market,6,true,valid_signal,42376.66075,0.817606,-2.902435,3.660677,,24,1,normal,normal,normal,normal,stress,stress,stress,false,,
2022-02-14,2022,Bear market,6,true,valid_signal,42348.572,-0.066284,-2.966795,3.549195,,25,1,normal,normal,normal,normal,stress,stress,stress,false,,
2022-02-15,2022,Bear market,6,true,valid_signal,43975.057,3.840708,0,3.567358,6.382518,0,1,normal,watch,normal,normal,normal,watch,stress,true,,
2022-02-16,2022,Bear market,6,true,valid_signal,43477.87,-1.130611,-1.130611,3.469752,6.382518,1,1,normal,watch,normal,normal,normal,watch,stress,true,,
2022-02-17,2022,Bear market,6,true,valid_signal,41921.029,-3.580766,-4.670893,3.476513,6.382518,2,2,normal,watch,normal,watch,normal,stress,stress,false,recent_tail_loss_days_gte_2,
2022-02-18,2022,Bear market,7,true,valid_signal,40249.44,-3.987471,-8.472114,3.509269,6.382518,3,3,normal,watch,normal,watch,normal,stress,stress,false,recent_tail_loss_days_gte_2,
2022-02-19,2022,Bear market,7,true,valid_signal,39712.44,-1.33418,-9.693261,3.418022,6.382518,4,2,normal,watch,normal,normal,normal,stress,stress,false,recent_tail_loss_days_gte_2,
2022-02-20,2022,Bear market,7,true,valid_signal,38138.57,-3.963166,-13.272267,3.453158,6.382518,5,3,normal,watch,normal,watch,normal,stress,stress,false,recent_tail_loss_days_gte_2,
2022-02-21,2022,Bear market,7,true,valid_signal,38597.265,1.202706,-12.229187,3.360898,6.382518,6,3,normal,watch,normal,normal,normal,stress,stress,false,recent_tail_loss_days_gte_2,
2022-02-22,2022,Bear market,7,true,valid_signal,38040.97,-1.441281,-13.494211,3.27758,6.382518,7,3,normal,watch,normal,normal,normal,stress,stress,false,recent_tail_loss_days_gte_2,
2022-02-23,2022,Bear market,7,true,valid_signal,38642.319,1.580793,-12.126734,3.201236,6.382518,8,3,normal,watch,normal,normal,normal,stress,stress,false,recent_tail_loss_days_gte_2,
2022-02-24,2022,Bear market,7,true,valid_signal,35580.70075,-7.922967,-19.088904,3.660525,6.382518,9,3,normal,watch,normal,stress,normal,crisis,crisis,false,recent_tail_loss_days_gte_2,
2022-02-25,2022,Bear market,8,false,data_gap,,,,3.660525,6.382518,,3,normal,watch,normal,normal,normal,stress,crisis,true,recent_tail_loss_days_gte_2,missing_observed_option_instrument; synthetic/theoretical cycle excluded from option valuation
2022-02-26,2022,Bear market,8,false,data_gap,,,,3.660525,6.382518,,3,normal,watch,normal,normal,normal,stress,crisis,true,recent_tail_loss_days_gte_2,missing_observed_option_instrument; synthetic/theoretical cycle excluded from option valuation
2022-02-27,2022,Bear market,8,false,data_gap,,,,3.660525,6.382518,,3,normal,watch,normal,normal,normal,stress,crisis,true,recent_tail_loss_days_gte_2,missing_observed_option_instrument; synthetic/theoretical cycle excluded from option valuation
2022-02-28,2022,Bear market,8,false,data_gap,,,,3.660525,6.382518,,3,normal,watch,normal,normal,normal,stress,crisis,true,recent_tail_loss_days_gte_2,missing_observed_option_instrument; synthetic/theoretical cycle excluded from option valuation
2022-03-01,2022,Bear market,8,false,data_gap,,,,3.660525,6.382518,,3,normal,watch,normal,normal,normal,stress,crisis,true,recent_tail_loss_days_gte_2,missing_observed_option_instrument; synthetic/theoretical cycle excluded from option valuation
2022-03-02,2022,Bear market,8,false,data_gap,,,,3.660525,6.382518,,3,normal,watch,normal,normal,normal,stress,crisis,true,recent_tail_loss_days_gte_2,missing_observed_option_instrument; synthetic/theoretical cycle excluded from option valuation
2022-03-03,2022,Bear market,8,false,data_gap,,,,3.660525,6.382518,,3,normal,watch,normal,normal,normal,stress,crisis,true,recent_tail_loss_days_gte_2,missing_observed_option_instrument; synthetic/theoretical cycle excluded from option valuation
2022-03-04,2022,Bear market,9,true,partial_signal,40673.984,,-7.506694,3.660525,6.382518,10,3,normal,watch,normal,normal,normal,stress,crisis,true,recent_tail_loss_days_gte_2,daily_return_not_computed_across_missing_mtm_gap
2022-03-05,2022,Bear market,9,true,valid_signal,38969.496,-4.19061,-11.382728,3.694476,7.912703,11,3,normal,watch,normal,watch,normal,stress,crisis,true,recent_tail_loss_days_gte_2,
2022-03-06,2022,Bear market,9,true,valid_signal,38699.01,-0.694097,-11.997817,3.58596,7.912703,12,3,normal,watch,normal,normal,normal,stress,crisis,true,recent_tail_loss_days_gte_2,
2022-03-07,2022,Bear market,9,true,valid_signal,38776.815,0.201052,-11.820887,3.477066,7.912703,13,2,normal,watch,normal,normal,normal,stress,crisis,true,recent_tail_loss_days_gte_2,
2022-03-08,2022,Bear market,9,true,valid_signal,38722.239,-0.140744,-11.944994,3.371317,7.912703,14,2,normal,watch,normal,normal,watch,stress,crisis,true,recent_tail_loss_days_gte_2,
2022-03-09,2022,Bear market,9,true,valid_signal,41991.27075,8.442259,-4.511162,3.867833,6.382518,15,2,normal,watch,normal,normal,watch,stress,crisis,true,recent_tail_loss_days_gte_2,
2022-03-10,2022,Bear market,9,true,valid_signal,39245.3675,-6.539224,-10.755391,4.077771,4.375968,16,3,normal,normal,normal,stress,watch,crisis,crisis,false,recent_tail_loss_days_gte_2,
2022-03-11,2022,Bear market,10,true,valid_signal,38321.848,-2.353194,-12.85549,3.995344,5.634004,17,3,normal,normal,normal,watch,watch,stress,crisis,true,recent_tail_loss_days_gte_2,
2022-03-12,2022,Bear market,10,true,valid_signal,38267.985,-0.140554,-12.977975,3.873782,5.482348,18,2,normal,normal,normal,normal,watch,stress,crisis,true,recent_tail_loss_days_gte_2,
2022-03-13,2022,Bear market,10,true,valid_signal,38236.74,-0.081648,-13.049027,3.755825,5.482348,19,2,normal,normal,normal,normal,watch,stress,crisis,true,recent_tail_loss_days_gte_2,
2022-03-14,2022,Bear market,10,true,valid_signal,38356.96875,0.314433,-12.775625,3.642221,5.482348,20,2,normal,normal,normal,normal,watch,stress,crisis,true,recent_tail_loss_days_gte_2,
2022-03-15,2022,Bear market,10,true,valid_signal,38441.984,0.221642,-12.582299,3.531682,5.482348,21,2,normal,normal,normal,normal,stress,crisis,crisis,false,recent_tail_loss_days_gte_2,
2022-03-16,2022,Bear market,10,true,valid_signal,39917.289,3.837744,-9.227431,3.55079,5.482348,22,2,normal,normal,normal,normal,stress,crisis,crisis,false,recent_tail_loss_days_gte_2,
2022-03-17,2022,Bear market,10,true,valid_signal,40651.0755,1.838267,-7.558788,3.471941,5.482348,23,1,normal,normal,normal,normal,stress,stress,crisis,true,,
2022-03-18,2022,Bear market,11,true,valid_signal,39673.09725,-2.405787,-9.782727,3.417365,5.482348,24,1,normal,normal,normal,watch,stress,stress,crisis,true,,
2022-03-19,2022,Bear market,11,true,valid_signal,40536.8145,2.177086,-7.81862,3.355899,5.482348,25,1,normal,normal,normal,normal,stress,stress,crisis,true,,
2022-03-20,2022,Bear market,11,true,valid_signal,40380.9595,-0.384478,-8.173037,3.255028,5.482348,26,1,normal,normal,normal,normal,stress,stress,crisis,true,,
2022-03-21,2022,Bear market,11,true,valid_signal,40379.84,-0.002772,-8.175582,3.155867,5.482348,27,1,normal,normal,normal,normal,stress,stress,crisis,true,,
2022-03-22,2022,Bear market,11,true,valid_signal,41481.8825,2.72919,-5.66952,3.131906,5.482348,28,1,normal,normal,normal,normal,crisis,crisis,crisis,false,,
2022-03-23,2022,Bear market,11,true,valid_signal,41187.37325,-0.709971,-6.339239,3.041471,5.482348,29,1,normal,normal,normal,normal,crisis,crisis,crisis,false,,
2022-03-24,2022,Bear market,11,true,valid_signal,42017.288,2.014974,-4.451999,2.989836,5.482348,30,1,normal,normal,normal,normal,crisis,crisis,crisis,false,,
2022-03-25,2022,Bear market,12,false,data_gap,,,,2.989836,5.482348,,1,normal,normal,normal,normal,crisis,crisis,crisis,true,,missing_observed_option_instrument; synthetic/theoretical cycle excluded from option valuation
2022-03-26,2022,Bear market,12,false,data_gap,,,,2.989836,5.482348,,1,normal,normal,normal,normal,crisis,crisis,crisis,true,,missing_observed_option_instrument; synthetic/theoretical cycle excluded from option valuation
2022-03-27,2022,Bear market,12,false,data_gap,,,,2.989836,5.482348,,1,normal,normal,normal,normal,crisis,crisis,crisis,true,,missing_observed_option_instrument; synthetic/theoretical cycle excluded from option valuation
2022-03-28,2022,Bear market,12,false,data_gap,,,,2.989836,5.482348,,1,normal,normal,normal,normal,crisis,crisis,crisis,true,,missing_observed_option_instrument; synthetic/theoretical cycle excluded from option valuation
2022-03-29,2022,Bear market,12,false,data_gap,,,,2.989836,5.482348,,1,normal,normal,normal,normal,crisis,crisis,crisis,true,,missing_observed_option_instrument; synthetic/theoretical cycle excluded from option valuation
2022-03-30,2022,Bear market,12,false,data_gap,,,,2.989836,5.482348,,1,normal,normal,normal,normal,crisis,crisis,crisis,true,,missing_observed_option_instrument; synthetic/theoretical cycle excluded from option valuation
2022-03-31,2022,Bear market,12,false,data_gap,,,,2.989836,5.482348,,1,normal,normal,normal,normal,crisis,crisis,crisis,true,,missing_observed_option_instrument; synthetic/theoretical cycle excluded from option valuation
2022-04-01,2022,Bear market,13,false,data_gap,,,,2.989836,5.482348,,1,normal,normal,normal,normal,crisis,crisis,crisis,true,,missing_observed_option_instrument; synthetic/theoretical cycle excluded from option valuation
2022-04-02,2022,Bear market,13,false,data_gap,,,,2.989836,5.482348,,1,normal,normal,normal,normal,crisis,crisis,crisis,true,,missing_observed_option_instrument; synthetic/theoretical cycle excluded from option valuation
2022-04-03,2022,Bear market,13,false,data_gap,,,,2.989836,5.482348,,1,normal,normal,normal,normal,crisis,crisis,crisis,true,,missing_observed_option_instrument; synthetic/theoretical cycle excluded from option valuation
2022-04-04,2022,Bear market,13,false,data_gap,,,,2.989836,5.482348,,1,normal,normal,normal,normal,crisis,crisis,crisis,true,,missing_observed_option_instrument; synthetic/theoretical cycle excluded from option valuation
2022-04-05,2022,Bear market,13,false,data_gap,,,,2.989836,5.482348,,1,normal,normal,normal,normal,crisis,crisis,crisis,true,,missing_observed_option_instrument; synthetic/theoretical cycle excluded from option valuation
2022-04-06,2022,Bear market,13,false,data_gap,,,,2.989836,5.482348,,1,normal,normal,normal,normal,crisis,crisis,crisis,true,,missing_observed_option_instrument; synthetic/theoretical cycle excluded from option valuation
2022-04-07,2022,Bear market,13,false,data_gap,,,,2.989836,5.482348,,1,normal,normal,normal,normal,crisis,crisis,crisis,true,,missing_observed_option_instrument; synthetic/theoretical cycle excluded from option valuation
2022-04-08,2022,Bear market,14,true,partial_signal,42716.26125,,-2.862522,2.989836,5.482348,31,1,normal,normal,normal,normal,crisis,crisis,crisis,false,,daily_return_not_computed_across_missing_mtm_gap
2022-04-09,2022,Bear market,14,true,valid_signal,42359.539,-0.835097,-3.673714,2.905962,5.482348,32,0,normal,normal,normal,normal,crisis,crisis,crisis,false,,
2022-04-10,2022,Bear market,14,true,valid_signal,42461.08125,0.239715,-3.442806,2.818047,5.482348,33,0,normal,normal,normal,normal,crisis,crisis,crisis,false,,
2022-04-11,2022,Bear market,14,true,valid_signal,41062.3965,-3.294039,-6.623438,2.84885,5.482348,34,1,normal,normal,normal,watch,crisis,crisis,crisis,false,,
2022-04-12,2022,Bear market,14,true,valid_signal,40332.8235,-1.776742,-8.282499,2.79614,5.482348,35,1,normal,normal,normal,normal,crisis,crisis,crisis,false,,
2022-04-13,2022,Bear market,14,true,valid_signal,40578.20075,0.608381,-7.724507,2.715051,5.482348,36,1,normal,normal,normal,normal,crisis,crisis,crisis,false,,
2022-04-14,2022,Bear market,14,true,valid_signal,40609.685,0.077589,-7.652911,2.632408,5.482348,37,1,normal,normal,normal,normal,crisis,crisis,crisis,false,,
2022-04-15,2022,Bear market,15,true,valid_signal,39730.3965,-2.165219,-9.652428,2.606739,5.482348,38,2,normal,normal,normal,watch,crisis,crisis,crisis,false,recent_tail_loss_days_gte_2,
2022-04-16,2022,Bear market,15,true,valid_signal,40081.4905,0.883691,-8.854034,2.53658,5.482348,39,2,normal,normal,normal,normal,crisis,crisis,crisis,false,recent_tail_loss_days_gte_2,
2022-04-17,2022,Bear market,15,true,valid_signal,39871.68525,-0.523447,-9.331135,2.462646,5.482348,40,2,normal,normal,normal,normal,crisis,crisis,crisis,false,recent_tail_loss_days_gte_2,
2022-04-18,2022,Bear market,15,true,valid_signal,39205.2995,-1.671326,-10.846507,2.422467,5.482348,41,1,normal,normal,normal,normal,crisis,crisis,crisis,false,,
2022-04-19,2022,Bear market,15,true,valid_signal,41024.23275,4.639509,-6.710223,2.609166,3.787153,42,1,normal,normal,normal,normal,crisis,crisis,crisis,false,,
2022-04-20,2022,Bear market,15,true,valid_signal,41245.42,0.539162,-6.207239,2.533126,2.894326,43,1,normal,normal,normal,normal,crisis,crisis,crisis,false,,
2022-04-21,2022,Bear market,15,true,valid_signal,41877.909,1.533477,-4.768949,2.484515,2.894326,44,1,normal,normal,normal,normal,crisis,crisis,crisis,false,,
2022-04-22,2022,Bear market,16,true,valid_signal,40127.0805,-4.180793,-8.750362,2.617477,2.894326,45,1,normal,normal,normal,watch,crisis,crisis,crisis,false,,
2022-04-23,2022,Bear market,16,true,valid_signal,39635.16375,-1.225897,-9.868988,2.555442,3.781754,46,1,normal,normal,normal,normal,crisis,crisis,crisis,false,,
2022-04-24,2022,Bear market,16,true,valid_signal,39501.838,-0.336382,-10.172173,2.478963,3.781754,47,1,normal,normal,normal,normal,crisis,crisis,crisis,false,,
2022-04-25,2022,Bear market,16,true,valid_signal,38638.069,-2.186655,-12.136398,2.462403,2.894326,48,2,normal,normal,normal,watch,crisis,crisis,crisis,false,recent_tail_loss_days_gte_2,
2022-04-26,2022,Bear market,16,true,valid_signal,39702.85625,2.755798,-9.715054,2.480986,2.894326,49,2,normal,normal,normal,normal,crisis,crisis,crisis,false,recent_tail_loss_days_gte_2,
2022-04-27,2022,Bear market,16,true,valid_signal,39301.3395,-1.011304,-10.62811,2.418127,2.894326,50,2,normal,normal,normal,normal,crisis,crisis,crisis,false,recent_tail_loss_days_gte_2,
2022-04-28,2022,Bear market,16,true,valid_signal,38925.5275,-0.956232,-11.482713,2.356132,2.894326,51,2,normal,normal,normal,normal,crisis,crisis,crisis,false,recent_tail_loss_days_gte_2,
2022-04-29,2022,Bear market,17,false,data_gap,,,,2.356132,2.894326,,2,normal,normal,normal,normal,crisis,crisis,crisis,true,recent_tail_loss_days_gte_2,missing_observed_option_instrument; synthetic/theoretical cycle excluded from option valuation
2022-04-30,2022,Bear market,17,false,data_gap,,,,2.356132,2.894326,,2,normal,normal,normal,normal,crisis,crisis,crisis,true,recent_tail_loss_days_gte_2,missing_observed_option_instrument; synthetic/theoretical cycle excluded from option valuation
2022-05-01,2022,Bear market,17,false,data_gap,,,,2.356132,2.894326,,2,normal,normal,normal,normal,crisis,crisis,crisis,true,recent_tail_loss_days_gte_2,missing_observed_option_instrument; synthetic/theoretical cycle excluded from option valuation
2022-05-02,2022,Bear market,17,false,data_gap,,,,2.356132,2.894326,,2,normal,normal,normal,normal,crisis,crisis,crisis,true,recent_tail_loss_days_gte_2,missing_observed_option_instrument; synthetic/theoretical cycle excluded from option valuation
2022-05-03,2022,Bear market,17,false,data_gap,,,,2.356132,2.894326,,2,normal,normal,normal,normal,crisis,crisis,crisis,true,recent_tail_loss_days_gte_2,missing_observed_option_instrument; synthetic/theoretical cycle excluded from option valuation
2022-05-04,2022,Bear market,17,false,data_gap,,,,2.356132,2.894326,,2,normal,normal,normal,normal,crisis,crisis,crisis,true,recent_tail_loss_days_gte_2,missing_observed_option_instrument; synthetic/theoretical cycle excluded from option valuation
2022-05-05,2022,Bear market,17,false,data_gap,,,,2.356132,2.894326,,2,normal,normal,normal,normal,crisis,crisis,crisis,true,recent_tail_loss_days_gte_2,missing_observed_option_instrument; synthetic/theoretical cycle excluded from option valuation
2022-05-06,2022,Bear market,18,true,partial_signal,35430.53175,,-19.43039,2.356132,2.894326,52,2,normal,normal,normal,normal,crisis,crisis,crisis,false,recent_tail_loss_days_gte_2,daily_return_not_computed_across_missing_mtm_gap
2022-05-07,2022,Bear market,18,true,valid_signal,35685.14625,0.71863,-18.851393,2.291127,2.894326,53,1,normal,normal,normal,normal,crisis,crisis,crisis,false,,
2022-05-08,2022,Bear market,18,true,valid_signal,34330.9575,-3.794825,-21.93084,2.407976,2.894326,54,2,watch,normal,normal,watch,crisis,crisis,crisis,false,drawdown_and_underwater_duration_active; recent_tail_loss_days_gte_2,
2022-05-09,2022,Bear market,18,true,valid_signal,32885.5815,-4.210124,-25.217649,2.552245,3.569471,55,3,watch,normal,normal,watch,crisis,crisis,crisis,false,drawdown_and_underwater_duration_active; recent_tail_loss_days_gte_2,
2022-05-10,2022,Bear market,18,true,valid_signal,31706.262,-3.586129,-27.899441,2.625783,4.007107,56,3,watch,normal,normal,watch,crisis,crisis,crisis,false,drawdown_and_underwater_duration_active; recent_tail_loss_days_gte_2,
2022-05-11,2022,Bear market,18,true,valid_signal,31360.81175,-1.089533,-28.685,2.559742,4.007107,57,3,watch,normal,normal,normal,crisis,crisis,crisis,false,drawdown_and_underwater_duration_active; recent_tail_loss_days_gte_2,
2022-05-12,2022,Bear market,18,true,valid_signal,27932.52675,-10.931748,-36.480977,3.650935,4.007107,58,4,stress,normal,normal,crisis,crisis,crisis,crisis,false,drawdown_and_underwater_duration_active; recent_tail_loss_days_gte_2,
2022-05-13,2022,Bear market,19,true,valid_signal,30090.615,7.726076,-31.573449,4.013864,4.196925,59,4,watch,normal,normal,normal,crisis,crisis,crisis,false,drawdown_and_underwater_duration_active; recent_tail_loss_days_gte_2,
2022-05-14,2022,Bear market,19,true,valid_signal,28583.0075,-5.010225,-35.001773,4.080512,4.196925,60,5,stress,normal,normal,stress,crisis,crisis,crisis,false,drawdown_and_underwater_duration_active; recent_tail_loss_days_gte_2,
2022-05-15,2022,Bear market,19,true,valid_signal,29821.068,4.331456,-32.186403,4.096002,4.65018,61,4,watch,normal,normal,normal,crisis,crisis,crisis,false,drawdown_and_underwater_duration_active; recent_tail_loss_days_gte_2,
2022-05-16,2022,Bear market,19,true,valid_signal,29212.06875,-2.042178,-33.571277,4.002603,4.65018,62,4,watch,normal,normal,watch,crisis,crisis,crisis,false,drawdown_and_underwater_duration_active; recent_tail_loss_days_gte_2,
2022-05-17,2022,Bear market,19,true,valid_signal,30216.45825,3.438269,-31.287279,3.971005,4.65018,63,3,watch,normal,normal,normal,crisis,crisis,crisis,false,drawdown_and_underwater_duration_active; recent_tail_loss_days_gte_2,
2022-05-18,2022,Bear market,19,true,valid_signal,29284.50725,-3.08425,-33.406551,3.923456,4.65018,64,4,watch,normal,normal,watch,crisis,crisis,crisis,false,drawdown_and_underwater_duration_active; recent_tail_loss_days_gte_2,
2022-05-19,2022,Bear market,19,true,valid_signal,29520.73225,0.806655,-32.869371,3.80906,4.65018,65,3,watch,normal,normal,normal,crisis,crisis,crisis,false,drawdown_and_underwater_duration_active; recent_tail_loss_days_gte_2,
2022-05-20,2022,Bear market,20,true,valid_signal,29878.389,1.211544,-32.056054,3.704925,4.65018,66,3,watch,normal,normal,normal,crisis,crisis,crisis,false,drawdown_and_underwater_duration_active; recent_tail_loss_days_gte_2,
2022-05-21,2022,Bear market,20,true,valid_signal,29110.04675,-2.571565,-33.803277,3.64687,4.65018,67,3,watch,normal,normal,watch,crisis,crisis,crisis,false,drawdown_and_underwater_duration_active; recent_tail_loss_days_gte_2,
2022-05-22,2022,Bear market,20,true,valid_signal,29777.568,2.293096,-32.285323,3.580109,4.65018,68,3,watch,normal,normal,normal,crisis,crisis,crisis,false,drawdown_and_underwater_duration_active; recent_tail_loss_days_gte_2,
2022-05-23,2022,Bear market,20,true,valid_signal,29888.1,0.371192,-32.033971,3.472235,4.65018,69,2,watch,normal,normal,normal,crisis,crisis,crisis,false,drawdown_and_underwater_duration_active; recent_tail_loss_days_gte_2,
2022-05-24,2022,Bear market,20,true,valid_signal,28868.148,-3.412569,-34.353359,3.468684,4.65018,70,3,watch,normal,normal,watch,crisis,crisis,crisis,false,drawdown_and_underwater_duration_active; recent_tail_loss_days_gte_2,
2022-05-25,2022,Bear market,20,true,valid_signal,29637.606,2.665422,-32.603598,3.425803,4.65018,71,2,watch,normal,normal,normal,crisis,crisis,crisis,false,drawdown_and_underwater_duration_active; recent_tail_loss_days_gte_2,
2022-05-26,2022,Bear market,20,true,valid_signal,28842.07175,-2.684205,-34.412656,3.385891,4.65018,72,3,watch,normal,normal,watch,crisis,crisis,crisis,false,drawdown_and_underwater_duration_active; recent_tail_loss_days_gte_2,
2022-05-27,2022,Bear market,21,false,data_gap,,,,3.385891,4.65018,,3,normal,normal,normal,normal,crisis,crisis,crisis,true,recent_tail_loss_days_gte_2,missing_observed_option_instrument; synthetic/theoretical cycle excluded from option valuation
2022-05-28,2022,Bear market,21,false,data_gap,,,,3.385891,4.65018,,3,normal,normal,normal,normal,crisis,crisis,crisis,true,recent_tail_loss_days_gte_2,missing_observed_option_instrument; synthetic/theoretical cycle excluded from option valuation
2022-05-29,2022,Bear market,21,false,data_gap,,,,3.385891,4.65018,,3,normal,normal,normal,normal,crisis,crisis,crisis,true,recent_tail_loss_days_gte_2,missing_observed_option_instrument; synthetic/theoretical cycle excluded from option valuation
2022-05-30,2022,Bear market,21,false,data_gap,,,,3.385891,4.65018,,3,normal,normal,normal,normal,crisis,crisis,crisis,true,recent_tail_loss_days_gte_2,missing_observed_option_instrument; synthetic/theoretical cycle excluded from option valuation
2022-05-31,2022,Bear market,21,false,data_gap,,,,3.385891,4.65018,,3,normal,normal,normal,normal,crisis,crisis,crisis,true,recent_tail_loss_days_gte_2,missing_observed_option_instrument; synthetic/theoretical cycle excluded from option valuation
2022-06-01,2022,Bear market,21,false,data_gap,,,,3.385891,4.65018,,3,normal,normal,normal,normal,crisis,crisis,crisis,true,recent_tail_loss_days_gte_2,missing_observed_option_instrument; synthetic/theoretical cycle excluded from option valuation
2022-06-02,2022,Bear market,21,false,data_gap,,,,3.385891,4.65018,,3,normal,normal,normal,normal,crisis,crisis,crisis,true,recent_tail_loss_days_gte_2,missing_observed_option_instrument; synthetic/theoretical cycle excluded from option valuation
2022-06-03,2022,Bear market,22,true,partial_signal,29468.848,,-32.987357,3.385891,4.65018,73,3,watch,normal,normal,normal,crisis,crisis,crisis,false,drawdown_and_underwater_duration_active; recent_tail_loss_days_gte_2,daily_return_not_computed_across_missing_mtm_gap
2022-06-04,2022,Bear market,22,true,valid_signal,29458.194,-0.036153,-33.011584,3.282755,4.65018,74,3,watch,normal,normal,normal,crisis,crisis,crisis,false,drawdown_and_underwater_duration_active; recent_tail_loss_days_gte_2,
2022-06-05,2022,Bear market,22,true,valid_signal,29482.728,0.083284,-32.955794,3.182815,4.65018,75,2,watch,normal,normal,normal,crisis,crisis,crisis,false,drawdown_and_underwater_duration_active; recent_tail_loss_days_gte_2,
2022-06-06,2022,Bear market,22,true,valid_signal,31032.425,5.256288,-29.431757,3.343681,4.65018,76,2,watch,normal,normal,normal,crisis,crisis,crisis,false,drawdown_and_underwater_duration_active; recent_tail_loss_days_gte_2,
2022-06-07,2022,Bear market,22,true,valid_signal,29465.451,-5.049473,-32.995082,3.469758,4.65018,77,3,watch,normal,normal,stress,crisis,crisis,crisis,false,drawdown_and_underwater_duration_active; recent_tail_loss_days_gte_2,
2022-06-08,2022,Bear market,22,true,valid_signal,30540.0325,3.64692,-30.551466,3.480642,5.031812,78,2,watch,normal,normal,normal,crisis,crisis,crisis,false,drawdown_and_underwater_duration_active; recent_tail_loss_days_gte_2,
2022-06-09,2022,Bear market,22,true,valid_signal,30137.42375,-1.318298,-31.467005,3.390023,5.031812,79,2,watch,normal,normal,normal,crisis,crisis,crisis,false,drawdown_and_underwater_duration_active; recent_tail_loss_days_gte_2,
2022-06-10,2022,Bear market,23,true,valid_signal,29060.144,-3.574558,-33.916756,3.401377,5.031812,80,2,watch,normal,normal,watch,crisis,crisis,crisis,false,drawdown_and_underwater_duration_active; recent_tail_loss_days_gte_2,
2022-06-11,2022,Bear market,23,true,valid_signal,28632.51,-1.471548,-34.889203,3.317398,5.031812,81,2,watch,normal,normal,normal,crisis,crisis,crisis,false,drawdown_and_underwater_duration_active; recent_tail_loss_days_gte_2,
2022-06-12,2022,Bear market,23,true,valid_signal,27265.2075,-4.77535,-37.998471,3.422435,5.031812,82,3,stress,normal,normal,watch,crisis,crisis,crisis,false,drawdown_and_underwater_duration_active; recent_tail_loss_days_gte_2,
2022-06-13,2022,Bear market,23,true,valid_signal,23632.67775,-13.322949,-46.258904,4.654067,5.031812,83,4,stress,normal,watch,crisis,crisis,crisis,crisis,false,drawdown_and_underwater_duration_active; recent_tail_loss_days_gte_2,
2022-06-14,2022,Bear market,23,true,valid_signal,22385.592,-5.276955,-49.094797,4.693772,8.284725,84,4,stress,watch,watch,stress,crisis,crisis,crisis,false,drawdown_and_var_active; drawdown_and_underwater_duration_active; recent_tail_loss_days_gte_2,
2022-06-15,2022,Bear market,23,true,valid_signal,21532.2285,-3.81211,-51.03536,4.645593,8.387091,85,5,crisis,watch,watch,watch,crisis,crisis,crisis,false,drawdown_and_var_active; drawdown_and_underwater_duration_active; recent_tail_loss_days_gte_2,
2022-06-16,2022,Bear market,23,true,valid_signal,20959.01525,-2.662118,-52.338856,4.551028,8.387091,86,6,crisis,watch,watch,watch,crisis,crisis,crisis,false,drawdown_and_var_active; drawdown_and_underwater_duration_active; recent_tail_loss_days_gte_2,
2022-06-17,2022,Bear market,24,true,valid_signal,20176.761,-3.732304,-54.117715,4.506101,8.387091,87,6,crisis,watch,watch,watch,crisis,crisis,crisis,false,drawdown_and_var_active; drawdown_and_underwater_duration_active; recent_tail_loss_days_gte_2,
2022-06-18,2022,Bear market,24,true,valid_signal,19019.44875,-5.735867,-56.749462,4.58919,8.387091,88,7,crisis,watch,watch,stress,crisis,crisis,crisis,false,drawdown_and_var_active; drawdown_and_underwater_duration_active; recent_tail_loss_days_gte_2,
2022-06-19,2022,Bear market,24,true,valid_signal,19053.0225,0.176523,-56.673115,4.449595,8.593602,89,6,crisis,watch,watch,normal,crisis,crisis,crisis,false,drawdown_and_var_active; drawdown_and_underwater_duration_active; recent_tail_loss_days_gte_2,
2022-06-20,2022,Bear market,24,true,valid_signal,20159.42625,5.806972,-54.157134,4.54249,5.529357,90,5,crisis,normal,watch,normal,crisis,crisis,crisis,false,drawdown_and_underwater_duration_active; recent_tail_loss_days_gte_2,
2022-06-21,2022,Bear market,24,true,valid_signal,21129.29,4.810969,-51.951648,4.559044,5.529357,91,4,crisis,normal,watch,normal,crisis,crisis,crisis,false,drawdown_and_underwater_duration_active; recent_tail_loss_days_gte_2,
2022-06-22,2022,Bear market,24,true,valid_signal,20677.375,-2.138808,-52.979311,4.451097,5.529357,92,4,crisis,normal,watch,watch,crisis,crisis,crisis,false,drawdown_and_underwater_duration_active; recent_tail_loss_days_gte_2,
2022-06-23,2022,Bear market,24,true,valid_signal,20402.577,-1.328979,-53.604206,4.327759,5.529357,93,3,crisis,normal,watch,normal,crisis,crisis,crisis,false,drawdown_and_underwater_duration_active; recent_tail_loss_days_gte_2,
2022-06-24,2022,Bear market,25,false,data_gap,,,,4.327759,5.529357,,3,normal,normal,watch,normal,crisis,crisis,crisis,true,recent_tail_loss_days_gte_2,missing_observed_option_instrument; synthetic/theoretical cycle excluded from option valuation
2022-06-25,2022,Bear market,25,false,data_gap,,,,4.327759,5.529357,,3,normal,normal,watch,normal,crisis,crisis,crisis,true,recent_tail_loss_days_gte_2,missing_observed_option_instrument; synthetic/theoretical cycle excluded from option valuation
2022-06-26,2022,Bear market,25,false,data_gap,,,,4.327759,5.529357,,3,normal,normal,watch,normal,crisis,crisis,crisis,true,recent_tail_loss_days_gte_2,missing_observed_option_instrument; synthetic/theoretical cycle excluded from option valuation
2022-06-27,2022,Bear market,25,false,data_gap,,,,4.327759,5.529357,,3,normal,normal,watch,normal,crisis,crisis,crisis,true,recent_tail_loss_days_gte_2,missing_observed_option_instrument; synthetic/theoretical cycle excluded from option valuation
2022-06-28,2022,Bear market,25,false,data_gap,,,,4.327759,5.529357,,3,normal,normal,watch,normal,crisis,crisis,crisis,true,recent_tail_loss_days_gte_2,missing_observed_option_instrument; synthetic/theoretical cycle excluded from option valuation
2022-06-29,2022,Bear market,25,false,data_gap,,,,4.327759,5.529357,,3,normal,normal,watch,normal,crisis,crisis,crisis,true,recent_tail_loss_days_gte_2,missing_observed_option_instrument; synthetic/theoretical cycle excluded from option valuation
2022-06-30,2022,Bear market,25,false,data_gap,,,,4.327759,5.529357,,3,normal,normal,watch,normal,crisis,crisis,crisis,true,recent_tail_loss_days_gte_2,missing_observed_option_instrument; synthetic/theoretical cycle excluded from option valuation
2022-07-01,2022,Bear market,26,false,data_gap,,,,4.327759,5.529357,,3,normal,normal,watch,normal,crisis,crisis,crisis,true,recent_tail_loss_days_gte_2,missing_observed_option_instrument; synthetic/theoretical cycle excluded from option valuation
2022-07-02,2022,Bear market,26,false,data_gap,,,,4.327759,5.529357,,3,normal,normal,watch,normal,crisis,crisis,crisis,true,recent_tail_loss_days_gte_2,missing_observed_option_instrument; synthetic/theoretical cycle excluded from option valuation
2022-07-03,2022,Bear market,26,false,data_gap,,,,4.327759,5.529357,,3,normal,normal,watch,normal,crisis,crisis,crisis,true,recent_tail_loss_days_gte_2,missing_observed_option_instrument; synthetic/theoretical cycle excluded from option valuation
2022-07-04,2022,Bear market,26,false,data_gap,,,,4.327759,5.529357,,3,normal,normal,watch,normal,crisis,crisis,crisis,true,recent_tail_loss_days_gte_2,missing_observed_option_instrument; synthetic/theoretical cycle excluded from option valuation
2022-07-05,2022,Bear market,26,false,data_gap,,,,4.327759,5.529357,,3,normal,normal,watch,normal,crisis,crisis,crisis,true,recent_tail_loss_days_gte_2,missing_observed_option_instrument; synthetic/theoretical cycle excluded from option valuation
2022-07-06,2022,Bear market,26,false,data_gap,,,,4.327759,5.529357,,3,normal,normal,watch,normal,crisis,crisis,crisis,true,recent_tail_loss_days_gte_2,missing_observed_option_instrument; synthetic/theoretical cycle excluded from option valuation
2022-07-07,2022,Bear market,26,false,data_gap,,,,4.327759,5.529357,,3,normal,normal,watch,normal,crisis,crisis,crisis,true,recent_tail_loss_days_gte_2,missing_observed_option_instrument; synthetic/theoretical cycle excluded from option valuation
2022-07-08,2022,Bear market,27,true,partial_signal,20931.05,,-52.402449,4.327759,5.529357,94,3,crisis,normal,watch,normal,crisis,crisis,crisis,false,drawdown_and_underwater_duration_active; recent_tail_loss_days_gte_2,daily_return_not_computed_across_missing_mtm_gap
2022-07-09,2022,Bear market,27,true,valid_signal,21378.592,2.138173,-51.384732,4.228479,5.529357,95,2,crisis,normal,normal,normal,crisis,crisis,crisis,false,drawdown_and_underwater_duration_active; recent_tail_loss_days_gte_2,
2022-07-10,2022,Bear market,27,true,valid_signal,20939.84475,-2.052274,-52.38245,4.130368,5.529357,96,2,crisis,normal,normal,watch,crisis,crisis,crisis,false,drawdown_and_underwater_duration_active; recent_tail_loss_days_gte_2,
2022-07-11,2022,Bear market,27,true,valid_signal,20298.821,-3.061263,-53.840149,4.074141,5.529357,97,3,crisis,normal,normal,watch,crisis,crisis,crisis,false,drawdown_and_underwater_duration_active; recent_tail_loss_days_gte_2,
2022-07-12,2022,Bear market,27,true,valid_signal,19706.7735,-2.91666,-55.186474,4.014115,5.529357,98,4,crisis,normal,normal,watch,crisis,crisis,crisis,false,drawdown_and_underwater_duration_active; recent_tail_loss_days_gte_2,
2022-07-13,2022,Bear market,27,true,valid_signal,19224.88275,-2.445305,-56.282302,3.937652,5.529357,99,5,crisis,normal,normal,watch,crisis,crisis,crisis,false,drawdown_and_underwater_duration_active; recent_tail_loss_days_gte_2,
2022-07-14,2022,Bear market,27,true,valid_signal,19736.127,2.659284,-55.119724,3.872868,5.529357,100,4,crisis,normal,normal,normal,crisis,crisis,crisis,false,drawdown_and_underwater_duration_active; recent_tail_loss_days_gte_2,
2022-07-15,2022,Bear market,28,true,valid_signal,20677.761,4.771118,-52.978433,3.932553,5.529357,101,4,crisis,normal,normal,normal,crisis,crisis,crisis,false,drawdown_and_underwater_duration_active; recent_tail_loss_days_gte_2,
2022-07-16,2022,Bear market,28,true,valid_signal,20568.184,-0.529927,-53.227613,3.814961,5.529357,102,4,crisis,normal,normal,normal,crisis,crisis,crisis,false,drawdown_and_underwater_duration_active; recent_tail_loss_days_gte_2,
2022-07-17,2022,Bear market,28,true,valid_signal,20790.45,1.08063,-52.722176,3.708201,5.529357,103,3,crisis,normal,normal,normal,crisis,crisis,crisis,false,drawdown_and_underwater_duration_active; recent_tail_loss_days_gte_2,
2022-07-18,2022,Bear market,28,true,valid_signal,21406.479,2.963038,-51.321316,3.667763,5.529357,104,2,crisis,normal,normal,normal,crisis,crisis,crisis,false,drawdown_and_underwater_duration_active; recent_tail_loss_days_gte_2,
2022-07-19,2022,Bear market,28,true,valid_signal,21634.851,1.066836,-50.801994,3.565617,5.529357,105,1,crisis,normal,normal,normal,crisis,crisis,crisis,false,drawdown_and_underwater_duration_active,
2022-07-20,2022,Bear market,28,true,valid_signal,22089.184,2.100005,-49.768834,3.495055,5.529357,106,0,stress,normal,normal,normal,crisis,crisis,crisis,false,drawdown_and_underwater_duration_active,
2022-07-21,2022,Bear market,28,true,valid_signal,21841.0985,-1.123108,-50.332984,3.399731,5.529357,107,0,crisis,normal,normal,normal,crisis,crisis,crisis,false,drawdown_and_underwater_duration_active,
2022-07-22,2022,Bear market,29,true,valid_signal,22685.94,3.868127,-48.411801,3.429639,5.529357,108,0,stress,normal,normal,normal,crisis,crisis,crisis,false,drawdown_and_underwater_duration_active,
2022-07-23,2022,Bear market,29,true,valid_signal,22012.45,-2.968755,-49.943328,3.403746,5.529357,109,1,stress,normal,normal,watch,crisis,crisis,crisis,false,drawdown_and_underwater_duration_active,
2022-07-24,2022,Bear market,29,true,valid_signal,22177.488,0.749748,-49.568029,3.30516,5.529357,110,1,stress,normal,normal,normal,crisis,crisis,crisis,false,drawdown_and_underwater_duration_active,
2022-07-25,2022,Bear market,29,true,valid_signal,21781.494,-1.785567,-50.468526,3.234182,5.529357,111,1,crisis,normal,normal,normal,crisis,crisis,crisis,false,drawdown_and_underwater_duration_active,
2022-07-26,2022,Bear market,29,true,valid_signal,20871.14625,-4.179455,-52.538672,3.298547,5.529357,112,2,crisis,normal,normal,watch,crisis,crisis,crisis,false,drawdown_and_underwater_duration_active; recent_tail_loss_days_gte_2,
2022-07-27,2022,Bear market,29,true,valid_signal,21430.548,2.680264,-51.266583,3.264753,5.529357,113,2,crisis,normal,normal,normal,crisis,crisis,crisis,false,drawdown_and_underwater_duration_active; recent_tail_loss_days_gte_2,
2022-07-28,2022,Bear market,29,true,valid_signal,22818.771,6.477776,-48.109741,3.540733,5.529357,114,2,stress,normal,normal,normal,crisis,crisis,crisis,false,drawdown_and_underwater_duration_active; recent_tail_loss_days_gte_2,
2022-07-29,2022,Bear market,30,false,data_gap,,,,3.540733,5.529357,,2,normal,normal,normal,normal,crisis,crisis,crisis,true,recent_tail_loss_days_gte_2,missing_observed_option_instrument; synthetic/theoretical cycle excluded from option valuation
2022-07-30,2022,Bear market,30,false,data_gap,,,,3.540733,5.529357,,2,normal,normal,normal,normal,crisis,crisis,crisis,true,recent_tail_loss_days_gte_2,missing_observed_option_instrument; synthetic/theoretical cycle excluded from option valuation
2022-07-31,2022,Bear market,30,false,data_gap,,,,3.540733,5.529357,,2,normal,normal,normal,normal,crisis,crisis,crisis,true,recent_tail_loss_days_gte_2,missing_observed_option_instrument; synthetic/theoretical cycle excluded from option valuation
2022-08-01,2022,Bear market,30,false,data_gap,,,,3.540733,5.529357,,2,normal,normal,normal,normal,crisis,crisis,crisis,true,recent_tail_loss_days_gte_2,missing_observed_option_instrument; synthetic/theoretical cycle excluded from option valuation
2022-08-02,2022,Bear market,30,false,data_gap,,,,3.540733,5.529357,,2,normal,normal,normal,normal,crisis,crisis,crisis,true,recent_tail_loss_days_gte_2,missing_observed_option_instrument; synthetic/theoretical cycle excluded from option valuation
2022-08-03,2022,Bear market,30,false,data_gap,,,,3.540733,5.529357,,2,normal,normal,normal,normal,crisis,crisis,crisis,true,recent_tail_loss_days_gte_2,missing_observed_option_instrument; synthetic/theoretical cycle excluded from option valuation
2022-08-04,2022,Bear market,30,false,data_gap,,,,3.540733,5.529357,,2,normal,normal,normal,normal,crisis,crisis,crisis,true,recent_tail_loss_days_gte_2,missing_observed_option_instrument; synthetic/theoretical cycle excluded from option valuation
2022-08-05,2022,Bear market,31,true,partial_signal,22562.7825,,-48.691863,3.540733,5.529357,115,2,stress,normal,normal,normal,crisis,crisis,crisis,false,drawdown_and_underwater_duration_active; recent_tail_loss_days_gte_2,daily_return_not_computed_across_missing_mtm_gap
2022-08-06,2022,Bear market,31,true,valid_signal,22774.23525,0.937175,-48.211016,3.440535,4.78308,116,2,stress,normal,normal,normal,crisis,crisis,crisis,false,drawdown_and_underwater_duration_active; recent_tail_loss_days_gte_2,
2022-08-07,2022,Bear market,31,true,valid_signal,22824.9125,0.22252,-48.095775,3.336168,4.01415,117,1,stress,normal,normal,normal,crisis,crisis,crisis,false,drawdown_and_underwater_duration_active,
2022-08-08,2022,Bear market,31,true,valid_signal,23467.21,2.81402,-46.63518,3.307165,3.978237,118,1,stress,normal,normal,normal,crisis,crisis,crisis,false,drawdown_and_underwater_duration_active,
2022-08-09,2022,Bear market,31,true,valid_signal,22819.139,-2.761602,-48.108904,3.276993,3.978237,119,2,stress,normal,normal,watch,crisis,crisis,crisis,false,drawdown_and_underwater_duration_active; recent_tail_loss_days_gte_2,
2022-08-10,2022,Bear market,31,true,valid_signal,23555.2295,3.225759,-46.435022,3.273942,3.676269,120,1,stress,normal,normal,normal,crisis,crisis,crisis,false,drawdown_and_underwater_duration_active,
2022-08-11,2022,Bear market,31,true,valid_signal,24071.34125,2.191071,-45.261376,3.219258,3.019635,121,1,stress,normal,normal,normal,crisis,crisis,crisis,false,drawdown_and_underwater_duration_active,
2022-08-12,2022,Bear market,32,true,valid_signal,23412.03075,-2.738985,-46.760659,3.19248,3.019635,122,2,stress,normal,normal,watch,crisis,crisis,crisis,false,drawdown_and_underwater_duration_active; recent_tail_loss_days_gte_2,
2022-08-13,2022,Bear market,32,true,valid_signal,23942.418,2.265447,-45.554549,3.144574,3.019635,123,2,stress,normal,normal,normal,crisis,crisis,crisis,false,drawdown_and_underwater_duration_active; recent_tail_loss_days_gte_2,
2022-08-14,2022,Bear market,32,true,valid_signal,24025.1805,0.345673,-45.366346,3.049953,3.019635,124,2,stress,normal,normal,normal,crisis,crisis,crisis,false,drawdown_and_underwater_duration_active; recent_tail_loss_days_gte_2,
2022-08-15,2022,Bear market,32,true,valid_signal,23900.87775,-0.517385,-45.649012,2.959754,3.019635,125,2,stress,normal,normal,normal,crisis,crisis,crisis,false,drawdown_and_underwater_duration_active; recent_tail_loss_days_gte_2,
2022-08-16,2022,Bear market,32,true,valid_signal,23720.806,-0.753411,-46.058499,2.875516,3.019635,126,1,stress,normal,normal,normal,crisis,crisis,crisis,false,drawdown_and_underwater_duration_active,
2022-08-17,2022,Bear market,32,true,valid_signal,23367.435,-1.489709,-46.86207,2.811695,3.019635,127,1,stress,normal,normal,normal,crisis,crisis,crisis,false,drawdown_and_underwater_duration_active,
2022-08-18,2022,Bear market,32,true,valid_signal,23388.3,0.089291,-46.814623,2.726127,3.019635,128,1,stress,normal,normal,normal,crisis,crisis,crisis,false,drawdown_and_underwater_duration_active,
2022-08-19,2022,Bear market,33,true,valid_signal,21116.7,-9.712549,-51.980278,3.556105,2.945312,129,1,crisis,normal,normal,stress,crisis,crisis,crisis,false,drawdown_and_underwater_duration_active,
2022-08-20,2022,Bear market,33,true,valid_signal,21150.913,0.162019,-51.902477,3.448,3.63464,130,1,crisis,normal,normal,normal,crisis,crisis,crisis,false,drawdown_and_underwater_duration_active,
2022-08-21,2022,Bear market,33,true,valid_signal,21250.4175,0.47045,-51.676202,3.344945,3.63464,131,1,crisis,normal,normal,normal,crisis,crisis,crisis,false,drawdown_and_underwater_duration_active,
2022-08-22,2022,Bear market,33,true,valid_signal,21212.31,-0.179326,-51.76286,3.243342,3.63464,132,1,crisis,normal,normal,normal,crisis,crisis,crisis,false,drawdown_and_underwater_duration_active,
2022-08-23,2022,Bear market,33,true,valid_signal,21502.60875,1.368539,-51.102715,3.162355,3.63464,133,1,crisis,normal,normal,normal,crisis,crisis,crisis,false,drawdown_and_underwater_duration_active,
2022-08-24,2022,Bear market,33,true,valid_signal,21451.527,-0.237561,-51.218876,3.066569,3.63464,134,1,crisis,normal,normal,normal,crisis,crisis,crisis,false,drawdown_and_underwater_duration_active,
2022-08-25,2022,Bear market,33,true,valid_signal,21702.1435,1.168292,-50.64897,2.986889,3.63464,135,1,crisis,normal,normal,normal,crisis,crisis,crisis,false,drawdown_and_underwater_duration_active,
2022-08-26,2022,Bear market,34,false,data_gap,,,,2.986889,3.63464,,1,normal,normal,normal,normal,crisis,crisis,crisis,true,,missing_observed_option_instrument; synthetic/theoretical cycle excluded from option valuation
2022-08-27,2022,Bear market,34,false,data_gap,,,,2.986889,3.63464,,1,normal,normal,normal,normal,crisis,crisis,crisis,true,,missing_observed_option_instrument; synthetic/theoretical cycle excluded from option valuation
2022-08-28,2022,Bear market,34,false,data_gap,,,,2.986889,3.63464,,1,normal,normal,normal,normal,crisis,crisis,crisis,true,,missing_observed_option_instrument; synthetic/theoretical cycle excluded from option valuation
2022-08-29,2022,Bear market,34,false,data_gap,,,,2.986889,3.63464,,1,normal,normal,normal,normal,crisis,crisis,crisis,true,,missing_observed_option_instrument; synthetic/theoretical cycle excluded from option valuation
2022-08-30,2022,Bear market,34,false,data_gap,,,,2.986889,3.63464,,1,normal,normal,normal,normal,crisis,crisis,crisis,true,,missing_observed_option_instrument; synthetic/theoretical cycle excluded from option valuation
2022-08-31,2022,Bear market,34,false,data_gap,,,,2.986889,3.63464,,1,normal,normal,normal,normal,crisis,crisis,crisis,true,,missing_observed_option_instrument; synthetic/theoretical cycle excluded from option valuation
2022-09-01,2022,Bear market,34,false,data_gap,,,,2.986889,3.63464,,1,normal,normal,normal,normal,crisis,crisis,crisis,true,,missing_observed_option_instrument; synthetic/theoretical cycle excluded from option valuation
2022-09-02,2022,Bear market,35,false,data_gap,,,,2.986889,3.63464,,1,normal,normal,normal,normal,crisis,crisis,crisis,true,,missing_observed_option_instrument; synthetic/theoretical cycle excluded from option valuation
2022-09-03,2022,Bear market,35,false,data_gap,,,,2.986889,3.63464,,1,normal,normal,normal,normal,crisis,crisis,crisis,true,,missing_observed_option_instrument; synthetic/theoretical cycle excluded from option valuation
2022-09-04,2022,Bear market,35,false,data_gap,,,,2.986889,3.63464,,1,normal,normal,normal,normal,crisis,crisis,crisis,true,,missing_observed_option_instrument; synthetic/theoretical cycle excluded from option valuation
2022-09-05,2022,Bear market,35,false,data_gap,,,,2.986889,3.63464,,1,normal,normal,normal,normal,crisis,crisis,crisis,true,,missing_observed_option_instrument; synthetic/theoretical cycle excluded from option valuation
2022-09-06,2022,Bear market,35,false,data_gap,,,,2.986889,3.63464,,1,normal,normal,normal,normal,crisis,crisis,crisis,true,,missing_observed_option_instrument; synthetic/theoretical cycle excluded from option valuation
2022-09-07,2022,Bear market,35,false,data_gap,,,,2.986889,3.63464,,1,normal,normal,normal,normal,crisis,crisis,crisis,true,,missing_observed_option_instrument; synthetic/theoretical cycle excluded from option valuation
2022-09-08,2022,Bear market,35,false,data_gap,,,,2.986889,3.63464,,1,normal,normal,normal,normal,crisis,crisis,crisis,true,,missing_observed_option_instrument; synthetic/theoretical cycle excluded from option valuation
2022-09-09,2022,Bear market,36,true,partial_signal,20662.84325,,-53.012356,2.986889,3.63464,136,1,crisis,normal,normal,normal,crisis,crisis,crisis,false,drawdown_and_underwater_duration_active,daily_return_not_computed_across_missing_mtm_gap
2022-09-10,2022,Bear market,36,true,valid_signal,20804.652,0.686298,-52.689881,2.900772,3.63464,137,0,crisis,normal,normal,normal,crisis,crisis,crisis,false,drawdown_and_underwater_duration_active,
2022-09-11,2022,Bear market,36,true,valid_signal,21057.7695,1.216639,-52.114287,2.828148,3.63464,138,0,crisis,normal,normal,normal,crisis,crisis,crisis,false,drawdown_and_underwater_duration_active,
2022-09-12,2022,Bear market,36,true,valid_signal,21583.84525,2.49825,-50.917982,2.809447,3.63464,139,0,crisis,normal,normal,normal,crisis,crisis,crisis,false,drawdown_and_underwater_duration_active,
2022-09-13,2022,Bear market,36,true,valid_signal,20898.4625,-3.175443,-52.476554,2.83274,3.63464,140,1,crisis,normal,normal,watch,crisis,crisis,crisis,false,drawdown_and_underwater_duration_active,
2022-09-14,2022,Bear market,36,true,valid_signal,20245.428,-3.124797,-53.961565,2.851108,3.72765,141,2,crisis,normal,normal,watch,crisis,crisis,crisis,false,drawdown_and_underwater_duration_active; recent_tail_loss_days_gte_2,
2022-09-15,2022,Bear market,36,true,valid_signal,20139.925,-0.52112,-54.201481,2.767197,3.72765,142,2,crisis,normal,normal,normal,crisis,crisis,crisis,false,drawdown_and_underwater_duration_active; recent_tail_loss_days_gte_2,
2022-09-16,2022,Bear market,37,true,valid_signal,19362.915,-3.858058,-55.968414,2.844471,3.72765,143,3,crisis,normal,normal,watch,crisis,crisis,crisis,false,drawdown_and_underwater_duration_active; recent_tail_loss_days_gte_2,
2022-09-17,2022,Bear market,37,true,valid_signal,19701,1.746044,-55.199603,2.790784,4.034826,144,3,crisis,normal,normal,normal,crisis,crisis,crisis,false,drawdown_and_underwater_duration_active; recent_tail_loss_days_gte_2,
2022-09-18,2022,Bear market,37,true,valid_signal,19720.1655,0.097282,-55.156021,2.70587,3.550881,145,3,crisis,normal,normal,normal,crisis,crisis,crisis,false,drawdown_and_underwater_duration_active; recent_tail_loss_days_gte_2,
2022-09-19,2022,Bear market,37,true,valid_signal,18978.282,-3.762055,-56.843076,2.780578,3.550881,146,4,crisis,normal,normal,watch,crisis,crisis,crisis,false,drawdown_and_underwater_duration_active; recent_tail_loss_days_gte_2,
2022-09-20,2022,Bear market,37,true,valid_signal,18877.18875,-0.532679,-57.072964,2.699026,3.814857,147,3,crisis,normal,normal,normal,crisis,crisis,crisis,false,drawdown_and_underwater_duration_active; recent_tail_loss_days_gte_2,
2022-09-21,2022,Bear market,37,true,valid_signal,19234.6225,1.893469,-56.260153,2.657587,3.814857,148,2,crisis,normal,normal,normal,crisis,crisis,crisis,false,drawdown_and_underwater_duration_active; recent_tail_loss_days_gte_2,
2022-09-22,2022,Bear market,37,true,valid_signal,18867.06175,-1.910933,-57.095993,2.618798,3.814857,149,2,crisis,normal,normal,normal,crisis,crisis,crisis,false,drawdown_and_underwater_duration_active; recent_tail_loss_days_gte_2,
2022-09-23,2022,Bear market,38,true,valid_signal,18448.3115,-2.219478,-58.048237,2.596571,3.814857,150,2,crisis,normal,normal,watch,crisis,crisis,crisis,false,drawdown_and_underwater_duration_active; recent_tail_loss_days_gte_2,
2022-09-24,2022,Bear market,38,true,valid_signal,18866.505,2.266839,-57.097259,2.577977,3.814857,151,2,crisis,normal,normal,normal,crisis,crisis,crisis,false,drawdown_and_underwater_duration_active; recent_tail_loss_days_gte_2,
2022-09-25,2022,Bear market,38,true,valid_signal,18740.205,-0.66944,-57.384467,2.504814,3.814857,152,2,crisis,normal,normal,normal,crisis,crisis,crisis,false,drawdown_and_underwater_duration_active; recent_tail_loss_days_gte_2,
2022-09-26,2022,Bear market,38,true,valid_signal,18952.374,1.132159,-56.901991,2.444291,3.814857,153,1,crisis,normal,normal,normal,crisis,crisis,crisis,false,drawdown_and_underwater_duration_active,
2022-09-27,2022,Bear market,38,true,valid_signal,19558.97175,3.200643,-55.522578,2.496143,3.814857,154,1,crisis,normal,normal,normal,crisis,crisis,crisis,false,drawdown_and_underwater_duration_active,
2022-09-28,2022,Bear market,38,true,valid_signal,19080.12,-2.448246,-56.611495,2.493295,3.814857,155,2,crisis,normal,normal,watch,crisis,crisis,crisis,false,drawdown_and_underwater_duration_active; recent_tail_loss_days_gte_2,
2022-09-29,2022,Bear market,38,true,valid_signal,18923.572,-0.820477,-56.967487,2.425679,3.814857,156,2,crisis,normal,normal,normal,crisis,crisis,crisis,false,drawdown_and_underwater_duration_active; recent_tail_loss_days_gte_2,
2022-09-30,2022,Bear market,39,false,data_gap,,,,2.425679,3.814857,,2,normal,normal,normal,normal,crisis,crisis,crisis,true,recent_tail_loss_days_gte_2,missing_observed_option_instrument; synthetic/theoretical cycle excluded from option valuation
2022-10-01,2022,Bear market,39,false,data_gap,,,,2.425679,3.814857,,2,normal,normal,normal,normal,crisis,crisis,crisis,true,recent_tail_loss_days_gte_2,missing_observed_option_instrument; synthetic/theoretical cycle excluded from option valuation
2022-10-02,2022,Bear market,39,false,data_gap,,,,2.425679,3.814857,,2,normal,normal,normal,normal,crisis,crisis,crisis,true,recent_tail_loss_days_gte_2,missing_observed_option_instrument; synthetic/theoretical cycle excluded from option valuation
2022-10-03,2022,Bear market,39,false,data_gap,,,,2.425679,3.814857,,2,normal,normal,normal,normal,crisis,crisis,crisis,true,recent_tail_loss_days_gte_2,missing_observed_option_instrument; synthetic/theoretical cycle excluded from option valuation
2022-10-04,2022,Bear market,39,false,data_gap,,,,2.425679,3.814857,,2,normal,normal,normal,normal,crisis,crisis,crisis,true,recent_tail_loss_days_gte_2,missing_observed_option_instrument; synthetic/theoretical cycle excluded from option valuation
2022-10-05,2022,Bear market,39,false,data_gap,,,,2.425679,3.814857,,2,normal,normal,normal,normal,crisis,crisis,crisis,true,recent_tail_loss_days_gte_2,missing_observed_option_instrument; synthetic/theoretical cycle excluded from option valuation
2022-10-06,2022,Bear market,39,false,data_gap,,,,2.425679,3.814857,,2,normal,normal,normal,normal,crisis,crisis,crisis,true,recent_tail_loss_days_gte_2,missing_observed_option_instrument; synthetic/theoretical cycle excluded from option valuation
2022-10-07,2022,Bear market,40,true,partial_signal,19448.16,,-55.774566,2.425679,3.814857,157,2,crisis,normal,normal,normal,crisis,crisis,crisis,false,drawdown_and_underwater_duration_active; recent_tail_loss_days_gte_2,daily_return_not_computed_across_missing_mtm_gap
2022-10-08,2022,Bear market,40,true,valid_signal,19377.1275,-0.36524,-55.936095,2.353485,3.814857,158,1,crisis,normal,normal,normal,crisis,crisis,crisis,false,drawdown_and_underwater_duration_active,
2022-10-09,2022,Bear market,40,true,valid_signal,19361.2075,-0.082159,-55.972297,2.281877,3.814857,159,1,crisis,normal,normal,normal,crisis,crisis,crisis,false,drawdown_and_underwater_duration_active,
2022-10-10,2022,Bear market,40,true,valid_signal,19246.5865,-0.592014,-56.232947,2.217109,3.814857,160,1,crisis,normal,normal,normal,crisis,crisis,crisis,false,drawdown_and_underwater_duration_active,
2022-10-11,2022,Bear market,40,true,valid_signal,18866.15825,-1.976601,-57.098047,2.203419,3.814857,161,1,crisis,normal,normal,normal,crisis,crisis,crisis,false,drawdown_and_underwater_duration_active,
2022-10-12,2022,Bear market,40,true,valid_signal,19092.888,1.20178,-56.58246,2.156481,3.49808,162,1,crisis,normal,normal,normal,crisis,crisis,crisis,false,drawdown_and_underwater_duration_active,
2022-10-13,2022,Bear market,40,true,valid_signal,18385.8025,-3.703397,-58.190384,2.279099,3.49808,163,1,crisis,normal,normal,watch,crisis,crisis,crisis,false,drawdown_and_underwater_duration_active,
2022-10-14,2022,Bear market,41,true,valid_signal,19455.3525,5.81726,-55.75821,2.629271,3.735659,164,1,crisis,normal,normal,normal,crisis,crisis,crisis,false,drawdown_and_underwater_duration_active,
2022-10-15,2022,Bear market,41,true,valid_signal,19130.55375,-1.669457,-56.496807,2.581764,3.735659,165,1,crisis,normal,normal,normal,crisis,crisis,crisis,false,drawdown_and_underwater_duration_active,
2022-10-16,2022,Bear market,41,true,valid_signal,19087.748,-0.223756,-56.594148,2.503713,3.735659,166,1,crisis,normal,normal,normal,crisis,crisis,crisis,false,drawdown_and_underwater_duration_active,
2022-10-17,2022,Bear market,41,true,valid_signal,19541.6985,2.37823,-55.561857,2.496362,3.735659,167,1,crisis,normal,normal,normal,crisis,crisis,crisis,false,drawdown_and_underwater_duration_active,
2022-10-18,2022,Bear market,41,true,valid_signal,19524.373,-0.088659,-55.601256,2.420411,3.735659,168,1,crisis,normal,normal,normal,crisis,crisis,crisis,false,drawdown_and_underwater_duration_active,
2022-10-19,2022,Bear market,41,true,valid_signal,19101.4445,-2.166157,-56.563002,2.405913,3.735659,169,2,crisis,normal,normal,watch,crisis,crisis,crisis,false,drawdown_and_underwater_duration_active; recent_tail_loss_days_gte_2,
2022-10-20,2022,Bear market,41,true,valid_signal,19175.90725,0.389828,-56.393673,2.334573,3.735659,170,1,crisis,normal,normal,normal,crisis,crisis,crisis,false,drawdown_and_underwater_duration_active,
2022-10-21,2022,Bear market,42,true,valid_signal,18981.1175,-1.015805,-56.836628,2.277088,3.735659,171,1,crisis,normal,normal,normal,crisis,crisis,crisis,false,drawdown_and_underwater_duration_active,
2022-10-22,2022,Bear market,42,true,valid_signal,19080.66425,0.524451,-56.610257,2.211453,3.735659,172,1,crisis,normal,normal,normal,crisis,crisis,crisis,false,drawdown_and_underwater_duration_active,
2022-10-23,2022,Bear market,42,true,valid_signal,19077.99075,-0.014012,-56.616337,2.144086,3.735659,173,1,crisis,normal,normal,normal,crisis,crisis,crisis,false,drawdown_and_underwater_duration_active,
2022-10-24,2022,Bear market,42,true,valid_signal,19226.17125,0.776709,-56.279372,2.087456,3.735659,174,1,crisis,normal,normal,normal,crisis,crisis,crisis,false,drawdown_and_underwater_duration_active,
2022-10-25,2022,Bear market,42,true,valid_signal,19403.6895,0.923316,-55.875692,2.036462,3.138579,175,1,crisis,normal,normal,normal,crisis,crisis,crisis,false,drawdown_and_underwater_duration_active,
2022-10-26,2022,Bear market,42,true,valid_signal,19987.264,3.007544,-54.548634,2.107384,3.138579,176,0,crisis,normal,normal,normal,crisis,crisis,crisis,false,drawdown_and_underwater_duration_active,
2022-10-27,2022,Bear market,42,true,valid_signal,19799.114,-0.941349,-54.97649,2.056154,3.138579,177,0,crisis,normal,normal,normal,crisis,crisis,crisis,false,drawdown_and_underwater_duration_active,
2022-10-28,2022,Bear market,43,false,data_gap,,,,2.056154,3.138579,,0,normal,normal,normal,normal,crisis,crisis,crisis,true,,missing_observed_option_instrument; synthetic/theoretical cycle excluded from option valuation
2022-10-29,2022,Bear market,43,false,data_gap,,,,2.056154,3.138579,,0,normal,normal,normal,normal,crisis,crisis,crisis,true,,missing_observed_option_instrument; synthetic/theoretical cycle excluded from option valuation
2022-10-30,2022,Bear market,43,false,data_gap,,,,2.056154,3.138579,,0,normal,normal,normal,normal,crisis,crisis,crisis,true,,missing_observed_option_instrument; synthetic/theoretical cycle excluded from option valuation
2022-10-31,2022,Bear market,43,false,data_gap,,,,2.056154,3.138579,,0,normal,normal,normal,normal,crisis,crisis,crisis,true,,missing_observed_option_instrument; synthetic/theoretical cycle excluded from option valuation
2022-11-01,2022,Bear market,43,false,data_gap,,,,2.056154,3.138579,,0,normal,normal,normal,normal,crisis,crisis,crisis,true,,missing_observed_option_instrument; synthetic/theoretical cycle excluded from option valuation
2022-11-02,2022,Bear market,43,false,data_gap,,,,2.056154,3.138579,,0,normal,normal,normal,normal,crisis,crisis,crisis,true,,missing_observed_option_instrument; synthetic/theoretical cycle excluded from option valuation
2022-11-03,2022,Bear market,43,false,data_gap,,,,2.056154,3.138579,,0,normal,normal,normal,normal,crisis,crisis,crisis,true,,missing_observed_option_instrument; synthetic/theoretical cycle excluded from option valuation
2022-11-04,2022,Bear market,44,true,partial_signal,20612.272,,-53.127356,2.056154,3.138579,178,0,crisis,normal,normal,normal,crisis,crisis,crisis,false,drawdown_and_underwater_duration_active,daily_return_not_computed_across_missing_mtm_gap
2022-11-05,2022,Bear market,44,true,valid_signal,21055.5705,2.150653,-52.119288,2.061946,2.3453,179,0,crisis,normal,normal,normal,crisis,crisis,crisis,false,drawdown_and_underwater_duration_active,
2022-11-06,2022,Bear market,44,true,valid_signal,21041.4075,-0.067265,-52.151495,1.999199,2.3453,180,0,crisis,normal,normal,normal,crisis,crisis,crisis,false,drawdown_and_underwater_duration_active,
2022-11-07,2022,Bear market,44,true,valid_signal,20583.45575,-2.176431,-53.192884,2.010274,2.3453,181,1,crisis,normal,normal,watch,crisis,crisis,crisis,false,drawdown_and_underwater_duration_active,
2022-11-08,2022,Bear market,44,true,valid_signal,19408.843,-5.706587,-55.863973,2.398465,2.3453,182,2,crisis,normal,normal,stress,crisis,crisis,crisis,false,drawdown_and_underwater_duration_active; recent_tail_loss_days_gte_2,
2022-11-09,2022,Bear market,44,true,valid_signal,17635.178,-9.138438,-59.897316,3.227714,3.138579,183,3,crisis,normal,normal,stress,crisis,crisis,crisis,false,drawdown_and_underwater_duration_active; recent_tail_loss_days_gte_2,
2022-11-10,2022,Bear market,44,true,valid_signal,17497.247,-0.782136,-60.210974,3.135244,4.805151,184,3,crisis,normal,normal,normal,crisis,crisis,crisis,false,drawdown_and_underwater_duration_active; recent_tail_loss_days_gte_2,
2022-11-11,2022,Bear market,45,true,valid_signal,16597.77,-5.140677,-62.256399,3.290223,4.805151,185,4,crisis,normal,normal,stress,crisis,crisis,crisis,false,drawdown_and_underwater_duration_active; recent_tail_loss_days_gte_2,
2022-11-12,2022,Bear market,45,true,valid_signal,16686.945,0.537271,-62.053614,3.192703,5.451927,186,4,crisis,normal,normal,normal,crisis,crisis,crisis,false,drawdown_and_underwater_duration_active; recent_tail_loss_days_gte_2,
2022-11-13,2022,Bear market,45,true,valid_signal,16462.4505,-1.34533,-62.564118,3.112932,5.451927,187,4,crisis,normal,normal,normal,crisis,crisis,crisis,false,drawdown_and_underwater_duration_active; recent_tail_loss_days_gte_2,
2022-11-14,2022,Bear market,45,true,valid_signal,16516.304,0.327129,-62.441654,3.019163,5.451927,188,3,crisis,normal,normal,normal,crisis,crisis,crisis,false,drawdown_and_underwater_duration_active; recent_tail_loss_days_gte_2,
2022-11-15,2022,Bear market,45,true,valid_signal,16813.995,1.802407,-61.7647,2.960294,5.451927,189,2,crisis,normal,normal,normal,crisis,crisis,crisis,false,drawdown_and_underwater_duration_active; recent_tail_loss_days_gte_2,
2022-11-16,2022,Bear market,45,true,valid_signal,16435.31,-2.252201,-62.625836,2.922651,5.451927,190,2,crisis,normal,normal,watch,crisis,crisis,crisis,false,drawdown_and_underwater_duration_active; recent_tail_loss_days_gte_2,
2022-11-17,2022,Bear market,45,true,valid_signal,16486.25275,0.309959,-62.509991,2.834632,5.451927,191,2,crisis,normal,normal,normal,crisis,crisis,crisis,false,drawdown_and_underwater_duration_active; recent_tail_loss_days_gte_2,
2022-11-18,2022,Bear market,46,true,valid_signal,16568.86725,0.501111,-62.322124,2.751017,5.451927,192,1,crisis,normal,normal,normal,crisis,crisis,crisis,false,drawdown_and_underwater_duration_active,
2022-11-19,2022,Bear market,46,true,valid_signal,16547.201,-0.130765,-62.371394,2.667403,5.451927,193,1,crisis,normal,normal,normal,crisis,crisis,crisis,false,drawdown_and_underwater_duration_active,
2022-11-20,2022,Bear market,46,true,valid_signal,16461.39,-0.518583,-62.566529,2.589261,5.451927,194,1,crisis,normal,normal,normal,crisis,crisis,crisis,false,drawdown_and_underwater_duration_active,
2022-11-21,2022,Bear market,46,true,valid_signal,16102.73,-2.178795,-63.382128,2.566485,5.451927,195,2,crisis,normal,normal,watch,crisis,crisis,crisis,false,drawdown_and_underwater_duration_active; recent_tail_loss_days_gte_2,
2022-11-22,2022,Bear market,46,true,valid_signal,16083.9,-0.116937,-63.424948,2.488464,5.451927,196,2,crisis,normal,normal,normal,crisis,crisis,crisis,false,drawdown_and_underwater_duration_active; recent_tail_loss_days_gte_2,
2022-11-23,2022,Bear market,46,true,valid_signal,16418.28675,2.079015,-62.664547,2.465815,5.451927,197,1,crisis,normal,normal,normal,crisis,crisis,crisis,false,drawdown_and_underwater_duration_active,
2022-11-24,2022,Bear market,46,true,valid_signal,16509.24125,0.553983,-62.457715,2.394545,5.451927,198,1,crisis,normal,normal,normal,crisis,crisis,crisis,false,drawdown_and_underwater_duration_active,
2022-11-25,2022,Bear market,47,false,data_gap,,,,2.394545,5.451927,,1,normal,normal,normal,normal,crisis,crisis,crisis,true,,missing_observed_option_instrument; synthetic/theoretical cycle excluded from option valuation
2022-11-26,2022,Bear market,47,false,data_gap,,,,2.394545,5.451927,,1,normal,normal,normal,normal,crisis,crisis,crisis,true,,missing_observed_option_instrument; synthetic/theoretical cycle excluded from option valuation
2022-11-27,2022,Bear market,47,false,data_gap,,,,2.394545,5.451927,,1,normal,normal,normal,normal,crisis,crisis,crisis,true,,missing_observed_option_instrument; synthetic/theoretical cycle excluded from option valuation
2022-11-28,2022,Bear market,47,false,data_gap,,,,2.394545,5.451927,,1,normal,normal,normal,normal,crisis,crisis,crisis,true,,missing_observed_option_instrument; synthetic/theoretical cycle excluded from option valuation
2022-11-29,2022,Bear market,47,false,data_gap,,,,2.394545,5.451927,,1,normal,normal,normal,normal,crisis,crisis,crisis,true,,missing_observed_option_instrument; synthetic/theoretical cycle excluded from option valuation
2022-11-30,2022,Bear market,47,false,data_gap,,,,2.394545,5.451927,,1,normal,normal,normal,normal,crisis,crisis,crisis,true,,missing_observed_option_instrument; synthetic/theoretical cycle excluded from option valuation
2022-12-01,2022,Bear market,47,false,data_gap,,,,2.394545,5.451927,,1,normal,normal,normal,normal,crisis,crisis,crisis,true,,missing_observed_option_instrument; synthetic/theoretical cycle excluded from option valuation
2022-12-02,2022,Bear market,48,false,data_gap,,,,2.394545,5.451927,,1,normal,normal,normal,normal,crisis,crisis,crisis,true,,missing_observed_option_instrument; synthetic/theoretical cycle excluded from option valuation
2022-12-03,2022,Bear market,48,false,data_gap,,,,2.394545,5.451927,,1,normal,normal,normal,normal,crisis,crisis,crisis,true,,missing_observed_option_instrument; synthetic/theoretical cycle excluded from option valuation
2022-12-04,2022,Bear market,48,false,data_gap,,,,2.394545,5.451927,,1,normal,normal,normal,normal,crisis,crisis,crisis,true,,missing_observed_option_instrument; synthetic/theoretical cycle excluded from option valuation
2022-12-05,2022,Bear market,48,false,data_gap,,,,2.394545,5.451927,,1,normal,normal,normal,normal,crisis,crisis,crisis,true,,missing_observed_option_instrument; synthetic/theoretical cycle excluded from option valuation
2022-12-06,2022,Bear market,48,false,data_gap,,,,2.394545,5.451927,,1,normal,normal,normal,normal,crisis,crisis,crisis,true,,missing_observed_option_instrument; synthetic/theoretical cycle excluded from option valuation
2022-12-07,2022,Bear market,48,false,data_gap,,,,2.394545,5.451927,,1,normal,normal,normal,normal,crisis,crisis,crisis,true,,missing_observed_option_instrument; synthetic/theoretical cycle excluded from option valuation
2022-12-08,2022,Bear market,48,false,data_gap,,,,2.394545,5.451927,,1,normal,normal,normal,normal,crisis,crisis,crisis,true,,missing_observed_option_instrument; synthetic/theoretical cycle excluded from option valuation
2022-12-09,2022,Bear market,49,true,partial_signal,17027.964,,-61.278131,2.394545,5.451927,199,1,crisis,normal,normal,normal,crisis,crisis,crisis,false,drawdown_and_underwater_duration_active,daily_return_not_computed_across_missing_mtm_gap
2022-12-10,2022,Bear market,49,true,valid_signal,17063.631,0.209461,-61.197024,2.322164,5.451927,200,1,crisis,normal,normal,normal,crisis,crisis,crisis,false,drawdown_and_underwater_duration_active,
2022-12-11,2022,Bear market,49,true,valid_signal,17043.124,-0.12018,-61.243657,2.251614,5.451927,201,1,crisis,normal,normal,normal,crisis,crisis,crisis,false,drawdown_and_underwater_duration_active,
2022-12-12,2022,Bear market,49,true,valid_signal,16959.39,-0.491307,-61.434069,2.186335,5.451927,202,1,crisis,normal,normal,normal,crisis,crisis,crisis,false,drawdown_and_underwater_duration_active,
2022-12-13,2022,Bear market,49,true,valid_signal,17616.30525,3.87346,-59.940233,2.322387,5.451927,203,0,crisis,normal,normal,normal,crisis,crisis,crisis,false,drawdown_and_underwater_duration_active,
2022-12-14,2022,Bear market,49,true,valid_signal,17727.064,0.628729,-59.688366,2.256898,5.451927,204,0,crisis,normal,normal,normal,crisis,crisis,crisis,false,drawdown_and_underwater_duration_active,
2022-12-15,2022,Bear market,49,true,valid_signal,17418.78625,-1.739023,-60.389395,2.229221,5.451927,205,0,crisis,normal,normal,normal,crisis,crisis,crisis,false,drawdown_and_underwater_duration_active,
2022-12-16,2022,Bear market,50,true,valid_signal,16931.004,-2.800323,-61.49862,2.267547,5.451927,206,1,crisis,normal,normal,watch,crisis,crisis,crisis,false,drawdown_and_underwater_duration_active,
2022-12-17,2022,Bear market,50,true,valid_signal,16622.688,-1.821014,-62.199735,2.243263,5.451927,207,1,crisis,normal,normal,normal,crisis,crisis,crisis,false,drawdown_and_underwater_duration_active,
2022-12-18,2022,Bear market,50,true,valid_signal,16643.78625,0.126924,-62.151757,2.175146,5.451927,208,1,crisis,normal,normal,normal,crisis,crisis,crisis,false,drawdown_and_underwater_duration_active,
2022-12-19,2022,Bear market,50,true,valid_signal,16693.9215,0.301225,-62.037749,2.110173,5.451927,209,1,crisis,normal,normal,normal,crisis,crisis,crisis,false,drawdown_and_underwater_duration_active,
2022-12-20,2022,Bear market,50,true,valid_signal,16904.079,1.258886,-61.559847,2.068997,5.451927,210,1,crisis,normal,normal,normal,crisis,crisis,crisis,false,drawdown_and_underwater_duration_active,
2022-12-21,2022,Bear market,50,true,valid_signal,16774.10875,-0.768869,-61.855402,2.014788,5.451927,211,1,crisis,normal,normal,normal,crisis,crisis,crisis,false,drawdown_and_underwater_duration_active,
2022-12-22,2022,Bear market,50,true,valid_signal,16655.16825,-0.709072,-62.125875,1.961116,5.451927,212,1,crisis,normal,normal,normal,crisis,crisis,crisis,false,drawdown_and_underwater_duration_active,
2022-12-23,2022,Bear market,51,true,valid_signal,16756.50375,0.608433,-61.895436,1.907205,5.451927,213,0,crisis,normal,normal,normal,crisis,crisis,crisis,false,drawdown_and_underwater_duration_active,
2022-12-24,2022,Bear market,51,true,valid_signal,16806.25275,0.296894,-61.782306,1.850533,4.087518,214,0,crisis,normal,normal,normal,crisis,crisis,crisis,false,drawdown_and_underwater_duration_active,
2022-12-25,2022,Bear market,51,true,valid_signal,16793.27225,-0.077236,-61.811824,1.794258,2.553668,215,0,crisis,normal,normal,normal,crisis,crisis,crisis,false,drawdown_and_underwater_duration_active,
2022-12-26,2022,Bear market,51,true,valid_signal,16800.761,0.044594,-61.794794,1.739632,2.553668,216,0,crisis,normal,normal,normal,crisis,crisis,crisis,false,drawdown_and_underwater_duration_active,
2022-12-27,2022,Bear market,51,true,valid_signal,16737.246,-0.378048,-61.939228,1.689176,2.219169,217,0,crisis,normal,normal,normal,crisis,crisis,crisis,false,drawdown_and_underwater_duration_active,
2022-12-28,2022,Bear market,51,true,valid_signal,16725.7575,-0.06864,-61.965353,1.637803,2.219169,218,0,crisis,normal,normal,normal,crisis,crisis,crisis,false,drawdown_and_underwater_duration_active,
2022-12-29,2022,Bear market,51,true,valid_signal,16616.18775,-0.655096,-62.214517,1.595996,2.219169,219,0,crisis,normal,normal,normal,crisis,crisis,crisis,false,drawdown_and_underwater_duration_active,
2023-01-06,2023,Recovery,1,true,partial_signal,16728.7545,,0,,,0,0,normal,normal,normal,normal,normal,normal,crisis,true,,
2023-01-07,2023,Recovery,1,true,valid_signal,16917.066,1.125676,0,1.125676,,0,0,normal,normal,normal,normal,normal,normal,crisis,true,,
2023-01-08,2023,Recovery,1,true,valid_signal,16946.02275,0.171169,0,1.092188,,0,0,normal,normal,normal,normal,normal,normal,stress,true,,
2023-01-09,2023,Recovery,1,true,valid_signal,17210.5515,1.561008,0,1.125836,,0,0,normal,normal,normal,normal,normal,normal,stress,true,,
2023-01-10,2023,Recovery,1,true,valid_signal,17250.929,0.234609,0,1.09305,,0,0,normal,normal,normal,normal,normal,normal,stress,true,,
2023-01-11,2023,Recovery,1,true,valid_signal,17365.50725,0.664186,0,1.072167,,0,0,normal,normal,normal,normal,normal,normal,watch,true,,
2023-01-12,2023,Recovery,1,true,valid_signal,17913.371,3.154896,0,1.295288,,0,0,normal,normal,normal,normal,normal,normal,watch,true,,
2023-01-13,2023,Recovery,2,true,valid_signal,18860.313,5.28623,0,1.803818,,0,0,normal,normal,normal,normal,normal,normal,normal,false,,
2023-01-14,2023,Recovery,2,true,valid_signal,19681.285,4.352908,0,2.048268,,0,0,normal,normal,normal,normal,normal,normal,normal,false,,
2023-01-15,2023,Recovery,2,true,valid_signal,19770.489,0.453243,0,1.98897,,0,0,normal,normal,normal,normal,normal,normal,normal,false,,
2023-01-16,2023,Recovery,2,true,valid_signal,19832.675,0.31454,0,1.929917,,0,0,normal,normal,normal,normal,normal,normal,normal,false,,
2023-01-17,2023,Recovery,2,true,valid_signal,19815.46275,-0.086787,-0.086787,1.871245,,1,0,normal,normal,normal,normal,normal,normal,normal,false,,
2023-01-18,2023,Recovery,2,true,valid_signal,19947.1285,0.66446,0,1.821525,,0,0,normal,normal,normal,normal,normal,normal,normal,false,,
2023-01-19,2023,Recovery,2,true,valid_signal,20006.04375,0.295357,0,1.767515,,0,0,normal,normal,normal,normal,normal,normal,normal,false,,
2023-01-20,2023,Recovery,3,true,valid_signal,20926.44075,4.600595,0,2.050998,,0,0,normal,normal,normal,normal,normal,normal,normal,false,,
2023-01-21,2023,Recovery,3,true,valid_signal,21720.3525,3.793821,0,2.194945,,0,0,normal,normal,normal,normal,normal,normal,normal,false,,
2023-01-22,2023,Recovery,3,true,valid_signal,21884.5,0.755731,0,2.136114,,0,0,normal,normal,normal,normal,normal,normal,normal,false,,
2023-01-23,2023,Recovery,3,true,valid_signal,21462.3675,-1.928911,-1.928911,2.124252,,1,0,normal,normal,normal,normal,normal,normal,normal,false,,
2023-01-24,2023,Recovery,3,true,valid_signal,21726.0705,1.228676,-0.723935,2.081412,,2,0,normal,normal,normal,normal,normal,normal,normal,false,,
2023-01-25,2023,Recovery,3,true,valid_signal,21848.74725,0.564652,-0.16337,2.022738,,3,0,normal,normal,normal,normal,normal,normal,normal,false,,
2023-01-26,2023,Recovery,3,true,valid_signal,21916.37525,0.309528,0,1.962583,,0,0,normal,normal,normal,normal,normal,normal,normal,false,,
2023-01-27,2023,Recovery,4,false,data_gap,,,,1.962583,,,0,normal,normal,normal,normal,normal,normal,normal,true,,missing_observed_option_instrument; synthetic/theoretical cycle excluded from option valuation
2023-01-28,2023,Recovery,4,false,data_gap,,,,1.962583,,,0,normal,normal,normal,normal,normal,normal,normal,true,,missing_observed_option_instrument; synthetic/theoretical cycle excluded from option valuation
2023-01-29,2023,Recovery,4,false,data_gap,,,,1.962583,,,0,normal,normal,normal,normal,normal,normal,normal,true,,missing_observed_option_instrument; synthetic/theoretical cycle excluded from option valuation
2023-01-30,2023,Recovery,4,false,data_gap,,,,1.962583,,,0,normal,normal,normal,normal,normal,normal,normal,true,,missing_observed_option_instrument; synthetic/theoretical cycle excluded from option valuation
2023-01-31,2023,Recovery,4,false,data_gap,,,,1.962583,,,0,normal,normal,normal,normal,normal,normal,normal,true,,missing_observed_option_instrument; synthetic/theoretical cycle excluded from option valuation
2023-02-01,2023,Recovery,4,false,data_gap,,,,1.962583,,,0,normal,normal,normal,normal,normal,normal,normal,true,,missing_observed_option_instrument; synthetic/theoretical cycle excluded from option valuation
2023-02-02,2023,Recovery,4,false,data_gap,,,,1.962583,,,0,normal,normal,normal,normal,normal,normal,normal,true,,missing_observed_option_instrument; synthetic/theoretical cycle excluded from option valuation
2023-02-03,2023,Recovery,5,true,partial_signal,23319.28375,,0,1.962583,,0,0,normal,normal,normal,normal,normal,normal,normal,false,,daily_return_not_computed_across_missing_mtm_gap
2023-02-04,2023,Recovery,5,true,valid_signal,23344.893,0.10982,0,1.902985,,0,0,normal,normal,normal,normal,normal,normal,normal,false,,
2023-02-05,2023,Recovery,5,true,valid_signal,23088.40675,-1.098682,-1.098682,1.864536,,1,0,normal,normal,normal,normal,normal,normal,normal,false,,
2023-02-06,2023,Recovery,5,true,valid_signal,22825.21075,-1.139949,-2.226107,1.829173,,2,0,normal,normal,normal,normal,normal,normal,normal,false,,
2023-02-07,2023,Recovery,5,true,valid_signal,22944.033,0.520575,-1.717121,1.778028,,3,0,normal,normal,normal,normal,normal,normal,normal,false,,
2023-02-08,2023,Recovery,5,true,valid_signal,23018.485,0.324494,-1.398199,1.725693,,4,0,normal,normal,normal,normal,normal,normal,normal,false,,
2023-02-09,2023,Recovery,5,true,valid_signal,22684.15225,-1.452453,-2.830344,1.71053,,5,0,normal,normal,normal,normal,normal,normal,normal,false,,
2023-02-10,2023,Recovery,6,true,valid_signal,21636.9735,-4.616345,-7.316031,2.007236,,6,1,normal,normal,normal,watch,normal,watch,watch,false,,
2023-02-11,2023,Recovery,6,true,valid_signal,21672.38025,0.16364,-7.164362,1.9465,,7,1,normal,normal,normal,normal,normal,normal,watch,true,,
2023-02-12,2023,Recovery,6,true,valid_signal,21826.83525,0.712681,-6.50274,1.895259,,8,1,normal,normal,normal,normal,normal,normal,normal,false,,
2023-02-13,2023,Recovery,6,true,valid_signal,21592.782,-1.072319,-7.505329,1.8562,,9,1,normal,normal,normal,normal,normal,normal,normal,false,,
2023-02-14,2023,Recovery,6,true,valid_signal,22122.001,2.450907,-5.238371,1.897147,1.714505,10,1,normal,normal,normal,normal,normal,normal,normal,false,,
2023-02-15,2023,Recovery,6,true,valid_signal,22517.9975,1.790057,-3.542083,1.890893,1.714505,11,1,normal,normal,normal,normal,normal,normal,normal,false,,
2023-02-16,2023,Recovery,6,true,valid_signal,22962.32,1.973188,-1.638787,1.895931,1.714505,12,1,normal,normal,normal,normal,normal,normal,normal,false,,
2023-02-17,2023,Recovery,7,true,valid_signal,23567.247,2.634433,0,1.948152,1.714505,0,0,normal,normal,normal,normal,normal,normal,normal,false,,
2023-02-18,2023,Recovery,7,true,valid_signal,24160.37875,2.516763,0,1.986863,1.714505,0,0,normal,normal,normal,normal,normal,normal,normal,false,,
2023-02-19,2023,Recovery,7,true,valid_signal,24231.2475,0.293326,0,1.927674,1.714505,0,0,normal,normal,normal,normal,normal,normal,normal,false,,
2023-02-20,2023,Recovery,7,true,valid_signal,24372.1905,0.581658,0,1.874373,1.714505,0,0,normal,normal,normal,normal,normal,normal,normal,false,,
2023-02-21,2023,Recovery,7,true,valid_signal,24346.28475,-0.106292,-0.106292,1.817458,1.714505,1,0,normal,normal,normal,normal,normal,normal,normal,false,,
2023-02-22,2023,Recovery,7,true,valid_signal,23878.63125,-1.920841,-2.025092,1.823826,1.714505,2,0,normal,normal,normal,normal,normal,normal,normal,false,,
2023-02-23,2023,Recovery,7,true,valid_signal,24003.94,0.524774,-1.510945,1.772931,1.92528,3,0,normal,normal,normal,normal,normal,normal,normal,false,,
2023-02-24,2023,Recovery,8,false,data_gap,,,,1.772931,1.92528,,0,normal,normal,normal,normal,normal,normal,normal,true,,missing_observed_option_instrument; synthetic/theoretical cycle excluded from option valuation
2023-02-25,2023,Recovery,8,false,data_gap,,,,1.772931,1.92528,,0,normal,normal,normal,normal,normal,normal,normal,true,,missing_observed_option_instrument; synthetic/theoretical cycle excluded from option valuation
2023-02-26,2023,Recovery,8,false,data_gap,,,,1.772931,1.92528,,0,normal,normal,normal,normal,normal,normal,normal,true,,missing_observed_option_instrument; synthetic/theoretical cycle excluded from option valuation
2023-02-27,2023,Recovery,8,false,data_gap,,,,1.772931,1.92528,,0,normal,normal,normal,normal,normal,normal,normal,true,,missing_observed_option_instrument; synthetic/theoretical cycle excluded from option valuation
2023-02-28,2023,Recovery,8,false,data_gap,,,,1.772931,1.92528,,0,normal,normal,normal,normal,normal,normal,normal,true,,missing_observed_option_instrument; synthetic/theoretical cycle excluded from option valuation
2023-03-01,2023,Recovery,8,false,data_gap,,,,1.772931,1.92528,,0,normal,normal,normal,normal,normal,normal,normal,true,,missing_observed_option_instrument; synthetic/theoretical cycle excluded from option valuation
2023-03-02,2023,Recovery,8,false,data_gap,,,,1.772931,1.92528,,0,normal,normal,normal,normal,normal,normal,normal,true,,missing_observed_option_instrument; synthetic/theoretical cycle excluded from option valuation
2023-03-03,2023,Recovery,9,true,partial_signal,22070.13125,,-9.445434,1.772931,1.92528,4,0,normal,normal,normal,normal,normal,normal,normal,false,,daily_return_not_computed_across_missing_mtm_gap
2023-03-04,2023,Recovery,9,true,valid_signal,22147.859,0.352185,-9.126515,1.721084,1.92528,5,0,normal,normal,normal,normal,normal,normal,normal,false,,
2023-03-05,2023,Recovery,9,true,valid_signal,22248.576,0.454748,-8.713269,1.672367,1.92528,6,0,normal,normal,normal,normal,normal,normal,normal,false,,
2023-03-06,2023,Recovery,9,true,valid_signal,22261.158,0.056552,-8.661645,1.621479,1.92528,7,0,normal,normal,normal,normal,normal,normal,normal,false,,
2023-03-07,2023,Recovery,9,true,valid_signal,21978.45,-1.269961,-9.821606,1.602564,1.92528,8,0,normal,normal,normal,normal,normal,normal,normal,false,,
2023-03-08,2023,Recovery,9,true,valid_signal,21970.5075,-0.036138,-9.854194,1.553768,1.92528,9,0,normal,normal,normal,normal,normal,normal,normal,false,,
2023-03-09,2023,Recovery,9,true,valid_signal,21707.64075,-1.196453,-10.932746,1.534677,1.92528,10,0,normal,normal,normal,normal,normal,normal,normal,false,,
2023-03-10,2023,Recovery,10,true,valid_signal,19765.18575,-8.948255,-18.902711,2.649188,1.92528,11,1,normal,normal,normal,stress,normal,stress,stress,false,,
2023-03-11,2023,Recovery,10,true,valid_signal,19944.549,0.907471,-18.166777,2.578083,3.403368,12,1,normal,normal,normal,normal,normal,normal,stress,true,,
2023-03-12,2023,Recovery,10,true,valid_signal,20173.226,1.146564,-17.228507,2.515273,3.403368,13,1,normal,normal,normal,normal,normal,normal,stress,true,,
2023-03-13,2023,Recovery,10,true,valid_signal,20745.76875,2.838132,-14.879343,2.535804,3.403368,14,1,normal,normal,normal,normal,watch,watch,watch,false,,
2023-03-14,2023,Recovery,10,true,valid_signal,20869.625,0.597019,-14.371156,2.462899,3.403368,15,1,normal,normal,normal,normal,watch,watch,watch,false,,
2023-03-15,2023,Recovery,10,true,valid_signal,20083.945,-3.764706,-17.59483,2.559746,3.403368,16,2,normal,normal,normal,watch,watch,stress,stress,false,recent_tail_loss_days_gte_2,
2023-03-16,2023,Recovery,10,true,valid_signal,21448.284,6.793182,-11.996897,2.987976,4.233107,17,2,normal,normal,normal,normal,watch,stress,stress,false,recent_tail_loss_days_gte_2,
2023-03-17,2023,Recovery,11,true,valid_signal,25767.371,20.137215,0,5.720382,4.233107,0,1,normal,normal,watch,normal,normal,watch,stress,true,,
2023-03-18,2023,Recovery,11,true,valid_signal,26260.204,1.912624,0,5.565868,4.233107,0,1,normal,normal,watch,normal,normal,watch,stress,true,,
2023-03-19,2023,Recovery,11,true,valid_signal,26188.32,-0.273737,-0.273737,5.396726,4.233107,1,1,normal,normal,watch,normal,normal,watch,watch,false,,
2023-03-20,2023,Recovery,11,true,valid_signal,26279.11,0.346681,0,5.233009,4.233107,0,1,normal,normal,watch,normal,normal,watch,watch,false,,
2023-03-21,2023,Recovery,11,true,valid_signal,26745.04125,1.77301,0,5.092144,2.934967,0,1,normal,normal,watch,normal,normal,watch,watch,false,,
2023-03-22,2023,Recovery,11,true,valid_signal,26841.331,0.360028,0,4.937805,2.934967,0,0,normal,normal,watch,normal,normal,watch,watch,false,,
2023-03-23,2023,Recovery,11,true,valid_signal,26908.35175,0.249692,0,4.78777,2.934967,0,0,normal,normal,watch,normal,normal,watch,watch,false,,
2023-03-24,2023,Recovery,12,true,valid_signal,27586.65,2.520772,0,4.682802,2.934967,0,0,normal,normal,watch,normal,normal,watch,watch,false,,
2023-03-25,2023,Recovery,12,true,valid_signal,27425.07075,-0.585715,-0.585715,4.542411,2.934967,1,0,normal,normal,watch,normal,normal,watch,watch,false,,
2023-03-26,2023,Recovery,12,true,valid_signal,27959.3085,1.94799,0,4.429805,2.934967,0,0,normal,normal,watch,normal,normal,watch,watch,false,,
2023-03-27,2023,Recovery,12,true,valid_signal,27574.85225,-1.375056,-1.375056,4.308042,2.934967,1,0,normal,normal,watch,normal,normal,watch,watch,false,,
2023-03-28,2023,Recovery,12,true,valid_signal,26815.21675,-2.754813,-4.091989,4.230959,2.934967,2,1,normal,normal,normal,watch,normal,watch,watch,false,,
2023-03-29,2023,Recovery,12,true,valid_signal,28354.1815,5.739147,0,4.336268,3.310254,0,1,normal,normal,watch,normal,normal,watch,watch,false,,
2023-03-30,2023,Recovery,12,true,valid_signal,28499.68625,0.513169,0,4.206047,3.310254,0,1,normal,normal,normal,normal,normal,normal,watch,true,,
2023-03-31,2023,Recovery,13,false,data_gap,,,,4.206047,3.310254,,1,normal,normal,normal,normal,normal,normal,watch,true,,missing_observed_option_instrument; synthetic/theoretical cycle excluded from option valuation
2023-04-01,2023,Recovery,13,false,data_gap,,,,4.206047,3.310254,,1,normal,normal,normal,normal,normal,normal,watch,true,,missing_observed_option_instrument; synthetic/theoretical cycle excluded from option valuation
2023-04-02,2023,Recovery,13,false,data_gap,,,,4.206047,3.310254,,1,normal,normal,normal,normal,normal,normal,watch,true,,missing_observed_option_instrument; synthetic/theoretical cycle excluded from option valuation
2023-04-03,2023,Recovery,13,false,data_gap,,,,4.206047,3.310254,,1,normal,normal,normal,normal,normal,normal,watch,true,,missing_observed_option_instrument; synthetic/theoretical cycle excluded from option valuation
2023-04-04,2023,Recovery,13,false,data_gap,,,,4.206047,3.310254,,1,normal,normal,normal,normal,normal,normal,watch,true,,missing_observed_option_instrument; synthetic/theoretical cycle excluded from option valuation
2023-04-05,2023,Recovery,13,false,data_gap,,,,4.206047,3.310254,,1,normal,normal,normal,normal,normal,normal,watch,true,,missing_observed_option_instrument; synthetic/theoretical cycle excluded from option valuation
2023-04-06,2023,Recovery,13,false,data_gap,,,,4.206047,3.310254,,1,normal,normal,normal,normal,normal,normal,watch,true,,missing_observed_option_instrument; synthetic/theoretical cycle excluded from option valuation
2023-04-07,2023,Recovery,14,true,partial_signal,27589.035,,-3.195303,4.206047,3.310254,1,1,normal,normal,normal,normal,normal,normal,normal,false,,daily_return_not_computed_across_missing_mtm_gap
2023-04-08,2023,Recovery,14,true,valid_signal,27719.692,0.473583,-2.736852,4.079563,3.310254,2,1,normal,normal,normal,normal,normal,normal,normal,false,,
2023-04-09,2023,Recovery,14,true,valid_signal,27600.897,-0.428558,-3.153681,3.956676,3.310254,3,1,normal,normal,normal,normal,normal,normal,normal,false,,
2023-04-10,2023,Recovery,14,true,valid_signal,27829.65825,0.828818,-2.351001,3.841508,3.310254,4,1,normal,normal,normal,normal,normal,normal,normal,false,,
2023-04-11,2023,Recovery,14,true,valid_signal,28846.357,3.653292,0,3.830476,3.310254,0,1,normal,normal,normal,normal,normal,normal,normal,false,,
2023-04-12,2023,Recovery,14,true,valid_signal,28760.721,-0.296869,-0.296869,3.714496,3.310254,1,0,normal,normal,normal,normal,normal,normal,normal,false,,
2023-04-13,2023,Recovery,14,true,valid_signal,28949.802,0.657428,0,3.604936,3.310254,0,0,normal,normal,normal,normal,normal,normal,normal,false,,
2023-04-14,2023,Recovery,15,true,valid_signal,30337.034,4.791853,0,3.686942,3.310254,0,0,normal,normal,normal,normal,normal,normal,normal,false,,
2023-04-15,2023,Recovery,15,true,valid_signal,30193.744,-0.472327,-0.472327,3.576495,3.310254,1,0,normal,normal,normal,normal,normal,normal,normal,false,,
2023-04-16,2023,Recovery,15,true,valid_signal,30125.394,-0.226371,-0.697629,3.467984,3.310254,2,0,normal,normal,normal,normal,normal,normal,normal,false,,
2023-04-17,2023,Recovery,15,true,valid_signal,29353.675,-2.561689,-3.241447,3.420385,3.310254,3,1,normal,normal,normal,watch,normal,watch,watch,false,,
2023-04-18,2023,Recovery,15,true,valid_signal,30294.09825,3.203767,-0.141529,3.407776,2.667907,4,1,normal,normal,normal,normal,normal,normal,watch,true,,
2023-04-19,2023,Recovery,15,true,valid_signal,29321.83175,-3.209425,-3.346412,3.396202,2.667907,5,2,normal,normal,normal,watch,normal,stress,stress,false,recent_tail_loss_days_gte_2,
2023-04-20,2023,Recovery,15,true,valid_signal,28826.07975,-1.690727,-4.98056,3.318682,3.00485,6,2,normal,normal,normal,normal,normal,watch,stress,true,recent_tail_loss_days_gte_2,
2023-04-21,2023,Recovery,16,true,valid_signal,27967.329,-2.979076,-7.811261,3.299291,3.00485,7,3,normal,normal,normal,watch,normal,stress,stress,false,recent_tail_loss_days_gte_2,
2023-04-22,2023,Recovery,16,true,valid_signal,27193.845,-2.76567,-10.360898,3.269731,3.105768,8,4,normal,normal,normal,watch,normal,stress,stress,false,recent_tail_loss_days_gte_2,
2023-04-23,2023,Recovery,16,true,valid_signal,27568.40625,1.377375,-9.126231,3.188024,2.883043,9,4,normal,normal,normal,normal,normal,watch,stress,true,recent_tail_loss_days_gte_2,
2023-04-24,2023,Recovery,16,true,valid_signal,27591.5505,0.083952,-9.04994,3.090973,2.883043,10,3,normal,normal,normal,normal,normal,watch,stress,true,recent_tail_loss_days_gte_2,
2023-04-25,2023,Recovery,16,true,valid_signal,27358.81375,-0.843507,-9.817111,3.003923,2.883043,11,3,normal,normal,normal,normal,normal,watch,watch,false,recent_tail_loss_days_gte_2,
2023-04-26,2023,Recovery,16,true,valid_signal,29461.8225,7.686769,-2.884961,3.468044,2.883043,12,2,normal,normal,normal,normal,normal,watch,watch,false,recent_tail_loss_days_gte_2,
2023-04-27,2023,Recovery,16,true,valid_signal,28948.01275,-1.743985,-4.578632,3.389421,2.883043,13,2,normal,normal,normal,normal,normal,watch,watch,false,recent_tail_loss_days_gte_2,
2023-04-28,2023,Recovery,17,false,data_gap,,,,3.389421,2.883043,,2,normal,normal,normal,normal,normal,watch,watch,true,recent_tail_loss_days_gte_2,missing_observed_option_instrument; synthetic/theoretical cycle excluded from option valuation
2023-04-29,2023,Recovery,17,false,data_gap,,,,3.389421,2.883043,,2,normal,normal,normal,normal,normal,watch,watch,true,recent_tail_loss_days_gte_2,missing_observed_option_instrument; synthetic/theoretical cycle excluded from option valuation
2023-04-30,2023,Recovery,17,false,data_gap,,,,3.389421,2.883043,,2,normal,normal,normal,normal,normal,watch,watch,true,recent_tail_loss_days_gte_2,missing_observed_option_instrument; synthetic/theoretical cycle excluded from option valuation
2023-05-01,2023,Recovery,17,false,data_gap,,,,3.389421,2.883043,,2,normal,normal,normal,normal,normal,watch,watch,true,recent_tail_loss_days_gte_2,missing_observed_option_instrument; synthetic/theoretical cycle excluded from option valuation
2023-05-02,2023,Recovery,17,false,data_gap,,,,3.389421,2.883043,,2,normal,normal,normal,normal,normal,watch,watch,true,recent_tail_loss_days_gte_2,missing_observed_option_instrument; synthetic/theoretical cycle excluded from option valuation
2023-05-03,2023,Recovery,17,false,data_gap,,,,3.389421,2.883043,,2,normal,normal,normal,normal,normal,watch,watch,true,recent_tail_loss_days_gte_2,missing_observed_option_instrument; synthetic/theoretical cycle excluded from option valuation
2023-05-04,2023,Recovery,17,false,data_gap,,,,3.389421,2.883043,,2,normal,normal,normal,normal,normal,watch,watch,true,recent_tail_loss_days_gte_2,missing_observed_option_instrument; synthetic/theoretical cycle excluded from option valuation
2023-05-05,2023,Recovery,18,true,partial_signal,29002.551,,-4.398858,3.389421,2.883043,14,2,normal,normal,normal,normal,watch,stress,stress,false,recent_tail_loss_days_gte_2,daily_return_not_computed_across_missing_mtm_gap
2023-05-06,2023,Recovery,18,true,valid_signal,28814.7025,-0.647696,-5.018063,3.289993,2.883043,15,1,normal,normal,normal,normal,watch,watch,stress,true,,
2023-05-07,2023,Recovery,18,true,valid_signal,28872.6215,0.201005,-4.827145,3.190147,2.883043,16,0,normal,normal,normal,normal,watch,watch,stress,true,,
2023-05-08,2023,Recovery,18,true,valid_signal,27858.114,-3.513735,-8.171267,3.210482,2.883043,17,1,normal,normal,normal,watch,watch,watch,watch,false,,
2023-05-09,2023,Recovery,18,true,valid_signal,27600.8715,-0.923402,-9.019216,3.120885,3.105768,18,1,normal,normal,normal,normal,watch,watch,watch,false,,
2023-05-10,2023,Recovery,18,true,valid_signal,28202.39175,2.179352,-7.036424,3.07254,3.105768,19,1,normal,normal,normal,normal,watch,watch,watch,false,,
2023-05-11,2023,Recovery,18,true,valid_signal,27233.87625,-3.434161,-10.228942,3.095429,3.105768,20,2,normal,normal,normal,watch,watch,stress,stress,false,recent_tail_loss_days_gte_2,
2023-05-12,2023,Recovery,19,true,valid_signal,26269.1335,-3.542436,-13.409025,3.124054,3.33303,21,3,normal,normal,normal,watch,stress,crisis,crisis,false,recent_tail_loss_days_gte_2,
2023-05-13,2023,Recovery,19,true,valid_signal,26657.085,1.476834,-12.13022,3.050408,3.477927,22,3,normal,normal,normal,normal,stress,crisis,crisis,false,recent_tail_loss_days_gte_2,
2023-05-14,2023,Recovery,19,true,valid_signal,26748.49725,0.342919,-11.828898,2.958673,3.477927,23,3,normal,normal,normal,normal,stress,crisis,crisis,false,recent_tail_loss_days_gte_2,
2023-05-15,2023,Recovery,19,true,valid_signal,27048.6125,1.121989,-10.839628,2.881676,3.477927,24,2,normal,normal,normal,normal,stress,crisis,crisis,false,recent_tail_loss_days_gte_2,
2023-05-16,2023,Recovery,19,true,valid_signal,26823.15675,-0.833521,-11.582798,2.801338,3.477927,25,2,normal,normal,normal,normal,stress,crisis,crisis,false,recent_tail_loss_days_gte_2,
2023-05-17,2023,Recovery,19,true,valid_signal,26607.8655,-0.802632,-12.292462,2.723105,3.477927,26,2,normal,normal,normal,normal,stress,crisis,crisis,false,recent_tail_loss_days_gte_2,
2023-05-18,2023,Recovery,19,true,valid_signal,27232.377,2.347094,-10.233884,2.70202,3.477927,27,1,normal,normal,normal,normal,stress,stress,crisis,true,,
2023-05-19,2023,Recovery,20,true,valid_signal,26669.4675,-2.06706,-12.089404,2.668187,3.477927,28,1,normal,normal,normal,watch,crisis,crisis,crisis,false,,
2023-05-20,2023,Recovery,20,true,valid_signal,26776.445,0.401123,-11.736774,2.588769,3.477927,29,1,normal,normal,normal,normal,crisis,crisis,crisis,false,,
2023-05-21,2023,Recovery,20,true,valid_signal,26758.977,-0.065236,-11.794353,2.509955,3.477927,30,1,normal,normal,normal,normal,crisis,crisis,crisis,false,,
2023-05-22,2023,Recovery,20,true,valid_signal,26882.123,0.460204,-11.388427,2.436101,3.477927,31,1,normal,normal,normal,normal,crisis,crisis,crisis,false,,
2023-05-23,2023,Recovery,20,true,valid_signal,27100.125,0.810955,-10.669827,2.370226,3.477927,32,1,normal,normal,normal,normal,crisis,crisis,crisis,false,,
2023-05-24,2023,Recovery,20,true,valid_signal,26390.0835,-2.620067,-13.010337,2.385955,3.477927,33,2,normal,normal,normal,watch,crisis,crisis,crisis,false,recent_tail_loss_days_gte_2,
2023-05-25,2023,Recovery,20,true,valid_signal,26376.30525,-0.05221,-13.055755,2.313304,3.477927,34,2,normal,normal,normal,normal,crisis,crisis,crisis,false,recent_tail_loss_days_gte_2,
2023-05-26,2023,Recovery,21,false,data_gap,,,,2.313304,3.477927,,2,normal,normal,normal,normal,crisis,crisis,crisis,true,recent_tail_loss_days_gte_2,missing_observed_option_instrument; synthetic/theoretical cycle excluded from option valuation
2023-05-27,2023,Recovery,21,false,data_gap,,,,2.313304,3.477927,,2,normal,normal,normal,normal,crisis,crisis,crisis,true,recent_tail_loss_days_gte_2,missing_observed_option_instrument; synthetic/theoretical cycle excluded from option valuation
2023-05-28,2023,Recovery,21,false,data_gap,,,,2.313304,3.477927,,2,normal,normal,normal,normal,crisis,crisis,crisis,true,recent_tail_loss_days_gte_2,missing_observed_option_instrument; synthetic/theoretical cycle excluded from option valuation
2023-05-29,2023,Recovery,21,false,data_gap,,,,2.313304,3.477927,,2,normal,normal,normal,normal,crisis,crisis,crisis,true,recent_tail_loss_days_gte_2,missing_observed_option_instrument; synthetic/theoretical cycle excluded from option valuation
2023-05-30,2023,Recovery,21,false,data_gap,,,,2.313304,3.477927,,2,normal,normal,normal,normal,crisis,crisis,crisis,true,recent_tail_loss_days_gte_2,missing_observed_option_instrument; synthetic/theoretical cycle excluded from option valuation
2023-05-31,2023,Recovery,21,false,data_gap,,,,2.313304,3.477927,,2,normal,normal,normal,normal,crisis,crisis,crisis,true,recent_tail_loss_days_gte_2,missing_observed_option_instrument; synthetic/theoretical cycle excluded from option valuation
2023-06-01,2023,Recovery,21,false,data_gap,,,,2.313304,3.477927,,2,normal,normal,normal,normal,crisis,crisis,crisis,true,recent_tail_loss_days_gte_2,missing_observed_option_instrument; synthetic/theoretical cycle excluded from option valuation
2023-06-02,2023,Recovery,22,false,data_gap,,,,2.313304,3.477927,,2,normal,normal,normal,normal,crisis,crisis,crisis,true,recent_tail_loss_days_gte_2,missing_observed_option_instrument; synthetic/theoretical cycle excluded from option valuation
2023-06-03,2023,Recovery,22,false,data_gap,,,,2.313304,3.477927,,2,normal,normal,normal,normal,crisis,crisis,crisis,true,recent_tail_loss_days_gte_2,missing_observed_option_instrument; synthetic/theoretical cycle excluded from option valuation
2023-06-04,2023,Recovery,22,false,data_gap,,,,2.313304,3.477927,,2,normal,normal,normal,normal,crisis,crisis,crisis,true,recent_tail_loss_days_gte_2,missing_observed_option_instrument; synthetic/theoretical cycle excluded from option valuation
2023-06-05,2023,Recovery,22,false,data_gap,,,,2.313304,3.477927,,2,normal,normal,normal,normal,crisis,crisis,crisis,true,recent_tail_loss_days_gte_2,missing_observed_option_instrument; synthetic/theoretical cycle excluded from option valuation
2023-06-06,2023,Recovery,22,false,data_gap,,,,2.313304,3.477927,,2,normal,normal,normal,normal,crisis,crisis,crisis,true,recent_tail_loss_days_gte_2,missing_observed_option_instrument; synthetic/theoretical cycle excluded from option valuation
2023-06-07,2023,Recovery,22,false,data_gap,,,,2.313304,3.477927,,2,normal,normal,normal,normal,crisis,crisis,crisis,true,recent_tail_loss_days_gte_2,missing_observed_option_instrument; synthetic/theoretical cycle excluded from option valuation
2023-06-08,2023,Recovery,22,false,data_gap,,,,2.313304,3.477927,,2,normal,normal,normal,normal,crisis,crisis,crisis,true,recent_tail_loss_days_gte_2,missing_observed_option_instrument; synthetic/theoretical cycle excluded from option valuation
2023-06-09,2023,Recovery,23,true,partial_signal,26539.635,,-12.517371,2.313304,3.477927,35,2,normal,normal,normal,normal,crisis,crisis,crisis,false,recent_tail_loss_days_gte_2,daily_return_not_computed_across_missing_mtm_gap
2023-06-10,2023,Recovery,23,true,valid_signal,25649.8245,-3.352761,-15.450454,2.388463,3.477927,36,2,normal,normal,normal,watch,crisis,crisis,crisis,false,recent_tail_loss_days_gte_2,
2023-06-11,2023,Recovery,23,true,valid_signal,25700.274,0.196686,-15.284157,2.316202,3.477927,37,2,normal,normal,normal,normal,crisis,crisis,crisis,false,recent_tail_loss_days_gte_2,
2023-06-12,2023,Recovery,23,true,valid_signal,25749.318,0.190831,-15.122494,2.246127,3.477927,38,2,normal,normal,normal,normal,crisis,crisis,crisis,false,recent_tail_loss_days_gte_2,
2023-06-13,2023,Recovery,23,true,valid_signal,26009.9265,1.012099,-14.263449,2.191767,3.477927,39,2,normal,normal,normal,normal,crisis,crisis,crisis,false,recent_tail_loss_days_gte_2,
2023-06-14,2023,Recovery,23,true,valid_signal,25977.4965,-0.124683,-14.370348,2.125216,3.477927,40,2,normal,normal,normal,normal,crisis,crisis,crisis,false,recent_tail_loss_days_gte_2,
2023-06-15,2023,Recovery,23,true,valid_signal,25003.99175,-3.747493,-17.579313,2.255698,3.477927,41,2,normal,normal,normal,watch,crisis,crisis,crisis,false,recent_tail_loss_days_gte_2,
2023-06-16,2023,Recovery,24,true,valid_signal,25393.02,1.555865,-16.296959,2.219938,3.529521,42,2,normal,normal,normal,normal,crisis,crisis,crisis,false,recent_tail_loss_days_gte_2,
2023-06-17,2023,Recovery,24,true,valid_signal,26246.652,3.36168,-13.483131,2.304451,3.529521,43,1,normal,normal,normal,normal,crisis,crisis,crisis,false,,
2023-06-18,2023,Recovery,24,true,valid_signal,26235.99,-0.040622,-13.518276,2.23427,3.529521,44,1,normal,normal,normal,normal,crisis,crisis,crisis,false,,
2023-06-19,2023,Recovery,24,true,valid_signal,26317.88025,0.312129,-13.248341,2.167554,3.529521,45,1,normal,normal,normal,normal,crisis,crisis,crisis,false,,
2023-06-20,2023,Recovery,24,true,valid_signal,26439.097,0.460587,-12.848774,2.104548,3.529521,46,1,normal,normal,normal,normal,crisis,crisis,crisis,false,,
2023-06-21,2023,Recovery,24,true,valid_signal,26878.1955,1.660792,-11.401373,2.080593,3.529521,47,1,normal,normal,normal,normal,crisis,crisis,crisis,false,,
2023-06-22,2023,Recovery,24,true,valid_signal,27035.901,0.586741,-10.881528,2.022323,3.529521,48,0,normal,normal,normal,normal,crisis,crisis,crisis,false,,
2023-06-23,2023,Recovery,25,true,valid_signal,29651.455,9.674373,-2.259875,3.075714,3.493712,49,0,normal,normal,normal,normal,crisis,crisis,crisis,false,,
2023-06-24,2023,Recovery,25,true,valid_signal,30092.6655,1.487989,-0.805512,3.004207,3.493712,50,0,normal,normal,normal,normal,crisis,crisis,crisis,false,,
2023-06-25,2023,Recovery,25,true,valid_signal,30236.352,0.47748,-0.331878,2.915034,3.493712,51,0,normal,normal,normal,normal,crisis,crisis,crisis,false,,
2023-06-26,2023,Recovery,25,true,valid_signal,30119.30075,-0.387121,-0.717714,2.827821,3.457082,52,0,normal,normal,normal,normal,crisis,crisis,crisis,false,,
2023-06-27,2023,Recovery,25,true,valid_signal,30251.078,0.437518,-0.283337,2.743768,3.023049,53,0,normal,normal,normal,normal,crisis,crisis,crisis,false,,
2023-06-28,2023,Recovery,25,true,valid_signal,30048.5025,-0.669647,-0.951087,2.665234,3.023049,54,0,normal,normal,normal,normal,crisis,crisis,crisis,false,,
2023-06-29,2023,Recovery,25,true,valid_signal,30502.998,1.51254,0,2.610465,3.023049,0,0,normal,normal,normal,normal,normal,normal,crisis,true,,
2023-06-30,2023,Recovery,26,false,data_gap,,,,2.610465,3.023049,,0,normal,normal,normal,normal,normal,normal,crisis,true,,missing_observed_option_instrument; synthetic/theoretical cycle excluded from option valuation
2023-07-01,2023,Recovery,26,false,data_gap,,,,2.610465,3.023049,,0,normal,normal,normal,normal,normal,normal,crisis,true,,missing_observed_option_instrument; synthetic/theoretical cycle excluded from option valuation
2023-07-02,2023,Recovery,26,false,data_gap,,,,2.610465,3.023049,,0,normal,normal,normal,normal,normal,normal,crisis,true,,missing_observed_option_instrument; synthetic/theoretical cycle excluded from option valuation
2023-07-03,2023,Recovery,26,false,data_gap,,,,2.610465,3.023049,,0,normal,normal,normal,normal,normal,normal,crisis,true,,missing_observed_option_instrument; synthetic/theoretical cycle excluded from option valuation
2023-07-04,2023,Recovery,26,false,data_gap,,,,2.610465,3.023049,,0,normal,normal,normal,normal,normal,normal,crisis,true,,missing_observed_option_instrument; synthetic/theoretical cycle excluded from option valuation
2023-07-05,2023,Recovery,26,false,data_gap,,,,2.610465,3.023049,,0,normal,normal,normal,normal,normal,normal,crisis,true,,missing_observed_option_instrument; synthetic/theoretical cycle excluded from option valuation
2023-07-06,2023,Recovery,26,false,data_gap,,,,2.610465,3.023049,,0,normal,normal,normal,normal,normal,normal,crisis,true,,missing_observed_option_instrument; synthetic/theoretical cycle excluded from option valuation
2023-07-07,2023,Recovery,27,true,partial_signal,30225.552,,-0.90957,2.610465,3.023049,1,0,normal,normal,normal,normal,normal,normal,crisis,true,,daily_return_not_computed_across_missing_mtm_gap
2023-07-08,2023,Recovery,27,true,valid_signal,30136.7528,-0.293789,-1.200686,2.531963,3.023049,2,0,normal,normal,normal,normal,normal,normal,stress,true,,
2023-07-09,2023,Recovery,27,true,valid_signal,30173.6344,0.122381,-1.079775,2.455012,3.023049,3,0,normal,normal,normal,normal,normal,normal,stress,true,,
2023-07-10,2023,Recovery,27,true,valid_signal,30140.139,-0.111009,-1.189585,2.380378,3.023049,4,0,normal,normal,normal,normal,normal,normal,stress,true,,
2023-07-11,2023,Recovery,27,true,valid_signal,30403.3564,0.873312,-0.326662,2.317755,3.023049,5,0,normal,normal,normal,normal,normal,normal,watch,true,,
2023-07-12,2023,Recovery,27,true,valid_signal,30611.77875,0.685524,0,2.253412,3.023049,0,0,normal,normal,normal,normal,normal,normal,watch,true,,
2023-07-13,2023,Recovery,27,true,valid_signal,30682.15125,0.229887,0,2.185489,3.023049,0,0,normal,normal,normal,normal,normal,normal,normal,false,,
2023-07-14,2023,Recovery,28,true,valid_signal,31029.52,1.132153,0,2.136981,3.023049,0,0,normal,normal,normal,normal,normal,normal,normal,false,,
2023-07-15,2023,Recovery,28,true,valid_signal,30296.98625,-2.360764,-2.360764,2.151065,3.023049,1,1,normal,normal,normal,watch,normal,watch,watch,false,,
2023-07-16,2023,Recovery,28,true,valid_signal,30289.5723,-0.024471,-2.384657,2.085543,3.023049,2,1,normal,normal,normal,normal,normal,normal,watch,true,,
2023-07-17,2023,Recovery,28,true,valid_signal,30252.18595,-0.12343,-2.505144,2.022235,2.906362,3,1,normal,normal,normal,normal,normal,normal,normal,false,,
2023-07-18,2023,Recovery,28,true,valid_signal,29856.0756,-1.309361,-3.781703,1.986689,2.906362,4,1,normal,normal,normal,normal,normal,normal,normal,false,,
2023-07-19,2023,Recovery,28,true,valid_signal,30028.47825,0.577446,-3.226095,1.931353,1.887633,5,1,normal,normal,normal,normal,normal,normal,normal,false,,
2023-07-20,2023,Recovery,28,true,valid_signal,30230.47665,0.672689,-2.575107,1.879752,1.887633,6,1,normal,normal,normal,normal,normal,normal,normal,false,,
2023-07-21,2023,Recovery,29,true,valid_signal,29613.7425,-2.040107,-4.562679,1.889757,1.887633,7,2,normal,normal,normal,watch,normal,stress,stress,false,recent_tail_loss_days_gte_2,
2023-07-22,2023,Recovery,29,true,valid_signal,29718.16395,0.352611,-4.226156,1.834222,2.216468,8,1,normal,normal,normal,normal,normal,normal,stress,true,,
2023-07-23,2023,Recovery,29,true,valid_signal,29771.43,0.179237,-4.054494,1.778886,2.216468,9,1,normal,normal,normal,normal,normal,normal,stress,true,,
2023-07-24,2023,Recovery,29,true,valid_signal,29126.63,-2.165835,-6.132515,1.804445,1.711271,10,2,normal,normal,normal,watch,normal,stress,stress,false,recent_tail_loss_days_gte_2,
2023-07-25,2023,Recovery,29,true,valid_signal,29240.207,0.389942,-5.766486,1.75208,2.109257,11,2,normal,normal,normal,normal,normal,watch,stress,true,recent_tail_loss_days_gte_2,
2023-07-26,2023,Recovery,29,true,valid_signal,29281.3202,0.140605,-5.633989,1.699053,2.109257,12,2,normal,normal,normal,normal,normal,watch,stress,true,recent_tail_loss_days_gte_2,
2023-07-27,2023,Recovery,29,true,valid_signal,29437.66605,0.533944,-5.130128,1.652477,2.109257,13,2,normal,normal,normal,normal,normal,watch,watch,false,recent_tail_loss_days_gte_2,
2023-07-28,2023,Recovery,30,false,data_gap,,,,1.652477,2.109257,,2,normal,normal,normal,normal,normal,watch,watch,true,recent_tail_loss_days_gte_2,missing_observed_option_instrument; synthetic/theoretical cycle excluded from option valuation
2023-07-29,2023,Recovery,30,false,data_gap,,,,1.652477,2.109257,,2,normal,normal,normal,normal,normal,watch,watch,true,recent_tail_loss_days_gte_2,missing_observed_option_instrument; synthetic/theoretical cycle excluded from option valuation
2023-07-30,2023,Recovery,30,false,data_gap,,,,1.652477,2.109257,,2,normal,normal,normal,normal,normal,watch,watch,true,recent_tail_loss_days_gte_2,missing_observed_option_instrument; synthetic/theoretical cycle excluded from option valuation
2023-07-31,2023,Recovery,30,false,data_gap,,,,1.652477,2.109257,,2,normal,normal,normal,normal,normal,watch,watch,true,recent_tail_loss_days_gte_2,missing_observed_option_instrument; synthetic/theoretical cycle excluded from option valuation
2023-08-01,2023,Recovery,30,false,data_gap,,,,1.652477,2.109257,,2,normal,normal,normal,normal,normal,watch,watch,true,recent_tail_loss_days_gte_2,missing_observed_option_instrument; synthetic/theoretical cycle excluded from option valuation
2023-08-02,2023,Recovery,30,false,data_gap,,,,1.652477,2.109257,,2,normal,normal,normal,normal,normal,watch,watch,true,recent_tail_loss_days_gte_2,missing_observed_option_instrument; synthetic/theoretical cycle excluded from option valuation
2023-08-03,2023,Recovery,30,false,data_gap,,,,1.652477,2.109257,,2,normal,normal,normal,normal,normal,watch,watch,true,recent_tail_loss_days_gte_2,missing_observed_option_instrument; synthetic/theoretical cycle excluded from option valuation
2023-08-04,2023,Recovery,31,true,partial_signal,29138.75185,,-6.09345,1.652477,2.109257,14,2,normal,normal,normal,normal,watch,stress,stress,false,recent_tail_loss_days_gte_2,daily_return_not_computed_across_missing_mtm_gap
2023-08-05,2023,Recovery,31,true,valid_signal,28949.2632,-0.650298,-6.704122,1.610035,2.109257,15,1,normal,normal,normal,normal,watch,watch,stress,true,,
2023-08-06,2023,Recovery,31,true,valid_signal,28944.9,-0.015072,-6.718183,1.560991,2.109257,16,1,normal,normal,normal,normal,watch,watch,stress,true,,
2023-08-07,2023,Recovery,31,true,valid_signal,28951.4112,0.022495,-6.697199,1.513447,2.109257,17,1,normal,normal,normal,normal,watch,watch,watch,false,,
2023-08-08,2023,Recovery,31,true,valid_signal,29290.801,1.172274,-5.603435,1.495174,2.109257,18,0,normal,normal,normal,normal,watch,watch,watch,false,,
2023-08-09,2023,Recovery,31,true,valid_signal,29816.2756,1.793992,-3.909968,1.514766,2.109257,19,0,normal,normal,normal,normal,watch,watch,watch,false,,
2023-08-10,2023,Recovery,31,true,valid_signal,29688.5611,-0.428338,-4.321559,1.472364,2.109257,20,0,normal,normal,normal,normal,watch,watch,watch,false,,
2023-08-11,2023,Recovery,32,true,valid_signal,29349.0482,-1.143582,-5.41572,1.454734,2.109257,21,0,normal,normal,normal,normal,stress,stress,stress,false,,
2023-08-12,2023,Recovery,32,true,valid_signal,29352.178,0.010664,-5.405633,1.410419,2.109257,22,0,normal,normal,normal,normal,stress,stress,stress,false,,
2023-08-13,2023,Recovery,32,true,valid_signal,29319.68655,-0.110695,-5.510345,1.367721,2.109257,23,0,normal,normal,normal,normal,stress,stress,stress,false,,
2023-08-14,2023,Recovery,32,true,valid_signal,29321.2722,0.005408,-5.505234,1.326055,2.109257,24,0,normal,normal,normal,normal,stress,stress,stress,false,,
2023-08-15,2023,Recovery,32,true,valid_signal,29289.86185,-0.107125,-5.606462,1.285926,2.109257,25,0,normal,normal,normal,normal,stress,stress,stress,false,,
2023-08-16,2023,Recovery,32,true,valid_signal,29055.2808,-0.800895,-6.362455,1.262091,2.109257,26,0,normal,normal,normal,normal,stress,stress,stress,false,,
2023-08-17,2023,Recovery,32,true,valid_signal,28361.3266,-2.388393,-8.598887,1.356307,2.109257,27,1,normal,normal,normal,watch,stress,stress,stress,false,,
2023-08-18,2023,Recovery,33,true,valid_signal,26084.7405,-8.027079,-15.935727,2.365425,2.273046,28,2,normal,normal,normal,stress,crisis,crisis,crisis,false,recent_tail_loss_days_gte_2,
2023-08-19,2023,Recovery,33,true,valid_signal,25869.7539,-0.824185,-16.628572,2.302233,2.37596,29,2,normal,normal,normal,normal,crisis,crisis,crisis,false,recent_tail_loss_days_gte_2,
2023-08-20,2023,Recovery,33,true,valid_signal,26086.722,0.838694,-15.929341,2.241532,2.37596,30,2,normal,normal,normal,normal,crisis,crisis,crisis,false,recent_tail_loss_days_gte_2,
2023-08-21,2023,Recovery,33,true,valid_signal,26066.0283,-0.079327,-15.996031,2.173332,2.37596,31,2,normal,normal,normal,normal,crisis,crisis,crisis,false,recent_tail_loss_days_gte_2,
2023-08-22,2023,Recovery,33,true,valid_signal,25950.2208,-0.444285,-16.369248,2.109932,2.37596,32,2,normal,normal,normal,normal,crisis,crisis,crisis,false,recent_tail_loss_days_gte_2,
2023-08-23,2023,Recovery,33,true,valid_signal,25983.1026,0.126711,-16.263279,2.045891,2.288242,33,2,normal,normal,normal,normal,crisis,crisis,crisis,false,recent_tail_loss_days_gte_2,
2023-08-24,2023,Recovery,33,true,valid_signal,26335.59695,1.356629,-15.127282,2.011208,2.288242,34,1,normal,normal,normal,normal,crisis,crisis,crisis,false,,
2023-08-25,2023,Recovery,34,false,data_gap,,,,2.011208,2.288242,,1,normal,normal,normal,normal,crisis,crisis,crisis,true,,missing_observed_option_instrument; synthetic/theoretical cycle excluded from option valuation
2023-08-26,2023,Recovery,34,false,data_gap,,,,2.011208,2.288242,,1,normal,normal,normal,normal,crisis,crisis,crisis,true,,missing_observed_option_instrument; synthetic/theoretical cycle excluded from option valuation
2023-08-27,2023,Recovery,34,false,data_gap,,,,2.011208,2.288242,,1,normal,normal,normal,normal,crisis,crisis,crisis,true,,missing_observed_option_instrument; synthetic/theoretical cycle excluded from option valuation
2023-08-28,2023,Recovery,34,false,data_gap,,,,2.011208,2.288242,,1,normal,normal,normal,normal,crisis,crisis,crisis,true,,missing_observed_option_instrument; synthetic/theoretical cycle excluded from option valuation
2023-08-29,2023,Recovery,34,false,data_gap,,,,2.011208,2.288242,,1,normal,normal,normal,normal,crisis,crisis,crisis,true,,missing_observed_option_instrument; synthetic/theoretical cycle excluded from option valuation
2023-08-30,2023,Recovery,34,false,data_gap,,,,2.011208,2.288242,,1,normal,normal,normal,normal,crisis,crisis,crisis,true,,missing_observed_option_instrument; synthetic/theoretical cycle excluded from option valuation
2023-08-31,2023,Recovery,34,false,data_gap,,,,2.011208,2.288242,,1,normal,normal,normal,normal,crisis,crisis,crisis,true,,missing_observed_option_instrument; synthetic/theoretical cycle excluded from option valuation
2023-09-01,2023,Recovery,35,false,data_gap,,,,2.011208,2.288242,,1,normal,normal,normal,normal,crisis,crisis,crisis,true,,missing_observed_option_instrument; synthetic/theoretical cycle excluded from option valuation
2023-09-02,2023,Recovery,35,false,data_gap,,,,2.011208,2.288242,,1,normal,normal,normal,normal,crisis,crisis,crisis,true,,missing_observed_option_instrument; synthetic/theoretical cycle excluded from option valuation
2023-09-03,2023,Recovery,35,false,data_gap,,,,2.011208,2.288242,,1,normal,normal,normal,normal,crisis,crisis,crisis,true,,missing_observed_option_instrument; synthetic/theoretical cycle excluded from option valuation
2023-09-04,2023,Recovery,35,false,data_gap,,,,2.011208,2.288242,,1,normal,normal,normal,normal,crisis,crisis,crisis,true,,missing_observed_option_instrument; synthetic/theoretical cycle excluded from option valuation
2023-09-05,2023,Recovery,35,false,data_gap,,,,2.011208,2.288242,,1,normal,normal,normal,normal,crisis,crisis,crisis,true,,missing_observed_option_instrument; synthetic/theoretical cycle excluded from option valuation
2023-09-06,2023,Recovery,35,false,data_gap,,,,2.011208,2.288242,,1,normal,normal,normal,normal,crisis,crisis,crisis,true,,missing_observed_option_instrument; synthetic/theoretical cycle excluded from option valuation
2023-09-07,2023,Recovery,35,false,data_gap,,,,2.011208,2.288242,,1,normal,normal,normal,normal,crisis,crisis,crisis,true,,missing_observed_option_instrument; synthetic/theoretical cycle excluded from option valuation
2023-09-08,2023,Recovery,36,true,partial_signal,25859.2463,,-16.662435,2.011208,2.288242,35,1,normal,normal,normal,normal,crisis,crisis,crisis,false,,daily_return_not_computed_across_missing_mtm_gap
2023-09-09,2023,Recovery,36,true,valid_signal,25793.7647,-0.253223,-16.873465,1.950924,2.288242,36,0,normal,normal,normal,normal,crisis,crisis,crisis,false,,
2023-09-10,2023,Recovery,36,true,valid_signal,25781.7755,-0.046481,-16.912103,1.891526,2.288242,37,0,normal,normal,normal,normal,crisis,crisis,crisis,false,,
2023-09-11,2023,Recovery,36,true,valid_signal,25592.57265,-0.733863,-17.521855,1.842691,2.288242,38,0,normal,normal,normal,normal,crisis,crisis,crisis,false,,
2023-09-12,2023,Recovery,36,true,valid_signal,26284.9552,2.705404,-15.290487,1.905501,2.288242,39,0,normal,normal,normal,normal,crisis,crisis,crisis,false,,
2023-09-13,2023,Recovery,36,true,valid_signal,26121.9325,-0.620213,-15.815867,1.853687,2.288242,40,0,normal,normal,normal,normal,crisis,crisis,crisis,false,,
2023-09-14,2023,Recovery,36,true,valid_signal,26609.5247,1.866601,-14.244485,1.854465,2.288242,41,0,normal,normal,normal,normal,crisis,crisis,crisis,false,,
2023-09-15,2023,Recovery,37,true,valid_signal,26332.4409,-1.041296,-15.137453,1.815972,2.288242,42,0,normal,normal,normal,normal,crisis,crisis,crisis,false,,
2023-09-16,2023,Recovery,37,true,valid_signal,26511.87,0.681399,-14.5592,1.768544,1.828228,43,0,normal,normal,normal,normal,crisis,crisis,crisis,false,,
2023-09-17,2023,Recovery,37,true,valid_signal,26498.5569,-0.050216,-14.602105,1.714711,1.828228,44,0,normal,normal,normal,normal,crisis,crisis,crisis,false,,
2023-09-18,2023,Recovery,37,true,valid_signal,27136.9215,2.409054,-12.544823,1.764095,1.828228,45,0,normal,normal,normal,normal,crisis,crisis,crisis,false,,
2023-09-19,2023,Recovery,37,true,valid_signal,26873.4912,-0.970745,-13.39379,1.726804,1.828228,46,0,normal,normal,normal,normal,crisis,crisis,crisis,false,,
2023-09-20,2023,Recovery,37,true,valid_signal,27066.556,0.718421,-12.771593,1.683421,1.828228,47,0,normal,normal,normal,normal,crisis,crisis,crisis,false,,
2023-09-21,2023,Recovery,37,true,valid_signal,26384.3613,-2.520434,-14.970127,1.745001,1.828228,48,1,normal,normal,normal,watch,crisis,crisis,crisis,false,,
2023-09-22,2023,Recovery,38,true,valid_signal,26538.98625,0.586048,-14.471812,1.69792,2.461015,49,1,normal,normal,normal,normal,crisis,crisis,crisis,false,,
2023-09-23,2023,Recovery,38,true,valid_signal,26543.7866,0.018088,-14.456342,1.646201,2.461015,50,1,normal,normal,normal,normal,crisis,crisis,crisis,false,,
2023-09-24,2023,Recovery,38,true,valid_signal,26558.4384,0.055199,-14.409123,1.596108,2.461015,51,1,normal,normal,normal,normal,crisis,crisis,crisis,false,,
2023-09-25,2023,Recovery,38,true,valid_signal,26139.072,-1.579033,-15.760631,1.595089,2.461015,52,1,normal,normal,normal,normal,crisis,crisis,crisis,false,,
2023-09-26,2023,Recovery,38,true,valid_signal,26162.912,0.091204,-15.6838,1.546657,2.461015,53,1,normal,normal,normal,normal,crisis,crisis,crisis,false,,
2023-09-27,2023,Recovery,38,true,valid_signal,26586.20025,1.617894,-14.319654,1.551024,2.461015,54,1,normal,normal,normal,normal,crisis,crisis,crisis,false,,
2023-09-28,2023,Recovery,38,true,valid_signal,26594.68,0.031895,-14.292326,1.503794,2.461015,55,0,normal,normal,normal,normal,crisis,crisis,crisis,false,,
2023-09-29,2023,Recovery,39,false,data_gap,,,,1.503794,2.461015,,0,normal,normal,normal,normal,crisis,crisis,crisis,true,,missing_observed_option_instrument; synthetic/theoretical cycle excluded from option valuation
2023-09-30,2023,Recovery,39,false,data_gap,,,,1.503794,2.461015,,0,normal,normal,normal,normal,crisis,crisis,crisis,true,,missing_observed_option_instrument; synthetic/theoretical cycle excluded from option valuation
2023-10-01,2023,Recovery,39,false,data_gap,,,,1.503794,2.461015,,0,normal,normal,normal,normal,crisis,crisis,crisis,true,,missing_observed_option_instrument; synthetic/theoretical cycle excluded from option valuation
2023-10-02,2023,Recovery,39,false,data_gap,,,,1.503794,2.461015,,0,normal,normal,normal,normal,crisis,crisis,crisis,true,,missing_observed_option_instrument; synthetic/theoretical cycle excluded from option valuation
2023-10-03,2023,Recovery,39,false,data_gap,,,,1.503794,2.461015,,0,normal,normal,normal,normal,crisis,crisis,crisis,true,,missing_observed_option_instrument; synthetic/theoretical cycle excluded from option valuation
2023-10-04,2023,Recovery,39,false,data_gap,,,,1.503794,2.461015,,0,normal,normal,normal,normal,crisis,crisis,crisis,true,,missing_observed_option_instrument; synthetic/theoretical cycle excluded from option valuation
2023-10-05,2023,Recovery,39,false,data_gap,,,,1.503794,2.461015,,0,normal,normal,normal,normal,crisis,crisis,crisis,true,,missing_observed_option_instrument; synthetic/theoretical cycle excluded from option valuation
2023-10-06,2023,Recovery,40,true,partial_signal,27455.9472,,-11.516687,1.503794,2.461015,56,0,normal,normal,normal,normal,crisis,crisis,crisis,false,,daily_return_not_computed_across_missing_mtm_gap
2023-10-07,2023,Recovery,40,true,valid_signal,27842.184,1.406751,-10.271947,1.498148,2.461015,57,0,normal,normal,normal,normal,crisis,crisis,crisis,false,,
2023-10-08,2023,Recovery,40,true,valid_signal,27843.3722,0.004268,-10.268118,1.452509,2.461015,58,0,normal,normal,normal,normal,crisis,crisis,crisis,false,,
2023-10-09,2023,Recovery,40,true,valid_signal,27468.9667,-1.344684,-11.474729,1.446266,2.461015,59,0,normal,normal,normal,normal,crisis,crisis,crisis,false,,
2023-10-10,2023,Recovery,40,true,valid_signal,27374.0985,-0.345365,-11.780464,1.404757,2.096803,60,0,normal,normal,normal,normal,crisis,crisis,crisis,false,,
2023-10-11,2023,Recovery,40,true,valid_signal,27141.35515,-0.850232,-12.530535,1.377794,1.473576,61,0,normal,normal,normal,normal,crisis,crisis,crisis,false,,
2023-10-12,2023,Recovery,40,true,valid_signal,26744.82525,-1.46098,-13.808447,1.382926,1.473576,62,0,normal,normal,normal,normal,crisis,crisis,crisis,false,,
2023-10-13,2023,Recovery,41,true,valid_signal,26724.7825,-0.074941,-13.873039,1.340922,1.525909,63,0,normal,normal,normal,normal,crisis,crisis,crisis,false,,
2023-10-14,2023,Recovery,41,true,valid_signal,26834.05575,0.408884,-13.52088,1.303924,1.525909,64,0,normal,normal,normal,normal,crisis,crisis,crisis,false,,
2023-10-15,2023,Recovery,41,true,valid_signal,26808.4213,-0.09553,-13.603493,1.264418,1.525909,65,0,normal,normal,normal,normal,crisis,crisis,crisis,false,,
2023-10-16,2023,Recovery,41,true,valid_signal,27482.488,2.514384,-11.431153,1.371917,1.525909,66,0,normal,normal,normal,normal,crisis,crisis,crisis,false,,
2023-10-17,2023,Recovery,41,true,valid_signal,27882.624,1.455967,-10.14162,1.377104,1.525909,67,0,normal,normal,normal,normal,crisis,crisis,crisis,false,,
2023-10-18,2023,Recovery,41,true,valid_signal,27835.1195,-0.170373,-10.294715,1.335804,1.525909,68,0,normal,normal,normal,normal,crisis,crisis,crisis,false,,
2023-10-19,2023,Recovery,41,true,valid_signal,28031.17625,0.70435,-9.662875,1.306552,1.525909,69,0,normal,normal,normal,normal,crisis,crisis,crisis,false,,
2023-10-20,2023,Recovery,42,true,valid_signal,29451.445,5.066747,-5.085722,1.773406,1.525909,70,0,normal,normal,normal,normal,crisis,crisis,crisis,false,,
2023-10-21,2023,Recovery,42,true,valid_signal,29608.278,0.532514,-4.58029,1.724321,1.525909,71,0,normal,normal,normal,normal,crisis,crisis,crisis,false,,
2023-10-22,2023,Recovery,42,true,valid_signal,29692.71375,0.285176,-4.308176,1.67325,1.525909,72,0,normal,normal,normal,normal,crisis,crisis,crisis,false,,
2023-10-23,2023,Recovery,42,true,valid_signal,30234.2875,1.823928,-2.562826,1.682672,1.525909,73,0,normal,normal,normal,normal,crisis,crisis,crisis,false,,
2023-10-24,2023,Recovery,42,true,valid_signal,30839.4625,2.001618,-0.612505,1.703493,1.525909,74,0,normal,normal,normal,normal,crisis,crisis,crisis,false,,
2023-10-25,2023,Recovery,42,true,valid_signal,30930.8025,0.296179,-0.318141,1.653191,1.525909,75,0,normal,normal,normal,normal,crisis,crisis,crisis,false,,
2023-10-26,2023,Recovery,42,true,valid_signal,30990.636,0.193443,-0.125313,1.603528,1.525909,76,0,normal,normal,normal,normal,crisis,crisis,crisis,false,,
2023-10-27,2023,Recovery,43,false,data_gap,,,,1.603528,1.525909,,0,normal,normal,normal,normal,crisis,crisis,crisis,true,,missing_observed_option_instrument; synthetic/theoretical cycle excluded from option valuation
2023-10-28,2023,Recovery,43,false,data_gap,,,,1.603528,1.525909,,0,normal,normal,normal,normal,crisis,crisis,crisis,true,,missing_observed_option_instrument; synthetic/theoretical cycle excluded from option valuation
2023-10-29,2023,Recovery,43,false,data_gap,,,,1.603528,1.525909,,0,normal,normal,normal,normal,crisis,crisis,crisis,true,,missing_observed_option_instrument; synthetic/theoretical cycle excluded from option valuation
2023-10-30,2023,Recovery,43,false,data_gap,,,,1.603528,1.525909,,0,normal,normal,normal,normal,crisis,crisis,crisis,true,,missing_observed_option_instrument; synthetic/theoretical cycle excluded from option valuation
2023-10-31,2023,Recovery,43,false,data_gap,,,,1.603528,1.525909,,0,normal,normal,normal,normal,crisis,crisis,crisis,true,,missing_observed_option_instrument; synthetic/theoretical cycle excluded from option valuation
2023-11-01,2023,Recovery,43,false,data_gap,,,,1.603528,1.525909,,0,normal,normal,normal,normal,crisis,crisis,crisis,true,,missing_observed_option_instrument; synthetic/theoretical cycle excluded from option valuation
2023-11-02,2023,Recovery,43,false,data_gap,,,,1.603528,1.525909,,0,normal,normal,normal,normal,crisis,crisis,crisis,true,,missing_observed_option_instrument; synthetic/theoretical cycle excluded from option valuation
2023-11-03,2023,Recovery,44,true,partial_signal,34107.219,,0,1.603528,1.525909,0,0,normal,normal,normal,normal,normal,normal,crisis,true,,daily_return_not_computed_across_missing_mtm_gap
2023-11-04,2023,Recovery,44,true,valid_signal,34320.65,0.625765,0,1.562216,1.525909,0,0,normal,normal,normal,normal,normal,normal,crisis,true,,
2023-11-05,2023,Recovery,44,true,valid_signal,34425.75,0.30623,0,1.516481,1.525909,0,0,normal,normal,normal,normal,normal,normal,stress,true,,
2023-11-06,2023,Recovery,44,true,valid_signal,34786.16875,1.046945,0,1.49248,1.525909,0,0,normal,normal,normal,normal,normal,normal,stress,true,,
2023-11-07,2023,Recovery,44,true,valid_signal,34694.655,-0.263075,-0.263075,1.448447,1.408647,1,0,normal,normal,normal,normal,normal,normal,stress,true,,
2023-11-08,2023,Recovery,44,true,valid_signal,35084.676,1.124153,0,1.431064,1.408647,0,0,normal,normal,normal,normal,normal,normal,watch,true,,
2023-11-09,2023,Recovery,44,true,valid_signal,35914.34475,2.364761,0,1.503527,1.408647,0,0,normal,normal,normal,normal,normal,normal,watch,true,,
2023-11-10,2023,Recovery,45,true,valid_signal,36325.834,1.145752,0,1.484494,1.408647,0,0,normal,normal,normal,normal,normal,normal,normal,false,,
2023-11-11,2023,Recovery,45,true,valid_signal,36586.374,0.717231,0,1.449953,1.122181,0,0,normal,normal,normal,normal,normal,normal,normal,false,,
2023-11-12,2023,Recovery,45,true,valid_signal,36697.8,0.304556,0,1.407759,1.122181,0,0,normal,normal,normal,normal,normal,normal,normal,false,,
2023-11-13,2023,Recovery,45,true,valid_signal,36476.43325,-0.603215,-0.603215,1.372848,1.122181,1,0,normal,normal,normal,normal,normal,normal,normal,false,,
2023-11-14,2023,Recovery,45,true,valid_signal,36370.611,-0.290111,-0.891577,1.332921,1.122181,2,0,normal,normal,normal,normal,normal,normal,normal,false,,
2023-11-15,2023,Recovery,45,true,valid_signal,36036.315,-0.919138,-1.802519,1.31178,1.122181,3,0,normal,normal,normal,normal,normal,normal,normal,false,,
2023-11-16,2023,Recovery,45,true,valid_signal,36627.42055,1.640305,-0.191781,1.333775,1.153188,4,0,normal,normal,normal,normal,normal,normal,normal,false,,
2023-11-17,2023,Recovery,46,true,valid_signal,35703.748,-2.521806,-2.708751,1.433105,0.88813,5,1,normal,normal,normal,watch,normal,watch,watch,false,,
2023-11-18,2023,Recovery,46,true,valid_signal,36188.347,1.357278,-1.388239,1.428669,1.217151,6,1,normal,normal,normal,normal,normal,normal,watch,true,,
2023-11-19,2023,Recovery,46,true,valid_signal,36201.93375,0.037545,-1.351215,1.385176,1.217151,7,1,normal,normal,normal,normal,normal,normal,normal,false,,
2023-11-20,2023,Recovery,46,true,valid_signal,36789.792,1.623831,0,1.400643,0.776973,0,1,normal,normal,normal,normal,normal,normal,normal,false,,
2023-11-21,2023,Recovery,46,true,valid_signal,36425.955,-0.988962,-0.988962,1.379411,0.776973,1,1,normal,normal,normal,normal,normal,normal,normal,false,,
2023-11-22,2023,Recovery,46,true,valid_signal,36340.9683,-0.233314,-1.219968,1.338609,0.957541,2,1,normal,normal,normal,normal,normal,normal,normal,false,,
2023-11-23,2023,Recovery,46,true,valid_signal,37122.99655,2.151919,0,1.400788,0.957541,0,1,normal,normal,normal,normal,normal,normal,normal,false,,
2023-11-24,2023,Recovery,47,false,data_gap,,,,1.400788,0.957541,,1,normal,normal,normal,normal,normal,normal,normal,true,,missing_observed_option_instrument; synthetic/theoretical cycle excluded from option valuation
2023-11-25,2023,Recovery,47,false,data_gap,,,,1.400788,0.957541,,1,normal,normal,normal,normal,normal,normal,normal,true,,missing_observed_option_instrument; synthetic/theoretical cycle excluded from option valuation
2023-11-26,2023,Recovery,47,false,data_gap,,,,1.400788,0.957541,,1,normal,normal,normal,normal,normal,normal,normal,true,,missing_observed_option_instrument; synthetic/theoretical cycle excluded from option valuation
2023-11-27,2023,Recovery,47,false,data_gap,,,,1.400788,0.957541,,1,normal,normal,normal,normal,normal,normal,normal,true,,missing_observed_option_instrument; synthetic/theoretical cycle excluded from option valuation
2023-11-28,2023,Recovery,47,false,data_gap,,,,1.400788,0.957541,,1,normal,normal,normal,normal,normal,normal,normal,true,,missing_observed_option_instrument; synthetic/theoretical cycle excluded from option valuation
2023-11-29,2023,Recovery,47,false,data_gap,,,,1.400788,0.957541,,1,normal,normal,normal,normal,normal,normal,normal,true,,missing_observed_option_instrument; synthetic/theoretical cycle excluded from option valuation
2023-11-30,2023,Recovery,47,false,data_gap,,,,1.400788,0.957541,,1,normal,normal,normal,normal,normal,normal,normal,true,,missing_observed_option_instrument; synthetic/theoretical cycle excluded from option valuation
2023-12-01,2023,Recovery,48,false,data_gap,,,,1.400788,0.957541,,1,normal,normal,normal,normal,normal,normal,normal,true,,missing_observed_option_instrument; synthetic/theoretical cycle excluded from option valuation
2023-12-02,2023,Recovery,48,false,data_gap,,,,1.400788,0.957541,,1,normal,normal,normal,normal,normal,normal,normal,true,,missing_observed_option_instrument; synthetic/theoretical cycle excluded from option valuation
2023-12-03,2023,Recovery,48,false,data_gap,,,,1.400788,0.957541,,1,normal,normal,normal,normal,normal,normal,normal,true,,missing_observed_option_instrument; synthetic/theoretical cycle excluded from option valuation
2023-12-04,2023,Recovery,48,false,data_gap,,,,1.400788,0.957541,,1,normal,normal,normal,normal,normal,normal,normal,true,,missing_observed_option_instrument; synthetic/theoretical cycle excluded from option valuation
2023-12-05,2023,Recovery,48,false,data_gap,,,,1.400788,0.957541,,1,normal,normal,normal,normal,normal,normal,normal,true,,missing_observed_option_instrument; synthetic/theoretical cycle excluded from option valuation
2023-12-06,2023,Recovery,48,false,data_gap,,,,1.400788,0.957541,,1,normal,normal,normal,normal,normal,normal,normal,true,,missing_observed_option_instrument; synthetic/theoretical cycle excluded from option valuation
2023-12-07,2023,Recovery,48,false,data_gap,,,,1.400788,0.957541,,1,normal,normal,normal,normal,normal,normal,normal,true,,missing_observed_option_instrument; synthetic/theoretical cycle excluded from option valuation
2023-12-08,2023,Recovery,49,true,partial_signal,43301.412,,0,1.400788,0.957541,0,1,normal,normal,normal,normal,normal,normal,normal,false,,daily_return_not_computed_across_missing_mtm_gap
2023-12-09,2023,Recovery,49,true,valid_signal,43397.8965,0.222821,0,1.359211,0.957541,0,0,normal,normal,normal,normal,normal,normal,normal,false,,
2023-12-10,2023,Recovery,49,true,valid_signal,43336.644,-0.141142,-0.141142,1.318257,0.957541,1,0,normal,normal,normal,normal,normal,normal,normal,false,,
2023-12-11,2023,Recovery,49,true,valid_signal,41765.1255,-3.626304,-3.762328,1.556451,0.957541,2,1,normal,normal,normal,watch,normal,watch,watch,false,,
2023-12-12,2023,Recovery,49,true,valid_signal,41376.2888,-0.931008,-4.658308,1.526169,1.832026,3,1,normal,normal,normal,normal,normal,normal,watch,true,,
2023-12-13,2023,Recovery,49,true,valid_signal,41413.3428,0.089554,-4.572926,1.479839,1.832026,4,1,normal,normal,normal,normal,normal,normal,normal,false,,
2023-12-14,2023,Recovery,49,true,valid_signal,42690.14425,3.083068,-1.630845,1.621372,1.832026,5,1,normal,normal,normal,normal,normal,normal,normal,false,,
2023-12-15,2023,Recovery,50,true,valid_signal,42004.3869,-1.60636,-3.211007,1.620475,1.832026,6,1,normal,normal,normal,normal,normal,normal,normal,false,,
2023-12-16,2023,Recovery,50,true,valid_signal,42209.4968,0.488306,-2.738381,1.575655,2.109855,7,1,normal,normal,normal,normal,normal,normal,normal,false,,
2023-12-17,2023,Recovery,50,true,valid_signal,41507.9811,-1.661985,-4.354855,1.580968,2.109855,8,1,normal,normal,normal,normal,normal,normal,normal,false,,
2023-12-18,2023,Recovery,50,true,valid_signal,41569.05275,0.147132,-4.21413,1.533229,2.134887,9,0,normal,normal,normal,normal,normal,normal,normal,false,,
2023-12-19,2023,Recovery,50,true,valid_signal,42165.1494,1.433991,-2.840569,1.527456,2.134887,10,0,normal,normal,normal,normal,normal,normal,normal,false,,
2023-12-20,2023,Recovery,50,true,valid_signal,43603.798,3.411938,0,1.700475,2.134887,0,0,normal,normal,normal,normal,normal,normal,normal,false,,
2023-12-21,2023,Recovery,50,true,valid_signal,43556.9348,-0.107475,-0.107475,1.648882,2.134887,1,0,normal,normal,normal,normal,normal,normal,normal,false,,
2023-12-22,2023,Recovery,51,true,valid_signal,43292.36025,-0.607422,-0.714245,1.605559,2.134887,2,0,normal,normal,normal,normal,normal,normal,normal,false,,
2023-12-23,2023,Recovery,51,true,valid_signal,43563.541,0.626394,-0.092325,1.564191,2.134887,3,0,normal,normal,normal,normal,normal,normal,normal,false,,
2023-12-24,2023,Recovery,51,true,valid_signal,43553.133,-0.023892,-0.116194,1.516551,2.134887,4,0,normal,normal,normal,normal,normal,normal,normal,false,,
2023-12-25,2023,Recovery,51,true,valid_signal,43566.3165,0.03027,-0.085959,1.470369,2.134887,5,0,normal,normal,normal,normal,normal,normal,normal,false,,
2023-12-26,2023,Recovery,51,true,valid_signal,42565.8243,-2.296481,-2.380466,1.532545,2.134887,6,1,normal,normal,normal,watch,normal,watch,watch,false,,
2023-12-27,2023,Recovery,51,true,valid_signal,42918.1081,0.827621,-1.572546,1.499624,2.42041,7,1,normal,normal,normal,normal,normal,normal,watch,true,,
2023-12-28,2023,Recovery,51,true,valid_signal,42727.9527,-0.443066,-2.008645,1.457984,2.42041,8,1,normal,normal,normal,normal,normal,normal,normal,false,,
2024-01-05,2024,ETF/Bull,1,true,partial_signal,42500.25,,0,,,0,0,normal,normal,normal,normal,normal,normal,normal,false,,
2024-01-06,2024,ETF/Bull,1,true,valid_signal,42848.7775,0.82006,0,0.82006,,0,0,normal,normal,normal,normal,normal,normal,normal,false,,
2024-01-07,2024,ETF/Bull,1,true,valid_signal,43097.585,0.580664,0,0.8077,,0,0,normal,normal,normal,normal,normal,normal,normal,false,,
2024-01-08,2024,ETF/Bull,1,true,valid_signal,43572.26075,1.101398,0,0.828264,,0,0,normal,normal,normal,normal,normal,normal,normal,false,,
2024-01-09,2024,ETF/Bull,1,true,valid_signal,44766.50375,2.740833,0,1.046704,,0,0,normal,normal,normal,normal,normal,normal,normal,false,,
2024-01-10,2024,ETF/Bull,1,true,valid_signal,44011.276,-1.687038,-1.687038,1.095728,,1,0,normal,normal,normal,normal,normal,normal,normal,false,,
2024-01-11,2024,ETF/Bull,1,true,valid_signal,45807.6395,4.081598,0,1.458818,,0,0,normal,normal,normal,normal,normal,normal,normal,false,,
2024-01-12,2024,ETF/Bull,2,true,valid_signal,45009.3105,-1.742786,-1.742786,1.477396,,1,0,normal,normal,normal,normal,normal,normal,normal,false,,
2024-01-13,2024,ETF/Bull,2,true,valid_signal,42766.50135,-4.982989,-6.638932,1.8819,,2,1,normal,normal,normal,watch,normal,watch,watch,false,,
2024-01-14,2024,ETF/Bull,2,true,valid_signal,42740.0064,-0.061953,-6.696772,1.824633,,3,1,normal,normal,normal,normal,normal,normal,watch,true,,
2024-01-15,2024,ETF/Bull,2,true,valid_signal,42174.8294,-1.322361,-7.930577,1.798457,,4,1,normal,normal,normal,normal,normal,normal,normal,false,,
2024-01-16,2024,ETF/Bull,2,true,valid_signal,42630.3684,1.080121,-6.936116,1.763627,,5,1,normal,normal,normal,normal,normal,normal,normal,false,,
2024-01-17,2024,ETF/Bull,2,true,valid_signal,42489.7506,-0.329854,-7.243091,1.711807,,6,1,normal,normal,normal,normal,normal,normal,normal,false,,
2024-01-18,2024,ETF/Bull,2,true,valid_signal,42745.725,0.602438,-6.684288,1.666206,,7,1,normal,normal,normal,normal,normal,normal,normal,false,,
2024-01-19,2024,ETF/Bull,3,true,valid_signal,40660.592,-4.877992,-11.236221,2.009318,,8,2,normal,normal,normal,watch,normal,stress,stress,false,recent_tail_loss_days_gte_2,
2024-01-20,2024,ETF/Bull,3,true,valid_signal,41138.392,1.175094,-10.193163,1.969255,,9,1,normal,normal,normal,normal,normal,normal,stress,true,,
2024-01-21,2024,ETF/Bull,3,true,valid_signal,41320.9145,0.443679,-9.794709,1.912354,,10,1,normal,normal,normal,normal,normal,normal,stress,true,,
2024-01-22,2024,ETF/Bull,3,true,valid_signal,40577.0673,-1.800171,-11.418559,1.90581,,11,1,normal,normal,normal,normal,normal,normal,watch,true,,
2024-01-23,2024,ETF/Bull,3,true,valid_signal,38765.08,-4.465545,-15.374203,2.147242,,12,2,normal,normal,normal,watch,normal,stress,stress,false,recent_tail_loss_days_gte_2,
2024-01-24,2024,ETF/Bull,3,true,valid_signal,39864.60065,2.836369,-12.973903,2.1947,,13,2,normal,normal,normal,normal,normal,watch,stress,true,recent_tail_loss_days_gte_2,
2024-01-25,2024,ETF/Bull,3,true,valid_signal,40001.4981,0.343406,-12.67505,2.129503,,14,2,normal,normal,normal,normal,watch,stress,stress,false,recent_tail_loss_days_gte_2,
2024-01-26,2024,ETF/Bull,4,false,data_gap,,,,2.129503,,,2,normal,normal,normal,normal,watch,stress,stress,true,recent_tail_loss_days_gte_2,missing_observed_option_instrument; synthetic/theoretical cycle excluded from option valuation
2024-01-27,2024,ETF/Bull,4,false,data_gap,,,,2.129503,,,2,normal,normal,normal,normal,watch,stress,stress,true,recent_tail_loss_days_gte_2,missing_observed_option_instrument; synthetic/theoretical cycle excluded from option valuation
2024-01-28,2024,ETF/Bull,4,false,data_gap,,,,2.129503,,,2,normal,normal,normal,normal,watch,stress,stress,true,recent_tail_loss_days_gte_2,missing_observed_option_instrument; synthetic/theoretical cycle excluded from option valuation
2024-01-29,2024,ETF/Bull,4,false,data_gap,,,,2.129503,,,2,normal,normal,normal,normal,watch,stress,stress,true,recent_tail_loss_days_gte_2,missing_observed_option_instrument; synthetic/theoretical cycle excluded from option valuation
2024-01-30,2024,ETF/Bull,4,false,data_gap,,,,2.129503,,,2,normal,normal,normal,normal,watch,stress,stress,true,recent_tail_loss_days_gte_2,missing_observed_option_instrument; synthetic/theoretical cycle excluded from option valuation
2024-01-31,2024,ETF/Bull,4,false,data_gap,,,,2.129503,,,2,normal,normal,normal,normal,watch,stress,stress,true,recent_tail_loss_days_gte_2,missing_observed_option_instrument; synthetic/theoretical cycle excluded from option valuation
2024-02-01,2024,ETF/Bull,4,false,data_gap,,,,2.129503,,,2,normal,normal,normal,normal,watch,stress,stress,true,recent_tail_loss_days_gte_2,missing_observed_option_instrument; synthetic/theoretical cycle excluded from option valuation
2024-02-02,2024,ETF/Bull,5,false,data_gap,,,,2.129503,,,2,normal,normal,normal,normal,watch,stress,stress,true,recent_tail_loss_days_gte_2,missing_observed_option_instrument; synthetic/theoretical cycle excluded from option valuation
2024-02-03,2024,ETF/Bull,5,false,data_gap,,,,2.129503,,,2,normal,normal,normal,normal,watch,stress,stress,true,recent_tail_loss_days_gte_2,missing_observed_option_instrument; synthetic/theoretical cycle excluded from option valuation
2024-02-04,2024,ETF/Bull,5,false,data_gap,,,,2.129503,,,2,normal,normal,normal,normal,watch,stress,stress,true,recent_tail_loss_days_gte_2,missing_observed_option_instrument; synthetic/theoretical cycle excluded from option valuation
2024-02-05,2024,ETF/Bull,5,false,data_gap,,,,2.129503,,,2,normal,normal,normal,normal,watch,stress,stress,true,recent_tail_loss_days_gte_2,missing_observed_option_instrument; synthetic/theoretical cycle excluded from option valuation
2024-02-06,2024,ETF/Bull,5,false,data_gap,,,,2.129503,,,2,normal,normal,normal,normal,watch,stress,stress,true,recent_tail_loss_days_gte_2,missing_observed_option_instrument; synthetic/theoretical cycle excluded from option valuation
2024-02-07,2024,ETF/Bull,5,false,data_gap,,,,2.129503,,,2,normal,normal,normal,normal,watch,stress,stress,true,recent_tail_loss_days_gte_2,missing_observed_option_instrument; synthetic/theoretical cycle excluded from option valuation
2024-02-08,2024,ETF/Bull,5,false,data_gap,,,,2.129503,,,2,normal,normal,normal,normal,watch,stress,stress,true,recent_tail_loss_days_gte_2,missing_observed_option_instrument; synthetic/theoretical cycle excluded from option valuation
2024-02-09,2024,ETF/Bull,6,true,partial_signal,46234.335,,0,2.129503,,0,2,normal,normal,normal,normal,normal,watch,stress,true,recent_tail_loss_days_gte_2,daily_return_not_computed_across_missing_mtm_gap
2024-02-10,2024,ETF/Bull,6,true,valid_signal,46651.585,0.902468,0,2.07643,,0,1,normal,normal,normal,normal,normal,normal,stress,true,,
2024-02-11,2024,ETF/Bull,6,true,valid_signal,47158.1145,1.085771,0,2.030666,,0,1,normal,normal,normal,normal,normal,normal,watch,true,,
2024-02-12,2024,ETF/Bull,6,true,valid_signal,47362.9525,0.434364,0,1.971676,,0,1,normal,normal,normal,normal,normal,normal,watch,true,,
2024-02-13,2024,ETF/Bull,6,true,valid_signal,47505.9005,0.301814,0,1.91304,,0,1,normal,normal,normal,normal,normal,normal,normal,false,,
2024-02-14,2024,ETF/Bull,6,true,valid_signal,47924.4675,0.881084,0,1.867275,,0,0,normal,normal,normal,normal,normal,normal,normal,false,,
2024-02-15,2024,ETF/Bull,6,true,valid_signal,48494.24125,1.188899,0,1.833664,,0,0,normal,normal,normal,normal,normal,normal,normal,false,,
2024-02-16,2024,ETF/Bull,7,true,valid_signal,51230.588,5.642622,0,2.251874,,0,0,normal,normal,normal,normal,normal,normal,normal,false,,
2024-02-17,2024,ETF/Bull,7,true,valid_signal,50534.87425,-1.358005,-1.358005,2.208468,,1,0,normal,normal,normal,normal,normal,normal,normal,false,,
2024-02-18,2024,ETF/Bull,7,true,valid_signal,51339.979,1.593167,0,2.176461,,0,0,normal,normal,normal,normal,normal,normal,normal,false,,
2024-02-19,2024,ETF/Bull,7,true,valid_signal,51549.1525,0.407428,0,2.112515,,0,0,normal,normal,normal,normal,normal,normal,normal,false,,
2024-02-20,2024,ETF/Bull,7,true,valid_signal,51688.1325,0.269607,0,2.049224,4.692391,0,0,normal,normal,normal,normal,normal,normal,normal,false,,
2024-02-21,2024,ETF/Bull,7,true,valid_signal,50842.29315,-1.636429,-1.636429,2.026829,4.692391,1,0,normal,normal,normal,normal,normal,normal,normal,false,,
2024-02-22,2024,ETF/Bull,7,true,valid_signal,51317.4132,0.934498,-0.717223,1.97837,4.692391,2,0,normal,normal,normal,normal,normal,normal,normal,false,,
2024-02-23,2024,ETF/Bull,8,false,data_gap,,,,1.97837,4.692391,,0,normal,normal,normal,normal,normal,normal,normal,true,,missing_observed_option_instrument; synthetic/theoretical cycle excluded from option valuation
2024-02-24,2024,ETF/Bull,8,false,data_gap,,,,1.97837,4.692391,,0,normal,normal,normal,normal,normal,normal,normal,true,,missing_observed_option_instrument; synthetic/theoretical cycle excluded from option valuation
2024-02-25,2024,ETF/Bull,8,false,data_gap,,,,1.97837,4.692391,,0,normal,normal,normal,normal,normal,normal,normal,true,,missing_observed_option_instrument; synthetic/theoretical cycle excluded from option valuation
2024-02-26,2024,ETF/Bull,8,false,data_gap,,,,1.97837,4.692391,,0,normal,normal,normal,normal,normal,normal,normal,true,,missing_observed_option_instrument; synthetic/theoretical cycle excluded from option valuation
2024-02-27,2024,ETF/Bull,8,false,data_gap,,,,1.97837,4.692391,,0,normal,normal,normal,normal,normal,normal,normal,true,,missing_observed_option_instrument; synthetic/theoretical cycle excluded from option valuation
2024-02-28,2024,ETF/Bull,8,false,data_gap,,,,1.97837,4.692391,,0,normal,normal,normal,normal,normal,normal,normal,true,,missing_observed_option_instrument; synthetic/theoretical cycle excluded from option valuation
2024-02-29,2024,ETF/Bull,8,false,data_gap,,,,1.97837,4.692391,,0,normal,normal,normal,normal,normal,normal,normal,true,,missing_observed_option_instrument; synthetic/theoretical cycle excluded from option valuation
2024-03-01,2024,ETF/Bull,9,false,data_gap,,,,1.97837,4.692391,,0,normal,normal,normal,normal,normal,normal,normal,true,,missing_observed_option_instrument; synthetic/theoretical cycle excluded from option valuation
2024-03-02,2024,ETF/Bull,9,false,data_gap,,,,1.97837,4.692391,,0,normal,normal,normal,normal,normal,normal,normal,true,,missing_observed_option_instrument; synthetic/theoretical cycle excluded from option valuation
2024-03-03,2024,ETF/Bull,9,false,data_gap,,,,1.97837,4.692391,,0,normal,normal,normal,normal,normal,normal,normal,true,,missing_observed_option_instrument; synthetic/theoretical cycle excluded from option valuation
2024-03-04,2024,ETF/Bull,9,false,data_gap,,,,1.97837,4.692391,,0,normal,normal,normal,normal,normal,normal,normal,true,,missing_observed_option_instrument; synthetic/theoretical cycle excluded from option valuation
2024-03-05,2024,ETF/Bull,9,false,data_gap,,,,1.97837,4.692391,,0,normal,normal,normal,normal,normal,normal,normal,true,,missing_observed_option_instrument; synthetic/theoretical cycle excluded from option valuation
2024-03-06,2024,ETF/Bull,9,false,data_gap,,,,1.97837,4.692391,,0,normal,normal,normal,normal,normal,normal,normal,true,,missing_observed_option_instrument; synthetic/theoretical cycle excluded from option valuation
2024-03-07,2024,ETF/Bull,9,false,data_gap,,,,1.97837,4.692391,,0,normal,normal,normal,normal,normal,normal,normal,true,,missing_observed_option_instrument; synthetic/theoretical cycle excluded from option valuation
2024-03-08,2024,ETF/Bull,10,true,partial_signal,66939.32025,,0,1.97837,4.692391,0,0,normal,normal,normal,normal,normal,normal,normal,false,,daily_return_not_computed_across_missing_mtm_gap
2024-03-09,2024,ETF/Bull,10,true,valid_signal,66809.1925,-0.194397,-0.194397,1.918692,4.692391,1,0,normal,normal,normal,normal,normal,normal,normal,false,,
2024-03-10,2024,ETF/Bull,10,true,valid_signal,67190.5445,0.570808,0,1.865488,4.692391,0,0,normal,normal,normal,normal,normal,normal,normal,false,,
2024-03-11,2024,ETF/Bull,10,true,valid_signal,68078.2005,1.321103,0,1.837379,4.692391,0,0,normal,normal,normal,normal,normal,normal,normal,false,,
2024-03-12,2024,ETF/Bull,10,true,valid_signal,69517.779,2.114595,0,1.855181,4.692391,0,0,normal,normal,normal,normal,normal,normal,normal,false,,
2024-03-13,2024,ETF/Bull,10,true,valid_signal,69649.86875,0.190009,0,1.799266,4.692391,0,0,normal,normal,normal,normal,normal,normal,normal,false,,
2024-03-14,2024,ETF/Bull,10,true,valid_signal,70379.8205,1.04803,0,1.763241,3.266127,0,0,normal,normal,normal,normal,normal,normal,normal,false,,
2024-03-15,2024,ETF/Bull,11,true,valid_signal,66954.35125,-4.867118,-4.867118,2.084181,3.266127,1,1,normal,normal,normal,watch,normal,watch,watch,false,,
2024-03-16,2024,ETF/Bull,11,true,valid_signal,66689.425,-0.395682,-5.243542,2.023011,4.686411,2,1,normal,normal,normal,normal,normal,normal,watch,true,,
2024-03-17,2024,ETF/Bull,11,true,valid_signal,66328.274,-0.541542,-5.756688,1.965863,4.686411,3,1,normal,normal,normal,normal,normal,normal,normal,false,,
2024-03-18,2024,ETF/Bull,11,true,valid_signal,66585.981,0.388533,-5.390522,1.908349,4.686411,4,1,normal,normal,normal,normal,normal,normal,normal,false,,
2024-03-19,2024,ETF/Bull,11,true,valid_signal,63233.81945,-5.034335,-10.15348,2.223502,4.686411,5,2,normal,normal,normal,stress,normal,crisis,crisis,false,recent_tail_loss_days_gte_2,
2024-03-20,2024,ETF/Bull,11,true,valid_signal,63479.6756,0.388805,-9.804152,2.157868,4.686411,6,2,normal,normal,normal,normal,normal,watch,crisis,true,recent_tail_loss_days_gte_2,
2024-03-21,2024,ETF/Bull,11,true,valid_signal,66480.3972,4.727059,-5.540542,2.391174,4.686411,7,2,normal,normal,normal,normal,normal,watch,crisis,true,recent_tail_loss_days_gte_2,
2024-03-22,2024,ETF/Bull,12,true,valid_signal,62748.1665,-5.614032,-10.843526,2.695495,4.686411,8,2,normal,normal,normal,stress,normal,crisis,crisis,false,recent_tail_loss_days_gte_2,
2024-03-23,2024,ETF/Bull,12,true,valid_signal,64068.747,2.104572,-8.967163,2.663739,4.959088,9,2,normal,normal,normal,normal,normal,watch,crisis,true,recent_tail_loss_days_gte_2,
2024-03-24,2024,ETF/Bull,12,true,valid_signal,64733.137,1.036995,-8.023157,2.595052,4.959088,10,2,normal,normal,normal,normal,normal,watch,crisis,true,recent_tail_loss_days_gte_2,
2024-03-25,2024,ETF/Bull,12,true,valid_signal,67116.291,3.681506,-4.637024,2.672723,4.959088,11,2,normal,normal,normal,normal,normal,watch,stress,true,recent_tail_loss_days_gte_2,
2024-03-26,2024,ETF/Bull,12,true,valid_signal,68552.4975,2.139878,-2.596373,2.643782,4.959088,12,1,normal,normal,normal,normal,normal,normal,stress,true,,
2024-03-27,2024,ETF/Bull,12,true,valid_signal,68698.62025,0.213155,-2.388753,2.563774,4.959088,13,1,normal,normal,normal,normal,normal,normal,stress,true,,
2024-03-28,2024,ETF/Bull,12,true,valid_signal,69452.11,1.096805,-1.318148,2.500148,4.959088,14,1,normal,normal,normal,normal,watch,watch,watch,false,,
2024-03-29,2024,ETF/Bull,13,false,data_gap,,,,2.500148,4.959088,,1,normal,normal,normal,normal,watch,watch,watch,true,,missing_observed_option_instrument; synthetic/theoretical cycle excluded from option valuation
2024-03-30,2024,ETF/Bull,13,false,data_gap,,,,2.500148,4.959088,,1,normal,normal,normal,normal,watch,watch,watch,true,,missing_observed_option_instrument; synthetic/theoretical cycle excluded from option valuation
2024-03-31,2024,ETF/Bull,13,false,data_gap,,,,2.500148,4.959088,,1,normal,normal,normal,normal,watch,watch,watch,true,,missing_observed_option_instrument; synthetic/theoretical cycle excluded from option valuation
2024-04-01,2024,ETF/Bull,13,false,data_gap,,,,2.500148,4.959088,,1,normal,normal,normal,normal,watch,watch,watch,true,,missing_observed_option_instrument; synthetic/theoretical cycle excluded from option valuation
2024-04-02,2024,ETF/Bull,13,false,data_gap,,,,2.500148,4.959088,,1,normal,normal,normal,normal,watch,watch,watch,true,,missing_observed_option_instrument; synthetic/theoretical cycle excluded from option valuation
2024-04-03,2024,ETF/Bull,13,false,data_gap,,,,2.500148,4.959088,,1,normal,normal,normal,normal,watch,watch,watch,true,,missing_observed_option_instrument; synthetic/theoretical cycle excluded from option valuation
2024-04-04,2024,ETF/Bull,13,false,data_gap,,,,2.500148,4.959088,,1,normal,normal,normal,normal,watch,watch,watch,true,,missing_observed_option_instrument; synthetic/theoretical cycle excluded from option valuation
2024-04-05,2024,ETF/Bull,14,true,partial_signal,66150.3015,,-6.009562,2.500148,4.959088,15,1,normal,normal,normal,normal,watch,watch,watch,false,,daily_return_not_computed_across_missing_mtm_gap
2024-04-06,2024,ETF/Bull,14,true,valid_signal,66572.692,0.638531,-5.409404,2.429024,4.959088,16,0,normal,normal,normal,normal,watch,watch,watch,false,,
2024-04-07,2024,ETF/Bull,14,true,valid_signal,67533.984,1.443973,-4.04354,2.381439,4.959088,17,0,normal,normal,normal,normal,watch,watch,watch,false,,
2024-04-08,2024,ETF/Bull,14,true,valid_signal,68395.1285,1.275128,-2.819973,2.329921,4.959088,18,0,normal,normal,normal,normal,watch,watch,watch,false,,
2024-04-09,2024,ETF/Bull,14,true,valid_signal,67841.712,-0.809146,-3.606301,2.267621,4.959088,19,0,normal,normal,normal,normal,watch,watch,watch,false,,
2024-04-10,2024,ETF/Bull,14,true,valid_signal,67549.744,-0.430366,-4.021148,2.201066,4.959088,20,0,normal,normal,normal,normal,watch,watch,watch,false,,
2024-04-11,2024,ETF/Bull,14,true,valid_signal,69152.4175,2.372583,-1.74397,2.211732,4.959088,21,0,normal,normal,normal,normal,stress,stress,stress,false,,
2024-04-12,2024,ETF/Bull,15,true,valid_signal,69066.98925,-0.123536,-1.865352,2.144567,4.959088,22,0,normal,normal,normal,normal,stress,stress,stress,false,,
2024-04-13,2024,ETF/Bull,15,true,valid_signal,67188.933,-2.719181,-4.53381,2.183313,4.959088,23,1,normal,normal,normal,watch,stress,stress,stress,false,,
2024-04-14,2024,ETF/Bull,15,true,valid_signal,64129.7986,-4.553033,-8.880418,2.392624,4.959088,24,2,normal,normal,normal,watch,stress,crisis,crisis,false,recent_tail_loss_days_gte_2,
2024-04-15,2024,ETF/Bull,15,true,valid_signal,65662.42,2.389874,-6.702774,2.392459,4.959088,25,2,normal,normal,normal,normal,stress,crisis,crisis,false,recent_tail_loss_days_gte_2,
2024-04-16,2024,ETF/Bull,15,true,valid_signal,62648.16025,-4.59054,-10.985621,2.577754,4.959088,26,3,normal,normal,normal,watch,stress,crisis,crisis,false,recent_tail_loss_days_gte_2,
2024-04-17,2024,ETF/Bull,15,true,valid_signal,62523.24705,-0.199388,-11.163105,2.499702,4.959088,27,3,normal,normal,normal,normal,stress,crisis,crisis,false,recent_tail_loss_days_gte_2,
2024-04-18,2024,ETF/Bull,15,true,valid_signal,62749.22445,0.361429,-10.842023,2.425167,4.959088,28,3,normal,normal,normal,normal,crisis,crisis,crisis,false,recent_tail_loss_days_gte_2,
2024-04-19,2024,ETF/Bull,16,true,valid_signal,63651.98,1.438672,-9.559332,2.377549,4.959088,29,3,normal,normal,normal,normal,crisis,crisis,crisis,false,recent_tail_loss_days_gte_2,
2024-04-20,2024,ETF/Bull,16,true,valid_signal,63241.9135,-0.644232,-10.14198,2.310514,4.959088,30,2,normal,normal,normal,normal,crisis,crisis,crisis,false,recent_tail_loss_days_gte_2,
2024-04-21,2024,ETF/Bull,16,true,valid_signal,63991.96425,1.186003,-9.076261,2.258885,4.959088,31,1,normal,normal,normal,normal,crisis,crisis,crisis,false,,
2024-04-22,2024,ETF/Bull,16,true,valid_signal,65172.78,1.845256,-7.398485,2.236226,4.959088,32,1,normal,normal,normal,normal,crisis,crisis,crisis,false,,
2024-04-23,2024,ETF/Bull,16,true,valid_signal,65649.318,0.731192,-6.72139,2.175487,4.834627,33,0,normal,normal,normal,normal,crisis,crisis,crisis,false,,
2024-04-24,2024,ETF/Bull,16,true,valid_signal,65696.939,0.072538,-6.653728,2.109288,4.834627,34,0,normal,normal,normal,normal,crisis,crisis,crisis,false,,
2024-04-25,2024,ETF/Bull,16,true,valid_signal,63281.50985,-3.676624,-10.085719,2.234548,4.834627,35,1,normal,normal,normal,watch,crisis,crisis,crisis,false,,
2024-04-26,2024,ETF/Bull,17,false,data_gap,,,,2.234548,4.834627,,1,normal,normal,normal,normal,crisis,crisis,crisis,true,,missing_observed_option_instrument; synthetic/theoretical cycle excluded from option valuation
2024-04-27,2024,ETF/Bull,17,false,data_gap,,,,2.234548,4.834627,,1,normal,normal,normal,normal,crisis,crisis,crisis,true,,missing_observed_option_instrument; synthetic/theoretical cycle excluded from option valuation
2024-04-28,2024,ETF/Bull,17,false,data_gap,,,,2.234548,4.834627,,1,normal,normal,normal,normal,crisis,crisis,crisis,true,,missing_observed_option_instrument; synthetic/theoretical cycle excluded from option valuation
2024-04-29,2024,ETF/Bull,17,false,data_gap,,,,2.234548,4.834627,,1,normal,normal,normal,normal,crisis,crisis,crisis,true,,missing_observed_option_instrument; synthetic/theoretical cycle excluded from option valuation
2024-04-30,2024,ETF/Bull,17,false,data_gap,,,,2.234548,4.834627,,1,normal,normal,normal,normal,crisis,crisis,crisis,true,,missing_observed_option_instrument; synthetic/theoretical cycle excluded from option valuation
2024-05-01,2024,ETF/Bull,17,false,data_gap,,,,2.234548,4.834627,,1,normal,normal,normal,normal,crisis,crisis,crisis,true,,missing_observed_option_instrument; synthetic/theoretical cycle excluded from option valuation
2024-05-02,2024,ETF/Bull,17,false,data_gap,,,,2.234548,4.834627,,1,normal,normal,normal,normal,crisis,crisis,crisis,true,,missing_observed_option_instrument; synthetic/theoretical cycle excluded from option valuation
2024-05-03,2024,ETF/Bull,18,true,partial_signal,60076.1875,,-14.640039,2.234548,4.834627,36,1,normal,normal,normal,normal,crisis,crisis,crisis,false,,daily_return_not_computed_across_missing_mtm_gap
2024-05-04,2024,ETF/Bull,18,true,valid_signal,60816.44475,1.232197,-13.588235,2.187398,4.834627,37,1,normal,normal,normal,normal,crisis,crisis,crisis,false,,
2024-05-05,2024,ETF/Bull,18,true,valid_signal,61371.92,0.913364,-12.798982,2.132529,4.573662,38,1,normal,normal,normal,normal,crisis,crisis,crisis,false,,
2024-05-06,2024,ETF/Bull,18,true,valid_signal,60138.86175,-2.009157,-14.550987,2.125329,4.573662,39,2,normal,normal,normal,watch,crisis,crisis,crisis,false,recent_tail_loss_days_gte_2,
2024-05-07,2024,ETF/Bull,18,true,valid_signal,61187.11875,1.743061,-13.061559,2.104352,4.573662,40,2,normal,normal,normal,normal,crisis,crisis,crisis,false,recent_tail_loss_days_gte_2,
2024-05-08,2024,ETF/Bull,18,true,valid_signal,61596.2025,0.668578,-12.480307,2.046807,4.158649,41,2,normal,normal,normal,normal,crisis,crisis,crisis,false,recent_tail_loss_days_gte_2,
2024-05-09,2024,ETF/Bull,18,true,valid_signal,60918.065,-1.10094,-13.443847,2.002693,4.158649,42,2,normal,normal,normal,normal,crisis,crisis,crisis,false,recent_tail_loss_days_gte_2,
2024-05-10,2024,ETF/Bull,19,true,valid_signal,62241.039,2.171727,-11.564084,2.013235,4.158649,43,1,normal,normal,normal,normal,crisis,crisis,crisis,false,,
2024-05-11,2024,ETF/Bull,19,true,valid_signal,60754.6875,-2.388057,-13.675984,2.03767,4.158649,44,2,normal,normal,normal,watch,crisis,crisis,crisis,false,recent_tail_loss_days_gte_2,
2024-05-12,2024,ETF/Bull,19,true,valid_signal,60996.7615,0.398445,-13.33203,1.978003,4.158649,45,2,normal,normal,normal,normal,crisis,crisis,crisis,false,recent_tail_loss_days_gte_2,
2024-05-13,2024,ETF/Bull,19,true,valid_signal,62381.36825,2.269968,-11.364695,1.996725,4.158649,46,1,normal,normal,normal,normal,crisis,crisis,crisis,false,,
2024-05-14,2024,ETF/Bull,19,true,valid_signal,61487.981,-1.432138,-12.634075,1.967424,4.158649,47,1,normal,normal,normal,normal,crisis,crisis,crisis,false,,
2024-05-15,2024,ETF/Bull,19,true,valid_signal,63880.99,3.891832,-9.23394,2.132439,4.158649,48,1,normal,normal,normal,normal,crisis,crisis,crisis,false,,
2024-05-16,2024,ETF/Bull,19,true,valid_signal,65746.91375,2.920937,-6.58272,2.187777,4.158649,49,1,normal,normal,normal,normal,crisis,crisis,crisis,false,,
2024-05-17,2024,ETF/Bull,20,true,valid_signal,65494.308,-0.384209,-6.941638,2.123216,4.158649,50,1,normal,normal,normal,normal,crisis,crisis,crisis,false,,
2024-05-18,2024,ETF/Bull,20,true,valid_signal,66326.3925,1.270468,-5.759361,2.081924,4.158649,51,0,normal,normal,normal,normal,crisis,crisis,crisis,false,,
2024-05-19,2024,ETF/Bull,20,true,valid_signal,66579.38125,0.38143,-5.399899,2.020661,4.158649,52,0,normal,normal,normal,normal,crisis,crisis,crisis,false,,
2024-05-20,2024,ETF/Bull,20,true,valid_signal,66656.39875,0.115678,-5.290468,1.959309,4.158649,53,0,normal,normal,normal,normal,crisis,crisis,crisis,false,,
2024-05-21,2024,ETF/Bull,20,true,valid_signal,68495.175,2.758589,-2.677821,2.016221,4.158649,54,0,normal,normal,normal,normal,crisis,crisis,crisis,false,,
2024-05-22,2024,ETF/Bull,20,true,valid_signal,68709.5115,0.312922,-2.373278,1.956301,4.158649,55,0,normal,normal,normal,normal,crisis,crisis,crisis,false,,
2024-05-23,2024,ETF/Bull,20,true,valid_signal,67807.1442,-1.313308,-3.655418,1.923791,3.096769,56,0,normal,normal,normal,normal,crisis,crisis,crisis,false,,
2024-05-24,2024,ETF/Bull,21,true,valid_signal,66607.65825,-1.768967,-5.359721,1.914855,3.096769,57,0,normal,normal,normal,normal,crisis,crisis,crisis,false,,
2024-05-25,2024,ETF/Bull,21,true,valid_signal,67882.048,1.913278,-3.54899,1.91476,2.217552,58,0,normal,normal,normal,normal,crisis,crisis,crisis,false,,
2024-05-26,2024,ETF/Bull,21,true,valid_signal,68074.596,0.283651,-3.275405,1.857729,2.217552,59,0,normal,normal,normal,normal,crisis,crisis,crisis,false,,
2024-05-27,2024,ETF/Bull,21,true,valid_signal,68131.986,0.084305,-3.193862,1.801253,2.217552,60,0,normal,normal,normal,normal,crisis,crisis,crisis,false,,
2024-05-28,2024,ETF/Bull,21,true,valid_signal,67186.945,-1.387074,-4.536635,1.779123,2.217552,61,0,normal,normal,normal,normal,crisis,crisis,crisis,false,,
2024-05-29,2024,ETF/Bull,21,true,valid_signal,67595.9984,0.608829,-3.955427,1.731359,2.217552,62,0,normal,normal,normal,normal,crisis,crisis,crisis,false,,
2024-05-30,2024,ETF/Bull,21,true,valid_signal,68513.4534,1.357262,-2.65185,1.711221,2.217552,63,0,normal,normal,normal,normal,crisis,crisis,crisis,false,,
2024-05-31,2024,ETF/Bull,22,false,data_gap,,,,1.711221,2.217552,,0,normal,normal,normal,normal,crisis,crisis,crisis,true,,missing_observed_option_instrument; synthetic/theoretical cycle excluded from option valuation
2024-06-01,2024,ETF/Bull,22,false,data_gap,,,,1.711221,2.217552,,0,normal,normal,normal,normal,crisis,crisis,crisis,true,,missing_observed_option_instrument; synthetic/theoretical cycle excluded from option valuation
2024-06-02,2024,ETF/Bull,22,false,data_gap,,,,1.711221,2.217552,,0,normal,normal,normal,normal,crisis,crisis,crisis,true,,missing_observed_option_instrument; synthetic/theoretical cycle excluded from option valuation
2024-06-03,2024,ETF/Bull,22,false,data_gap,,,,1.711221,2.217552,,0,normal,normal,normal,normal,crisis,crisis,crisis,true,,missing_observed_option_instrument; synthetic/theoretical cycle excluded from option valuation
2024-06-04,2024,ETF/Bull,22,false,data_gap,,,,1.711221,2.217552,,0,normal,normal,normal,normal,crisis,crisis,crisis,true,,missing_observed_option_instrument; synthetic/theoretical cycle excluded from option valuation
2024-06-05,2024,ETF/Bull,22,false,data_gap,,,,1.711221,2.217552,,0,normal,normal,normal,normal,crisis,crisis,crisis,true,,missing_observed_option_instrument; synthetic/theoretical cycle excluded from option valuation
2024-06-06,2024,ETF/Bull,22,false,data_gap,,,,1.711221,2.217552,,0,normal,normal,normal,normal,crisis,crisis,crisis,true,,missing_observed_option_instrument; synthetic/theoretical cycle excluded from option valuation
2024-06-07,2024,ETF/Bull,23,true,partial_signal,70776.585,,0,1.711221,2.217552,0,0,normal,normal,normal,normal,normal,normal,crisis,true,,daily_return_not_computed_across_missing_mtm_gap
2024-06-08,2024,ETF/Bull,23,true,valid_signal,69242.4184,-2.167619,-2.167619,1.74198,2.217552,1,1,normal,normal,normal,watch,normal,watch,crisis,true,,
2024-06-09,2024,ETF/Bull,23,true,valid_signal,69290.802,0.069876,-2.099258,1.688999,2.28886,2,1,normal,normal,normal,normal,normal,normal,stress,true,,
2024-06-10,2024,ETF/Bull,23,true,valid_signal,69148.5378,-0.205315,-2.300262,1.638318,2.28886,3,1,normal,normal,normal,normal,normal,normal,stress,true,,
2024-06-11,2024,ETF/Bull,23,true,valid_signal,66795.2106,-3.403293,-5.625271,1.793874,2.096311,4,2,normal,normal,normal,watch,normal,stress,stress,false,recent_tail_loss_days_gte_2,
2024-06-12,2024,ETF/Bull,23,true,valid_signal,69256.4051,3.684687,-2.147857,1.959469,2.28886,5,2,normal,normal,normal,normal,normal,watch,stress,true,recent_tail_loss_days_gte_2,
2024-06-13,2024,ETF/Bull,23,true,valid_signal,67533.9905,-2.487011,-4.581451,1.995059,2.28886,6,3,normal,normal,normal,watch,normal,stress,stress,false,recent_tail_loss_days_gte_2,
2024-06-14,2024,ETF/Bull,24,true,valid_signal,66514.3725,-1.509785,-6.022066,1.969318,2.442482,7,3,normal,normal,normal,normal,normal,watch,stress,true,recent_tail_loss_days_gte_2,
2024-06-15,2024,ETF/Bull,24,true,valid_signal,66016.6797,-0.748249,-6.725254,1.918101,2.442482,8,2,normal,normal,normal,normal,normal,watch,stress,true,recent_tail_loss_days_gte_2,
2024-06-16,2024,ETF/Bull,24,true,valid_signal,66370.5852,0.536085,-6.225222,1.864299,2.442482,9,2,normal,normal,normal,normal,normal,watch,watch,false,recent_tail_loss_days_gte_2,
2024-06-17,2024,ETF/Bull,24,true,valid_signal,65023.66295,-2.029396,-8.128284,1.874615,2.442482,10,3,normal,normal,normal,watch,normal,stress,stress,false,recent_tail_loss_days_gte_2,
2024-06-18,2024,ETF/Bull,24,true,valid_signal,64758.18755,-0.408275,-8.503374,1.820256,2.442482,11,2,normal,normal,normal,normal,normal,watch,stress,true,recent_tail_loss_days_gte_2,
2024-06-19,2024,ETF/Bull,24,true,valid_signal,65021.9808,0.407351,-8.130661,1.767622,2.343285,12,2,normal,normal,normal,normal,normal,watch,stress,true,recent_tail_loss_days_gte_2,
2024-06-20,2024,ETF/Bull,24,true,valid_signal,65119.9734,0.150707,-7.992208,1.71417,2.343285,13,1,normal,normal,normal,normal,normal,normal,watch,true,,
2024-06-21,2024,ETF/Bull,25,true,valid_signal,63207.96025,-2.936139,-10.693685,1.810893,2.343285,14,2,normal,normal,normal,watch,watch,stress,stress,false,recent_tail_loss_days_gte_2,
2024-06-22,2024,ETF/Bull,25,true,valid_signal,63930.2425,1.142708,-9.673174,1.777897,2.734032,15,2,normal,normal,normal,normal,watch,stress,stress,false,recent_tail_loss_days_gte_2,
2024-06-23,2024,ETF/Bull,25,true,valid_signal,63965.565,0.055252,-9.623267,1.723789,2.734032,16,2,normal,normal,normal,normal,watch,stress,stress,false,recent_tail_loss_days_gte_2,
2024-06-24,2024,ETF/Bull,25,true,valid_signal,61555.67715,-3.767477,-13.02819,1.909134,2.734032,17,2,normal,normal,normal,watch,watch,stress,stress,false,recent_tail_loss_days_gte_2,
2024-06-25,2024,ETF/Bull,25,true,valid_signal,61161.1572,-0.640916,-13.585606,1.85762,3.193074,18,2,normal,normal,normal,normal,watch,stress,stress,false,recent_tail_loss_days_gte_2,
2024-06-26,2024,ETF/Bull,25,true,valid_signal,61713.4804,0.903062,-12.80523,1.814563,3.193074,19,2,normal,normal,normal,normal,watch,stress,stress,false,recent_tail_loss_days_gte_2,
2024-06-27,2024,ETF/Bull,25,true,valid_signal,62060.5854,0.562446,-12.314807,1.76467,3.193074,20,2,normal,normal,normal,normal,watch,stress,stress,false,recent_tail_loss_days_gte_2,
2024-06-28,2024,ETF/Bull,26,false,data_gap,,,,1.76467,3.193074,,2,normal,normal,normal,normal,watch,stress,stress,true,recent_tail_loss_days_gte_2,missing_observed_option_instrument; synthetic/theoretical cycle excluded from option valuation
2024-06-29,2024,ETF/Bull,26,false,data_gap,,,,1.76467,3.193074,,2,normal,normal,normal,normal,watch,stress,stress,true,recent_tail_loss_days_gte_2,missing_observed_option_instrument; synthetic/theoretical cycle excluded from option valuation
2024-06-30,2024,ETF/Bull,26,false,data_gap,,,,1.76467,3.193074,,2,normal,normal,normal,normal,watch,stress,stress,true,recent_tail_loss_days_gte_2,missing_observed_option_instrument; synthetic/theoretical cycle excluded from option valuation
2024-07-01,2024,ETF/Bull,26,false,data_gap,,,,1.76467,3.193074,,2,normal,normal,normal,normal,watch,stress,stress,true,recent_tail_loss_days_gte_2,missing_observed_option_instrument; synthetic/theoretical cycle excluded from option valuation
2024-07-02,2024,ETF/Bull,26,false,data_gap,,,,1.76467,3.193074,,2,normal,normal,normal,normal,watch,stress,stress,true,recent_tail_loss_days_gte_2,missing_observed_option_instrument; synthetic/theoretical cycle excluded from option valuation
2024-07-03,2024,ETF/Bull,26,false,data_gap,,,,1.76467,3.193074,,2,normal,normal,normal,normal,watch,stress,stress,true,recent_tail_loss_days_gte_2,missing_observed_option_instrument; synthetic/theoretical cycle excluded from option valuation
2024-07-04,2024,ETF/Bull,26,false,data_gap,,,,1.76467,3.193074,,2,normal,normal,normal,normal,watch,stress,stress,true,recent_tail_loss_days_gte_2,missing_observed_option_instrument; synthetic/theoretical cycle excluded from option valuation
2024-07-05,2024,ETF/Bull,27,true,partial_signal,54977.65,,-22.322262,1.76467,3.193074,21,2,watch,normal,normal,normal,stress,crisis,crisis,false,drawdown_and_underwater_duration_active; recent_tail_loss_days_gte_2,daily_return_not_computed_across_missing_mtm_gap
2024-07-06,2024,ETF/Bull,27,true,valid_signal,55605.45725,1.141932,-21.435236,1.733626,3.193074,22,1,watch,normal,normal,normal,stress,crisis,crisis,false,drawdown_and_underwater_duration_active,
2024-07-07,2024,ETF/Bull,27,true,valid_signal,55531.602,-0.13282,-21.539585,1.681127,3.193074,23,1,watch,normal,normal,normal,stress,crisis,crisis,false,drawdown_and_underwater_duration_active,
2024-07-08,2024,ETF/Bull,27,true,valid_signal,55769.868,0.429064,-21.20294,1.633298,3.193074,24,1,watch,normal,normal,normal,stress,crisis,crisis,false,drawdown_and_underwater_duration_active,
2024-07-09,2024,ETF/Bull,27,true,valid_signal,55875.498,0.189403,-21.053696,1.584221,3.193074,25,0,watch,normal,normal,normal,stress,crisis,crisis,false,drawdown_and_underwater_duration_active,
2024-07-10,2024,ETF/Bull,27,true,valid_signal,56476.0845,1.074866,-20.205129,1.558361,3.193074,26,0,watch,normal,normal,normal,stress,crisis,crisis,false,drawdown_and_underwater_duration_active,
2024-07-11,2024,ETF/Bull,27,true,valid_signal,56600.5065,0.220309,-20.029334,1.511851,3.193074,27,0,watch,normal,normal,normal,stress,crisis,crisis,false,drawdown_and_underwater_duration_active,
2024-07-12,2024,ETF/Bull,28,true,valid_signal,57326.445,1.282565,-19.003658,1.499083,3.193074,28,0,normal,normal,normal,normal,crisis,crisis,crisis,false,,
2024-07-13,2024,ETF/Bull,28,true,valid_signal,57892.1875,0.986879,-18.204322,1.473381,3.193074,29,0,normal,normal,normal,normal,crisis,crisis,crisis,false,,
2024-07-14,2024,ETF/Bull,28,true,valid_signal,58337.57475,0.769339,-17.575036,1.440872,3.193074,30,0,normal,normal,normal,normal,crisis,crisis,crisis,false,,
2024-07-15,2024,ETF/Bull,28,true,valid_signal,59746.015,2.414293,-15.585055,1.516995,3.193074,31,0,normal,normal,normal,normal,crisis,crisis,crisis,false,,
2024-07-16,2024,ETF/Bull,28,true,valid_signal,59669.55225,-0.12798,-15.693089,1.471116,3.193074,32,0,normal,normal,normal,normal,crisis,crisis,crisis,false,,
2024-07-17,2024,ETF/Bull,28,true,valid_signal,60384.3165,1.197871,-14.683201,1.456167,3.193074,33,0,normal,normal,normal,normal,crisis,crisis,crisis,false,,
2024-07-18,2024,ETF/Bull,28,true,valid_signal,59658.06,-1.202724,-15.709327,1.442217,3.193074,34,0,normal,normal,normal,normal,crisis,crisis,crisis,false,,
2024-07-19,2024,ETF/Bull,29,true,valid_signal,64073.652,7.401501,-9.470552,2.289569,3.193074,35,0,normal,normal,normal,normal,crisis,crisis,crisis,false,,
2024-07-20,2024,ETF/Bull,29,true,valid_signal,64984.52,1.421595,-8.183589,2.246965,2.734032,36,0,normal,normal,normal,normal,crisis,crisis,crisis,false,,
2024-07-21,2024,ETF/Bull,29,true,valid_signal,65146.78675,0.249701,-7.954323,2.179372,2.734032,37,0,normal,normal,normal,normal,crisis,crisis,crisis,false,,
2024-07-22,2024,ETF/Bull,29,true,valid_signal,65274.1915,0.195566,-7.774313,2.113523,2.528105,38,0,normal,normal,normal,normal,crisis,crisis,crisis,false,,
2024-07-23,2024,ETF/Bull,29,true,valid_signal,65191.31775,-0.126963,-7.891405,2.049372,2.528105,39,0,normal,normal,normal,normal,crisis,crisis,crisis,false,,
2024-07-24,2024,ETF/Bull,29,true,valid_signal,65830.6435,0.980692,-6.988104,2.001409,2.528105,40,0,normal,normal,normal,normal,crisis,crisis,crisis,false,,
2024-07-25,2024,ETF/Bull,29,true,valid_signal,63883.6506,-2.957578,-9.739004,2.071264,2.528105,41,1,normal,normal,normal,watch,crisis,crisis,crisis,false,,
2024-07-26,2024,ETF/Bull,30,false,data_gap,,,,2.071264,2.528105,,1,normal,normal,normal,normal,crisis,crisis,crisis,true,,missing_observed_option_instrument; synthetic/theoretical cycle excluded from option valuation
2024-07-27,2024,ETF/Bull,30,false,data_gap,,,,2.071264,2.528105,,1,normal,normal,normal,normal,crisis,crisis,crisis,true,,missing_observed_option_instrument; synthetic/theoretical cycle excluded from option valuation
2024-07-28,2024,ETF/Bull,30,false,data_gap,,,,2.071264,2.528105,,1,normal,normal,normal,normal,crisis,crisis,crisis,true,,missing_observed_option_instrument; synthetic/theoretical cycle excluded from option valuation
2024-07-29,2024,ETF/Bull,30,false,data_gap,,,,2.071264,2.528105,,1,normal,normal,normal,normal,crisis,crisis,crisis,true,,missing_observed_option_instrument; synthetic/theoretical cycle excluded from option valuation
2024-07-30,2024,ETF/Bull,30,false,data_gap,,,,2.071264,2.528105,,1,normal,normal,normal,normal,crisis,crisis,crisis,true,,missing_observed_option_instrument; synthetic/theoretical cycle excluded from option valuation
2024-07-31,2024,ETF/Bull,30,false,data_gap,,,,2.071264,2.528105,,1,normal,normal,normal,normal,crisis,crisis,crisis,true,,missing_observed_option_instrument; synthetic/theoretical cycle excluded from option valuation
2024-08-01,2024,ETF/Bull,30,false,data_gap,,,,2.071264,2.528105,,1,normal,normal,normal,normal,crisis,crisis,crisis,true,,missing_observed_option_instrument; synthetic/theoretical cycle excluded from option valuation
2024-08-02,2024,ETF/Bull,31,false,data_gap,,,,2.071264,2.528105,,1,normal,normal,normal,normal,crisis,crisis,crisis,true,,missing_observed_option_instrument; synthetic/theoretical cycle excluded from option valuation
2024-08-03,2024,ETF/Bull,31,false,data_gap,,,,2.071264,2.528105,,1,normal,normal,normal,normal,crisis,crisis,crisis,true,,missing_observed_option_instrument; synthetic/theoretical cycle excluded from option valuation
2024-08-04,2024,ETF/Bull,31,false,data_gap,,,,2.071264,2.528105,,1,normal,normal,normal,normal,crisis,crisis,crisis,true,,missing_observed_option_instrument; synthetic/theoretical cycle excluded from option valuation
2024-08-05,2024,ETF/Bull,31,false,data_gap,,,,2.071264,2.528105,,1,normal,normal,normal,normal,crisis,crisis,crisis,true,,missing_observed_option_instrument; synthetic/theoretical cycle excluded from option valuation
2024-08-06,2024,ETF/Bull,31,false,data_gap,,,,2.071264,2.528105,,1,normal,normal,normal,normal,crisis,crisis,crisis,true,,missing_observed_option_instrument; synthetic/theoretical cycle excluded from option valuation
2024-08-07,2024,ETF/Bull,31,false,data_gap,,,,2.071264,2.528105,,1,normal,normal,normal,normal,crisis,crisis,crisis,true,,missing_observed_option_instrument; synthetic/theoretical cycle excluded from option valuation
2024-08-08,2024,ETF/Bull,31,false,data_gap,,,,2.071264,2.528105,,1,normal,normal,normal,normal,crisis,crisis,crisis,true,,missing_observed_option_instrument; synthetic/theoretical cycle excluded from option valuation
2024-08-09,2024,ETF/Bull,32,true,partial_signal,60015.951,,-15.203664,2.071264,2.528105,42,1,normal,normal,normal,normal,crisis,crisis,crisis,false,,daily_return_not_computed_across_missing_mtm_gap
2024-08-10,2024,ETF/Bull,32,true,valid_signal,59952.527,-0.105679,-15.293275,2.008332,2.947931,43,1,normal,normal,normal,normal,crisis,crisis,crisis,false,,
2024-08-11,2024,ETF/Bull,32,true,valid_signal,59988.7245,0.060377,-15.242132,1.947206,2.947931,44,1,normal,normal,normal,normal,crisis,crisis,crisis,false,,
2024-08-12,2024,ETF/Bull,32,true,valid_signal,57823.5075,-3.609373,-18.30136,2.084651,2.947931,45,2,normal,normal,normal,watch,crisis,crisis,crisis,false,recent_tail_loss_days_gte_2,
2024-08-13,2024,ETF/Bull,32,true,valid_signal,59271.4064,2.503997,-16.255628,2.112161,3.316066,46,2,normal,normal,normal,normal,crisis,crisis,crisis,false,recent_tail_loss_days_gte_2,
2024-08-14,2024,ETF/Bull,32,true,valid_signal,59370.81,0.167709,-16.115181,2.048228,3.316066,47,2,normal,normal,normal,normal,crisis,crisis,crisis,false,recent_tail_loss_days_gte_2,
2024-08-15,2024,ETF/Bull,32,true,valid_signal,59443.6089,0.122617,-16.012324,1.986058,3.316066,48,2,normal,normal,normal,normal,crisis,crisis,crisis,false,recent_tail_loss_days_gte_2,
2024-08-16,2024,ETF/Bull,33,true,valid_signal,57521.875,-3.232869,-18.727535,2.082029,3.316066,49,2,normal,normal,normal,watch,crisis,crisis,crisis,false,recent_tail_loss_days_gte_2,
2024-08-17,2024,ETF/Bull,33,true,valid_signal,58705.038,2.056892,-17.055848,2.08053,3.108988,50,2,normal,normal,normal,normal,crisis,crisis,crisis,false,recent_tail_loss_days_gte_2,
2024-08-18,2024,ETF/Bull,33,true,valid_signal,58891.0385,0.316839,-16.793049,2.018641,3.108988,51,2,normal,normal,normal,normal,crisis,crisis,crisis,false,recent_tail_loss_days_gte_2,
2024-08-19,2024,ETF/Bull,33,true,valid_signal,57781.365,-1.884282,-18.360903,2.010832,3.108988,52,1,normal,normal,normal,normal,crisis,crisis,crisis,false,,
2024-08-20,2024,ETF/Bull,33,true,valid_signal,59779.72125,3.458479,-15.537432,2.125678,3.108988,53,1,normal,normal,normal,normal,crisis,crisis,crisis,false,,
2024-08-21,2024,ETF/Bull,33,true,valid_signal,59522.708,-0.429934,-15.900565,2.06361,3.108988,54,1,normal,normal,normal,normal,crisis,crisis,crisis,false,,
2024-08-22,2024,ETF/Bull,33,true,valid_signal,60343.36,1.378721,-14.741069,2.029046,3.108988,55,1,normal,normal,normal,normal,crisis,crisis,crisis,false,,
2024-08-23,2024,ETF/Bull,34,true,valid_signal,60661.7985,0.527711,-14.291148,1.971475,3.108988,56,0,normal,normal,normal,normal,crisis,crisis,crisis,false,,
2024-08-24,2024,ETF/Bull,34,true,valid_signal,62510.8715,3.048167,-11.678599,2.05207,3.108988,57,0,normal,normal,normal,normal,crisis,crisis,crisis,false,,
2024-08-25,2024,ETF/Bull,34,true,valid_signal,62584.048,0.117062,-11.575208,1.989762,3.108988,58,0,normal,normal,normal,normal,crisis,crisis,crisis,false,,
2024-08-26,2024,ETF/Bull,34,true,valid_signal,62752.70925,0.269496,-11.336907,1.930275,3.108988,59,0,normal,normal,normal,normal,crisis,crisis,crisis,false,,
2024-08-27,2024,ETF/Bull,34,true,valid_signal,61821.531,-1.483885,-12.652566,1.906442,3.108988,60,0,normal,normal,normal,normal,crisis,crisis,crisis,false,,
2024-08-28,2024,ETF/Bull,34,true,valid_signal,59211.02325,-4.222651,-16.340943,2.118088,3.108988,61,1,normal,normal,normal,watch,crisis,crisis,crisis,false,,
2024-08-29,2024,ETF/Bull,34,true,valid_signal,60675.7918,2.473811,-14.271377,2.141098,3.439946,62,1,normal,normal,normal,normal,crisis,crisis,crisis,false,,
2024-08-30,2024,ETF/Bull,35,false,data_gap,,,,2.141098,3.439946,,1,normal,normal,normal,normal,crisis,crisis,crisis,true,,missing_observed_option_instrument; synthetic/theoretical cycle excluded from option valuation
2024-08-31,2024,ETF/Bull,35,false,data_gap,,,,2.141098,3.439946,,1,normal,normal,normal,normal,crisis,crisis,crisis,true,,missing_observed_option_instrument; synthetic/theoretical cycle excluded from option valuation
2024-09-01,2024,ETF/Bull,35,false,data_gap,,,,2.141098,3.439946,,1,normal,normal,normal,normal,crisis,crisis,crisis,true,,missing_observed_option_instrument; synthetic/theoretical cycle excluded from option valuation
2024-09-02,2024,ETF/Bull,35,false,data_gap,,,,2.141098,3.439946,,1,normal,normal,normal,normal,crisis,crisis,crisis,true,,missing_observed_option_instrument; synthetic/theoretical cycle excluded from option valuation
2024-09-03,2024,ETF/Bull,35,false,data_gap,,,,2.141098,3.439946,,1,normal,normal,normal,normal,crisis,crisis,crisis,true,,missing_observed_option_instrument; synthetic/theoretical cycle excluded from option valuation
2024-09-04,2024,ETF/Bull,35,false,data_gap,,,,2.141098,3.439946,,1,normal,normal,normal,normal,crisis,crisis,crisis,true,,missing_observed_option_instrument; synthetic/theoretical cycle excluded from option valuation
2024-09-05,2024,ETF/Bull,35,false,data_gap,,,,2.141098,3.439946,,1,normal,normal,normal,normal,crisis,crisis,crisis,true,,missing_observed_option_instrument; synthetic/theoretical cycle excluded from option valuation
2024-09-06,2024,ETF/Bull,36,true,partial_signal,55152.574,,-22.075113,2.141098,3.439946,63,1,watch,normal,normal,normal,crisis,crisis,crisis,false,drawdown_and_underwater_duration_active,daily_return_not_computed_across_missing_mtm_gap
2024-09-07,2024,ETF/Bull,36,true,valid_signal,54283.22,-1.576271,-23.30342,2.111474,3.439946,64,1,watch,normal,normal,normal,crisis,crisis,crisis,false,drawdown_and_underwater_duration_active,
2024-09-08,2024,ETF/Bull,36,true,valid_signal,54201.2496,-0.151005,-23.419236,2.047484,3.439946,65,1,watch,normal,normal,normal,crisis,crisis,crisis,false,drawdown_and_underwater_duration_active,
2024-09-09,2024,ETF/Bull,36,true,valid_signal,55298.21,2.023866,-21.869344,2.046075,3.439946,66,1,watch,normal,normal,normal,crisis,crisis,crisis,false,drawdown_and_underwater_duration_active,
2024-09-10,2024,ETF/Bull,36,true,valid_signal,56302.448,1.816041,-20.45046,2.033007,3.439946,67,1,watch,normal,normal,normal,crisis,crisis,crisis,false,drawdown_and_underwater_duration_active,
2024-09-11,2024,ETF/Bull,36,true,valid_signal,55653.1112,-1.153301,-21.367906,1.991215,3.439946,68,1,watch,normal,normal,normal,crisis,crisis,crisis,false,drawdown_and_underwater_duration_active,
2024-09-12,2024,ETF/Bull,36,true,valid_signal,57568.2432,3.441195,-18.662022,2.106549,3.439946,69,0,normal,normal,normal,normal,crisis,crisis,crisis,false,,
2024-09-13,2024,ETF/Bull,37,true,valid_signal,57481.221,-0.151164,-18.784975,2.042711,3.439946,70,0,normal,normal,normal,normal,crisis,crisis,crisis,false,,
2024-09-14,2024,ETF/Bull,37,true,valid_signal,58857.96,2.395111,-16.839785,2.065551,3.439946,71,0,normal,normal,normal,normal,crisis,crisis,crisis,false,,
2024-09-15,2024,ETF/Bull,37,true,valid_signal,59173.1595,0.535526,-16.394441,2.006917,3.439946,72,0,normal,normal,normal,normal,crisis,crisis,crisis,false,,
2024-09-16,2024,ETF/Bull,37,true,valid_signal,58072.1295,-1.860692,-17.950083,1.998446,3.439946,73,0,normal,normal,normal,normal,crisis,crisis,crisis,false,,
2024-09-17,2024,ETF/Bull,37,true,valid_signal,58366.935,0.507654,-17.533553,1.941551,3.439946,74,0,normal,normal,normal,normal,crisis,crisis,crisis,false,,
2024-09-18,2024,ETF/Bull,37,true,valid_signal,58873.83425,0.86847,-16.817357,1.894386,3.439946,75,0,normal,normal,normal,normal,crisis,crisis,crisis,false,,
2024-09-19,2024,ETF/Bull,37,true,valid_signal,61098.5925,3.778857,-13.674003,2.056736,3.439946,76,0,normal,normal,normal,normal,crisis,crisis,crisis,false,,
2024-09-20,2024,ETF/Bull,38,true,valid_signal,62325.872,2.008687,-11.939984,2.053884,2.626005,77,0,normal,normal,normal,normal,crisis,crisis,crisis,false,,
2024-09-21,2024,ETF/Bull,38,true,valid_signal,62985.3458,1.058106,-11.008216,2.008111,2.626005,78,0,normal,normal,normal,normal,crisis,crisis,crisis,false,,
2024-09-22,2024,ETF/Bull,38,true,valid_signal,62365.2498,-0.984508,-11.884347,1.961814,2.626005,79,0,normal,normal,normal,normal,crisis,crisis,crisis,false,,
2024-09-23,2024,ETF/Bull,38,true,valid_signal,62975.088,0.977849,-11.022709,1.917072,2.626005,80,0,normal,normal,normal,normal,crisis,crisis,crisis,false,,
2024-09-24,2024,ETF/Bull,38,true,valid_signal,63264.3004,0.459249,-10.614082,1.862071,1.873667,81,0,normal,normal,normal,normal,crisis,crisis,crisis,false,,
2024-09-25,2024,ETF/Bull,38,true,valid_signal,63663.5876,0.631141,-10.04993,1.811952,1.873667,82,0,normal,normal,normal,normal,crisis,crisis,crisis,false,,
2024-09-26,2024,ETF/Bull,38,true,valid_signal,64372.61215,1.113705,-9.048152,1.777808,1.873667,83,0,normal,normal,normal,normal,crisis,crisis,crisis,false,,
2024-09-27,2024,ETF/Bull,39,false,data_gap,,,,1.777808,1.873667,,0,normal,normal,normal,normal,crisis,crisis,crisis,true,,missing_observed_option_instrument; synthetic/theoretical cycle excluded from option valuation
2024-09-28,2024,ETF/Bull,39,false,data_gap,,,,1.777808,1.873667,,0,normal,normal,normal,normal,crisis,crisis,crisis,true,,missing_observed_option_instrument; synthetic/theoretical cycle excluded from option valuation
2024-09-29,2024,ETF/Bull,39,false,data_gap,,,,1.777808,1.873667,,0,normal,normal,normal,normal,crisis,crisis,crisis,true,,missing_observed_option_instrument; synthetic/theoretical cycle excluded from option valuation
2024-09-30,2024,ETF/Bull,39,false,data_gap,,,,1.777808,1.873667,,0,normal,normal,normal,normal,crisis,crisis,crisis,true,,missing_observed_option_instrument; synthetic/theoretical cycle excluded from option valuation
2024-10-01,2024,ETF/Bull,39,false,data_gap,,,,1.777808,1.873667,,0,normal,normal,normal,normal,crisis,crisis,crisis,true,,missing_observed_option_instrument; synthetic/theoretical cycle excluded from option valuation
2024-10-02,2024,ETF/Bull,39,false,data_gap,,,,1.777808,1.873667,,0,normal,normal,normal,normal,crisis,crisis,crisis,true,,missing_observed_option_instrument; synthetic/theoretical cycle excluded from option valuation
2024-10-03,2024,ETF/Bull,39,false,data_gap,,,,1.777808,1.873667,,0,normal,normal,normal,normal,crisis,crisis,crisis,true,,missing_observed_option_instrument; synthetic/theoretical cycle excluded from option valuation
2024-10-04,2024,ETF/Bull,40,true,partial_signal,60784.842,,-14.1173,1.777808,1.873667,84,0,normal,normal,normal,normal,crisis,crisis,crisis,false,,daily_return_not_computed_across_missing_mtm_gap
2024-10-05,2024,ETF/Bull,40,true,valid_signal,61465.42425,1.119658,-13.155708,1.745332,1.732702,85,0,normal,normal,normal,normal,crisis,crisis,crisis,false,,
2024-10-06,2024,ETF/Bull,40,true,valid_signal,61591.4275,0.204999,-12.977678,1.692907,1.732702,86,0,normal,normal,normal,normal,crisis,crisis,crisis,false,,
2024-10-07,2024,ETF/Bull,40,true,valid_signal,62811.267,1.980535,-11.254171,1.711528,1.732702,87,0,normal,normal,normal,normal,crisis,crisis,crisis,false,,
2024-10-08,2024,ETF/Bull,40,true,valid_signal,62550.075,-0.415836,-11.623208,1.662511,1.732702,88,0,normal,normal,normal,normal,crisis,crisis,crisis,false,,
2024-10-09,2024,ETF/Bull,40,true,valid_signal,61668.0312,-1.41014,-12.869445,1.648459,1.732702,89,0,normal,normal,normal,normal,crisis,crisis,crisis,false,,
2024-10-10,2024,ETF/Bull,40,true,valid_signal,60958.7069,-1.15023,-13.871647,1.622884,1.732702,90,0,normal,normal,normal,normal,crisis,crisis,crisis,false,,
2024-10-11,2024,ETF/Bull,41,true,valid_signal,61148.02225,0.310563,-13.604164,1.575283,1.732702,91,0,normal,normal,normal,normal,crisis,crisis,crisis,false,,
2024-10-12,2024,ETF/Bull,41,true,valid_signal,62232.85925,1.774116,-12.071402,1.587915,1.732702,92,0,normal,normal,normal,normal,crisis,crisis,crisis,false,,
2024-10-13,2024,ETF/Bull,41,true,valid_signal,61976.343,-0.412188,-12.433832,1.542848,1.732702,93,0,normal,normal,normal,normal,crisis,crisis,crisis,false,,
2024-10-14,2024,ETF/Bull,41,true,valid_signal,63331.3,2.186249,-10.519418,1.588816,1.501512,94,0,normal,normal,normal,normal,crisis,crisis,crisis,false,,
2024-10-15,2024,ETF/Bull,41,true,valid_signal,63791.69,0.726955,-9.868935,1.550672,1.501512,95,0,normal,normal,normal,normal,crisis,crisis,crisis,false,,
2024-10-16,2024,ETF/Bull,41,true,valid_signal,63862.02,0.110249,-9.769566,1.503675,1.294563,96,0,normal,normal,normal,normal,crisis,crisis,crisis,false,,
2024-10-17,2024,ETF/Bull,41,true,valid_signal,63795.9,-0.103536,-9.862986,1.458088,1.294563,97,0,normal,normal,normal,normal,crisis,crisis,crisis,false,,
2024-10-18,2024,ETF/Bull,42,true,valid_signal,67651.1105,6.043038,-4.415972,2.046841,1.294563,98,0,normal,normal,normal,normal,crisis,crisis,crisis,false,,
2024-10-19,2024,ETF/Bull,42,true,valid_signal,67650.111,-0.001477,-4.417385,1.984486,1.294563,99,0,normal,normal,normal,normal,crisis,crisis,crisis,false,,
2024-10-20,2024,ETF/Bull,42,true,valid_signal,67932.16,0.416923,-4.018879,1.926739,1.293181,100,0,normal,normal,normal,normal,crisis,crisis,crisis,false,,
2024-10-21,2024,ETF/Bull,42,true,valid_signal,66992.5035,-1.383228,-5.346516,1.898521,1.293181,101,0,normal,normal,normal,normal,crisis,crisis,crisis,false,,
2024-10-22,2024,ETF/Bull,42,true,valid_signal,66770.0971,-0.331987,-5.660753,1.84248,1.39803,102,0,normal,normal,normal,normal,crisis,crisis,crisis,false,,
2024-10-23,2024,ETF/Bull,42,true,valid_signal,66651.282,-0.177947,-5.828627,1.786882,1.39803,103,0,normal,normal,normal,normal,crisis,crisis,crisis,false,,
2024-10-24,2024,ETF/Bull,42,true,valid_signal,67841.9289,1.786383,-4.146366,1.786852,1.39803,104,0,normal,normal,normal,normal,crisis,crisis,crisis,false,,
2024-10-25,2024,ETF/Bull,43,false,data_gap,,,,1.786852,1.39803,,0,normal,normal,normal,normal,crisis,crisis,crisis,true,,missing_observed_option_instrument; synthetic/theoretical cycle excluded from option valuation
2024-10-26,2024,ETF/Bull,43,false,data_gap,,,,1.786852,1.39803,,0,normal,normal,normal,normal,crisis,crisis,crisis,true,,missing_observed_option_instrument; synthetic/theoretical cycle excluded from option valuation
2024-10-27,2024,ETF/Bull,43,false,data_gap,,,,1.786852,1.39803,,0,normal,normal,normal,normal,crisis,crisis,crisis,true,,missing_observed_option_instrument; synthetic/theoretical cycle excluded from option valuation
2024-10-28,2024,ETF/Bull,43,false,data_gap,,,,1.786852,1.39803,,0,normal,normal,normal,normal,crisis,crisis,crisis,true,,missing_observed_option_instrument; synthetic/theoretical cycle excluded from option valuation
2024-10-29,2024,ETF/Bull,43,false,data_gap,,,,1.786852,1.39803,,0,normal,normal,normal,normal,crisis,crisis,crisis,true,,missing_observed_option_instrument; synthetic/theoretical cycle excluded from option valuation
2024-10-30,2024,ETF/Bull,43,false,data_gap,,,,1.786852,1.39803,,0,normal,normal,normal,normal,crisis,crisis,crisis,true,,missing_observed_option_instrument; synthetic/theoretical cycle excluded from option valuation
2024-10-31,2024,ETF/Bull,43,false,data_gap,,,,1.786852,1.39803,,0,normal,normal,normal,normal,crisis,crisis,crisis,true,,missing_observed_option_instrument; synthetic/theoretical cycle excluded from option valuation
2024-11-01,2024,ETF/Bull,44,false,data_gap,,,,1.786852,1.39803,,0,normal,normal,normal,normal,crisis,crisis,crisis,true,,missing_observed_option_instrument; synthetic/theoretical cycle excluded from option valuation
2024-11-02,2024,ETF/Bull,44,false,data_gap,,,,1.786852,1.39803,,0,normal,normal,normal,normal,crisis,crisis,crisis,true,,missing_observed_option_instrument; synthetic/theoretical cycle excluded from option valuation
2024-11-03,2024,ETF/Bull,44,false,data_gap,,,,1.786852,1.39803,,0,normal,normal,normal,normal,crisis,crisis,crisis,true,,missing_observed_option_instrument; synthetic/theoretical cycle excluded from option valuation
2024-11-04,2024,ETF/Bull,44,false,data_gap,,,,1.786852,1.39803,,0,normal,normal,normal,normal,crisis,crisis,crisis,true,,missing_observed_option_instrument; synthetic/theoretical cycle excluded from option valuation
2024-11-05,2024,ETF/Bull,44,false,data_gap,,,,1.786852,1.39803,,0,normal,normal,normal,normal,crisis,crisis,crisis,true,,missing_observed_option_instrument; synthetic/theoretical cycle excluded from option valuation
2024-11-06,2024,ETF/Bull,44,false,data_gap,,,,1.786852,1.39803,,0,normal,normal,normal,normal,crisis,crisis,crisis,true,,missing_observed_option_instrument; synthetic/theoretical cycle excluded from option valuation
2024-11-07,2024,ETF/Bull,44,false,data_gap,,,,1.786852,1.39803,,0,normal,normal,normal,normal,crisis,crisis,crisis,true,,missing_observed_option_instrument; synthetic/theoretical cycle excluded from option valuation
2024-11-08,2024,ETF/Bull,45,true,partial_signal,75383.84875,,0,1.786852,1.39803,0,0,normal,normal,normal,normal,normal,normal,crisis,true,,daily_return_not_computed_across_missing_mtm_gap
2024-11-09,2024,ETF/Bull,45,true,valid_signal,75826.473,0.587161,0,1.738377,1.278379,0,0,normal,normal,normal,normal,normal,normal,crisis,true,,
2024-11-10,2024,ETF/Bull,45,true,valid_signal,77794.3375,2.595221,0,1.801319,1.278379,0,0,normal,normal,normal,normal,normal,normal,stress,true,,
2024-11-11,2024,ETF/Bull,45,true,valid_signal,79198.818,1.805376,0,1.801562,1.278379,0,0,normal,normal,normal,normal,normal,normal,stress,true,,
2024-11-12,2024,ETF/Bull,45,true,valid_signal,80767.572,1.98078,0,1.812815,1.278379,0,0,normal,normal,normal,normal,normal,normal,stress,true,,
2024-11-13,2024,ETF/Bull,45,true,valid_signal,82073.159,1.616474,0,1.801638,1.278379,0,0,normal,normal,normal,normal,normal,normal,watch,true,,
2024-11-14,2024,ETF/Bull,45,true,valid_signal,78591.552,-4.242077,-4.242077,2.032452,1.278379,1,1,normal,normal,normal,watch,normal,watch,watch,false,,
2024-11-15,2024,ETF/Bull,46,true,valid_signal,87303.728,11.085385,0,3.355019,1.39803,0,1,normal,normal,normal,normal,normal,normal,watch,true,,
2024-11-16,2024,ETF/Bull,46,true,valid_signal,88808.05675,1.723098,0,3.28008,1.39803,0,1,normal,normal,normal,normal,normal,normal,normal,false,,
2024-11-17,2024,ETF/Bull,46,true,valid_signal,88488.6905,-0.359614,-0.359614,3.181376,1.39803,1,1,normal,normal,normal,normal,normal,normal,normal,false,,
2024-11-18,2024,ETF/Bull,46,true,valid_signal,88773.291,0.321624,-0.039147,3.085464,1.39803,2,1,normal,normal,normal,normal,normal,normal,normal,false,,
2024-11-19,2024,ETF/Bull,46,true,valid_signal,89823.432,1.182947,0,3.005469,1.39803,0,1,normal,normal,normal,normal,normal,normal,normal,false,,
2024-11-20,2024,ETF/Bull,46,true,valid_signal,92010.32,2.434652,0,2.974311,1.39803,0,1,normal,normal,normal,normal,normal,normal,normal,false,,
2024-11-21,2024,ETF/Bull,46,true,valid_signal,91283.587,-0.789839,-0.789839,2.890184,1.39803,1,0,normal,normal,normal,normal,normal,normal,normal,false,,
2024-11-22,2024,ETF/Bull,47,true,valid_signal,96145.46875,5.326129,0,3.09096,1.39803,0,0,normal,normal,normal,normal,normal,normal,normal,false,,
2024-11-23,2024,ETF/Bull,47,true,valid_signal,97908.55125,1.833766,0,3.030273,1.39803,0,0,normal,normal,normal,normal,normal,normal,normal,false,,
2024-11-24,2024,ETF/Bull,47,true,valid_signal,96516.538,-1.421748,-1.421748,2.958527,1.278379,1,0,normal,normal,normal,normal,normal,normal,normal,false,,
2024-11-25,2024,ETF/Bull,47,true,valid_signal,95313.64975,-1.246303,-2.650332,2.884598,1.404414,2,0,normal,normal,normal,normal,normal,normal,normal,false,,
2024-11-26,2024,ETF/Bull,47,true,valid_signal,93071.6798,-2.352202,-4.940193,2.855455,1.404414,3,1,normal,normal,normal,watch,normal,watch,watch,false,,
2024-11-27,2024,ETF/Bull,47,true,valid_signal,94881.03575,1.944046,-3.092187,2.809122,1.933498,4,1,normal,normal,normal,normal,normal,normal,watch,true,,
2024-11-28,2024,ETF/Bull,47,true,valid_signal,95461.95285,0.612258,-2.498861,2.727671,1.933498,5,1,normal,normal,normal,normal,normal,normal,normal,false,,
2024-11-29,2024,ETF/Bull,48,false,data_gap,,,,2.727671,1.933498,,1,normal,normal,normal,normal,normal,normal,normal,true,,missing_observed_option_instrument; synthetic/theoretical cycle excluded from option valuation
2024-11-30,2024,ETF/Bull,48,false,data_gap,,,,2.727671,1.933498,,1,normal,normal,normal,normal,normal,normal,normal,true,,missing_observed_option_instrument; synthetic/theoretical cycle excluded from option valuation
2024-12-01,2024,ETF/Bull,48,false,data_gap,,,,2.727671,1.933498,,1,normal,normal,normal,normal,normal,normal,normal,true,,missing_observed_option_instrument; synthetic/theoretical cycle excluded from option valuation
2024-12-02,2024,ETF/Bull,48,false,data_gap,,,,2.727671,1.933498,,1,normal,normal,normal,normal,normal,normal,normal,true,,missing_observed_option_instrument; synthetic/theoretical cycle excluded from option valuation
2024-12-03,2024,ETF/Bull,48,false,data_gap,,,,2.727671,1.933498,,1,normal,normal,normal,normal,normal,normal,normal,true,,missing_observed_option_instrument; synthetic/theoretical cycle excluded from option valuation
2024-12-04,2024,ETF/Bull,48,false,data_gap,,,,2.727671,1.933498,,1,normal,normal,normal,normal,normal,normal,normal,true,,missing_observed_option_instrument; synthetic/theoretical cycle excluded from option valuation
2024-12-05,2024,ETF/Bull,48,false,data_gap,,,,2.727671,1.933498,,1,normal,normal,normal,normal,normal,normal,normal,true,,missing_observed_option_instrument; synthetic/theoretical cycle excluded from option valuation
2024-12-06,2024,ETF/Bull,49,true,partial_signal,98127.0465,,0,2.727671,1.933498,0,1,normal,normal,normal,normal,normal,normal,normal,false,,daily_return_not_computed_across_missing_mtm_gap
2024-12-07,2024,ETF/Bull,49,true,valid_signal,98180.426,0.054398,0,2.644608,1.933498,0,1,normal,normal,normal,normal,normal,normal,normal,false,,
2024-12-08,2024,ETF/Bull,49,true,valid_signal,98522.24825,0.348157,0,2.565461,1.933498,0,1,normal,normal,normal,normal,normal,normal,normal,false,,
2024-12-09,2024,ETF/Bull,49,true,valid_signal,99093.925,0.580251,0,2.491364,1.933498,0,1,normal,normal,normal,normal,normal,normal,normal,false,,
2024-12-10,2024,ETF/Bull,49,true,valid_signal,97398.5524,-1.710874,-1.710874,2.451552,1.933498,1,1,normal,normal,normal,normal,normal,normal,normal,false,,
2024-12-11,2024,ETF/Bull,49,true,valid_signal,99146.2775,1.794406,0,2.417166,2.063605,0,0,normal,normal,normal,normal,normal,normal,normal,false,,
2024-12-12,2024,ETF/Bull,49,true,valid_signal,101058.986,1.929178,0,2.390698,2.063605,0,0,normal,normal,normal,normal,normal,normal,normal,false,,
2024-12-13,2024,ETF/Bull,50,true,valid_signal,99851.0625,-1.195266,-1.195266,2.336285,2.063605,1,0,normal,normal,normal,normal,normal,normal,normal,false,,
2024-12-14,2024,ETF/Bull,50,true,valid_signal,100334.05,0.483708,-0.717339,2.268209,2.063605,2,0,normal,normal,normal,normal,normal,normal,normal,false,,
2024-12-15,2024,ETF/Bull,50,true,valid_signal,101297.167,0.95991,0,2.211645,2.063605,0,0,normal,normal,normal,normal,normal,normal,normal,false,,
2024-12-16,2024,ETF/Bull,50,true,valid_signal,102723.0155,1.40759,0,2.171812,2.063605,0,0,normal,normal,normal,normal,normal,normal,normal,false,,
2024-12-17,2024,ETF/Bull,50,true,valid_signal,104348.77275,1.582661,0,2.14104,2.063605,0,0,normal,normal,normal,normal,normal,normal,normal,false,,
2024-12-18,2024,ETF/Bull,50,true,valid_signal,102717.012,-1.563757,-1.563757,2.11086,2.063605,1,0,normal,normal,normal,normal,normal,normal,normal,false,,
2024-12-19,2024,ETF/Bull,50,true,valid_signal,100937.1856,-1.732747,-3.269408,2.090103,2.063605,2,0,normal,normal,normal,normal,normal,normal,normal,false,,
2024-12-20,2024,ETF/Bull,51,true,valid_signal,94631.625,-6.247014,-9.312182,2.539277,2.073448,3,1,normal,normal,normal,stress,normal,stress,stress,false,,
2024-12-21,2024,ETF/Bull,51,true,valid_signal,96282.582,1.744614,-7.730029,2.498735,3.391634,4,1,normal,normal,normal,normal,normal,normal,stress,true,,
2024-12-22,2024,ETF/Bull,51,true,valid_signal,94882.7025,-1.453928,-9.071568,2.44865,3.391634,5,1,normal,normal,normal,normal,normal,normal,stress,true,,
2024-12-23,2024,ETF/Bull,51,true,valid_signal,93692.2224,-1.254686,-10.212435,2.393865,2.073448,6,1,normal,normal,normal,normal,normal,normal,watch,true,,
2024-12-24,2024,ETF/Bull,51,true,valid_signal,96815.07225,3.333094,-7.219731,2.460351,2.073448,7,1,normal,normal,normal,normal,normal,normal,watch,true,,
2024-12-25,2024,ETF/Bull,51,true,valid_signal,98280.809,1.513955,-5.815079,2.414052,2.073448,8,1,normal,normal,normal,normal,normal,normal,normal,false,,
2024-12-26,2024,ETF/Bull,51,true,valid_signal,95382.3767,-2.949134,-8.592718,2.449456,2.073448,9,2,normal,normal,normal,watch,normal,stress,stress,false,recent_tail_loss_days_gte_2,
2025-01-03,2025,Mixed,1,true,partial_signal,95908.71825,,0,,,0,0,normal,normal,normal,normal,normal,normal,stress,true,,
2025-01-04,2025,Mixed,1,true,valid_signal,97020.475,1.159182,0,1.159182,,0,0,normal,normal,normal,normal,normal,normal,stress,true,,
2025-01-05,2025,Mixed,1,true,valid_signal,96850.281,-0.175421,-0.175421,1.12469,,1,0,normal,normal,normal,normal,normal,normal,watch,true,,
2025-01-06,2025,Mixed,1,true,valid_signal,98466.996,1.669293,0,1.16457,,0,0,normal,normal,normal,normal,normal,normal,watch,true,,
2025-01-07,2025,Mixed,1,true,valid_signal,98784.7815,0.322733,0,1.131857,,0,0,normal,normal,normal,normal,normal,normal,normal,false,,
2025-01-08,2025,Mixed,1,true,valid_signal,95207.56905,-3.621218,-3.621218,1.411038,,1,1,normal,normal,normal,watch,normal,watch,watch,false,,
2025-01-09,2025,Mixed,1,true,valid_signal,92778.7212,-2.551108,-6.079945,1.504013,,2,2,normal,normal,normal,watch,normal,stress,stress,false,recent_tail_loss_days_gte_2,
2025-01-10,2025,Mixed,2,true,valid_signal,92750.13,-0.030817,-6.108888,1.458214,,3,2,normal,normal,normal,normal,normal,watch,stress,true,recent_tail_loss_days_gte_2,
2025-01-11,2025,Mixed,2,true,valid_signal,93762.68475,1.091702,-5.083877,1.438859,,4,2,normal,normal,normal,normal,normal,watch,stress,true,recent_tail_loss_days_gte_2,
2025-01-12,2025,Mixed,2,true,valid_signal,93909.142,0.1562,-4.935618,1.39555,,5,2,normal,normal,normal,normal,normal,watch,watch,false,recent_tail_loss_days_gte_2,
2025-01-13,2025,Mixed,2,true,valid_signal,91507.0494,-2.55789,-7.36726,1.491065,,6,3,normal,normal,normal,watch,normal,stress,stress,false,recent_tail_loss_days_gte_2,
2025-01-14,2025,Mixed,2,true,valid_signal,95117.91825,3.946001,-3.711972,1.739003,,7,3,normal,normal,normal,normal,normal,watch,stress,true,recent_tail_loss_days_gte_2,
2025-01-15,2025,Mixed,2,true,valid_signal,98072.653,3.106391,-0.720889,1.849774,,8,2,normal,normal,normal,normal,normal,watch,stress,true,recent_tail_loss_days_gte_2,
2025-01-16,2025,Mixed,2,true,valid_signal,97087.50025,-1.004513,-1.718161,1.810223,,9,1,normal,normal,normal,normal,normal,normal,watch,true,,
2025-01-17,2025,Mixed,3,true,valid_signal,101668.2495,4.718166,0,2.101418,,0,1,normal,normal,normal,normal,normal,normal,watch,true,,
2025-01-18,2025,Mixed,3,true,valid_signal,101896.97,0.224967,0,2.038146,,0,1,normal,normal,normal,normal,normal,normal,normal,false,,
2025-01-19,2025,Mixed,3,true,valid_signal,102063.11775,0.163055,0,1.976459,,0,1,normal,normal,normal,normal,normal,normal,normal,false,,
2025-01-20,2025,Mixed,3,true,valid_signal,103139.3925,1.054519,0,1.933579,,0,0,normal,normal,normal,normal,normal,normal,normal,false,,
2025-01-21,2025,Mixed,3,true,valid_signal,101587.6435,-1.504516,-1.504516,1.910554,,1,0,normal,normal,normal,normal,normal,normal,normal,false,,
2025-01-22,2025,Mixed,3,true,valid_signal,103331.0745,1.716184,0,1.899453,,0,0,normal,normal,normal,normal,normal,normal,normal,false,,
2025-01-23,2025,Mixed,3,true,valid_signal,104338.5475,0.974995,0,1.857009,,0,0,normal,normal,normal,normal,normal,normal,normal,false,,
2025-01-24,2025,Mixed,4,true,valid_signal,104100.1915,-0.228445,-0.228445,1.801307,,1,0,normal,normal,normal,normal,normal,normal,normal,false,,
2025-01-25,2025,Mixed,4,true,valid_signal,103677.255,-0.406278,-0.633795,1.749265,,2,0,normal,normal,normal,normal,normal,normal,normal,false,,
2025-01-26,2025,Mixed,4,true,valid_signal,103970.804,0.283137,-0.352452,1.697393,,3,0,normal,normal,normal,normal,normal,normal,normal,false,,
2025-01-27,2025,Mixed,4,true,valid_signal,101403.9325,-2.468839,-2.812589,1.753278,,4,1,normal,normal,normal,watch,normal,watch,watch,false,,
2025-01-28,2025,Mixed,4,true,valid_signal,102558.7668,1.138846,-1.705775,1.722603,,5,1,normal,normal,normal,normal,normal,normal,watch,true,,
2025-01-29,2025,Mixed,4,true,valid_signal,101904.0682,-0.638364,-2.33325,1.67743,,6,1,normal,normal,normal,normal,normal,normal,normal,false,,
2025-01-30,2025,Mixed,4,true,valid_signal,105871.6297,3.893428,0,1.885331,,0,1,normal,normal,normal,normal,normal,normal,normal,false,,
2025-01-31,2025,Mixed,5,false,data_gap,,,,1.885331,,,1,normal,normal,normal,normal,normal,normal,normal,true,,missing_observed_option_instrument; synthetic/theoretical cycle excluded from option valuation
2025-02-01,2025,Mixed,5,false,data_gap,,,,1.885331,,,1,normal,normal,normal,normal,normal,normal,normal,true,,missing_observed_option_instrument; synthetic/theoretical cycle excluded from option valuation
2025-02-02,2025,Mixed,5,false,data_gap,,,,1.885331,,,1,normal,normal,normal,normal,normal,normal,normal,true,,missing_observed_option_instrument; synthetic/theoretical cycle excluded from option valuation
2025-02-03,2025,Mixed,5,false,data_gap,,,,1.885331,,,1,normal,normal,normal,normal,normal,normal,normal,true,,missing_observed_option_instrument; synthetic/theoretical cycle excluded from option valuation
2025-02-04,2025,Mixed,5,false,data_gap,,,,1.885331,,,1,normal,normal,normal,normal,normal,normal,normal,true,,missing_observed_option_instrument; synthetic/theoretical cycle excluded from option valuation
2025-02-05,2025,Mixed,5,false,data_gap,,,,1.885331,,,1,normal,normal,normal,normal,normal,normal,normal,true,,missing_observed_option_instrument; synthetic/theoretical cycle excluded from option valuation
2025-02-06,2025,Mixed,5,false,data_gap,,,,1.885331,,,1,normal,normal,normal,normal,normal,normal,normal,true,,missing_observed_option_instrument; synthetic/theoretical cycle excluded from option valuation
2025-02-07,2025,Mixed,6,true,partial_signal,97803.204,,-7.620952,1.885331,,1,1,normal,normal,normal,normal,normal,normal,normal,false,,daily_return_not_computed_across_missing_mtm_gap
2025-02-08,2025,Mixed,6,true,valid_signal,95675.76,-2.175229,-9.630408,1.90397,,2,2,normal,normal,normal,watch,normal,stress,stress,false,recent_tail_loss_days_gte_2,
2025-02-09,2025,Mixed,6,true,valid_signal,95809.8785,0.14018,-9.503728,1.846286,,3,2,normal,normal,normal,normal,normal,watch,stress,true,recent_tail_loss_days_gte_2,
2025-02-10,2025,Mixed,6,true,valid_signal,96887.13,1.124364,-8.48622,1.811104,,4,2,normal,normal,normal,normal,normal,watch,stress,true,recent_tail_loss_days_gte_2,
2025-02-11,2025,Mixed,6,true,valid_signal,96826.28615,-0.062799,-8.54369,1.755998,2.554838,5,1,normal,normal,normal,normal,normal,normal,watch,true,,
2025-02-12,2025,Mixed,6,true,valid_signal,95411.2705,-1.461396,-9.880229,1.739729,2.554838,6,1,normal,normal,normal,normal,normal,normal,watch,true,,
2025-02-13,2025,Mixed,6,true,valid_signal,95800.419,0.407864,-9.512662,1.689686,2.554838,7,1,normal,normal,normal,normal,normal,normal,normal,false,,
2025-02-14,2025,Mixed,7,true,valid_signal,96598.5435,0.833112,-8.758802,1.650873,2.554838,8,1,normal,normal,normal,normal,normal,normal,normal,false,,
2025-02-15,2025,Mixed,7,true,valid_signal,97030.1775,0.446833,-8.351106,1.604319,2.554838,9,0,normal,normal,normal,normal,normal,normal,normal,false,,
2025-02-16,2025,Mixed,7,true,valid_signal,96548.06975,-0.496864,-8.806476,1.560199,2.514087,10,0,normal,normal,normal,normal,normal,normal,normal,false,,
2025-02-17,2025,Mixed,7,true,valid_signal,96559.5774,0.011919,-8.795607,1.512672,2.336715,11,0,normal,normal,normal,normal,normal,normal,normal,false,,
2025-02-18,2025,Mixed,7,true,valid_signal,95323.3602,-1.280264,-9.963264,1.499743,2.336715,12,0,normal,normal,normal,normal,normal,normal,normal,false,,
2025-02-19,2025,Mixed,7,true,valid_signal,95714.0371,0.409844,-9.594254,1.457517,2.336715,13,0,normal,normal,normal,normal,normal,normal,normal,false,,
2025-02-20,2025,Mixed,7,true,valid_signal,96977.80125,1.320354,-8.400578,1.449653,2.336715,14,0,normal,normal,normal,normal,watch,watch,watch,false,,
2025-02-21,2025,Mixed,8,true,valid_signal,98026.464,1.081343,-7.410074,1.430231,1.873408,15,0,normal,normal,normal,normal,watch,watch,watch,false,,
2025-02-22,2025,Mixed,8,true,valid_signal,96216.93285,-1.845962,-9.119248,1.458521,1.873408,16,0,normal,normal,normal,normal,watch,watch,watch,false,,
2025-02-23,2025,Mixed,8,true,valid_signal,95368.64645,-0.881639,-9.920489,1.430484,2.027059,17,0,normal,normal,normal,normal,watch,watch,watch,false,,
2025-02-24,2025,Mixed,8,true,valid_signal,94569.336,-0.838127,-10.67547,1.402018,2.027059,18,0,normal,normal,normal,normal,watch,watch,watch,false,,
2025-02-25,2025,Mixed,8,true,valid_signal,86411.4216,-8.626384,-18.380947,2.512486,2.027059,19,1,normal,normal,normal,stress,watch,stress,stress,false,,
2025-02-26,2025,Mixed,8,true,valid_signal,87739.4486,1.536865,-17.126572,2.464862,2.336715,20,1,normal,normal,normal,normal,watch,watch,stress,true,,
2025-02-27,2025,Mixed,8,true,valid_signal,84704.0558,-3.459553,-19.993622,2.535572,2.336715,21,2,normal,normal,normal,watch,stress,crisis,crisis,false,recent_tail_loss_days_gte_2,
2025-02-28,2025,Mixed,9,false,data_gap,,,,2.535572,2.336715,,2,normal,normal,normal,normal,stress,crisis,crisis,true,recent_tail_loss_days_gte_2,missing_observed_option_instrument; synthetic/theoretical cycle excluded from option valuation
2025-03-01,2025,Mixed,9,false,data_gap,,,,2.535572,2.336715,,2,normal,normal,normal,normal,stress,crisis,crisis,true,recent_tail_loss_days_gte_2,missing_observed_option_instrument; synthetic/theoretical cycle excluded from option valuation
2025-03-02,2025,Mixed,9,false,data_gap,,,,2.535572,2.336715,,2,normal,normal,normal,normal,stress,crisis,crisis,true,recent_tail_loss_days_gte_2,missing_observed_option_instrument; synthetic/theoretical cycle excluded from option valuation
2025-03-03,2025,Mixed,9,false,data_gap,,,,2.535572,2.336715,,2,normal,normal,normal,normal,stress,crisis,crisis,true,recent_tail_loss_days_gte_2,missing_observed_option_instrument; synthetic/theoretical cycle excluded from option valuation
2025-03-04,2025,Mixed,9,false,data_gap,,,,2.535572,2.336715,,2,normal,normal,normal,normal,stress,crisis,crisis,true,recent_tail_loss_days_gte_2,missing_observed_option_instrument; synthetic/theoretical cycle excluded from option valuation
2025-03-05,2025,Mixed,9,false,data_gap,,,,2.535572,2.336715,,2,normal,normal,normal,normal,stress,crisis,crisis,true,recent_tail_loss_days_gte_2,missing_observed_option_instrument; synthetic/theoretical cycle excluded from option valuation
2025-03-06,2025,Mixed,9,false,data_gap,,,,2.535572,2.336715,,2,normal,normal,normal,normal,stress,crisis,crisis,true,recent_tail_loss_days_gte_2,missing_observed_option_instrument; synthetic/theoretical cycle excluded from option valuation
2025-03-07,2025,Mixed,10,true,partial_signal,88278.025,,-16.617865,2.535572,2.336715,22,2,normal,normal,normal,normal,stress,crisis,crisis,false,recent_tail_loss_days_gte_2,daily_return_not_computed_across_missing_mtm_gap
2025-03-08,2025,Mixed,10,true,valid_signal,85893.88525,-2.700717,-18.869781,2.545783,3.013732,23,3,normal,normal,normal,watch,stress,crisis,crisis,false,recent_tail_loss_days_gte_2,
2025-03-09,2025,Mixed,10,true,valid_signal,83366.19,-2.942812,-21.25729,2.571334,3.118077,24,4,watch,normal,normal,watch,stress,crisis,crisis,false,drawdown_and_underwater_duration_active; recent_tail_loss_days_gte_2,
2025-03-10,2025,Mixed,10,true,valid_signal,81326.4833,-2.446683,-23.183875,2.564026,3.227019,25,5,watch,normal,normal,watch,stress,crisis,crisis,false,drawdown_and_underwater_duration_active; recent_tail_loss_days_gte_2,
2025-03-11,2025,Mixed,10,true,valid_signal,81159.64845,-0.205142,-23.341457,2.486423,3.227019,26,5,watch,normal,normal,normal,stress,crisis,crisis,false,drawdown_and_underwater_duration_active; recent_tail_loss_days_gte_2,
2025-03-12,2025,Mixed,10,true,valid_signal,82565.4606,1.732157,-22.013611,2.44773,3.227019,27,4,watch,normal,normal,normal,stress,crisis,crisis,false,drawdown_and_underwater_duration_active; recent_tail_loss_days_gte_2,
2025-03-13,2025,Mixed,10,true,valid_signal,81665.33265,-1.090199,-22.863818,2.38814,3.227019,28,4,watch,normal,normal,normal,crisis,crisis,crisis,false,drawdown_and_underwater_duration_active; recent_tail_loss_days_gte_2,
2025-03-14,2025,Mixed,11,true,valid_signal,81683.11725,0.021777,-22.84702,2.315394,3.227019,29,3,watch,normal,normal,normal,crisis,crisis,crisis,false,drawdown_and_underwater_duration_active; recent_tail_loss_days_gte_2,
2025-03-15,2025,Mixed,11,true,valid_signal,83012.3175,1.627264,-21.591537,2.27997,3.227019,30,2,watch,normal,normal,normal,crisis,crisis,crisis,false,drawdown_and_underwater_duration_active; recent_tail_loss_days_gte_2,
2025-03-16,2025,Mixed,11,true,valid_signal,81779.2065,-1.485455,-22.75626,2.24026,3.227019,31,1,watch,normal,normal,normal,crisis,crisis,crisis,false,drawdown_and_underwater_duration_active,
2025-03-17,2025,Mixed,11,true,valid_signal,82225.252,0.545427,-22.334952,2.176117,3.227019,32,0,watch,normal,normal,normal,crisis,crisis,crisis,false,drawdown_and_underwater_duration_active,
2025-03-18,2025,Mixed,11,true,valid_signal,81026.22815,-1.458219,-23.467478,2.139846,3.227019,33,0,watch,normal,normal,normal,crisis,crisis,crisis,false,drawdown_and_underwater_duration_active,
2025-03-19,2025,Mixed,11,true,valid_signal,83564.03375,3.132079,-21.070419,2.211968,3.227019,34,0,watch,normal,normal,normal,crisis,crisis,crisis,false,drawdown_and_underwater_duration_active,
2025-03-20,2025,Mixed,11,true,valid_signal,85024.816,1.748099,-19.690652,2.186912,3.227019,35,0,normal,normal,normal,normal,crisis,crisis,crisis,false,,
2025-03-21,2025,Mixed,12,true,valid_signal,83211.2,-2.133043,-21.403685,2.183717,3.227019,36,1,watch,normal,normal,watch,crisis,crisis,crisis,false,drawdown_and_underwater_duration_active,
2025-03-22,2025,Mixed,12,true,valid_signal,83595.077,0.461329,-21.041097,2.120206,3.227019,37,1,watch,normal,normal,normal,crisis,crisis,crisis,false,drawdown_and_underwater_duration_active,
2025-03-23,2025,Mixed,12,true,valid_signal,84490.8945,1.071615,-20.194962,2.072307,3.227019,38,1,watch,normal,normal,normal,crisis,crisis,crisis,false,drawdown_and_underwater_duration_active,
2025-03-24,2025,Mixed,12,true,valid_signal,86359.875,2.21205,-18.429635,2.080957,3.227019,39,1,normal,normal,normal,normal,crisis,crisis,crisis,false,,
2025-03-25,2025,Mixed,12,true,valid_signal,86705.19,0.399856,-18.103471,2.019938,3.227019,40,1,normal,normal,normal,normal,crisis,crisis,crisis,false,,
2025-03-26,2025,Mixed,12,true,valid_signal,86381.5665,-0.373246,-18.409146,1.960536,3.227019,41,1,normal,normal,normal,normal,crisis,crisis,crisis,false,,
2025-03-27,2025,Mixed,12,true,valid_signal,86447.1146,0.075882,-18.347233,1.900901,3.227019,42,1,normal,normal,normal,normal,crisis,crisis,crisis,false,,
2025-03-28,2025,Mixed,13,false,data_gap,,,,1.900901,3.227019,,1,normal,normal,normal,normal,crisis,crisis,crisis,true,,missing_observed_option_instrument; synthetic/theoretical cycle excluded from option valuation
2025-03-29,2025,Mixed,13,false,data_gap,,,,1.900901,3.227019,,1,normal,normal,normal,normal,crisis,crisis,crisis,true,,missing_observed_option_instrument; synthetic/theoretical cycle excluded from option valuation
2025-03-30,2025,Mixed,13,false,data_gap,,,,1.900901,3.227019,,1,normal,normal,normal,normal,crisis,crisis,crisis,true,,missing_observed_option_instrument; synthetic/theoretical cycle excluded from option valuation
2025-03-31,2025,Mixed,13,false,data_gap,,,,1.900901,3.227019,,1,normal,normal,normal,normal,crisis,crisis,crisis,true,,missing_observed_option_instrument; synthetic/theoretical cycle excluded from option valuation
2025-04-01,2025,Mixed,13,false,data_gap,,,,1.900901,3.227019,,1,normal,normal,normal,normal,crisis,crisis,crisis,true,,missing_observed_option_instrument; synthetic/theoretical cycle excluded from option valuation
2025-04-02,2025,Mixed,13,false,data_gap,,,,1.900901,3.227019,,1,normal,normal,normal,normal,crisis,crisis,crisis,true,,missing_observed_option_instrument; synthetic/theoretical cycle excluded from option valuation
2025-04-03,2025,Mixed,13,false,data_gap,,,,1.900901,3.227019,,1,normal,normal,normal,normal,crisis,crisis,crisis,true,,missing_observed_option_instrument; synthetic/theoretical cycle excluded from option valuation
2025-04-04,2025,Mixed,14,true,partial_signal,82806.704,,-21.785747,1.900901,3.227019,43,1,watch,normal,normal,normal,crisis,crisis,crisis,false,drawdown_and_underwater_duration_active,daily_return_not_computed_across_missing_mtm_gap
2025-04-05,2025,Mixed,14,true,valid_signal,82263.051,-0.656533,-22.299249,1.849995,3.227019,44,0,watch,normal,normal,normal,crisis,crisis,crisis,false,drawdown_and_underwater_duration_active,
2025-04-06,2025,Mixed,14,true,valid_signal,81735.245,-0.641608,-22.797783,1.800509,3.227019,45,0,watch,normal,normal,normal,crisis,crisis,crisis,false,drawdown_and_underwater_duration_active,
2025-04-07,2025,Mixed,14,true,valid_signal,78474.11535,-3.98987,-25.878051,2.000616,3.227019,46,1,watch,normal,normal,watch,crisis,crisis,crisis,false,drawdown_and_underwater_duration_active,
2025-04-08,2025,Mixed,14,true,valid_signal,79750.6842,1.626739,-24.672281,1.980175,3.751227,47,1,watch,normal,normal,normal,crisis,crisis,crisis,false,drawdown_and_underwater_duration_active,
2025-04-09,2025,Mixed,14,true,valid_signal,77923.818,-2.290722,-26.397829,2.000168,3.751227,48,2,watch,normal,normal,watch,crisis,crisis,crisis,false,drawdown_and_underwater_duration_active; recent_tail_loss_days_gte_2,
2025-04-10,2025,Mixed,14,true,valid_signal,80762.42295,3.642795,-23.716653,2.134673,3.751227,49,2,watch,normal,normal,normal,crisis,crisis,crisis,false,drawdown_and_underwater_duration_active; recent_tail_loss_days_gte_2,
2025-04-11,2025,Mixed,15,true,valid_signal,80993.322,0.285899,-23.498559,2.070827,3.751227,50,2,watch,normal,normal,normal,crisis,crisis,crisis,false,drawdown_and_underwater_duration_active; recent_tail_loss_days_gte_2,
2025-04-12,2025,Mixed,15,true,valid_signal,82210.28175,1.502543,-22.349092,2.041196,3.751227,51,2,watch,normal,normal,normal,crisis,crisis,crisis,false,drawdown_and_underwater_duration_active; recent_tail_loss_days_gte_2,
2025-04-13,2025,Mixed,15,true,valid_signal,81659.614,-0.669828,-22.86922,1.985803,3.227019,52,2,watch,normal,normal,normal,crisis,crisis,crisis,false,drawdown_and_underwater_duration_active; recent_tail_loss_days_gte_2,
2025-04-14,2025,Mixed,15,true,valid_signal,82348.245,0.843294,-22.21878,1.936357,3.227019,53,1,watch,normal,normal,normal,crisis,crisis,crisis,false,drawdown_and_underwater_duration_active,
2025-04-15,2025,Mixed,15,true,valid_signal,83493.045,1.390194,-21.137471,1.908001,2.833869,54,1,watch,normal,normal,normal,crisis,crisis,crisis,false,drawdown_and_underwater_duration_active,
2025-04-16,2025,Mixed,15,true,valid_signal,83324.1825,-0.202247,-21.296968,1.850539,2.719554,55,0,watch,normal,normal,normal,crisis,crisis,crisis,false,drawdown_and_underwater_duration_active,
2025-04-17,2025,Mixed,15,true,valid_signal,84074.85,0.9009,-20.587933,1.807684,2.376501,56,0,watch,normal,normal,normal,crisis,crisis,crisis,false,drawdown_and_underwater_duration_active,
2025-04-18,2025,Mixed,16,true,valid_signal,84148.145,0.087178,-20.518702,1.752745,2.219766,57,0,watch,normal,normal,normal,crisis,crisis,crisis,false,drawdown_and_underwater_duration_active,
2025-04-19,2025,Mixed,16,true,valid_signal,85047.15375,1.068364,-19.669553,1.719381,2.219766,58,0,normal,normal,normal,normal,crisis,crisis,crisis,false,,
2025-04-20,2025,Mixed,16,true,valid_signal,83981.0758,-1.253514,-20.676506,1.695044,2.219766,59,0,watch,normal,normal,normal,crisis,crisis,crisis,false,drawdown_and_underwater_duration_active,
2025-04-21,2025,Mixed,16,true,valid_signal,86118.12,2.544674,-18.657982,1.757642,2.219766,60,0,normal,normal,normal,normal,crisis,crisis,crisis,false,,
2025-04-22,2025,Mixed,16,true,valid_signal,88052.25,2.245904,-16.831119,1.790696,2.219766,61,0,normal,normal,normal,normal,crisis,crisis,crisis,false,,
2025-04-23,2025,Mixed,16,true,valid_signal,88053.6825,0.001627,-16.829766,1.736144,2.219766,62,0,normal,normal,normal,normal,crisis,crisis,crisis,false,,
2025-04-24,2025,Mixed,16,true,valid_signal,88394.35,0.386886,-16.507992,1.68592,2.219766,63,0,normal,normal,normal,normal,crisis,crisis,crisis,false,,
2025-04-25,2025,Mixed,17,false,data_gap,,,,1.68592,2.219766,,0,normal,normal,normal,normal,crisis,crisis,crisis,true,,missing_observed_option_instrument; synthetic/theoretical cycle excluded from option valuation
2025-04-26,2025,Mixed,17,false,data_gap,,,,1.68592,2.219766,,0,normal,normal,normal,normal,crisis,crisis,crisis,true,,missing_observed_option_instrument; synthetic/theoretical cycle excluded from option valuation
2025-04-27,2025,Mixed,17,false,data_gap,,,,1.68592,2.219766,,0,normal,normal,normal,normal,crisis,crisis,crisis,true,,missing_observed_option_instrument; synthetic/theoretical cycle excluded from option valuation
2025-04-28,2025,Mixed,17,false,data_gap,,,,1.68592,2.219766,,0,normal,normal,normal,normal,crisis,crisis,crisis,true,,missing_observed_option_instrument; synthetic/theoretical cycle excluded from option valuation
2025-04-29,2025,Mixed,17,false,data_gap,,,,1.68592,2.219766,,0,normal,normal,normal,normal,crisis,crisis,crisis,true,,missing_observed_option_instrument; synthetic/theoretical cycle excluded from option valuation
2025-04-30,2025,Mixed,17,false,data_gap,,,,1.68592,2.219766,,0,normal,normal,normal,normal,crisis,crisis,crisis,true,,missing_observed_option_instrument; synthetic/theoretical cycle excluded from option valuation
2025-05-01,2025,Mixed,17,false,data_gap,,,,1.68592,2.219766,,0,normal,normal,normal,normal,crisis,crisis,crisis,true,,missing_observed_option_instrument; synthetic/theoretical cycle excluded from option valuation
2025-05-02,2025,Mixed,18,false,data_gap,,,,1.68592,2.219766,,0,normal,normal,normal,normal,crisis,crisis,crisis,true,,missing_observed_option_instrument; synthetic/theoretical cycle excluded from option valuation
2025-05-03,2025,Mixed,18,false,data_gap,,,,1.68592,2.219766,,0,normal,normal,normal,normal,crisis,crisis,crisis,true,,missing_observed_option_instrument; synthetic/theoretical cycle excluded from option valuation
2025-05-04,2025,Mixed,18,false,data_gap,,,,1.68592,2.219766,,0,normal,normal,normal,normal,crisis,crisis,crisis,true,,missing_observed_option_instrument; synthetic/theoretical cycle excluded from option valuation
2025-05-05,2025,Mixed,18,false,data_gap,,,,1.68592,2.219766,,0,normal,normal,normal,normal,crisis,crisis,crisis,true,,missing_observed_option_instrument; synthetic/theoretical cycle excluded from option valuation
2025-05-06,2025,Mixed,18,false,data_gap,,,,1.68592,2.219766,,0,normal,normal,normal,normal,crisis,crisis,crisis,true,,missing_observed_option_instrument; synthetic/theoretical cycle excluded from option valuation
2025-05-07,2025,Mixed,18,false,data_gap,,,,1.68592,2.219766,,0,normal,normal,normal,normal,crisis,crisis,crisis,true,,missing_observed_option_instrument; synthetic/theoretical cycle excluded from option valuation
2025-05-08,2025,Mixed,18,false,data_gap,,,,1.68592,2.219766,,0,normal,normal,normal,normal,crisis,crisis,crisis,true,,missing_observed_option_instrument; synthetic/theoretical cycle excluded from option valuation
2025-05-09,2025,Mixed,19,true,partial_signal,102574.199,,-3.114556,1.68592,2.219766,64,0,normal,normal,normal,normal,crisis,crisis,crisis,false,,daily_return_not_computed_across_missing_mtm_gap
2025-05-10,2025,Mixed,19,true,valid_signal,102862.96,0.281514,-2.841809,1.636014,2.219766,65,0,normal,normal,normal,normal,crisis,crisis,crisis,false,,
2025-05-11,2025,Mixed,19,true,valid_signal,103114.0455,0.244097,-2.604649,1.587301,2.219766,66,0,normal,normal,normal,normal,crisis,crisis,crisis,false,,
2025-05-12,2025,Mixed,19,true,valid_signal,103385.25125,0.263015,-2.348484,1.540293,2.219766,67,0,normal,normal,normal,normal,crisis,crisis,crisis,false,,
2025-05-13,2025,Mixed,19,true,valid_signal,103454.1128,0.066607,-2.283442,1.493458,2.219766,68,0,normal,normal,normal,normal,crisis,crisis,crisis,false,,
2025-05-14,2025,Mixed,19,true,valid_signal,103790.75525,0.325403,-1.965469,1.450154,1.823978,69,0,normal,normal,normal,normal,crisis,crisis,crisis,false,,
2025-05-15,2025,Mixed,19,true,valid_signal,102211.5536,-1.521524,-3.457089,1.454535,1.823978,70,0,normal,normal,normal,normal,crisis,crisis,crisis,false,,
2025-05-16,2025,Mixed,20,true,valid_signal,103351.645,1.115423,-2.380227,1.436448,1.944583,71,0,normal,normal,normal,normal,crisis,crisis,crisis,false,,
2025-05-17,2025,Mixed,20,true,valid_signal,102519.8604,-0.80481,-3.165881,1.406571,1.944583,72,0,normal,normal,normal,normal,crisis,crisis,crisis,false,,
2025-05-18,2025,Mixed,20,true,valid_signal,104240.5065,1.678354,-1.540661,1.424341,1.944583,73,0,normal,normal,normal,normal,crisis,crisis,crisis,false,,
2025-05-19,2025,Mixed,20,true,valid_signal,103187.2548,-1.010405,-2.5355,1.402953,1.944583,74,0,normal,normal,normal,normal,crisis,crisis,crisis,false,,
2025-05-20,2025,Mixed,20,true,valid_signal,104243.18795,1.023317,-1.538129,1.383117,1.944583,75,0,normal,normal,normal,normal,crisis,crisis,crisis,false,,
2025-05-21,2025,Mixed,20,true,valid_signal,106536.4875,2.199951,0,1.445205,1.944583,0,0,normal,normal,normal,normal,normal,normal,crisis,true,,
2025-05-22,2025,Mixed,20,true,valid_signal,108542.841,1.883255,0,1.475161,1.944583,0,0,normal,normal,normal,normal,normal,normal,crisis,true,,
2025-05-23,2025,Mixed,21,true,valid_signal,109131.1965,0.542049,0,1.436372,1.40092,0,0,normal,normal,normal,normal,normal,normal,stress,true,,
2025-05-24,2025,Mixed,21,true,valid_signal,108203.85275,-0.849751,-0.849751,1.408083,1.40092,1,0,normal,normal,normal,normal,normal,normal,stress,true,,
2025-05-25,2025,Mixed,21,true,valid_signal,107001.9048,-1.110818,-1.95113,1.392039,1.144115,2,0,normal,normal,normal,normal,normal,normal,stress,true,,
2025-05-26,2025,Mixed,21,true,valid_signal,109096.312,1.957355,-0.031966,1.432264,1.189301,3,0,normal,normal,normal,normal,normal,normal,watch,true,,
2025-05-27,2025,Mixed,21,true,valid_signal,109673.10025,0.528696,0,1.394657,1.189301,0,0,normal,normal,normal,normal,normal,normal,watch,true,,
2025-05-28,2025,Mixed,21,true,valid_signal,108021.774,-1.50568,-1.50568,1.401566,1.189301,1,0,normal,normal,normal,normal,normal,normal,normal,false,,
2025-05-29,2025,Mixed,21,true,valid_signal,107658.73305,-0.336081,-1.836701,1.36136,1.392205,2,0,normal,normal,normal,normal,normal,normal,normal,false,,
2025-05-30,2025,Mixed,22,false,data_gap,,,,1.36136,1.392205,,0,normal,normal,normal,normal,normal,normal,normal,true,,missing_observed_option_instrument; synthetic/theoretical cycle excluded from option valuation
2025-05-31,2025,Mixed,22,false,data_gap,,,,1.36136,1.392205,,0,normal,normal,normal,normal,normal,normal,normal,true,,missing_observed_option_instrument; synthetic/theoretical cycle excluded from option valuation
2025-06-01,2025,Mixed,22,false,data_gap,,,,1.36136,1.392205,,0,normal,normal,normal,normal,normal,normal,normal,true,,missing_observed_option_instrument; synthetic/theoretical cycle excluded from option valuation
2025-06-02,2025,Mixed,22,false,data_gap,,,,1.36136,1.392205,,0,normal,normal,normal,normal,normal,normal,normal,true,,missing_observed_option_instrument; synthetic/theoretical cycle excluded from option valuation
2025-06-03,2025,Mixed,22,false,data_gap,,,,1.36136,1.392205,,0,normal,normal,normal,normal,normal,normal,normal,true,,missing_observed_option_instrument; synthetic/theoretical cycle excluded from option valuation
2025-06-04,2025,Mixed,22,false,data_gap,,,,1.36136,1.392205,,0,normal,normal,normal,normal,normal,normal,normal,true,,missing_observed_option_instrument; synthetic/theoretical cycle excluded from option valuation
2025-06-05,2025,Mixed,22,false,data_gap,,,,1.36136,1.392205,,0,normal,normal,normal,normal,normal,normal,normal,true,,missing_observed_option_instrument; synthetic/theoretical cycle excluded from option valuation
2025-06-06,2025,Mixed,23,true,partial_signal,103515.657,,-5.614361,1.36136,1.392205,3,0,normal,normal,normal,normal,normal,normal,normal,false,,daily_return_not_computed_across_missing_mtm_gap
2025-06-07,2025,Mixed,23,true,valid_signal,104825.84175,1.265688,-4.419733,1.35581,1.392205,4,0,normal,normal,normal,normal,normal,normal,normal,false,,
2025-06-08,2025,Mixed,23,true,valid_signal,104727.3935,-0.093916,-4.509498,1.314708,1.392205,5,0,normal,normal,normal,normal,normal,normal,normal,false,,
2025-06-09,2025,Mixed,23,true,valid_signal,105715.5705,0.943571,-3.608478,1.295442,1.392205,6,0,normal,normal,normal,normal,normal,normal,normal,false,,
2025-06-10,2025,Mixed,23,true,valid_signal,106894.02375,1.11474,-2.533964,1.285316,1.392205,7,0,normal,normal,normal,normal,normal,normal,normal,false,,
2025-06-11,2025,Mixed,23,true,valid_signal,107547.5555,0.611383,-1.938073,1.255127,1.392205,8,0,normal,normal,normal,normal,normal,normal,normal,false,,
2025-06-12,2025,Mixed,23,true,valid_signal,106725.6486,-0.764226,-2.687488,1.231205,1.392205,9,0,normal,normal,normal,normal,normal,normal,normal,false,,
2025-06-13,2025,Mixed,24,true,valid_signal,104325.53625,-2.248862,-4.875912,1.31467,1.327992,10,1,normal,normal,normal,watch,normal,watch,watch,false,,
2025-06-14,2025,Mixed,24,true,valid_signal,104668.2435,0.328498,-4.563431,1.277157,1.514395,11,1,normal,normal,normal,normal,normal,normal,watch,true,,
2025-06-15,2025,Mixed,24,true,valid_signal,105118.53825,0.430211,-4.152852,1.242725,1.514395,12,1,normal,normal,normal,normal,normal,normal,normal,false,,
2025-06-16,2025,Mixed,24,true,valid_signal,106617.85875,1.426314,-2.785771,1.254499,1.514395,13,1,normal,normal,normal,normal,normal,normal,normal,false,,
2025-06-17,2025,Mixed,24,true,valid_signal,105264.9225,-1.268958,-4.019379,1.255371,1.514395,14,1,normal,normal,normal,normal,watch,watch,watch,false,,
2025-06-18,2025,Mixed,24,true,valid_signal,104355.29625,-0.86413,-4.848777,1.235395,1.514395,15,1,normal,normal,normal,normal,watch,watch,watch,false,,
2025-06-19,2025,Mixed,24,true,valid_signal,104335.06545,-0.019386,-4.867223,1.19777,1.514395,16,1,normal,normal,normal,normal,watch,watch,watch,false,,
2025-06-20,2025,Mixed,25,true,valid_signal,105198.6921,0.827743,-4.079768,1.178848,1.514395,17,0,normal,normal,normal,normal,watch,watch,watch,false,,
2025-06-21,2025,Mixed,25,true,valid_signal,103413.52,-1.696953,-5.707489,1.216175,1.514395,18,0,normal,normal,normal,normal,watch,watch,watch,false,,
2025-06-22,2025,Mixed,25,true,valid_signal,100766.2287,-2.559908,-8.121291,1.335486,1.61801,19,1,normal,normal,normal,watch,watch,watch,watch,false,,
2025-06-23,2025,Mixed,25,true,valid_signal,102160.47275,1.383642,-6.850018,1.338425,2.000503,20,1,normal,normal,normal,normal,watch,watch,watch,false,,
2025-06-24,2025,Mixed,25,true,valid_signal,105060.3345,2.838536,-4.205923,1.472187,2.000503,21,1,normal,normal,normal,normal,stress,stress,stress,false,,
2025-06-25,2025,Mixed,25,true,valid_signal,107700.5364,2.513034,-1.798585,1.554418,2.000503,22,1,normal,normal,normal,normal,stress,stress,stress,false,,
2025-06-26,2025,Mixed,25,true,valid_signal,107025.38275,-0.62688,-2.41419,1.514867,2.000503,23,1,normal,normal,normal,normal,stress,stress,stress,false,,
2025-06-27,2025,Mixed,26,false,data_gap,,,,1.514867,2.000503,,1,normal,normal,normal,normal,stress,stress,stress,true,,missing_observed_option_instrument; synthetic/theoretical cycle excluded from option valuation
2025-06-28,2025,Mixed,26,false,data_gap,,,,1.514867,2.000503,,1,normal,normal,normal,normal,stress,stress,stress,true,,missing_observed_option_instrument; synthetic/theoretical cycle excluded from option valuation
2025-06-29,2025,Mixed,26,false,data_gap,,,,1.514867,2.000503,,1,normal,normal,normal,normal,stress,stress,stress,true,,missing_observed_option_instrument; synthetic/theoretical cycle excluded from option valuation
2025-06-30,2025,Mixed,26,false,data_gap,,,,1.514867,2.000503,,1,normal,normal,normal,normal,stress,stress,stress,true,,missing_observed_option_instrument; synthetic/theoretical cycle excluded from option valuation
2025-07-01,2025,Mixed,26,false,data_gap,,,,1.514867,2.000503,,1,normal,normal,normal,normal,stress,stress,stress,true,,missing_observed_option_instrument; synthetic/theoretical cycle excluded from option valuation
2025-07-02,2025,Mixed,26,false,data_gap,,,,1.514867,2.000503,,1,normal,normal,normal,normal,stress,stress,stress,true,,missing_observed_option_instrument; synthetic/theoretical cycle excluded from option valuation
2025-07-03,2025,Mixed,26,false,data_gap,,,,1.514867,2.000503,,1,normal,normal,normal,normal,stress,stress,stress,true,,missing_observed_option_instrument; synthetic/theoretical cycle excluded from option valuation
2025-07-04,2025,Mixed,27,true,partial_signal,107742.46875,,-1.760351,1.514867,2.000503,24,1,normal,normal,normal,normal,stress,stress,stress,false,,daily_return_not_computed_across_missing_mtm_gap
2025-07-05,2025,Mixed,27,true,valid_signal,107982.94185,0.223192,-1.541087,1.469735,2.000503,25,1,normal,normal,normal,normal,stress,stress,stress,false,,
2025-07-06,2025,Mixed,27,true,valid_signal,108601.31625,0.572659,-0.977253,1.431848,2.000503,26,1,normal,normal,normal,normal,stress,stress,stress,false,,
2025-07-07,2025,Mixed,27,true,valid_signal,108392.7936,-0.192007,-1.167384,1.389025,2.000503,27,0,normal,normal,normal,normal,stress,stress,stress,false,,
2025-07-08,2025,Mixed,27,true,valid_signal,109031.2052,0.58898,-0.58528,1.354415,2.000503,28,0,normal,normal,normal,normal,crisis,crisis,crisis,false,,
2025-07-09,2025,Mixed,27,true,valid_signal,109181.01975,0.137405,-0.448679,1.313586,2.000503,29,0,normal,normal,normal,normal,crisis,crisis,crisis,false,,
2025-07-10,2025,Mixed,27,true,valid_signal,110689.5464,1.381675,0,1.31777,2.000503,0,0,normal,normal,normal,normal,normal,normal,crisis,true,,
2025-07-11,2025,Mixed,28,true,valid_signal,117485.4864,6.13964,0,1.973332,2.000503,0,0,normal,normal,normal,normal,normal,normal,crisis,true,,
2025-07-12,2025,Mixed,28,true,valid_signal,117164.0784,-0.273573,-0.273573,1.914389,2.000503,1,0,normal,normal,normal,normal,normal,normal,stress,true,,
2025-07-13,2025,Mixed,28,true,valid_signal,117910.806,0.637335,0,1.862623,2.000503,0,0,normal,normal,normal,normal,normal,normal,stress,true,,
2025-07-14,2025,Mixed,28,true,valid_signal,120581.98425,2.265423,0,1.889214,2.000503,0,0,normal,normal,normal,normal,normal,normal,stress,true,,
2025-07-15,2025,Mixed,28,true,valid_signal,117926.01405,-2.202626,-2.202626,1.90947,2.000503,1,1,normal,normal,normal,watch,normal,watch,watch,false,,
2025-07-16,2025,Mixed,28,true,valid_signal,118647.84365,0.612104,-1.604005,1.857362,2.228056,2,1,normal,normal,normal,normal,normal,normal,watch,true,,
2025-07-17,2025,Mixed,28,true,valid_signal,118344.1434,-0.255968,-1.855867,1.80187,2.228056,3,1,normal,normal,normal,normal,normal,normal,normal,false,,
2025-07-18,2025,Mixed,29,true,valid_signal,118277.96845,-0.055917,-1.910746,1.747032,2.228056,4,1,normal,normal,normal,normal,normal,normal,normal,false,,
2025-07-19,2025,Mixed,29,true,valid_signal,117943.239,-0.283002,-2.188341,1.695228,2.228056,5,1,normal,normal,normal,normal,normal,normal,normal,false,,
2025-07-20,2025,Mixed,29,true,valid_signal,118138.35265,0.16543,-2.026531,1.644084,2.228056,6,1,normal,normal,normal,normal,normal,normal,normal,false,,
2025-07-21,2025,Mixed,29,true,valid_signal,118776.185,0.539903,-1.49757,1.599475,2.228056,7,1,normal,normal,normal,normal,normal,normal,normal,false,,
2025-07-22,2025,Mixed,29,true,valid_signal,117913.4685,-0.726338,-2.21303,1.560921,1.975073,8,0,normal,normal,normal,normal,normal,normal,normal,false,,
2025-07-23,2025,Mixed,29,true,valid_signal,117338.0549,-0.487997,-2.690227,1.518083,1.975073,9,0,normal,normal,normal,normal,normal,normal,normal,false,,
2025-07-24,2025,Mixed,29,true,valid_signal,118283.8385,0.806033,-1.905878,1.485019,1.975073,10,0,normal,normal,normal,normal,normal,normal,normal,false,,
2025-07-25,2025,Mixed,30,false,data_gap,,,,1.485019,1.975073,,0,normal,normal,normal,normal,normal,normal,normal,true,,missing_observed_option_instrument; synthetic/theoretical cycle excluded from option valuation
2025-07-26,2025,Mixed,30,false,data_gap,,,,1.485019,1.975073,,0,normal,normal,normal,normal,normal,normal,normal,true,,missing_observed_option_instrument; synthetic/theoretical cycle excluded from option valuation
2025-07-27,2025,Mixed,30,false,data_gap,,,,1.485019,1.975073,,0,normal,normal,normal,normal,normal,normal,normal,true,,missing_observed_option_instrument; synthetic/theoretical cycle excluded from option valuation
2025-07-28,2025,Mixed,30,false,data_gap,,,,1.485019,1.975073,,0,normal,normal,normal,normal,normal,normal,normal,true,,missing_observed_option_instrument; synthetic/theoretical cycle excluded from option valuation
2025-07-29,2025,Mixed,30,false,data_gap,,,,1.485019,1.975073,,0,normal,normal,normal,normal,normal,normal,normal,true,,missing_observed_option_instrument; synthetic/theoretical cycle excluded from option valuation
2025-07-30,2025,Mixed,30,false,data_gap,,,,1.485019,1.975073,,0,normal,normal,normal,normal,normal,normal,normal,true,,missing_observed_option_instrument; synthetic/theoretical cycle excluded from option valuation
2025-07-31,2025,Mixed,30,false,data_gap,,,,1.485019,1.975073,,0,normal,normal,normal,normal,normal,normal,normal,true,,missing_observed_option_instrument; synthetic/theoretical cycle excluded from option valuation
2025-08-01,2025,Mixed,31,false,data_gap,,,,1.485019,1.975073,,0,normal,normal,normal,normal,normal,normal,normal,true,,missing_observed_option_instrument; synthetic/theoretical cycle excluded from option valuation
2025-08-02,2025,Mixed,31,false,data_gap,,,,1.485019,1.975073,,0,normal,normal,normal,normal,normal,normal,normal,true,,missing_observed_option_instrument; synthetic/theoretical cycle excluded from option valuation
2025-08-03,2025,Mixed,31,false,data_gap,,,,1.485019,1.975073,,0,normal,normal,normal,normal,normal,normal,normal,true,,missing_observed_option_instrument; synthetic/theoretical cycle excluded from option valuation
2025-08-04,2025,Mixed,31,false,data_gap,,,,1.485019,1.975073,,0,normal,normal,normal,normal,normal,normal,normal,true,,missing_observed_option_instrument; synthetic/theoretical cycle excluded from option valuation
2025-08-05,2025,Mixed,31,false,data_gap,,,,1.485019,1.975073,,0,normal,normal,normal,normal,normal,normal,normal,true,,missing_observed_option_instrument; synthetic/theoretical cycle excluded from option valuation
2025-08-06,2025,Mixed,31,false,data_gap,,,,1.485019,1.975073,,0,normal,normal,normal,normal,normal,normal,normal,true,,missing_observed_option_instrument; synthetic/theoretical cycle excluded from option valuation
2025-08-07,2025,Mixed,31,false,data_gap,,,,1.485019,1.975073,,0,normal,normal,normal,normal,normal,normal,normal,true,,missing_observed_option_instrument; synthetic/theoretical cycle excluded from option valuation
2025-08-08,2025,Mixed,32,true,partial_signal,116807.8667,,-3.129918,1.485019,1.975073,11,0,normal,normal,normal,normal,normal,normal,normal,false,,daily_return_not_computed_across_missing_mtm_gap
2025-08-09,2025,Mixed,32,true,valid_signal,116732.6676,-0.064378,-3.192282,1.439866,1.975073,12,0,normal,normal,normal,normal,normal,normal,normal,false,,
2025-08-10,2025,Mixed,32,true,valid_signal,117983.8777,1.071859,-2.154639,1.420477,1.975073,13,0,normal,normal,normal,normal,normal,normal,normal,false,,
2025-08-11,2025,Mixed,32,true,valid_signal,119551.648,1.3288,-0.854469,1.415144,1.975073,14,0,normal,normal,normal,normal,watch,watch,watch,false,,
2025-08-12,2025,Mixed,32,true,valid_signal,118591.2477,-0.803335,-1.65094,1.386072,1.975073,15,0,normal,normal,normal,normal,watch,watch,watch,false,,
2025-08-13,2025,Mixed,32,true,valid_signal,121239.28875,2.232914,0,1.450888,1.975073,0,0,normal,normal,normal,normal,normal,normal,watch,true,,
2025-08-14,2025,Mixed,32,true,valid_signal,118428.9,-2.318051,-2.318051,1.516962,1.572945,1,1,normal,normal,normal,watch,normal,watch,watch,false,,
2025-08-15,2025,Mixed,33,true,valid_signal,117558.5131,-0.734945,-3.035959,1.481726,1.572945,2,1,normal,normal,normal,normal,normal,normal,watch,true,,
2025-08-16,2025,Mixed,33,true,valid_signal,117565.5355,0.005974,-3.030167,1.436588,1.572945,3,1,normal,normal,normal,normal,normal,normal,normal,false,,
2025-08-17,2025,Mixed,33,true,valid_signal,118340.9565,0.659565,-2.390588,1.402162,1.572945,4,1,normal,normal,normal,normal,normal,normal,normal,false,,
2025-08-18,2025,Mixed,33,true,valid_signal,114854.5428,-2.946075,-5.266235,1.539109,1.572945,5,2,normal,normal,normal,watch,normal,stress,stress,false,recent_tail_loss_days_gte_2,
2025-08-19,2025,Mixed,33,true,valid_signal,115217.4244,0.315949,-4.966925,1.494227,2.26611,6,2,normal,normal,normal,normal,normal,watch,stress,true,recent_tail_loss_days_gte_2,
2025-08-20,2025,Mixed,33,true,valid_signal,112823.7165,-2.077557,-6.941291,1.535489,2.26611,7,3,normal,normal,normal,watch,normal,stress,stress,false,recent_tail_loss_days_gte_2,
2025-08-21,2025,Mixed,33,true,valid_signal,113580.14085,0.670448,-6.317381,1.497743,2.26611,8,2,normal,normal,normal,normal,normal,watch,stress,true,recent_tail_loss_days_gte_2,
2025-08-22,2025,Mixed,34,true,valid_signal,113179.18185,-0.353019,-6.648098,1.454688,2.26611,9,2,normal,normal,normal,normal,normal,watch,stress,true,recent_tail_loss_days_gte_2,
2025-08-23,2025,Mixed,34,true,valid_signal,114419.44895,1.095844,-5.625107,1.435689,2.26611,10,2,normal,normal,normal,normal,normal,watch,watch,false,recent_tail_loss_days_gte_2,
2025-08-24,2025,Mixed,34,true,valid_signal,114221.82,-0.172723,-5.788114,1.392595,2.26611,11,2,normal,normal,normal,normal,normal,watch,watch,false,recent_tail_loss_days_gte_2,
2025-08-25,2025,Mixed,34,true,valid_signal,111286.4501,-2.569885,-8.209252,1.489704,2.26611,12,2,normal,normal,normal,watch,normal,stress,stress,false,recent_tail_loss_days_gte_2,
2025-08-26,2025,Mixed,34,true,valid_signal,110159.44225,-1.012709,-9.138825,1.465469,2.45656,13,2,normal,normal,normal,normal,normal,watch,stress,true,recent_tail_loss_days_gte_2,
2025-08-27,2025,Mixed,34,true,valid_signal,111509.03725,1.225129,-8.025659,1.452171,2.45656,14,1,normal,normal,normal,normal,watch,watch,stress,true,,
2025-08-28,2025,Mixed,34,true,valid_signal,112769.9415,1.130764,-6.985646,1.434918,2.45656,15,1,normal,normal,normal,normal,watch,watch,watch,false,,
2025-08-29,2025,Mixed,35,false,data_gap,,,,1.434918,2.45656,,1,normal,normal,normal,normal,watch,watch,watch,true,,missing_observed_option_instrument; synthetic/theoretical cycle excluded from option valuation
2025-08-30,2025,Mixed,35,false,data_gap,,,,1.434918,2.45656,,1,normal,normal,normal,normal,watch,watch,watch,true,,missing_observed_option_instrument; synthetic/theoretical cycle excluded from option valuation
2025-08-31,2025,Mixed,35,false,data_gap,,,,1.434918,2.45656,,1,normal,normal,normal,normal,watch,watch,watch,true,,missing_observed_option_instrument; synthetic/theoretical cycle excluded from option valuation
2025-09-01,2025,Mixed,35,false,data_gap,,,,1.434918,2.45656,,1,normal,normal,normal,normal,watch,watch,watch,true,,missing_observed_option_instrument; synthetic/theoretical cycle excluded from option valuation
2025-09-02,2025,Mixed,35,false,data_gap,,,,1.434918,2.45656,,1,normal,normal,normal,normal,watch,watch,watch,true,,missing_observed_option_instrument; synthetic/theoretical cycle excluded from option valuation
2025-09-03,2025,Mixed,35,false,data_gap,,,,1.434918,2.45656,,1,normal,normal,normal,normal,watch,watch,watch,true,,missing_observed_option_instrument; synthetic/theoretical cycle excluded from option valuation
2025-09-04,2025,Mixed,35,false,data_gap,,,,1.434918,2.45656,,1,normal,normal,normal,normal,watch,watch,watch,true,,missing_observed_option_instrument; synthetic/theoretical cycle excluded from option valuation
2025-09-05,2025,Mixed,36,true,partial_signal,112647.5405,,-7.086604,1.434918,2.45656,16,1,normal,normal,normal,normal,watch,watch,watch,false,,daily_return_not_computed_across_missing_mtm_gap
2025-09-06,2025,Mixed,36,true,valid_signal,110836.3366,-1.60785,-8.580512,1.445878,2.45656,17,1,normal,normal,normal,normal,watch,watch,watch,false,,
2025-09-07,2025,Mixed,36,true,valid_signal,111110.6437,0.247488,-8.35426,1.403141,2.45656,18,1,normal,normal,normal,normal,watch,watch,watch,false,,
2025-09-08,2025,Mixed,36,true,valid_signal,111911.607,0.72087,-7.693613,1.371807,2.45656,19,1,normal,normal,normal,normal,watch,watch,watch,false,,
2025-09-09,2025,Mixed,36,true,valid_signal,112570.6865,0.588929,-7.149994,1.337817,2.45656,20,0,normal,normal,normal,normal,watch,watch,watch,false,,
2025-09-10,2025,Mixed,36,true,valid_signal,114014.5502,1.282628,-5.959074,1.33457,2.45656,21,0,normal,normal,normal,normal,stress,stress,stress,false,,
2025-09-11,2025,Mixed,36,true,valid_signal,114566.5821,0.484177,-5.503749,1.299337,2.45656,22,0,normal,normal,normal,normal,stress,stress,stress,false,,
2025-09-12,2025,Mixed,37,true,valid_signal,114860.07775,0.256179,-5.26167,1.261316,2.45656,23,0,normal,normal,normal,normal,stress,stress,stress,false,,
2025-09-13,2025,Mixed,37,true,valid_signal,115316.23125,0.397138,-4.885427,1.226754,2.45656,24,0,normal,normal,normal,normal,stress,stress,stress,false,,
2025-09-14,2025,Mixed,37,true,valid_signal,115045.5108,-0.234764,-5.108722,1.190772,2.45656,25,0,normal,normal,normal,normal,stress,stress,stress,false,,
2025-09-15,2025,Mixed,37,true,valid_signal,114404.768,-0.556947,-5.637216,1.162529,2.45656,26,0,normal,normal,normal,normal,stress,stress,stress,false,,
2025-09-16,2025,Mixed,37,true,valid_signal,115016.506,0.534714,-5.132645,1.134698,2.45656,27,0,normal,normal,normal,normal,stress,stress,stress,false,,
2025-09-17,2025,Mixed,37,true,valid_signal,115848.01,0.722943,-4.446808,1.114292,2.45656,28,0,normal,normal,normal,normal,crisis,crisis,crisis,false,,
2025-09-18,2025,Mixed,37,true,valid_signal,117572.952,1.48897,-3.02405,1.14025,2.45656,29,0,normal,normal,normal,normal,crisis,crisis,crisis,false,,
2025-09-19,2025,Mixed,38,true,valid_signal,116140.3776,-1.218456,-4.205659,1.145093,2.45656,30,0,normal,normal,normal,normal,crisis,crisis,crisis,false,,
2025-09-20,2025,Mixed,38,true,valid_signal,115822.73445,-0.273499,-4.467656,1.112228,2.45656,31,0,normal,normal,normal,normal,crisis,crisis,crisis,false,,
2025-09-21,2025,Mixed,38,true,valid_signal,115571.5614,-0.21686,-4.674827,1.079653,2.45656,32,0,normal,normal,normal,normal,crisis,crisis,crisis,false,,
2025-09-22,2025,Mixed,38,true,valid_signal,113154.89425,-2.091057,-6.668131,1.165359,2.348338,33,1,normal,normal,normal,watch,crisis,crisis,crisis,false,,
2025-09-23,2025,Mixed,38,true,valid_signal,112986.3982,-0.148907,-6.807109,1.130446,2.354413,34,1,normal,normal,normal,normal,crisis,crisis,crisis,false,,
2025-09-24,2025,Mixed,38,true,valid_signal,112941.4072,-0.03982,-6.844218,1.096052,2.354413,35,1,normal,normal,normal,normal,crisis,crisis,crisis,false,,
2025-09-25,2025,Mixed,38,true,valid_signal,111042.39465,-1.681414,-8.410553,1.139684,2.354413,36,1,normal,normal,normal,normal,crisis,crisis,crisis,false,,
2025-09-26,2025,Mixed,39,false,data_gap,,,,1.139684,2.354413,,1,normal,normal,normal,normal,crisis,crisis,crisis,true,,missing_observed_option_instrument; synthetic/theoretical cycle excluded from option valuation
2025-09-27,2025,Mixed,39,false,data_gap,,,,1.139684,2.354413,,1,normal,normal,normal,normal,crisis,crisis,crisis,true,,missing_observed_option_instrument; synthetic/theoretical cycle excluded from option valuation
2025-09-28,2025,Mixed,39,false,data_gap,,,,1.139684,2.354413,,1,normal,normal,normal,normal,crisis,crisis,crisis,true,,missing_observed_option_instrument; synthetic/theoretical cycle excluded from option valuation
2025-09-29,2025,Mixed,39,false,data_gap,,,,1.139684,2.354413,,1,normal,normal,normal,normal,crisis,crisis,crisis,true,,missing_observed_option_instrument; synthetic/theoretical cycle excluded from option valuation
2025-09-30,2025,Mixed,39,false,data_gap,,,,1.139684,2.354413,,1,normal,normal,normal,normal,crisis,crisis,crisis,true,,missing_observed_option_instrument; synthetic/theoretical cycle excluded from option valuation
2025-10-01,2025,Mixed,39,false,data_gap,,,,1.139684,2.354413,,1,normal,normal,normal,normal,crisis,crisis,crisis,true,,missing_observed_option_instrument; synthetic/theoretical cycle excluded from option valuation
2025-10-02,2025,Mixed,39,false,data_gap,,,,1.139684,2.354413,,1,normal,normal,normal,normal,crisis,crisis,crisis,true,,missing_observed_option_instrument; synthetic/theoretical cycle excluded from option valuation
2025-10-03,2025,Mixed,40,true,partial_signal,119828.5488,,-1.1636,1.139684,2.354413,37,1,normal,normal,normal,normal,crisis,crisis,crisis,false,,daily_return_not_computed_across_missing_mtm_gap
2025-10-04,2025,Mixed,40,true,valid_signal,121685.199,1.549422,0,1.168327,2.084982,0,1,normal,normal,normal,normal,normal,normal,crisis,true,,
2025-10-05,2025,Mixed,40,true,valid_signal,122269.30125,0.480011,0,1.138821,2.084982,0,1,normal,normal,normal,normal,normal,normal,crisis,true,,
2025-10-06,2025,Mixed,40,true,valid_signal,123654.75,1.133113,0,1.138479,1.906718,0,1,normal,normal,normal,normal,normal,normal,stress,true,,
2025-10-07,2025,Mixed,40,true,valid_signal,123231.15,-0.342567,-0.342567,1.106982,1.906718,1,0,normal,normal,normal,normal,normal,normal,stress,true,,
2025-10-08,2025,Mixed,40,true,valid_signal,122829.61365,-0.32584,-0.66729,1.076222,1.906718,2,0,normal,normal,normal,normal,normal,normal,stress,true,,
2025-10-09,2025,Mixed,40,true,valid_signal,122096.5459,-0.596817,-1.260125,1.053627,1.906718,3,0,normal,normal,normal,normal,normal,normal,watch,true,,
2025-10-10,2025,Mixed,41,true,valid_signal,121121.882,-0.798273,-2.048339,1.040075,1.906718,4,0,normal,normal,normal,normal,normal,normal,watch,true,,
2025-10-11,2025,Mixed,41,true,valid_signal,112197.38965,-7.368192,-9.265605,2.06743,1.64831,5,1,normal,normal,normal,stress,normal,stress,stress,false,,
2025-10-12,2025,Mixed,41,true,valid_signal,111216.31515,-0.874418,-10.059003,2.015859,1.906718,6,1,normal,normal,normal,normal,normal,normal,stress,true,,
2025-10-13,2025,Mixed,41,true,valid_signal,115380.0644,3.74383,-6.691765,2.158898,1.906718,7,1,normal,normal,normal,normal,normal,normal,stress,true,,
2025-10-14,2025,Mixed,41,true,valid_signal,111017.18485,-3.781311,-10.22004,2.288906,1.906718,8,2,normal,normal,normal,watch,normal,stress,stress,false,recent_tail_loss_days_gte_2,
2025-10-15,2025,Mixed,41,true,valid_signal,111625.8363,0.54825,-9.727822,2.223236,3.020697,9,2,normal,normal,normal,normal,normal,watch,stress,true,recent_tail_loss_days_gte_2,
2025-10-16,2025,Mixed,41,true,valid_signal,110959.40295,-0.597024,-10.266769,2.160463,3.020697,10,2,normal,normal,normal,normal,normal,watch,stress,true,recent_tail_loss_days_gte_2,
2025-10-17,2025,Mixed,42,true,valid_signal,104826.3375,-5.527306,-15.226599,2.494115,3.020697,11,3,normal,normal,normal,stress,normal,crisis,crisis,false,recent_tail_loss_days_gte_2,
2025-10-18,2025,Mixed,42,true,valid_signal,106189.56,1.300458,-14.124156,2.439025,4.741608,12,2,normal,normal,normal,normal,normal,watch,crisis,true,recent_tail_loss_days_gte_2,
2025-10-19,2025,Mixed,42,true,valid_signal,106978.905,0.743336,-13.48581,2.371722,4.741608,13,2,normal,normal,normal,normal,normal,watch,crisis,true,recent_tail_loss_days_gte_2,
2025-10-20,2025,Mixed,42,true,valid_signal,109438.9625,2.299573,-11.496354,2.367455,4.741608,14,2,normal,normal,normal,normal,watch,stress,crisis,true,recent_tail_loss_days_gte_2,
2025-10-21,2025,Mixed,42,true,valid_signal,107948.0025,-1.362367,-12.702098,2.319465,4.741608,15,1,normal,normal,normal,normal,watch,watch,stress,true,,
2025-10-22,2025,Mixed,42,true,valid_signal,108176.7375,0.211894,-12.517119,2.249403,4.741608,16,1,normal,normal,normal,normal,watch,watch,stress,true,,
2025-10-23,2025,Mixed,42,true,valid_signal,109200.339,0.946231,-11.689329,2.193159,4.741608,17,1,normal,normal,normal,normal,watch,watch,stress,true,,
2025-10-24,2025,Mixed,43,true,valid_signal,110453.1402,1.14725,-10.676185,2.144836,4.741608,18,0,normal,normal,normal,normal,watch,watch,watch,false,,
2025-10-25,2025,Mixed,43,true,valid_signal,111207.0834,0.682591,-10.066469,2.086207,4.741608,19,0,normal,normal,normal,normal,watch,watch,watch,false,,
2025-10-26,2025,Mixed,43,true,valid_signal,112736.02875,1.374863,-8.830006,2.050497,4.741608,20,0,normal,normal,normal,normal,watch,watch,watch,false,,
2025-10-27,2025,Mixed,43,true,valid_signal,114157.395,1.260791,-7.680542,2.011875,4.741608,21,0,normal,normal,normal,normal,stress,stress,stress,false,,
2025-10-28,2025,Mixed,43,true,valid_signal,114663.792,0.443595,-7.271017,1.953609,4.741608,22,0,normal,normal,normal,normal,stress,stress,stress,false,,
2025-10-29,2025,Mixed,43,true,valid_signal,112629.04,-1.774538,-8.916528,1.94333,4.741608,23,0,normal,normal,normal,normal,stress,stress,stress,false,,
2025-10-30,2025,Mixed,43,true,valid_signal,107789.4378,-4.29694,-12.83033,2.158185,4.741608,24,1,normal,normal,normal,watch,stress,stress,stress,false,,
2025-10-31,2025,Mixed,44,false,data_gap,,,,2.158185,4.741608,,1,normal,normal,normal,normal,stress,stress,stress,true,,missing_observed_option_instrument; synthetic/theoretical cycle excluded from option valuation
2025-11-01,2025,Mixed,44,false,data_gap,,,,2.158185,4.741608,,1,normal,normal,normal,normal,stress,stress,stress,true,,missing_observed_option_instrument; synthetic/theoretical cycle excluded from option valuation
2025-11-02,2025,Mixed,44,false,data_gap,,,,2.158185,4.741608,,1,normal,normal,normal,normal,stress,stress,stress,true,,missing_observed_option_instrument; synthetic/theoretical cycle excluded from option valuation
2025-11-03,2025,Mixed,44,false,data_gap,,,,2.158185,4.741608,,1,normal,normal,normal,normal,stress,stress,stress,true,,missing_observed_option_instrument; synthetic/theoretical cycle excluded from option valuation
2025-11-04,2025,Mixed,44,false,data_gap,,,,2.158185,4.741608,,1,normal,normal,normal,normal,stress,stress,stress,true,,missing_observed_option_instrument; synthetic/theoretical cycle excluded from option valuation
2025-11-05,2025,Mixed,44,false,data_gap,,,,2.158185,4.741608,,1,normal,normal,normal,normal,stress,stress,stress,true,,missing_observed_option_instrument; synthetic/theoretical cycle excluded from option valuation
2025-11-06,2025,Mixed,44,false,data_gap,,,,2.158185,4.741608,,1,normal,normal,normal,normal,stress,stress,stress,true,,missing_observed_option_instrument; synthetic/theoretical cycle excluded from option valuation
2025-11-07,2025,Mixed,45,true,partial_signal,100207.14,,-18.962159,2.158185,4.741608,25,1,normal,normal,normal,normal,stress,stress,stress,false,,daily_return_not_computed_across_missing_mtm_gap
2025-11-08,2025,Mixed,45,true,valid_signal,101415.86775,1.206229,-17.984657,2.113196,4.973641,26,1,normal,normal,normal,normal,stress,stress,stress,false,,
2025-11-09,2025,Mixed,45,true,valid_signal,102448.7265,1.018439,-17.14938,2.063951,4.973641,27,1,normal,normal,normal,normal,stress,stress,stress,false,,
2025-11-10,2025,Mixed,45,true,valid_signal,103906.35,1.422783,-15.970596,2.031196,4.973641,28,1,normal,normal,normal,normal,crisis,crisis,crisis,false,,
2025-11-11,2025,Mixed,45,true,valid_signal,103937.7,0.030171,-15.945243,1.969332,4.973641,29,1,normal,normal,normal,normal,crisis,crisis,crisis,false,,
2025-11-12,2025,Mixed,45,true,valid_signal,103720.4025,-0.209065,-16.120972,1.910025,4.973641,30,1,normal,normal,normal,normal,crisis,crisis,crisis,false,,
2025-11-13,2025,Mixed,45,true,valid_signal,102673.914,-1.008951,-16.967271,1.868256,4.973641,31,1,normal,normal,normal,normal,crisis,crisis,crisis,false,,
2025-11-14,2025,Mixed,46,true,valid_signal,95680.011,-6.811762,-22.623263,2.462715,4.973641,32,1,watch,normal,normal,stress,crisis,crisis,crisis,false,drawdown_and_underwater_duration_active,
2025-11-15,2025,Mixed,46,true,valid_signal,95672.235,-0.008127,-22.629551,2.387692,6.233757,33,1,watch,watch,normal,normal,crisis,crisis,crisis,false,drawdown_and_var_active; drawdown_and_underwater_duration_active,
2025-11-16,2025,Mixed,46,true,valid_signal,94905.9816,-0.800915,-23.249223,2.323251,6.233757,34,1,watch,watch,normal,normal,crisis,crisis,crisis,false,drawdown_and_var_active; drawdown_and_underwater_duration_active,
2025-11-17,2025,Mixed,46,true,valid_signal,94480.1946,-0.448641,-23.593558,2.255154,6.233757,35,1,watch,watch,normal,normal,crisis,crisis,crisis,false,drawdown_and_var_active; drawdown_and_underwater_duration_active,
2025-11-18,2025,Mixed,46,false,data_gap,,,,2.255154,6.233757,,1,normal,watch,normal,normal,crisis,crisis,crisis,true,,option_ohlc_error:public/get_tradingview_chart_data HTTP 429 Too Many Requests too_many_requests; missing_option_1m_candle_close
2025-11-19,2025,Mixed,46,true,partial_signal,91754.4654,,-25.797864,2.255154,6.233757,36,1,watch,watch,normal,normal,crisis,crisis,crisis,false,drawdown_and_var_active; drawdown_and_underwater_duration_active,daily_return_not_computed_across_missing_mtm_gap
2025-11-20,2025,Mixed,46,true,valid_signal,90896.40945,-0.935165,-26.491777,2.19842,6.233757,37,1,watch,watch,normal,normal,crisis,crisis,crisis,false,drawdown_and_var_active; drawdown_and_underwater_duration_active,
2025-11-21,2025,Mixed,47,true,valid_signal,83150.0505,-8.522184,-32.756283,2.983408,4.973641,38,2,watch,normal,normal,stress,crisis,crisis,crisis,false,drawdown_and_underwater_duration_active; recent_tail_loss_days_gte_2,
2025-11-22,2025,Mixed,47,true,valid_signal,83471.6,0.38671,-32.496245,2.894072,6.233757,39,2,watch,watch,normal,normal,crisis,crisis,crisis,false,drawdown_and_var_active; drawdown_and_underwater_duration_active; recent_tail_loss_days_gte_2,
2025-11-23,2025,Mixed,47,true,valid_signal,84734.81,1.513341,-31.474683,2.830287,6.233757,40,1,watch,watch,normal,normal,crisis,crisis,crisis,false,drawdown_and_var_active; drawdown_and_underwater_duration_active,
2025-11-24,2025,Mixed,47,true,valid_signal,85123.689,0.458937,-31.160195,2.746367,6.233757,41,1,watch,watch,normal,normal,crisis,crisis,crisis,false,drawdown_and_var_active; drawdown_and_underwater_duration_active,
2025-11-25,2025,Mixed,47,true,valid_signal,85633.80375,0.599263,-30.747663,2.666745,6.233757,42,1,watch,watch,normal,normal,crisis,crisis,crisis,false,drawdown_and_var_active; drawdown_and_underwater_duration_active,
2025-11-26,2025,Mixed,47,true,valid_signal,86423.33,0.92198,-30.109171,2.595349,6.233757,43,1,watch,watch,normal,normal,crisis,crisis,crisis,false,drawdown_and_var_active; drawdown_and_underwater_duration_active,
2025-11-27,2025,Mixed,47,true,valid_signal,88024.105,1.852249,-28.814619,2.556861,5.680092,44,1,watch,normal,normal,normal,crisis,crisis,crisis,false,drawdown_and_underwater_duration_active,
2025-11-28,2025,Mixed,48,false,data_gap,,,,2.556861,5.680092,,1,normal,normal,normal,normal,crisis,crisis,crisis,true,,missing_observed_option_instrument; synthetic/theoretical cycle excluded from option valuation
2025-11-29,2025,Mixed,48,false,data_gap,,,,2.556861,5.680092,,1,normal,normal,normal,normal,crisis,crisis,crisis,true,,missing_observed_option_instrument; synthetic/theoretical cycle excluded from option valuation
2025-11-30,2025,Mixed,48,false,data_gap,,,,2.556861,5.680092,,1,normal,normal,normal,normal,crisis,crisis,crisis,true,,missing_observed_option_instrument; synthetic/theoretical cycle excluded from option valuation
2025-12-01,2025,Mixed,48,false,data_gap,,,,2.556861,5.680092,,1,normal,normal,normal,normal,crisis,crisis,crisis,true,,missing_observed_option_instrument; synthetic/theoretical cycle excluded from option valuation
2025-12-02,2025,Mixed,48,false,data_gap,,,,2.556861,5.680092,,1,normal,normal,normal,normal,crisis,crisis,crisis,true,,missing_observed_option_instrument; synthetic/theoretical cycle excluded from option valuation
2025-12-03,2025,Mixed,48,false,data_gap,,,,2.556861,5.680092,,1,normal,normal,normal,normal,crisis,crisis,crisis,true,,missing_observed_option_instrument; synthetic/theoretical cycle excluded from option valuation
2025-12-04,2025,Mixed,48,false,data_gap,,,,2.556861,5.680092,,1,normal,normal,normal,normal,crisis,crisis,crisis,true,,missing_observed_option_instrument; synthetic/theoretical cycle excluded from option valuation
2025-12-05,2025,Mixed,49,true,partial_signal,89922.6785,,-27.279236,2.556861,5.680092,45,1,watch,normal,normal,normal,crisis,crisis,crisis,false,drawdown_and_underwater_duration_active,daily_return_not_computed_across_missing_mtm_gap
2025-12-06,2025,Mixed,49,true,valid_signal,89616.594,-0.340386,-27.526768,2.48037,5.680092,46,0,watch,normal,normal,normal,crisis,crisis,crisis,false,drawdown_and_underwater_duration_active,
2025-12-07,2025,Mixed,49,true,valid_signal,87919.845,-1.893342,-28.898934,2.44912,5.680092,47,0,watch,normal,normal,normal,crisis,crisis,crisis,false,drawdown_and_underwater_duration_active,
2025-12-08,2025,Mixed,49,true,valid_signal,90497.42075,2.931734,-26.81444,2.480726,5.680092,48,0,watch,normal,normal,normal,crisis,crisis,crisis,false,drawdown_and_underwater_duration_active,
2025-12-09,2025,Mixed,49,true,valid_signal,90225.1285,-0.300884,-27.034644,2.406282,5.680092,49,0,watch,normal,normal,normal,crisis,crisis,crisis,false,drawdown_and_underwater_duration_active,
2025-12-10,2025,Mixed,49,true,valid_signal,91583.1716,1.505172,-25.93639,2.36193,5.680092,50,0,watch,normal,normal,normal,crisis,crisis,crisis,false,drawdown_and_underwater_duration_active,
2025-12-11,2025,Mixed,49,true,valid_signal,89431.55595,-2.349357,-27.676409,2.361177,5.680092,51,1,watch,normal,normal,watch,crisis,crisis,crisis,false,drawdown_and_underwater_duration_active,
2025-12-12,2025,Mixed,50,true,valid_signal,91846.053,2.699827,-25.723797,2.382854,5.680092,52,1,watch,normal,normal,normal,crisis,crisis,crisis,false,drawdown_and_underwater_duration_active,
2025-12-13,2025,Mixed,50,true,valid_signal,89962.1469,-2.051156,-27.247318,2.364265,5.680092,53,2,watch,normal,normal,watch,crisis,crisis,crisis,false,drawdown_and_underwater_duration_active; recent_tail_loss_days_gte_2,
2025-12-14,2025,Mixed,50,true,valid_signal,88871.9761,-1.211811,-28.128943,2.311379,5.680092,54,2,watch,normal,normal,normal,crisis,crisis,crisis,false,drawdown_and_underwater_duration_active; recent_tail_loss_days_gte_2,
2025-12-15,2025,Mixed,50,true,valid_signal,87818.1892,-1.185736,-28.981144,2.259708,5.680092,55,2,watch,normal,normal,normal,crisis,crisis,crisis,false,drawdown_and_underwater_duration_active; recent_tail_loss_days_gte_2,
2025-12-16,2025,Mixed,50,true,valid_signal,87286.83475,-0.605062,-29.410852,2.195876,5.680092,56,2,watch,normal,normal,normal,crisis,crisis,crisis,false,drawdown_and_underwater_duration_active; recent_tail_loss_days_gte_2,
2025-12-17,2025,Mixed,50,true,valid_signal,89634.1605,2.689209,-27.512562,2.228558,5.680092,57,2,watch,normal,normal,normal,crisis,crisis,crisis,false,drawdown_and_underwater_duration_active; recent_tail_loss_days_gte_2,
2025-12-18,2025,Mixed,50,true,valid_signal,88399.65915,-1.377267,-28.510907,2.186846,4.80368,58,1,watch,normal,normal,normal,crisis,crisis,crisis,false,drawdown_and_underwater_duration_active,
2025-12-19,2025,Mixed,51,true,valid_signal,87418.90375,-1.109456,-29.304047,2.137571,4.80368,59,1,watch,normal,normal,normal,crisis,crisis,crisis,false,drawdown_and_underwater_duration_active,
2025-12-20,2025,Mixed,51,true,valid_signal,87745.7295,0.373862,-29.039742,2.074474,4.80368,60,0,watch,normal,normal,normal,crisis,crisis,crisis,false,drawdown_and_underwater_duration_active,
2025-12-21,2025,Mixed,51,true,valid_signal,87486.91,-0.294965,-29.24905,2.012575,4.80368,61,0,watch,normal,normal,normal,crisis,crisis,crisis,false,drawdown_and_underwater_duration_active,
2025-12-22,2025,Mixed,51,true,valid_signal,89284.575,2.054782,-27.795273,2.015132,4.80368,62,0,watch,normal,normal,normal,crisis,crisis,crisis,false,drawdown_and_underwater_duration_active,
2025-12-23,2025,Mixed,51,true,valid_signal,86684.8532,-2.911726,-29.897676,2.079856,4.80368,63,1,watch,normal,normal,watch,crisis,crisis,crisis,false,drawdown_and_underwater_duration_active,
2025-12-24,2025,Mixed,51,true,valid_signal,87050.6658,0.422003,-29.601842,2.019143,5.056746,64,1,watch,normal,normal,normal,crisis,crisis,crisis,false,drawdown_and_underwater_duration_active,
2025-12-25,2025,Mixed,51,true,valid_signal,87694.9575,0.740134,-29.080802,1.966008,2.65866,65,1,watch,normal,normal,normal,crisis,crisis,crisis,false,drawdown_and_underwater_duration_active,
